snr_gt,snr_raw,snr_denoised,frequency_hz_true,frequency_hz_raw,frequency_hz_denoised,frequency_hz_signal,amplitude_true,amplitude_raw,amplitude_denoised,amplitude_signal
1.7974057e+25,0.9055375,1.0015002,310000.0,151467.4,149824.05,149824.05,18.959988,10.343467,8.540151,8.540153
1.7974057e+25,0.8929267,1.0018427,310000.0,151467.42,149824.06,149824.03,18.959988,10.343457,8.54015,8.5401535
1.7974057e+25,0.93072474,1.0021508,310000.0,151467.4,149824.05,149824.05,18.959988,10.343505,8.540149,8.5401535
1.7974057e+25,0.9409382,1.0024937,310000.0,151467.39,149824.05,149824.03,18.959988,10.34341,8.540151,8.540153
1.7974057e+25,0.8956532,1.0014211,310000.0,151467.45,149824.05,149824.05,18.959988,10.343457,8.540149,8.5401535
1.7974057e+25,0.91381377,1.0024011,310000.0,151467.42,149824.05,149824.06,18.959988,10.343474,8.540148,8.5401535
1.7974057e+25,0.8974831,1.002271,310000.0,151467.34,149824.05,149824.05,18.959988,10.343511,8.540151,8.5401535
1.7974057e+25,0.91957116,1.0026104,310000.0,151467.38,149824.06,149824.06,18.959988,10.343284,8.54015,8.5401535
1.7974057e+25,0.9280569,1.0022883,310000.0,151467.4,149824.05,149824.05,18.959988,10.3434725,8.54015,8.5401535
1.7974057e+25,0.92530245,1.0018992,310000.0,151467.39,149824.06,149824.03,18.959988,10.34345,8.540151,8.5401535
1.7974057e+25,0.95581895,1.0035948,310000.0,151467.38,149824.05,149824.06,18.959988,10.343337,8.54015,8.5401535
1.7974057e+25,0.88392866,1.0012393,310000.0,151467.36,149824.06,149824.05,18.959988,10.343078,8.54015,8.540153
1.7974057e+25,0.919553,1.0031698,310000.0,151467.39,149824.05,149824.05,18.959988,10.34337,8.540149,8.5401535
1.7974057e+25,0.93161136,1.00197,310000.0,151467.39,149824.06,149824.05,18.959988,10.343481,8.54015,8.5401535
1.7974057e+25,0.9197804,1.0018448,310000.0,151467.33,149824.06,149824.05,18.959988,10.343107,8.540151,8.5401535
1.7974057e+25,0.9504376,1.0032985,310000.0,151467.36,149824.05,149824.03,18.959988,10.343253,8.540151,8.5401535
1.7974057e+25,0.93463814,1.0031865,310000.0,151467.42,149824.05,149824.03,18.959988,10.343594,8.54015,8.5401535
1.7974057e+25,0.9209152,1.0018891,310000.0,151467.36,149824.05,149824.06,18.959988,10.343354,8.54015,8.5401535
1.7974057e+25,0.9165699,1.0020658,310000.0,151467.34,149824.06,149824.06,18.959988,10.343509,8.540149,8.5401535
1.7974057e+25,0.9358862,1.0033934,310000.0,151467.4,149824.05,149824.05,18.959988,10.343642,8.54015,8.5401535
1.7974057e+25,0.92305946,1.0028089,310000.0,151467.39,149824.05,149824.05,18.959988,10.343572,8.54015,8.5401535
1.7974057e+25,0.97130257,1.0025909,310000.0,151467.36,149824.03,149824.03,18.959988,10.343417,8.54015,8.540153
1.7974057e+25,0.9779419,1.0016,310000.0,151467.4,149824.06,149824.05,18.959988,10.3433895,8.54015,8.5401535
1.7974057e+25,0.9518482,1.0031245,310000.0,151467.36,149824.06,149824.03,18.959988,10.343224,8.540149,8.540153
1.7974057e+25,0.93859804,1.0021619,310000.0,151467.39,149824.05,149824.05,18.959988,10.343334,8.54015,8.540153
1.7974057e+25,0.90479773,1.0028377,310000.0,151467.36,149824.05,149824.06,18.959988,10.343423,8.54015,8.5401535
1.7974057e+25,0.92476654,1.0035077,310000.0,151467.38,149824.06,149824.05,18.959988,10.343421,8.54015,8.5401535
1.7974057e+25,0.9582496,1.0030571,310000.0,151467.38,149824.05,149824.05,18.959988,10.343321,8.54015,8.5401535
1.7974057e+25,0.9073047,1.0020459,310000.0,151467.38,149824.08,149824.05,18.959988,10.343138,8.540149,8.5401535
1.7974057e+25,0.9496824,1.0032126,310000.0,151467.34,149824.05,149824.05,18.959988,10.343318,8.54015,8.5401535
1.7974057e+25,0.96937984,1.0024269,310000.0,151467.42,149824.08,149824.06,18.959988,10.343431,8.540151,8.540153
1.7974057e+25,0.88779527,1.002125,310000.0,151467.34,149824.05,149824.06,18.959988,10.343144,8.54015,8.5401535
1.7974057e+25,0.8913388,1.0025687,310000.0,151467.34,149824.06,149824.06,18.959988,10.343498,8.540149,8.5401535
1.7974057e+25,0.9279798,1.002443,310000.0,151467.4,149824.05,149824.06,18.959988,10.343434,8.540149,8.540153
1.7974057e+25,0.907739,1.0022106,310000.0,151467.36,149824.06,149824.03,18.959988,10.343254,8.54015,8.540153
1.7974057e+25,0.9485893,1.0025254,310000.0,151467.45,149824.06,149824.05,18.959988,10.343747,8.54015,8.5401535
1.7974057e+25,0.938696,1.0016636,310000.0,151467.39,149824.06,149824.05,18.959988,10.343365,8.540149,8.540153
1.7974057e+25,0.93866163,1.0027564,310000.0,151467.4,149824.08,149824.05,18.959988,10.343554,8.54015,8.5401535
1.7974057e+25,0.8977346,1.0024952,310000.0,151467.38,149824.03,149824.05,18.959988,10.343389,8.54015,8.540153
1.7974057e+25,0.95136064,1.0029079,310000.0,151467.36,149824.05,149824.05,18.959988,10.343054,8.54015,8.540153
1.7974057e+25,0.9835697,1.0020715,310000.0,151467.36,149824.05,149824.06,18.959988,10.343358,8.54015,8.540153
1.7974057e+25,0.95720965,1.0032467,310000.0,151467.42,149824.05,149824.05,18.959988,10.3435135,8.540151,8.540153
1.7974057e+25,0.9620827,1.0030218,310000.0,151467.38,149824.05,149824.06,18.959988,10.343434,8.540151,8.5401535
1.7974057e+25,0.9210787,1.003353,310000.0,151467.44,149824.06,149824.05,18.959988,10.34362,8.54015,8.540153
1.7974057e+25,0.9655834,1.0024562,310000.0,151467.36,149824.05,149824.06,18.959988,10.343485,8.54015,8.5401535
1.7974057e+25,0.92602175,1.0029968,310000.0,151467.36,149824.05,149824.05,18.959988,10.343367,8.54015,8.5401535
1.7974057e+25,0.88860005,1.00169,310000.0,151467.39,149824.06,149824.05,18.959988,10.34367,8.54015,8.540153
1.7974057e+25,0.97724813,1.0022864,310000.0,151467.36,149824.03,149824.05,18.959988,10.34341,8.54015,8.5401535
1.7974057e+25,0.9191335,1.0027043,310000.0,151467.38,149824.05,149824.06,18.959988,10.343387,8.540149,8.5401535
1.7974057e+25,0.90232944,1.0024586,310000.0,151467.39,149824.06,149824.05,18.959988,10.343495,8.540151,8.540152
1.7974057e+25,0.9063596,1.002306,310000.0,151467.39,149824.06,149824.05,18.959988,10.343387,8.54015,8.540153
1.7974057e+25,0.91517997,1.0018826,310000.0,151467.38,149824.05,149824.05,18.959988,10.3436165,8.540149,8.540153
1.7974057e+25,0.92123604,1.0033418,310000.0,151467.39,149824.05,149824.06,18.959988,10.343237,8.54015,8.5401535
1.7974057e+25,0.9392768,1.0032483,310000.0,151467.38,149824.06,149824.06,18.959988,10.343127,8.54015,8.540153
1.7974057e+25,0.9228718,1.0026466,310000.0,151467.36,149824.06,149824.06,18.959988,10.343261,8.54015,8.5401535
1.7974057e+25,0.9481209,1.0032603,310000.0,151467.38,149824.05,149824.06,18.959988,10.343397,8.54015,8.5401535
1.7974057e+25,0.90469074,1.0017955,310000.0,151467.4,149824.05,149824.06,18.959988,10.3435135,8.54015,8.540153
1.7974057e+25,0.91207045,1.0019716,310000.0,151467.42,149824.05,149824.06,18.959988,10.343639,8.540149,8.5401535
1.7974057e+25,0.9612111,1.0035361,310000.0,151467.38,149824.06,149824.06,18.959988,10.343141,8.54015,8.5401535
1.7974057e+25,0.93567634,1.0024939,310000.0,151467.39,149824.03,149824.06,18.959988,10.343405,8.54015,8.540153
1.7974057e+25,0.9374927,1.0033097,310000.0,151467.38,149824.06,149824.06,18.959988,10.343514,8.540149,8.540153
1.7974057e+25,0.9706929,1.0005101,310000.0,151467.36,149824.05,149824.08,18.959988,10.343386,8.54015,8.54015
1.7974057e+25,0.91354865,1.000445,310000.0,151467.38,149824.08,149824.05,18.959988,10.34355,8.54015,8.540151
1.7974057e+25,0.95358336,1.0004398,310000.0,151467.42,149824.06,149824.05,18.959988,10.343402,8.54015,8.54015
1.7974057e+25,0.9284942,1.0003111,310000.0,151467.36,149824.06,149824.05,18.959988,10.343232,8.54015,8.540151
1.7974057e+25,0.95629275,1.000549,310000.0,151467.39,149824.03,149824.06,18.959988,10.343469,8.540149,8.540151
1.7974057e+25,0.91229296,0.99978435,310000.0,151467.38,149824.08,149824.05,18.959988,10.343477,8.540151,8.54015
1.7974057e+25,0.9159234,0.9997959,310000.0,151467.36,149824.05,149824.05,18.959988,10.34308,8.54015,8.54015
1.7974057e+25,0.9763938,1.000584,310000.0,151467.36,149824.08,149824.03,18.959988,10.343263,8.540149,8.54015
1.7974057e+25,0.98190504,1.0020587,310000.0,151467.36,149824.05,149824.08,18.959988,10.343234,8.540151,8.540151
1.7974057e+25,0.9670735,1.0029762,310000.0,151467.39,149824.03,149824.05,18.959988,10.343474,8.540149,8.540151
1.7974057e+25,0.96576345,1.0016214,310000.0,151467.42,149824.06,149824.05,18.959988,10.343696,8.540149,8.54015
1.7974057e+25,0.9219881,1.0019338,310000.0,151467.36,149824.03,149824.05,18.959988,10.34345,8.540149,8.54015
1.7974057e+25,0.8955141,1.0024618,310000.0,151467.34,149824.06,149824.05,18.959988,10.343084,8.54015,8.540151
1.7974057e+25,0.8983788,1.0021248,310000.0,151467.38,149824.05,149824.06,18.959988,10.343524,8.540151,8.54015
1.7974057e+25,0.9281306,1.0028312,310000.0,151467.31,149824.05,149824.05,18.959988,10.34332,8.54015,8.54015
1.7974057e+25,0.9444904,1.0020149,310000.0,151467.4,149824.05,149824.06,18.959988,10.3435,8.54015,8.540151
1.7974057e+25,0.9166838,1.0026917,310000.0,151467.34,149824.05,149824.08,18.959988,10.342911,8.54015,8.54015
1.7974057e+25,0.96318734,1.0031722,310000.0,151467.38,149824.05,149824.06,18.959988,10.343402,8.54015,8.54015
1.7974057e+25,0.94583714,1.0033393,310000.0,151467.36,149824.06,149824.05,18.959988,10.3434725,8.54015,8.54015
1.7974057e+25,0.90643805,1.0017151,310000.0,151467.33,149824.05,149824.06,18.959988,10.343067,8.540149,8.54015
1.7974057e+25,0.971496,1.0026095,310000.0,151467.4,149824.06,149824.06,18.959988,10.343465,8.54015,8.540151
1.7974057e+25,0.9528947,1.002674,310000.0,151467.33,149824.06,149824.03,18.959988,10.3432865,8.540151,8.54015
1.7974057e+25,0.92488855,1.0028361,310000.0,151467.39,149824.06,149824.05,18.959988,10.343217,8.540151,8.54015
1.7974057e+25,0.9114967,1.0023332,310000.0,151467.36,149824.06,149824.06,18.959988,10.343468,8.54015,8.540151
1.7974057e+25,0.9303277,1.002719,310000.0,151467.39,149824.06,149824.06,18.959988,10.343594,8.540149,8.54015
1.7974057e+25,0.900668,1.0024306,310000.0,151467.34,149824.06,149824.05,18.959988,10.343324,8.540151,8.54015
1.7974057e+25,0.95416266,1.0023005,310000.0,151467.36,149824.06,149824.06,18.959988,10.343436,8.54015,8.54015
1.7974057e+25,0.94289947,1.0028522,310000.0,151467.38,149824.05,149824.06,18.959988,10.343323,8.54015,8.540151
1.7974057e+25,0.9128315,1.0023267,310000.0,151467.36,149824.03,149824.06,18.959988,10.343521,8.540148,8.54015
1.7974057e+25,0.89543813,1.0016196,310000.0,151467.38,149824.05,149824.06,18.959988,10.343469,8.540151,8.540151
1.7974057e+25,0.9548068,1.0028514,310000.0,151467.4,149824.08,149824.05,18.959988,10.343507,8.540149,8.540151
1.7974057e+25,0.9526333,1.0030332,310000.0,151467.44,149824.05,149824.06,18.959988,10.343448,8.540149,8.540151
1.7974057e+25,0.9406541,1.0027134,310000.0,151467.39,149824.06,149824.03,18.959988,10.343077,8.540149,8.54015
1.7974057e+25,0.9588536,1.0034683,310000.0,151467.34,149824.05,149824.03,18.959988,10.343104,8.54015,8.54015
1.7974057e+25,0.92539334,1.002916,310000.0,151467.28,149824.06,149824.05,18.959988,10.342869,8.54015,8.54015
1.7974057e+25,0.9310168,1.0026393,310000.0,151467.42,149824.06,149824.05,18.959988,10.34354,8.54015,8.540151
1.7974057e+25,0.910368,1.0020204,310000.0,151467.4,149824.06,149824.06,18.959988,10.343112,8.54015,8.54015
1.7974057e+25,0.9216303,1.0021453,310000.0,151467.4,149824.05,149824.08,18.959988,10.343424,8.54015,8.54015
1.7974057e+25,0.9543713,1.002183,310000.0,151467.38,149824.05,149824.06,18.959988,10.343318,8.540151,8.540151
1.7974057e+25,0.92459244,1.0019627,310000.0,151467.38,149824.06,149824.06,18.959988,10.343218,8.540149,8.54015
1.7974057e+25,0.9809436,1.0021288,310000.0,151467.39,149824.05,149824.05,18.959988,10.343359,8.540149,8.54015
1.7974057e+25,0.9671565,1.0026505,310000.0,151467.36,149824.06,149824.06,18.959988,10.343425,8.540151,8.54015
1.7974057e+25,0.95665425,1.0025498,310000.0,151467.36,149824.05,149824.05,18.959988,10.34294,8.540149,8.54015
1.7974057e+25,0.9366012,1.0028824,310000.0,151467.4,149824.06,149824.03,18.959988,10.343519,8.540151,8.540151
1.7974057e+25,0.93121994,1.0029367,310000.0,151467.36,149824.06,149824.06,18.959988,10.343179,8.54015,8.54015
1.7974057e+25,0.9386904,1.0023173,310000.0,151467.36,149824.05,149824.08,18.959988,10.343473,8.54015,8.54015
1.7974057e+25,0.95105726,1.00334,310000.0,151467.38,149824.06,149824.05,18.959988,10.343131,8.540149,8.540151
1.7974057e+25,0.92737234,1.0022858,310000.0,151467.34,149824.06,149824.05,18.959988,10.343245,8.54015,8.54015
1.7974057e+25,0.96532136,1.0030853,310000.0,151467.33,149824.03,149824.06,18.959988,10.343301,8.54015,8.540151
1.7974057e+25,0.94279164,1.0031112,310000.0,151467.44,149824.06,149824.06,18.959988,10.343751,8.540151,8.54015
1.7974057e+25,0.95145017,1.0028745,310000.0,151467.36,149824.05,149824.06,18.959988,10.343336,8.540151,8.54015
1.7974057e+25,0.93658906,1.0022389,310000.0,151467.34,149824.05,149824.06,18.959988,10.343309,8.54015,8.54015
1.7974057e+25,0.93481725,1.0031708,310000.0,151467.4,149824.06,149824.06,18.959988,10.343612,8.540151,8.54015
1.7974057e+25,0.95912963,1.0014945,310000.0,151467.34,149824.05,149824.05,18.959988,10.343462,8.54015,8.540151
1.7974057e+25,0.95165765,1.001662,310000.0,151467.36,149824.06,149824.03,18.959988,10.343144,8.54015,8.54015
1.7974057e+25,0.9448148,1.0020089,310000.0,151467.39,149824.03,149824.06,18.959988,10.3435755,8.54015,8.540151
1.7974057e+25,0.9671818,1.0018464,310000.0,151467.39,149824.08,149824.05,18.959988,10.343252,8.540151,8.540151
1.7974057e+25,0.9575989,1.0029713,310000.0,151467.34,149824.06,149824.05,18.959988,10.343359,8.540151,8.540151
1.7974057e+25,0.9360479,1.0030668,310000.0,151467.39,149824.05,149824.06,18.959988,10.343536,8.540151,8.54015
1.7974057e+25,0.9273797,1.0028285,310000.0,151467.38,149824.06,149824.05,18.959988,10.34329,8.54015,8.54015
1.7974057e+25,0.9211473,1.0024608,310000.0,151467.39,149824.06,149824.05,18.959988,10.34337,8.54015,8.54015
1.7974057e+25,0.9638475,1.0027366,310000.0,151467.42,149824.05,149824.06,18.959988,10.343234,8.54015,8.54015
1.7974057e+25,0.93970144,1.0024626,310000.0,151467.38,149824.05,149824.06,18.959988,10.3435545,8.540149,8.540149
1.7974057e+25,0.922167,1.0026405,310000.0,151467.34,149824.06,149824.05,18.959988,10.343158,8.540151,8.54015
1.7974057e+25,0.96901846,1.0027605,310000.0,151467.42,149824.05,149824.05,18.959988,10.343569,8.54015,8.54015
1.7974057e+25,0.9307612,1.001999,310000.0,151467.4,149824.02,149824.05,18.959988,10.343344,8.54015,8.540151
1.7974057e+25,0.9451612,1.0029863,310000.0,151467.36,149824.05,149824.06,18.959988,10.343325,8.54015,8.540151
1.7974057e+25,0.95506847,1.0024798,310000.0,151467.31,149824.06,149824.05,18.959988,10.342972,8.54015,8.540149
1.7974057e+25,0.9821518,1.0014055,310000.0,151467.38,149824.03,149824.06,18.959988,10.343398,8.54015,8.54015
1.7974057e+25,0.92284024,1.0026397,310000.0,151467.36,149824.05,149824.05,18.959988,10.343162,8.54015,8.540151
1.7974057e+25,0.9337657,1.0016652,310000.0,151467.39,149824.05,149824.05,18.959988,10.34335,8.54015,8.540151
1.7974057e+25,0.94706345,1.0028805,310000.0,151467.4,149824.06,149824.06,18.959988,10.343711,8.540149,8.54015
1.7974057e+25,0.94402045,1.0036522,310000.0,151467.38,149824.05,149824.06,18.959988,10.343605,8.540151,8.54015
1.7974057e+25,0.93580127,1.0030332,310000.0,151467.38,149824.08,149824.05,18.959988,10.34324,8.54015,8.540151
1.7974057e+25,0.93423486,1.003032,310000.0,151467.38,149824.06,149824.05,18.959988,10.343426,8.54015,8.540151
1.7974057e+25,0.9181523,1.0022066,310000.0,151467.39,149824.06,149824.05,18.959988,10.343737,8.540149,8.54015
1.7974057e+25,0.9110073,1.0023866,310000.0,151467.36,149824.08,149824.08,18.959988,10.343147,8.54015,8.540151
1.7974057e+25,0.91539806,1.0022191,310000.0,151467.39,149824.06,149824.05,18.959988,10.343557,8.540151,8.54015
1.7974057e+25,0.9265501,1.0021452,310000.0,151467.38,149824.03,149824.06,18.959988,10.343105,8.54015,8.54015
1.7974057e+25,0.9711997,1.0022184,310000.0,151467.34,149824.06,149824.03,18.959988,10.343337,8.54015,8.540151
1.7974057e+25,0.91030246,1.0014979,310000.0,151467.36,149824.05,149824.08,18.959988,10.343372,8.540149,8.54015
1.7974057e+25,0.94706017,1.0029533,310000.0,151467.42,149824.05,149824.05,18.959988,10.343451,8.54015,8.54015
1.7974057e+25,0.9416502,1.0026524,310000.0,151467.38,149824.08,149824.06,18.959988,10.34325,8.54015,8.54015
1.7974057e+25,0.9349141,1.0030253,310000.0,151467.34,149824.06,149824.05,18.959988,10.34345,8.54015,8.54015
1.7974057e+25,0.92216873,1.0024382,310000.0,151467.34,149824.05,149824.06,18.959988,10.343336,8.54015,8.540151
1.7974057e+25,0.914068,1.0020031,310000.0,151467.36,149824.06,149824.06,18.959988,10.343361,8.54015,8.54015
1.7974057e+25,0.9571761,1.0033461,310000.0,151467.38,149824.06,149824.05,18.959988,10.343335,8.54015,8.54015
1.7974057e+25,0.9490119,1.0026282,310000.0,151467.38,149824.03,149824.06,18.959988,10.343394,8.54015,8.54015
1.7974057e+25,0.95329505,1.0028707,310000.0,151467.39,149824.06,149824.06,18.959988,10.343453,8.54015,8.54015
1.7974057e+25,0.92919666,1.003045,310000.0,151467.38,149824.06,149824.06,18.959988,10.343584,8.540151,8.54015
1.7974057e+25,0.8888394,1.0022355,310000.0,151467.4,149824.06,149824.08,18.959988,10.343936,8.54015,8.54015
1.7974057e+25,0.91219515,1.002083,310000.0,151467.34,149824.05,149824.05,18.959988,10.343084,8.540151,8.54015
1.7974057e+25,0.9677725,1.0026039,310000.0,151467.38,149824.03,149824.06,18.959988,10.34337,8.540149,8.540151
1.7974057e+25,0.93305147,1.0022658,310000.0,151467.39,149824.05,149824.06,18.959988,10.343571,8.54015,8.54015
1.7974057e+25,0.9489591,1.0032482,310000.0,151467.38,149824.06,149824.05,18.959988,10.3433895,8.54015,8.54015
1.7974057e+25,0.93447363,1.0030863,310000.0,151467.36,149824.05,149824.03,18.959988,10.343323,8.54015,8.54015
1.7974057e+25,0.9660501,1.0024682,310000.0,151467.39,149824.05,149824.03,18.959988,10.343617,8.540149,8.54015
1.7974057e+25,0.947425,1.0023825,310000.0,151467.39,149824.05,149824.03,18.959988,10.34386,8.54015,8.54015
1.7974057e+25,0.947684,1.0020342,310000.0,151467.4,149824.06,149824.05,18.959988,10.343313,8.54015,8.54015
1.7974057e+25,0.9314823,1.0027714,310000.0,151467.38,149824.05,149824.06,18.959988,10.343438,8.54015,8.54015
1.7974057e+25,0.9201815,1.0025394,310000.0,151467.4,149824.06,149824.06,18.959988,10.34319,8.540151,8.54015
1.7974057e+25,0.96592087,1.0031763,310000.0,151467.34,149824.06,149824.05,18.959988,10.343282,8.540151,8.54015
1.7974057e+25,0.9212911,1.0022005,310000.0,151467.42,149824.05,149824.05,18.959988,10.343561,8.540152,8.54015
1.7974057e+25,0.94548446,1.0029303,310000.0,151467.42,149824.06,149824.03,18.959988,10.343741,8.54015,8.540151
1.7974057e+25,0.96728575,1.0019665,310000.0,151467.42,149824.08,149824.05,18.959988,10.343622,8.540151,8.54015
1.7974057e+25,0.9149293,1.0028286,310000.0,151467.39,149824.05,149824.03,18.959988,10.343301,8.540149,8.54015
1.7974057e+25,0.92225647,1.0019658,310000.0,151467.36,149824.06,149824.03,18.959988,10.343323,8.54015,8.540151
1.7974057e+25,0.92610395,1.0020299,310000.0,151467.34,149824.05,149824.03,18.959988,10.343553,8.540149,8.540151
1.7974057e+25,0.9142087,1.0024502,310000.0,151467.34,149824.08,149824.06,18.959988,10.34323,8.54015,8.540151
1.7974057e+25,0.96020395,1.0033832,310000.0,151467.33,149824.05,149824.05,18.959988,10.343248,8.540151,8.540151
1.7974057e+25,0.92105937,1.0028397,310000.0,151467.4,149824.06,149824.06,18.959988,10.343531,8.54015,8.54015
1.7974057e+25,0.9098173,1.001987,310000.0,151467.4,149824.05,149824.05,18.959988,10.343587,8.540148,8.54015
1.7974057e+25,0.91587293,1.0016055,310000.0,151467.34,149824.05,149824.03,18.959988,10.343213,8.540149,8.54015
1.7974057e+25,0.90583044,1.002837,310000.0,151467.39,149824.05,149824.06,18.959988,10.343378,8.540151,8.540151
1.7974057e+25,0.89988786,1.0017412,310000.0,151467.39,149824.06,149824.06,18.959988,10.343558,8.540149,8.54015
1.7974057e+25,0.9367338,1.0027634,310000.0,151467.4,149824.06,149824.05,18.959988,10.343377,8.54015,8.540151
1.7974057e+25,0.9188627,1.0020256,310000.0,151467.36,149824.06,149824.06,18.959988,10.343329,8.540149,8.540151
1.7974057e+25,0.99373984,1.0012784,310000.0,151467.38,149824.08,149824.06,18.959988,10.343475,8.540151,8.54015
1.7974057e+25,0.9270463,1.0033703,310000.0,151467.4,149824.08,149824.03,18.959988,10.343743,8.540151,8.540151
1.7974057e+25,0.96601146,1.0033288,310000.0,151467.39,149824.06,149824.05,18.959988,10.343418,8.540151,8.540151
1.7974057e+25,0.9309566,1.0026919,310000.0,151467.4,149824.06,149824.06,18.959988,10.343374,8.540151,8.540151
1.7974057e+25,0.92291605,1.0030758,310000.0,151467.36,149824.05,149824.03,18.959988,10.343056,8.54015,8.540151
1.7974057e+25,0.9333059,1.0023361,310000.0,151467.38,149824.05,149824.03,18.959988,10.343192,8.540151,8.540151
1.7974057e+25,0.9277762,0.99985486,310000.0,151467.42,149824.05,149824.06,18.959988,10.343287,8.540149,8.540151
1.7974057e+25,0.88136744,0.99950945,310000.0,151467.33,149824.06,149824.06,18.959988,10.34321,8.54015,8.540152
1.7974057e+25,0.91400594,1.0002381,310000.0,151467.36,149824.08,149824.08,18.959988,10.343585,8.54015,8.54015
1.7974057e+25,0.92837155,1.0002866,310000.0,151467.34,149824.05,149824.06,18.959988,10.343352,8.54015,8.54015
1.7974057e+25,0.9177509,0.9999479,310000.0,151467.36,149824.06,149824.05,18.959988,10.343195,8.54015,8.540151
1.7974057e+25,0.90980935,0.99960965,310000.0,151467.44,149824.06,149824.05,18.959988,10.343574,8.54015,8.540151
1.7974057e+25,0.9181917,1.0000099,310000.0,151467.45,149824.06,149824.06,18.959988,10.343835,8.54015,8.540151
1.7974057e+25,0.9294307,1.0000601,310000.0,151467.36,149824.05,149824.06,18.959988,10.34308,8.540149,8.540151
1.7974057e+25,0.91350824,1.0023317,310000.0,151467.39,149824.08,149824.06,18.959988,10.343622,8.54015,8.540151
1.7974057e+25,0.91711086,1.0021788,310000.0,151467.38,149824.05,149824.06,18.959988,10.343209,8.54015,8.540151
1.7974057e+25,0.9075033,1.0016632,310000.0,151467.39,149824.05,149824.06,18.959988,10.343069,8.54015,8.540151
1.7974057e+25,0.96209884,1.0023807,310000.0,151467.38,149824.05,149824.08,18.959988,10.343482,8.54015,8.540151
1.7974057e+25,0.9445213,1.0032203,310000.0,151467.39,149824.06,149824.06,18.959988,10.343489,8.540149,8.540151
1.7974057e+25,0.9388837,1.0022645,310000.0,151467.4,149824.06,149824.06,18.959988,10.343785,8.540151,8.540151
1.7974057e+25,0.97310317,1.0021292,310000.0,151467.39,149824.05,149824.05,18.959988,10.343492,8.54015,8.540151
1.7974057e+25,0.91084045,1.002167,310000.0,151467.42,149824.06,149824.06,18.959988,10.343447,8.54015,8.54015
1.7974057e+25,0.9164816,1.0021925,310000.0,151467.34,149824.06,149824.06,18.959988,10.343082,8.54015,8.540151
1.7974057e+25,0.9448291,1.0024993,310000.0,151467.39,149824.08,149824.06,18.959988,10.343285,8.540151,8.540151
1.7974057e+25,0.9520857,1.0032338,310000.0,151467.39,149824.06,149824.06,18.959988,10.343217,8.54015,8.54015
1.7974057e+25,0.9506799,1.0025561,310000.0,151467.36,149824.05,149824.05,18.959988,10.343132,8.54015,8.540151
1.7974057e+25,0.9557417,1.0029894,310000.0,151467.38,149824.05,149824.05,18.959988,10.343549,8.54015,8.540151
1.7974057e+25,0.89658386,1.0014002,310000.0,151467.4,149824.06,149824.06,18.959988,10.34333,8.540149,8.540151
1.7974057e+25,0.9376068,1.0022043,310000.0,151467.34,149824.06,149824.05,18.959988,10.343022,8.540151,8.540151
1.7974057e+25,0.96025866,1.0023662,310000.0,151467.44,149824.06,149824.06,18.959988,10.343624,8.54015,8.54015
1.7974057e+25,0.92794335,1.0020723,310000.0,151467.38,149824.06,149824.06,18.959988,10.343365,8.54015,8.540151
1.7974057e+25,0.9301339,1.0021963,310000.0,151467.33,149824.05,149824.06,18.959988,10.343048,8.54015,8.540151
1.7974057e+25,0.8956371,1.0015967,310000.0,151467.38,149824.06,149824.05,18.959988,10.343486,8.540148,8.540151
1.7974057e+25,0.94383717,1.0025395,310000.0,151467.42,149824.06,149824.06,18.959988,10.34341,8.540151,8.540151
1.7974057e+25,0.9096075,1.0016809,310000.0,151467.33,149824.05,149824.08,18.959988,10.343065,8.540149,8.540151
1.7974057e+25,0.93245167,1.0029662,310000.0,151467.42,149824.05,149824.05,18.959988,10.343341,8.54015,8.54015
1.7974057e+25,0.919526,1.0021169,310000.0,151467.38,149824.05,149824.06,18.959988,10.343256,8.54015,8.540151
1.7974057e+25,0.904855,1.0020081,310000.0,151467.36,149824.05,149824.06,18.959988,10.343267,8.540149,8.540151
1.7974057e+25,0.9438761,1.0031788,310000.0,151467.38,149824.06,149824.05,18.959988,10.343371,8.54015,8.540152
1.7974057e+25,0.9307366,1.0022646,310000.0,151467.36,149824.06,149824.06,18.959988,10.34334,8.54015,8.540151
1.7974057e+25,0.90585583,1.0018314,310000.0,151467.34,149824.05,149824.06,18.959988,10.343211,8.54015,8.54015
1.7974057e+25,0.91753346,1.002714,310000.0,151467.34,149824.06,149824.06,18.959988,10.343474,8.540149,8.54015
1.7974057e+25,0.92487174,1.0016906,310000.0,151467.36,149824.03,149824.06,18.959988,10.343114,8.54015,8.540152
1.7974057e+25,0.9122332,1.0025189,310000.0,151467.39,149824.08,149824.05,18.959988,10.3434,8.540151,8.54015
1.7974057e+25,0.9036007,1.0012991,310000.0,151467.39,149824.06,149824.08,18.959988,10.343275,8.54015,8.540151
1.7974057e+25,0.9561243,1.0029366,310000.0,151467.38,149824.05,149824.08,18.959988,10.343358,8.54015,8.540151
1.7974057e+25,0.9104329,1.002415,310000.0,151467.34,149824.05,149824.06,18.959988,10.343263,8.540151,8.540151
1.7974057e+25,0.91934854,1.0019745,310000.0,151467.4,149824.06,149824.06,18.959988,10.343372,8.54015,8.540151
1.7974057e+25,0.93763953,1.0028296,310000.0,151467.38,149824.08,149824.06,18.959988,10.343311,8.54015,8.540151
1.7974057e+25,0.9185393,1.0019821,310000.0,151467.36,149824.05,149824.05,18.959988,10.343262,8.54015,8.54015
1.7974057e+25,0.9605162,1.0032799,310000.0,151467.44,149824.06,149824.05,18.959988,10.343571,8.54015,8.540151
1.7974057e+25,0.93272257,1.0017108,310000.0,151467.4,149824.05,149824.06,18.959988,10.343528,8.54015,8.540151
1.7974057e+25,0.9616221,1.003465,310000.0,151467.38,149824.08,149824.05,18.959988,10.343603,8.54015,8.540151
1.7974057e+25,0.91945624,1.0016091,310000.0,151467.4,149824.05,149824.06,18.959988,10.343591,8.54015,8.540151
1.7974057e+25,0.92356575,1.0015937,310000.0,151467.34,149824.05,149824.06,18.959988,10.343215,8.540151,8.540151
1.7974057e+25,0.9363921,1.0023335,310000.0,151467.38,149824.05,149824.08,18.959988,10.343361,8.54015,8.540151
1.7974057e+25,0.9056078,1.0017282,310000.0,151467.42,149824.05,149824.06,18.959988,10.343528,8.540149,8.540151
1.7974057e+25,0.92785895,1.0027014,310000.0,151467.38,149824.06,149824.06,18.959988,10.343379,8.54015,8.540151
1.7974057e+25,0.8852051,1.0009581,310000.0,151467.39,149824.06,149824.06,18.959988,10.343538,8.54015,8.540151
1.7974057e+25,0.91202575,1.0017457,310000.0,151467.39,149824.08,149824.06,18.959988,10.343533,8.54015,8.54015
1.7974057e+25,0.9045501,1.0014955,310000.0,151467.38,149824.05,149824.06,18.959988,10.34323,8.540149,8.540151
1.7974057e+25,0.90719897,1.0013514,310000.0,151467.33,149824.05,149824.06,18.959988,10.343051,8.540151,8.540151
1.7974057e+25,0.8962299,1.0012454,310000.0,151467.39,149824.05,149824.06,18.959988,10.343142,8.540151,8.540151
1.7974057e+25,0.8964157,1.0017163,310000.0,151467.42,149824.05,149824.06,18.959988,10.343592,8.54015,8.540151
1.7974057e+25,0.90060306,1.001999,310000.0,151467.44,149824.08,149824.06,18.959988,10.343784,8.54015,8.540151
1.7974057e+25,0.9373737,1.0035784,310000.0,151467.36,149824.08,149824.08,18.959988,10.342951,8.54015,8.540151
1.7974057e+25,0.9303701,1.0031636,310000.0,151467.39,149824.06,149824.06,18.959988,10.343555,8.54015,8.540151
1.7974057e+25,0.95672673,1.0035757,310000.0,151467.39,149824.05,149824.06,18.959988,10.343564,8.540149,8.540151
1.7974057e+25,0.90071946,1.0017157,310000.0,151467.42,149824.06,149824.05,18.959988,10.343317,8.54015,8.54015
1.7974057e+25,0.92125756,1.0016929,310000.0,151467.36,149824.06,149824.06,18.959988,10.343542,8.54015,8.540151
1.7974057e+25,0.92192185,1.0022601,310000.0,151467.34,149824.06,149824.05,18.959988,10.343086,8.54015,8.54015
1.7974057e+25,0.93240917,1.0027866,310000.0,151467.36,149824.05,149824.06,18.959988,10.343163,8.54015,8.540151
1.7974057e+25,0.92104286,1.0017357,310000.0,151467.39,149824.06,149824.05,18.959988,10.34341,8.54015,8.54015
1.7974057e+25,0.9152794,1.0015727,310000.0,151467.42,149824.06,149824.11,18.959988,10.343694,8.540151,8.540151
1.7974057e+25,0.9176768,1.0015286,310000.0,151467.44,149824.05,149824.06,18.959988,10.343863,8.540149,8.540151
1.7974057e+25,0.96946436,1.0033147,310000.0,151467.39,149824.03,149824.06,18.959988,10.343408,8.54015,8.540151
1.7974057e+25,0.93512374,1.0020143,310000.0,151467.34,149824.1,149824.05,18.959988,10.343263,8.54015,8.540151
1.7974057e+25,0.970198,1.0026962,310000.0,151467.36,149824.05,149824.05,18.959988,10.343051,8.54015,8.540151
1.7974057e+25,0.9265857,1.001832,310000.0,151467.42,149824.05,149824.06,18.959988,10.343656,8.540148,8.540151
1.7974057e+25,0.9227908,1.0017463,310000.0,151467.38,149824.05,149824.05,18.959988,10.343565,8.54015,8.540151
1.7974057e+25,0.928228,1.0017594,310000.0,151467.38,149824.05,149824.05,18.959988,10.3433695,8.540149,8.54015
1.7974057e+25,0.9441833,1.0028092,310000.0,151467.3,149824.06,149824.06,18.959988,10.343323,8.540149,8.540151
1.7974057e+25,0.94810146,1.0024308,310000.0,151467.38,149824.06,149824.05,18.959988,10.343323,8.54015,8.540151
1.7974057e+25,0.9614761,1.0022973,310000.0,151467.4,149824.06,149824.06,18.959988,10.343366,8.540151,8.54015
1.7974057e+25,0.95718306,1.0030451,310000.0,151467.36,149824.06,149824.06,18.959988,10.343274,8.54015,8.540151
1.7974057e+25,0.95381254,1.0028244,310000.0,151467.38,149824.03,149824.06,18.959988,10.343106,8.54015,8.540151
1.7974057e+25,0.9264172,1.0022285,310000.0,151467.34,149824.05,149824.03,18.959988,10.342996,8.54015,8.54015
1.7974057e+25,0.9304185,1.0023283,310000.0,151467.42,149824.06,149824.06,18.959988,10.343648,8.54015,8.54015
1.7974057e+25,0.9079956,1.0016662,310000.0,151467.34,149824.06,149824.06,18.959988,10.343423,8.540151,8.54015
1.7974057e+25,0.9150726,1.0020037,310000.0,151467.4,149824.06,149824.06,18.959988,10.343427,8.540151,8.540151
1.7974057e+25,0.91045177,1.0020207,310000.0,151467.4,149824.05,149824.08,18.959988,10.343459,8.540149,8.540151
1.7974057e+25,0.9049599,1.001641,310000.0,151467.44,149824.06,149824.06,18.959988,10.34375,8.54015,8.54015
1.7974057e+25,0.9415869,1.0025104,310000.0,151467.38,149824.03,149824.05,18.959988,10.343384,8.54015,8.540151
1.7974057e+25,0.9481018,1.0030075,310000.0,151467.39,149824.05,149824.05,18.959988,10.34319,8.540151,8.54015
1.7974057e+25,0.9147529,1.0019808,310000.0,151467.38,149824.05,149824.06,18.959988,10.343696,8.540151,8.540151
1.7974057e+25,0.93540114,1.0019666,310000.0,151467.38,149824.05,149824.05,18.959988,10.343376,8.540151,8.540151
1.7974057e+25,0.919096,1.0028058,310000.0,151467.39,149824.05,149824.05,18.959988,10.343676,8.54015,8.54015
1.7974057e+25,0.9104051,0.9999353,310000.0,151467.39,149824.06,149824.03,18.959988,10.343104,8.54015,8.540151
1.7974057e+25,0.9059369,0.9994437,310000.0,151467.36,149824.06,149824.05,18.959988,10.343232,8.54015,8.540152
1.7974057e+25,0.9113378,0.9998111,310000.0,151467.42,149824.06,149824.06,18.959988,10.34369,8.54015,8.540152
1.7974057e+25,0.88360107,0.99962234,310000.0,151467.39,149824.06,149824.05,18.959988,10.343483,8.54015,8.540151
1.7974057e+25,0.9084817,0.9998766,310000.0,151467.38,149824.06,149824.05,18.959988,10.343238,8.54015,8.540152
1.7974057e+25,0.9124169,1.0015459,310000.0,151467.38,149824.06,149824.05,18.959988,10.343536,8.54015,8.540151
1.7974057e+25,0.9232815,1.0015641,310000.0,151467.38,149824.06,149824.08,18.959988,10.343455,8.54015,8.540152
1.7974057e+25,0.9743779,1.0020514,310000.0,151467.4,149824.08,149824.05,18.959988,10.343489,8.540151,8.540151
1.7974057e+25,0.95666707,1.0031136,310000.0,151467.38,149824.08,149824.06,18.959988,10.343415,8.54015,8.540152
1.7974057e+25,0.93796444,1.0022163,310000.0,151467.36,149824.06,149824.05,18.959988,10.343232,8.540149,8.540153
1.7974057e+25,0.9339237,1.0023075,310000.0,151467.33,149824.06,149824.06,18.959988,10.34305,8.54015,8.540152
1.7974057e+25,0.8995302,1.0015665,310000.0,151467.39,149824.06,149824.06,18.959988,10.343651,8.54015,8.540152
1.7974057e+25,0.92679894,1.0018407,310000.0,151467.31,149824.05,149824.05,18.959988,10.343416,8.54015,8.540151
1.7974057e+25,0.9554369,1.0029624,310000.0,151467.39,149824.05,149824.05,18.959988,10.343273,8.54015,8.540152
1.7974057e+25,0.9300742,1.001922,310000.0,151467.34,149824.05,149824.05,18.959988,10.343366,8.54015,8.540151
1.7974057e+25,0.93800944,1.002371,310000.0,151467.4,149824.06,149824.05,18.959988,10.343561,8.540149,8.540152
1.7974057e+25,0.92680275,1.0014616,310000.0,151467.47,149824.08,149824.05,18.959988,10.343803,8.54015,8.540152
1.7974057e+25,0.95241773,1.0028253,310000.0,151467.39,149824.06,149824.06,18.959988,10.343217,8.540151,8.540152
1.7974057e+25,0.93523824,1.002267,310000.0,151467.38,149824.05,149824.05,18.959988,10.343305,8.54015,8.540152
1.7974057e+25,0.9670493,1.002511,310000.0,151467.39,149824.05,149824.05,18.959988,10.343475,8.54015,8.540153
1.7974057e+25,0.9248345,1.0018088,310000.0,151467.44,149824.03,149824.05,18.959988,10.3437395,8.540151,8.540152
1.7974057e+25,0.95727843,1.0026987,310000.0,151467.38,149824.06,149824.05,18.959988,10.343419,8.540149,8.540153
1.7974057e+25,0.926137,1.0024283,310000.0,151467.42,149824.05,149824.05,18.959988,10.343487,8.540151,8.540152
1.7974057e+25,0.9248159,1.0018269,310000.0,151467.38,149824.06,149824.05,18.959988,10.343373,8.54015,8.540153
1.7974057e+25,0.9394672,1.0021384,310000.0,151467.34,149824.06,149824.05,18.959988,10.343427,8.54015,8.540151
1.7974057e+25,0.9305061,1.0018562,310000.0,151467.38,149824.06,149824.05,18.959988,10.343369,8.540149,8.540152
1.7974057e+25,0.9007273,1.002294,310000.0,151467.38,149824.06,149824.03,18.959988,10.343586,8.54015,8.540151
1.7974057e+25,0.9517464,1.0030501,310000.0,151467.44,149824.05,149824.05,18.959988,10.343695,8.54015,8.540152
1.7974057e+25,0.93675274,1.0023462,310000.0,151467.36,149824.06,149824.03,18.959988,10.343368,8.540149,8.540151
1.7974057e+25,0.9253019,1.0017244,310000.0,151467.39,149824.03,149824.03,18.959988,10.343358,8.54015,8.540152
1.7974057e+25,0.9230858,1.0014613,310000.0,151467.39,149824.05,149824.06,18.959988,10.343559,8.54015,8.540152
1.7974057e+25,0.9206327,1.0016865,310000.0,151467.31,149824.06,149824.06,18.959988,10.34285,8.54015,8.540153
1.7974057e+25,0.92179334,1.0016184,310000.0,151467.4,149824.06,149824.05,18.959988,10.343613,8.540151,8.540153
1.7974057e+25,0.9312923,1.0020723,310000.0,151467.42,149824.05,149824.05,18.959988,10.343845,8.54015,8.540152
1.7974057e+25,0.92156255,1.0013818,310000.0,151467.4,149824.05,149824.05,18.959988,10.343531,8.540148,8.540152
1.7974057e+25,0.9315492,1.0017213,310000.0,151467.38,149824.05,149824.05,18.959988,10.34327,8.54015,8.540152
1.7974057e+25,0.94148076,1.001851,310000.0,151467.42,149824.05,149824.03,18.959988,10.343642,8.540151,8.540152
1.7974057e+25,0.9389456,1.0021805,310000.0,151467.42,149824.05,149824.05,18.959988,10.343661,8.54015,8.540153
1.7974057e+25,0.9307695,1.0016278,310000.0,151467.38,149824.05,149824.05,18.959988,10.34321,8.54015,8.540152
1.7974057e+25,0.90074307,1.0013894,310000.0,151467.4,149824.06,149824.05,18.959988,10.343321,8.54015,8.540152
1.7974057e+25,0.92461985,1.0016893,310000.0,151467.38,149824.06,149824.03,18.959988,10.343367,8.54015,8.540151
1.7974057e+25,0.9304071,1.0014929,310000.0,151467.44,149824.05,149824.05,18.959988,10.343571,8.54015,8.540152
1.7974057e+25,0.9342247,1.0022719,310000.0,151467.36,149824.05,149824.05,18.959988,10.343303,8.540149,8.540152
1.7974057e+25,0.9118155,1.001594,310000.0,151467.36,149824.05,149824.03,18.959988,10.343183,8.54015,8.540152
1.7974057e+25,0.9160735,1.0015101,310000.0,151467.34,149824.05,149824.06,18.959988,10.343145,8.540151,8.540152
1.7974057e+25,0.9285533,1.001816,310000.0,151467.38,149824.06,149824.05,18.959988,10.343387,8.540149,8.540151
1.7974057e+25,0.9107827,1.0019162,310000.0,151467.39,149824.05,149824.06,18.959988,10.343317,8.54015,8.540152
1.7974057e+25,0.90544623,1.0020403,310000.0,151467.34,149824.05,149824.03,18.959988,10.343202,8.54015,8.540153
1.7974057e+25,0.92437917,1.002345,310000.0,151467.39,149824.05,149824.05,18.959988,10.343119,8.540149,8.540152
1.7974057e+25,0.92451733,1.0017816,310000.0,151467.38,149824.06,149824.06,18.959988,10.343501,8.540148,8.540152
1.7974057e+25,0.92060775,1.0013489,310000.0,151467.4,149824.06,149824.06,18.959988,10.343465,8.54015,8.540152
1.7974057e+25,0.92328644,1.0016776,310000.0,151467.34,149824.06,149824.06,18.959988,10.343199,8.54015,8.540152
1.7974057e+25,0.9355537,1.0018482,310000.0,151467.4,149824.06,149824.05,18.959988,10.343554,8.54015,8.540152
1.7974057e+25,0.9322341,1.0020016,310000.0,151467.38,149824.03,149824.05,18.959988,10.343161,8.540149,8.540152
1.7974057e+25,0.93345857,1.0017759,310000.0,151467.42,149824.06,149824.05,18.959988,10.343356,8.540151,8.540152
1.7974057e+25,0.9266114,1.0016656,310000.0,151467.38,149824.08,149824.05,18.959988,10.343621,8.54015,8.540152
1.7974057e+25,0.9025027,1.0017039,310000.0,151467.36,149824.06,149824.06,18.959988,10.343545,8.54015,8.540153
1.7974057e+25,0.9262489,1.0016214,310000.0,151467.36,149824.06,149824.08,18.959988,10.343298,8.54015,8.540152
1.7974057e+25,0.9691069,1.0030612,310000.0,151467.39,149824.06,149824.06,18.959988,10.343278,8.540151,8.540152
1.7974057e+25,0.9362977,1.001896,310000.0,151467.39,149824.06,149824.05,18.959988,10.343183,8.540148,8.540152
1.7974057e+25,0.89752346,1.0014721,310000.0,151467.38,149824.05,149824.05,18.959988,10.343334,8.540151,8.540152
1.7974057e+25,0.91194147,1.0014666,310000.0,151467.36,149824.06,149824.03,18.959988,10.343116,8.540149,8.540152
1.7974057e+25,0.9313778,1.001846,310000.0,151467.36,149824.05,149824.05,18.959988,10.343275,8.540151,8.540152
1.7974057e+25,0.9426883,1.0021228,310000.0,151467.4,149824.05,149824.05,18.959988,10.34376,8.54015,8.540152
1.7974057e+25,0.93590164,1.0019217,310000.0,151467.44,149824.03,149824.05,18.959988,10.34368,8.540149,8.540152
1.7974057e+25,0.9338797,1.0018295,310000.0,151467.4,149824.06,149824.03,18.959988,10.343593,8.540149,8.540152
1.7974057e+25,0.91827554,1.0017369,310000.0,151467.39,149824.05,149824.05,18.959988,10.343317,8.54015,8.540152
1.7974057e+25,0.929184,1.0021437,310000.0,151467.38,149824.06,149824.05,18.959988,10.343515,8.540149,8.540153
1.7974057e+25,0.91472083,1.0019909,310000.0,151467.38,149824.06,149824.05,18.959988,10.3433895,8.540149,8.540153
1.7974057e+25,0.9276293,1.0016484,310000.0,151467.31,149824.08,149824.05,18.959988,10.343236,8.540151,8.540152
1.7974057e+25,0.9251418,1.0015634,310000.0,151467.34,149824.05,149824.05,18.959988,10.3433,8.540149,8.540153
1.7974057e+25,0.9356519,1.0019356,310000.0,151467.39,149824.06,149824.03,18.959988,10.343472,8.540151,8.540152
1.7974057e+25,0.93455637,1.0017287,310000.0,151467.4,149824.06,149824.06,18.959988,10.343467,8.54015,8.540152
1.7974057e+25,0.93697935,1.0024341,310000.0,151467.39,149824.05,149824.06,18.959988,10.343509,8.54015,8.540153
1.7974057e+25,0.9078476,1.001679,310000.0,151467.34,149824.06,149824.05,18.959988,10.343122,8.540151,8.540152
1.7974057e+25,0.9111494,1.0013795,310000.0,151467.4,149824.08,149824.05,18.959988,10.343502,8.540151,8.540152
1.7974057e+25,0.88970375,1.0014958,310000.0,151467.4,149824.05,149824.06,18.959988,10.343702,8.54015,8.540153
1.7974057e+25,0.9296238,1.0017496,310000.0,151467.34,149824.05,149824.03,18.959988,10.343206,8.540149,8.540151
1.7974057e+25,0.9383102,1.0019563,310000.0,151467.34,149824.06,149824.06,18.959988,10.343204,8.540151,8.540152
1.7974057e+25,0.92959076,1.0016171,310000.0,151467.34,149824.06,149824.06,18.959988,10.343261,8.54015,8.540152
1.7974057e+25,0.9380958,1.0019329,310000.0,151467.36,149824.05,149824.06,18.959988,10.343471,8.54015,8.540152
1.7974057e+25,0.9041546,1.0014278,310000.0,151467.31,149824.05,149824.05,18.959988,10.34318,8.54015,8.540151
1.7974057e+25,0.907936,1.0019629,310000.0,151467.38,149824.06,149824.03,18.959988,10.343751,8.54015,8.540152
1.7974057e+25,0.93197304,1.0020201,310000.0,151467.34,149824.06,149824.03,18.959988,10.34308,8.54015,8.540152
1.7974057e+25,0.9188587,1.0019926,310000.0,151467.39,149824.06,149824.05,18.959988,10.343497,8.54015,8.540152
1.7974057e+25,0.9258562,1.0019015,310000.0,151467.31,149824.06,149824.06,18.959988,10.343326,8.540151,8.540152
1.7974057e+25,0.9306318,1.0023593,310000.0,151467.4,149824.06,149824.05,18.959988,10.343518,8.54015,8.540152
1.7974057e+25,0.93081987,1.0019454,310000.0,151467.34,149824.05,149824.03,18.959988,10.342963,8.540149,8.540152
1.7974057e+25,0.9204489,1.001574,310000.0,151467.4,149824.05,149824.05,18.959988,10.343482,8.54015,8.540153
1.7974057e+25,0.93433076,1.0019238,310000.0,151467.38,149824.05,149824.05,18.959988,10.343408,8.540149,8.540152
1.7974057e+25,0.95619583,1.0025977,310000.0,151467.4,149824.06,149824.06,18.959988,10.343397,8.54015,8.540152
1.7974057e+25,0.92247355,1.0016733,310000.0,151467.38,149824.06,149824.06,18.959988,10.343684,8.54015,8.540151
1.7974057e+25,0.92504066,1.0001123,310000.0,151467.38,149824.05,149824.05,18.959988,10.343266,8.540149,8.540149
1.7974057e+25,0.9202506,0.99980885,310000.0,151467.38,149824.06,149824.03,18.959988,10.343177,8.54015,8.540149
1.7974057e+25,0.91246057,0.9998771,310000.0,151467.39,149824.05,149824.06,18.959988,10.343604,8.540151,8.540148
1.7974057e+25,0.91001374,0.9995401,310000.0,151467.39,149824.08,149824.05,18.959988,10.343526,8.54015,8.540148
1.7974057e+25,0.9063462,1.001437,310000.0,151467.38,149824.08,149824.05,18.959988,10.343405,8.540151,8.540149
1.7974057e+25,0.9102415,1.0016203,310000.0,151467.39,149824.06,149824.05,18.959988,10.343465,8.540151,8.540148
1.7974057e+25,0.9278206,1.0017669,310000.0,151467.4,149824.06,149824.06,18.959988,10.343738,8.54015,8.540148
1.7974057e+25,0.9441694,1.0022233,310000.0,151467.38,149824.06,149824.05,18.959988,10.34344,8.540151,8.540147
1.7974057e+25,0.9424612,1.0023763,310000.0,151467.31,149824.06,149824.03,18.959988,10.343031,8.540149,8.540149
1.7974057e+25,0.91614294,1.0016812,310000.0,151467.4,149824.05,149824.03,18.959988,10.343527,8.540149,8.540148
1.7974057e+25,0.9222892,1.0015167,310000.0,151467.36,149824.06,149824.05,18.959988,10.3432455,8.540151,8.540148
1.7974057e+25,0.9328974,1.0019499,310000.0,151467.36,149824.05,149824.05,18.959988,10.343354,8.540151,8.540147
1.7974057e+25,0.91276586,1.0015647,310000.0,151467.42,149824.05,149824.03,18.959988,10.343665,8.54015,8.540148
1.7974057e+25,0.93436295,1.0017529,310000.0,151467.38,149824.05,149824.05,18.959988,10.343369,8.540149,8.540147
1.7974057e+25,0.9273384,1.0018812,310000.0,151467.39,149824.06,149824.05,18.959988,10.343253,8.54015,8.540149
1.7974057e+25,0.92788243,1.001914,310000.0,151467.33,149824.05,149824.05,18.959988,10.3431,8.54015,8.540149
1.7974057e+25,0.9329672,1.0019165,310000.0,151467.39,149824.05,149824.06,18.959988,10.343723,8.540149,8.540149
1.7974057e+25,0.93774587,1.002566,310000.0,151467.4,149824.06,149824.06,18.959988,10.3434305,8.54015,8.540149
1.7974057e+25,0.93909764,1.0018778,310000.0,151467.34,149824.05,149824.06,18.959988,10.343518,8.54015,8.540148
1.7974057e+25,0.91422755,1.0012046,310000.0,151467.4,149824.06,149824.05,18.959988,10.343497,8.540151,8.540148
1.7974057e+25,0.92960066,1.002027,310000.0,151467.4,149824.03,149824.05,18.959988,10.343196,8.540149,8.540147
1.7974057e+25,0.9101156,1.0015262,310000.0,151467.39,149824.05,149824.05,18.959988,10.343354,8.540149,8.540148
1.7974057e+25,0.9708935,1.0026228,310000.0,151467.39,149824.05,149824.03,18.959988,10.343363,8.54015,8.540148
1.7974057e+25,0.9310291,1.0016539,310000.0,151467.36,149824.05,149824.1,18.959988,10.34309,8.54015,8.540148
1.7974057e+25,0.93102646,1.0020057,310000.0,151467.34,149824.06,149824.05,18.959988,10.343378,8.540151,8.540149
1.7974057e+25,0.91709524,1.0014945,310000.0,151467.39,149824.06,149824.05,18.959988,10.34337,8.54015,8.540149
1.7974057e+25,0.9344793,1.0018742,310000.0,151467.4,149824.05,149824.06,18.959988,10.343385,8.54015,8.540148
1.7974057e+25,0.9307932,1.0017825,310000.0,151467.38,149824.03,149824.08,18.959988,10.34348,8.54015,8.540149
1.7974057e+25,0.94149864,1.0017457,310000.0,151467.36,149824.05,149824.03,18.959988,10.343511,8.54015,8.540148
1.7974057e+25,0.934947,1.0022544,310000.0,151467.42,149824.05,149824.06,18.959988,10.3437605,8.540149,8.540149
1.7974057e+25,0.93395513,1.001695,310000.0,151467.4,149824.05,149824.05,18.959988,10.343372,8.54015,8.540148
1.7974057e+25,0.9204983,1.0015321,310000.0,151467.38,149824.06,149824.05,18.959988,10.34317,8.54015,8.540148
1.7974057e+25,0.9344934,1.0015426,310000.0,151467.4,149824.08,149824.05,18.959988,10.343506,8.540151,8.540147
1.7974057e+25,0.9186683,1.0014064,310000.0,151467.36,149824.05,149824.05,18.959988,10.343008,8.54015,8.540148
1.7974057e+25,0.9355242,1.0018365,310000.0,151467.39,149824.08,149824.05,18.959988,10.343065,8.54015,8.540148
1.7974057e+25,0.9210996,1.0017555,310000.0,151467.36,149824.06,149824.05,18.959988,10.343452,8.54015,8.540148
1.7974057e+25,0.931225,1.0019336,310000.0,151467.34,149824.06,149824.05,18.959988,10.343245,8.54015,8.540148
1.7974057e+25,0.9226244,1.0014099,310000.0,151467.39,149824.05,149824.06,18.959988,10.343491,8.540149,8.540149
1.7974057e+25,0.92880017,1.0015224,310000.0,151467.39,149824.05,149824.05,18.959988,10.343593,8.54015,8.540148
1.7974057e+25,0.9218594,1.0016776,310000.0,151467.33,149824.05,149824.05,18.959988,10.343103,8.54015,8.540147
1.7974057e+25,0.93132645,1.0020752,310000.0,151467.4,149824.08,149824.05,18.959988,10.34371,8.54015,8.540148
1.7974057e+25,0.9306386,1.0021397,310000.0,151467.4,149824.06,149824.05,18.959988,10.343641,8.540149,8.540148
1.7974057e+25,0.9337535,1.0021528,310000.0,151467.39,149824.06,149824.05,18.959988,10.343183,8.54015,8.540148
1.7974057e+25,0.9349041,1.0017588,310000.0,151467.36,149824.08,149824.03,18.959988,10.343263,8.54015,8.540149
1.7974057e+25,0.94169384,1.002213,310000.0,151467.4,149824.05,149824.05,18.959988,10.343254,8.54015,8.540148
1.7974057e+25,0.9099546,1.0017203,310000.0,151467.45,149824.05,149824.05,18.959988,10.343884,8.54015,8.540148
1.7974057e+25,0.92427,1.0015565,310000.0,151467.38,149824.06,149824.05,18.959988,10.343134,8.54015,8.540149
1.7974057e+25,0.92273784,1.0018643,310000.0,151467.4,149824.08,149824.03,18.959988,10.343319,8.540149,8.540147
1.7974057e+25,0.9434228,1.0019804,310000.0,151467.34,149824.06,149824.06,18.959988,10.343348,8.540149,8.540149
1.7974057e+25,0.9297349,1.0020288,310000.0,151467.42,149824.05,149824.06,18.959988,10.343373,8.54015,8.540148
1.7974057e+25,0.9298198,1.0017217,310000.0,151467.34,149824.06,149824.05,18.959988,10.34329,8.54015,8.540149
1.7974057e+25,0.9322099,1.0017467,310000.0,151467.38,149824.05,149824.05,18.959988,10.343474,8.540149,8.540148
1.7974057e+25,0.93434834,1.0021046,310000.0,151467.4,149824.05,149824.05,18.959988,10.343484,8.54015,8.540149
1.7974057e+25,0.91403383,1.0014323,310000.0,151467.4,149824.03,149824.03,18.959988,10.343798,8.54015,8.540148
1.7974057e+25,0.93419087,1.0022537,310000.0,151467.4,149824.06,149824.05,18.959988,10.343355,8.540149,8.540148
1.7974057e+25,0.9258284,1.0019485,310000.0,151467.4,149824.06,149824.05,18.959988,10.343773,8.54015,8.540148
1.7974057e+25,0.9484873,1.0026029,310000.0,151467.38,149824.06,149824.06,18.959988,10.343398,8.54015,8.540148
1.7974057e+25,0.9370072,1.0018566,310000.0,151467.34,149824.05,149824.05,18.959988,10.34315,8.540149,8.540147
1.7974057e+25,0.9002443,1.0017849,310000.0,151467.4,149824.05,149824.05,18.959988,10.343531,8.54015,8.540147
1.7974057e+25,0.928442,1.0018071,310000.0,151467.34,149824.05,149824.03,18.959988,10.342944,8.540149,8.540148
1.7974057e+25,0.93438023,1.0022128,310000.0,151467.42,149824.06,149824.05,18.959988,10.343536,8.54015,8.540148
1.7974057e+25,0.93211806,1.0014651,310000.0,151467.34,149824.05,149824.03,18.959988,10.343388,8.54015,8.540148
1.7974057e+25,0.9402214,1.0017585,310000.0,151467.4,149824.05,149824.05,18.959988,10.343597,8.54015,8.540148
1.7974057e+25,0.96943676,1.0025417,310000.0,151467.39,149824.06,149824.06,18.959988,10.343416,8.54015,8.540148
1.7974057e+25,0.94192547,1.0021006,310000.0,151467.39,149824.05,149824.03,18.959988,10.343543,8.54015,8.540149
1.7974057e+25,0.9194854,1.0014268,310000.0,151467.42,149824.05,149824.05,18.959988,10.343631,8.540149,8.540147
1.7974057e+25,0.9572291,1.0032371,310000.0,151467.39,149824.06,149824.05,18.959988,10.343353,8.54015,8.540147
1.7974057e+25,0.9293198,1.001832,310000.0,151467.4,149824.03,149824.06,18.959988,10.3434725,8.540151,8.540148
1.7974057e+25,0.95161897,1.0028838,310000.0,151467.33,149824.03,149824.03,18.959988,10.342996,8.54015,8.540148
1.7974057e+25,0.9137563,1.0015495,310000.0,151467.38,149824.06,149824.05,18.959988,10.343413,8.54015,8.540149
1.7974057e+25,0.9341278,1.001906,310000.0,151467.39,149824.05,149824.05,18.959988,10.343613,8.540149,8.540149
1.7974057e+25,0.9206523,1.0013989,310000.0,151467.45,149824.03,149824.03,18.959988,10.343618,8.540149,8.540148
1.7974057e+25,0.92505807,1.001371,310000.0,151467.45,149824.05,149824.06,18.959988,10.343785,8.54015,8.540148
1.7974057e+25,0.9272114,1.0018836,310000.0,151467.33,149824.06,149824.08,18.959988,10.343075,8.54015,8.540147
1.7974057e+25,0.9641185,1.0030121,310000.0,151467.38,149824.05,149824.06,18.959988,10.343116,8.54015,8.540149
1.7974057e+25,0.9339332,1.001838,310000.0,151467.42,149824.05,149824.05,18.959988,10.343487,8.54015,8.540148
1.7974057e+25,0.93742824,1.0019758,310000.0,151467.34,149824.06,149824.06,18.959988,10.343122,8.540149,8.540149
1.7974057e+25,0.92839944,1.0017339,310000.0,151467.44,149824.05,149824.05,18.959988,10.343741,8.540148,8.540148
1.7974057e+25,0.95393723,1.0029814,310000.0,151467.4,149824.05,149824.06,18.959988,10.343393,8.54015,8.540148
1.7974057e+25,0.9297292,1.0025774,310000.0,151467.38,149824.06,149824.05,18.959988,10.343434,8.54015,8.540148
1.7974057e+25,0.9288359,1.0017247,310000.0,151467.36,149824.06,149824.03,18.959988,10.343328,8.54015,8.540148
1.7974057e+25,0.93467444,1.0017811,310000.0,151467.38,149824.05,149824.03,18.959988,10.343592,8.54015,8.540148
1.7974057e+25,0.9148283,1.0019642,310000.0,151467.42,149824.06,149824.05,18.959988,10.343501,8.54015,8.540148
1.7974057e+25,0.94430804,1.0025411,310000.0,151467.38,149824.08,149824.08,18.959988,10.343207,8.54015,8.540148
1.7974057e+25,0.9234581,1.0016123,310000.0,151467.36,149824.06,149824.08,18.959988,10.343086,8.54015,8.540147
1.7974057e+25,0.9328558,1.0020993,310000.0,151467.44,149824.05,149824.05,18.959988,10.343554,8.54015,8.540147
1.7974057e+25,0.91583955,1.001745,310000.0,151467.42,149824.06,149824.05,18.959988,10.343634,8.540149,8.540148
1.7974057e+25,0.93482083,1.0021855,310000.0,151467.39,149824.05,149824.05,18.959988,10.343369,8.540149,8.540148
1.7974057e+25,0.92523104,1.0015479,310000.0,151467.39,149824.06,149824.05,18.959988,10.3433275,8.54015,8.540147
1.7974057e+25,0.93279326,1.0016092,310000.0,151467.38,149824.06,149824.05,18.959988,10.343259,8.54015,8.540149
1.7974057e+25,0.9405908,1.0020909,310000.0,151467.4,149824.06,149824.05,18.959988,10.343297,8.540149,8.540149
1.7974057e+25,0.9378977,1.0023491,310000.0,151467.4,149824.08,149824.03,18.959988,10.343338,8.54015,8.540148
1.7974057e+25,0.9342112,1.0018449,310000.0,151467.42,149824.08,149824.06,18.959988,10.343334,8.540149,8.540148
1.7974057e+25,0.9360241,1.001759,310000.0,151467.33,149824.05,149824.03,18.959988,10.343283,8.540149,8.540148
1.7974057e+25,0.9174426,1.0011646,310000.0,151467.39,149824.08,149824.05,18.959988,10.343646,8.54015,8.540148
1.7974057e+25,0.9233209,1.001611,310000.0,151467.4,149824.05,149824.05,18.959988,10.343397,8.54015,8.540148
1.7974057e+25,0.9178957,1.0017252,310000.0,151467.33,149824.05,149824.05,18.959988,10.343276,8.54015,8.540148
1.7974057e+25,0.9227433,1.0017637,310000.0,151467.42,149824.05,149824.03,18.959988,10.343592,8.540151,8.540148
1.7974057e+25,0.9393509,1.0021118,310000.0,151467.39,149824.05,149824.05,18.959988,10.343502,8.540149,8.540148
1.7974057e+25,0.914523,1.0017426,310000.0,151467.42,149824.05,149824.05,18.959988,10.343585,8.54015,8.540147
1.7974057e+25,0.9436413,1.0026538,310000.0,151467.4,149824.06,149824.03,18.959988,10.343612,8.54015,8.540149
1.7974057e+25,0.93926716,1.0019609,310000.0,151467.39,149824.05,149824.05,18.959988,10.343402,8.540149,8.540147
1.7974057e+25,0.9401037,1.0020224,310000.0,151467.4,149824.06,149824.03,18.959988,10.34337,8.540149,8.540148
1.7974057e+25,0.92498815,1.0017438,310000.0,151467.39,149824.05,149824.03,18.959988,10.343336,8.54015,8.540149
1.7974057e+25,0.93187344,1.0019084,310000.0,151467.38,149824.05,149824.05,18.959988,10.343318,8.54015,8.540149
1.7974057e+25,0.9358474,1.0019925,310000.0,151467.4,149824.06,149824.05,18.959988,10.343696,8.54015,8.540149
1.7974057e+25,0.9115642,1.0015601,310000.0,151467.39,149824.03,149824.05,18.959988,10.343213,8.540149,8.540148
1.7974057e+25,0.9307424,1.0016336,310000.0,151467.42,149824.05,149824.06,18.959988,10.343463,8.540149,8.540149
1.7974057e+25,0.93800265,1.0023005,310000.0,151467.27,149824.06,149824.05,18.959988,10.343067,8.54015,8.540148
1.7974057e+25,0.9245664,0.99988073,310000.0,151467.36,149824.03,149824.05,18.959988,10.343362,8.54015,8.540149
1.7974057e+25,0.92519546,0.9995894,310000.0,151467.38,149824.05,149824.05,18.959988,10.343627,8.540149,8.540149
1.7974057e+25,0.9089121,0.99962825,310000.0,151467.34,149824.03,149824.05,18.959988,10.343107,8.54015,8.540149
1.7974057e+25,0.89406437,0.9995166,310000.0,151467.34,149824.06,149824.08,18.959988,10.343121,8.54015,8.540149
1.7974057e+25,0.89470375,0.9993996,310000.0,151467.42,149824.05,149824.06,18.959988,10.343486,8.54015,8.540148
1.7974057e+25,0.92433745,0.9996896,310000.0,151467.38,149824.05,149824.08,18.959988,10.343412,8.54015,8.54015
1.7974057e+25,0.9305517,1.0000566,310000.0,151467.4,149824.06,149824.06,18.959988,10.343407,8.540151,8.540149
1.7974057e+25,0.9357801,1.0001009,310000.0,151467.38,149824.08,149824.05,18.959988,10.342934,8.540149,8.540149
1.7974057e+25,0.93529415,0.99977285,310000.0,151467.39,149824.06,149824.06,18.959988,10.343312,8.540149,8.540148
1.7974057e+25,0.9085706,0.99970835,310000.0,151467.34,149824.03,149824.06,18.959988,10.343084,8.540149,8.54015
1.7974057e+25,0.93272984,1.0017526,310000.0,151467.36,149824.05,149824.05,18.959988,10.343437,8.54015,8.54015
1.7974057e+25,0.93101656,1.0022558,310000.0,151467.4,149824.05,149824.06,18.959988,10.343293,8.54015,8.540149
1.7974057e+25,0.9320611,1.0019844,310000.0,151467.39,149824.06,149824.06,18.959988,10.343315,8.540151,8.540149
1.7974057e+25,0.93043244,1.0018433,310000.0,151467.42,149824.06,149824.05,18.959988,10.34357,8.54015,8.540149
1.7974057e+25,0.9362921,1.0017364,310000.0,151467.33,149824.06,149824.05,18.959988,10.343517,8.540151,8.540149
1.7974057e+25,0.9313461,1.00169,310000.0,151467.38,149824.06,149824.05,18.959988,10.343156,8.540149,8.540149
1.7974057e+25,0.9343817,1.001749,310000.0,151467.39,149824.05,149824.06,18.959988,10.3435,8.540149,8.54015
1.7974057e+25,0.92432505,1.0019609,310000.0,151467.4,149824.06,149824.06,18.959988,10.343321,8.54015,8.540149
1.7974057e+25,0.9261881,1.0018505,310000.0,151467.4,149824.06,149824.08,18.959988,10.343583,8.54015,8.540149
1.7974057e+25,0.9322069,1.0020868,310000.0,151467.36,149824.06,149824.08,18.959988,10.343303,8.54015,8.540149
1.7974057e+25,0.91620886,1.0020077,310000.0,151467.36,149824.06,149824.06,18.959988,10.343419,8.54015,8.540149
1.7974057e+25,0.89633983,1.0013262,310000.0,151467.39,149824.06,149824.06,18.959988,10.343578,8.540149,8.54015
1.7974057e+25,0.9432738,1.0018034,310000.0,151467.4,149824.05,149824.05,18.959988,10.343254,8.540149,8.540149
1.7974057e+25,0.94046825,1.0021223,310000.0,151467.39,149824.06,149824.03,18.959988,10.343569,8.54015,8.540149
1.7974057e+25,0.8871683,1.0013342,310000.0,151467.36,149824.08,149824.06,18.959988,10.34339,8.54015,8.540149
1.7974057e+25,0.91618645,1.0017506,310000.0,151467.36,149824.05,149824.1,18.959988,10.343188,8.54015,8.540149
1.7974057e+25,0.93715864,1.0019193,310000.0,151467.38,149824.05,149824.1,18.959988,10.343161,8.540149,8.540149
1.7974057e+25,0.89740896,1.001385,310000.0,151467.4,149824.05,149824.03,18.959988,10.343608,8.54015,8.540149
1.7974057e+25,0.9386662,1.0021043,310000.0,151467.39,149824.03,149824.08,18.959988,10.343293,8.54015,8.540149
1.7974057e+25,0.946657,1.0022482,310000.0,151467.38,149824.06,149824.06,18.959988,10.3431835,8.54015,8.540149
1.7974057e+25,0.9437784,1.0022655,310000.0,151467.36,149824.06,149824.08,18.959988,10.343202,8.54015,8.540148
1.7974057e+25,0.9438198,1.0022224,310000.0,151467.31,149824.05,149824.08,18.959988,10.343121,8.540151,8.540149
1.7974057e+25,0.9298783,1.0020368,310000.0,151467.39,149824.05,149824.05,18.959988,10.343377,8.54015,8.540149
1.7974057e+25,0.91419446,1.0015272,310000.0,151467.44,149824.05,149824.08,18.959988,10.343436,8.54015,8.54015
1.7974057e+25,0.93592715,1.0018146,310000.0,151467.36,149824.06,149824.05,18.959988,10.343199,8.540149,8.540149
1.7974057e+25,0.93615174,1.0021875,310000.0,151467.31,149824.06,149824.06,18.959988,10.343183,8.54015,8.540149
1.7974057e+25,0.9294349,1.0022213,310000.0,151467.36,149824.03,149824.05,18.959988,10.343063,8.54015,8.54015
1.7974057e+25,0.93897575,1.0017596,310000.0,151467.39,149824.05,149824.03,18.959988,10.343581,8.54015,8.540149
1.7974057e+25,0.9402771,1.0019828,310000.0,151467.38,149824.05,149824.08,18.959988,10.343462,8.54015,8.540149
1.7974057e+25,0.9207622,1.0016183,310000.0,151467.4,149824.05,149824.05,18.959988,10.343301,8.54015,8.540149
1.7974057e+25,0.9352245,1.0018723,310000.0,151467.34,149824.05,149824.02,18.959988,10.343281,8.540149,8.540149
1.7974057e+25,0.9490447,1.0021658,310000.0,151467.42,149824.06,149824.06,18.959988,10.343678,8.54015,8.540149
1.7974057e+25,0.92349195,1.0020572,310000.0,151467.33,149824.06,149824.05,18.959988,10.343243,8.54015,8.540149
1.7974057e+25,0.9346777,1.0020249,310000.0,151467.31,149824.06,149824.05,18.959988,10.343025,8.540149,8.540149
1.7974057e+25,0.91688144,1.0018067,310000.0,151467.38,149824.05,149824.05,18.959988,10.343247,8.540149,8.540149
1.7974057e+25,0.92299706,1.0021881,310000.0,151467.42,149824.06,149824.06,18.959988,10.343574,8.54015,8.540149
1.7974057e+25,0.9208711,1.001825,310000.0,151467.4,149824.05,149824.08,18.959988,10.343626,8.54015,8.540149
1.7974057e+25,0.9319198,1.0017099,310000.0,151467.31,149824.06,149824.05,18.959988,10.343153,8.540151,8.540149
1.7974057e+25,0.9085411,1.0012072,310000.0,151467.38,149824.05,149824.06,18.959988,10.343272,8.54015,8.540149
1.7974057e+25,0.92754376,1.0019978,310000.0,151467.4,149824.06,149824.06,18.959988,10.343465,8.540151,8.540149
1.7974057e+25,0.9418108,1.0020549,310000.0,151467.36,149824.08,149824.05,18.959988,10.343488,8.540151,8.540149
1.7974057e+25,0.9430362,1.0019984,310000.0,151467.39,149824.06,149824.06,18.959988,10.343266,8.540149,8.540149
1.7974057e+25,0.9046033,1.0017806,310000.0,151467.39,149824.06,149824.06,18.959988,10.3435335,8.540151,8.54015
1.7974057e+25,0.9352275,1.0021966,310000.0,151467.34,149824.08,149824.05,18.959988,10.343314,8.54015,8.540149
1.7974057e+25,0.9328187,1.002011,310000.0,151467.33,149824.06,149824.08,18.959988,10.343457,8.540151,8.540149
1.7974057e+25,0.924585,1.0021515,310000.0,151467.38,149824.05,149824.05,18.959988,10.343283,8.540151,8.540149
1.7974057e+25,0.9221893,1.0021831,310000.0,151467.39,149824.05,149824.06,18.959988,10.343243,8.540149,8.540149
1.7974057e+25,0.9327306,1.0020325,310000.0,151467.36,149824.05,149824.06,18.959988,10.343506,8.54015,8.540149
1.7974057e+25,0.943492,1.0019578,310000.0,151467.39,149824.05,149824.06,18.959988,10.343374,8.54015,8.540149
1.7974057e+25,0.9424478,1.002414,310000.0,151467.38,149824.06,149824.06,18.959988,10.343442,8.540151,8.540149
1.7974057e+25,0.88681775,1.00145,310000.0,151467.36,149824.05,149824.05,18.959988,10.3431225,8.540149,8.54015
1.7974057e+25,0.92418957,1.0022036,310000.0,151467.4,149824.05,149824.08,18.959988,10.34351,8.540149,8.540149
1.7974057e+25,0.9257082,1.0016483,310000.0,151467.39,149824.05,149824.08,18.959988,10.343611,8.54015,8.540149
1.7974057e+25,0.9090558,1.0016701,310000.0,151467.39,149824.05,149824.06,18.959988,10.343212,8.540151,8.540149
1.7974057e+25,0.92480654,1.0021787,310000.0,151467.36,149824.03,149824.06,18.959988,10.34343,8.54015,8.540149
1.7974057e+25,0.93410814,1.0018367,310000.0,151467.39,149824.06,149824.06,18.959988,10.343467,8.540151,8.54015
1.7974057e+25,0.9331272,1.0021355,310000.0,151467.36,149824.03,149824.06,18.959988,10.343389,8.540149,8.540149
1.7974057e+25,0.9286873,1.0020155,310000.0,151467.38,149824.05,149824.06,18.959988,10.34308,8.54015,8.540149
1.7974057e+25,0.9279995,1.0020005,310000.0,151467.39,149824.06,149824.06,18.959988,10.343539,8.54015,8.540149
1.7974057e+25,0.9490235,1.0023438,310000.0,151467.36,149824.05,149824.08,18.959988,10.343073,8.54015,8.540149
1.7974057e+25,0.93623513,1.0018318,310000.0,151467.4,149824.03,149824.05,18.959988,10.343489,8.54015,8.540149
1.7974057e+25,0.9322226,1.002097,310000.0,151467.4,149824.05,149824.06,18.959988,10.3436575,8.540149,8.540149
1.7974057e+25,0.93327266,1.0022689,310000.0,151467.42,149824.05,149824.05,18.959988,10.343643,8.540149,8.540149
1.7974057e+25,0.8920647,1.0014026,310000.0,151467.45,149824.06,149824.02,18.959988,10.343739,8.54015,8.540149
1.7974057e+25,0.91229796,1.0017987,310000.0,151467.36,149824.06,149824.05,18.959988,10.343274,8.54015,8.540149
1.7974057e+25,0.9343628,1.0019035,310000.0,151467.38,149824.06,149824.06,18.959988,10.343426,8.540151,8.540148
1.7974057e+25,0.94274473,1.00224,310000.0,151467.33,149824.06,149824.06,18.959988,10.342919,8.54015,8.540149
1.7974057e+25,0.92441565,1.0024666,310000.0,151467.42,149824.06,149824.06,18.959988,10.343384,8.540151,8.540149
1.7974057e+25,0.9342442,1.0020704,310000.0,151467.38,149824.06,149824.08,18.959988,10.343263,8.54015,8.54015
1.7974057e+25,0.9462292,1.0023397,310000.0,151467.36,149824.05,149824.06,18.959988,10.343271,8.540149,8.540149
1.7974057e+25,0.92833835,1.0016633,310000.0,151467.42,149824.05,149824.08,18.959988,10.343814,8.54015,8.540149
1.7974057e+25,0.9206425,1.0020831,310000.0,151467.38,149824.05,149824.06,18.959988,10.343307,8.54015,8.540149
1.7974057e+25,0.9170958,1.0015395,310000.0,151467.42,149824.05,149824.06,18.959988,10.343509,8.54015,8.540149
1.7974057e+25,0.92949665,1.001842,310000.0,151467.39,149824.05,149824.08,18.959988,10.343331,8.54015,8.540149
1.7974057e+25,0.91741055,1.0014331,310000.0,151467.38,149824.06,149824.08,18.959988,10.343539,8.54015,8.54015
1.7974057e+25,0.9257431,1.0016711,310000.0,151467.4,149824.06,149824.06,18.959988,10.343651,8.540151,8.540149
1.7974057e+25,0.93786454,1.0020245,310000.0,151467.38,149824.08,149824.08,18.959988,10.343339,8.540151,8.540149
1.7974057e+25,0.92979205,1.0021687,310000.0,151467.38,149824.06,149824.06,18.959988,10.343438,8.54015,8.540149
1.7974057e+25,0.9214557,1.0018948,310000.0,151467.36,149824.03,149824.06,18.959988,10.343305,8.540149,8.540149
1.7974057e+25,0.9287672,1.0020996,310000.0,151467.39,149824.05,149824.08,18.959988,10.343445,8.54015,8.540149
1.7974057e+25,0.94027245,1.0025988,310000.0,151467.4,149824.06,149824.06,18.959988,10.343593,8.54015,8.540149
1.7974057e+25,0.9182015,1.0018855,310000.0,151467.38,149824.06,149824.06,18.959988,10.34374,8.54015,8.540149
1.7974057e+25,0.93268204,1.0020114,310000.0,151467.38,149824.06,149824.03,18.959988,10.343281,8.54015,8.540149
1.7974057e+25,0.928748,1.0020435,310000.0,151467.36,149824.06,149824.06,18.959988,10.343718,8.54015,8.540149
1.7974057e+25,0.9345161,1.0023593,310000.0,151467.39,149824.06,149824.06,18.959988,10.343247,8.540149,8.540149
1.7974057e+25,0.92652273,1.0020164,310000.0,151467.38,149824.05,149824.06,18.959988,10.343478,8.54015,8.540149
1.7974057e+25,0.940092,1.0022029,310000.0,151467.33,149824.06,149824.06,18.959988,10.343164,8.54015,8.540149
1.7974057e+25,0.9437357,1.0020916,310000.0,151467.38,149824.06,149824.06,18.959988,10.343634,8.540151,8.540149
1.7974057e+25,0.9135831,1.0017835,310000.0,151467.42,149824.06,149824.03,18.959988,10.343253,8.54015,8.540149
1.7974057e+25,0.9234965,1.0021533,310000.0,151467.33,149824.06,149824.08,18.959988,10.342989,8.54015,8.540149
1.7974057e+25,0.93803257,1.0022807,310000.0,151467.38,149824.06,149824.05,18.959988,10.3433895,8.54015,8.54015
1.7974057e+25,0.93194765,1.002288,310000.0,151467.39,149824.06,149824.05,18.959988,10.34344,8.54015,8.540149
1.7974057e+25,0.92506224,1.0022802,310000.0,151467.39,149824.05,149824.03,18.959988,10.3435955,8.54015,8.540149
1.7974057e+25,0.9379172,1.0019081,310000.0,151467.42,149824.06,149824.08,18.959988,10.343702,8.54015,8.540149
1.7974057e+25,0.9415996,1.0019833,310000.0,151467.36,149824.06,149824.06,18.959988,10.343203,8.540151,8.540149
1.7974057e+25,0.93734616,1.0023427,310000.0,151467.38,149824.05,149824.05,18.959988,10.3433,8.540149,8.540149
1.7974057e+25,0.93135625,1.0019987,310000.0,151467.34,149824.06,149824.05,18.959988,10.343323,8.540151,8.540148
1.7974057e+25,0.93670154,1.002151,310000.0,151467.39,149824.05,149824.05,18.959988,10.343376,8.54015,8.540149
1.7974057e+25,0.9366877,1.002606,310000.0,151467.34,149824.05,149824.03,18.959988,10.34315,8.54015,8.540149
1.7974057e+25,0.92962664,1.0018066,310000.0,151467.33,149824.06,149824.05,18.959988,10.3433695,8.54015,8.540149
1.7974057e+25,0.9333931,1.0022285,310000.0,151467.39,149824.06,149824.06,18.959988,10.343586,8.54015,8.540149
1.7974057e+25,0.92763084,1.0022327,310000.0,151467.38,149824.05,149824.05,18.959988,10.34368,8.54015,8.540148
1.7974057e+25,0.9275013,1.0017595,310000.0,151467.39,149824.06,149824.03,18.959988,10.343488,8.54015,8.540149
1.7974057e+25,0.9299589,1.0019672,310000.0,151467.38,149824.05,149824.06,18.959988,10.343352,8.540149,8.540149
1.7974057e+25,0.95807713,1.0022599,310000.0,151467.33,149824.08,149824.06,18.959988,10.343161,8.54015,8.540148
1.7974057e+25,0.94358367,1.0025,310000.0,151467.4,149824.06,149824.05,18.959988,10.343318,8.54015,8.540149
1.7974057e+25,0.9279799,1.0018709,310000.0,151467.42,149824.06,149824.06,18.959988,10.343479,8.54015,8.540149
1.7974057e+25,0.9175417,0.99993277,310000.0,151467.38,149824.06,149824.06,18.959988,10.343133,8.54015,8.540148
1.7974057e+25,0.9140536,0.9994305,310000.0,151467.4,149824.05,149824.05,18.959988,10.343563,8.540149,8.540147
1.7974057e+25,0.92188007,0.9997168,310000.0,151467.38,149824.06,149824.06,18.959988,10.343484,8.540151,8.540148
1.7974057e+25,0.91847205,0.9997561,310000.0,151467.38,149824.08,149824.06,18.959988,10.343302,8.54015,8.540146
1.7974057e+25,0.928496,0.9997612,310000.0,151467.33,149824.05,149824.06,18.959988,10.343573,8.540149,8.540148
1.7974057e+25,0.91337603,0.99972785,310000.0,151467.39,149824.06,149824.05,18.959988,10.34349,8.54015,8.540147
1.7974057e+25,0.9147033,0.9999891,310000.0,151467.38,149824.06,149824.05,18.959988,10.343365,8.54015,8.540147
1.7974057e+25,0.9417749,1.0022771,310000.0,151467.4,149824.06,149824.06,18.959988,10.343458,8.54015,8.540147
1.7974057e+25,0.91532815,1.0022134,310000.0,151467.31,149824.08,149824.05,18.959988,10.343134,8.54015,8.540147
1.7974057e+25,0.9361451,1.0023328,310000.0,151467.42,149824.05,149824.06,18.959988,10.343336,8.540149,8.540148
1.7974057e+25,0.9309282,1.0019617,310000.0,151467.4,149824.06,149824.05,18.959988,10.343421,8.540149,8.540146
1.7974057e+25,0.93925387,1.0023794,310000.0,151467.39,149824.05,149824.06,18.959988,10.343369,8.540151,8.540147
1.7974057e+25,0.9480708,1.0022712,310000.0,151467.39,149824.06,149824.05,18.959988,10.343493,8.540151,8.540147
1.7974057e+25,0.92266846,1.0015833,310000.0,151467.45,149824.05,149824.05,18.959988,10.343533,8.54015,8.540147
1.7974057e+25,0.921341,1.0017147,310000.0,151467.33,149824.06,149824.05,18.959988,10.34307,8.540149,8.540147
1.7974057e+25,0.93855023,1.0019947,310000.0,151467.36,149824.05,149824.05,18.959988,10.343293,8.54015,8.540147
1.7974057e+25,0.93796045,1.0022871,310000.0,151467.36,149824.06,149824.05,18.959988,10.34337,8.540149,8.540147
1.7974057e+25,0.92258555,1.0018402,310000.0,151467.33,149824.05,149824.06,18.959988,10.343142,8.54015,8.540147
1.7974057e+25,0.9443541,1.0020287,310000.0,151467.38,149824.05,149824.05,18.959988,10.343534,8.54015,8.540147
1.7974057e+25,0.9332881,1.0018982,310000.0,151467.39,149824.06,149824.06,18.959988,10.343328,8.54015,8.540147
1.7974057e+25,0.91411453,1.0018086,310000.0,151467.4,149824.08,149824.05,18.959988,10.343331,8.54015,8.540147
1.7974057e+25,0.9267128,1.0018886,310000.0,151467.31,149824.06,149824.06,18.959988,10.3431835,8.54015,8.540146
1.7974057e+25,0.95820075,1.002257,310000.0,151467.4,149824.05,149824.05,18.959988,10.343648,8.540149,8.540147
1.7974057e+25,0.93582165,1.0020461,310000.0,151467.38,149824.06,149824.05,18.959988,10.343375,8.54015,8.540147
1.7974057e+25,0.9487217,1.002292,310000.0,151467.4,149824.06,149824.06,18.959988,10.343579,8.540151,8.540147
1.7974057e+25,0.945811,1.0021188,310000.0,151467.42,149824.05,149824.05,18.959988,10.343636,8.54015,8.540148
1.7974057e+25,0.95197463,1.0024515,310000.0,151467.39,149824.05,149824.03,18.959988,10.3432665,8.54015,8.540146
1.7974057e+25,0.93163526,1.0016016,310000.0,151467.38,149824.06,149824.05,18.959988,10.3435135,8.540149,8.540147
1.7974057e+25,0.91380674,1.0020313,310000.0,151467.39,149824.08,149824.06,18.959988,10.343703,8.54015,8.540147
1.7974057e+25,0.9236762,1.0021347,310000.0,151467.39,149824.03,149824.05,18.959988,10.343548,8.54015,8.540147
1.7974057e+25,0.9217601,1.0015466,310000.0,151467.42,149824.08,149824.05,18.959988,10.343822,8.54015,8.540146
1.7974057e+25,0.9352925,1.0020115,310000.0,151467.34,149824.06,149824.06,18.959988,10.343304,8.54015,8.540146
1.7974057e+25,0.92033815,1.0021659,310000.0,151467.34,149824.1,149824.05,18.959988,10.34348,8.54015,8.540148
1.7974057e+25,0.9286466,1.002394,310000.0,151467.39,149824.08,149824.08,18.959988,10.343434,8.54015,8.540147
1.7974057e+25,0.9324829,1.0022274,310000.0,151467.34,149824.06,149824.06,18.959988,10.343138,8.54015,8.540146
1.7974057e+25,0.9217356,1.0016664,310000.0,151467.38,149824.05,149824.06,18.959988,10.34321,8.540149,8.540148
1.7974057e+25,0.94014585,1.0018214,310000.0,151467.39,149824.05,149824.05,18.959988,10.343284,8.54015,8.540147
1.7974057e+25,0.9312959,1.0019947,310000.0,151467.36,149824.03,149824.03,18.959988,10.343094,8.540149,8.540146
1.7974057e+25,0.94287133,1.0019212,310000.0,151467.39,149824.06,149824.06,18.959988,10.343464,8.540149,8.540148
1.7974057e+25,0.93391603,1.0019841,310000.0,151467.38,149824.05,149824.05,18.959988,10.343108,8.540151,8.540147
1.7974057e+25,0.94245803,1.0021936,310000.0,151467.39,149824.06,149824.06,18.959988,10.343254,8.54015,8.540147
1.7974057e+25,0.930312,1.0018536,310000.0,151467.36,149824.08,149824.05,18.959988,10.343359,8.54015,8.540147
1.7974057e+25,0.9338114,1.0018389,310000.0,151467.39,149824.06,149824.06,18.959988,10.343348,8.540151,8.540148
1.7974057e+25,0.9395968,1.0019308,310000.0,151467.33,149824.03,149824.03,18.959988,10.34329,8.540149,8.540146
1.7974057e+25,0.94164234,1.0019274,310000.0,151467.33,149824.06,149824.05,18.959988,10.343354,8.540151,8.540146
1.7974057e+25,0.9282419,1.0019609,310000.0,151467.39,149824.06,149824.06,18.959988,10.343239,8.540149,8.540146
1.7974057e+25,0.93232405,1.0017666,310000.0,151467.4,149824.05,149824.05,18.959988,10.343268,8.54015,8.540147
1.7974057e+25,0.93029696,1.0019313,310000.0,151467.38,149824.1,149824.06,18.959988,10.343579,8.540151,8.540147
1.7974057e+25,0.9311168,1.0018402,310000.0,151467.31,149824.03,149824.06,18.959988,10.343554,8.54015,8.540147
1.7974057e+25,0.9483356,1.0020735,310000.0,151467.39,149824.05,149824.05,18.959988,10.343324,8.54015,8.540147
1.7974057e+25,0.9284786,1.0021449,310000.0,151467.44,149824.05,149824.06,18.959988,10.343543,8.54015,8.540147
1.7974057e+25,0.93893903,1.0022697,310000.0,151467.39,149824.05,149824.06,18.959988,10.34339,8.54015,8.540147
1.7974057e+25,0.9317758,1.001779,310000.0,151467.36,149824.05,149824.05,18.959988,10.3434925,8.54015,8.540147
1.7974057e+25,0.92323524,1.0017008,310000.0,151467.39,149824.05,149824.05,18.959988,10.343179,8.54015,8.540147
1.7974057e+25,0.94140464,1.002201,310000.0,151467.31,149824.06,149824.08,18.959988,10.342937,8.540151,8.540148
1.7974057e+25,0.9208989,1.0020856,310000.0,151467.38,149824.06,149824.03,18.959988,10.3433275,8.540151,8.540147
1.7974057e+25,0.9254639,1.0022224,310000.0,151467.38,149824.05,149824.05,18.959988,10.343341,8.54015,8.540147
1.7974057e+25,0.9342151,1.0021949,310000.0,151467.39,149824.06,149824.05,18.959988,10.343404,8.54015,8.540147
1.7974057e+25,0.93749344,1.002581,310000.0,151467.4,149824.05,149824.05,18.959988,10.343429,8.540151,8.540147
1.7974057e+25,0.924282,1.0021175,310000.0,151467.42,149824.03,149824.06,18.959988,10.3437805,8.540149,8.540148
1.7974057e+25,0.9357983,1.0019186,310000.0,151467.36,149824.05,149824.05,18.959988,10.343216,8.54015,8.540147
1.7974057e+25,0.94708633,1.0021825,310000.0,151467.38,149824.05,149824.05,18.959988,10.343746,8.54015,8.540147
1.7974057e+25,0.9378879,1.0022209,310000.0,151467.38,149824.05,149824.06,18.959988,10.34349,8.54015,8.540147
1.7974057e+25,0.9349991,1.0020367,310000.0,151467.4,149824.05,149824.06,18.959988,10.343611,8.540151,8.540147
1.7974057e+25,0.9271336,1.0017825,310000.0,151467.38,149824.05,149824.06,18.959988,10.343197,8.54015,8.540147
1.7974057e+25,0.93663734,1.0022281,310000.0,151467.36,149824.06,149824.05,18.959988,10.343286,8.540149,8.540147
1.7974057e+25,0.93906087,1.0016344,310000.0,151467.36,149824.08,149824.06,18.959988,10.343367,8.54015,8.540147
1.7974057e+25,0.9459162,1.0024451,310000.0,151467.39,149824.03,149824.06,18.959988,10.343551,8.540149,8.540147
1.7974057e+25,0.9217849,1.0017161,310000.0,151467.34,149824.06,149824.06,18.959988,10.343474,8.540149,8.540147
1.7974057e+25,0.9252326,1.0021298,310000.0,151467.4,149824.06,149824.06,18.959988,10.343392,8.54015,8.540147
1.7974057e+25,0.9147725,1.0017459,310000.0,151467.42,149824.08,149824.05,18.959988,10.343708,8.540151,8.540147
1.7974057e+25,0.9271375,1.0021354,310000.0,151467.4,149824.1,149824.05,18.959988,10.343559,8.540151,8.540147
1.7974057e+25,0.9458168,1.0026945,310000.0,151467.42,149824.06,149824.05,18.959988,10.343803,8.540151,8.540146
1.7974057e+25,0.92219263,1.0017623,310000.0,151467.36,149824.06,149824.06,18.959988,10.342985,8.54015,8.540147
1.7974057e+25,0.9162987,1.0014585,310000.0,151467.39,149824.06,149824.06,18.959988,10.3434105,8.54015,8.540147
1.7974057e+25,0.91113085,1.0015203,310000.0,151467.4,149824.05,149824.03,18.959988,10.343627,8.54015,8.540147
1.7974057e+25,0.92350185,1.0020046,310000.0,151467.38,149824.06,149824.06,18.959988,10.343438,8.54015,8.540147
1.7974057e+25,0.920223,1.0017921,310000.0,151467.39,149824.03,149824.03,18.959988,10.343395,8.54015,8.540146
1.7974057e+25,0.89703214,1.0011475,310000.0,151467.38,149824.05,149824.05,18.959988,10.343374,8.540149,8.540147
1.7974057e+25,0.9420576,1.0025588,310000.0,151467.38,149824.05,149824.05,18.959988,10.343757,8.54015,8.540147
1.7974057e+25,0.9314949,1.0022618,310000.0,151467.39,149824.03,149824.06,18.959988,10.343705,8.540149,8.540148
1.7974057e+25,0.92678887,1.0022256,310000.0,151467.4,149824.05,149824.05,18.959988,10.343543,8.54015,8.540147
1.7974057e+25,0.92987007,1.0024883,310000.0,151467.36,149824.05,149824.05,18.959988,10.343266,8.54015,8.540147
1.7974057e+25,0.9206484,1.0018576,310000.0,151467.4,149824.05,149824.05,18.959988,10.343863,8.54015,8.540147
1.7974057e+25,0.9261366,1.0018091,310000.0,151467.4,149824.05,149824.05,18.959988,10.343499,8.54015,8.540147
1.7974057e+25,0.916887,1.0020032,310000.0,151467.4,149824.05,149824.05,18.959988,10.343422,8.54015,8.540147
1.7974057e+25,0.9403127,1.0022897,310000.0,151467.4,149824.05,149824.05,18.959988,10.343715,8.540149,8.540147
1.7974057e+25,0.9379907,1.0017875,310000.0,151467.38,149824.06,149824.05,18.959988,10.343284,8.54015,8.540147
1.7974057e+25,0.9441284,1.002453,310000.0,151467.39,149824.06,149824.06,18.959988,10.343816,8.540149,8.540148
1.7974057e+25,0.9422747,1.002153,310000.0,151467.34,149824.03,149824.06,18.959988,10.343313,8.54015,8.540147
1.7974057e+25,0.93243206,1.0022489,310000.0,151467.38,149824.06,149824.06,18.959988,10.343329,8.54015,8.540148
1.7974057e+25,0.9268962,1.001957,310000.0,151467.4,149824.03,149824.06,18.959988,10.343588,8.540149,8.540148
1.7974057e+25,0.93988526,1.0026784,310000.0,151467.4,149824.06,149824.05,18.959988,10.343542,8.540151,8.540146
1.7974057e+25,0.9337651,1.0017658,310000.0,151467.42,149824.06,149824.05,18.959988,10.343755,8.540149,8.540147
1.7974057e+25,0.9263973,1.0018045,310000.0,151467.34,149824.06,149824.05,18.959988,10.343083,8.54015,8.540148
1.7974057e+25,0.9101342,1.0015053,310000.0,151467.4,149824.06,149824.05,18.959988,10.3433485,8.54015,8.540146
1.7974057e+25,0.9310057,1.0020217,310000.0,151467.39,149824.06,149824.05,18.959988,10.343726,8.540149,8.540147
1.7974057e+25,0.94091046,1.0020901,310000.0,151467.38,149824.05,149824.05,18.959988,10.343229,8.540149,8.540147
1.7974057e+25,0.92302704,1.0017434,310000.0,151467.38,149824.05,149824.06,18.959988,10.343639,8.54015,8.540147
1.7974057e+25,0.9534068,1.0023721,310000.0,151467.34,149824.05,149824.05,18.959988,10.343214,8.54015,8.540147
1.7974057e+25,0.937009,1.0025333,310000.0,151467.38,149824.05,149824.06,18.959988,10.343396,8.54015,8.540147
1.7974057e+25,0.9128345,1.0019698,310000.0,151467.39,149824.05,149824.05,18.959988,10.34335,8.54015,8.540147
1.7974057e+25,0.93599784,1.002202,310000.0,151467.36,149824.06,149824.06,18.959988,10.343352,8.54015,8.540147
1.7974057e+25,0.9382488,1.0026354,310000.0,151467.38,149824.08,149824.06,18.959988,10.3433485,8.540151,8.540147
1.7974057e+25,0.93619096,1.0023228,310000.0,151467.42,149824.06,149824.05,18.959988,10.343595,8.54015,8.540147
1.7974057e+25,0.94487196,1.0018722,310000.0,151467.39,149824.05,149824.06,18.959988,10.34298,8.54015,8.540147
1.7974057e+25,0.9387638,1.0028425,310000.0,151467.42,149824.06,149824.05,18.959988,10.343787,8.540151,8.540146
1.7974057e+25,0.9339033,1.002219,310000.0,151467.38,149824.06,149824.05,18.959988,10.343521,8.540149,8.540147
1.7974057e+25,0.9367471,1.0023471,310000.0,151467.39,149824.08,149824.06,18.959988,10.343275,8.54015,8.540148
1.7974057e+25,0.94534445,1.002457,310000.0,151467.39,149824.08,149824.06,18.959988,10.343497,8.54015,8.540147
1.7974057e+25,0.93831176,1.0022122,310000.0,151467.4,149824.06,149824.06,18.959988,10.343386,8.54015,8.540147
1.7974057e+25,0.9302026,1.0019614,310000.0,151467.38,149824.06,149824.06,18.959988,10.343281,8.54015,8.540146
1.7974057e+25,0.91090214,0.99967635,310000.0,151467.34,149824.03,149824.06,18.959988,10.343396,8.54015,8.540152
1.7974057e+25,0.9202353,1.0000386,310000.0,151467.44,149824.05,149824.06,18.959988,10.343623,8.540149,8.540153
1.7974057e+25,0.91428906,0.9994695,310000.0,151467.34,149824.06,149824.05,18.959988,10.343569,8.54015,8.540153
1.7974057e+25,0.90762854,0.9999799,310000.0,151467.38,149824.06,149824.06,18.959988,10.343193,8.540151,8.540152
1.7974057e+25,0.9261627,1.000073,310000.0,151467.31,149824.06,149824.05,18.959988,10.343189,8.540149,8.540153
1.7974057e+25,0.92514676,0.99955773,310000.0,151467.38,149824.06,149824.05,18.959988,10.343339,8.540149,8.540152
1.7974057e+25,0.900084,0.9995823,310000.0,151467.36,149824.05,149824.05,18.959988,10.343023,8.54015,8.540152
1.7974057e+25,0.8924157,0.9995768,310000.0,151467.36,149824.03,149824.06,18.959988,10.3431015,8.54015,8.540152
1.7974057e+25,0.91255885,0.9998665,310000.0,151467.36,149824.05,149824.05,18.959988,10.343296,8.540149,8.540153
1.7974057e+25,0.92390245,1.0013953,310000.0,151467.39,149824.06,149824.03,18.959988,10.343511,8.54015,8.540152
1.7974057e+25,0.9403858,1.0022799,310000.0,151467.34,149824.08,149824.03,18.959988,10.34323,8.54015,8.540152
1.7974057e+25,0.9354667,1.0016508,310000.0,151467.36,149824.05,149824.06,18.959988,10.343219,8.54015,8.540153
1.7974057e+25,0.9218259,1.0013196,310000.0,151467.4,149824.05,149824.05,18.959988,10.343531,8.54015,8.540153
1.7974057e+25,0.90332603,1.0011328,310000.0,151467.4,149824.05,149824.06,18.959988,10.343483,8.54015,8.540153
1.7974057e+25,0.9116284,1.0011601,310000.0,151467.36,149824.06,149824.05,18.959988,10.343526,8.54015,8.540152
1.7974057e+25,0.9323489,1.0022155,310000.0,151467.4,149824.06,149824.05,18.959988,10.343643,8.540149,8.540152
1.7974057e+25,0.93110955,1.0017275,310000.0,151467.34,149824.06,149824.06,18.959988,10.343462,8.54015,8.540153
1.7974057e+25,0.9432663,1.0024003,310000.0,151467.38,149824.05,149824.06,18.959988,10.343331,8.54015,8.540153
1.7974057e+25,0.93000233,1.0022805,310000.0,151467.39,149824.05,149824.06,18.959988,10.34332,8.54015,8.540151
1.7974057e+25,0.93119514,1.0017369,310000.0,151467.34,149824.05,149824.05,18.959988,10.343471,8.54015,8.540153
1.7974057e+25,0.90880466,1.001364,310000.0,151467.38,149824.05,149824.08,18.959988,10.343253,8.540149,8.540153
1.7974057e+25,0.9375759,1.0018746,310000.0,151467.4,149824.06,149824.03,18.959988,10.343502,8.540149,8.540152
1.7974057e+25,0.8984826,1.0011344,310000.0,151467.34,149824.05,149824.05,18.959988,10.343216,8.54015,8.540153
1.7974057e+25,0.9281343,1.0014547,310000.0,151467.42,149824.06,149824.08,18.959988,10.343552,8.540149,8.540153
1.7974057e+25,0.941705,1.002341,310000.0,151467.39,149824.06,149824.05,18.959988,10.343402,8.540149,8.5401535
1.7974057e+25,0.93425125,1.0022656,310000.0,151467.4,149824.05,149824.06,18.959988,10.343777,8.54015,8.540152
1.7974057e+25,0.9264019,1.0017942,310000.0,151467.44,149824.05,149824.06,18.959988,10.343731,8.54015,8.540153
1.7974057e+25,0.93979245,1.0017501,310000.0,151467.38,149824.06,149824.06,18.959988,10.343041,8.54015,8.540153
1.7974057e+25,0.9287245,1.0019462,310000.0,151467.34,149824.05,149824.05,18.959988,10.34291,8.54015,8.540153
1.7974057e+25,0.9310003,1.0015557,310000.0,151467.4,149824.05,149824.06,18.959988,10.343865,8.54015,8.540152
1.7974057e+25,0.93838644,1.0019369,310000.0,151467.38,149824.05,149824.06,18.959988,10.343095,8.540149,8.5401535
1.7974057e+25,0.9326028,1.0016211,310000.0,151467.4,149824.08,149824.06,18.959988,10.343496,8.540149,8.540153
1.7974057e+25,0.9391367,1.0020093,310000.0,151467.4,149824.06,149824.06,18.959988,10.34358,8.54015,8.540153
1.7974057e+25,0.9350033,1.0020251,310000.0,151467.38,149824.06,149824.05,18.959988,10.343524,8.54015,8.540153
1.7974057e+25,0.9501577,1.0025548,310000.0,151467.38,149824.06,149824.06,18.959988,10.343295,8.540149,8.540153
1.7974057e+25,0.926705,1.0014576,310000.0,151467.34,149824.05,149824.05,18.959988,10.343391,8.54015,8.540153
1.7974057e+25,0.9463919,1.0024022,310000.0,151467.39,149824.05,149824.05,18.959988,10.343264,8.54015,8.540153
1.7974057e+25,0.9427619,1.0025203,310000.0,151467.4,149824.05,149824.06,18.959988,10.343415,8.54015,8.540153
1.7974057e+25,0.95024747,1.002507,310000.0,151467.38,149824.06,149824.06,18.959988,10.343321,8.54015,8.540153
1.7974057e+25,0.9315089,1.0024834,310000.0,151467.39,149824.08,149824.03,18.959988,10.343292,8.54015,8.540153
1.7974057e+25,0.93618673,1.0022027,310000.0,151467.4,149824.05,149824.05,18.959988,10.343266,8.540149,8.540153
1.7974057e+25,0.93768626,1.0023575,310000.0,151467.4,149824.06,149824.08,18.959988,10.3434515,8.540149,8.540153
1.7974057e+25,0.9228158,1.0020556,310000.0,151467.42,149824.06,149824.05,18.959988,10.343744,8.540149,8.540152
1.7974057e+25,0.94236434,1.0025681,310000.0,151467.38,149824.05,149824.05,18.959988,10.343155,8.540149,8.540152
1.7974057e+25,0.94811594,1.0020303,310000.0,151467.44,149824.08,149824.03,18.959988,10.343604,8.54015,8.540153
1.7974057e+25,0.94230634,1.0020176,310000.0,151467.39,149824.05,149824.06,18.959988,10.343397,8.540149,8.540153
1.7974057e+25,0.92374235,1.0018913,310000.0,151467.4,149824.06,149824.05,18.959988,10.343497,8.540149,8.540153
1.7974057e+25,0.93734294,1.0023019,310000.0,151467.38,149824.06,149824.06,18.959988,10.343233,8.540151,8.540153
1.7974057e+25,0.9492604,1.0025223,310000.0,151467.39,149824.06,149824.08,18.959988,10.343503,8.54015,8.540153
1.7974057e+25,0.92538345,1.0013354,310000.0,151467.39,149824.06,149824.06,18.959988,10.343542,8.540149,8.5401535
1.7974057e+25,0.922292,1.0019569,310000.0,151467.34,149824.05,149824.06,18.959988,10.343235,8.54015,8.540152
1.7974057e+25,0.92191845,1.0018723,310000.0,151467.39,149824.03,149824.05,18.959988,10.343361,8.54015,8.540152
1.7974057e+25,0.9286657,1.0022148,310000.0,151467.34,149824.05,149824.05,18.959988,10.343296,8.540149,8.540153
1.7974057e+25,0.9188661,1.0014594,310000.0,151467.44,149824.06,149824.05,18.959988,10.343588,8.54015,8.540152
1.7974057e+25,0.95153046,1.0026395,310000.0,151467.39,149824.06,149824.03,18.959988,10.3434725,8.540151,8.540152
1.7974057e+25,0.93947077,1.0020278,310000.0,151467.42,149824.08,149824.05,18.959988,10.343508,8.540149,8.540153
1.7974057e+25,0.92922187,1.0018693,310000.0,151467.39,149824.05,149824.05,18.959988,10.3432665,8.540149,8.540153
1.7974057e+25,0.94025874,1.0018706,310000.0,151467.39,149824.06,149824.05,18.959988,10.343322,8.54015,8.540153
1.7974057e+25,0.9465628,1.0028727,310000.0,151467.38,149824.06,149824.08,18.959988,10.3433895,8.540148,8.540153
1.7974057e+25,0.945192,1.0024875,310000.0,151467.39,149824.05,149824.05,18.959988,10.343398,8.54015,8.540153
1.7974057e+25,0.9488009,1.0024854,310000.0,151467.39,149824.06,149824.05,18.959988,10.343465,8.54015,8.540152
1.7974057e+25,0.9402346,1.0021218,310000.0,151467.39,149824.06,149824.06,18.959988,10.343536,8.54015,8.540153
1.7974057e+25,0.9452713,1.0023761,310000.0,151467.42,149824.03,149824.08,18.959988,10.343723,8.540149,8.5401535
1.7974057e+25,0.9428215,1.0024387,310000.0,151467.36,149824.05,149824.05,18.959988,10.3435755,8.54015,8.540153
1.7974057e+25,0.95759547,1.0027275,310000.0,151467.38,149824.06,149824.05,18.959988,10.343422,8.54015,8.540152
1.7974057e+25,0.9274497,1.0023091,310000.0,151467.42,149824.05,149824.05,18.959988,10.343326,8.54015,8.540153
1.7974057e+25,0.92665386,1.0025187,310000.0,151467.36,149824.03,149824.06,18.959988,10.343356,8.540149,8.540152
1.7974057e+25,0.942858,1.0026155,310000.0,151467.4,149824.05,149824.05,18.959988,10.343398,8.54015,8.540153
1.7974057e+25,0.9273133,1.0023601,310000.0,151467.33,149824.06,149824.05,18.959988,10.343071,8.54015,8.540152
1.7974057e+25,0.92866343,1.0019971,310000.0,151467.38,149824.03,149824.08,18.959988,10.343205,8.540149,8.5401535
1.7974057e+25,0.9472201,1.0026226,310000.0,151467.36,149824.06,149824.06,18.959988,10.343341,8.540149,8.540153
1.7974057e+25,0.9275022,1.0022575,310000.0,151467.4,149824.06,149824.03,18.959988,10.343204,8.54015,8.540153
1.7974057e+25,0.93471956,1.0020447,310000.0,151467.38,149824.05,149824.06,18.959988,10.343646,8.540149,8.5401535
1.7974057e+25,0.920787,1.002313,310000.0,151467.38,149824.06,149824.06,18.959988,10.343196,8.54015,8.540153
1.7974057e+25,0.93725896,1.0025973,310000.0,151467.39,149824.08,149824.03,18.959988,10.343455,8.540152,8.540153
1.7974057e+25,0.9315341,1.0023416,310000.0,151467.39,149824.05,149824.06,18.959988,10.343064,8.54015,8.540153
1.7974057e+25,0.93399864,1.0024724,310000.0,151467.38,149824.03,149824.05,18.959988,10.343289,8.540149,8.540152
1.7974057e+25,0.951514,1.0025761,310000.0,151467.39,149824.06,149824.06,18.959988,10.3433895,8.540151,8.540153
1.7974057e+25,0.9276449,1.0022893,310000.0,151467.4,149824.08,149824.05,18.959988,10.343608,8.540151,8.540152
1.7974057e+25,0.93506646,1.0023547,310000.0,151467.36,149824.05,149824.05,18.959988,10.343268,8.54015,8.540152
1.7974057e+25,0.9431053,1.0028735,310000.0,151467.44,149824.05,149824.05,18.959988,10.343563,8.54015,8.540153
1.7974057e+25,0.94954693,1.0024602,310000.0,151467.36,149824.06,149824.06,18.959988,10.343562,8.54015,8.540152
1.7974057e+25,0.9225555,1.0019373,310000.0,151467.36,149824.05,149824.05,18.959988,10.343557,8.54015,8.540152
1.7974057e+25,0.9301048,1.0023893,310000.0,151467.36,149824.06,149824.05,18.959988,10.343306,8.540151,8.540153
1.7974057e+25,0.9305692,1.0020453,310000.0,151467.38,149824.05,149824.05,18.959988,10.343237,8.54015,8.540152
1.7974057e+25,0.9380802,1.002622,310000.0,151467.31,149824.06,149824.05,18.959988,10.343278,8.54015,8.5401535
1.7974057e+25,0.9307086,1.0022752,310000.0,151467.36,149824.06,149824.05,18.959988,10.343361,8.540151,8.540152
1.7974057e+25,0.9356148,1.0022594,310000.0,151467.38,149824.06,149824.08,18.959988,10.343167,8.540151,8.540152
1.7974057e+25,0.92266685,1.0013975,310000.0,151467.34,149824.06,149824.08,18.959988,10.343181,8.540149,8.540153
1.7974057e+25,0.91486144,1.0013579,310000.0,151467.38,149824.06,149824.05,18.959988,10.343389,8.54015,8.540153
1.7974057e+25,0.91783714,1.0015566,310000.0,151467.38,149824.05,149824.03,18.959988,10.343385,8.540149,8.540153
1.7974057e+25,0.9355523,1.0018668,310000.0,151467.36,149824.05,149824.06,18.959988,10.343519,8.540151,8.5401535
1.7974057e+25,0.9244792,1.0017732,310000.0,151467.4,149824.05,149824.06,18.959988,10.343329,8.54015,8.540153
1.7974057e+25,0.92770654,1.0020285,310000.0,151467.31,149824.06,149824.05,18.959988,10.343228,8.540149,8.540152
1.7974057e+25,0.92242223,1.0016068,310000.0,151467.39,149824.05,149824.05,18.959988,10.343419,8.540149,8.540152
1.7974057e+25,0.92795414,1.0017799,310000.0,151467.4,149824.05,149824.05,18.959988,10.343618,8.540149,8.540153
1.7974057e+25,0.95088184,1.0029259,310000.0,151467.38,149824.06,149824.05,18.959988,10.343638,8.540151,8.540152
1.7974057e+25,0.9480974,1.002078,310000.0,151467.4,149824.06,149824.05,18.959988,10.343423,8.540148,8.540153
1.7974057e+25,0.92744356,1.0018023,310000.0,151467.36,149824.06,149824.06,18.959988,10.343091,8.540151,8.540153
1.7974057e+25,0.92160326,1.0014732,310000.0,151467.34,149824.05,149824.05,18.959988,10.3431425,8.54015,8.540152
1.7974057e+25,0.93355304,1.0023761,310000.0,151467.44,149824.06,149824.06,18.959988,10.3437,8.54015,8.540152
1.7974057e+25,0.9353285,1.0024621,310000.0,151467.4,149824.03,149824.05,18.959988,10.343585,8.54015,8.5401535
1.7974057e+25,0.9373599,1.0021952,310000.0,151467.39,149824.05,149824.06,18.959988,10.343456,8.54015,8.540152
1.7974057e+25,0.9215275,0.9996306,310000.0,151467.36,149824.08,149824.05,18.959988,10.343441,8.54015,8.540148
1.7974057e+25,0.92067516,0.9998823,310000.0,151467.34,149824.05,149824.05,18.959988,10.3432045,8.54015,8.540148
1.7974057e+25,0.9236593,0.99978095,310000.0,151467.39,149824.06,149824.05,18.959988,10.343229,8.54015,8.540149
1.7974057e+25,0.922025,0.9998059,310000.0,151467.38,149824.05,149824.06,18.959988,10.343608,8.54015,8.540149
1.7974057e+25,0.9125656,0.9998983,310000.0,151467.36,149824.05,149824.06,18.959988,10.343189,8.54015,8.540148
1.7974057e+25,0.8934818,0.99969256,310000.0,151467.38,149824.06,149824.05,18.959988,10.343818,8.540149,8.540149
1.7974057e+25,0.91471916,0.99975014,310000.0,151467.36,149824.05,149824.05,18.959988,10.343553,8.54015,8.540149
1.7974057e+25,0.92173356,0.9999634,310000.0,151467.38,149824.05,149824.05,18.959988,10.343136,8.54015,8.540149
1.7974057e+25,0.9197946,0.99978167,310000.0,151467.38,149824.06,149824.03,18.959988,10.343425,8.54015,8.540149
1.7974057e+25,0.92690957,0.9995595,310000.0,151467.39,149824.05,149824.05,18.959988,10.343334,8.540149,8.540149
1.7974057e+25,0.93752086,0.99970996,310000.0,151467.39,149824.05,149824.05,18.959988,10.343622,8.540149,8.540148
1.7974057e+25,0.93479526,0.9997081,310000.0,151467.34,149824.05,149824.03,18.959988,10.343333,8.540151,8.540149
1.7974057e+25,0.928084,1.0021816,310000.0,151467.34,149824.05,149824.06,18.959988,10.343219,8.54015,8.540148
1.7974057e+25,0.93918914,1.0026126,310000.0,151467.39,149824.06,149824.06,18.959988,10.343164,8.54015,8.54015
1.7974057e+25,0.9342018,1.0024023,310000.0,151467.42,149824.06,149824.05,18.959988,10.3434515,8.54015,8.540148
1.7974057e+25,0.93908876,1.0023756,310000.0,151467.39,149824.06,149824.06,18.959988,10.343401,8.54015,8.540149
1.7974057e+25,0.9390052,1.0027152,310000.0,151467.38,149824.05,149824.05,18.959988,10.343468,8.540149,8.540149
1.7974057e+25,0.9273654,1.0023291,310000.0,151467.38,149824.06,149824.03,18.959988,10.343231,8.540151,8.540149
1.7974057e+25,0.9430932,1.0027529,310000.0,151467.4,149824.05,149824.05,18.959988,10.34359,8.54015,8.540149
1.7974057e+25,0.94435775,1.0028545,310000.0,151467.44,149824.05,149824.05,18.959988,10.343623,8.540151,8.540149
1.7974057e+25,0.93856883,1.0025934,310000.0,151467.34,149824.05,149824.06,18.959988,10.343111,8.540149,8.540149
1.7974057e+25,0.92498434,1.002351,310000.0,151467.36,149824.06,149824.05,18.959988,10.343568,8.540149,8.540149
1.7974057e+25,0.949797,1.0028288,310000.0,151467.34,149824.06,149824.05,18.959988,10.343325,8.540149,8.540148
1.7974057e+25,0.939937,1.0026432,310000.0,151467.4,149824.06,149824.05,18.959988,10.343477,8.540149,8.540149
1.7974057e+25,0.95552593,1.0029606,310000.0,151467.4,149824.06,149824.06,18.959988,10.343774,8.540151,8.540149
1.7974057e+25,0.9293453,1.0025367,310000.0,151467.39,149824.06,149824.08,18.959988,10.343502,8.540151,8.540149
1.7974057e+25,0.93391573,1.0024251,310000.0,151467.42,149824.06,149824.05,18.959988,10.343338,8.540151,8.540149
1.7974057e+25,0.9481857,1.0029198,310000.0,151467.4,149824.03,149824.06,18.959988,10.34357,8.540151,8.540149
1.7974057e+25,0.93970513,1.0026021,310000.0,151467.39,149824.03,149824.05,18.959988,10.343301,8.540148,8.540149
1.7974057e+25,0.94516355,1.0029043,310000.0,151467.38,149824.06,149824.05,18.959988,10.343263,8.54015,8.540149
1.7974057e+25,0.95795256,1.0033741,310000.0,151467.38,149824.05,149824.06,18.959988,10.343726,8.54015,8.540149
1.7974057e+25,0.9355915,1.0023936,310000.0,151467.34,149824.03,149824.05,18.959988,10.343405,8.540149,8.540149
1.7974057e+25,0.95013446,1.0029837,310000.0,151467.44,149824.08,149824.06,18.959988,10.3435755,8.54015,8.540149
1.7974057e+25,0.938574,1.0026667,310000.0,151467.42,149824.06,149824.05,18.959988,10.343471,8.54015,8.540149
1.7974057e+25,0.9377697,1.0025102,310000.0,151467.39,149824.06,149824.05,18.959988,10.343408,8.540151,8.540148
1.7974057e+25,0.94677395,1.0027068,310000.0,151467.36,149824.03,149824.05,18.959988,10.343077,8.54015,8.540149
1.7974057e+25,0.9321934,1.0024035,310000.0,151467.34,149824.06,149824.05,18.959988,10.343179,8.540149,8.540149
1.7974057e+25,0.9402061,1.0022447,310000.0,151467.4,149824.05,149824.05,18.959988,10.343449,8.54015,8.540148
1.7974057e+25,0.94009084,1.0026631,310000.0,151467.45,149824.03,149824.05,18.959988,10.343668,8.540149,8.540148
1.7974057e+25,0.9370253,1.0024531,310000.0,151467.4,149824.05,149824.1,18.959988,10.343663,8.54015,8.54015
1.7974057e+25,0.9559561,1.0025816,310000.0,151467.36,149824.05,149824.06,18.959988,10.34319,8.540149,8.540149
1.7974057e+25,0.93868405,1.0026903,310000.0,151467.42,149824.05,149824.06,18.959988,10.34369,8.54015,8.540149
1.7974057e+25,0.943126,1.0026577,310000.0,151467.39,149824.03,149824.05,18.959988,10.34347,8.540149,8.540149
1.7974057e+25,0.9311683,1.002759,310000.0,151467.39,149824.05,149824.05,18.959988,10.343234,8.540149,8.540149
1.7974057e+25,0.92470163,1.0024155,310000.0,151467.38,149824.03,149824.03,18.959988,10.343463,8.54015,8.540149
1.7974057e+25,0.9315812,1.0023376,310000.0,151467.4,149824.05,149824.05,18.959988,10.343295,8.54015,8.540149
1.7974057e+25,0.955338,1.0031434,310000.0,151467.39,149824.05,149824.05,18.959988,10.343517,8.540149,8.540149
1.7974057e+25,0.94203955,1.0027783,310000.0,151467.4,149824.06,149824.06,18.959988,10.343569,8.540149,8.540148
1.7974057e+25,0.92587686,1.0025904,310000.0,151467.42,149824.05,149824.06,18.959988,10.343655,8.540149,8.540149
1.7974057e+25,0.9285348,1.0023503,310000.0,151467.38,149824.05,149824.05,18.959988,10.343528,8.540151,8.540148
1.7974057e+25,0.9399349,1.0024818,310000.0,151467.39,149824.05,149824.03,18.959988,10.343454,8.540149,8.540148
1.7974057e+25,0.94263715,1.002748,310000.0,151467.38,149824.06,149824.06,18.959988,10.343465,8.54015,8.540149
1.7974057e+25,0.9373694,1.0023757,310000.0,151467.39,149824.06,149824.05,18.959988,10.34342,8.540149,8.540148
1.7974057e+25,0.94726163,1.0027382,310000.0,151467.34,149824.05,149824.06,18.959988,10.343081,8.540149,8.540149
1.7974057e+25,0.9399826,1.0025432,310000.0,151467.4,149824.06,149824.03,18.959988,10.343737,8.54015,8.540148
1.7974057e+25,0.95046365,1.0029373,310000.0,151467.39,149824.05,149824.06,18.959988,10.343649,8.540149,8.540149
1.7974057e+25,0.9257656,1.0025492,310000.0,151467.38,149824.05,149824.05,18.959988,10.343741,8.54015,8.540147
1.7974057e+25,0.9426254,1.0024734,310000.0,151467.42,149824.05,149824.05,18.959988,10.343528,8.54015,8.540148
1.7974057e+25,0.92545027,1.0023234,310000.0,151467.36,149824.06,149824.05,18.959988,10.343358,8.54015,8.540148
1.7974057e+25,0.9430651,1.0026106,310000.0,151467.36,149824.08,149824.05,18.959988,10.343182,8.54015,8.540148
1.7974057e+25,0.9423819,1.0026509,310000.0,151467.38,149824.05,149824.05,18.959988,10.343102,8.540149,8.540149
1.7974057e+25,0.9373876,1.0025722,310000.0,151467.36,149824.06,149824.06,18.959988,10.343568,8.54015,8.540149
1.7974057e+25,0.9473737,1.0024897,310000.0,151467.36,149824.05,149824.05,18.959988,10.34339,8.54015,8.540149
1.7974057e+25,0.94805783,1.0024911,310000.0,151467.36,149824.05,149824.06,18.959988,10.343404,8.540151,8.540148
1.7974057e+25,0.93374974,1.0024158,310000.0,151467.45,149824.08,149824.05,18.959988,10.343799,8.54015,8.540149
1.7974057e+25,0.9494721,1.0027521,310000.0,151467.38,149824.06,149824.05,18.959988,10.343123,8.54015,8.540149
1.7974057e+25,0.95957214,1.0026407,310000.0,151467.33,149824.05,149824.08,18.959988,10.343164,8.54015,8.540149
1.7974057e+25,0.9544438,1.0024232,310000.0,151467.4,149824.05,149824.05,18.959988,10.343389,8.54015,8.540148
1.7974057e+25,0.94357413,1.0030266,310000.0,151467.39,149824.06,149824.05,18.959988,10.34324,8.54015,8.540148
1.7974057e+25,0.9328655,1.0023258,310000.0,151467.38,149824.06,149824.05,18.959988,10.343223,8.54015,8.540149
1.7974057e+25,0.94781524,1.0029145,310000.0,151467.36,149824.05,149824.03,18.959988,10.343253,8.540149,8.540149
1.7974057e+25,0.94568914,1.0028208,310000.0,151467.31,149824.05,149824.06,18.959988,10.343186,8.54015,8.540148
1.7974057e+25,0.948365,1.0028874,310000.0,151467.36,149824.06,149824.05,18.959988,10.343306,8.54015,8.540149
1.7974057e+25,0.9110042,1.0023812,310000.0,151467.4,149824.05,149824.06,18.959988,10.343497,8.540149,8.540148
1.7974057e+25,0.9328485,1.0024885,310000.0,151467.38,149824.06,149824.05,18.959988,10.343105,8.54015,8.540149
1.7974057e+25,0.93710184,1.0029128,310000.0,151467.4,149824.06,149824.05,18.959988,10.343728,8.54015,8.540148
1.7974057e+25,0.94471806,1.0025805,310000.0,151467.42,149824.05,149824.03,18.959988,10.343561,8.54015,8.540148
1.7974057e+25,0.92852694,1.0023469,310000.0,151467.36,149824.06,149824.05,18.959988,10.3433485,8.540151,8.540148
1.7974057e+25,0.93645424,1.0027212,310000.0,151467.38,149824.06,149824.06,18.959988,10.343215,8.540149,8.540149
1.7974057e+25,0.93409574,1.0027084,310000.0,151467.39,149824.05,149824.06,18.959988,10.343289,8.54015,8.540149
1.7974057e+25,0.9399869,1.002512,310000.0,151467.4,149824.06,149824.05,18.959988,10.343578,8.54015,8.540149
1.7974057e+25,0.94620216,1.0028087,310000.0,151467.38,149824.06,149824.05,18.959988,10.3432,8.540151,8.540149
1.7974057e+25,0.9321172,1.0023394,310000.0,151467.4,149824.03,149824.06,18.959988,10.343745,8.540149,8.54015
1.7974057e+25,0.94672245,1.002781,310000.0,151467.33,149824.06,149824.05,18.959988,10.343226,8.540151,8.540148
1.7974057e+25,0.93433344,1.0025909,310000.0,151467.4,149824.03,149824.03,18.959988,10.343426,8.54015,8.540149
1.7974057e+25,0.9376231,1.0025494,310000.0,151467.4,149824.05,149824.05,18.959988,10.343408,8.540149,8.540149
1.7974057e+25,0.9274196,1.0022736,310000.0,151467.4,149824.05,149824.05,18.959988,10.343524,8.54015,8.540148
1.7974057e+25,0.932457,1.0025998,310000.0,151467.38,149824.06,149824.06,18.959988,10.343238,8.540151,8.540148
1.7974057e+25,0.93432283,1.0023814,310000.0,151467.4,149824.05,149824.08,18.959988,10.343656,8.54015,8.540148
1.7974057e+25,0.9392654,1.0027055,310000.0,151467.39,149824.06,149824.06,18.959988,10.343455,8.540151,8.540148
1.7974057e+25,0.9371058,1.0025038,310000.0,151467.38,149824.05,149824.05,18.959988,10.343496,8.54015,8.540148
1.7974057e+25,0.9421766,1.0029438,310000.0,151467.38,149824.08,149824.05,18.959988,10.343354,8.540149,8.540149
1.7974057e+25,0.9405528,1.0025284,310000.0,151467.34,149824.08,149824.05,18.959988,10.343519,8.540151,8.540149
1.7974057e+25,0.9202667,1.0026833,310000.0,151467.39,149824.05,149824.06,18.959988,10.343562,8.54015,8.540149
1.7974057e+25,0.9230514,1.0020944,310000.0,151467.39,149824.05,149824.06,18.959988,10.343332,8.54015,8.540149
1.7974057e+25,0.9470255,1.0026135,310000.0,151467.39,149824.06,149824.03,18.959988,10.343261,8.540149,8.540148
1.7974057e+25,0.93552244,1.0024195,310000.0,151467.38,149824.05,149824.05,18.959988,10.343204,8.54015,8.540149
1.7974057e+25,0.94504625,1.0023866,310000.0,151467.38,149824.03,149824.05,18.959988,10.343123,8.540149,8.540149
1.7974057e+25,0.9398712,1.0028957,310000.0,151467.42,149824.05,149824.05,18.959988,10.343612,8.54015,8.540148
1.7974057e+25,0.9447303,1.0022085,310000.0,151467.34,149824.05,149824.05,18.959988,10.343229,8.540149,8.540149
1.7974057e+25,0.936521,1.0025011,310000.0,151467.3,149824.06,149824.03,18.959988,10.343078,8.540151,8.540148
1.7974057e+25,0.94635993,1.0028155,310000.0,151467.36,149824.06,149824.08,18.959988,10.343226,8.540149,8.540149
1.7974057e+25,0.95546365,1.0026927,310000.0,151467.36,149824.05,149824.05,18.959988,10.343345,8.54015,8.540148
1.7974057e+25,0.9387317,1.002558,310000.0,151467.31,149824.08,149824.06,18.959988,10.3432455,8.54015,8.540149
1.7974057e+25,0.94815844,1.0027647,310000.0,151467.36,149824.06,149824.03,18.959988,10.343542,8.54015,8.540149
1.7974057e+25,0.93870765,1.0027486,310000.0,151467.36,149824.06,149824.05,18.959988,10.343573,8.54015,8.540149
1.7974057e+25,0.9404942,1.0024552,310000.0,151467.38,149824.05,149824.05,18.959988,10.343405,8.540151,8.540149
1.7974057e+25,0.94575495,1.0026118,310000.0,151467.4,149824.08,149824.05,18.959988,10.34351,8.540151,8.540149
1.7974057e+25,0.9352719,1.0025051,310000.0,151467.34,149824.05,149824.05,18.959988,10.3435755,8.54015,8.540149
1.7974057e+25,0.9452076,1.0023891,310000.0,151467.42,149824.05,149824.03,18.959988,10.343489,8.540149,8.540148
1.7974057e+25,0.9113821,1.0018995,310000.0,151467.38,149824.06,149824.06,18.959988,10.343566,8.540149,8.540149
1.7974057e+25,0.9343499,1.0024796,310000.0,151467.38,149824.05,149824.06,18.959988,10.343227,8.54015,8.540149
1.7974057e+25,0.9341557,1.0027235,310000.0,151467.39,149824.06,149824.06,18.959988,10.343402,8.540149,8.540149
1.7974057e+25,0.93873215,1.0025605,310000.0,151467.38,149824.05,149824.05,18.959988,10.34348,8.540149,8.54015
1.7974057e+25,0.9417415,1.0025504,310000.0,151467.4,149824.08,149824.06,18.959988,10.343296,8.540151,8.540149
1.7974057e+25,0.94492,1.0024903,310000.0,151467.38,149824.06,149824.05,18.959988,10.343322,8.54015,8.540149
1.7974057e+25,0.929366,1.0024083,310000.0,151467.38,149824.05,149824.06,18.959988,10.343362,8.54015,8.540149
1.7974057e+25,0.9394966,1.002596,310000.0,151467.36,149824.06,149824.06,18.959988,10.343237,8.540151,8.540149
1.7974057e+25,0.9412029,1.0024525,310000.0,151467.38,149824.05,149824.08,18.959988,10.3434,8.54015,8.540149
1.7974057e+25,0.9402958,1.0024189,310000.0,151467.31,149824.06,149824.05,18.959988,10.343472,8.54015,8.540149
1.7974057e+25,0.95010656,1.0025442,310000.0,151467.44,149824.05,149824.05,18.959988,10.343657,8.54015,8.540149
1.7974057e+25,0.93166757,1.0026934,310000.0,151467.39,149824.05,149824.05,18.959988,10.3435,8.540149,8.540149
1.7974057e+25,0.9394847,1.0024761,310000.0,151467.3,149824.06,149824.08,18.959988,10.343135,8.540149,8.54015
1.7974057e+25,0.943328,1.002396,310000.0,151467.4,149824.05,149824.06,18.959988,10.343608,8.54015,8.540148
1.7974057e+25,0.9506245,1.0024673,310000.0,151467.36,149824.03,149824.03,18.959988,10.343099,8.54015,8.540148
1.7974057e+25,0.9289547,1.0020505,310000.0,151467.33,149824.05,149824.08,18.959988,10.343261,8.54015,8.540149
1.7974057e+25,0.93955,0.999981,310000.0,151467.36,149824.06,149824.08,18.959988,10.34314,8.54015,8.540149
1.7974057e+25,0.9352705,0.9996171,310000.0,151467.38,149824.06,149824.06,18.959988,10.343313,8.54015,8.540149
1.7974057e+25,0.9090614,0.9995506,310000.0,151467.36,149824.06,149824.05,18.959988,10.34344,8.540149,8.540149
1.7974057e+25,0.93185264,0.99991894,310000.0,151467.39,149824.05,149824.05,18.959988,10.343419,8.54015,8.54015
1.7974057e+25,0.93522304,0.9999205,310000.0,151467.38,149824.06,149824.05,18.959988,10.343189,8.540148,8.540151
1.7974057e+25,0.9386464,0.9995501,310000.0,151467.39,149824.06,149824.08,18.959988,10.343513,8.54015,8.540149
1.7974057e+25,0.9235458,0.99971366,310000.0,151467.39,149824.08,149824.08,18.959988,10.343283,8.540151,8.54015
1.7974057e+25,0.93481684,0.9996181,310000.0,151467.38,149824.06,149824.06,18.959988,10.34325,8.54015,8.540149
1.7974057e+25,0.9273428,0.9997425,310000.0,151467.38,149824.06,149824.06,18.959988,10.3435135,8.540151,8.54015
1.7974057e+25,0.89904,0.9995926,310000.0,151467.38,149824.05,149824.06,18.959988,10.343416,8.54015,8.540149
1.7974057e+25,0.94306886,1.0031228,310000.0,151467.42,149824.05,149824.03,18.959988,10.343658,8.54015,8.54015
1.7974057e+25,0.95000815,1.0030075,310000.0,151467.39,149824.03,149824.08,18.959988,10.343466,8.54015,8.54015
1.7974057e+25,0.9460978,1.0029176,310000.0,151467.33,149824.06,149824.05,18.959988,10.343418,8.54015,8.54015
1.7974057e+25,0.9402849,1.0028136,310000.0,151467.38,149824.06,149824.06,18.959988,10.343682,8.54015,8.540149
1.7974057e+25,0.95174766,1.003173,310000.0,151467.42,149824.06,149824.05,18.959988,10.343592,8.54015,8.540149
1.7974057e+25,0.9368816,1.0025201,310000.0,151467.39,149824.05,149824.06,18.959988,10.343222,8.54015,8.54015
1.7974057e+25,0.9335472,1.00266,310000.0,151467.34,149824.06,149824.05,18.959988,10.3433075,8.54015,8.540149
1.7974057e+25,0.9602684,1.002923,310000.0,151467.34,149824.05,149824.05,18.959988,10.343463,8.54015,8.540149
1.7974057e+25,0.942252,1.0026578,310000.0,151467.39,149824.05,149824.06,18.959988,10.343265,8.54015,8.540149
1.7974057e+25,0.9432108,1.0024383,310000.0,151467.36,149824.06,149824.08,18.959988,10.343012,8.54015,8.540149
1.7974057e+25,0.9517227,1.0030507,310000.0,151467.33,149824.05,149824.05,18.959988,10.34306,8.540149,8.540149
1.7974057e+25,0.93512625,1.0028524,310000.0,151467.4,149824.05,149824.06,18.959988,10.343449,8.540149,8.54015
1.7974057e+25,0.9277702,1.00255,310000.0,151467.34,149824.06,149824.05,18.959988,10.343357,8.54015,8.540149
1.7974057e+25,0.95052177,1.0028818,310000.0,151467.39,149824.06,149824.08,18.959988,10.343254,8.54015,8.540149
1.7974057e+25,0.93839395,1.0030162,310000.0,151467.39,149824.06,149824.03,18.959988,10.343356,8.54015,8.540149
1.7974057e+25,0.94136316,1.0026603,310000.0,151467.34,149824.06,149824.06,18.959988,10.343158,8.540151,8.540149
1.7974057e+25,0.93219024,1.0025746,310000.0,151467.4,149824.06,149824.06,18.959988,10.343475,8.54015,8.540149
1.7974057e+25,0.9409189,1.002397,310000.0,151467.3,149824.05,149824.06,18.959988,10.3431015,8.540149,8.540149
1.7974057e+25,0.9392655,1.002666,310000.0,151467.36,149824.05,149824.06,18.959988,10.343554,8.54015,8.540149
1.7974057e+25,0.93296844,1.0025079,310000.0,151467.4,149824.06,149824.05,18.959988,10.343408,8.54015,8.54015
1.7974057e+25,0.94753915,1.0027789,310000.0,151467.38,149824.08,149824.06,18.959988,10.343568,8.540149,8.54015
1.7974057e+25,0.9436805,1.0029664,310000.0,151467.39,149824.05,149824.03,18.959988,10.343165,8.54015,8.540149
1.7974057e+25,0.9462287,1.0027589,310000.0,151467.44,149824.06,149824.08,18.959988,10.343798,8.540149,8.54015
1.7974057e+25,0.9428856,1.0022563,310000.0,151467.39,149824.06,149824.05,18.959988,10.343591,8.540149,8.54015
1.7974057e+25,0.93302256,1.0025327,310000.0,151467.42,149824.06,149824.08,18.959988,10.343626,8.540149,8.54015
1.7974057e+25,0.9322449,1.0020897,310000.0,151467.42,149824.06,149824.08,18.959988,10.343773,8.540149,8.54015
1.7974057e+25,0.9362748,1.0026386,310000.0,151467.33,149824.06,149824.06,18.959988,10.343156,8.54015,8.540149
1.7974057e+25,0.9430637,1.002752,310000.0,151467.4,149824.05,149824.06,18.959988,10.3433485,8.540151,8.54015
1.7974057e+25,0.94405496,1.0029157,310000.0,151467.36,149824.06,149824.05,18.959988,10.343087,8.54015,8.540149
1.7974057e+25,0.9387012,1.002798,310000.0,151467.38,149824.05,149824.06,18.959988,10.343464,8.540149,8.54015
1.7974057e+25,0.95032763,1.0028311,310000.0,151467.36,149824.06,149824.05,18.959988,10.343075,8.540151,8.540149
1.7974057e+25,0.94523627,1.0023899,310000.0,151467.36,149824.05,149824.05,18.959988,10.343288,8.540149,8.540149
1.7974057e+25,0.9468713,1.0027374,310000.0,151467.39,149824.05,149824.05,18.959988,10.343412,8.54015,8.540149
1.7974057e+25,0.94352806,1.0023905,310000.0,151467.39,149824.03,149824.06,18.959988,10.343398,8.54015,8.54015
1.7974057e+25,0.9542973,1.0027826,310000.0,151467.38,149824.06,149824.05,18.959988,10.343277,8.54015,8.540149
1.7974057e+25,0.9525019,1.0023278,310000.0,151467.4,149824.06,149824.06,18.959988,10.343456,8.54015,8.540149
1.7974057e+25,0.9489815,1.0026252,310000.0,151467.38,149824.06,149824.03,18.959988,10.343273,8.54015,8.54015
1.7974057e+25,0.9554926,1.002177,310000.0,151467.34,149824.05,149824.05,18.959988,10.343191,8.54015,8.540148
1.7974057e+25,0.95446485,1.0027785,310000.0,151467.4,149824.06,149824.05,18.959988,10.343555,8.54015,8.540149
1.7974057e+25,0.9417488,1.0020865,310000.0,151467.39,149824.03,149824.06,18.959988,10.34339,8.540149,8.540149
1.7974057e+25,0.9334871,1.002444,310000.0,151467.36,149824.05,149824.03,18.959988,10.343648,8.54015,8.540149
1.7974057e+25,0.9471027,1.0023786,310000.0,151467.33,149824.05,149824.08,18.959988,10.343185,8.54015,8.540149
1.7974057e+25,0.9526654,1.0027963,310000.0,151467.36,149824.06,149824.05,18.959988,10.343574,8.54015,8.540149
1.7974057e+25,0.9357407,1.002642,310000.0,151467.39,149824.06,149824.06,18.959988,10.343136,8.540149,8.540149
1.7974057e+25,0.94672674,1.0025692,310000.0,151467.38,149824.06,149824.06,18.959988,10.343459,8.54015,8.54015
1.7974057e+25,0.9466669,1.0028218,310000.0,151467.36,149824.06,149824.05,18.959988,10.343448,8.540149,8.540149
1.7974057e+25,0.94497347,1.0023261,310000.0,151467.34,149824.06,149824.08,18.959988,10.343193,8.54015,8.540149
1.7974057e+25,0.9529411,1.0022942,310000.0,151467.36,149824.03,149824.06,18.959988,10.343589,8.540151,8.54015
1.7974057e+25,0.93938696,1.0022242,310000.0,151467.36,149824.05,149824.05,18.959988,10.343675,8.54015,8.540149
1.7974057e+25,0.9456584,1.0026913,310000.0,151467.36,149824.06,149824.06,18.959988,10.343333,8.540149,8.54015
1.7974057e+25,0.95305675,1.0028675,310000.0,151467.39,149824.08,149824.06,18.959988,10.343397,8.540149,8.540149
1.7974057e+25,0.9420735,1.0027432,310000.0,151467.39,149824.05,149824.06,18.959988,10.343594,8.540149,8.540149
1.7974057e+25,0.9467961,1.0027874,310000.0,151467.36,149824.05,149824.05,18.959988,10.343498,8.540149,8.54015
1.7974057e+25,0.9398535,1.0022178,310000.0,151467.36,149824.06,149824.06,18.959988,10.343285,8.540149,8.540149
1.7974057e+25,0.9362858,1.0025938,310000.0,151467.38,149824.06,149824.06,18.959988,10.343365,8.54015,8.54015
1.7974057e+25,0.94326663,1.0025606,310000.0,151467.44,149824.06,149824.05,18.959988,10.343831,8.54015,8.54015
1.7974057e+25,0.95063084,1.0029961,310000.0,151467.39,149824.06,149824.06,18.959988,10.343794,8.540149,8.540149
1.7974057e+25,0.95021445,1.0025325,310000.0,151467.39,149824.06,149824.03,18.959988,10.343692,8.54015,8.540149
1.7974057e+25,0.94576347,1.0025855,310000.0,151467.39,149824.06,149824.05,18.959988,10.343533,8.540149,8.540149
1.7974057e+25,0.9313391,1.0021418,310000.0,151467.31,149824.05,149824.06,18.959988,10.343183,8.540149,8.54015
1.7974057e+25,0.9404683,1.0024508,310000.0,151467.39,149824.05,149824.06,18.959988,10.343082,8.54015,8.540149
1.7974057e+25,0.9388483,1.0022662,310000.0,151467.38,149824.06,149824.06,18.959988,10.343687,8.540151,8.540149
1.7974057e+25,0.94892263,1.0028191,310000.0,151467.4,149824.03,149824.06,18.959988,10.343303,8.54015,8.540149
1.7974057e+25,0.94482964,1.0028539,310000.0,151467.42,149824.06,149824.06,18.959988,10.3435755,8.540149,8.540149
1.7974057e+25,0.945062,1.002281,310000.0,151467.38,149824.05,149824.06,18.959988,10.3432665,8.54015,8.540149
1.7974057e+25,0.9410193,1.0023967,310000.0,151467.4,149824.06,149824.05,18.959988,10.34343,8.54015,8.540149
1.7974057e+25,0.9377011,1.0025269,310000.0,151467.39,149824.06,149824.06,18.959988,10.3433895,8.54015,8.540149
1.7974057e+25,0.922546,1.0022734,310000.0,151467.4,149824.05,149824.06,18.959988,10.343646,8.54015,8.540149
1.7974057e+25,0.94922537,1.0027354,310000.0,151467.36,149824.06,149824.06,18.959988,10.343292,8.54015,8.54015
1.7974057e+25,0.9370621,1.0024498,310000.0,151467.39,149824.06,149824.06,18.959988,10.343447,8.54015,8.54015
1.7974057e+25,0.9446161,1.0030364,310000.0,151467.39,149824.08,149824.06,18.959988,10.343426,8.540149,8.540149
1.7974057e+25,0.9311355,1.0022721,310000.0,151467.42,149824.05,149824.05,18.959988,10.343596,8.540149,8.54015
1.7974057e+25,0.94560814,1.0031418,310000.0,151467.33,149824.05,149824.06,18.959988,10.3431015,8.54015,8.54015
1.7974057e+25,0.9423429,1.0022818,310000.0,151467.34,149824.08,149824.08,18.959988,10.3434725,8.540151,8.540151
1.7974057e+25,0.91648614,1.0015002,310000.0,151467.36,149824.05,149824.08,18.959988,10.343177,8.54015,8.540149
1.7974057e+25,0.95063984,1.0023713,310000.0,151467.42,149824.05,149824.05,18.959988,10.343693,8.540149,8.540148
1.7974057e+25,0.9306749,1.0020292,310000.0,151467.39,149824.06,149824.05,18.959988,10.343587,8.54015,8.540149
1.7974057e+25,0.9039012,1.0021023,310000.0,151467.4,149824.05,149824.03,18.959988,10.343338,8.540149,8.540149
1.7974057e+25,0.93061787,1.0025685,310000.0,151467.31,149824.03,149824.03,18.959988,10.343207,8.540151,8.54015
1.7974057e+25,0.943768,1.0020909,310000.0,151467.4,149824.05,149824.06,18.959988,10.343409,8.54015,8.54015
1.7974057e+25,0.9448611,1.0020435,310000.0,151467.38,149824.06,149824.06,18.959988,10.343363,8.54015,8.540149
1.7974057e+25,0.9271329,1.0022624,310000.0,151467.39,149824.06,149824.05,18.959988,10.343336,8.540149,8.54015
1.7974057e+25,0.9427778,1.0022693,310000.0,151467.4,149824.06,149824.05,18.959988,10.343789,8.54015,8.54015
1.7974057e+25,0.9493979,1.002739,310000.0,151467.42,149824.06,149824.06,18.959988,10.343533,8.54015,8.54015
1.7974057e+25,0.9295041,1.0023359,310000.0,151467.42,149824.05,149824.08,18.959988,10.343678,8.540149,8.54015
1.7974057e+25,0.93940663,1.002662,310000.0,151467.4,149824.05,149824.06,18.959988,10.343455,8.540151,8.54015
1.7974057e+25,0.9376103,1.0026994,310000.0,151467.38,149824.05,149824.06,18.959988,10.343309,8.54015,8.540149
1.7974057e+25,0.927067,1.0023534,310000.0,151467.42,149824.05,149824.03,18.959988,10.343617,8.540149,8.54015
1.7974057e+25,0.95567924,1.0027487,310000.0,151467.4,149824.06,149824.06,18.959988,10.343614,8.540149,8.540149
1.7974057e+25,0.948078,1.0023543,310000.0,151467.38,149824.08,149824.05,18.959988,10.343395,8.540149,8.54015
1.7974057e+25,0.9453455,1.0028635,310000.0,151467.33,149824.06,149824.06,18.959988,10.34323,8.54015,8.540149
1.7974057e+25,0.94772106,1.0023909,310000.0,151467.39,149824.06,149824.05,18.959988,10.343342,8.540151,8.540149
1.7974057e+25,0.9355926,1.0020467,310000.0,151467.38,149824.05,149824.06,18.959988,10.34309,8.54015,8.54015
1.7974057e+25,0.92824596,1.0018862,310000.0,151467.39,149824.05,149824.06,18.959988,10.343635,8.540151,8.540149
1.7974057e+25,0.9372715,1.0021387,310000.0,151467.38,149824.06,149824.08,18.959988,10.343137,8.540149,8.540149
1.7974057e+25,0.9431986,1.0026217,310000.0,151467.38,149824.06,149824.05,18.959988,10.343492,8.54015,8.540149
1.7974057e+25,0.9401591,1.002294,310000.0,151467.39,149824.06,149824.06,18.959988,10.343219,8.54015,8.540149
1.7974057e+25,0.9474443,1.0025191,310000.0,151467.34,149824.06,149824.06,18.959988,10.343299,8.540149,8.54015
1.7974057e+25,0.9586736,1.0028902,310000.0,151467.4,149824.08,149824.06,18.959988,10.343532,8.54015,8.540149
1.7974057e+25,0.9569888,1.0027965,310000.0,151467.4,149824.06,149824.06,18.959988,10.343603,8.54015,8.540149
1.7974057e+25,0.94211197,1.0026019,310000.0,151467.4,149824.05,149824.06,18.959988,10.343573,8.540151,8.54015
1.7974057e+25,0.9236978,1.002316,310000.0,151467.39,149824.06,149824.08,18.959988,10.343461,8.54015,8.54015
1.7974057e+25,0.9389784,0.9997681,310000.0,151467.36,149824.05,149824.05,18.959988,10.34337,8.540149,8.54015
1.7974057e+25,0.9389552,0.99997634,310000.0,151467.36,149824.05,149824.05,18.959988,10.343497,8.54015,8.540149
1.7974057e+25,0.93665725,0.99968576,310000.0,151467.38,149824.05,149824.05,18.959988,10.34321,8.54015,8.540149
1.7974057e+25,0.9373566,0.9999303,310000.0,151467.38,149824.05,149824.05,18.959988,10.343534,8.540151,8.540149
1.7974057e+25,0.8998551,0.9992946,310000.0,151467.39,149824.05,149824.05,18.959988,10.343377,8.540149,8.540149
1.7974057e+25,0.9219495,0.9994014,310000.0,151467.39,149824.05,149824.06,18.959988,10.343354,8.540152,8.54015
1.7974057e+25,0.9265876,0.99975115,310000.0,151467.38,149824.06,149824.08,18.959988,10.343074,8.540149,8.54015
1.7974057e+25,0.9128604,0.9994889,310000.0,151467.38,149824.05,149824.05,18.959988,10.343412,8.540149,8.54015
1.7974057e+25,0.9291188,1.0023053,310000.0,151467.42,149824.05,149824.06,18.959988,10.343774,8.540151,8.54015
1.7974057e+25,0.9188035,1.0021111,310000.0,151467.36,149824.03,149824.03,18.959988,10.343446,8.540148,8.540149
1.7974057e+25,0.93229896,1.0025469,310000.0,151467.42,149824.05,149824.06,18.959988,10.343788,8.540151,8.540149
1.7974057e+25,0.92513496,1.002156,310000.0,151467.34,149824.05,149824.05,18.959988,10.343752,8.540149,8.54015
1.7974057e+25,0.9296117,1.0022362,310000.0,151467.42,149824.05,149824.06,18.959988,10.343607,8.540149,8.54015
1.7974057e+25,0.9336958,1.0022033,310000.0,151467.4,149824.06,149824.06,18.959988,10.34337,8.540151,8.540149
1.7974057e+25,0.9443856,1.0028635,310000.0,151467.34,149824.05,149824.05,18.959988,10.343309,8.54015,8.540149
1.7974057e+25,0.9382911,1.0022981,310000.0,151467.4,149824.05,149824.05,18.959988,10.343511,8.540149,8.54015
1.7974057e+25,0.9365466,1.0025829,310000.0,151467.39,149824.05,149824.06,18.959988,10.34348,8.54015,8.540149
1.7974057e+25,0.92618954,1.0027181,310000.0,151467.31,149824.06,149824.05,18.959988,10.342989,8.540149,8.54015
1.7974057e+25,0.94085586,1.0026039,310000.0,151467.44,149824.05,149824.03,18.959988,10.34359,8.54015,8.54015
1.7974057e+25,0.9371316,1.0022836,310000.0,151467.42,149824.05,149824.05,18.959988,10.343552,8.54015,8.540149
1.7974057e+25,0.9486081,1.0023525,310000.0,151467.4,149824.05,149824.05,18.959988,10.343546,8.54015,8.540149
1.7974057e+25,0.9565834,1.0031872,310000.0,151467.39,149824.05,149824.05,18.959988,10.343411,8.540149,8.540149
1.7974057e+25,0.9466094,1.0029634,310000.0,151467.42,149824.05,149824.06,18.959988,10.3435755,8.540149,8.540149
1.7974057e+25,0.9339787,1.0025649,310000.0,151467.39,149824.05,149824.05,18.959988,10.343528,8.540149,8.54015
1.7974057e+25,0.9278882,1.0021778,310000.0,151467.38,149824.05,149824.06,18.959988,10.343274,8.540151,8.540149
1.7974057e+25,0.9376264,1.0024616,310000.0,151467.33,149824.06,149824.05,18.959988,10.34324,8.54015,8.540149
1.7974057e+25,0.91471463,1.0019591,310000.0,151467.3,149824.06,149824.05,18.959988,10.343255,8.540149,8.540149
1.7974057e+25,0.93566394,1.0028349,310000.0,151467.36,149824.05,149824.06,18.959988,10.343192,8.540149,8.540149
1.7974057e+25,0.9441854,1.0027041,310000.0,151467.36,149824.03,149824.03,18.959988,10.343315,8.540149,8.540149
1.7974057e+25,0.9502008,1.0031923,310000.0,151467.34,149824.06,149824.06,18.959988,10.342974,8.54015,8.54015
1.7974057e+25,0.93755066,1.0028381,310000.0,151467.39,149824.05,149824.03,18.959988,10.343255,8.540149,8.54015
1.7974057e+25,0.9336669,1.0023175,310000.0,151467.4,149824.06,149824.05,18.959988,10.343804,8.540149,8.54015
1.7974057e+25,0.9439879,1.0028169,310000.0,151467.34,149824.06,149824.05,18.959988,10.343202,8.540151,8.54015
1.7974057e+25,0.92981315,1.0020485,310000.0,151467.34,149824.06,149824.05,18.959988,10.343506,8.54015,8.540149
1.7974057e+25,0.93321407,1.0027423,310000.0,151467.4,149824.03,149824.03,18.959988,10.343711,8.54015,8.54015
1.7974057e+25,0.9492078,1.0028459,310000.0,151467.36,149824.05,149824.06,18.959988,10.343141,8.54015,8.54015
1.7974057e+25,0.95131856,1.0028211,310000.0,151467.39,149824.06,149824.05,18.959988,10.34357,8.54015,8.54015
1.7974057e+25,0.93787783,1.0025779,310000.0,151467.36,149824.06,149824.06,18.959988,10.34345,8.540149,8.540149
1.7974057e+25,0.94345987,1.0027304,310000.0,151467.36,149824.06,149824.03,18.959988,10.343497,8.54015,8.54015
1.7974057e+25,0.93575865,1.0026888,310000.0,151467.39,149824.06,149824.06,18.959988,10.343304,8.54015,8.540149
1.7974057e+25,0.931736,1.002443,310000.0,151467.36,149824.05,149824.05,18.959988,10.343702,8.54015,8.54015
1.7974057e+25,0.9379093,1.0025362,310000.0,151467.36,149824.06,149824.05,18.959988,10.343282,8.540149,8.540149
1.7974057e+25,0.93756574,1.0025598,310000.0,151467.42,149824.06,149824.05,18.959988,10.343407,8.540149,8.54015
1.7974057e+25,0.9344366,1.0029154,310000.0,151467.39,149824.05,149824.05,18.959988,10.343282,8.54015,8.540149
1.7974057e+25,0.9281105,1.0026217,310000.0,151467.36,149824.06,149824.06,18.959988,10.343225,8.540149,8.54015
1.7974057e+25,0.9332873,1.0030235,310000.0,151467.33,149824.03,149824.03,18.959988,10.34368,8.54015,8.54015
1.7974057e+25,0.9317134,1.0029633,310000.0,151467.42,149824.03,149824.03,18.959988,10.343474,8.54015,8.54015
1.7974057e+25,0.9426638,1.0023454,310000.0,151467.39,149824.05,149824.05,18.959988,10.343532,8.54015,8.54015
1.7974057e+25,0.9315068,1.0021828,310000.0,151467.38,149824.05,149824.05,18.959988,10.343477,8.54015,8.54015
1.7974057e+25,0.9439812,1.0022576,310000.0,151467.39,149824.05,149824.05,18.959988,10.343382,8.54015,8.54015
1.7974057e+25,0.94005597,1.0023973,310000.0,151467.4,149824.05,149824.05,18.959988,10.343409,8.54015,8.54015
1.7974057e+25,0.94676834,1.002359,310000.0,151467.39,149824.05,149824.06,18.959988,10.343175,8.54015,8.54015
1.7974057e+25,0.94808257,1.0029024,310000.0,151467.42,149824.05,149824.03,18.959988,10.343585,8.54015,8.54015
1.7974057e+25,0.9379404,1.0027064,310000.0,151467.4,149824.08,149824.06,18.959988,10.34368,8.54015,8.54015
1.7974057e+25,0.94065374,1.0025966,310000.0,151467.4,149824.06,149824.05,18.959988,10.343424,8.540149,8.540149
1.7974057e+25,0.93184936,1.0022781,310000.0,151467.36,149824.05,149824.05,18.959988,10.3434725,8.54015,8.54015
1.7974057e+25,0.9306671,1.0026176,310000.0,151467.33,149824.06,149824.05,18.959988,10.342972,8.54015,8.54015
1.7974057e+25,0.9463917,1.0027763,310000.0,151467.4,149824.06,149824.05,18.959988,10.343318,8.540151,8.54015
1.7974057e+25,0.9290197,1.0022936,310000.0,151467.39,149824.05,149824.03,18.959988,10.343681,8.540149,8.54015
1.7974057e+25,0.9452578,1.0031706,310000.0,151467.39,149824.06,149824.03,18.959988,10.343384,8.54015,8.54015
1.7974057e+25,0.9379743,1.0027406,310000.0,151467.44,149824.06,149824.06,18.959988,10.343496,8.54015,8.540149
1.7974057e+25,0.93581474,1.0026593,310000.0,151467.38,149824.06,149824.05,18.959988,10.343266,8.54015,8.54015
1.7974057e+25,0.9316437,1.0026871,310000.0,151467.34,149824.06,149824.05,18.959988,10.343285,8.54015,8.54015
1.7974057e+25,0.93432486,1.0022857,310000.0,151467.39,149824.06,149824.05,18.959988,10.343698,8.540149,8.540149
1.7974057e+25,0.95295393,1.0030642,310000.0,151467.36,149824.08,149824.03,18.959988,10.343287,8.54015,8.54015
1.7974057e+25,0.94652206,1.002878,310000.0,151467.36,149824.06,149824.03,18.959988,10.343362,8.54015,8.54015
1.7974057e+25,0.9427613,1.0028136,310000.0,151467.4,149824.06,149824.03,18.959988,10.343439,8.540149,8.540149
1.7974057e+25,0.9352188,1.0023817,310000.0,151467.39,149824.05,149824.05,18.959988,10.343499,8.540149,8.540149
1.7974057e+25,0.9436592,1.0026423,310000.0,151467.36,149824.05,149824.05,18.959988,10.343378,8.54015,8.54015
1.7974057e+25,0.9502533,1.0027282,310000.0,151467.39,149824.06,149824.06,18.959988,10.34342,8.540151,8.54015
1.7974057e+25,0.943218,1.0023034,310000.0,151467.38,149824.06,149824.05,18.959988,10.343486,8.54015,8.540149
1.7974057e+25,0.94438183,1.0028354,310000.0,151467.39,149824.06,149824.03,18.959988,10.343347,8.54015,8.540149
1.7974057e+25,0.93953496,1.0025053,310000.0,151467.33,149824.06,149824.03,18.959988,10.343186,8.540149,8.540149
1.7974057e+25,0.922754,1.002412,310000.0,151467.39,149824.08,149824.05,18.959988,10.343346,8.54015,8.54015
1.7974057e+25,0.9464847,1.0025175,310000.0,151467.4,149824.03,149824.03,18.959988,10.343372,8.540148,8.54015
1.7974057e+25,0.94467217,1.002986,310000.0,151467.4,149824.08,149824.05,18.959988,10.343502,8.54015,8.540149
1.7974057e+25,0.9474332,1.0025374,310000.0,151467.38,149824.05,149824.05,18.959988,10.343469,8.540149,8.540149
1.7974057e+25,0.94234514,1.0024257,310000.0,151467.39,149824.03,149824.05,18.959988,10.343463,8.54015,8.54015
1.7974057e+25,0.93495804,1.0021261,310000.0,151467.36,149824.05,149824.05,18.959988,10.343191,8.540149,8.54015
1.7974057e+25,0.93859386,1.0023813,310000.0,151467.38,149824.06,149824.03,18.959988,10.343299,8.540149,8.54015
1.7974057e+25,0.93787354,1.002581,310000.0,151467.42,149824.06,149824.03,18.959988,10.34359,8.540151,8.540149
1.7974057e+25,0.951632,1.0033399,310000.0,151467.39,149824.05,149824.05,18.959988,10.343309,8.540149,8.54015
1.7974057e+25,0.95678836,1.0030745,310000.0,151467.33,149824.06,149824.05,18.959988,10.34318,8.54015,8.54015
1.7974057e+25,0.9456072,1.0027252,310000.0,151467.4,149824.08,149824.06,18.959988,10.343518,8.54015,8.54015
1.7974057e+25,0.934751,1.0024427,310000.0,151467.34,149824.05,149824.05,18.959988,10.342991,8.540149,8.540149
1.7974057e+25,0.93281597,1.0018411,310000.0,151467.31,149824.06,149824.03,18.959988,10.342999,8.54015,8.540149
1.7974057e+25,0.9409081,1.0027399,310000.0,151467.4,149824.05,149824.08,18.959988,10.343563,8.54015,8.540149
1.7974057e+25,0.9430842,1.0027016,310000.0,151467.38,149824.05,149824.05,18.959988,10.343436,8.540151,8.54015
1.7974057e+25,0.9374123,1.002458,310000.0,151467.36,149824.08,149824.03,18.959988,10.343456,8.54015,8.54015
1.7974057e+25,0.946095,1.002671,310000.0,151467.4,149824.05,149824.05,18.959988,10.343536,8.540149,8.540149
1.7974057e+25,0.9373468,1.0026858,310000.0,151467.36,149824.06,149824.05,18.959988,10.343546,8.54015,8.540149
1.7974057e+25,0.93282694,1.0027255,310000.0,151467.4,149824.06,149824.05,18.959988,10.343699,8.54015,8.54015
1.7974057e+25,0.93950135,1.002765,310000.0,151467.39,149824.06,149824.05,18.959988,10.343589,8.54015,8.54015
1.7974057e+25,0.95206493,1.0032207,310000.0,151467.39,149824.05,149824.03,18.959988,10.343563,8.54015,8.54015
1.7974057e+25,0.9510796,1.0028129,310000.0,151467.36,149824.05,149824.06,18.959988,10.34322,8.54015,8.540149
1.7974057e+25,0.94756323,1.0027953,310000.0,151467.39,149824.06,149824.05,18.959988,10.34345,8.540149,8.540149
1.7974057e+25,0.9335932,1.0023872,310000.0,151467.42,149824.05,149824.05,18.959988,10.343523,8.54015,8.54015
1.7974057e+25,0.93145883,1.0028204,310000.0,151467.39,149824.08,149824.05,18.959988,10.343475,8.54015,8.540149
1.7974057e+25,0.9270828,1.0026935,310000.0,151467.38,149824.06,149824.02,18.959988,10.343061,8.540149,8.54015
1.7974057e+25,0.9332828,1.0024772,310000.0,151467.38,149824.08,149824.05,18.959988,10.343412,8.54015,8.54015
1.7974057e+25,0.92495203,1.002698,310000.0,151467.36,149824.06,149824.03,18.959988,10.3434725,8.540151,8.54015
1.7974057e+25,0.9196805,1.0024467,310000.0,151467.39,149824.03,149824.05,18.959988,10.343095,8.54015,8.540149
1.7974057e+25,0.94984055,1.0031585,310000.0,151467.39,149824.05,149824.03,18.959988,10.3433275,8.54015,8.540149
1.7974057e+25,0.94472617,1.0029731,310000.0,151467.34,149824.06,149824.05,18.959988,10.343178,8.54015,8.540149
1.7974057e+25,0.9412114,1.0027676,310000.0,151467.36,149824.06,149824.03,18.959988,10.343265,8.54015,8.54015
1.7974057e+25,0.9335623,1.0024406,310000.0,151467.4,149824.06,149824.05,18.959988,10.34336,8.540149,8.54015
1.7974057e+25,0.94744253,1.0031786,310000.0,151467.39,149824.05,149824.08,18.959988,10.343445,8.540149,8.540149
1.7974057e+25,0.9440779,1.002519,310000.0,151467.39,149824.03,149824.05,18.959988,10.3431015,8.54015,8.54015
1.7974057e+25,0.9339867,1.0029657,310000.0,151467.4,149824.05,149824.05,18.959988,10.343627,8.540151,8.54015
1.7974057e+25,0.920277,0.9998187,310000.0,151467.39,149824.05,149824.05,18.959988,10.343307,8.54015,8.540148
1.7974057e+25,0.9364679,0.9997024,310000.0,151467.4,149824.05,149824.06,18.959988,10.343605,8.54015,8.540149
1.7974057e+25,0.93229836,0.9995059,310000.0,151467.38,149824.05,149824.05,18.959988,10.343347,8.54015,8.54015
1.7974057e+25,0.9132658,0.9994882,310000.0,151467.39,149824.06,149824.06,18.959988,10.34369,8.540149,8.540149
1.7974057e+25,0.93011546,1.0023706,310000.0,151467.4,149824.05,149824.05,18.959988,10.343164,8.540149,8.54015
1.7974057e+25,0.925918,1.0024276,310000.0,151467.42,149824.05,149824.05,18.959988,10.3436575,8.54015,8.540149
1.7974057e+25,0.9367288,1.0025973,310000.0,151467.4,149824.05,149824.05,18.959988,10.343225,8.54015,8.540149
1.7974057e+25,0.9260605,1.0022767,310000.0,151467.34,149824.03,149824.05,18.959988,10.343056,8.540149,8.54015
1.7974057e+25,0.9431657,1.0025107,310000.0,151467.33,149824.08,149824.03,18.959988,10.342897,8.54015,8.540149
1.7974057e+25,0.9218817,1.0022286,310000.0,151467.36,149824.05,149824.06,18.959988,10.343464,8.54015,8.540149
1.7974057e+25,0.9332123,1.0026765,310000.0,151467.4,149824.06,149824.05,18.959988,10.343484,8.540151,8.540149
1.7974057e+25,0.9400446,1.0023562,310000.0,151467.39,149824.06,149824.06,18.959988,10.343609,8.540151,8.540149
1.7974057e+25,0.9371916,1.0017455,310000.0,151467.39,149824.05,149824.08,18.959988,10.343258,8.54015,8.54015
1.7974057e+25,0.9302471,1.0025972,310000.0,151467.4,149824.05,149824.06,18.959988,10.343522,8.54015,8.540149
1.7974057e+25,0.92656213,1.0023626,310000.0,151467.38,149824.05,149824.05,18.959988,10.343358,8.540149,8.540149
1.7974057e+25,0.93391913,1.0024381,310000.0,151467.4,149824.05,149824.05,18.959988,10.343515,8.54015,8.540149
1.7974057e+25,0.9419244,1.0025399,310000.0,151467.39,149824.05,149824.06,18.959988,10.343469,8.54015,8.54015
1.7974057e+25,0.93623525,1.0026109,310000.0,151467.33,149824.06,149824.05,18.959988,10.343272,8.540149,8.540149
1.7974057e+25,0.93919486,1.0022558,310000.0,151467.39,149824.06,149824.05,18.959988,10.343356,8.540149,8.54015
1.7974057e+25,0.92545825,1.002251,310000.0,151467.38,149824.06,149824.05,18.959988,10.343145,8.54015,8.540149
1.7974057e+25,0.93250877,1.0025953,310000.0,151467.38,149824.06,149824.06,18.959988,10.343487,8.54015,8.54015
1.7974057e+25,0.9297822,1.0023527,310000.0,151467.33,149824.05,149824.05,18.959988,10.343474,8.540149,8.540149
1.7974057e+25,0.9308496,1.0022429,310000.0,151467.44,149824.06,149824.03,18.959988,10.343306,8.54015,8.54015
1.7974057e+25,0.94080013,1.00244,310000.0,151467.36,149824.05,149824.06,18.959988,10.343453,8.540149,8.540149
1.7974057e+25,0.9359167,1.0023142,310000.0,151467.38,149824.06,149824.06,18.959988,10.343384,8.54015,8.54015
1.7974057e+25,0.9421149,1.002749,310000.0,151467.38,149824.05,149824.06,18.959988,10.343273,8.540149,8.540149
1.7974057e+25,0.93947506,1.0024419,310000.0,151467.36,149824.05,149824.06,18.959988,10.34361,8.54015,8.540149
1.7974057e+25,0.936473,1.0023057,310000.0,151467.45,149824.06,149824.05,18.959988,10.3435545,8.540149,8.54015
1.7974057e+25,0.9312058,1.002167,310000.0,151467.33,149824.03,149824.05,18.959988,10.343259,8.540149,8.540149
1.7974057e+25,0.9356759,1.002548,310000.0,151467.36,149824.06,149824.05,18.959988,10.343216,8.54015,8.54015
1.7974057e+25,0.93070245,1.0023075,310000.0,151467.39,149824.03,149824.05,18.959988,10.343312,8.540149,8.540149
1.7974057e+25,0.932571,1.0026875,310000.0,151467.34,149824.05,149824.06,18.959988,10.343214,8.540149,8.54015
1.7974057e+25,0.9424917,1.0021352,310000.0,151467.39,149824.06,149824.08,18.959988,10.34343,8.540149,8.540151
1.7974057e+25,0.94753563,1.0022522,310000.0,151467.4,149824.06,149824.06,18.959988,10.34344,8.540149,8.540149
1.7974057e+25,0.9325252,1.002833,310000.0,151467.38,149824.06,149824.05,18.959988,10.343583,8.540149,8.54015
1.7974057e+25,0.92578334,1.0020592,310000.0,151467.39,149824.06,149824.05,18.959988,10.343598,8.54015,8.540149
1.7974057e+25,0.9400603,1.0023217,310000.0,151467.34,149824.06,149824.06,18.959988,10.343029,8.54015,8.540149
1.7974057e+25,0.9362706,1.0027226,310000.0,151467.33,149824.05,149824.05,18.959988,10.34317,8.54015,8.540149
1.7974057e+25,0.93175536,1.0026269,310000.0,151467.39,149824.08,149824.06,18.959988,10.343168,8.54015,8.540149
1.7974057e+25,0.9371247,1.0027542,310000.0,151467.38,149824.05,149824.05,18.959988,10.343155,8.54015,8.54015
1.7974057e+25,0.94220275,1.0029715,310000.0,151467.38,149824.05,149824.06,18.959988,10.343385,8.540149,8.540149
1.7974057e+25,0.9487865,1.0034069,310000.0,151467.39,149824.06,149824.06,18.959988,10.343677,8.540149,8.54015
1.7974057e+25,0.92718333,1.0020471,310000.0,151467.4,149824.06,149824.05,18.959988,10.343388,8.54015,8.540149
1.7974057e+25,0.92352134,1.0023996,310000.0,151467.4,149824.05,149824.06,18.959988,10.343475,8.54015,8.540149
1.7974057e+25,0.9472503,1.002765,310000.0,151467.38,149824.05,149824.05,18.959988,10.343311,8.54015,8.54015
1.7974057e+25,0.9512292,1.0027368,310000.0,151467.33,149824.05,149824.06,18.959988,10.343358,8.54015,8.54015
1.7974057e+25,0.93873173,1.0025798,310000.0,151467.34,149824.05,149824.05,18.959988,10.343136,8.54015,8.54015
1.7974057e+25,0.94682455,1.003113,310000.0,151467.38,149824.05,149824.03,18.959988,10.343284,8.54015,8.540149
1.7974057e+25,0.9503066,1.0029634,310000.0,151467.39,149824.05,149824.05,18.959988,10.343586,8.540151,8.54015
1.7974057e+25,0.93172747,1.0022244,310000.0,151467.42,149824.08,149824.05,18.959988,10.343684,8.54015,8.540149
1.7974057e+25,0.8986097,1.0024775,310000.0,151467.39,149824.08,149824.05,18.959988,10.343111,8.540149,8.54015
1.7974057e+25,0.93329394,1.0023913,310000.0,151467.44,149824.03,149824.06,18.959988,10.343697,8.540149,8.540148
1.7974057e+25,0.9372073,1.0026807,310000.0,151467.36,149824.06,149824.06,18.959988,10.343318,8.540149,8.540149
1.7974057e+25,0.92165375,1.0025191,310000.0,151467.39,149824.06,149824.06,18.959988,10.34344,8.54015,8.540149
1.7974057e+25,0.9382589,1.0021154,310000.0,151467.34,149824.05,149824.05,18.959988,10.34349,8.540149,8.54015
1.7974057e+25,0.92794514,1.0019062,310000.0,151467.39,149824.03,149824.06,18.959988,10.343446,8.540149,8.540149
1.7974057e+25,0.930336,1.0022876,310000.0,151467.4,149824.06,149824.05,18.959988,10.343557,8.540151,8.540149
1.7974057e+25,0.93330365,1.0025264,310000.0,151467.31,149824.06,149824.05,18.959988,10.342876,8.54015,8.540149
1.7974057e+25,0.93207246,1.0027825,310000.0,151467.39,149824.06,149824.06,18.959988,10.343587,8.54015,8.540149
1.7974057e+25,0.92665875,1.0020847,310000.0,151467.36,149824.08,149824.05,18.959988,10.343199,8.54015,8.540149
1.7974057e+25,0.9167113,1.0027809,310000.0,151467.39,149824.06,149824.03,18.959988,10.343691,8.54015,8.540149
1.7974057e+25,0.94408786,1.0022136,310000.0,151467.39,149824.05,149824.05,18.959988,10.343394,8.54015,8.540149
1.7974057e+25,0.93180543,1.0025308,310000.0,151467.4,149824.06,149824.06,18.959988,10.3432255,8.540149,8.54015
1.7974057e+25,0.93320423,1.0020522,310000.0,151467.36,149824.06,149824.06,18.959988,10.3434,8.54015,8.54015
1.7974057e+25,0.92011184,1.0024197,310000.0,151467.4,149824.06,149824.05,18.959988,10.343401,8.54015,8.540149
1.7974057e+25,0.9347742,1.0022197,310000.0,151467.4,149824.05,149824.03,18.959988,10.34347,8.54015,8.540149
1.7974057e+25,0.9471695,1.0021408,310000.0,151467.42,149824.05,149824.05,18.959988,10.343482,8.54015,8.540149
1.7974057e+25,0.93482804,1.0025156,310000.0,151467.38,149824.08,149824.06,18.959988,10.343148,8.54015,8.540149
1.7974057e+25,0.92903787,1.0022926,310000.0,151467.4,149824.05,149824.05,18.959988,10.343534,8.540149,8.540148
1.7974057e+25,0.9336327,1.0022439,310000.0,151467.4,149824.08,149824.06,18.959988,10.3434925,8.54015,8.540149
1.7974057e+25,0.9380709,1.0025685,310000.0,151467.36,149824.05,149824.05,18.959988,10.343353,8.540149,8.54015
1.7974057e+25,0.9294633,1.0020931,310000.0,151467.39,149824.03,149824.06,18.959988,10.343492,8.54015,8.540149
1.7974057e+25,0.9349256,1.002137,310000.0,151467.39,149824.05,149824.06,18.959988,10.343421,8.540149,8.540149
1.7974057e+25,0.9406473,1.0026114,310000.0,151467.4,149824.06,149824.05,18.959988,10.3434105,8.540151,8.540149
1.7974057e+25,0.9362067,1.0025084,310000.0,151467.36,149824.06,149824.05,18.959988,10.343438,8.54015,8.540149
1.7974057e+25,0.9220893,1.0026084,310000.0,151467.4,149824.06,149824.05,18.959988,10.343769,8.54015,8.540149
1.7974057e+25,0.92896175,1.0024734,310000.0,151467.36,149824.06,149824.06,18.959988,10.3431635,8.54015,8.54015
1.7974057e+25,0.9396565,1.0024914,310000.0,151467.34,149824.05,149824.08,18.959988,10.343189,8.540149,8.54015
1.7974057e+25,0.9135126,1.0018467,310000.0,151467.34,149824.06,149824.06,18.959988,10.343061,8.54015,8.540149
1.7974057e+25,0.93727005,1.0023928,310000.0,151467.36,149824.06,149824.05,18.959988,10.343586,8.54015,8.540149
1.7974057e+25,0.94604456,1.0024449,310000.0,151467.38,149824.06,149824.05,18.959988,10.343433,8.54015,8.540149
1.7974057e+25,0.92997736,1.0026166,310000.0,151467.42,149824.05,149824.05,18.959988,10.3434515,8.540149,8.540149
1.7974057e+25,0.9387297,1.002757,310000.0,151467.4,149824.06,149824.06,18.959988,10.343806,8.540149,8.540149
1.7974057e+25,0.93054533,1.0031168,310000.0,151467.42,149824.03,149824.06,18.959988,10.343425,8.54015,8.540149
1.7974057e+25,0.938025,1.0027281,310000.0,151467.38,149824.05,149824.05,18.959988,10.343404,8.54015,8.540149
1.7974057e+25,0.9456059,1.0031025,310000.0,151467.39,149824.03,149824.06,18.959988,10.343264,8.540148,8.540149
1.7974057e+25,0.9268148,1.0026748,310000.0,151467.4,149824.08,149824.06,18.959988,10.343618,8.54015,8.540149
1.7974057e+25,0.93973017,1.0023841,310000.0,151467.39,149824.05,149824.05,18.959988,10.343489,8.540149,8.540149
1.7974057e+25,0.93766,1.0022423,310000.0,151467.38,149824.05,149824.06,18.959988,10.343443,8.540149,8.540149
1.7974057e+25,0.9342279,1.0028667,310000.0,151467.39,149824.05,149824.05,18.959988,10.343417,8.54015,8.540149
1.7974057e+25,0.9374596,1.0023372,310000.0,151467.38,149824.06,149824.08,18.959988,10.343532,8.54015,8.54015
1.7974057e+25,0.93329734,1.0024391,310000.0,151467.36,149824.06,149824.06,18.959988,10.343619,8.540149,8.540149
1.7974057e+25,0.9372125,1.0024843,310000.0,151467.42,149824.08,149824.05,18.959988,10.343614,8.54015,8.540149
1.7974057e+25,0.9231056,1.0021734,310000.0,151467.36,149824.06,149824.06,18.959988,10.343547,8.54015,8.540149
1.7974057e+25,0.9332626,1.0021843,310000.0,151467.36,149824.08,149824.05,18.959988,10.343001,8.54015,8.54015
1.7974057e+25,0.924669,1.0021013,310000.0,151467.39,149824.06,149824.03,18.959988,10.343584,8.54015,8.540149
1.7974057e+25,0.9458393,1.0027492,310000.0,151467.38,149824.03,149824.08,18.959988,10.343233,8.540149,8.54015
1.7974057e+25,0.95043296,1.0027333,310000.0,151467.42,149824.03,149824.03,18.959988,10.343375,8.54015,8.54015
1.7974057e+25,0.9427016,1.002461,310000.0,151467.39,149824.06,149824.05,18.959988,10.3433,8.54015,8.54015
1.7974057e+25,0.9167681,0.9994537,310000.0,151467.38,149824.06,149824.08,18.959988,10.343388,8.54015,8.540146
1.7974057e+25,0.9292698,0.9995528,310000.0,151467.39,149824.06,149824.06,18.959988,10.343098,8.540151,8.540147
1.7974057e+25,0.91346633,0.99970376,310000.0,151467.38,149824.03,149824.05,18.959988,10.343446,8.540151,8.540146
1.7974057e+25,0.9326317,0.99964845,310000.0,151467.4,149824.06,149824.06,18.959988,10.343572,8.540149,8.540146
1.7974057e+25,0.9199283,0.9997719,310000.0,151467.44,149824.05,149824.05,18.959988,10.343676,8.54015,8.540146
1.7974057e+25,0.940699,1.0027645,310000.0,151467.4,149824.06,149824.03,18.959988,10.343889,8.540149,8.540147
1.7974057e+25,0.94003654,1.0029324,310000.0,151467.4,149824.06,149824.05,18.959988,10.343486,8.54015,8.540147
1.7974057e+25,0.9364479,1.0025697,310000.0,151467.38,149824.05,149824.06,18.959988,10.343491,8.54015,8.540147
1.7974057e+25,0.95058346,1.0023814,310000.0,151467.42,149824.06,149824.05,18.959988,10.343555,8.54015,8.540147
1.7974057e+25,0.9411132,1.0029354,310000.0,151467.4,149824.06,149824.05,18.959988,10.343424,8.540149,8.540146
1.7974057e+25,0.94177645,1.0033431,310000.0,151467.38,149824.03,149824.05,18.959988,10.343428,8.54015,8.540147
1.7974057e+25,0.9399256,1.0029001,310000.0,151467.4,149824.05,149824.05,18.959988,10.343328,8.54015,8.540147
1.7974057e+25,0.92710257,1.0022538,310000.0,151467.38,149824.05,149824.06,18.959988,10.343212,8.540149,8.540147
1.7974057e+25,0.9442276,1.0027832,310000.0,151467.38,149824.05,149824.06,18.959988,10.343421,8.540149,8.540147
1.7974057e+25,0.93565613,1.0030034,310000.0,151467.33,149824.05,149824.05,18.959988,10.343312,8.540149,8.540146
1.7974057e+25,0.93394923,1.0026159,310000.0,151467.44,149824.08,149824.06,18.959988,10.343583,8.540151,8.540148
1.7974057e+25,0.9338925,1.0027912,310000.0,151467.38,149824.06,149824.03,18.959988,10.343234,8.540151,8.540146
1.7974057e+25,0.9362444,1.002352,310000.0,151467.38,149824.06,149824.05,18.959988,10.343187,8.540151,8.540146
1.7974057e+25,0.9406044,1.002955,310000.0,151467.38,149824.03,149824.06,18.959988,10.34319,8.54015,8.540146
1.7974057e+25,0.94432473,1.0030662,310000.0,151467.33,149824.06,149824.05,18.959988,10.343181,8.54015,8.540147
1.7974057e+25,0.92393863,1.0023816,310000.0,151467.44,149824.05,149824.08,18.959988,10.343787,8.54015,8.540147
1.7974057e+25,0.93674195,1.0032829,310000.0,151467.39,149824.03,149824.06,18.959988,10.343191,8.54015,8.540146
1.7974057e+25,0.9338259,1.0029277,310000.0,151467.33,149824.06,149824.06,18.959988,10.343309,8.54015,8.540147
1.7974057e+25,0.93926257,1.0030587,310000.0,151467.39,149824.06,149824.08,18.959988,10.343427,8.54015,8.540146
1.7974057e+25,0.9455053,1.0028548,310000.0,151467.4,149824.06,149824.08,18.959988,10.343396,8.540151,8.540147
1.7974057e+25,0.9487974,1.0025812,310000.0,151467.33,149824.06,149824.06,18.959988,10.343128,8.540151,8.540147
1.7974057e+25,0.9355396,1.0032759,310000.0,151467.39,149824.08,149824.06,18.959988,10.343676,8.54015,8.540146
1.7974057e+25,0.9310466,1.0022337,310000.0,151467.38,149824.05,149824.05,18.959988,10.343201,8.54015,8.540147
1.7974057e+25,0.926518,1.0027932,310000.0,151467.42,149824.05,149824.06,18.959988,10.343583,8.540149,8.540146
1.7974057e+25,0.9238386,1.0025705,310000.0,151467.38,149824.06,149824.05,18.959988,10.3432,8.540149,8.540148
1.7974057e+25,0.9244489,1.0019934,310000.0,151467.3,149824.05,149824.05,18.959988,10.343061,8.54015,8.540146
1.7974057e+25,0.9330282,1.0020849,310000.0,151467.39,149824.06,149824.06,18.959988,10.343026,8.54015,8.540147
1.7974057e+25,0.91164607,1.001513,310000.0,151467.34,149824.06,149824.08,18.959988,10.343109,8.54015,8.540147
1.7974057e+25,0.9182642,1.0025411,310000.0,151467.39,149824.06,149824.05,18.959988,10.343324,8.54015,8.540147
1.7974057e+25,0.9351621,1.0026416,310000.0,151467.31,149824.05,149824.05,18.959988,10.343,8.54015,8.540146
1.7974057e+25,0.94726163,1.0026143,310000.0,151467.39,149824.08,149824.05,18.959988,10.343428,8.540151,8.540146
1.7974057e+25,0.92188716,1.0023414,310000.0,151467.33,149824.03,149824.05,18.959988,10.343275,8.54015,8.540147
1.7974057e+25,0.93730474,1.0027199,310000.0,151467.4,149824.05,149824.06,18.959988,10.343567,8.54015,8.540147
1.7974057e+25,0.9413429,1.0022587,310000.0,151467.4,149824.08,149824.06,18.959988,10.343333,8.54015,8.540146
1.7974057e+25,0.93662065,1.0026617,310000.0,151467.42,149824.06,149824.08,18.959988,10.343423,8.540151,8.540147
1.7974057e+25,0.93149704,1.0024958,310000.0,151467.36,149824.05,149824.05,18.959988,10.34315,8.540151,8.540146
1.7974057e+25,0.9331419,1.0024885,310000.0,151467.4,149824.05,149824.06,18.959988,10.343182,8.540149,8.540146
1.7974057e+25,0.9357136,1.0028194,310000.0,151467.34,149824.06,149824.05,18.959988,10.343175,8.54015,8.540146
1.7974057e+25,0.939121,1.0032135,310000.0,151467.38,149824.06,149824.06,18.959988,10.343159,8.54015,8.540147
1.7974057e+25,0.93262655,1.0030327,310000.0,151467.38,149824.05,149824.08,18.959988,10.343293,8.54015,8.540147
1.7974057e+25,0.9474967,1.0030845,310000.0,151467.39,149824.05,149824.03,18.959988,10.343511,8.54015,8.540147
1.7974057e+25,0.93457276,1.0030576,310000.0,151467.39,149824.05,149824.05,18.959988,10.343519,8.54015,8.540147
1.7974057e+25,0.9529853,1.0032159,310000.0,151467.36,149824.06,149824.06,18.959988,10.343234,8.54015,8.540146
1.7974057e+25,0.9306787,1.0026733,310000.0,151467.39,149824.05,149824.05,18.959988,10.343646,8.54015,8.540146
1.7974057e+25,0.93803567,1.002984,310000.0,151467.34,149824.05,149824.05,18.959988,10.343002,8.54015,8.540146
1.7974057e+25,0.9369054,1.0031296,310000.0,151467.44,149824.08,149824.06,18.959988,10.343668,8.54015,8.540148
1.7974057e+25,0.9367017,1.0027463,310000.0,151467.4,149824.06,149824.08,18.959988,10.34336,8.540149,8.540147
1.7974057e+25,0.93902576,1.0030282,310000.0,151467.34,149824.06,149824.06,18.959988,10.343221,8.54015,8.540148
1.7974057e+25,0.94091815,1.0027381,310000.0,151467.39,149824.05,149824.03,18.959988,10.34339,8.54015,8.540147
1.7974057e+25,0.94010115,1.0027626,310000.0,151467.34,149824.06,149824.05,18.959988,10.343149,8.54015,8.540146
1.7974057e+25,0.9472715,1.0031569,310000.0,151467.38,149824.06,149824.06,18.959988,10.343277,8.540151,8.540146
1.7974057e+25,0.945582,1.0029039,310000.0,151467.36,149824.06,149824.08,18.959988,10.34327,8.540149,8.540146
1.7974057e+25,0.9288265,1.0026134,310000.0,151467.36,149824.06,149824.05,18.959988,10.343187,8.54015,8.540146
1.7974057e+25,0.94210035,1.0031372,310000.0,151467.38,149824.05,149824.08,18.959988,10.343306,8.540149,8.540146
1.7974057e+25,0.93731123,1.0027691,310000.0,151467.42,149824.06,149824.06,18.959988,10.343547,8.54015,8.540146
1.7974057e+25,0.94191426,1.0026816,310000.0,151467.39,149824.05,149824.06,18.959988,10.343212,8.54015,8.540146
1.7974057e+25,0.94337887,1.0028832,310000.0,151467.4,149824.05,149824.06,18.959988,10.343437,8.54015,8.540148
1.7974057e+25,0.9525157,1.0032202,310000.0,151467.38,149824.05,149824.05,18.959988,10.343321,8.540149,8.540147
1.7974057e+25,0.94834226,1.0026363,310000.0,151467.39,149824.06,149824.05,18.959988,10.343545,8.54015,8.540146
1.7974057e+25,0.9337566,1.002643,310000.0,151467.39,149824.06,149824.08,18.959988,10.343445,8.54015,8.540147
1.7974057e+25,0.92473936,1.002668,310000.0,151467.4,149824.03,149824.05,18.959988,10.34361,8.540151,8.540146
1.7974057e+25,0.9498018,1.0030885,310000.0,151467.38,149824.06,149824.05,18.959988,10.343436,8.540151,8.540146
1.7974057e+25,0.93944424,1.0030575,310000.0,151467.44,149824.05,149824.08,18.959988,10.343662,8.54015,8.540147
1.7974057e+25,0.9354275,1.0029883,310000.0,151467.38,149824.05,149824.08,18.959988,10.343555,8.54015,8.540147
1.7974057e+25,0.9513163,1.0033199,310000.0,151467.4,149824.05,149824.06,18.959988,10.343553,8.540149,8.540147
1.7974057e+25,0.94160545,1.0025545,310000.0,151467.38,149824.06,149824.05,18.959988,10.343539,8.54015,8.540145
1.7974057e+25,0.9467398,1.0030068,310000.0,151467.36,149824.06,149824.08,18.959988,10.343297,8.54015,8.540146
1.7974057e+25,0.9260897,1.0023812,310000.0,151467.38,149824.08,149824.05,18.959988,10.343454,8.54015,8.540146
1.7974057e+25,0.9562168,1.0032725,310000.0,151467.42,149824.05,149824.06,18.959988,10.343675,8.540149,8.540146
1.7974057e+25,0.9263951,1.0026689,310000.0,151467.31,149824.06,149824.08,18.959988,10.34317,8.540149,8.540146
1.7974057e+25,0.9239895,1.00228,310000.0,151467.33,149824.05,149824.06,18.959988,10.34313,8.540151,8.540147
1.7974057e+25,0.92282856,1.0023888,310000.0,151467.39,149824.06,149824.05,18.959988,10.34365,8.54015,8.540147
1.7974057e+25,0.9443067,1.002897,310000.0,151467.39,149824.03,149824.08,18.959988,10.343386,8.54015,8.540146
1.7974057e+25,0.948315,1.0025086,310000.0,151467.33,149824.05,149824.05,18.959988,10.343064,8.540151,8.540145
1.7974057e+25,0.9319304,1.0030218,310000.0,151467.31,149824.08,149824.06,18.959988,10.343321,8.54015,8.540147
1.7974057e+25,0.94380516,1.0029399,310000.0,151467.42,149824.06,149824.08,18.959988,10.343588,8.54015,8.540146
1.7974057e+25,0.9166994,1.0018651,310000.0,151467.34,149824.06,149824.05,18.959988,10.343464,8.54015,8.540147
1.7974057e+25,0.93515027,1.0026226,310000.0,151467.4,149824.05,149824.06,18.959988,10.343488,8.540149,8.540147
1.7974057e+25,0.94835055,1.0032513,310000.0,151467.4,149824.06,149824.06,18.959988,10.34367,8.540151,8.540147
1.7974057e+25,0.9456987,1.003435,310000.0,151467.42,149824.06,149824.05,18.959988,10.343681,8.54015,8.540147
1.7974057e+25,0.9298438,1.0029942,310000.0,151467.34,149824.06,149824.05,18.959988,10.343288,8.54015,8.540146
1.7974057e+25,0.92606866,1.0032336,310000.0,151467.38,149824.05,149824.06,18.959988,10.343381,8.54015,8.540147
1.7974057e+25,0.9407442,1.0033453,310000.0,151467.38,149824.05,149824.06,18.959988,10.343442,8.540149,8.540146
1.7974057e+25,0.94194216,1.0032125,310000.0,151467.4,149824.08,149824.06,18.959988,10.343257,8.540151,8.540147
1.7974057e+25,0.9487903,1.0031873,310000.0,151467.36,149824.06,149824.05,18.959988,10.343418,8.540151,8.540146
1.7974057e+25,0.9475715,1.0034723,310000.0,151467.42,149824.08,149824.06,18.959988,10.343482,8.54015,8.540146
1.7974057e+25,0.93595374,1.0027566,310000.0,151467.39,149824.03,149824.06,18.959988,10.343332,8.54015,8.540147
1.7974057e+25,0.94417554,1.0025829,310000.0,151467.36,149824.05,149824.05,18.959988,10.343076,8.54015,8.540147
1.7974057e+25,0.9390762,1.0023258,310000.0,151467.39,149824.06,149824.06,18.959988,10.34354,8.540149,8.540147
1.7974057e+25,0.91483414,1.0019124,310000.0,151467.38,149824.06,149824.03,18.959988,10.343077,8.540149,8.540146
1.7974057e+25,0.9382478,1.0029256,310000.0,151467.36,149824.05,149824.05,18.959988,10.343283,8.540151,8.540146
1.7974057e+25,0.93224233,1.0028231,310000.0,151467.38,149824.05,149824.06,18.959988,10.343253,8.540149,8.540146
1.7974057e+25,0.92376125,1.0021528,310000.0,151467.4,149824.05,149824.08,18.959988,10.343627,8.54015,8.540147
1.7974057e+25,0.9162948,0.99979514,310000.0,151467.33,149824.05,149824.06,18.959988,10.343226,8.540151,8.540152
1.7974057e+25,0.9118988,0.99954486,310000.0,151467.39,149824.06,149824.05,18.959988,10.343705,8.54015,8.540151
1.7974057e+25,0.91282225,1.000087,310000.0,151467.4,149824.05,149824.06,18.959988,10.343618,8.540149,8.540151
1.7974057e+25,0.9102177,0.99988127,310000.0,151467.34,149824.06,149824.06,18.959988,10.343369,8.54015,8.540151
1.7974057e+25,0.9312918,1.0000353,310000.0,151467.44,149824.03,149824.05,18.959988,10.34368,8.54015,8.540151
1.7974057e+25,0.928948,0.99988246,310000.0,151467.36,149824.05,149824.06,18.959988,10.3434725,8.540149,8.540151
1.7974057e+25,0.90532243,0.9995062,310000.0,151467.42,149824.06,149824.05,18.959988,10.343381,8.54015,8.540152
1.7974057e+25,0.91374356,0.9996924,310000.0,151467.31,149824.08,149824.08,18.959988,10.343357,8.540151,8.540152
1.7974057e+25,0.93983597,0.9996062,310000.0,151467.36,149824.03,149824.05,18.959988,10.343107,8.540149,8.540151
1.7974057e+25,0.940191,1.0001898,310000.0,151467.39,149824.06,149824.06,18.959988,10.343407,8.54015,8.540151
1.7974057e+25,0.9415033,1.0029206,310000.0,151467.38,149824.05,149824.06,18.959988,10.34336,8.54015,8.54015
1.7974057e+25,0.9307079,1.003098,310000.0,151467.34,149824.03,149824.06,18.959988,10.343472,8.54015,8.540151
1.7974057e+25,0.93989927,1.0031137,310000.0,151467.39,149824.06,149824.06,18.959988,10.343223,8.540149,8.540151
1.7974057e+25,0.9362162,1.0034019,310000.0,151467.34,149824.06,149824.06,18.959988,10.343153,8.54015,8.540151
1.7974057e+25,0.9320775,1.0029547,310000.0,151467.39,149824.05,149824.06,18.959988,10.343662,8.540149,8.540151
1.7974057e+25,0.9312779,1.0032058,310000.0,151467.34,149824.08,149824.05,18.959988,10.343312,8.54015,8.540151
1.7974057e+25,0.93648034,1.0028605,310000.0,151467.36,149824.05,149824.05,18.959988,10.343271,8.54015,8.540151
1.7974057e+25,0.9487453,1.0034477,310000.0,151467.31,149824.03,149824.06,18.959988,10.342952,8.540148,8.540151
1.7974057e+25,0.92921746,1.0028834,310000.0,151467.44,149824.06,149824.06,18.959988,10.343371,8.54015,8.540152
1.7974057e+25,0.9291868,1.0026494,310000.0,151467.39,149824.06,149824.06,18.959988,10.343275,8.540149,8.540152
1.7974057e+25,0.9282403,1.002942,310000.0,151467.42,149824.03,149824.05,18.959988,10.343736,8.54015,8.540151
1.7974057e+25,0.9175832,1.0029861,310000.0,151467.38,149824.06,149824.06,18.959988,10.343388,8.54015,8.540151
1.7974057e+25,0.94166714,1.0032107,310000.0,151467.34,149824.05,149824.06,18.959988,10.343261,8.540149,8.54015
1.7974057e+25,0.947043,1.0028551,310000.0,151467.34,149824.03,149824.06,18.959988,10.343163,8.540149,8.540151
1.7974057e+25,0.93608123,1.0031661,310000.0,151467.36,149824.05,149824.06,18.959988,10.343192,8.54015,8.540151
1.7974057e+25,0.9531527,1.0030154,310000.0,151467.42,149824.06,149824.05,18.959988,10.343181,8.540151,8.540152
1.7974057e+25,0.9412031,1.0036434,310000.0,151467.42,149824.06,149824.05,18.959988,10.343653,8.54015,8.540151
1.7974057e+25,0.9276909,1.0028385,310000.0,151467.34,149824.06,149824.08,18.959988,10.343228,8.54015,8.540152
1.7974057e+25,0.9136182,1.0026692,310000.0,151467.4,149824.06,149824.06,18.959988,10.343294,8.540151,8.540152
1.7974057e+25,0.93337846,1.0029773,310000.0,151467.38,149824.06,149824.06,18.959988,10.343372,8.540149,8.54015
1.7974057e+25,0.93966126,1.0028144,310000.0,151467.38,149824.08,149824.05,18.959988,10.343446,8.54015,8.540151
1.7974057e+25,0.9329452,1.0028075,310000.0,151467.33,149824.1,149824.06,18.959988,10.343172,8.54015,8.540151
1.7974057e+25,0.9432417,1.003102,310000.0,151467.39,149824.06,149824.06,18.959988,10.343863,8.540151,8.540151
1.7974057e+25,0.94624966,1.0030633,310000.0,151467.36,149824.05,149824.05,18.959988,10.34318,8.54015,8.540151
1.7974057e+25,0.94085604,1.0027264,310000.0,151467.44,149824.05,149824.08,18.959988,10.343904,8.540149,8.540152
1.7974057e+25,0.9467945,1.002917,310000.0,151467.36,149824.06,149824.06,18.959988,10.343132,8.540149,8.540151
1.7974057e+25,0.94266665,1.0031344,310000.0,151467.33,149824.05,149824.06,18.959988,10.342974,8.540149,8.54015
1.7974057e+25,0.93041265,1.0027097,310000.0,151467.39,149824.06,149824.06,18.959988,10.343261,8.54015,8.540152
1.7974057e+25,0.93221664,1.0030773,310000.0,151467.39,149824.05,149824.06,18.959988,10.343061,8.54015,8.540152
1.7974057e+25,0.94318014,1.0028216,310000.0,151467.38,149824.06,149824.05,18.959988,10.34361,8.54015,8.540152
1.7974057e+25,0.9428293,1.0030913,310000.0,151467.38,149824.05,149824.06,18.959988,10.3433895,8.54015,8.540152
1.7974057e+25,0.94382954,1.0027853,310000.0,151467.38,149824.05,149824.05,18.959988,10.343208,8.54015,8.540151
1.7974057e+25,0.93905735,1.0029575,310000.0,151467.34,149824.05,149824.05,18.959988,10.343182,8.540149,8.540151
1.7974057e+25,0.92843854,1.0030657,310000.0,151467.36,149824.06,149824.08,18.959988,10.343154,8.540149,8.540151
1.7974057e+25,0.9361087,1.0029827,310000.0,151467.38,149824.06,149824.05,18.959988,10.34345,8.540151,8.540152
1.7974057e+25,0.9375702,1.0032128,310000.0,151467.38,149824.1,149824.08,18.959988,10.343331,8.540151,8.540151
1.7974057e+25,0.91106945,1.0025322,310000.0,151467.4,149824.05,149824.06,18.959988,10.343281,8.540149,8.540152
1.7974057e+25,0.932024,1.0025885,310000.0,151467.42,149824.05,149824.06,18.959988,10.343328,8.54015,8.540151
1.7974057e+25,0.9091751,1.0022607,310000.0,151467.31,149824.03,149824.06,18.959988,10.342936,8.540149,8.540151
1.7974057e+25,0.92609364,1.0026584,310000.0,151467.36,149824.05,149824.06,18.959988,10.343632,8.54015,8.540151
1.7974057e+25,0.93278193,1.0029683,310000.0,151467.39,149824.05,149824.06,18.959988,10.343667,8.540149,8.540151
1.7974057e+25,0.9415256,1.002914,310000.0,151467.38,149824.06,149824.06,18.959988,10.343145,8.540151,8.540152
1.7974057e+25,0.941059,1.0030924,310000.0,151467.36,149824.05,149824.06,18.959988,10.343333,8.54015,8.540151
1.7974057e+25,0.9344627,1.0022032,310000.0,151467.38,149824.06,149824.08,18.959988,10.343387,8.54015,8.540152
1.7974057e+25,0.9412136,1.0029238,310000.0,151467.38,149824.05,149824.06,18.959988,10.343453,8.540149,8.540152
1.7974057e+25,0.9398753,1.0023767,310000.0,151467.34,149824.06,149824.05,18.959988,10.343382,8.54015,8.540151
1.7974057e+25,0.93542683,1.0028069,310000.0,151467.38,149824.05,149824.08,18.959988,10.343433,8.54015,8.540151
1.7974057e+25,0.94240326,1.0031677,310000.0,151467.39,149824.08,149824.06,18.959988,10.3434725,8.54015,8.54015
1.7974057e+25,0.93402153,1.0032374,310000.0,151467.42,149824.06,149824.06,18.959988,10.343536,8.54015,8.540151
1.7974057e+25,0.944613,1.0032943,310000.0,151467.39,149824.05,149824.05,18.959988,10.343702,8.54015,8.540152
1.7974057e+25,0.93219256,1.0029564,310000.0,151467.34,149824.05,149824.06,18.959988,10.3432665,8.540149,8.540152
1.7974057e+25,0.9281099,1.0030003,310000.0,151467.44,149824.05,149824.06,18.959988,10.343603,8.54015,8.540151
1.7974057e+25,0.94826293,1.0031191,310000.0,151467.39,149824.06,149824.06,18.959988,10.343465,8.54015,8.540152
1.7974057e+25,0.93889296,1.0027337,310000.0,151467.38,149824.05,149824.08,18.959988,10.343546,8.54015,8.540151
1.7974057e+25,0.9456776,1.00298,310000.0,151467.42,149824.05,149824.06,18.959988,10.343388,8.540149,8.540151
1.7974057e+25,0.9264972,1.0020388,310000.0,151467.44,149824.03,149824.03,18.959988,10.3436,8.54015,8.54015
1.7974057e+25,0.9345136,1.0022873,310000.0,151467.39,149824.06,149824.06,18.959988,10.343352,8.540148,8.540151
1.7974057e+25,0.9325923,1.0023862,310000.0,151467.39,149824.06,149824.06,18.959988,10.343358,8.54015,8.540151
1.7974057e+25,0.93440694,1.002482,310000.0,151467.33,149824.05,149824.05,18.959988,10.343554,8.540149,8.540152
1.7974057e+25,0.9376096,1.0023907,310000.0,151467.36,149824.05,149824.06,18.959988,10.3431015,8.54015,8.540152
1.7974057e+25,0.9064503,1.0012214,310000.0,151467.42,149824.05,149824.05,18.959988,10.34344,8.540149,8.540151
1.7974057e+25,0.9411914,1.0027997,310000.0,151467.38,149824.06,149824.06,18.959988,10.343369,8.54015,8.540151
1.7974057e+25,0.9247861,1.0025517,310000.0,151467.44,149824.06,149824.03,18.959988,10.343576,8.540149,8.540152
1.7974057e+25,0.95131606,1.0036509,310000.0,151467.44,149824.05,149824.06,18.959988,10.343755,8.540151,8.540151
1.7974057e+25,0.9353285,1.0028536,310000.0,151467.38,149824.05,149824.06,18.959988,10.343272,8.540149,8.540152
1.7974057e+25,0.927407,1.0023547,310000.0,151467.36,149824.06,149824.06,18.959988,10.343433,8.540149,8.540151
1.7974057e+25,0.9171146,1.0026102,310000.0,151467.42,149824.05,149824.06,18.959988,10.343804,8.540151,8.540151
1.7974057e+25,0.9189099,1.0021633,310000.0,151467.36,149824.05,149824.05,18.959988,10.343313,8.540149,8.540151
1.7974057e+25,0.9219087,1.0021205,310000.0,151467.42,149824.05,149824.06,18.959988,10.343471,8.540148,8.540151
1.7974057e+25,0.9282747,1.0029774,310000.0,151467.42,149824.05,149824.08,18.959988,10.34363,8.54015,8.54015
1.7974057e+25,0.93898326,1.0029653,310000.0,151467.36,149824.05,149824.06,18.959988,10.343592,8.540151,8.540151
1.7974057e+25,0.94907624,1.003123,310000.0,151467.36,149824.05,149824.05,18.959988,10.343607,8.54015,8.540152
1.7974057e+25,0.93886036,1.0029409,310000.0,151467.36,149824.05,149824.08,18.959988,10.34342,8.54015,8.540151
1.7974057e+25,0.9283043,1.00312,310000.0,151467.42,149824.08,149824.06,18.959988,10.343598,8.54015,8.540151
1.7974057e+25,0.93458,1.0028814,310000.0,151467.4,149824.05,149824.06,18.959988,10.343522,8.54015,8.540152
1.7974057e+25,0.9384203,1.0024538,310000.0,151467.39,149824.05,149824.05,18.959988,10.343292,8.54015,8.54015
1.7974057e+25,0.941434,1.0031673,310000.0,151467.3,149824.05,149824.05,18.959988,10.343139,8.54015,8.540151
1.7974057e+25,0.9270663,1.0027156,310000.0,151467.42,149824.05,149824.06,18.959988,10.343659,8.54015,8.54015
1.7974057e+25,0.9270822,1.0023661,310000.0,151467.4,149824.08,149824.06,18.959988,10.343682,8.54015,8.540152
1.7974057e+25,0.93564916,1.0027051,310000.0,151467.31,149824.06,149824.08,18.959988,10.34299,8.540151,8.540152
1.7974057e+25,0.93528813,1.0031351,310000.0,151467.36,149824.05,149824.06,18.959988,10.343462,8.54015,8.540151
1.7974057e+25,0.9414301,1.0032834,310000.0,151467.4,149824.08,149824.05,18.959988,10.343685,8.540151,8.540151
1.7974057e+25,0.94884604,1.0034834,310000.0,151467.33,149824.05,149824.08,18.959988,10.343302,8.54015,8.540151
1.7974057e+25,0.9316715,1.0032548,310000.0,151467.38,149824.06,149824.06,18.959988,10.343145,8.54015,8.540151
1.7974057e+25,0.94166714,1.003455,310000.0,151467.38,149824.03,149824.08,18.959988,10.343309,8.54015,8.540151
1.7974057e+25,0.9446304,1.0031207,310000.0,151467.42,149824.05,149824.06,18.959988,10.343581,8.540151,8.540151
1.7974057e+25,0.94114906,1.0025504,310000.0,151467.4,149824.06,149824.06,18.959988,10.343333,8.54015,8.540152
1.7974057e+25,0.9514981,1.0029733,310000.0,151467.4,149824.05,149824.06,18.959988,10.343497,8.540149,8.540152
1.7974057e+25,0.9363529,1.0026485,310000.0,151467.38,149824.05,149824.06,18.959988,10.3436165,8.54015,8.540151
1.7974057e+25,0.9455026,1.0031762,310000.0,151467.34,149824.06,149824.05,18.959988,10.343148,8.540149,8.540151
1.7974057e+25,0.94995236,1.0033023,310000.0,151467.4,149824.06,149824.06,18.959988,10.343453,8.54015,8.540152
1.7974057e+25,0.94071645,1.0034155,310000.0,151467.34,149824.06,149824.06,18.959988,10.343155,8.54015,8.540152
1.7974057e+25,0.9391794,1.0028783,310000.0,151467.38,149824.05,149824.05,18.959988,10.343353,8.540151,8.540151
1.7974057e+25,0.9229967,1.0031054,310000.0,151467.36,149824.08,149824.06,18.959988,10.343443,8.54015,8.540151
1.7974057e+25,0.93442965,1.0036354,310000.0,151467.4,149824.06,149824.08,18.959988,10.343557,8.540151,8.540151
1.7974057e+25,0.9310724,1.0029068,310000.0,151467.39,149824.05,149824.06,18.959988,10.343349,8.54015,8.540152
1.7974057e+25,0.9472647,1.002757,310000.0,151467.38,149824.06,149824.08,18.959988,10.343334,8.54015,8.540151
1.7974057e+25,0.94145864,1.0031353,310000.0,151467.38,149824.05,149824.05,18.959988,10.343301,8.54015,8.540151
1.7974057e+25,0.9323813,1.0027993,310000.0,151467.34,149824.05,149824.06,18.959988,10.343134,8.540151,8.540151
1.7974057e+25,0.94036233,1.0036191,310000.0,151467.39,149824.06,149824.06,18.959988,10.343323,8.540149,8.540152
1.7974057e+25,0.94770557,1.0006932,310000.0,151467.38,149824.06,149824.06,18.959988,10.343382,8.540149,8.54015
1.7974057e+25,0.9496665,0.99985397,310000.0,151467.36,149824.06,149824.03,18.959988,10.343496,8.54015,8.54015
1.7974057e+25,0.9414108,0.99967855,310000.0,151467.36,149824.06,149824.05,18.959988,10.343544,8.54015,8.540151
1.7974057e+25,0.9245647,0.9994762,310000.0,151467.33,149824.05,149824.05,18.959988,10.343399,8.54015,8.54015
1.7974057e+25,0.93539023,1.0000435,310000.0,151467.38,149824.03,149824.06,18.959988,10.343254,8.54015,8.54015
1.7974057e+25,0.9212024,1.0026993,310000.0,151467.4,149824.05,149824.02,18.959988,10.343531,8.540149,8.54015
1.7974057e+25,0.9385401,1.0030973,310000.0,151467.44,149824.06,149824.05,18.959988,10.343664,8.540149,8.54015
1.7974057e+25,0.9306577,1.003175,310000.0,151467.4,149824.03,149824.05,18.959988,10.343543,8.540149,8.54015
1.7974057e+25,0.9342608,1.0029238,310000.0,151467.36,149824.08,149824.05,18.959988,10.343026,8.54015,8.54015
1.7974057e+25,0.9445262,1.0034591,310000.0,151467.34,149824.05,149824.06,18.959988,10.343189,8.54015,8.540151
1.7974057e+25,0.9396032,1.003191,310000.0,151467.44,149824.06,149824.05,18.959988,10.343541,8.540149,8.54015
1.7974057e+25,0.92152977,1.0026003,310000.0,151467.44,149824.03,149824.06,18.959988,10.343553,8.54015,8.54015
1.7974057e+25,0.9212576,1.0024613,310000.0,151467.38,149824.08,149824.06,18.959988,10.343539,8.54015,8.540151
1.7974057e+25,0.9277651,1.0024792,310000.0,151467.34,149824.05,149824.06,18.959988,10.343179,8.540151,8.540151
1.7974057e+25,0.9430168,1.0035335,310000.0,151467.4,149824.06,149824.05,18.959988,10.343629,8.540149,8.540151
1.7974057e+25,0.9446105,1.003347,310000.0,151467.39,149824.06,149824.06,18.959988,10.343665,8.540149,8.540151
1.7974057e+25,0.9386407,1.0033771,310000.0,151467.34,149824.06,149824.05,18.959988,10.343232,8.540149,8.54015
1.7974057e+25,0.9383481,1.0035505,310000.0,151467.4,149824.05,149824.06,18.959988,10.343428,8.54015,8.540151
1.7974057e+25,0.94203013,1.0034537,310000.0,151467.42,149824.06,149824.06,18.959988,10.3434925,8.54015,8.54015
1.7974057e+25,0.9354254,1.0029804,310000.0,151467.39,149824.06,149824.06,18.959988,10.3433075,8.54015,8.540151
1.7974057e+25,0.924635,1.0027897,310000.0,151467.36,149824.05,149824.05,18.959988,10.343242,8.54015,8.54015
1.7974057e+25,0.9374337,1.0033662,310000.0,151467.38,149824.05,149824.06,18.959988,10.343614,8.54015,8.540151
1.7974057e+25,0.93844897,1.0034634,310000.0,151467.39,149824.05,149824.05,18.959988,10.343671,8.54015,8.540151
1.7974057e+25,0.94295216,1.0028883,310000.0,151467.38,149824.06,149824.06,18.959988,10.343209,8.54015,8.540151
1.7974057e+25,0.94183326,1.0033513,310000.0,151467.38,149824.06,149824.06,18.959988,10.343044,8.540149,8.540151
1.7974057e+25,0.93307763,1.0032698,310000.0,151467.38,149824.08,149824.05,18.959988,10.343419,8.54015,8.54015
1.7974057e+25,0.9462143,1.0033499,310000.0,151467.39,149824.06,149824.06,18.959988,10.343428,8.54015,8.540151
1.7974057e+25,0.93681264,1.0034323,310000.0,151467.38,149824.06,149824.03,18.959988,10.343574,8.540151,8.54015
1.7974057e+25,0.94935685,1.003644,310000.0,151467.36,149824.05,149824.06,18.959988,10.343591,8.540151,8.540151
1.7974057e+25,0.9424258,1.0035664,310000.0,151467.33,149824.05,149824.06,18.959988,10.343385,8.54015,8.540152
1.7974057e+25,0.9316529,1.0035646,310000.0,151467.39,149824.03,149824.05,18.959988,10.343429,8.54015,8.54015
1.7974057e+25,0.9489034,1.0032492,310000.0,151467.34,149824.06,149824.06,18.959988,10.343439,8.540149,8.54015
1.7974057e+25,0.9343742,1.003231,310000.0,151467.34,149824.06,149824.06,18.959988,10.343441,8.54015,8.540151
1.7974057e+25,0.93413603,1.0028999,310000.0,151467.33,149824.05,149824.05,18.959988,10.343429,8.540149,8.54015
1.7974057e+25,0.9362858,1.0029446,310000.0,151467.33,149824.03,149824.02,18.959988,10.343761,8.54015,8.54015
1.7974057e+25,0.94151723,1.0032306,310000.0,151467.39,149824.05,149824.06,18.959988,10.343377,8.540149,8.540151
1.7974057e+25,0.93728524,1.0026898,310000.0,151467.34,149824.05,149824.06,18.959988,10.343339,8.540149,8.54015
1.7974057e+25,0.94292295,1.003242,310000.0,151467.33,149824.06,149824.05,18.959988,10.343101,8.540149,8.54015
1.7974057e+25,0.93539983,1.0032401,310000.0,151467.42,149824.05,149824.06,18.959988,10.343519,8.54015,8.54015
1.7974057e+25,0.93838227,1.0032712,310000.0,151467.36,149824.05,149824.03,18.959988,10.3429365,8.54015,8.54015
1.7974057e+25,0.9309332,1.0031891,310000.0,151467.4,149824.06,149824.06,18.959988,10.343301,8.54015,8.54015
1.7974057e+25,0.9281406,1.003651,310000.0,151467.39,149824.06,149824.05,18.959988,10.343253,8.540149,8.54015
1.7974057e+25,0.94599134,1.0032011,310000.0,151467.36,149824.1,149824.03,18.959988,10.343252,8.54015,8.54015
1.7974057e+25,0.9157942,1.0023407,310000.0,151467.36,149824.06,149824.05,18.959988,10.343312,8.540149,8.54015
1.7974057e+25,0.9278496,1.00321,310000.0,151467.4,149824.05,149824.06,18.959988,10.343485,8.54015,8.54015
1.7974057e+25,0.92296594,1.0028167,310000.0,151467.38,149824.05,149824.05,18.959988,10.343704,8.54015,8.54015
1.7974057e+25,0.94448745,1.0032153,310000.0,151467.38,149824.06,149824.06,18.959988,10.343508,8.54015,8.540151
1.7974057e+25,0.9338311,1.0035822,310000.0,151467.38,149824.06,149824.05,18.959988,10.343635,8.54015,8.540151
1.7974057e+25,0.9467632,1.0037199,310000.0,151467.39,149824.05,149824.06,18.959988,10.343725,8.540149,8.540151
1.7974057e+25,0.94095045,1.0037692,310000.0,151467.42,149824.06,149824.06,18.959988,10.343435,8.540149,8.540151
1.7974057e+25,0.9457096,1.0038123,310000.0,151467.39,149824.05,149824.05,18.959988,10.3434105,8.54015,8.540151
1.7974057e+25,0.9376568,1.0031804,310000.0,151467.4,149824.05,149824.06,18.959988,10.343649,8.540149,8.54015
1.7974057e+25,0.9366904,1.0035057,310000.0,151467.4,149824.06,149824.06,18.959988,10.343651,8.540151,8.54015
1.7974057e+25,0.94149435,1.0034066,310000.0,151467.39,149824.06,149824.03,18.959988,10.343619,8.540151,8.54015
1.7974057e+25,0.94616675,1.0032184,310000.0,151467.39,149824.06,149824.05,18.959988,10.343389,8.540149,8.54015
1.7974057e+25,0.9437986,1.0036939,310000.0,151467.38,149824.05,149824.06,18.959988,10.343363,8.540149,8.540151
1.7974057e+25,0.9346128,1.0031397,310000.0,151467.38,149824.05,149824.06,18.959988,10.343461,8.54015,8.540151
1.7974057e+25,0.93570733,1.0026857,310000.0,151467.34,149824.03,149824.06,18.959988,10.343273,8.54015,8.54015
1.7974057e+25,0.941766,1.0028193,310000.0,151467.36,149824.03,149824.06,18.959988,10.343123,8.540149,8.540151
1.7974057e+25,0.944068,1.0033448,310000.0,151467.34,149824.06,149824.05,18.959988,10.343186,8.540151,8.540151
1.7974057e+25,0.9459817,1.0030675,310000.0,151467.39,149824.06,149824.06,18.959988,10.343362,8.54015,8.540151
1.7974057e+25,0.9404228,1.0026982,310000.0,151467.4,149824.05,149824.08,18.959988,10.343677,8.540149,8.540152
1.7974057e+25,0.94185674,1.0034858,310000.0,151467.38,149824.08,149824.06,18.959988,10.343146,8.54015,8.54015
1.7974057e+25,0.9472762,1.0038165,310000.0,151467.44,149824.06,149824.06,18.959988,10.343506,8.54015,8.540151
1.7974057e+25,0.9529464,1.0035577,310000.0,151467.45,149824.05,149824.05,18.959988,10.343885,8.540149,8.54015
1.7974057e+25,0.93331486,1.003256,310000.0,151467.39,149824.06,149824.05,18.959988,10.343555,8.54015,8.54015
1.7974057e+25,0.9405303,1.0034105,310000.0,151467.39,149824.05,149824.06,18.959988,10.343349,8.54015,8.540151
1.7974057e+25,0.93357897,1.0029563,310000.0,151467.4,149824.06,149824.05,18.959988,10.343367,8.54015,8.54015
1.7974057e+25,0.93939334,1.0032697,310000.0,151467.38,149824.06,149824.03,18.959988,10.343252,8.54015,8.540151
1.7974057e+25,0.92482287,1.0028893,310000.0,151467.39,149824.05,149824.05,18.959988,10.343526,8.54015,8.54015
1.7974057e+25,0.9204727,1.0024115,310000.0,151467.33,149824.06,149824.05,18.959988,10.343313,8.54015,8.540151
1.7974057e+25,0.9322552,1.003305,310000.0,151467.36,149824.06,149824.03,18.959988,10.343176,8.54015,8.54015
1.7974057e+25,0.91702753,1.0027697,310000.0,151467.34,149824.06,149824.05,18.959988,10.343191,8.540149,8.54015
1.7974057e+25,0.9297398,1.0028288,310000.0,151467.34,149824.03,149824.05,18.959988,10.343292,8.54015,8.540151
1.7974057e+25,0.9223076,1.0026227,310000.0,151467.4,149824.02,149824.05,18.959988,10.343626,8.540148,8.540151
1.7974057e+25,0.93682855,1.0027503,310000.0,151467.38,149824.05,149824.05,18.959988,10.3433275,8.540149,8.54015
1.7974057e+25,0.9261377,1.0026237,310000.0,151467.33,149824.05,149824.06,18.959988,10.343135,8.540151,8.54015
1.7974057e+25,0.9366644,1.0024582,310000.0,151467.4,149824.05,149824.03,18.959988,10.343567,8.54015,8.54015
1.7974057e+25,0.9490642,1.0034106,310000.0,151467.38,149824.05,149824.06,18.959988,10.343347,8.540151,8.540151
1.7974057e+25,0.9355895,1.0035166,310000.0,151467.42,149824.05,149824.06,18.959988,10.343633,8.54015,8.54015
1.7974057e+25,0.9404267,1.0029485,310000.0,151467.36,149824.06,149824.06,18.959988,10.343604,8.54015,8.540151
1.7974057e+25,0.93887526,1.0028199,310000.0,151467.4,149824.05,149824.03,18.959988,10.343508,8.540149,8.54015
1.7974057e+25,0.9108435,1.0022242,310000.0,151467.39,149824.05,149824.05,18.959988,10.343618,8.54015,8.54015
1.7974057e+25,0.9209317,1.0022328,310000.0,151467.39,149824.06,149824.05,18.959988,10.343192,8.54015,8.540151
1.7974057e+25,0.930319,1.0030643,310000.0,151467.4,149824.08,149824.03,18.959988,10.3435,8.54015,8.54015
1.7974057e+25,0.92373735,1.0029397,310000.0,151467.36,149824.05,149824.05,18.959988,10.34365,8.540151,8.54015
1.7974057e+25,0.94201714,1.0030638,310000.0,151467.38,149824.05,149824.06,18.959988,10.3434725,8.54015,8.54015
1.7974057e+25,0.9311117,1.0031321,310000.0,151467.38,149824.05,149824.08,18.959988,10.343317,8.54015,8.54015
1.7974057e+25,0.9393364,1.0026594,310000.0,151467.38,149824.03,149824.06,18.959988,10.343346,8.540151,8.54015
1.7974057e+25,0.9373999,1.002844,310000.0,151467.38,149824.05,149824.05,18.959988,10.343469,8.540149,8.54015
1.7974057e+25,0.92288375,1.0024425,310000.0,151467.34,149824.08,149824.05,18.959988,10.343329,8.54015,8.540149
1.7974057e+25,0.9060213,1.0019324,310000.0,151467.39,149824.05,149824.08,18.959988,10.343184,8.540149,8.54015
1.7974057e+25,0.9087617,1.0024142,310000.0,151467.38,149824.06,149824.05,18.959988,10.343104,8.540149,8.540151
1.7974057e+25,0.9106032,1.0024426,310000.0,151467.38,149824.06,149824.05,18.959988,10.343475,8.54015,8.54015
1.7974057e+25,0.9090259,1.0018967,310000.0,151467.38,149824.05,149824.03,18.959988,10.343536,8.540149,8.54015
1.7974057e+25,0.94539756,1.003027,310000.0,151467.39,149824.06,149824.06,18.959988,10.343358,8.540149,8.54015
1.7974057e+25,0.93312544,1.0028882,310000.0,151467.38,149824.06,149824.05,18.959988,10.343496,8.54015,8.54015
1.7974057e+25,0.93269867,1.0032474,310000.0,151467.38,149824.06,149824.06,18.959988,10.343263,8.540149,8.540151
1.7974057e+25,0.9436075,1.0033681,310000.0,151467.36,149824.06,149824.05,18.959988,10.3432865,8.540149,8.54015
1.7974057e+25,0.9347562,1.0031867,310000.0,151467.39,149824.06,149824.05,18.959988,10.343368,8.54015,8.540151
1.7974057e+25,0.9148182,1.0019338,310000.0,151467.4,149824.06,149824.06,18.959988,10.343731,8.540149,8.540151
1.7974057e+25,0.92673296,1.0020534,310000.0,151467.38,149824.08,149824.06,18.959988,10.343385,8.54015,8.540151
1.7974057e+25,0.93897665,1.0033331,310000.0,151467.39,149824.05,149824.08,18.959988,10.343384,8.540149,8.540151
1.7974057e+25,0.94545615,1.0035162,310000.0,151467.42,149824.06,149824.08,18.959988,10.34342,8.540149,8.540151
1.7974057e+25,0.9267223,1.003013,310000.0,151467.36,149824.06,149824.06,18.959988,10.343053,8.54015,8.540151
1.7974057e+25,0.92978436,1.0029836,310000.0,151467.33,149824.05,149824.05,18.959988,10.342986,8.54015,8.54015
1.7974057e+25,0.9324808,1.0026335,310000.0,151467.42,149824.06,149824.08,18.959988,10.343508,8.54015,8.540151
1.7974057e+25,0.9326256,1.003022,310000.0,151467.39,149824.05,149824.08,18.959988,10.343137,8.54015,8.540151
1.7974057e+25,0.935573,1.0031097,310000.0,151467.34,149824.05,149824.03,18.959988,10.343135,8.540149,8.540149
1.7974057e+25,0.92575735,1.0031,310000.0,151467.31,149824.06,149824.06,18.959988,10.342944,8.54015,8.540152
1.7974057e+25,0.92834985,1.0028913,310000.0,151467.39,149824.06,149824.05,18.959988,10.343566,8.540151,8.54015
1.7974057e+25,0.92319393,1.0022233,310000.0,151467.33,149824.05,149824.06,18.959988,10.343341,8.54015,8.540151
1.7974057e+25,0.92777824,1.002559,310000.0,151467.4,149824.03,149824.05,18.959988,10.343643,8.54015,8.54015
1.7974057e+25,0.9221734,1.0021151,310000.0,151467.36,149824.05,149824.05,18.959988,10.343563,8.54015,8.54015
1.7974057e+25,0.9379361,1.002934,310000.0,151467.38,149824.08,149824.06,18.959988,10.343372,8.54015,8.540151
1.7974057e+25,0.92989594,1.0027392,310000.0,151467.39,149824.06,149824.06,18.959988,10.343282,8.54015,8.540151
1.7974057e+25,0.93626016,1.0028172,310000.0,151467.36,149824.06,149824.03,18.959988,10.343756,8.54015,8.54015
1.7974057e+25,0.9445561,1.0031538,310000.0,151467.36,149824.06,149824.03,18.959988,10.343387,8.540151,8.54015
1.7974057e+25,0.9365626,1.0037622,310000.0,151467.36,149824.08,149824.06,18.959988,10.343549,8.54015,8.54015
1.7974057e+25,0.93218607,1.0031136,310000.0,151467.31,149824.05,149824.06,18.959988,10.343272,8.540149,8.54015
1.7974057e+25,0.9311003,0.9994509,310000.0,151467.38,149824.05,149824.03,18.959988,10.343405,8.540149,8.540146
1.7974057e+25,0.93974125,1.0000454,310000.0,151467.38,149824.06,149824.03,18.959988,10.343424,8.54015,8.540148
1.7974057e+25,0.9345737,0.9999032,310000.0,151467.38,149824.06,149824.05,18.959988,10.343392,8.540149,8.540147
1.7974057e+25,0.93056554,1.0002376,310000.0,151467.44,149824.08,149824.05,18.959988,10.343643,8.54015,8.540147
1.7974057e+25,0.9290049,1.000104,310000.0,151467.38,149824.05,149824.05,18.959988,10.343236,8.540149,8.540148
1.7974057e+25,0.9290731,0.9995456,310000.0,151467.4,149824.05,149824.05,18.959988,10.343506,8.54015,8.540147
1.7974057e+25,0.92112017,0.9993905,310000.0,151467.34,149824.06,149824.05,18.959988,10.343616,8.540149,8.540147
1.7974057e+25,0.9202529,0.99932694,310000.0,151467.4,149824.06,149824.05,18.959988,10.343677,8.540149,8.540147
1.7974057e+25,0.93600756,0.9995143,310000.0,151467.34,149824.05,149824.06,18.959988,10.3433,8.540149,8.540148
1.7974057e+25,0.93672985,0.99967855,310000.0,151467.36,149824.06,149824.03,18.959988,10.343286,8.54015,8.540147
1.7974057e+25,0.9347689,0.99965805,310000.0,151467.36,149824.05,149824.05,18.959988,10.343506,8.54015,8.540147
1.7974057e+25,0.9126129,0.99945796,310000.0,151467.42,149824.06,149824.08,18.959988,10.343789,8.540151,8.540147
1.7974057e+25,0.9436863,1.0035326,310000.0,151467.33,149824.06,149824.05,18.959988,10.343212,8.540151,8.540147
1.7974057e+25,0.9304037,1.003003,310000.0,151467.4,149824.05,149824.03,18.959988,10.343346,8.540149,8.540147
1.7974057e+25,0.94494647,1.0037922,310000.0,151467.38,149824.03,149824.05,18.959988,10.343494,8.540151,8.540148
1.7974057e+25,0.9381662,1.0031475,310000.0,151467.4,149824.06,149824.03,18.959988,10.343557,8.54015,8.540147
1.7974057e+25,0.94723904,1.0038229,310000.0,151467.36,149824.05,149824.05,18.959988,10.34324,8.54015,8.540146
1.7974057e+25,0.9491565,1.0042627,310000.0,151467.38,149824.06,149824.03,18.959988,10.343312,8.54015,8.540147
1.7974057e+25,0.92868245,1.0035288,310000.0,151467.44,149824.06,149824.08,18.959988,10.343775,8.540149,8.540147
1.7974057e+25,0.93254375,1.0034258,310000.0,151467.36,149824.06,149824.05,18.959988,10.343219,8.54015,8.540147
1.7974057e+25,0.94615513,1.003169,310000.0,151467.4,149824.06,149824.05,18.959988,10.343689,8.54015,8.540146
1.7974057e+25,0.93665683,1.0031952,310000.0,151467.4,149824.05,149824.03,18.959988,10.34341,8.54015,8.540147
1.7974057e+25,0.9302997,1.0031883,310000.0,151467.36,149824.06,149824.03,18.959988,10.343702,8.54015,8.540147
1.7974057e+25,0.9304287,1.0032593,310000.0,151467.34,149824.08,149824.02,18.959988,10.343173,8.54015,8.540147
1.7974057e+25,0.93060607,1.0029254,310000.0,151467.3,149824.06,149824.06,18.959988,10.343279,8.54015,8.540147
1.7974057e+25,0.9342741,1.0027117,310000.0,151467.38,149824.08,149824.05,18.959988,10.343375,8.54015,8.540147
1.7974057e+25,0.94244957,1.003419,310000.0,151467.36,149824.05,149824.05,18.959988,10.342984,8.54015,8.540148
1.7974057e+25,0.927525,1.0027695,310000.0,151467.38,149824.06,149824.05,18.959988,10.3432665,8.54015,8.540148
1.7974057e+25,0.93244565,1.003134,310000.0,151467.36,149824.06,149824.08,18.959988,10.343433,8.540151,8.540147
1.7974057e+25,0.93185127,1.0032138,310000.0,151467.36,149824.05,149824.06,18.959988,10.343466,8.54015,8.540147
1.7974057e+25,0.9349998,1.0024017,310000.0,151467.4,149824.08,149824.06,18.959988,10.343573,8.540151,8.540148
1.7974057e+25,0.9334728,1.0028677,310000.0,151467.34,149824.05,149824.05,18.959988,10.343241,8.54015,8.540147
1.7974057e+25,0.94237906,1.0029043,310000.0,151467.39,149824.08,149824.08,18.959988,10.343053,8.54015,8.540148
1.7974057e+25,0.9392134,1.0036944,310000.0,151467.39,149824.03,149824.05,18.959988,10.343407,8.54015,8.540147
1.7974057e+25,0.9420665,1.0035306,310000.0,151467.38,149824.08,149824.06,18.959988,10.343204,8.540151,8.540148
1.7974057e+25,0.9191579,1.0029111,310000.0,151467.36,149824.06,149824.03,18.959988,10.343531,8.54015,8.540148
1.7974057e+25,0.9338306,1.0031614,310000.0,151467.44,149824.08,149824.06,18.959988,10.343839,8.54015,8.540146
1.7974057e+25,0.9435282,1.0035969,310000.0,151467.34,149824.06,149824.06,18.959988,10.343156,8.54015,8.540148
1.7974057e+25,0.9407578,1.0032604,310000.0,151467.34,149824.06,149824.05,18.959988,10.343142,8.54015,8.540147
1.7974057e+25,0.9197479,1.0033517,310000.0,151467.39,149824.05,149824.08,18.959988,10.343533,8.54015,8.540147
1.7974057e+25,0.92591804,1.0032346,310000.0,151467.4,149824.08,149824.06,18.959988,10.343336,8.540151,8.540146
1.7974057e+25,0.9525411,1.0033535,310000.0,151467.36,149824.05,149824.06,18.959988,10.343402,8.540151,8.540147
1.7974057e+25,0.9418466,1.0038881,310000.0,151467.39,149824.06,149824.05,18.959988,10.343241,8.54015,8.540147
1.7974057e+25,0.9413868,1.0032531,310000.0,151467.44,149824.05,149824.08,18.959988,10.343558,8.540149,8.540148
1.7974057e+25,0.9264236,1.0035673,310000.0,151467.39,149824.05,149824.06,18.959988,10.343403,8.54015,8.540148
1.7974057e+25,0.9487843,1.0033631,310000.0,151467.39,149824.03,149824.05,18.959988,10.343238,8.54015,8.540146
1.7974057e+25,0.94279087,1.0036212,310000.0,151467.39,149824.05,149824.03,18.959988,10.343424,8.54015,8.540147
1.7974057e+25,0.94558847,1.0038366,310000.0,151467.4,149824.06,149824.06,18.959988,10.343655,8.54015,8.540147
1.7974057e+25,0.9331329,1.0034631,310000.0,151467.34,149824.05,149824.06,18.959988,10.343604,8.54015,8.540146
1.7974057e+25,0.92884105,1.0031455,310000.0,151467.4,149824.06,149824.05,18.959988,10.34328,8.540151,8.540146
1.7974057e+25,0.92834777,1.003549,310000.0,151467.4,149824.06,149824.06,18.959988,10.343688,8.54015,8.540147
1.7974057e+25,0.93733203,1.0032661,310000.0,151467.38,149824.03,149824.03,18.959988,10.343212,8.54015,8.540146
1.7974057e+25,0.9415224,1.003316,310000.0,151467.34,149824.06,149824.06,18.959988,10.3433695,8.54015,8.540146
1.7974057e+25,0.9349727,1.0038893,310000.0,151467.33,149824.05,149824.05,18.959988,10.343079,8.54015,8.540147
1.7974057e+25,0.9501745,1.0039531,310000.0,151467.4,149824.05,149824.06,18.959988,10.343327,8.540151,8.540147
1.7974057e+25,0.94839346,1.003128,310000.0,151467.38,149824.05,149824.05,18.959988,10.343134,8.540149,8.540147
1.7974057e+25,0.94404966,1.0035563,310000.0,151467.44,149824.05,149824.08,18.959988,10.343787,8.54015,8.540147
1.7974057e+25,0.9339302,1.0036244,310000.0,151467.38,149824.03,149824.03,18.959988,10.343638,8.540148,8.540147
1.7974057e+25,0.92145854,1.0033935,310000.0,151467.44,149824.05,149824.05,18.959988,10.343453,8.54015,8.540147
1.7974057e+25,0.9213882,1.0031848,310000.0,151467.44,149824.06,149824.05,18.959988,10.343688,8.54015,8.540148
1.7974057e+25,0.9347413,1.0033768,310000.0,151467.4,149824.05,149824.05,18.959988,10.343575,8.54015,8.540148
1.7974057e+25,0.936028,1.0030649,310000.0,151467.38,149824.06,149824.05,18.959988,10.34336,8.540149,8.540147
1.7974057e+25,0.93624544,1.0030657,310000.0,151467.4,149824.06,149824.06,18.959988,10.343424,8.54015,8.540147
1.7974057e+25,0.9405731,1.0032369,310000.0,151467.42,149824.06,149824.03,18.959988,10.343429,8.54015,8.540147
1.7974057e+25,0.9372354,1.0031997,310000.0,151467.39,149824.06,149824.06,18.959988,10.3433695,8.54015,8.540148
1.7974057e+25,0.9483058,1.0035251,310000.0,151467.36,149824.06,149824.06,18.959988,10.343477,8.54015,8.540147
1.7974057e+25,0.93840057,1.0034113,310000.0,151467.3,149824.06,149824.05,18.959988,10.343035,8.540149,8.540147
1.7974057e+25,0.9541162,1.0036618,310000.0,151467.39,149824.05,149824.06,18.959988,10.343246,8.54015,8.540148
1.7974057e+25,0.9341726,1.0035676,310000.0,151467.39,149824.06,149824.02,18.959988,10.343828,8.54015,8.540146
1.7974057e+25,0.93117857,1.0033544,310000.0,151467.38,149824.06,149824.08,18.959988,10.34358,8.54015,8.540147
1.7974057e+25,0.9249064,1.003573,310000.0,151467.42,149824.05,149824.05,18.959988,10.343748,8.540149,8.540147
1.7974057e+25,0.9419797,1.0032581,310000.0,151467.36,149824.05,149824.06,18.959988,10.343131,8.54015,8.540147
1.7974057e+25,0.9417307,1.003464,310000.0,151467.39,149824.06,149824.06,18.959988,10.343372,8.54015,8.540147
1.7974057e+25,0.93097126,1.0034323,310000.0,151467.4,149824.05,149824.05,18.959988,10.343428,8.54015,8.540147
1.7974057e+25,0.9433974,1.003477,310000.0,151467.42,149824.06,149824.03,18.959988,10.343531,8.540151,8.540146
1.7974057e+25,0.94819844,1.003464,310000.0,151467.39,149824.08,149824.06,18.959988,10.343561,8.54015,8.540147
1.7974057e+25,0.94114935,1.0037553,310000.0,151467.38,149824.03,149824.08,18.959988,10.343101,8.54015,8.540147
1.7974057e+25,0.9374975,1.0038617,310000.0,151467.38,149824.06,149824.05,18.959988,10.34336,8.540149,8.540147
1.7974057e+25,0.9350041,1.0033387,310000.0,151467.38,149824.08,149824.08,18.959988,10.34315,8.54015,8.540147
1.7974057e+25,0.94242805,1.0030102,310000.0,151467.36,149824.06,149824.05,18.959988,10.343127,8.54015,8.540147
1.7974057e+25,0.94714,1.0034324,310000.0,151467.33,149824.03,149824.05,18.959988,10.34323,8.54015,8.540147
1.7974057e+25,0.90142053,1.0032905,310000.0,151467.39,149824.05,149824.06,18.959988,10.343455,8.54015,8.540148
1.7974057e+25,0.9459831,1.0038012,310000.0,151467.33,149824.03,149824.06,18.959988,10.343235,8.540149,8.540147
1.7974057e+25,0.9387734,1.0035825,310000.0,151467.34,149824.06,149824.03,18.959988,10.343197,8.54015,8.540148
4.2492194,0.0033176895,0.2531656,70000.0,151467.44,149824.05,149824.08,0.019309817,10.343647,8.54015,8.54015
4.2492194,0.0033308663,0.24667771,70000.0,151467.39,149824.06,149824.08,0.019309817,10.343429,8.540151,8.54015
4.2492194,0.0029832763,0.22351852,70000.0,151467.42,149824.05,149824.06,0.019309817,10.343574,8.540149,8.540151
4.2492194,0.0033658314,0.22628413,70000.0,151467.39,149824.06,149824.05,0.019309817,10.343447,8.54015,8.54015
4.2492194,0.0033734522,0.23376332,70000.0,151467.39,149824.06,149824.06,0.019309817,10.343668,8.54015,8.54015
4.2492194,0.0032382328,0.24461833,70000.0,151467.42,149824.06,149824.05,0.019309817,10.343575,8.54015,8.54015
4.2492194,0.0034520999,0.25879052,70000.0,151467.34,149824.06,149824.08,0.019309817,10.343221,8.54015,8.540151
4.2492194,0.0034181727,0.25331813,70000.0,151467.38,149824.05,149824.03,0.019309817,10.343317,8.54015,8.54015
4.2492194,0.0035538294,0.25341663,70000.0,151467.39,149824.08,149824.05,0.019309817,10.343409,8.540151,8.540151
4.2492194,0.0033456741,0.24915671,70000.0,151467.31,149824.05,149824.05,0.019309817,10.343109,8.54015,8.540149
4.2492194,0.0036718193,0.2714642,70000.0,151467.44,149824.05,149824.05,0.019309817,10.3434725,8.54015,8.54015
4.2492194,0.0038615875,0.27072364,70000.0,151467.4,149824.06,149824.05,0.019309817,10.343573,8.54015,8.54015
4.2492194,0.003518758,0.26773778,70000.0,151467.45,149824.06,149824.06,0.019309817,10.343594,8.54015,8.540149
4.2492194,0.0033234768,0.23484994,70000.0,151467.39,149824.05,149824.08,0.019309817,10.34361,8.54015,8.54015
4.2492194,0.003599179,0.2628533,70000.0,151467.31,149824.02,149824.06,0.019309817,10.342907,8.540149,8.540149
4.2492194,0.0030440816,0.23728777,70000.0,151467.39,149824.05,149824.05,0.019309817,10.343526,8.540149,8.54015
4.2492194,0.0036000253,0.26560768,70000.0,151467.36,149824.06,149824.05,0.019309817,10.343146,8.540151,8.54015
4.2492194,0.003785527,0.2624932,70000.0,151467.33,149824.08,149824.08,0.019309817,10.343089,8.54015,8.540149
4.2492194,0.0035835686,0.25715604,70000.0,151467.4,149824.06,149824.05,0.019309817,10.343357,8.540151,8.54015
4.2492194,0.0033404708,0.2627467,70000.0,151467.4,149824.08,149824.05,0.019309817,10.343198,8.54015,8.54015
4.2492194,0.0033104753,0.2531358,70000.0,151467.38,149824.06,149824.06,0.019309817,10.342962,8.54015,8.540151
4.2492194,0.0034018445,0.25318906,70000.0,151467.38,149824.05,149824.05,0.019309817,10.343464,8.54015,8.54015
4.2492194,0.003635347,0.26523507,70000.0,151467.36,149824.05,149824.05,0.019309817,10.34341,8.540149,8.540148
4.2492194,0.0034621863,0.2582574,70000.0,151467.42,149824.08,149824.06,0.019309817,10.343473,8.540151,8.54015
4.2492194,0.0033900514,0.2446108,70000.0,151467.33,149824.03,149824.06,0.019309817,10.34317,8.54015,8.54015
4.2492194,0.0035639287,0.2618634,70000.0,151467.42,149824.06,149824.06,0.019309817,10.3435,8.540151,8.540149
4.2492194,0.0036020991,0.26547274,70000.0,151467.42,149824.03,149824.05,0.019309817,10.343698,8.540149,8.540149
4.2492194,0.0034201795,0.2517643,70000.0,151467.39,149824.03,149824.06,0.019309817,10.343576,8.540149,8.540151
4.2492194,0.0034235462,0.25275558,70000.0,151467.36,149824.02,149824.05,0.019309817,10.34325,8.540149,8.54015
4.2492194,0.0035270092,0.2519974,70000.0,151467.36,149824.06,149824.05,0.019309817,10.343531,8.54015,8.540149
4.2492194,0.0036477142,0.26024103,70000.0,151467.38,149824.06,149824.05,0.019309817,10.343501,8.540151,8.54015
4.2492194,0.003548585,0.2502872,70000.0,151467.4,149824.05,149824.05,0.019309817,10.343369,8.540149,8.54015
4.2492194,0.0035024695,0.26349705,70000.0,151467.42,149824.05,149824.08,0.019309817,10.343417,8.540149,8.54015
4.2492194,0.0036578712,0.26832274,70000.0,151467.4,149824.05,149824.05,0.019309817,10.343629,8.540149,8.540149
4.2492194,0.0035874774,0.25372505,70000.0,151467.44,149824.06,149824.05,0.019309817,10.3436,8.54015,8.540151
4.2492194,0.003307685,0.24540879,70000.0,151467.33,149824.05,149824.06,0.019309817,10.3434925,8.54015,8.54015
4.2492194,0.0033911741,0.24437737,70000.0,151467.4,149824.08,149824.05,0.019309817,10.34359,8.54015,8.540151
4.2492194,0.003984316,0.27581096,70000.0,151467.42,149824.05,149824.06,0.019309817,10.343461,8.540151,8.540151
4.2492194,0.0040109986,0.2732541,70000.0,151467.4,149824.06,149824.05,0.019309817,10.343435,8.54015,8.54015
4.2492194,0.004034577,0.27978,70000.0,151467.34,149824.08,149824.05,0.019309817,10.343171,8.540151,8.54015
4.2492194,0.0032422666,0.24243397,70000.0,151467.38,149824.06,149824.06,0.019309817,10.343354,8.54015,8.54015
4.2492194,0.0036285874,0.27606452,70000.0,151467.34,149824.05,149824.08,0.019309817,10.343136,8.540151,8.54015
4.2492194,0.002993605,0.2326128,70000.0,151467.4,149824.06,149824.06,0.019309817,10.343406,8.54015,8.540151
4.2492194,0.0034104371,0.23905468,70000.0,151467.39,149824.05,149824.05,0.019309817,10.343394,8.54015,8.540149
4.2492194,0.003006334,0.2347197,70000.0,151467.36,149824.05,149824.08,0.019309817,10.343391,8.54015,8.54015
4.2492194,0.0029049208,0.22743574,70000.0,151467.38,149824.05,149824.05,0.019309817,10.343805,8.540149,8.540149
4.2492194,0.0033365851,0.24568808,70000.0,151467.39,149824.06,149824.06,0.019309817,10.343139,8.540149,8.540149
4.2492194,0.0033449575,0.24819042,70000.0,151467.38,149824.06,149824.05,0.019309817,10.343257,8.54015,8.540148
4.2492194,0.0037274063,0.26250592,70000.0,151467.36,149824.08,149824.06,0.019309817,10.343133,8.540149,8.540149
4.2492194,0.0035509868,0.25724122,70000.0,151467.39,149824.05,149824.06,0.019309817,10.343571,8.540149,8.540151
4.2492194,0.0037284761,0.2619498,70000.0,151467.38,149824.05,149824.05,0.019309817,10.342933,8.540149,8.540149
4.2492194,0.0033301618,0.24063496,70000.0,151467.44,149824.06,149824.05,0.019309817,10.343446,8.540149,8.540149
4.2492194,0.0032516068,0.24655984,70000.0,151467.42,149824.05,149824.05,0.019309817,10.343409,8.54015,8.540149
4.2492194,0.0037034207,0.2686064,70000.0,151467.36,149824.05,149824.08,0.019309817,10.34304,8.54015,8.54015
4.2492194,0.0033151277,0.2637234,70000.0,151467.38,149824.06,149824.06,0.019309817,10.343183,8.540149,8.54015
4.2492194,0.0034271094,0.26177883,70000.0,151467.38,149824.03,149824.06,0.019309817,10.343561,8.540151,8.540148
4.2492194,0.0031872834,0.24004227,70000.0,151467.42,149824.05,149824.06,0.019309817,10.343497,8.540149,8.540151
4.2492194,0.004045151,0.27194175,70000.0,151467.4,149824.06,149824.06,0.019309817,10.343433,8.540149,8.540151
4.2492194,0.0038284452,0.2596928,70000.0,151467.42,149824.06,149824.05,0.019309817,10.343479,8.540149,8.540149
4.2492194,0.0035756994,0.25810316,70000.0,151467.34,149824.06,149824.06,0.019309817,10.343355,8.540149,8.54015
4.2492194,0.0032580607,0.24061637,70000.0,151467.39,149824.06,149824.06,0.019309817,10.343534,8.54015,8.540151
4.2492194,0.0034720253,0.25418004,70000.0,151467.36,149824.03,149824.05,0.019309817,10.343515,8.540149,8.54015
4.2492194,0.0034982024,0.27063558,70000.0,151467.4,149824.06,149824.06,0.019309817,10.343544,8.54015,8.54015
4.2492194,0.003960647,0.28083807,70000.0,151467.39,149824.06,149824.06,0.019309817,10.343292,8.54015,8.540151
4.2492194,0.0034850952,0.2470868,70000.0,151467.39,149824.05,149824.06,0.019309817,10.343364,8.540149,8.540151
4.2492194,0.0034471583,0.2533822,70000.0,151467.45,149824.03,149824.06,0.019309817,10.343916,8.54015,8.540149
4.2492194,0.003644618,0.24847537,70000.0,151467.34,149824.06,149824.06,0.019309817,10.3431225,8.540151,8.54015
4.2492194,0.0038052963,0.2624399,70000.0,151467.31,149824.05,149824.03,0.019309817,10.343505,8.54015,8.54015
4.2492194,0.0032578434,0.24292868,70000.0,151467.36,149824.05,149824.06,0.019309817,10.343413,8.54015,8.540149
4.2492194,0.003205564,0.25240776,70000.0,151467.38,149824.06,149824.06,0.019309817,10.343505,8.54015,8.54015
4.2492194,0.0032823526,0.27428982,70000.0,151467.42,149824.05,149824.05,0.019309817,10.343504,8.540151,8.54015
4.2492194,0.0034860391,0.25506502,70000.0,151467.39,149824.05,149824.05,0.019309817,10.343242,8.540149,8.540149
4.2492194,0.0034796766,0.2633899,70000.0,151467.36,149824.05,149824.05,0.019309817,10.343356,8.540151,8.540149
4.2492194,0.004080033,0.28332993,70000.0,151467.36,149824.06,149824.06,0.019309817,10.342916,8.540149,8.54015
4.2492194,0.0031444724,0.24328814,70000.0,151467.4,149824.06,149824.05,0.019309817,10.343465,8.54015,8.540149
4.2492194,0.0027343708,0.23680563,70000.0,151467.31,149824.03,149824.05,0.019309817,10.343013,8.540149,8.540149
4.2492194,0.0032362074,0.24793145,70000.0,151467.31,149824.06,149824.05,0.019309817,10.343245,8.540151,8.54015
4.2492194,0.0031167557,0.24595617,70000.0,151467.39,149824.05,149824.06,0.019309817,10.343436,8.54015,8.540151
4.2492194,0.002992225,0.23065087,70000.0,151467.31,149824.06,149824.06,0.019309817,10.343373,8.54015,8.540149
4.2492194,0.0030880603,0.26153868,70000.0,151467.34,149824.06,149824.06,0.019309817,10.343214,8.54015,8.54015
4.2492194,0.0034720008,0.25449088,70000.0,151467.34,149824.03,149824.06,0.019309817,10.343005,8.54015,8.540149
4.2492194,0.0036019695,0.26595345,70000.0,151467.34,149824.05,149824.05,0.019309817,10.343214,8.54015,8.54015
4.2492194,0.0036358547,0.2641337,70000.0,151467.38,149824.06,149824.05,0.019309817,10.343414,8.54015,8.54015
4.2492194,0.0038441129,0.2764824,70000.0,151467.38,149824.06,149824.08,0.019309817,10.34348,8.540151,8.54015
4.2492194,0.0032659401,0.23855446,70000.0,151467.33,149824.06,149824.06,0.019309817,10.342951,8.54015,8.540151
4.2492194,0.003376837,0.24915275,70000.0,151467.39,149824.06,149824.06,0.019309817,10.343179,8.540151,8.540149
4.2492194,0.0032104014,0.2551234,70000.0,151467.36,149824.05,149824.03,0.019309817,10.343296,8.54015,8.540151
4.2492194,0.0034504274,0.2464399,70000.0,151467.39,149824.05,149824.06,0.019309817,10.343303,8.54015,8.54015
4.2492194,0.0034707647,0.2471843,70000.0,151467.45,149824.06,149824.05,0.019309817,10.344042,8.54015,8.540149
4.2492194,0.0034124926,0.24464625,70000.0,151467.34,149824.05,149824.03,0.019309817,10.343011,8.54015,8.54015
4.2492194,0.0036905855,0.26402083,70000.0,151467.38,149824.05,149824.05,0.019309817,10.343314,8.54015,8.54015
4.2492194,0.003780317,0.27547196,70000.0,151467.4,149824.05,149824.06,0.019309817,10.343572,8.540151,8.540151
4.2492194,0.0037008896,0.26094282,70000.0,151467.36,149824.08,149824.06,0.019309817,10.343651,8.54015,8.54015
4.2492194,0.004066526,0.28052515,70000.0,151467.4,149824.05,149824.05,0.019309817,10.343699,8.540149,8.54015
4.2492194,0.003655765,0.27271706,70000.0,151467.34,149824.06,149824.05,0.019309817,10.343081,8.540149,8.540151
4.2492194,0.0035436186,0.26724225,70000.0,151467.39,149824.06,149824.05,0.019309817,10.343409,8.54015,8.540149
4.2492194,0.003321342,0.25438768,70000.0,151467.34,149824.05,149824.06,0.019309817,10.343339,8.54015,8.54015
4.2492194,0.0035580718,0.28526604,70000.0,151467.38,149824.06,149824.05,0.019309817,10.343315,8.540151,8.54015
4.2492194,0.0039061266,0.31136873,70000.0,151467.34,149824.03,149824.06,0.019309817,10.343496,8.54015,8.540149
4.2492194,0.004356643,0.30162242,70000.0,151467.4,149824.06,149824.08,0.019309817,10.34337,8.54015,8.540151
4.2492194,0.0038299714,0.28030512,70000.0,151467.39,149824.06,149824.05,0.019309817,10.343559,8.54015,8.540149
4.2492194,0.0032438862,0.28185853,70000.0,151467.38,149824.06,149824.05,0.019309817,10.343453,8.54015,8.54015
4.2492194,0.0034658015,0.2832633,70000.0,151467.44,149824.05,149824.06,0.019309817,10.343858,8.540149,8.540149
4.2492194,0.002900129,0.25430587,70000.0,151467.39,149824.08,149824.06,0.019309817,10.343467,8.54015,8.540151
4.2492194,0.0036020163,0.2765175,70000.0,151467.39,149824.05,149824.06,0.019309817,10.343366,8.54015,8.54015
4.2492194,0.0036787186,0.27430782,70000.0,151467.4,149824.05,149824.05,0.019309817,10.343708,8.54015,8.54015
4.2492194,0.0035616513,0.28369707,70000.0,151467.3,149824.05,149824.05,0.019309817,10.34316,8.540149,8.54015
4.2492194,0.0036571042,0.2817208,70000.0,151467.39,149824.05,149824.05,0.019309817,10.343437,8.54015,8.54015
4.2492194,0.0036875939,0.30712134,70000.0,151467.42,149824.05,149824.06,0.019309817,10.343522,8.54015,8.54015
4.2492194,0.0034681004,0.2857667,70000.0,151467.38,149824.05,149824.05,0.019309817,10.34322,8.54015,8.54015
4.2492194,0.004044174,0.28972667,70000.0,151467.38,149824.05,149824.06,0.019309817,10.34328,8.54015,8.54015
4.2492194,0.0041377074,0.29795745,70000.0,151467.36,149824.06,149824.05,0.019309817,10.343337,8.540149,8.54015
4.2492194,0.0041211173,0.30059528,70000.0,151467.39,149824.05,149824.06,0.019309817,10.343172,8.54015,8.54015
4.2492194,0.0040728226,0.2859759,70000.0,151467.38,149824.06,149824.06,0.019309817,10.343106,8.54015,8.540149
4.2492194,0.0037908556,0.2829124,70000.0,151467.38,149824.06,149824.03,0.019309817,10.34379,8.54015,8.54015
4.2492194,0.0029812278,0.27501404,70000.0,151467.45,149824.06,149824.06,0.019309817,10.343558,8.540152,8.54015
4.2492194,0.0036024186,0.29847625,70000.0,151467.42,149824.05,149824.05,0.019309817,10.343322,8.540149,8.54015
4.2492194,0.0038145015,0.2927774,70000.0,151467.31,149824.05,149824.05,0.019309817,10.343343,8.540149,8.540149
4.2492194,0.0034001993,0.2767496,70000.0,151467.36,149824.05,149824.05,0.019309817,10.343329,8.54015,8.540149
4.2492194,0.00398301,0.29744184,70000.0,151467.33,149824.06,149824.05,0.019309817,10.343209,8.54015,8.54015
4.2492194,0.0039000672,0.30015928,70000.0,151467.39,149824.06,149824.08,0.019309817,10.343309,8.540149,8.54015
4.2492194,0.0032633396,0.2664321,70000.0,151467.4,149824.05,149824.05,0.019309817,10.343637,8.54015,8.54015
4.2492194,0.0037697523,0.29074773,70000.0,151467.39,149824.08,149824.06,0.019309817,10.343082,8.540149,8.540151
4.2492194,0.003950547,0.2775176,70000.0,151467.39,149824.05,149824.06,0.019309817,10.343386,8.540149,8.54015
4.2492194,0.003649812,0.28635305,70000.0,151467.31,149824.06,149824.05,0.019309817,10.343121,8.54015,8.540149
4.2492194,0.0038917498,0.3064725,70000.0,151467.42,149824.06,149824.06,0.019309817,10.343417,8.54015,8.540149
4.2492194,0.004288914,0.33057022,70000.0,151467.34,149824.06,149824.05,0.019309817,10.34305,8.540151,8.540151
4.2492194,0.003721573,0.29764658,70000.0,151467.4,149824.06,149824.05,0.019309817,10.343568,8.54015,8.54015
4.2492194,0.004007199,0.29722452,70000.0,151467.36,149824.05,149824.05,0.019309817,10.343296,8.540151,8.54015
4.2492194,0.004252264,0.29348448,70000.0,151467.4,149824.08,149824.05,0.019309817,10.343691,8.540149,8.54015
4.2492194,0.0039273,0.30707118,70000.0,151467.39,149824.06,149824.08,0.019309817,10.343651,8.54015,8.540151
4.2492194,0.0043348586,0.31812736,70000.0,151467.38,149824.08,149824.08,0.019309817,10.343477,8.540149,8.54015
4.2492194,0.0037259276,0.29146644,70000.0,151467.38,149824.05,149824.05,0.019309817,10.343509,8.54015,8.540151
4.2492194,0.0040695947,0.30662158,70000.0,151467.38,149824.05,149824.05,0.019309817,10.343671,8.54015,8.54015
4.2492194,0.0036619282,0.29359594,70000.0,151467.39,149824.06,149824.06,0.019309817,10.3433485,8.540149,8.54015
4.2492194,0.0040811114,0.33310467,70000.0,151467.36,149824.05,149824.03,0.019309817,10.343164,8.54015,8.54015
4.2492194,0.0034380695,0.3055208,70000.0,151467.45,149824.05,149824.06,0.019309817,10.343588,8.54015,8.540149
4.2492194,0.0034486395,0.27569377,70000.0,151467.39,149824.06,149824.06,0.019309817,10.343388,8.540151,8.54015
4.2492194,0.0042418824,0.30320823,70000.0,151467.4,149824.05,149824.03,0.019309817,10.343582,8.540151,8.540149
4.2492194,0.0035028146,0.28685376,70000.0,151467.4,149824.05,149824.05,0.019309817,10.343359,8.540149,8.540149
4.2492194,0.0032390766,0.27491945,70000.0,151467.36,149824.08,149824.06,0.019309817,10.343463,8.54015,8.54015
4.2492194,0.004237641,0.29470956,70000.0,151467.39,149824.06,149824.05,0.019309817,10.343449,8.54015,8.54015
4.2492194,0.0038497003,0.30643487,70000.0,151467.45,149824.05,149824.06,0.019309817,10.343873,8.54015,8.54015
4.2492194,0.0036583177,0.29302403,70000.0,151467.39,149824.06,149824.06,0.019309817,10.343556,8.540151,8.54015
4.2492194,0.0040139398,0.28975335,70000.0,151467.44,149824.05,149824.05,0.019309817,10.34374,8.540149,8.54015
4.2492194,0.004675684,0.3075937,70000.0,151467.38,149824.06,149824.08,0.019309817,10.343377,8.54015,8.540152
4.2492194,0.003922045,0.2895017,70000.0,151467.4,149824.03,149824.06,0.019309817,10.34367,8.54015,8.540149
4.2492194,0.0035371385,0.30923352,70000.0,151467.4,149824.05,149824.06,0.019309817,10.343852,8.540151,8.540151
4.2492194,0.003736275,0.28707308,70000.0,151467.4,149824.05,149824.06,0.019309817,10.343467,8.54015,8.54015
4.2492194,0.0034297053,0.28885955,70000.0,151467.4,149824.05,149824.06,0.019309817,10.343566,8.540149,8.54015
4.2492194,0.00444414,0.2902652,70000.0,151467.42,149824.05,149824.05,0.019309817,10.343592,8.54015,8.54015
4.2492194,0.0035540124,0.28556117,70000.0,151467.38,149824.06,149824.06,0.019309817,10.343322,8.54015,8.54015
4.2492194,0.0038513858,0.29132345,70000.0,151467.4,149824.05,149824.06,0.019309817,10.343527,8.540151,8.540149
4.2492194,0.004665783,0.32499707,70000.0,151467.39,149824.05,149824.06,0.019309817,10.343309,8.540149,8.54015
4.2492194,0.0036736315,0.29674336,70000.0,151467.33,149824.08,149824.06,0.019309817,10.343157,8.54015,8.54015
4.2492194,0.004320868,0.300829,70000.0,151467.34,149824.06,149824.08,0.019309817,10.343162,8.540149,8.540151
4.2492194,0.0040362556,0.2862997,70000.0,151467.33,149824.06,149824.06,0.019309817,10.343419,8.54015,8.540151
4.2492194,0.004149638,0.3171105,70000.0,151467.38,149824.08,149824.06,0.019309817,10.3435545,8.54015,8.54015
4.2492194,0.004129927,0.2920022,70000.0,151467.34,149824.08,149824.08,0.019309817,10.343489,8.540151,8.540151
4.2492194,0.0043786755,0.3154891,70000.0,151467.34,149824.03,149824.06,0.019309817,10.343188,8.54015,8.54015
4.2492194,0.003948203,0.29229465,70000.0,151467.34,149824.05,149824.06,0.019309817,10.342931,8.54015,8.54015
4.2492194,0.004353102,0.33893675,70000.0,151467.34,149824.05,149824.05,0.019309817,10.343648,8.54015,8.54015
4.2492194,0.003921099,0.30591187,70000.0,151467.4,149824.03,149824.05,0.019309817,10.343673,8.54015,8.54015
4.2492194,0.004176886,0.30132163,70000.0,151467.4,149824.05,149824.06,0.019309817,10.343642,8.540149,8.54015
4.2492194,0.0037807035,0.28601182,70000.0,151467.42,149824.05,149824.06,0.019309817,10.34357,8.54015,8.540149
4.2492194,0.0037658687,0.3145348,70000.0,151467.39,149824.08,149824.05,0.019309817,10.343449,8.54015,8.540151
4.2492194,0.0038572738,0.3187971,70000.0,151467.36,149824.05,149824.05,0.019309817,10.343656,8.54015,8.540149
4.2492194,0.0040430776,0.31278545,70000.0,151467.4,149824.05,149824.05,0.019309817,10.343696,8.540148,8.54015
4.2492194,0.0039342837,0.31045038,70000.0,151467.34,149824.08,149824.06,0.019309817,10.343222,8.54015,8.54015
4.2492194,0.0038091505,0.30408275,70000.0,151467.4,149824.06,149824.06,0.019309817,10.343374,8.54015,8.54015
4.2492194,0.0039584334,0.30918273,70000.0,151467.38,149824.05,149824.06,0.019309817,10.343492,8.540148,8.54015
4.2492194,0.00452852,0.3165157,70000.0,151467.3,149824.06,149824.05,0.019309817,10.343396,8.54015,8.540149
4.2492194,0.003777323,0.3042413,70000.0,151467.36,149824.05,149824.05,0.019309817,10.343448,8.54015,8.54015
4.2492194,0.004306803,0.3212668,70000.0,151467.42,149824.06,149824.05,0.019309817,10.343291,8.54015,8.540149
4.2492194,0.0042161625,0.3270208,70000.0,151467.36,149824.05,149824.06,0.019309817,10.343391,8.54015,8.54015
4.2492194,0.0041603446,0.30675143,70000.0,151467.36,149824.05,149824.05,0.019309817,10.34321,8.540149,8.540149
4.2492194,0.0033904146,0.2887503,70000.0,151467.4,149824.05,149824.05,0.019309817,10.3433695,8.540148,8.54015
4.2492194,0.0035138028,0.29796445,70000.0,151467.39,149824.05,149824.05,0.019309817,10.343459,8.54015,8.54015
4.2492194,0.003985675,0.2969074,70000.0,151467.38,149824.05,149824.08,0.019309817,10.343244,8.540151,8.54015
4.2492194,0.004613796,0.31056446,70000.0,151467.36,149824.06,149824.03,0.019309817,10.343157,8.54015,8.540151
4.2492194,0.004182233,0.2896479,70000.0,151467.36,149824.03,149824.06,0.019309817,10.343104,8.540149,8.540151
4.2492194,0.0037134332,0.3017285,70000.0,151467.39,149824.05,149824.06,0.019309817,10.343135,8.54015,8.540151
4.2492194,0.0039285165,0.29564086,70000.0,151467.31,149824.03,149824.06,0.019309817,10.343371,8.540149,8.540151
4.2492194,0.0038489713,0.3097552,70000.0,151467.4,149824.06,149824.05,0.019309817,10.343459,8.540149,8.540149
4.2492194,0.0040490194,0.30995184,70000.0,151467.31,149824.05,149824.05,0.019309817,10.343059,8.54015,8.540149
4.2492194,0.0037483857,0.31839406,70000.0,151467.44,149824.06,149824.06,0.019309817,10.343732,8.54015,8.540149
4.2492194,0.0034199634,0.29407868,70000.0,151467.34,149824.06,149824.06,0.019309817,10.343168,8.54015,8.54015
4.2492194,0.0043137753,0.3043203,70000.0,151467.39,149824.05,149824.06,0.019309817,10.343486,8.540151,8.54015
4.2492194,0.004116649,0.2921585,70000.0,151467.4,149824.1,149824.08,0.019309817,10.343355,8.540151,8.540149
4.2492194,0.0040013734,0.2878912,70000.0,151467.44,149824.05,149824.06,0.019309817,10.343807,8.540149,8.54015
4.2492194,0.0036266923,0.2830049,70000.0,151467.39,149824.06,149824.03,0.019309817,10.343191,8.540151,8.54015
4.2492194,0.0037787266,0.29358432,70000.0,151467.39,149824.06,149824.06,0.019309817,10.343225,8.54015,8.54015
4.2492194,0.0039387993,0.2951946,70000.0,151467.39,149824.05,149824.06,0.019309817,10.3430195,8.54015,8.540149
4.2492194,0.0034267884,0.268936,70000.0,151467.42,149824.06,149824.06,0.019309817,10.343482,8.54015,8.540149
4.2492194,0.0037776218,0.2863268,70000.0,151467.38,149824.05,149824.06,0.019309817,10.343633,8.540149,8.54015
4.2492194,0.0036175996,0.274413,70000.0,151467.39,149824.03,149824.06,0.019309817,10.34368,8.540149,8.540149
4.2492194,0.003828415,0.28386712,70000.0,151467.38,149824.05,149824.05,0.019309817,10.3434105,8.540149,8.540151
4.2492194,0.003757735,0.29190865,70000.0,151467.36,149824.06,149824.05,0.019309817,10.343068,8.540151,8.540149
4.2492194,0.0043824166,0.3040714,70000.0,151467.34,149824.03,149824.05,0.019309817,10.343113,8.54015,8.540149
4.2492194,0.0040031164,0.29691356,70000.0,151467.34,149824.06,149824.05,0.019309817,10.343166,8.54015,8.540149
4.2492194,0.0036860628,0.2845679,70000.0,151467.44,149824.05,149824.05,0.019309817,10.343625,8.54015,8.540149
4.2492194,0.0026021078,0.2465896,70000.0,151467.39,149824.06,149824.05,0.019309817,10.343719,8.54015,8.540149
4.2492194,0.0033348356,0.25856873,70000.0,151467.38,149824.06,149824.05,0.019309817,10.343074,8.540149,8.540151
4.2492194,0.0033630724,0.260468,70000.0,151467.39,149824.05,149824.06,0.019309817,10.343418,8.54015,8.540149
4.2492194,0.002903013,0.25026575,70000.0,151467.42,149824.08,149824.03,0.019309817,10.3432255,8.54015,8.540149
4.2492194,0.003801096,0.27676946,70000.0,151467.38,149824.05,149824.08,0.019309817,10.343486,8.54015,8.540151
4.2492194,0.0036823226,0.2723949,70000.0,151467.39,149824.06,149824.06,0.019309817,10.343341,8.54015,8.54015
4.2492194,0.0036726673,0.27710295,70000.0,151467.38,149824.08,149824.08,0.019309817,10.343324,8.54015,8.540151
4.2492194,0.003322694,0.25660938,70000.0,151467.36,149824.06,149824.05,0.019309817,10.343385,8.540149,8.540151
4.2492194,0.0041512484,0.28020486,70000.0,151467.44,149824.06,149824.05,0.019309817,10.343517,8.54015,8.54015
4.2492194,0.0037111528,0.27667323,70000.0,151467.4,149824.05,149824.06,0.019309817,10.343552,8.54015,8.54015
4.2492194,0.003667201,0.2703087,70000.0,151467.39,149824.05,149824.06,0.019309817,10.343391,8.540149,8.54015
4.2492194,0.0037281683,0.28268006,70000.0,151467.36,149824.06,149824.05,0.019309817,10.343129,8.54015,8.540149
4.2492194,0.0035451578,0.2709738,70000.0,151467.34,149824.05,149824.05,0.019309817,10.343268,8.540149,8.540149
4.2492194,0.0035310003,0.27309945,70000.0,151467.42,149824.06,149824.06,0.019309817,10.343416,8.54015,8.54015
4.2492194,0.0038354164,0.2869915,70000.0,151467.36,149824.08,149824.06,0.019309817,10.343393,8.54015,8.54015
4.2492194,0.0044241752,0.31612593,70000.0,151467.39,149824.05,149824.06,0.019309817,10.343303,8.540151,8.540148
4.2492194,0.0038853616,0.2916451,70000.0,151467.38,149824.06,149824.06,0.019309817,10.343404,8.540151,8.540151
4.2492194,0.003242466,0.2860269,70000.0,151467.34,149824.08,149824.05,0.019309817,10.343232,8.540151,8.540151
4.2492194,0.003438759,0.27562854,70000.0,151467.4,149824.05,149824.06,0.019309817,10.343294,8.54015,8.54015
4.2492194,0.003940488,0.2970783,70000.0,151467.38,149824.06,149824.05,0.019309817,10.343244,8.540151,8.54015
4.2492194,0.0038441832,0.2951433,70000.0,151467.36,149824.08,149824.06,0.019309817,10.343007,8.540151,8.54015
4.2492194,0.0034900291,0.2822629,70000.0,151467.31,149824.05,149824.05,0.019309817,10.343187,8.540149,8.54015
4.2492194,0.0033477782,0.2816236,70000.0,151467.38,149824.06,149824.05,0.019309817,10.343139,8.540151,8.54015
4.2492194,0.003446409,0.2681409,70000.0,151467.38,149824.05,149824.03,0.019309817,10.343331,8.540149,8.540151
4.2492194,0.0033008344,0.2607803,70000.0,151467.36,149824.05,149824.05,0.019309817,10.343244,8.54015,8.540151
4.2492194,0.004434863,0.30642965,70000.0,151467.44,149824.08,149824.03,0.019309817,10.343632,8.54015,8.540151
4.2492194,0.0033934533,0.2775732,70000.0,151467.45,149824.03,149824.06,0.019309817,10.343535,8.54015,8.540149
4.2492194,0.0036589855,0.29049677,70000.0,151467.42,149824.06,149824.05,0.019309817,10.343557,8.54015,8.54015
4.2492194,0.003500847,0.26537165,70000.0,151467.38,149824.05,149824.06,0.019309817,10.343109,8.54015,8.540151
4.2492194,0.0029798483,0.26050273,70000.0,151467.42,149824.06,149824.03,0.019309817,10.3434105,8.54015,8.54015
4.2492194,0.0032407993,0.26483214,70000.0,151467.39,149824.06,149824.06,0.019309817,10.343345,8.54015,8.54015
4.2492194,0.004016334,0.29832736,70000.0,151467.38,149824.05,149824.06,0.019309817,10.34342,8.54015,8.540149
4.2492194,0.004117785,0.2888078,70000.0,151467.38,149824.06,149824.06,0.019309817,10.343305,8.540149,8.540151
4.2492194,0.0035937196,0.29449758,70000.0,151467.4,149824.06,149824.05,0.019309817,10.343527,8.540149,8.54015
4.2492194,0.003507862,0.26336908,70000.0,151467.33,149824.06,149824.05,0.019309817,10.342895,8.540149,8.54015
4.2492194,0.003644455,0.2732231,70000.0,151467.34,149824.05,149824.05,0.019309817,10.343035,8.540148,8.54015
4.2492194,0.003737619,0.2741389,70000.0,151467.38,149824.06,149824.06,0.019309817,10.343409,8.54015,8.540149
4.2492194,0.0038768607,0.30334935,70000.0,151467.36,149824.05,149824.05,0.019309817,10.3435135,8.540149,8.54015
4.2492194,0.0040619164,0.2850799,70000.0,151467.38,149824.05,149824.06,0.019309817,10.343442,8.54015,8.54015
4.2492194,0.0037082073,0.27983916,70000.0,151467.38,149824.06,149824.05,0.019309817,10.343692,8.540148,8.54015
4.2492194,0.0036416412,0.28632587,70000.0,151467.42,149824.08,149824.05,0.019309817,10.343748,8.540149,8.540148
4.2492194,0.0035455169,0.28854758,70000.0,151467.39,149824.06,149824.05,0.019309817,10.343579,8.540149,8.540151
4.2492194,0.0038157285,0.28552243,70000.0,151467.34,149824.05,149824.05,0.019309817,10.34329,8.54015,8.54015
4.2492194,0.004211311,0.29245025,70000.0,151467.36,149824.06,149824.06,0.019309817,10.343612,8.54015,8.540149
4.2492194,0.0037065442,0.2866846,70000.0,151467.36,149824.06,149824.05,0.019309817,10.343285,8.540149,8.540151
4.2492194,0.0040702494,0.30714446,70000.0,151467.36,149824.06,149824.06,0.019309817,10.343016,8.54015,8.54015
4.2492194,0.0039622714,0.29417348,70000.0,151467.4,149824.05,149824.08,0.019309817,10.343563,8.540151,8.540149
4.2492194,0.00398503,0.30702615,70000.0,151467.38,149824.03,149824.05,0.019309817,10.343597,8.540148,8.54015
4.2492194,0.0036201796,0.27470726,70000.0,151467.36,149824.05,149824.06,0.019309817,10.343102,8.540149,8.54015
4.2492194,0.003926221,0.29524213,70000.0,151467.36,149824.06,149824.06,0.019309817,10.343335,8.54015,8.540151
4.2492194,0.0037907918,0.27915534,70000.0,151467.34,149824.05,149824.05,0.019309817,10.34315,8.54015,8.54015
4.2492194,0.0042088307,0.29797187,70000.0,151467.4,149824.05,149824.06,0.019309817,10.343394,8.540151,8.540151
4.2492194,0.003451892,0.2686373,70000.0,151467.34,149824.05,149824.06,0.019309817,10.343409,8.54015,8.54015
4.2492194,0.0033358298,0.27526277,70000.0,151467.39,149824.06,149824.06,0.019309817,10.343637,8.54015,8.540149
4.2492194,0.0034287523,0.265918,70000.0,151467.39,149824.06,149824.06,0.019309817,10.34326,8.540148,8.54015
4.2492194,0.0036601466,0.28225407,70000.0,151467.39,149824.05,149824.05,0.019309817,10.343505,8.54015,8.54015
4.2492194,0.0037160611,0.29880667,70000.0,151467.38,149824.06,149824.08,0.019309817,10.343159,8.540149,8.54015
4.2492194,0.0035178305,0.28136107,70000.0,151467.38,149824.05,149824.05,0.019309817,10.34347,8.540149,8.54015
4.2492194,0.003813478,0.29437444,70000.0,151467.36,149824.02,149824.08,0.019309817,10.3432255,8.540149,8.54015
4.2492194,0.003944896,0.3077853,70000.0,151467.34,149824.05,149824.05,0.019309817,10.343199,8.540151,8.54015
4.2492194,0.004062436,0.29048184,70000.0,151467.42,149824.06,149824.08,0.019309817,10.343467,8.54015,8.54015
4.2492194,0.003563889,0.2890408,70000.0,151467.4,149824.05,149824.05,0.019309817,10.343697,8.54015,8.54015
4.2492194,0.0035511195,0.2887182,70000.0,151467.39,149824.08,149824.05,0.019309817,10.34344,8.540151,8.540149
4.2492194,0.0036614225,0.2757374,70000.0,151467.39,149824.05,149824.06,0.019309817,10.343491,8.540149,8.540151
4.2492194,0.0031716235,0.2695419,70000.0,151467.36,149824.06,149824.06,0.019309817,10.343146,8.540151,8.54015
4.2492194,0.003560942,0.26781085,70000.0,151467.36,149824.06,149824.08,0.019309817,10.343493,8.540149,8.540151
4.2492194,0.003916714,0.2806948,70000.0,151467.34,149824.05,149824.05,0.019309817,10.343371,8.54015,8.54015
4.2492194,0.0040359437,0.30046538,70000.0,151467.38,149824.05,149824.06,0.019309817,10.343388,8.54015,8.540149
4.2492194,0.0038098108,0.27903175,70000.0,151467.39,149824.06,149824.06,0.019309817,10.343424,8.540149,8.54015
4.2492194,0.0034122972,0.27073365,70000.0,151467.34,149824.05,149824.05,0.019309817,10.3435135,8.54015,8.540149
4.2492194,0.0032772478,0.25726393,70000.0,151467.38,149824.05,149824.05,0.019309817,10.3435,8.54015,8.54015
4.2492194,0.0035771523,0.2560777,70000.0,151467.36,149824.06,149824.08,0.019309817,10.343013,8.540151,8.54015
4.2492194,0.0037988622,0.26336434,70000.0,151467.39,149824.05,149824.06,0.019309817,10.343411,8.54015,8.54015
4.2492194,0.0037607388,0.27378538,70000.0,151467.38,149824.06,149824.06,0.019309817,10.343134,8.54015,8.54015
4.2492194,0.0038680292,0.3059195,70000.0,151467.4,149824.05,149824.05,0.019309817,10.34346,8.54015,8.54015
4.2492194,0.0038384295,0.3168411,70000.0,151467.4,149824.05,149824.06,0.019309817,10.343307,8.54015,8.54015
4.2492194,0.0031032956,0.2585449,70000.0,151467.38,149824.06,149824.06,0.019309817,10.343382,8.540149,8.540151
4.2492194,0.0036788466,0.27984282,70000.0,151467.39,149824.05,149824.05,0.019309817,10.343441,8.54015,8.54015
4.2492194,0.0038267833,0.27269617,70000.0,151467.38,149824.05,149824.03,0.019309817,10.343434,8.540149,8.540149
4.2492194,0.0033949176,0.26874903,70000.0,151467.38,149824.05,149824.06,0.019309817,10.343304,8.54015,8.540149
4.2492194,0.0038899716,0.2746054,70000.0,151467.36,149824.06,149824.05,0.019309817,10.343396,8.54015,8.54015
4.2492194,0.0033447682,0.27588186,70000.0,151467.39,149824.05,149824.06,0.019309817,10.343385,8.540149,8.54015
4.2492194,0.0037895008,0.27884394,70000.0,151467.36,149824.06,149824.06,0.019309817,10.343141,8.54015,8.540151
4.2492194,0.0033098885,0.26343122,70000.0,151467.36,149824.08,149824.06,0.019309817,10.343679,8.540151,8.54015
4.2492194,0.003801879,0.2801858,70000.0,151467.4,149824.06,149824.06,0.019309817,10.343335,8.54015,8.540148
4.2492194,0.0035534748,0.2762818,70000.0,151467.4,149824.05,149824.06,0.019309817,10.343415,8.54015,8.54015
4.2492194,0.003769612,0.26496634,70000.0,151467.38,149824.05,149824.05,0.019309817,10.34382,8.54015,8.540151
4.2492194,0.0036073595,0.26183605,70000.0,151467.4,149824.05,149824.03,0.019309817,10.343336,8.54015,8.54015
4.2492194,0.003395791,0.25475812,70000.0,151467.36,149824.06,149824.06,0.019309817,10.343343,8.54015,8.54015
4.2492194,0.0041271225,0.28921342,70000.0,151467.33,149824.05,149824.06,0.019309817,10.343133,8.540149,8.540149
4.2492194,0.0038700919,0.28335413,70000.0,151467.39,149824.06,149824.06,0.019309817,10.343607,8.540149,8.54015
4.2492194,0.003530982,0.25602058,70000.0,151467.36,149824.08,149824.05,0.019309817,10.343605,8.54015,8.54015
4.2492194,0.0035332395,0.26401678,70000.0,151467.39,149824.06,149824.05,0.019309817,10.343261,8.54015,8.54015
4.2492194,0.0031580438,0.25259805,70000.0,151467.36,149824.03,149824.06,0.019309817,10.343598,8.540149,8.54015
4.2492194,0.003432842,0.2709281,70000.0,151467.39,149824.03,149824.06,0.019309817,10.343423,8.54015,8.54015
4.2492194,0.003791185,0.2769117,70000.0,151467.33,149824.05,149824.06,0.019309817,10.343317,8.540149,8.54015
4.2492194,0.0030118406,0.26592663,70000.0,151467.31,149824.05,149824.06,0.019309817,10.3432865,8.54015,8.54015
4.2492194,0.0038651829,0.28450686,70000.0,151467.34,149824.05,149824.06,0.019309817,10.3431425,8.540149,8.54015
4.2492194,0.003760966,0.27730688,70000.0,151467.44,149824.05,149824.1,0.019309817,10.343582,8.54015,8.540151
4.2492194,0.0035829712,0.2693295,70000.0,151467.3,149824.05,149824.05,0.019309817,10.343161,8.54015,8.540149
4.2492194,0.004084061,0.28516427,70000.0,151467.36,149824.06,149824.06,0.019309817,10.343417,8.54015,8.540151
4.2492194,0.0032383339,0.2638638,70000.0,151467.34,149824.06,149824.03,0.019309817,10.343271,8.54015,8.54015
4.2492194,0.0029641408,0.24583302,70000.0,151467.39,149824.06,149824.08,0.019309817,10.343475,8.540151,8.540149
4.2492194,0.003828882,0.28391397,70000.0,151467.4,149824.06,149824.03,0.019309817,10.343393,8.54015,8.54015
4.2492194,0.0033882973,0.25515744,70000.0,151467.38,149824.06,149824.05,0.019309817,10.343233,8.54015,8.54015
4.2492194,0.0053444724,0.37559247,70000.0,151467.31,149824.03,149824.05,0.019309817,10.343328,8.54015,8.54015
4.2492194,0.004207136,0.29144293,70000.0,151467.44,149824.08,149824.05,0.019309817,10.343725,8.54015,8.540149
4.2492194,0.0036051776,0.27928868,70000.0,151467.33,149824.05,149824.05,0.019309817,10.343483,8.540151,8.540151
4.2492194,0.0034734844,0.27068126,70000.0,151467.38,149824.06,149824.05,0.019309817,10.343474,8.540151,8.540149
4.2492194,0.0035974039,0.2757866,70000.0,151467.47,149824.03,149824.05,0.019309817,10.343986,8.540151,8.54015
4.2492194,0.0034961957,0.2644048,70000.0,151467.31,149824.06,149824.05,0.019309817,10.342911,8.540149,8.540149
4.2492194,0.003233441,0.2581451,70000.0,151467.38,149824.05,149824.08,0.019309817,10.343551,8.540151,8.54015
4.2492194,0.0034211683,0.277024,70000.0,151467.4,149824.05,149824.06,0.019309817,10.343565,8.540149,8.54015
4.2492194,0.0038251004,0.30143943,70000.0,151467.34,149824.05,149824.06,0.019309817,10.343684,8.540149,8.54015
4.2492194,0.0038084646,0.28700325,70000.0,151467.34,149824.06,149824.06,0.019309817,10.343208,8.540149,8.54015
4.2492194,0.004187662,0.2897847,70000.0,151467.38,149824.06,149824.03,0.019309817,10.343563,8.54015,8.540149
4.2492194,0.0037602838,0.27184784,70000.0,151467.31,149824.05,149824.03,0.019309817,10.343157,8.54015,8.54015
4.2492194,0.0069486173,0.5047566,70000.0,151467.39,149824.03,149824.05,0.019309817,10.343381,8.540149,8.54015
4.2492194,0.0035118295,0.26975572,70000.0,151467.38,149824.06,149824.03,0.019309817,10.343497,8.54015,8.54015
4.2492194,0.0038969757,0.27859205,70000.0,151467.34,149824.05,149824.06,0.019309817,10.343449,8.540151,8.54015
4.2492194,0.004364201,0.30171186,70000.0,151467.36,149824.05,149824.06,0.019309817,10.3432455,8.540149,8.54015
4.2492194,0.0039530243,0.29794544,70000.0,151467.39,149824.06,149824.05,0.019309817,10.343467,8.540149,8.540149
4.2492194,0.0039509297,0.3029206,70000.0,151467.36,149824.05,149824.06,0.019309817,10.343085,8.54015,8.54015
4.2492194,0.003882391,0.2872713,70000.0,151467.42,149824.05,149824.05,0.019309817,10.343707,8.540149,8.540149
4.2492194,0.00391683,0.2842986,70000.0,151467.33,149824.06,149824.06,0.019309817,10.343081,8.540149,8.540149
4.2492194,0.0037318675,0.26642594,70000.0,151467.36,149824.05,149824.06,0.019309817,10.343388,8.54015,8.540149
4.2492194,0.004285606,0.2966806,70000.0,151467.45,149824.06,149824.06,0.019309817,10.343588,8.54015,8.54015
4.2492194,0.0040264903,0.28166133,70000.0,151467.36,149824.05,149824.06,0.019309817,10.3432455,8.54015,8.54015
4.2492194,0.003494887,0.2635332,70000.0,151467.34,149824.08,149824.05,0.019309817,10.34321,8.54015,8.540149
4.2492194,0.0034197262,0.26916304,70000.0,151467.4,149824.06,149824.08,0.019309817,10.343454,8.54015,8.540149
4.2492194,0.0037535783,0.29159182,70000.0,151467.4,149824.06,149824.05,0.019309817,10.343387,8.540149,8.54015
4.2492194,0.0035396377,0.27971962,70000.0,151467.47,149824.05,149824.06,0.019309817,10.343854,8.540149,8.54015
4.2492194,0.0037982315,0.28678927,70000.0,151467.34,149824.05,149824.03,0.019309817,10.343302,8.54015,8.54015
4.2492194,0.0041000703,0.2852224,70000.0,151467.42,149824.06,149824.06,0.019309817,10.343788,8.540151,8.540151
4.2492194,0.004103072,0.3105591,70000.0,151467.4,149824.06,149824.05,0.019309817,10.343213,8.54015,8.54015
4.2492194,0.003935889,0.29473755,70000.0,151467.38,149824.05,149824.05,0.019309817,10.343412,8.540151,8.540151
4.2492194,0.003663339,0.28333455,70000.0,151467.3,149824.06,149824.05,0.019309817,10.343031,8.54015,8.54015
4.2492194,0.0035538608,0.26535872,70000.0,151467.36,149824.05,149824.05,0.019309817,10.343131,8.54015,8.54015
4.2492194,0.002594559,0.23360647,70000.0,151467.4,149824.05,149824.03,0.019309817,10.3436165,8.540148,8.54015
4.2492194,0.003828594,0.2978902,70000.0,151467.33,149824.05,149824.05,0.019309817,10.343504,8.54015,8.540149
4.2492194,0.006636102,0.45017728,70000.0,151467.38,149824.05,149824.05,0.019309817,10.343579,8.54015,8.540149
4.2492194,0.004147791,0.2910174,70000.0,151467.33,149824.06,149824.05,0.019309817,10.342926,8.54015,8.54015
4.2492194,0.0038979214,0.29739338,70000.0,151467.36,149824.06,149824.05,0.019309817,10.343395,8.54015,8.540149
4.2492194,0.0037049283,0.28174013,70000.0,151467.38,149824.03,149824.05,0.019309817,10.343224,8.54015,8.54015
4.2492194,0.0033987213,0.2607003,70000.0,151467.33,149824.03,149824.06,0.019309817,10.343428,8.54015,8.54015
4.2492194,0.0037644096,0.28607127,70000.0,151467.39,149824.08,149824.06,0.019309817,10.343499,8.54015,8.540149
4.2492194,0.0040175724,0.27929777,70000.0,151467.39,149824.05,149824.05,0.019309817,10.343571,8.54015,8.54015
4.2492194,0.0039245468,0.2755463,70000.0,151467.39,149824.05,149824.05,0.019309817,10.343405,8.54015,8.540149
4.2492194,0.0033135458,0.26130125,70000.0,151467.4,149824.06,149824.06,0.019309817,10.343476,8.54015,8.540149
4.2492194,0.0035664407,0.2655727,70000.0,151467.36,149824.06,149824.05,0.019309817,10.343266,8.54015,8.540149
4.2492194,0.0041582556,0.34253058,70000.0,151467.44,149824.05,149824.05,0.019309817,10.343775,8.54015,8.540149
4.2492194,0.0039296835,0.28158984,70000.0,151467.36,149824.05,149824.06,0.019309817,10.343155,8.54015,8.540151
4.2492194,0.0034870417,0.25518298,70000.0,151467.38,149824.06,149824.05,0.019309817,10.343802,8.540151,8.54015
4.2492194,0.0029606703,0.25889876,70000.0,151467.44,149824.05,149824.03,0.019309817,10.343522,8.540149,8.54015
4.2492194,0.0035035037,0.27476433,70000.0,151467.38,149824.08,149824.06,0.019309817,10.34345,8.54015,8.540151
4.2492194,0.003777595,0.2898078,70000.0,151467.36,149824.06,149824.06,0.019309817,10.343473,8.540149,8.54015
4.2492194,0.0035723832,0.29257002,70000.0,151467.38,149824.06,149824.08,0.019309817,10.343725,8.540149,8.54015
4.2492194,0.0031467837,0.26725152,70000.0,151467.38,149824.05,149824.08,0.019309817,10.343764,8.54015,8.540151
4.2492194,0.0037722436,0.28249204,70000.0,151467.38,149824.05,149824.03,0.019309817,10.343161,8.54015,8.540149
4.2492194,0.0030928196,0.240157,70000.0,151467.38,149824.05,149824.05,0.019309817,10.343691,8.54015,8.540149
4.2492194,0.0036793272,0.26633376,70000.0,151467.4,149824.05,149824.03,0.019309817,10.343285,8.54015,8.540149
4.2492194,0.003622963,0.2680311,70000.0,151467.4,149824.06,149824.06,0.019309817,10.343734,8.54015,8.54015
4.2492194,0.0042310916,0.2938589,70000.0,151467.4,149824.03,149824.05,0.019309817,10.343338,8.540151,8.540151
4.2492194,0.0035229665,0.26932064,70000.0,151467.39,149824.05,149824.05,0.019309817,10.343308,8.540149,8.540149
4.2492194,0.003552818,0.27234715,70000.0,151467.31,149824.06,149824.05,0.019309817,10.343269,8.54015,8.540149
4.2492194,0.0038509967,0.28800136,70000.0,151467.45,149824.05,149824.05,0.019309817,10.343575,8.54015,8.54015
4.2492194,0.0037592247,0.2909556,70000.0,151467.34,149824.06,149824.06,0.019309817,10.343207,8.54015,8.54015
4.2492194,0.0038450258,0.29356337,70000.0,151467.31,149824.05,149824.06,0.019309817,10.343538,8.540149,8.540151
4.2492194,0.0033431512,0.2655716,70000.0,151467.42,149824.06,149824.06,0.019309817,10.34339,8.540151,8.54015
4.2492194,0.003336794,0.28150797,70000.0,151467.33,149824.05,149824.05,0.019309817,10.343351,8.540149,8.54015
4.2492194,0.004039543,0.28016797,70000.0,151467.39,149824.06,149824.05,0.019309817,10.34373,8.54015,8.540149
4.2492194,0.003933755,0.2837091,70000.0,151467.39,149824.06,149824.05,0.019309817,10.343289,8.54015,8.540149
4.2492194,0.003464948,0.28413406,70000.0,151467.36,149824.06,149824.05,0.019309817,10.343263,8.54015,8.54015
4.2492194,0.0034392297,0.26617372,70000.0,151467.36,149824.06,149824.05,0.019309817,10.343745,8.54015,8.54015
4.2492194,0.0032047464,0.26432687,70000.0,151467.36,149824.03,149824.08,0.019309817,10.343467,8.540151,8.54015
4.2492194,0.0034351514,0.26745087,70000.0,151467.38,149824.06,149824.05,0.019309817,10.34348,8.540151,8.540149
4.2492194,0.0036611673,0.26554558,70000.0,151467.33,149824.08,149824.05,0.019309817,10.343255,8.54015,8.54015
4.2492194,0.0033237922,0.27175564,70000.0,151467.44,149824.06,149824.05,0.019309817,10.343651,8.540149,8.54015
4.2492194,0.0039667026,0.3149386,70000.0,151467.42,149824.06,149824.06,0.019309817,10.343597,8.54015,8.54015
4.2492194,0.0038496107,0.27566862,70000.0,151467.39,149824.1,149824.05,0.019309817,10.343229,8.54015,8.54015
4.2492194,0.003701656,0.2678259,70000.0,151467.34,149824.06,149824.06,0.019309817,10.343263,8.54015,8.540151
4.2492194,0.0036522828,0.2723194,70000.0,151467.45,149824.05,149824.05,0.019309817,10.343461,8.540151,8.540151
4.2492194,0.003788245,0.27851224,70000.0,151467.38,149824.05,149824.05,0.019309817,10.343159,8.540149,8.54015
4.2492194,0.0033102033,0.274848,70000.0,151467.34,149824.06,149824.06,0.019309817,10.343167,8.54015,8.54015
4.2492194,0.0038881788,0.2853309,70000.0,151467.42,149824.05,149824.05,0.019309817,10.343143,8.54015,8.540149
4.2492194,0.0034763492,0.27088803,70000.0,151467.42,149824.05,149824.06,0.019309817,10.343591,8.54015,8.54015
4.2492194,0.0042072036,0.29093608,70000.0,151467.36,149824.05,149824.08,0.019309817,10.343185,8.540151,8.54015
4.2492194,0.0041137906,0.286722,70000.0,151467.34,149824.03,149824.05,0.019309817,10.343242,8.54015,8.540151
4.2492194,0.0036378074,0.27227926,70000.0,151467.38,149824.06,149824.06,0.019309817,10.343268,8.54015,8.54015
4.2492194,0.003611004,0.26325902,70000.0,151467.31,149824.06,149824.05,0.019309817,10.343447,8.54015,8.54015
4.2492194,0.003487401,0.267164,70000.0,151467.38,149824.06,149824.05,0.019309817,10.344013,8.540149,8.54015
4.2492194,0.0036354198,0.2767171,70000.0,151467.38,149824.05,149824.05,0.019309817,10.34322,8.54015,8.540149
4.2492194,0.0037533934,0.28850117,70000.0,151467.4,149824.05,149824.05,0.019309817,10.343466,8.54015,8.540151
4.2492194,0.0036635073,0.2675575,70000.0,151467.34,149824.06,149824.05,0.019309817,10.343055,8.54015,8.540149
4.2492194,0.0038013807,0.27299398,70000.0,151467.33,149824.05,149824.06,0.019309817,10.342979,8.54015,8.540149
4.2492194,0.0037707086,0.27577493,70000.0,151467.36,149824.06,149824.06,0.019309817,10.34374,8.54015,8.54015
4.2492194,0.0035449262,0.28363445,70000.0,151467.33,149824.05,149824.08,0.019309817,10.343212,8.540149,8.54015
4.2492194,0.003397299,0.26351383,70000.0,151467.36,149824.03,149824.03,0.019309817,10.343746,8.54015,8.540151
4.2492194,0.0035943033,0.25751144,70000.0,151467.36,149824.05,149824.05,0.019309817,10.343551,8.54015,8.54015
4.2492194,0.0032189619,0.2601258,70000.0,151467.39,149824.05,149824.05,0.019309817,10.343168,8.540151,8.540149
4.2492194,0.0033747319,0.27317828,70000.0,151467.39,149824.06,149824.05,0.019309817,10.3435955,8.540151,8.54015
4.2492194,0.003454421,0.28383288,70000.0,151467.36,149824.03,149824.08,0.019309817,10.343491,8.540151,8.540149
4.2492194,0.004273097,0.28838947,70000.0,151467.39,149824.06,149824.05,0.019309817,10.343461,8.540149,8.540149
4.2492194,0.0040336126,0.27291527,70000.0,151467.36,149824.06,149824.06,0.019309817,10.343244,8.54015,8.54015
4.2492194,0.00399868,0.28907293,70000.0,151467.34,149824.05,149824.05,0.019309817,10.343043,8.54015,8.540149
4.2492194,0.003843272,0.30574545,70000.0,151467.4,149824.05,149824.03,0.019309817,10.343796,8.54015,8.540148
4.2492194,0.0034077743,0.27186725,70000.0,151467.38,149824.06,149824.06,0.019309817,10.343787,8.54015,8.540151
4.2492194,0.003577749,0.27504483,70000.0,151467.38,149824.05,149824.06,0.019309817,10.343284,8.54015,8.540149
4.2492194,0.00340069,0.26959273,70000.0,151467.39,149824.05,149824.06,0.019309817,10.343075,8.540149,8.540151
4.2492194,0.0036444732,0.27185762,70000.0,151467.34,149824.05,149824.03,0.019309817,10.343478,8.540149,8.540151
4.2492194,0.0037597797,0.26676196,70000.0,151467.4,149824.05,149824.06,0.019309817,10.343427,8.540149,8.54015
4.2492194,0.0036476331,0.26994678,70000.0,151467.36,149824.06,149824.06,0.019309817,10.343057,8.54015,8.540149
4.2492194,0.0034769522,0.27763563,70000.0,151467.39,149824.05,149824.08,0.019309817,10.3436365,8.54015,8.540151
4.2492194,0.003716395,0.28204268,70000.0,151467.36,149824.03,149824.05,0.019309817,10.34312,8.54015,8.540149
4.2492194,0.0035523812,0.2770519,70000.0,151467.36,149824.06,149824.08,0.019309817,10.343444,8.54015,8.54015
4.2492194,0.003764102,0.29807624,70000.0,151467.39,149824.05,149824.06,0.019309817,10.343462,8.540151,8.54015
4.2492194,0.0035589146,0.26847777,70000.0,151467.36,149824.05,149824.05,0.019309817,10.343071,8.540149,8.54015
4.2492194,0.0035465832,0.2666412,70000.0,151467.38,149824.03,149824.08,0.019309817,10.34349,8.54015,8.540151
4.2492194,0.0034593611,0.26957092,70000.0,151467.31,149824.1,149824.05,0.019309817,10.343276,8.54015,8.54015
4.2492194,0.003120222,0.25216106,70000.0,151467.38,149824.06,149824.05,0.019309817,10.343976,8.54015,8.540151
4.2492194,0.0031552943,0.24766412,70000.0,151467.3,149824.06,149824.06,0.019309817,10.343158,8.54015,8.540149
4.2492194,0.0038889335,0.30320296,70000.0,151467.42,149824.06,149824.05,0.019309817,10.343528,8.54015,8.540149
4.2492194,0.0030103817,0.23939201,70000.0,151467.39,149824.06,149824.06,0.019309817,10.343672,8.540151,8.54015
4.2492194,0.0033839939,0.2713026,70000.0,151467.36,149824.05,149824.05,0.019309817,10.343254,8.540149,8.54015
4.2492194,0.0035891603,0.2704967,70000.0,151467.34,149824.06,149824.06,0.019309817,10.343319,8.54015,8.54015
4.2492194,0.0032558825,0.25550708,70000.0,151467.39,149824.05,149824.05,0.019309817,10.343167,8.540149,8.54015
4.2492194,0.0037058336,0.26708537,70000.0,151467.38,149824.06,149824.06,0.019309817,10.343134,8.540151,8.54015
4.2492194,0.0037175368,0.27353978,70000.0,151467.42,149824.05,149824.05,0.019309817,10.343434,8.54015,8.540149
4.2492194,0.003923158,0.28146926,70000.0,151467.4,149824.08,149824.05,0.019309817,10.343751,8.54015,8.540149
4.2492194,0.0033867417,0.25630128,70000.0,151467.42,149824.03,149824.06,0.019309817,10.343475,8.54015,8.54015
4.2492194,0.0035017913,0.26307404,70000.0,151467.36,149824.05,149824.05,0.019309817,10.343135,8.54015,8.540149
4.2492194,0.0038229765,0.2773296,70000.0,151467.42,149824.05,149824.05,0.019309817,10.343428,8.54015,8.540149
4.2492194,0.0030413691,0.27231187,70000.0,151467.44,149824.05,149824.05,0.019309817,10.34378,8.540149,8.540151
4.2492194,0.0035204585,0.28233802,70000.0,151467.31,149824.06,149824.05,0.019309817,10.343094,8.540149,8.54015
4.2492194,0.0035508664,0.28284118,70000.0,151467.33,149824.06,149824.06,0.019309817,10.343339,8.54015,8.540151
4.2492194,0.003735268,0.27299267,70000.0,151467.38,149824.06,149824.06,0.019309817,10.343362,8.54015,8.540151
4.2492194,0.003482399,0.2551023,70000.0,151467.4,149824.06,149824.03,0.019309817,10.343564,8.54015,8.54015
4.2492194,0.0038203439,0.28071058,70000.0,151467.36,149824.05,149824.05,0.019309817,10.343217,8.54015,8.540149
4.2492194,0.0035447392,0.25757065,70000.0,151467.31,149824.05,149824.06,0.019309817,10.343264,8.540149,8.54015
4.2492194,0.0034294887,0.25898373,70000.0,151467.42,149824.05,149824.08,0.019309817,10.343647,8.54015,8.540149
4.2492194,0.003624423,0.2716245,70000.0,151467.28,149824.05,149824.05,0.019309817,10.343149,8.54015,8.54015
4.2492194,0.004055552,0.28193524,70000.0,151467.34,149824.05,149824.06,0.019309817,10.343105,8.54015,8.54015
4.2492194,0.0038965375,0.2836481,70000.0,151467.39,149824.08,149824.06,0.019309817,10.343543,8.540151,8.54015
4.2492194,0.0033477908,0.2626968,70000.0,151467.33,149824.05,149824.05,0.019309817,10.343293,8.540148,8.54015
4.2492194,0.0034471173,0.2690484,70000.0,151467.3,149824.06,149824.06,0.019309817,10.343351,8.54015,8.540149
4.2492194,0.0030919574,0.265783,70000.0,151467.39,149824.06,149824.05,0.019309817,10.343636,8.54015,8.54015
4.2492194,0.00341633,0.27073616,70000.0,151467.34,149824.05,149824.06,0.019309817,10.34329,8.54015,8.540151
4.2492194,0.0028476347,0.24064685,70000.0,151467.4,149824.06,149824.06,0.019309817,10.343688,8.540149,8.54015
4.2492194,0.004129552,0.2854441,70000.0,151467.39,149824.06,149824.05,0.019309817,10.343146,8.540149,8.54015
4.2492194,0.004391152,0.30228078,70000.0,151467.39,149824.05,149824.05,0.019309817,10.343387,8.540149,8.540149
4.2492194,0.004238184,0.29890466,70000.0,151467.38,149824.06,149824.06,0.019309817,10.343455,8.54015,8.54015
4.2492194,0.0041098287,0.31194922,70000.0,151467.34,149824.03,149824.06,0.019309817,10.343455,8.54015,8.540151
4.2492194,0.0035359715,0.27204055,70000.0,151467.38,149824.05,149824.05,0.019309817,10.343485,8.540149,8.54015
4.2492194,0.0038020173,0.28551254,70000.0,151467.38,149824.06,149824.08,0.019309817,10.343531,8.540149,8.540151
4.2492194,0.0033407914,0.2716495,70000.0,151467.4,149824.06,149824.06,0.019309817,10.343456,8.540149,8.54015
4.2492194,0.003550995,0.2763182,70000.0,151467.42,149824.06,149824.06,0.019309817,10.34379,8.54015,8.54015
4.2492194,0.003874437,0.29189828,70000.0,151467.36,149824.05,149824.08,0.019309817,10.343389,8.54015,8.54015
4.2492194,0.0037764956,0.27195483,70000.0,151467.39,149824.05,149824.05,0.019309817,10.343381,8.540149,8.54015
4.2492194,0.0033813708,0.2742313,70000.0,151467.4,149824.05,149824.05,0.019309817,10.343282,8.540151,8.54015
4.2492194,0.003217371,0.28039584,70000.0,151467.39,149824.05,149824.05,0.019309817,10.343669,8.54015,8.540149
4.2492194,0.0040629962,0.29867604,70000.0,151467.36,149824.05,149824.05,0.019309817,10.343641,8.54015,8.54015
4.2492194,0.0036478434,0.28562295,70000.0,151467.36,149824.05,149824.05,0.019309817,10.3432665,8.54015,8.54015
4.2492194,0.0037321907,0.27935305,70000.0,151467.4,149824.03,149824.06,0.019309817,10.343467,8.54015,8.540149
4.2492194,0.0035293768,0.28470862,70000.0,151467.38,149824.06,149824.05,0.019309817,10.343285,8.54015,8.54015
4.2492194,0.0040621627,0.29606274,70000.0,151467.42,149824.06,149824.06,0.019309817,10.343734,8.54015,8.540149
4.2492194,0.0035396435,0.2664283,70000.0,151467.38,149824.05,149824.05,0.019309817,10.343426,8.54015,8.540149
4.2492194,0.0036754482,0.26175925,70000.0,151467.42,149824.06,149824.06,0.019309817,10.343569,8.540149,8.54015
4.2492194,0.0036360295,0.28134102,70000.0,151467.38,149824.06,149824.06,0.019309817,10.343291,8.54015,8.540151
4.2492194,0.0038972301,0.28655654,70000.0,151467.4,149824.06,149824.05,0.019309817,10.343494,8.54015,8.54015
4.2492194,0.0040438846,0.29933324,70000.0,151467.38,149824.05,149824.06,0.019309817,10.34338,8.540149,8.540149
4.2492194,0.0035095403,0.2852787,70000.0,151467.4,149824.06,149824.05,0.019309817,10.343283,8.540151,8.54015
4.2492194,0.003980873,0.29514602,70000.0,151467.38,149824.06,149824.05,0.019309817,10.343503,8.54015,8.54015
4.2492194,0.0039369436,0.29447088,70000.0,151467.34,149824.03,149824.05,0.019309817,10.343262,8.54015,8.54015
4.2492194,0.0040245047,0.26330614,70000.0,151467.39,149824.08,149824.05,0.019309817,10.3435335,8.54015,8.540149
4.2492194,0.0037633039,0.27545643,70000.0,151467.36,149824.08,149824.05,0.019309817,10.343079,8.54015,8.540149
4.2492194,0.0032951112,0.2647987,70000.0,151467.33,149824.06,149824.08,0.019309817,10.343143,8.54015,8.540149
4.2492194,0.0038912515,0.2775833,70000.0,151467.34,149824.06,149824.06,0.019309817,10.343539,8.54015,8.54015
4.2492194,0.004105219,0.28703803,70000.0,151467.31,149824.05,149824.06,0.019309817,10.343103,8.54015,8.54015
4.2492194,0.00416941,0.2895507,70000.0,151467.33,149824.05,149824.05,0.019309817,10.342958,8.540151,8.54015
4.2492194,0.002964362,0.25897062,70000.0,151467.28,149824.05,149824.05,0.019309817,10.343249,8.540151,8.54015
4.2492194,0.0035508077,0.2652571,70000.0,151467.36,149824.08,149824.06,0.019309817,10.343535,8.54015,8.54015
4.2492194,0.0031338513,0.25505453,70000.0,151467.38,149824.06,149824.06,0.019309817,10.343588,8.54015,8.540149
4.2492194,0.002891099,0.25480217,70000.0,151467.34,149824.05,149824.05,0.019309817,10.343645,8.540149,8.54015
4.2492194,0.003649463,0.27125,70000.0,151467.36,149824.06,149824.05,0.019309817,10.343454,8.54015,8.540149
4.2492194,0.0037759708,0.2793173,70000.0,151467.34,149824.05,149824.05,0.019309817,10.343228,8.540149,8.54015
4.2492194,0.004073263,0.28607252,70000.0,151467.39,149824.06,149824.06,0.019309817,10.343534,8.540151,8.54015
4.2492194,0.0037628047,0.26761204,70000.0,151467.39,149824.06,149824.05,0.019309817,10.343649,8.540149,8.54015
4.2492194,0.0033874635,0.26162484,70000.0,151467.39,149824.05,149824.03,0.019309817,10.34363,8.54015,8.540149
4.2492194,0.0036481705,0.28897822,70000.0,151467.34,149824.06,149824.05,0.019309817,10.343192,8.54015,8.540149
4.2492194,0.0033941695,0.2634729,70000.0,151467.38,149824.06,149824.05,0.019309817,10.343769,8.54015,8.540149
4.2492194,0.0034512896,0.2669619,70000.0,151467.38,149824.06,149824.03,0.019309817,10.343444,8.54015,8.54015
4.2492194,0.003557573,0.27020997,70000.0,151467.42,149824.1,149824.05,0.019309817,10.3440275,8.54015,8.54015
4.2492194,0.003191824,0.24699686,70000.0,151467.39,149824.05,149824.06,0.019309817,10.343331,8.54015,8.540149
4.2492194,0.0035001417,0.26646653,70000.0,151467.33,149824.06,149824.05,0.019309817,10.343024,8.54015,8.540149
4.2492194,0.0030659104,0.258488,70000.0,151467.4,149824.05,149824.03,0.019309817,10.343351,8.540149,8.54015
4.2492194,0.0031843516,0.2593201,70000.0,151467.36,149824.05,149824.05,0.019309817,10.34348,8.54015,8.54015
4.2492194,0.004128599,0.28676164,70000.0,151467.38,149824.06,149824.06,0.019309817,10.34346,8.54015,8.54015
4.2492194,0.003879544,0.27296606,70000.0,151467.31,149824.05,149824.05,0.019309817,10.343025,8.54015,8.54015
4.2492194,0.0034789434,0.26373053,70000.0,151467.33,149824.08,149824.03,0.019309817,10.343318,8.54015,8.54015
4.2492194,0.003324004,0.26356024,70000.0,151467.33,149824.06,149824.05,0.019309817,10.343235,8.540148,8.54015
4.2492194,0.0034541064,0.26934272,70000.0,151467.39,149824.06,149824.03,0.019309817,10.343659,8.54015,8.54015
4.2492194,0.0037513091,0.27263886,70000.0,151467.34,149824.05,149824.06,0.019309817,10.343521,8.540149,8.540149
4.2492194,0.0034061274,0.27638596,70000.0,151467.38,149824.06,149824.05,0.019309817,10.343276,8.540151,8.54015
4.2492194,0.0038221513,0.2743599,70000.0,151467.34,149824.05,149824.06,0.019309817,10.34319,8.54015,8.540149
4.2492194,0.003546438,0.2624218,70000.0,151467.39,149824.06,149824.08,0.019309817,10.343328,8.54015,8.540151
4.2492194,0.0035643706,0.2725518,70000.0,151467.39,149824.05,149824.06,0.019309817,10.343209,8.54015,8.54015
4.2492194,0.003270217,0.2620089,70000.0,151467.36,149824.06,149824.06,0.019309817,10.343305,8.540149,8.540151
4.2492194,0.0035329594,0.27126387,70000.0,151467.39,149824.03,149824.05,0.019309817,10.343313,8.540151,8.54015
4.2492194,0.0037751198,0.26645768,70000.0,151467.38,149824.05,149824.08,0.019309817,10.3431225,8.54015,8.540151
4.2492194,0.0034517734,0.27109703,70000.0,151467.44,149824.06,149824.05,0.019309817,10.34333,8.54015,8.540151
4.2492194,0.003789591,0.28109333,70000.0,151467.47,149824.05,149824.03,0.019309817,10.344031,8.540149,8.54015
4.2492194,0.003472686,0.25628963,70000.0,151467.4,149824.06,149824.06,0.019309817,10.343941,8.54015,8.54015
4.2492194,0.0036588977,0.2685019,70000.0,151467.44,149824.05,149824.08,0.019309817,10.343482,8.54015,8.540149
4.2492194,0.0033923045,0.25268614,70000.0,151467.4,149824.08,149824.05,0.019309817,10.343612,8.54015,8.540149
4.2492194,0.0033313723,0.25442243,70000.0,151467.4,149824.03,149824.03,0.019309817,10.343611,8.54015,8.54015
4.2492194,0.003876179,0.27828848,70000.0,151467.38,149824.06,149824.03,0.019309817,10.3435755,8.54015,8.54015
4.2492194,0.0034972432,0.28013715,70000.0,151467.33,149824.06,149824.06,0.019309817,10.343053,8.540149,8.54015
4.2492194,0.0034512628,0.26243487,70000.0,151467.31,149824.06,149824.05,0.019309817,10.343655,8.540149,8.540148
4.2492194,0.0036659765,0.28485554,70000.0,151467.38,149824.05,149824.06,0.019309817,10.34348,8.540151,8.54015
4.2492194,0.0036915422,0.29033837,70000.0,151467.42,149824.06,149824.05,0.019309817,10.34362,8.540149,8.54015
4.2492194,0.0036917203,0.27633384,70000.0,151467.39,149824.08,149824.06,0.019309817,10.343552,8.54015,8.540148
4.2492194,0.0036415397,0.28079084,70000.0,151467.33,149824.05,149824.05,0.019309817,10.343377,8.540148,8.540151
4.2492194,0.003869462,0.2943702,70000.0,151467.42,149824.08,149824.06,0.019309817,10.343823,8.540151,8.54015
4.2492194,0.0037945297,0.27421632,70000.0,151467.36,149824.05,149824.08,0.019309817,10.343406,8.54015,8.540151
4.2492194,0.0035403382,0.26735744,70000.0,151467.4,149824.06,149824.05,0.019309817,10.343483,8.54015,8.540151
4.2492194,0.003820122,0.29402757,70000.0,151467.38,149824.05,149824.06,0.019309817,10.343509,8.54015,8.54015
4.2492194,0.0036435635,0.2812299,70000.0,151467.34,149824.06,149824.06,0.019309817,10.343433,8.54015,8.54015
4.2492194,0.004260404,0.28968722,70000.0,151467.39,149824.03,149824.05,0.019309817,10.343378,8.540149,8.54015
4.2492194,0.004330268,0.31165093,70000.0,151467.39,149824.06,149824.05,0.019309817,10.343249,8.54015,8.540149
4.2492194,0.003852961,0.2852835,70000.0,151467.38,149824.05,149824.06,0.019309817,10.343489,8.54015,8.540151
4.2492194,0.0033943504,0.26043093,70000.0,151467.36,149824.06,149824.06,0.019309817,10.343698,8.54015,8.54015
4.2492194,0.0038580853,0.29034722,70000.0,151467.44,149824.06,149824.03,0.019309817,10.343542,8.540151,8.540149
4.2492194,0.0046793176,0.34291804,70000.0,151467.36,149824.06,149824.05,0.019309817,10.343187,8.540151,8.540151
4.2492194,0.0041935463,0.28791493,70000.0,151467.39,149824.05,149824.06,0.019309817,10.343243,8.54015,8.54015
4.2492194,0.0041366434,0.29270464,70000.0,151467.36,149824.03,149824.05,0.019309817,10.343025,8.54015,8.54015
4.2492194,0.0035531407,0.2647202,70000.0,151467.31,149824.06,149824.08,0.019309817,10.343275,8.54015,8.54015
4.2492194,0.0036659103,0.28666273,70000.0,151467.33,149824.05,149824.05,0.019309817,10.343057,8.54015,8.540149
4.2492194,0.004043061,0.29594436,70000.0,151467.39,149824.05,149824.06,0.019309817,10.343209,8.54015,8.540151
4.2492194,0.0030915667,0.2563821,70000.0,151467.39,149824.06,149824.05,0.019309817,10.343311,8.54015,8.540151
4.2492194,0.003806682,0.28892347,70000.0,151467.33,149824.06,149824.05,0.019309817,10.343081,8.540149,8.54015
4.2492194,0.0032945976,0.2720068,70000.0,151467.36,149824.05,149824.06,0.019309817,10.343635,8.54015,8.54015
4.2492194,0.0036734592,0.2873347,70000.0,151467.39,149824.05,149824.05,0.019309817,10.343192,8.54015,8.540151
4.2492194,0.0037184423,0.27225587,70000.0,151467.36,149824.06,149824.06,0.019309817,10.343242,8.540151,8.540149
4.2492194,0.0040102154,0.27017197,70000.0,151467.33,149824.05,149824.05,0.019309817,10.343089,8.54015,8.54015
4.2492194,0.0033800902,0.25931218,70000.0,151467.4,149824.05,149824.05,0.019309817,10.343609,8.54015,8.540151
4.2492194,0.0036648863,0.283012,70000.0,151467.4,149824.05,149824.05,0.019309817,10.343197,8.540149,8.54015
4.2492194,0.0035634763,0.26498422,70000.0,151467.44,149824.06,149824.05,0.019309817,10.343519,8.540149,8.54015
4.2492194,0.0033108725,0.25408036,70000.0,151467.4,149824.05,149824.06,0.019309817,10.343532,8.540149,8.540149
4.2492194,0.0032110275,0.26609692,70000.0,151467.34,149824.05,149824.08,0.019309817,10.343226,8.540149,8.540149
4.2492194,0.0034172484,0.2721099,70000.0,151467.45,149824.06,149824.03,0.019309817,10.34372,8.54015,8.54015
4.2492194,0.003694825,0.27251348,70000.0,151467.4,149824.05,149824.06,0.019309817,10.3435,8.540149,8.54015
4.2492194,0.003225745,0.25497186,70000.0,151467.42,149824.05,149824.06,0.019309817,10.343295,8.54015,8.54015
4.2492194,0.0035557977,0.27371326,70000.0,151467.44,149824.06,149824.06,0.019309817,10.343855,8.54015,8.54015
4.2492194,0.0038616022,0.28348508,70000.0,151467.44,149824.05,149824.03,0.019309817,10.343584,8.54015,8.54015
4.2492194,0.0035838028,0.2858728,70000.0,151467.34,149824.05,149824.06,0.019309817,10.34333,8.54015,8.54015
4.2492194,0.004121619,0.28488812,70000.0,151467.34,149824.05,149824.08,0.019309817,10.343514,8.540149,8.54015
4.2492194,0.0035391634,0.26318687,70000.0,151467.33,149824.03,149824.06,0.019309817,10.3433275,8.540148,8.540151
4.2492194,0.0033643872,0.26801917,70000.0,151467.34,149824.05,149824.03,0.019309817,10.34318,8.54015,8.54015
4.2492194,0.003742147,0.26896676,70000.0,151467.39,149824.05,149824.08,0.019309817,10.343619,8.54015,8.54015
4.2492194,0.003574413,0.26500645,70000.0,151467.38,149824.06,149824.06,0.019309817,10.343433,8.54015,8.54015
4.2492194,0.003556383,0.25228977,70000.0,151467.39,149824.05,149824.06,0.019309817,10.343369,8.540149,8.54015
4.2492194,0.003234011,0.2696039,70000.0,151467.33,149824.05,149824.05,0.019309817,10.343084,8.54015,8.540151
4.2492194,0.0042152693,0.28961644,70000.0,151467.36,149824.06,149824.05,0.019309817,10.343255,8.540149,8.54015
4.2492194,0.009969358,0.55283016,70000.0,151467.36,149824.03,149824.08,0.019309817,10.343137,8.540151,8.540151
4.2492194,0.0037824162,0.28803712,70000.0,151467.4,149824.06,149824.06,0.019309817,10.343641,8.54015,8.540149
4.2492194,0.003389877,0.273368,70000.0,151467.39,149824.06,149824.05,0.019309817,10.343216,8.54015,8.54015
4.2492194,0.0031679203,0.2754187,70000.0,151467.36,149824.06,149824.05,0.019309817,10.343262,8.540151,8.54015
4.2492194,0.0034332562,0.2631214,70000.0,151467.39,149824.06,149824.05,0.019309817,10.343457,8.54015,8.540149
4.2492194,0.0037772227,0.26698804,70000.0,151467.39,149824.03,149824.05,0.019309817,10.343458,8.540149,8.54015
4.2492194,0.0030869097,0.2399909,70000.0,151467.31,149824.06,149824.05,0.019309817,10.343001,8.54015,8.54015
4.2492194,0.0033592249,0.25446832,70000.0,151467.36,149824.06,149824.05,0.019309817,10.343165,8.540148,8.540149
4.2492194,0.0031661347,0.24627551,70000.0,151467.33,149824.06,149824.05,0.019309817,10.343321,8.54015,8.54015
4.2492194,0.0035922767,0.2776245,70000.0,151467.42,149824.06,149824.03,0.019309817,10.343626,8.54015,8.540151
4.2492194,0.0039034486,0.27924097,70000.0,151467.38,149824.05,149824.05,0.019309817,10.343419,8.54015,8.540149
4.2492194,0.0037683877,0.27288824,70000.0,151467.39,149824.03,149824.06,0.019309817,10.343289,8.540149,8.540149
4.2492194,0.0041921646,0.29593185,70000.0,151467.38,149824.05,149824.08,0.019309817,10.343163,8.540149,8.540149
4.2492194,0.004650148,0.3143691,70000.0,151467.36,149824.05,149824.05,0.019309817,10.343544,8.54015,8.54015
4.2492194,0.0049944418,0.32554638,70000.0,151467.39,149824.05,149824.05,0.019309817,10.343394,8.54015,8.54015
4.2492194,0.0040643797,0.27613944,70000.0,151467.39,149824.06,149824.06,0.019309817,10.3432865,8.54015,8.54015
4.2492194,0.0037992129,0.28534654,70000.0,151467.34,149824.03,149824.05,0.019309817,10.343614,8.54015,8.540149
4.2492194,0.0034679312,0.27333295,70000.0,151467.38,149824.06,149824.05,0.019309817,10.343514,8.54015,8.54015
4.2492194,0.0037765172,0.28768992,70000.0,151467.36,149824.03,149824.05,0.019309817,10.34367,8.54015,8.540149
4.2492194,0.003853179,0.2834777,70000.0,151467.34,149824.06,149824.06,0.019309817,10.34355,8.54015,8.54015
4.2492194,0.003875141,0.28684255,70000.0,151467.31,149824.05,149824.06,0.019309817,10.343049,8.54015,8.540151
4.2492194,0.003882575,0.2746654,70000.0,151467.45,149824.06,149824.05,0.019309817,10.343938,8.54015,8.54015
4.2492194,0.003645095,0.27704516,70000.0,151467.4,149824.06,149824.06,0.019309817,10.343285,8.54015,8.54015
4.2492194,0.0031434805,0.2592217,70000.0,151467.4,149824.05,149824.08,0.019309817,10.343366,8.540151,8.54015
4.2492194,0.0032499507,0.2596647,70000.0,151467.4,149824.06,149824.05,0.019309817,10.343399,8.54015,8.540151
4.2492194,0.0033992466,0.24960217,70000.0,151467.39,149824.06,149824.06,0.019309817,10.343851,8.54015,8.54015
4.2492194,0.0041234028,0.2767555,70000.0,151467.38,149824.05,149824.06,0.019309817,10.3433895,8.54015,8.54015
4.2492194,0.0037186693,0.27024356,70000.0,151467.42,149824.06,149824.03,0.019309817,10.34339,8.540151,8.54015
4.2492194,0.0032952104,0.2489825,70000.0,151467.38,149824.03,149824.06,0.019309817,10.34378,8.54015,8.540149
4.2492194,0.0029994417,0.25459167,70000.0,151467.42,149824.03,149824.05,0.019309817,10.343851,8.540149,8.54015
4.2492194,0.0029810574,0.25329575,70000.0,151467.36,149824.05,149824.08,0.019309817,10.343194,8.54015,8.540151
4.2492194,0.003614776,0.25248304,70000.0,151467.33,149824.03,149824.06,0.019309817,10.343108,8.540149,8.54015
4.2492194,0.0035102428,0.25614065,70000.0,151467.39,149824.06,149824.08,0.019309817,10.343448,8.54015,8.54015
4.2492194,0.0037261844,0.28486103,70000.0,151467.33,149824.05,149824.06,0.019309817,10.343363,8.54015,8.54015
4.2492194,0.0033299224,0.27085748,70000.0,151467.44,149824.06,149824.06,0.019309817,10.34362,8.54015,8.54015
4.2492194,0.003689692,0.27312028,70000.0,151467.39,149824.05,149824.05,0.019309817,10.343368,8.54015,8.54015
4.2492194,0.0034332569,0.26826054,70000.0,151467.38,149824.06,149824.03,0.019309817,10.343284,8.540149,8.54015
4.2492194,0.00411207,0.29140192,70000.0,151467.33,149824.06,149824.06,0.019309817,10.343251,8.54015,8.540151
4.2492194,0.0044629257,0.29824144,70000.0,151467.4,149824.05,149824.05,0.019309817,10.343389,8.54015,8.540149
4.2492194,0.0029753072,0.2619695,70000.0,151467.38,149824.05,149824.05,0.019309817,10.343532,8.54015,8.54015
4.2492194,0.0034992269,0.26692533,70000.0,151467.42,149824.05,149824.06,0.019309817,10.343425,8.54015,8.54015
4.2492194,0.0035737865,0.27527592,70000.0,151467.38,149824.06,149824.05,0.019309817,10.343269,8.540151,8.54015
4.2492194,0.0035722335,0.27699366,70000.0,151467.34,149824.05,149824.06,0.019309817,10.343316,8.54015,8.540149
4.2492194,0.0042440053,0.28961518,70000.0,151467.42,149824.03,149824.06,0.019309817,10.343335,8.540149,8.540152
4.2492194,0.0036931725,0.27530348,70000.0,151467.34,149824.05,149824.06,0.019309817,10.343428,8.54015,8.54015
4.2492194,0.003644352,0.2805158,70000.0,151467.36,149824.08,149824.06,0.019309817,10.343441,8.54015,8.54015
4.2492194,0.0036523284,0.2809116,70000.0,151467.38,149824.03,149824.05,0.019309817,10.343247,8.54015,8.540148
4.2492194,0.0036714089,0.26587287,70000.0,151467.4,149824.06,149824.08,0.019309817,10.343471,8.54015,8.54015
4.2492194,0.0035880152,0.2887206,70000.0,151467.4,149824.05,149824.06,0.019309817,10.343587,8.540151,8.54015
4.2492194,0.003922452,0.30407196,70000.0,151467.45,149824.05,149824.05,0.019309817,10.343703,8.540149,8.54015
4.2492194,0.004040744,0.27890885,70000.0,151467.38,149824.05,149824.03,0.019309817,10.343304,8.54015,8.540149
4.2492194,0.0037284906,0.26449952,70000.0,151467.36,149824.08,149824.06,0.019309817,10.343436,8.54015,8.54015
4.2492194,0.0034759752,0.27587062,70000.0,151467.36,149824.06,149824.06,0.019309817,10.343334,8.540151,8.540151
4.2492194,0.0034843234,0.27579603,70000.0,151467.38,149824.08,149824.06,0.019309817,10.343354,8.54015,8.540149
4.2492194,0.0035941496,0.28467304,70000.0,151467.31,149824.05,149824.08,0.019309817,10.343087,8.54015,8.540151
4.2492194,0.0037895297,0.27405143,70000.0,151467.42,149824.06,149824.05,0.019309817,10.343671,8.540151,8.54015
4.2492194,0.0034543234,0.27413455,70000.0,151467.39,149824.06,149824.05,0.019309817,10.343432,8.54015,8.540149
4.2492194,0.0031139492,0.27395403,70000.0,151467.39,149824.06,149824.05,0.019309817,10.343398,8.540151,8.540149
4.2492194,0.0034850303,0.28472996,70000.0,151467.42,149824.05,149824.06,0.019309817,10.343696,8.54015,8.540151
4.2492194,0.0036090955,0.27183968,70000.0,151467.39,149824.05,149824.03,0.019309817,10.343454,8.540149,8.540151
4.2492194,0.003547675,0.2613558,70000.0,151467.34,149824.05,149824.05,0.019309817,10.343342,8.54015,8.54015
4.2492194,0.004149003,0.32007158,70000.0,151467.36,149824.06,149824.05,0.019309817,10.343207,8.54015,8.540149
4.2492194,0.0038137645,0.2676882,70000.0,151467.36,149824.06,149824.05,0.019309817,10.343184,8.54015,8.54015
4.2492194,0.0036786902,0.27937382,70000.0,151467.39,149824.06,149824.08,0.019309817,10.343558,8.54015,8.540151
4.2492194,0.0031322218,0.2567625,70000.0,151467.31,149824.05,149824.06,0.019309817,10.343341,8.54015,8.54015
4.2492194,0.0037751286,0.2823553,70000.0,151467.38,149824.06,149824.06,0.019309817,10.343471,8.54015,8.540149
4.2492194,0.0036618712,0.2764965,70000.0,151467.38,149824.05,149824.08,0.019309817,10.343491,8.54015,8.54015
4.2492194,0.004348674,0.31922716,70000.0,151467.33,149824.06,149824.05,0.019309817,10.34313,8.54015,8.540151
4.2492194,0.004207564,0.2969639,70000.0,151467.36,149824.06,149824.05,0.019309817,10.343595,8.54015,8.540149
4.2492194,0.0038092076,0.28223458,70000.0,151467.31,149824.06,149824.05,0.019309817,10.343121,8.54015,8.54015
4.2492194,0.0039108563,0.2878359,70000.0,151467.39,149824.06,149824.06,0.019309817,10.3433075,8.540149,8.540151
4.2492194,0.003924205,0.29273957,70000.0,151467.36,149824.06,149824.08,0.019309817,10.3430195,8.54015,8.54015
4.2492194,0.0034650576,0.27680162,70000.0,151467.34,149824.06,149824.06,0.019309817,10.343063,8.540149,8.54015
4.2492194,0.003281499,0.27332214,70000.0,151467.42,149824.05,149824.05,0.019309817,10.34356,8.540149,8.540149
4.2492194,0.004022047,0.2874624,70000.0,151467.36,149824.05,149824.05,0.019309817,10.343386,8.54015,8.540151
4.2492194,0.0038902937,0.29102075,70000.0,151467.31,149824.05,149824.06,0.019309817,10.34336,8.540149,8.54015
4.2492194,0.003371466,0.28430632,70000.0,151467.31,149824.06,149824.05,0.019309817,10.343582,8.540151,8.54015
4.2492194,0.0038816158,0.302571,70000.0,151467.38,149824.05,149824.05,0.019309817,10.343644,8.540151,8.54015
4.2492194,0.0035836902,0.2763999,70000.0,151467.38,149824.06,149824.03,0.019309817,10.343261,8.540151,8.54015
4.2492194,0.0032631066,0.2759634,70000.0,151467.38,149824.05,149824.06,0.019309817,10.343629,8.54015,8.540151
4.2492194,0.0035790266,0.28892452,70000.0,151467.4,149824.03,149824.06,0.019309817,10.343691,8.54015,8.54015
4.2492194,0.0036632884,0.28272885,70000.0,151467.36,149824.06,149824.05,0.019309817,10.343302,8.54015,8.54015
4.2492194,0.0032142538,0.26432776,70000.0,151467.39,149824.05,149824.05,0.019309817,10.343236,8.540149,8.54015
4.2492194,0.0033347043,0.27526554,70000.0,151467.33,149824.06,149824.08,0.019309817,10.343658,8.54015,8.54015
4.2492194,0.0035664483,0.2775355,70000.0,151467.34,149824.06,149824.06,0.019309817,10.3436365,8.54015,8.540151
4.2492194,0.003522673,0.28091803,70000.0,151467.39,149824.05,149824.05,0.019309817,10.343714,8.54015,8.540149
4.2492194,0.0032577957,0.28309092,70000.0,151467.36,149824.05,149824.05,0.019309817,10.343365,8.540149,8.540151
4.2492194,0.0037067067,0.2835551,70000.0,151467.45,149824.03,149824.08,0.019309817,10.343725,8.54015,8.540151
4.2492194,0.0043017687,0.2918438,70000.0,151467.42,149824.05,149824.03,0.019309817,10.343568,8.540149,8.540149
4.2492194,0.004039358,0.2850182,70000.0,151467.36,149824.05,149824.03,0.019309817,10.343428,8.540149,8.54015
4.2492194,0.0038635766,0.2861094,70000.0,151467.45,149824.05,149824.08,0.019309817,10.343398,8.540149,8.54015
4.2492194,0.0041017123,0.30983937,70000.0,151467.42,149824.05,149824.06,0.019309817,10.343384,8.540149,8.54015
4.2492194,0.0036086966,0.28213254,70000.0,151467.33,149824.05,149824.05,0.019309817,10.342986,8.540149,8.540149
4.2492194,0.004116994,0.31876886,70000.0,151467.38,149824.06,149824.05,0.019309817,10.343437,8.54015,8.54015
4.2492194,0.00344757,0.2823095,70000.0,151467.33,149824.05,149824.05,0.019309817,10.343525,8.54015,8.540149
4.2492194,0.0035374116,0.27717865,70000.0,151467.38,149824.06,149824.06,0.019309817,10.343423,8.54015,8.54015
4.2492194,0.0038694455,0.28501406,70000.0,151467.36,149824.05,149824.05,0.019309817,10.343375,8.54015,8.540149
4.2492194,0.003358478,0.2551632,70000.0,151467.34,149824.05,149824.05,0.019309817,10.343511,8.54015,8.54015
4.2492194,0.003397335,0.26699153,70000.0,151467.42,149824.03,149824.05,0.019309817,10.343551,8.54015,8.540148
4.2492194,0.0032458452,0.25124463,70000.0,151467.4,149824.06,149824.06,0.019309817,10.343839,8.540149,8.540149
4.2492194,0.0035855474,0.28381687,70000.0,151467.36,149824.06,149824.08,0.019309817,10.343162,8.54015,8.54015
4.2492194,0.0044367546,0.31035054,70000.0,151467.4,149824.03,149824.06,0.019309817,10.343425,8.540149,8.540149
4.2492194,0.003481108,0.26618803,70000.0,151467.39,149824.05,149824.03,0.019309817,10.343796,8.540149,8.54015
4.2492194,0.0031666085,0.25184098,70000.0,151467.34,149824.05,149824.05,0.019309817,10.343285,8.540149,8.540149
4.2492194,0.0034716048,0.27211106,70000.0,151467.31,149824.05,149824.08,0.019309817,10.343091,8.540149,8.540152
4.2492194,0.0038300736,0.27249375,70000.0,151467.34,149824.05,149824.05,0.019309817,10.343575,8.54015,8.54015
4.2492194,0.0037362715,0.26467687,70000.0,151467.33,149824.05,149824.08,0.019309817,10.34321,8.540151,8.54015
4.2492194,0.003554807,0.282099,70000.0,151467.36,149824.05,149824.05,0.019309817,10.342984,8.540151,8.54015
4.2492194,0.0035919843,0.2794546,70000.0,151467.38,149824.08,149824.08,0.019309817,10.3433,8.540151,8.54015
4.2492194,0.0037528942,0.27882823,70000.0,151467.4,149824.06,149824.05,0.019309817,10.343609,8.54015,8.540149
4.2492194,0.003861415,0.28883535,70000.0,151467.38,149824.05,149824.08,0.019309817,10.343424,8.540149,8.540151
4.2492194,0.0031271998,0.25868103,70000.0,151467.36,149824.06,149824.05,0.019309817,10.34345,8.540151,8.54015
4.2492194,0.0036785784,0.26294312,70000.0,151467.36,149824.03,149824.08,0.019309817,10.3432255,8.540151,8.540151
4.2492194,0.0034162323,0.264852,70000.0,151467.34,149824.05,149824.05,0.019309817,10.34313,8.540148,8.54015
4.2492194,0.0035005487,0.26424083,70000.0,151467.36,149824.05,149824.06,0.019309817,10.343411,8.540149,8.540149
4.2492194,0.003465601,0.26762873,70000.0,151467.34,149824.06,149824.06,0.019309817,10.343132,8.540149,8.54015
4.2492194,0.0037166297,0.26220235,70000.0,151467.42,149824.05,149824.08,0.019309817,10.34368,8.540151,8.540151
4.2492194,0.0035309994,0.27714443,70000.0,151467.42,149824.05,149824.03,0.019309817,10.343541,8.540149,8.540149
4.2492194,0.0032340742,0.25478816,70000.0,151467.36,149824.05,149824.05,0.019309817,10.343478,8.54015,8.540149
4.2492194,0.0028265736,0.24182469,70000.0,151467.36,149824.08,149824.05,0.019309817,10.343304,8.540149,8.54015
4.2492194,0.0031712842,0.25704426,70000.0,151467.39,149824.05,149824.08,0.019309817,10.343492,8.540151,8.540151
4.2492194,0.0036066978,0.2566661,70000.0,151467.39,149824.06,149824.06,0.019309817,10.343904,8.540149,8.540151
4.2492194,0.0030284708,0.25751853,70000.0,151467.4,149824.06,149824.06,0.019309817,10.343399,8.54015,8.54015
4.2492194,0.0033443545,0.27346984,70000.0,151467.4,149824.06,149824.05,0.019309817,10.3434725,8.54015,8.540149
4.2492194,0.0034819834,0.26726043,70000.0,151467.4,149824.05,149824.06,0.019309817,10.343638,8.54015,8.54015
4.2492194,0.0034925817,0.2681912,70000.0,151467.44,149824.06,149824.06,0.019309817,10.343599,8.540149,8.54015
4.2492194,0.003089187,0.24436393,70000.0,151467.39,149824.06,149824.06,0.019309817,10.343345,8.54015,8.54015
4.2492194,0.0035337782,0.26733032,70000.0,151467.31,149824.05,149824.05,0.019309817,10.343429,8.540149,8.54015
4.2492194,0.0037929541,0.2908804,70000.0,151467.39,149824.05,149824.05,0.019309817,10.343547,8.54015,8.54015
4.2492194,0.0036636386,0.2715816,70000.0,151467.36,149824.08,149824.03,0.019309817,10.343288,8.54015,8.540149
4.2492194,0.00347599,0.2719308,70000.0,151467.4,149824.05,149824.05,0.019309817,10.343415,8.54015,8.54015
4.2492194,0.0037935919,0.28093845,70000.0,151467.4,149824.06,149824.03,0.019309817,10.343682,8.54015,8.54015
4.2492194,0.0036687371,0.2843714,70000.0,151467.39,149824.06,149824.05,0.019309817,10.342915,8.540149,8.54015
4.2492194,0.0033742215,0.26476333,70000.0,151467.31,149824.05,149824.06,0.019309817,10.3432,8.540149,8.54015
4.2492194,0.0036131227,0.2845284,70000.0,151467.39,149824.06,149824.06,0.019309817,10.34346,8.54015,8.540149
4.2492194,0.0037753582,0.28148007,70000.0,151467.33,149824.05,149824.03,0.019309817,10.343144,8.54015,8.54015
4.2492194,0.0037716846,0.2730903,70000.0,151467.33,149824.03,149824.05,0.019309817,10.343154,8.54015,8.540149
4.2492194,0.0035711844,0.25941584,70000.0,151467.34,149824.08,149824.06,0.019309817,10.343375,8.54015,8.540149
4.2492194,0.003803576,0.27453318,70000.0,151467.36,149824.06,149824.03,0.019309817,10.3435755,8.540149,8.540151
4.2492194,0.0040904507,0.31563246,70000.0,151467.42,149824.05,149824.06,0.019309817,10.343366,8.540151,8.540151
4.2492194,0.0033928351,0.26982352,70000.0,151467.33,149824.06,149824.05,0.019309817,10.343131,8.54015,8.540151
4.2492194,0.0035737737,0.27297458,70000.0,151467.45,149824.05,149824.06,0.019309817,10.343588,8.54015,8.54015
4.2492194,0.003996303,0.2890482,70000.0,151467.44,149824.03,149824.06,0.019309817,10.343525,8.54015,8.54015
4.2492194,0.0035040532,0.26541317,70000.0,151467.39,149824.03,149824.08,0.019309817,10.343333,8.54015,8.540149
4.2492194,0.0032949436,0.28271392,70000.0,151467.36,149824.06,149824.08,0.019309817,10.34339,8.54015,8.540151
4.2492194,0.0034592184,0.26421815,70000.0,151467.4,149824.06,149824.05,0.019309817,10.343662,8.540149,8.54015
4.2492194,0.0039959834,0.30562437,70000.0,151467.33,149824.06,149824.05,0.019309817,10.34322,8.540151,8.54015
4.2492194,0.0038809672,0.29370847,70000.0,151467.39,149824.05,149824.06,0.019309817,10.343242,8.54015,8.54015
4.2492194,0.0039726347,0.28120843,70000.0,151467.38,149824.05,149824.05,0.019309817,10.343102,8.54015,8.54015
4.2492194,0.003962188,0.285566,70000.0,151467.33,149824.05,149824.06,0.019309817,10.3427725,8.54015,8.54015
4.2492194,0.0034465403,0.25714606,70000.0,151467.33,149824.06,149824.06,0.019309817,10.342941,8.54015,8.54015
4.2492194,0.0036618654,0.27010736,70000.0,151467.4,149824.06,149824.06,0.019309817,10.343396,8.540149,8.54015
4.2492194,0.0034004017,0.28149837,70000.0,151467.36,149824.03,149824.06,0.019309817,10.3431635,8.54015,8.540151
4.2492194,0.003614043,0.27054223,70000.0,151467.39,149824.06,149824.05,0.019309817,10.3433,8.54015,8.54015
4.2492194,0.0033636368,0.2574841,70000.0,151467.36,149824.06,149824.03,0.019309817,10.343286,8.54015,8.54015
4.2492194,0.0036282968,0.2562735,70000.0,151467.39,149824.06,149824.08,0.019309817,10.343736,8.54015,8.54015
4.2492194,0.0032673983,0.24935183,70000.0,151467.42,149824.06,149824.05,0.019309817,10.343521,8.540151,8.54015
4.2492194,0.004171878,0.28601852,70000.0,151467.36,149824.06,149824.06,0.019309817,10.343203,8.54015,8.540149
4.2492194,0.004357784,0.29307818,70000.0,151467.38,149824.05,149824.05,0.019309817,10.343409,8.540149,8.540149
4.2492194,0.0036141055,0.29169363,70000.0,151467.48,149824.06,149824.05,0.019309817,10.343839,8.54015,8.540151
4.2492194,0.0040194932,0.29221416,70000.0,151467.36,149824.05,149824.05,0.019309817,10.3433895,8.54015,8.54015
4.2492194,0.0037848845,0.2867517,70000.0,151467.4,149824.05,149824.06,0.019309817,10.343229,8.540149,8.540151
4.2492194,0.00309664,0.24669778,70000.0,151467.38,149824.06,149824.05,0.019309817,10.343349,8.540149,8.54015
4.2492194,0.0034669144,0.26684323,70000.0,151467.39,149824.06,149824.06,0.019309817,10.343277,8.540149,8.54015
4.2492194,0.0038718428,0.26686782,70000.0,151467.4,149824.06,149824.06,0.019309817,10.343315,8.54015,8.54015
4.2492194,0.0031805625,0.24591745,70000.0,151467.38,149824.05,149824.05,0.019309817,10.343415,8.54015,8.540151
4.2492194,0.0034415848,0.2609641,70000.0,151467.4,149824.06,149824.08,0.019309817,10.343254,8.540148,8.54015
4.2492194,0.0039338996,0.27453786,70000.0,151467.38,149824.05,149824.06,0.019309817,10.343434,8.54015,8.54015
4.2492194,0.003787377,0.27721092,70000.0,151467.38,149824.08,149824.06,0.019309817,10.343566,8.54015,8.54015
4.2492194,0.0034944592,0.27020937,70000.0,151467.39,149824.03,149824.06,0.019309817,10.343564,8.54015,8.540149
4.2492194,0.0031443385,0.25863087,70000.0,151467.34,149824.05,149824.05,0.019309817,10.343117,8.54015,8.540151
4.2492194,0.0036539051,0.27312365,70000.0,151467.33,149824.06,149824.08,0.019309817,10.343475,8.540149,8.540148
4.2492194,0.003674002,0.27312192,70000.0,151467.36,149824.03,149824.05,0.019309817,10.343424,8.540149,8.54015
4.2492194,0.002970298,0.25323734,70000.0,151467.34,149824.06,149824.06,0.019309817,10.343366,8.540149,8.54015
4.2492194,0.0033644054,0.26926878,70000.0,151467.34,149824.05,149824.06,0.019309817,10.343415,8.54015,8.540149
4.2492194,0.0038350832,0.2729043,70000.0,151467.38,149824.06,149824.05,0.019309817,10.34376,8.54015,8.540151
4.2492194,0.0035677454,0.27985722,70000.0,151467.39,149824.06,149824.06,0.019309817,10.343453,8.54015,8.540149
4.2492194,0.0037786243,0.27443197,70000.0,151467.38,149824.06,149824.08,0.019309817,10.343693,8.54015,8.540151
4.2492194,0.0041676434,0.28950644,70000.0,151467.38,149824.05,149824.06,0.019309817,10.343534,8.54015,8.540149
4.2492194,0.0036193645,0.25835952,70000.0,151467.39,149824.06,149824.03,0.019309817,10.3434,8.54015,8.54015
4.2492194,0.0036047033,0.27289382,70000.0,151467.4,149824.03,149824.06,0.019309817,10.343611,8.540149,8.540151
4.2492194,0.0030023414,0.2520754,70000.0,151467.44,149824.06,149824.03,0.019309817,10.34366,8.54015,8.54015
4.2492194,0.0031523244,0.26175234,70000.0,151467.44,149824.05,149824.06,0.019309817,10.343711,8.54015,8.54015
4.2492194,0.0033923367,0.25838786,70000.0,151467.39,149824.06,149824.06,0.019309817,10.343433,8.54015,8.54015
4.2492194,0.004051146,0.26902166,70000.0,151467.42,149824.06,149824.06,0.019309817,10.343543,8.540151,8.540149
4.2492194,0.0040202383,0.27770042,70000.0,151467.4,149824.05,149824.06,0.019309817,10.343334,8.54015,8.54015
4.2492194,0.0038570436,0.26489356,70000.0,151467.4,149824.05,149824.05,0.019309817,10.343073,8.540151,8.540149
4.2492194,0.0032977005,0.24878879,70000.0,151467.38,149824.03,149824.06,0.019309817,10.343682,8.54015,8.540149
4.2492194,0.003475475,0.27758637,70000.0,151467.4,149824.05,149824.05,0.019309817,10.3438015,8.54015,8.540149
4.2492194,0.0031210012,0.26335377,70000.0,151467.34,149824.05,149824.06,0.019309817,10.343571,8.540149,8.54015
4.2492194,0.0037172406,0.26889443,70000.0,151467.44,149824.06,149824.05,0.019309817,10.343711,8.54015,8.540151
4.2492194,0.0038055917,0.26930678,70000.0,151467.4,149824.06,149824.05,0.019309817,10.34329,8.540149,8.540151
4.2492194,0.0032876192,0.25237828,70000.0,151467.38,149824.05,149824.05,0.019309817,10.3433075,8.54015,8.54015
4.2492194,0.0035345457,0.25861633,70000.0,151467.38,149824.06,149824.06,0.019309817,10.343263,8.54015,8.54015
4.2492194,0.0033494607,0.25847384,70000.0,151467.44,149824.06,149824.08,0.019309817,10.343402,8.54015,8.540151
4.2492194,0.0038407182,0.2565113,70000.0,151467.34,149824.05,149824.06,0.019309817,10.343442,8.54015,8.540149
4.2492194,0.003910126,0.27294493,70000.0,151467.45,149824.05,149824.05,0.019309817,10.343681,8.540149,8.54015
4.2492194,0.0035170456,0.2563153,70000.0,151467.36,149824.06,149824.03,0.019309817,10.3433485,8.54015,8.54015
4.2492194,0.00325252,0.25860843,70000.0,151467.42,149824.06,149824.08,0.019309817,10.343833,8.540149,8.54015
4.2492194,0.0032043804,0.25222406,70000.0,151467.42,149824.06,149824.05,0.019309817,10.343398,8.540151,8.540151
4.2492194,0.0033383789,0.24651884,70000.0,151467.36,149824.08,149824.05,0.019309817,10.343068,8.540151,8.540149
4.2492194,0.0033361875,0.2553518,70000.0,151467.4,149824.06,149824.05,0.019309817,10.343191,8.540151,8.54015
4.2492194,0.003078165,0.24437101,70000.0,151467.34,149824.03,149824.05,0.019309817,10.343508,8.54015,8.54015
4.2492194,0.0035007081,0.25090432,70000.0,151467.39,149824.03,149824.05,0.019309817,10.343681,8.54015,8.54015
4.2492194,0.0031754007,0.2585859,70000.0,151467.39,149824.08,149824.06,0.019309817,10.343404,8.54015,8.54015
4.2492194,0.0034593295,0.26903045,70000.0,151467.36,149824.05,149824.05,0.019309817,10.343535,8.54015,8.540149
4.2492194,0.0034695968,0.25828463,70000.0,151467.42,149824.06,149824.03,0.019309817,10.343779,8.54015,8.54015
4.2492194,0.0033391,0.25339428,70000.0,151467.38,149824.06,149824.05,0.019309817,10.343228,8.54015,8.54015
4.2492194,0.0035938309,0.27367505,70000.0,151467.44,149824.06,149824.05,0.019309817,10.343475,8.54015,8.540149
4.2492194,0.0032711246,0.26566505,70000.0,151467.4,149824.06,149824.05,0.019309817,10.343663,8.54015,8.54015
4.2492194,0.003609288,0.27860728,70000.0,151467.33,149824.03,149824.03,0.019309817,10.343333,8.54015,8.540149
4.2492194,0.003727856,0.27660465,70000.0,151467.36,149824.06,149824.05,0.019309817,10.34339,8.54015,8.540149
4.2492194,0.003751298,0.2646748,70000.0,151467.42,149824.06,149824.05,0.019309817,10.343222,8.540151,8.540149
4.2492194,0.0035909207,0.2627723,70000.0,151467.33,149824.05,149824.06,0.019309817,10.342871,8.54015,8.540149
4.2492194,0.0035628735,0.269764,70000.0,151467.33,149824.03,149824.05,0.019309817,10.343027,8.540151,8.540149
4.2492194,0.0033456874,0.26572973,70000.0,151467.33,149824.03,149824.06,0.019309817,10.343255,8.540151,8.540151
4.2492194,0.0031860974,0.26982054,70000.0,151467.38,149824.05,149824.08,0.019309817,10.343421,8.540149,8.54015
4.2492194,0.003621256,0.2756495,70000.0,151467.38,149824.05,149824.06,0.019309817,10.343504,8.540149,8.540149
4.2492194,0.0037949444,0.2683099,70000.0,151467.36,149824.08,149824.06,0.019309817,10.343288,8.54015,8.54015
4.2492194,0.0037695467,0.27340594,70000.0,151467.4,149824.06,149824.03,0.019309817,10.343544,8.54015,8.540149
4.2492194,0.0032418838,0.26525486,70000.0,151467.39,149824.06,149824.05,0.019309817,10.343501,8.54015,8.540151
4.2492194,0.0034068986,0.26952913,70000.0,151467.39,149824.06,149824.05,0.019309817,10.343428,8.54015,8.540149
4.2492194,0.0032703944,0.26640576,70000.0,151467.36,149824.05,149824.08,0.019309817,10.343273,8.540151,8.540149
4.2492194,0.0037808502,0.2753724,70000.0,151467.36,149824.08,149824.05,0.019309817,10.343469,8.54015,8.540149
4.2492194,0.0037692653,0.29456863,70000.0,151467.36,149824.06,149824.06,0.019309817,10.343551,8.54015,8.54015
4.2492194,0.003297095,0.26912466,70000.0,151467.42,149824.05,149824.05,0.019309817,10.343587,8.540151,8.54015
4.2492194,0.0035667722,0.2709707,70000.0,151467.36,149824.08,149824.05,0.019309817,10.343287,8.54015,8.54015
4.2492194,0.0036408217,0.29881465,70000.0,151467.38,149824.05,149824.05,0.019309817,10.343453,8.540151,8.54015
4.2492194,0.0031589456,0.26845887,70000.0,151467.38,149824.05,149824.05,0.019309817,10.34336,8.54015,8.540151
4.2492194,0.0028597228,0.26138625,70000.0,151467.36,149824.06,149824.05,0.019309817,10.343618,8.540151,8.54015
4.2492194,0.002809936,0.2500256,70000.0,151467.38,149824.05,149824.05,0.019309817,10.343562,8.54015,8.54015
4.2492194,0.003183001,0.27842095,70000.0,151467.38,149824.06,149824.05,0.019309817,10.343364,8.540148,8.540149
4.2492194,0.0036990447,0.2956579,70000.0,151467.33,149824.03,149824.05,0.019309817,10.343089,8.54015,8.540151
4.2492194,0.0036188008,0.28136373,70000.0,151467.39,149824.06,149824.08,0.019309817,10.343613,8.54015,8.54015
4.2492194,0.003393149,0.2809099,70000.0,151467.34,149824.06,149824.05,0.019309817,10.343444,8.540151,8.54015
4.2492194,0.0035476584,0.27792254,70000.0,151467.4,149824.08,149824.05,0.019309817,10.343332,8.54015,8.54015
4.2492194,0.0035581281,0.27411416,70000.0,151467.4,149824.06,149824.06,0.019309817,10.343625,8.54015,8.54015
4.2492194,0.00386131,0.27376097,70000.0,151467.38,149824.06,149824.08,0.019309817,10.343303,8.54015,8.540151
4.2492194,0.003614416,0.2797368,70000.0,151467.34,149824.05,149824.03,0.019309817,10.342939,8.540151,8.54015
4.2492194,0.002966871,0.269662,70000.0,151467.42,149824.08,149824.06,0.019309817,10.34335,8.540151,8.54015
4.2492194,0.0036784525,0.26462927,70000.0,151467.36,149824.03,149824.08,0.019309817,10.343527,8.540151,8.54015
4.2492194,0.0034734663,0.26663932,70000.0,151467.36,149824.05,149824.06,0.019309817,10.343361,8.54015,8.54015
4.2492194,0.0037080944,0.2670157,70000.0,151467.34,149824.03,149824.06,0.019309817,10.343437,8.540149,8.54015
4.2492194,0.0033498658,0.26697698,70000.0,151467.44,149824.06,149824.08,0.019309817,10.343503,8.540151,8.540149
4.2492194,0.0036929345,0.25165054,70000.0,151467.34,149824.05,149824.08,0.019309817,10.342933,8.54015,8.54015
4.2492194,0.0035402426,0.26424944,70000.0,151467.36,149824.06,149824.05,0.019309817,10.343209,8.54015,8.54015
4.2492194,0.003827236,0.27734497,70000.0,151467.38,149824.06,149824.06,0.019309817,10.343181,8.54015,8.540149
4.2492194,0.003546538,0.26421118,70000.0,151467.42,149824.06,149824.06,0.019309817,10.343577,8.540149,8.54015
4.2492194,0.0037263297,0.2756491,70000.0,151467.39,149824.06,149824.03,0.019309817,10.34349,8.54015,8.540149
4.2492194,0.002752338,0.2347988,70000.0,151467.33,149824.05,149824.05,0.019309817,10.343315,8.54015,8.540149
4.2492194,0.00346165,0.26571342,70000.0,151467.39,149824.06,149824.05,0.019309817,10.343344,8.540148,8.54015
4.2492194,0.002644966,0.2328307,70000.0,151467.34,149824.05,149824.06,0.019309817,10.343179,8.540149,8.540149
4.2492194,0.002894346,0.23434266,70000.0,151467.39,149824.06,149824.06,0.019309817,10.343323,8.540149,8.540149
4.2492194,0.0031452037,0.25428233,70000.0,151467.4,149824.06,149824.06,0.019309817,10.343379,8.540149,8.54015
4.2492194,0.0036001166,0.26952896,70000.0,151467.45,149824.05,149824.06,0.019309817,10.343634,8.540149,8.54015
4.2492194,0.0027666304,0.24343863,70000.0,151467.4,149824.05,149824.05,0.019309817,10.343774,8.54015,8.540151
4.2492194,0.0036697194,0.26823577,70000.0,151467.36,149824.06,149824.05,0.019309817,10.343357,8.540151,8.54015
4.2492194,0.0037455715,0.26188844,70000.0,151467.34,149824.08,149824.06,0.019309817,10.343299,8.540149,8.54015
4.2492194,0.0032247275,0.25452715,70000.0,151467.36,149824.05,149824.03,0.019309817,10.343286,8.54015,8.540151
4.2492194,0.0030570051,0.25920936,70000.0,151467.34,149824.06,149824.06,0.019309817,10.34322,8.54015,8.54015
4.2492194,0.003710368,0.2733117,70000.0,151467.34,149824.06,149824.05,0.019309817,10.343461,8.54015,8.54015
4.2492194,0.00361784,0.27246103,70000.0,151467.4,149824.06,149824.05,0.019309817,10.3437,8.54015,8.540149
4.2492194,0.0034793126,0.2624241,70000.0,151467.39,149824.06,149824.03,0.019309817,10.343477,8.54015,8.540149
4.2492194,0.003038174,0.23573326,70000.0,151467.42,149824.06,149824.05,0.019309817,10.343633,8.54015,8.540151
4.2492194,0.00360801,0.2509667,70000.0,151467.31,149824.05,149824.06,0.019309817,10.343202,8.540149,8.540149
4.2492194,0.0033905115,0.26620117,70000.0,151467.4,149824.08,149824.05,0.019309817,10.343479,8.540151,8.54015
4.2492194,0.003662741,0.27592212,70000.0,151467.42,149824.1,149824.06,0.019309817,10.343488,8.540151,8.54015
4.2492194,0.0034231008,0.25920442,70000.0,151467.38,149824.03,149824.06,0.019309817,10.343588,8.540151,8.540151
4.2492194,0.0039285016,0.2825761,70000.0,151467.36,149824.05,149824.05,0.019309817,10.343394,8.54015,8.54015
4.2492194,0.0037074054,0.29319155,70000.0,151467.38,149824.05,149824.05,0.019309817,10.343206,8.540149,8.54015
4.2492194,0.0034758816,0.26811323,70000.0,151467.36,149824.05,149824.06,0.019309817,10.343138,8.540151,8.54015
4.2492194,0.003764116,0.27278343,70000.0,151467.36,149824.05,149824.05,0.019309817,10.34315,8.54015,8.54015
4.2492194,0.0034809585,0.2636337,70000.0,151467.42,149824.05,149824.05,0.019309817,10.343502,8.540149,8.54015
4.2492194,0.0028274732,0.2335288,70000.0,151467.36,149824.05,149824.05,0.019309817,10.343292,8.540151,8.540151
4.2492194,0.0040703597,0.27599567,70000.0,151467.39,149824.06,149824.06,0.019309817,10.34332,8.54015,8.54015
4.2492194,0.0035463308,0.25747228,70000.0,151467.44,149824.05,149824.05,0.019309817,10.34387,8.54015,8.54015
4.2492194,0.0033074194,0.2673745,70000.0,151467.31,149824.08,149824.06,0.019309817,10.343276,8.540151,8.540149
4.2492194,0.004009756,0.280988,70000.0,151467.44,149824.05,149824.05,0.019309817,10.343322,8.540151,8.54015
4.2492194,0.003247334,0.26110423,70000.0,151467.36,149824.05,149824.08,0.019309817,10.343387,8.54015,8.540151
4.2492194,0.0035337445,0.2708272,70000.0,151467.39,149824.06,149824.06,0.019309817,10.343589,8.54015,8.540151
4.2492194,0.0036180099,0.27749464,70000.0,151467.34,149824.05,149824.06,0.019309817,10.343274,8.540149,8.54015
4.2492194,0.0033510767,0.25612885,70000.0,151467.39,149824.05,149824.03,0.019309817,10.343766,8.54015,8.54015
4.2492194,0.0033896544,0.25638363,70000.0,151467.39,149824.06,149824.06,0.019309817,10.343331,8.540148,8.540151
4.2492194,0.0033214292,0.25376076,70000.0,151467.38,149824.06,149824.06,0.019309817,10.34319,8.540149,8.54015
4.2492194,0.0034104707,0.25314003,70000.0,151467.38,149824.05,149824.05,0.019309817,10.343338,8.54015,8.540149
4.2492194,0.0035750673,0.26188806,70000.0,151467.33,149824.06,149824.05,0.019309817,10.343335,8.540151,8.54015
4.2492194,0.003515943,0.26359075,70000.0,151467.36,149824.06,149824.05,0.019309817,10.343206,8.540151,8.54015
4.2492194,0.0033637602,0.2616519,70000.0,151467.39,149824.05,149824.05,0.019309817,10.34356,8.540151,8.540148
4.2492194,0.003230059,0.2586729,70000.0,151467.38,149824.05,149824.06,0.019309817,10.343359,8.540149,8.540149
4.2492194,0.003584397,0.26461586,70000.0,151467.38,149824.05,149824.03,0.019309817,10.343464,8.54015,8.540149
4.2492194,0.003602541,0.25630423,70000.0,151467.36,149824.05,149824.05,0.019309817,10.343332,8.54015,8.54015
4.2492194,0.0034668432,0.2557202,70000.0,151467.38,149824.06,149824.06,0.019309817,10.343356,8.54015,8.54015
4.2492194,0.0034252717,0.25737226,70000.0,151467.34,149824.03,149824.05,0.019309817,10.343149,8.54015,8.540151
4.2492194,0.0034924773,0.26369643,70000.0,151467.36,149824.06,149824.06,0.019309817,10.343291,8.540149,8.54015
4.2492194,0.0032993224,0.25301793,70000.0,151467.36,149824.05,149824.06,0.019309817,10.343227,8.540149,8.54015
4.2492194,0.0037890167,0.27973694,70000.0,151467.36,149824.06,149824.06,0.019309817,10.343271,8.54015,8.540149
4.2492194,0.003198605,0.2513179,70000.0,151467.45,149824.06,149824.06,0.019309817,10.343789,8.54015,8.540151
4.2492194,0.00374116,0.26466727,70000.0,151467.38,149824.05,149824.05,0.019309817,10.343386,8.540151,8.54015
4.2492194,0.0032494063,0.2532692,70000.0,151467.39,149824.05,149824.06,0.019309817,10.343378,8.54015,8.540151
4.2492194,0.003580398,0.26742005,70000.0,151467.28,149824.06,149824.05,0.019309817,10.343125,8.540151,8.540149
4.2492194,0.0031531341,0.25591946,70000.0,151467.34,149824.06,149824.05,0.019309817,10.343609,8.540149,8.540149
4.2492194,0.003360818,0.2564198,70000.0,151467.38,149824.06,149824.06,0.019309817,10.343345,8.54015,8.540151
4.2492194,0.0033994915,0.26116863,70000.0,151467.39,149824.02,149824.03,0.019309817,10.3432865,8.54015,8.54015
4.2492194,0.0032120855,0.25522077,70000.0,151467.42,149824.06,149824.06,0.019309817,10.343542,8.540149,8.540151
4.2492194,0.0035088833,0.26521355,70000.0,151467.42,149824.05,149824.06,0.019309817,10.343442,8.54015,8.54015
4.2492194,0.0035908078,0.25684372,70000.0,151467.36,149824.06,149824.08,0.019309817,10.343383,8.54015,8.54015
4.2492194,0.0036957539,0.2725606,70000.0,151467.36,149824.05,149824.06,0.019309817,10.343124,8.54015,8.540149
4.2492194,0.0036017243,0.2635016,70000.0,151467.48,149824.06,149824.06,0.019309817,10.343516,8.54015,8.54015
4.2492194,0.0037127074,0.27849808,70000.0,151467.31,149824.06,149824.08,0.019309817,10.343333,8.540149,8.540151
4.2492194,0.0034090884,0.2726821,70000.0,151467.42,149824.05,149824.05,0.019309817,10.343426,8.54015,8.540149
4.2492194,0.0040427195,0.2791617,70000.0,151467.36,149824.06,149824.05,0.019309817,10.3431225,8.54015,8.540149
4.2492194,0.0036332023,0.26415274,70000.0,151467.34,149824.05,149824.05,0.019309817,10.343128,8.54015,8.540149
4.2492194,0.0039729704,0.28354153,70000.0,151467.42,149824.05,149824.06,0.019309817,10.34357,8.540149,8.54015
4.2492194,0.0037537694,0.27270275,70000.0,151467.4,149824.05,149824.06,0.019309817,10.343467,8.54015,8.540151
4.2492194,0.00378087,0.28531098,70000.0,151467.34,149824.05,149824.06,0.019309817,10.343276,8.54015,8.54015
4.2492194,0.0037704092,0.27772376,70000.0,151467.36,149824.05,149824.05,0.019309817,10.343879,8.54015,8.54015
4.2492194,0.0038180125,0.28224045,70000.0,151467.4,149824.05,149824.06,0.019309817,10.343786,8.54015,8.540149
4.2492194,0.0035609277,0.25691327,70000.0,151467.36,149824.05,149824.06,0.019309817,10.343418,8.54015,8.54015
4.2492194,0.0037185566,0.27650052,70000.0,151467.39,149824.06,149824.08,0.019309817,10.343675,8.54015,8.540149
4.2492194,0.0027582464,0.23750718,70000.0,151467.38,149824.05,149824.05,0.019309817,10.343191,8.540151,8.540149
4.2492194,0.0030940413,0.2512513,70000.0,151467.38,149824.05,149824.06,0.019309817,10.343392,8.540149,8.540149
4.2492194,0.002770293,0.23409672,70000.0,151467.34,149824.05,149824.06,0.019309817,10.343291,8.54015,8.540149
4.2492194,0.0030189226,0.24499305,70000.0,151467.38,149824.03,149824.06,0.019309817,10.343292,8.540148,8.54015
4.2492194,0.003249278,0.25401628,70000.0,151467.38,149824.06,149824.05,0.019309817,10.343441,8.540149,8.54015
4.2492194,0.0031777823,0.2425148,70000.0,151467.36,149824.06,149824.03,0.019309817,10.343253,8.54015,8.54015
4.2492194,0.0036520688,0.26414868,70000.0,151467.4,149824.06,149824.06,0.019309817,10.343476,8.540149,8.54015
4.2492194,0.0035077382,0.26063427,70000.0,151467.34,149824.03,149824.06,0.019309817,10.343425,8.54015,8.540151
4.2492194,0.0032954644,0.25375065,70000.0,151467.42,149824.05,149824.05,0.019309817,10.343583,8.54015,8.54015
4.2492194,0.0029855687,0.24026126,70000.0,151467.39,149824.05,149824.05,0.019309817,10.3437805,8.54015,8.540149
4.2492194,0.0036696452,0.25915077,70000.0,151467.33,149824.05,149824.05,0.019309817,10.34327,8.540149,8.54015
4.2492194,0.003795427,0.25835013,70000.0,151467.36,149824.06,149824.08,0.019309817,10.343462,8.540149,8.54015
4.2492194,0.0035141844,0.25134885,70000.0,151467.45,149824.05,149824.05,0.019309817,10.3436575,8.54015,8.54015
4.2492194,0.0031398423,0.2553399,70000.0,151467.38,149824.05,149824.05,0.019309817,10.34353,8.540149,8.54015
4.2492194,0.0035621845,0.2606685,70000.0,151467.4,149824.06,149824.05,0.019309817,10.343188,8.54015,8.54015
4.2492194,0.003675815,0.2671301,70000.0,151467.4,149824.05,149824.06,0.019309817,10.343566,8.54015,8.54015
4.2492194,0.0030339314,0.263455,70000.0,151467.38,149824.05,149824.05,0.019309817,10.343225,8.54015,8.540149
4.2492194,0.0038001284,0.2957079,70000.0,151467.34,149824.05,149824.03,0.019309817,10.34341,8.54015,8.540149
4.2492194,0.0031542492,0.27085862,70000.0,151467.42,149824.06,149824.05,0.019309817,10.343553,8.540149,8.54015
4.2492194,0.0041119372,0.27784103,70000.0,151467.4,149824.06,149824.05,0.019309817,10.343479,8.54015,8.54015
4.2492194,0.0035684395,0.26271167,70000.0,151467.44,149824.06,149824.05,0.019309817,10.343662,8.54015,8.54015
4.2492194,0.0033056494,0.24666286,70000.0,151467.31,149824.08,149824.05,0.019309817,10.3430395,8.54015,8.54015
4.2492194,0.003812039,0.27216807,70000.0,151467.38,149824.05,149824.06,0.019309817,10.343154,8.540149,8.540149
4.2492194,0.003359916,0.2629654,70000.0,151467.39,149824.08,149824.06,0.019309817,10.343223,8.54015,8.54015
4.2492194,0.0038120765,0.27602357,70000.0,151467.42,149824.05,149824.08,0.019309817,10.343363,8.540149,8.54015
4.2492194,0.0035535416,0.25985998,70000.0,151467.4,149824.05,149824.06,0.019309817,10.343486,8.54015,8.54015
4.2492194,0.0038289889,0.27214286,70000.0,151467.36,149824.05,149824.06,0.019309817,10.343439,8.54015,8.54015
4.2492194,0.004077859,0.28930935,70000.0,151467.31,149824.03,149824.06,0.019309817,10.34322,8.54015,8.54015
4.2492194,0.004132145,0.28834832,70000.0,151467.39,149824.05,149824.06,0.019309817,10.343634,8.54015,8.540149
4.2492194,0.0034386227,0.26632723,70000.0,151467.36,149824.05,149824.08,0.019309817,10.343368,8.54015,8.54015
4.2492194,0.0031989166,0.25303292,70000.0,151467.36,149824.1,149824.06,0.019309817,10.343424,8.540151,8.54015
4.2492194,0.003487012,0.26498526,70000.0,151467.44,149824.06,149824.08,0.019309817,10.343629,8.54015,8.54015
4.2492194,0.004034557,0.28783372,70000.0,151467.39,149824.03,149824.05,0.019309817,10.343594,8.54015,8.54015
4.2492194,0.0033170441,0.2574023,70000.0,151467.36,149824.05,149824.06,0.019309817,10.343616,8.54015,8.54015
4.2492194,0.0035863654,0.26829043,70000.0,151467.4,149824.06,149824.06,0.019309817,10.343479,8.54015,8.54015
4.2492194,0.003678645,0.27981,70000.0,151467.39,149824.05,149824.1,0.019309817,10.343264,8.54015,8.540151
4.2492194,0.0037160525,0.27457562,70000.0,151467.3,149824.06,149824.06,0.019309817,10.342958,8.540151,8.54015
4.2492194,0.0036350475,0.271519,70000.0,151467.34,149824.06,149824.05,0.019309817,10.343165,8.54015,8.54015
4.2492194,0.0036370908,0.28171995,70000.0,151467.38,149824.05,149824.06,0.019309817,10.343283,8.54015,8.540149
4.2492194,0.0035737476,0.2601167,70000.0,151467.39,149824.05,149824.06,0.019309817,10.343443,8.54015,8.54015
4.2492194,0.0033359088,0.2598994,70000.0,151467.38,149824.05,149824.05,0.019309817,10.343332,8.54015,8.540148
4.2492194,0.0029070792,0.24837199,70000.0,151467.39,149824.05,149824.05,0.019309817,10.3431835,8.54015,8.54015
4.2492194,0.0029906393,0.24087295,70000.0,151467.38,149824.06,149824.05,0.019309817,10.343195,8.54015,8.54015
4.2492194,0.0038398132,0.26621765,70000.0,151467.38,149824.05,149824.05,0.019309817,10.343255,8.54015,8.54015
4.2492194,0.0039006933,0.2772316,70000.0,151467.39,149824.05,149824.05,0.019309817,10.343675,8.54015,8.540151
4.2492194,0.0038221753,0.2707648,70000.0,151467.34,149824.08,149824.05,0.019309817,10.343683,8.540151,8.54015
4.2492194,0.0038750053,0.27442244,70000.0,151467.34,149824.05,149824.05,0.019309817,10.343429,8.540151,8.540149
4.2492194,0.0036157377,0.26806667,70000.0,151467.4,149824.08,149824.05,0.019309817,10.343463,8.54015,8.54015
4.2492194,0.0029744944,0.25047785,70000.0,151467.39,149824.06,149824.05,0.019309817,10.34334,8.54015,8.540151
4.2492194,0.0031022374,0.2571824,70000.0,151467.38,149824.06,149824.05,0.019309817,10.343558,8.540149,8.54015
4.2492194,0.0027215497,0.24038716,70000.0,151467.33,149824.06,149824.06,0.019309817,10.343267,8.54015,8.54015
4.2492194,0.0031409021,0.24994144,70000.0,151467.39,149824.06,149824.05,0.019309817,10.343772,8.54015,8.540151
4.2492194,0.0031201625,0.27017912,70000.0,151467.42,149824.06,149824.06,0.019309817,10.343491,8.54015,8.540149
4.2492194,0.0033844972,0.27824196,70000.0,151467.28,149824.05,149824.03,0.019309817,10.343261,8.54015,8.54015
4.2492194,0.0030178106,0.24373165,70000.0,151467.38,149824.06,149824.06,0.019309817,10.343247,8.54015,8.54015
4.2492194,0.0032396961,0.253501,70000.0,151467.44,149824.06,149824.06,0.019309817,10.343711,8.540149,8.540149
4.2492194,0.0037036259,0.26306424,70000.0,151467.3,149824.08,149824.05,0.019309817,10.34321,8.540149,8.54015
4.2492194,0.0036938218,0.26309514,70000.0,151467.31,149824.05,149824.06,0.019309817,10.343054,8.540151,8.540151
4.2492194,0.0037404064,0.27777514,70000.0,151467.36,149824.06,149824.06,0.019309817,10.343526,8.540151,8.540151
4.2492194,0.003996906,0.27790457,70000.0,151467.4,149824.05,149824.08,0.019309817,10.343247,8.540149,8.540149
4.2492194,0.0030950771,0.250916,70000.0,151467.39,149824.05,149824.06,0.019309817,10.343575,8.54015,8.540149
4.2492194,0.0035463003,0.2650015,70000.0,151467.38,149824.06,149824.06,0.019309817,10.343299,8.540149,8.540149
4.2492194,0.0030720464,0.25769347,70000.0,151467.38,149824.06,149824.05,0.019309817,10.343319,8.54015,8.540149
4.2492194,0.00404118,0.27664506,70000.0,151467.4,149824.08,149824.05,0.019309817,10.343617,8.540151,8.540151
4.2492194,0.0034105838,0.2779318,70000.0,151467.34,149824.03,149824.06,0.019309817,10.343027,8.54015,8.540151
4.2492194,0.0030841972,0.2559495,70000.0,151467.38,149824.05,149824.05,0.019309817,10.343477,8.540149,8.54015
4.2492194,0.003266166,0.25982916,70000.0,151467.42,149824.06,149824.06,0.019309817,10.343355,8.54015,8.54015
4.2492194,0.0035137106,0.261211,70000.0,151467.39,149824.06,149824.06,0.019309817,10.34321,8.54015,8.54015
4.2492194,0.0038398097,0.28394324,70000.0,151467.39,149824.06,149824.05,0.019309817,10.34316,8.54015,8.540151
4.2492194,0.0039794547,0.28119847,70000.0,151467.36,149824.06,149824.05,0.019309817,10.343218,8.540151,8.540151
4.2492194,0.0034944392,0.28752553,70000.0,151467.39,149824.05,149824.06,0.019309817,10.3436775,8.540151,8.54015
4.2492194,0.0038278885,0.2944377,70000.0,151467.36,149824.06,149824.06,0.019309817,10.343672,8.54015,8.540149
4.2492194,0.0039100773,0.30861717,70000.0,151467.44,149824.05,149824.06,0.019309817,10.343471,8.540149,8.54015
4.2492194,0.0039188326,0.2942724,70000.0,151467.31,149824.05,149824.05,0.019309817,10.343269,8.540149,8.54015
4.2492194,0.0035440298,0.2740956,70000.0,151467.38,149824.03,149824.06,0.019309817,10.343266,8.54015,8.540151
4.2492194,0.0040998566,0.29264754,70000.0,151467.38,149824.05,149824.06,0.019309817,10.34337,8.54015,8.54015
4.2492194,0.003753949,0.2767513,70000.0,151467.4,149824.06,149824.05,0.019309817,10.343819,8.54015,8.54015
4.2492194,0.0036040882,0.27172536,70000.0,151467.36,149824.05,149824.06,0.019309817,10.343565,8.54015,8.540149
4.2492194,0.003783015,0.27190107,70000.0,151467.42,149824.05,149824.05,0.019309817,10.343617,8.540151,8.54015
4.2492194,0.0038915845,0.28627893,70000.0,151467.42,149824.05,149824.05,0.019309817,10.343622,8.54015,8.54015
4.2492194,0.0037216458,0.26902777,70000.0,151467.39,149824.06,149824.06,0.019309817,10.343488,8.54015,8.54015
4.2492194,0.0035869058,0.2747179,70000.0,151467.31,149824.06,149824.06,0.019309817,10.343079,8.54015,8.54015
4.2492194,0.003740877,0.28370687,70000.0,151467.34,149824.06,149824.05,0.019309817,10.343345,8.54015,8.540149
4.2492194,0.004168271,0.2891544,70000.0,151467.39,149824.06,149824.03,0.019309817,10.343459,8.54015,8.540149
4.2492194,0.0039636763,0.2864944,70000.0,151467.38,149824.06,149824.06,0.019309817,10.343772,8.540151,8.540149
4.2492194,0.0040376494,0.29282415,70000.0,151467.34,149824.05,149824.08,0.019309817,10.343306,8.54015,8.540151
4.2492194,0.0038326152,0.28591314,70000.0,151467.45,149824.05,149824.06,0.019309817,10.343761,8.54015,8.54015
4.2492194,0.003463178,0.28145704,70000.0,151467.34,149824.03,149824.06,0.019309817,10.3431835,8.54015,8.540151
4.2492194,0.0035080286,0.27764875,70000.0,151467.4,149824.08,149824.06,0.019309817,10.343199,8.540151,8.54015
4.2492194,0.0040265685,0.29027727,70000.0,151467.39,149824.05,149824.08,0.019309817,10.343452,8.540151,8.54015
4.2492194,0.0036770143,0.2752926,70000.0,151467.38,149824.05,149824.06,0.019309817,10.343603,8.54015,8.54015
4.2492194,0.0036237922,0.2973549,70000.0,151467.44,149824.06,149824.03,0.019309817,10.343841,8.54015,8.54015
4.2492194,0.0036685502,0.28763324,70000.0,151467.36,149824.05,149824.05,0.019309817,10.343634,8.54015,8.540149
4.2492194,0.004003011,0.2906525,70000.0,151467.38,149824.03,149824.05,0.019309817,10.343339,8.54015,8.54015
4.2492194,0.003980245,0.2886331,70000.0,151467.38,149824.06,149824.05,0.019309817,10.343274,8.54015,8.54015
4.2492194,0.0034501404,0.27026415,70000.0,151467.4,149824.06,149824.06,0.019309817,10.343491,8.54015,8.54015
4.2492194,0.0034462416,0.2687336,70000.0,151467.36,149824.05,149824.05,0.019309817,10.34334,8.54015,8.54015
4.2492194,0.0039167325,0.28672394,70000.0,151467.42,149824.06,149824.06,0.019309817,10.343538,8.54015,8.54015
4.2492194,0.004130308,0.2917162,70000.0,151467.4,149824.05,149824.05,0.019309817,10.343238,8.54015,8.540149
4.2492194,0.0033395146,0.27068025,70000.0,151467.36,149824.08,149824.03,0.019309817,10.343224,8.54015,8.540149
4.2492194,0.0036609643,0.27086937,70000.0,151467.34,149824.05,149824.06,0.019309817,10.343065,8.540149,8.54015
4.2492194,0.0030256354,0.26714805,70000.0,151467.38,149824.06,149824.06,0.019309817,10.343473,8.54015,8.54015
4.2492194,0.003835915,0.27500868,70000.0,151467.34,149824.05,149824.06,0.019309817,10.342988,8.54015,8.54015
4.2492194,0.0035624297,0.2967618,70000.0,151467.39,149824.06,149824.05,0.019309817,10.343197,8.540149,8.540151
4.2492194,0.0032389457,0.26935956,70000.0,151467.34,149824.05,149824.08,0.019309817,10.343485,8.54015,8.540151
4.2492194,0.0035868976,0.2827944,70000.0,151467.36,149824.06,149824.06,0.019309817,10.343335,8.540151,8.54015
4.2492194,0.0032773328,0.27189487,70000.0,151467.4,149824.05,149824.05,0.019309817,10.343564,8.540149,8.540149
4.2492194,0.0040662675,0.2783249,70000.0,151467.36,149824.08,149824.06,0.019309817,10.343104,8.54015,8.54015
4.2492194,0.003497504,0.2673555,70000.0,151467.39,149824.05,149824.05,0.019309817,10.343401,8.540149,8.540151
4.2492194,0.003372661,0.2668385,70000.0,151467.42,149824.06,149824.08,0.019309817,10.343706,8.54015,8.540151
4.2492194,0.0034245355,0.28061277,70000.0,151467.31,149824.06,149824.06,0.019309817,10.3430805,8.540149,8.540149
4.2492194,0.0038411508,0.271621,70000.0,151467.44,149824.03,149824.05,0.019309817,10.343915,8.54015,8.540149
4.2492194,0.0032490126,0.2633224,70000.0,151467.36,149824.05,149824.08,0.019309817,10.343588,8.54015,8.540151
4.2492194,0.004074409,0.28319016,70000.0,151467.36,149824.1,149824.06,0.019309817,10.34307,8.54015,8.54015
4.2492194,0.0034687005,0.2650921,70000.0,151467.38,149824.03,149824.06,0.019309817,10.343524,8.54015,8.540151
4.2492194,0.0035873328,0.26820776,70000.0,151467.38,149824.05,149824.08,0.019309817,10.343502,8.540148,8.540149
4.2492194,0.003394889,0.2664278,70000.0,151467.38,149824.05,149824.06,0.019309817,10.3433895,8.540149,8.540149
4.2492194,0.0037434555,0.2728629,70000.0,151467.38,149824.06,149824.06,0.019309817,10.343567,8.54015,8.540149
4.2492194,0.0036069916,0.2662919,70000.0,151467.38,149824.05,149824.02,0.019309817,10.343455,8.540151,8.540149
4.2492194,0.0042218794,0.28675136,70000.0,151467.38,149824.06,149824.06,0.019309817,10.343552,8.540151,8.540149
4.2492194,0.004123195,0.27727434,70000.0,151467.36,149824.06,149824.05,0.019309817,10.343554,8.54015,8.54015
4.2492194,0.0040229466,0.2890638,70000.0,151467.39,149824.05,149824.06,0.019309817,10.343624,8.540151,8.54015
4.2492194,0.0036416168,0.267754,70000.0,151467.38,149824.06,149824.05,0.019309817,10.343602,8.54015,8.54015
4.2492194,0.003599621,0.2731468,70000.0,151467.33,149824.06,149824.06,0.019309817,10.343402,8.540149,8.540151
4.2492194,0.0034546684,0.25153393,70000.0,151467.39,149824.05,149824.05,0.019309817,10.343297,8.54015,8.540151
4.2492194,0.004061782,0.28252026,70000.0,151467.39,149824.05,149824.03,0.019309817,10.343342,8.540149,8.54015
4.2492194,0.0031229495,0.2586967,70000.0,151467.38,149824.05,149824.05,0.019309817,10.343378,8.540151,8.54015
4.2492194,0.003198985,0.26642323,70000.0,151467.39,149824.08,149824.06,0.019309817,10.343467,8.54015,8.540151
4.2492194,0.0035597065,0.28210706,70000.0,151467.4,149824.06,149824.05,0.019309817,10.343497,8.54015,8.540149
4.2492194,0.0032529775,0.27774018,70000.0,151467.38,149824.05,149824.06,0.019309817,10.343649,8.540151,8.540152
4.2492194,0.0033071893,0.2789895,70000.0,151467.39,149824.03,149824.05,0.019309817,10.343302,8.540149,8.540149
4.2492194,0.0039247004,0.2971589,70000.0,151467.36,149824.05,149824.05,0.019309817,10.343611,8.540149,8.540149
4.2492194,0.0036358112,0.2856169,70000.0,151467.4,149824.05,149824.06,0.019309817,10.343415,8.54015,8.54015
4.2492194,0.004401626,0.29081208,70000.0,151467.39,149824.05,149824.06,0.019309817,10.343359,8.540151,8.540149
4.2492194,0.004180162,0.28307712,70000.0,151467.34,149824.08,149824.05,0.019309817,10.343211,8.54015,8.540149
4.2492194,0.004028089,0.28692833,70000.0,151467.38,149824.08,149824.05,0.019309817,10.343182,8.54015,8.540149
4.2492194,0.0036946444,0.2731691,70000.0,151467.36,149824.06,149824.05,0.019309817,10.343304,8.540151,8.540149
4.2492194,0.003248076,0.27399668,70000.0,151467.36,149824.05,149824.05,0.019309817,10.343315,8.540149,8.54015
4.2492194,0.004274125,0.29469782,70000.0,151467.44,149824.05,149824.06,0.019309817,10.343471,8.540149,8.540151
4.2492194,0.004231745,0.30300832,70000.0,151467.36,149824.08,149824.05,0.019309817,10.343181,8.540151,8.540149
4.2492194,0.003997368,0.28598386,70000.0,151467.39,149824.05,149824.06,0.019309817,10.34357,8.540148,8.54015
4.2492194,0.0041799485,0.2991636,70000.0,151467.36,149824.08,149824.05,0.019309817,10.343458,8.54015,8.540151
4.2492194,0.0038108411,0.28382495,70000.0,151467.39,149824.06,149824.06,0.019309817,10.343427,8.54015,8.54015
4.2492194,0.003942478,0.28611532,70000.0,151467.39,149824.06,149824.05,0.019309817,10.343491,8.540149,8.540149
4.2492194,0.0036449928,0.28807017,70000.0,151467.36,149824.06,149824.03,0.019309817,10.343354,8.54015,8.54015
4.2492194,0.0036851936,0.2800611,70000.0,151467.34,149824.05,149824.05,0.019309817,10.343133,8.54015,8.54015
4.2492194,0.003939035,0.29038814,70000.0,151467.31,149824.06,149824.05,0.019309817,10.342964,8.54015,8.54015
4.2492194,0.0035625235,0.27685764,70000.0,151467.36,149824.06,149824.08,0.019309817,10.343221,8.54015,8.54015
4.2492194,0.0035177919,0.27965465,70000.0,151467.34,149824.06,149824.06,0.019309817,10.343197,8.540149,8.54015
4.2492194,0.0035029666,0.28744248,70000.0,151467.33,149824.05,149824.05,0.019309817,10.343219,8.54015,8.54015
4.2492194,0.0038427585,0.305581,70000.0,151467.33,149824.05,149824.06,0.019309817,10.342984,8.54015,8.540149
4.2492194,0.0038061214,0.2786299,70000.0,151467.34,149824.05,149824.08,0.019309817,10.34321,8.54015,8.540152
4.2492194,0.0039123083,0.2929958,70000.0,151467.39,149824.06,149824.05,0.019309817,10.343642,8.54015,8.54015
4.2492194,0.0026926352,0.24503404,70000.0,151467.36,149824.06,149824.05,0.019309817,10.343166,8.54015,8.54015
4.2492194,0.003631786,0.28423506,70000.0,151467.4,149824.05,149824.06,0.019309817,10.343354,8.540149,8.54015
4.2492194,0.004178251,0.29848307,70000.0,151467.34,149824.05,149824.06,0.019309817,10.343042,8.540149,8.54015
4.2492194,0.0037596982,0.2944925,70000.0,151467.44,149824.05,149824.06,0.019309817,10.343571,8.54015,8.54015
4.2492194,0.003550545,0.29481947,70000.0,151467.33,149824.06,149824.08,0.019309817,10.34336,8.540149,8.540151
4.2492194,0.004112662,0.3078701,70000.0,151467.38,149824.06,149824.05,0.019309817,10.343165,8.540149,8.54015
4.2492194,0.003480864,0.28758997,70000.0,151467.36,149824.05,149824.06,0.019309817,10.343287,8.54015,8.54015
4.2492194,0.004018654,0.31358686,70000.0,151467.34,149824.03,149824.06,0.019309817,10.343353,8.54015,8.54015
4.2492194,0.0037535145,0.3220386,70000.0,151467.36,149824.05,149824.05,0.019309817,10.343026,8.54015,8.54015
4.2492194,0.0039732647,0.31684756,70000.0,151467.36,149824.06,149824.06,0.019309817,10.343121,8.54015,8.54015
4.2492194,0.004160422,0.30754048,70000.0,151467.39,149824.06,149824.05,0.019309817,10.343335,8.540151,8.540149
4.2492194,0.0038952061,0.296355,70000.0,151467.34,149824.05,149824.05,0.019309817,10.343599,8.54015,8.54015
4.2492194,0.0045121536,0.31283844,70000.0,151467.33,149824.05,149824.05,0.019309817,10.343134,8.54015,8.540149
4.2492194,0.004294369,0.3186621,70000.0,151467.33,149824.06,149824.06,0.019309817,10.343349,8.54015,8.54015
4.2492194,0.003100509,0.27110088,70000.0,151467.39,149824.06,149824.05,0.019309817,10.343671,8.540151,8.540151
4.2492194,0.0039963624,0.2890087,70000.0,151467.4,149824.06,149824.06,0.019309817,10.343449,8.540151,8.54015
4.2492194,0.0041047167,0.31086344,70000.0,151467.39,149824.06,149824.05,0.019309817,10.343436,8.54015,8.54015
4.2492194,0.0038966972,0.29790846,70000.0,151467.42,149824.06,149824.05,0.019309817,10.343519,8.540151,8.54015
4.2492194,0.0044834986,0.30106586,70000.0,151467.34,149824.06,149824.08,0.019309817,10.343602,8.54015,8.540151
4.2492194,0.004526047,0.30353972,70000.0,151467.39,149824.06,149824.06,0.019309817,10.343843,8.540149,8.540149
4.2492194,0.0031996344,0.28555852,70000.0,151467.39,149824.05,149824.06,0.019309817,10.343431,8.54015,8.540149
4.2492194,0.003680927,0.27884334,70000.0,151467.34,149824.06,149824.06,0.019309817,10.343655,8.54015,8.54015
4.2492194,0.004267436,0.29280913,70000.0,151467.45,149824.05,149824.06,0.019309817,10.343745,8.54015,8.54015
4.2492194,0.0041587246,0.32345128,70000.0,151467.42,149824.05,149824.06,0.019309817,10.344006,8.54015,8.54015
4.2492194,0.004102299,0.2987827,70000.0,151467.36,149824.06,149824.06,0.019309817,10.343181,8.540149,8.540151
4.2492194,0.0040739053,0.2898252,70000.0,151467.38,149824.05,149824.05,0.019309817,10.343547,8.54015,8.54015
4.2492194,0.0036129022,0.2825914,70000.0,151467.34,149824.05,149824.06,0.019309817,10.343366,8.54015,8.540149
4.2492194,0.0032917429,0.29518563,70000.0,151467.39,149824.05,149824.05,0.019309817,10.343644,8.540149,8.54015
4.2492194,0.0036093637,0.28639725,70000.0,151467.45,149824.06,149824.06,0.019309817,10.343621,8.540151,8.54015
4.2492194,0.0039582676,0.28929567,70000.0,151467.44,149824.03,149824.06,0.019309817,10.34347,8.54015,8.54015
4.2492194,0.0037895476,0.28919178,70000.0,151467.33,149824.06,149824.08,0.019309817,10.343343,8.540149,8.540149
4.2492194,0.0041083544,0.2967963,70000.0,151467.39,149824.06,149824.03,0.019309817,10.343631,8.54015,8.54015
4.2492194,0.003626539,0.2901816,70000.0,151467.36,149824.05,149824.06,0.019309817,10.343516,8.540149,8.54015
4.2492194,0.003501695,0.27779427,70000.0,151467.4,149824.05,149824.05,0.019309817,10.343436,8.540149,8.54015
4.2492194,0.004448046,0.29891592,70000.0,151467.39,149824.06,149824.05,0.019309817,10.343195,8.540151,8.540149
4.2492194,0.0044968324,0.3195669,70000.0,151467.39,149824.03,149824.06,0.019309817,10.343349,8.540149,8.54015
4.2492194,0.0035136344,0.27835914,70000.0,151467.39,149824.06,149824.08,0.019309817,10.343581,8.540151,8.54015
4.2492194,0.0037091766,0.28909254,70000.0,151467.34,149824.05,149824.05,0.019309817,10.343448,8.540149,8.540149
4.2492194,0.0035348402,0.27775428,70000.0,151467.38,149824.06,149824.05,0.019309817,10.34346,8.54015,8.540149
4.2492194,0.0036491137,0.27415234,70000.0,151467.36,149824.06,149824.06,0.019309817,10.34349,8.540151,8.540151
4.2492194,0.0047942074,0.30773097,70000.0,151467.3,149824.05,149824.05,0.019309817,10.343284,8.54015,8.540151
4.2492194,0.00458986,0.30026844,70000.0,151467.34,149824.05,149824.05,0.019309817,10.343181,8.540151,8.54015
4.2492194,0.0044082617,0.31488442,70000.0,151467.39,149824.03,149824.06,0.019309817,10.343499,8.540151,8.54015
4.2492194,0.0038898687,0.2819462,70000.0,151467.42,149824.06,149824.05,0.019309817,10.343382,8.54015,8.54015
4.2492194,0.0036360614,0.27712566,70000.0,151467.39,149824.06,149824.05,0.019309817,10.343293,8.54015,8.540149
4.2492194,0.0032863405,0.27583688,70000.0,151467.38,149824.08,149824.06,0.019309817,10.343556,8.540149,8.540151
4.2492194,0.0038217444,0.30528083,70000.0,151467.38,149824.06,149824.05,0.019309817,10.343544,8.54015,8.54015
4.2492194,0.0033386361,0.25972933,70000.0,151467.42,149824.05,149824.06,0.019309817,10.343395,8.54015,8.54015
4.2492194,0.0038344178,0.28045678,70000.0,151467.38,149824.05,149824.08,0.019309817,10.343229,8.540149,8.540149
4.2492194,0.0033898535,0.26917604,70000.0,151467.4,149824.05,149824.06,0.019309817,10.343651,8.54015,8.54015
4.2492194,0.004236722,0.28153953,70000.0,151467.36,149824.06,149824.05,0.019309817,10.343111,8.540149,8.540149
4.2492194,0.0034460598,0.26576784,70000.0,151467.34,149824.06,149824.05,0.019309817,10.343122,8.540151,8.54015
4.2492194,0.0038146991,0.2878664,70000.0,151467.45,149824.03,149824.08,0.019309817,10.343652,8.540151,8.54015
4.2492194,0.003575383,0.3001175,70000.0,151467.39,149824.06,149824.06,0.019309817,10.343138,8.54015,8.54015
4.2492194,0.003967942,0.30517268,70000.0,151467.38,149824.05,149824.05,0.019309817,10.343375,8.540149,8.54015
4.2492194,0.004252361,0.2915258,70000.0,151467.36,149824.03,149824.05,0.019309817,10.343074,8.54015,8.540151
4.2492194,0.0037981342,0.28333673,70000.0,151467.44,149824.05,149824.05,0.019309817,10.343521,8.54015,8.540149
4.2492194,0.0035526527,0.27567405,70000.0,151467.39,149824.03,149824.06,0.019309817,10.343731,8.54015,8.540149
4.2492194,0.003199357,0.26417768,70000.0,151467.38,149824.05,149824.03,0.019309817,10.343403,8.54015,8.54015
4.2492194,0.003920503,0.27323076,70000.0,151467.31,149824.05,149824.05,0.019309817,10.343523,8.540149,8.54015
4.2492194,0.0040102564,0.29439563,70000.0,151467.38,149824.06,149824.03,0.019309817,10.343172,8.540149,8.540149
4.2492194,0.004028105,0.2942553,70000.0,151467.39,149824.06,149824.06,0.019309817,10.343517,8.54015,8.540151
4.2492194,0.004357491,0.29233468,70000.0,151467.34,149824.06,149824.06,0.019309817,10.3434515,8.54015,8.54015
4.2492194,0.003893202,0.29784912,70000.0,151467.39,149824.06,149824.08,0.019309817,10.34362,8.54015,8.54015
4.2492194,0.0036807957,0.28371808,70000.0,151467.45,149824.06,149824.05,0.019309817,10.343722,8.54015,8.540149
4.2492194,0.003868362,0.2745646,70000.0,151467.4,149824.06,149824.05,0.019309817,10.343846,8.54015,8.54015
4.2492194,0.0038392511,0.29071438,70000.0,151467.42,149824.05,149824.05,0.019309817,10.343591,8.54015,8.540149
4.2492194,0.004110461,0.29542658,70000.0,151467.39,149824.05,149824.05,0.019309817,10.34347,8.540149,8.540149
4.2492194,0.0044906596,0.30385804,70000.0,151467.38,149824.06,149824.06,0.019309817,10.343465,8.54015,8.54015
4.2492194,0.0037223923,0.29568374,70000.0,151467.34,149824.05,149824.06,0.019309817,10.343318,8.54015,8.54015
4.2492194,0.0033916594,0.28782642,70000.0,151467.39,149824.05,149824.06,0.019309817,10.343503,8.540149,8.54015
4.2492194,0.003818831,0.29059285,70000.0,151467.38,149824.06,149824.06,0.019309817,10.343168,8.540149,8.540149
4.2492194,0.0036474613,0.29703405,70000.0,151467.4,149824.06,149824.05,0.019309817,10.343634,8.540149,8.54015
4.2492194,0.0041244915,0.2968696,70000.0,151467.38,149824.06,149824.06,0.019309817,10.343286,8.54015,8.540149
4.2492194,0.0041317074,0.29737496,70000.0,151467.36,149824.05,149824.06,0.019309817,10.343358,8.54015,8.54015
4.2492194,0.0034660783,0.27842462,70000.0,151467.39,149824.03,149824.05,0.019309817,10.343696,8.54015,8.54015
4.2492194,0.0034898648,0.2848151,70000.0,151467.34,149824.05,149824.05,0.019309817,10.343027,8.54015,8.54015
4.2492194,0.0042614844,0.3118647,70000.0,151467.38,149824.05,149824.05,0.019309817,10.343429,8.54015,8.540149
4.2492194,0.0042360434,0.30470186,70000.0,151467.44,149824.05,149824.05,0.019309817,10.343632,8.54015,8.540151
4.2492194,0.0040469095,0.29449084,70000.0,151467.42,149824.05,149824.05,0.019309817,10.343539,8.540149,8.540149
4.2492194,0.00440987,0.2943044,70000.0,151467.39,149824.03,149824.03,0.019309817,10.343591,8.54015,8.540149
4.2492194,0.0039868047,0.28425935,70000.0,151467.4,149824.05,149824.06,0.019309817,10.343378,8.540149,8.54015
4.2492194,0.003545844,0.25896454,70000.0,151467.34,149824.06,149824.08,0.019309817,10.343207,8.54015,8.540151
4.2492194,0.0037293446,0.28069854,70000.0,151467.44,149824.06,149824.06,0.019309817,10.343624,8.54015,8.540149
4.2492194,0.0043386854,0.30235952,70000.0,151467.42,149824.05,149824.05,0.019309817,10.343668,8.540149,8.540151
4.2492194,0.004557587,0.29854336,70000.0,151467.39,149824.05,149824.05,0.019309817,10.343546,8.540149,8.540149
4.2492194,0.0036972922,0.27251312,70000.0,151467.39,149824.06,149824.05,0.019309817,10.343364,8.54015,8.54015
4.2492194,0.0038114546,0.2921941,70000.0,151467.36,149824.06,149824.05,0.019309817,10.34302,8.54015,8.540149
4.2492194,0.0037342543,0.2812071,70000.0,151467.4,149824.06,149824.08,0.019309817,10.343905,8.540151,8.54015
4.2492194,0.0035384053,0.28399974,70000.0,151467.36,149824.05,149824.06,0.019309817,10.343139,8.54015,8.540151
4.2492194,0.0038454246,0.29754347,70000.0,151467.4,149824.05,149824.06,0.019309817,10.343347,8.54015,8.540151
4.2492194,0.0034863707,0.27690881,70000.0,151467.4,149824.06,149824.03,0.019309817,10.343552,8.540149,8.54015
4.2492194,0.004235616,0.2876715,70000.0,151467.45,149824.05,149824.06,0.019309817,10.343649,8.54015,8.540148
4.2492194,0.0041830707,0.29259235,70000.0,151467.34,149824.06,149824.05,0.019309817,10.343184,8.540151,8.540149
4.2492194,0.004356567,0.30794382,70000.0,151467.34,149824.06,149824.06,0.019309817,10.343218,8.54015,8.54015
4.2492194,0.0039122337,0.29453108,70000.0,151467.38,149824.05,149824.05,0.019309817,10.343715,8.54015,8.540151
4.2492194,0.0041708057,0.30224892,70000.0,151467.39,149824.03,149824.05,0.019309817,10.343235,8.54015,8.540149
4.2492194,0.0037993547,0.29247168,70000.0,151467.36,149824.05,149824.06,0.019309817,10.343318,8.54015,8.54015
4.2492194,0.0038212936,0.29926252,70000.0,151467.4,149824.05,149824.06,0.019309817,10.343363,8.54015,8.540151
4.2492194,0.0037518283,0.3024865,70000.0,151467.36,149824.05,149824.06,0.019309817,10.34347,8.540149,8.54015
4.2492194,0.003949804,0.2940332,70000.0,151467.38,149824.06,149824.03,0.019309817,10.343516,8.54015,8.54015
4.2492194,0.003884156,0.289582,70000.0,151467.39,149824.08,149824.05,0.019309817,10.343207,8.540149,8.54015
4.2492194,0.0036794443,0.28441384,70000.0,151467.42,149824.06,149824.06,0.019309817,10.343407,8.540151,8.540151
4.2492194,0.004321203,0.3042854,70000.0,151467.4,149824.06,149824.06,0.019309817,10.343445,8.540149,8.540149
4.2492194,0.0036557375,0.28530982,70000.0,151467.42,149824.05,149824.06,0.019309817,10.343794,8.540149,8.54015
4.2492194,0.0037729403,0.28434885,70000.0,151467.38,149824.06,149824.05,0.019309817,10.343034,8.54015,8.54015
4.2492194,0.0051720473,0.34085843,70000.0,151467.36,149824.05,149824.08,0.019309817,10.343257,8.54015,8.540151
4.2492194,0.004378239,0.29488084,70000.0,151467.38,149824.05,149824.06,0.019309817,10.343588,8.54015,8.540149
4.2492194,0.0035103485,0.27864525,70000.0,151467.4,149824.05,149824.06,0.019309817,10.343969,8.540149,8.54015
4.2492194,0.003249554,0.26361537,70000.0,151467.4,149824.05,149824.06,0.019309817,10.34309,8.540151,8.540149
4.2492194,0.0038746607,0.2833024,70000.0,151467.39,149824.06,149824.05,0.019309817,10.343315,8.540149,8.54015
4.2492194,0.0039043562,0.27897972,70000.0,151467.36,149824.08,149824.05,0.019309817,10.343069,8.54015,8.54015
4.2492194,0.004355425,0.29389384,70000.0,151467.44,149824.05,149824.06,0.019309817,10.343524,8.540149,8.54015
4.2492194,0.0039022157,0.2940618,70000.0,151467.44,149824.05,149824.05,0.019309817,10.343427,8.54015,8.54015
4.2492194,0.0037927749,0.29031995,70000.0,151467.38,149824.06,149824.05,0.019309817,10.343358,8.540149,8.54015
4.2492194,0.0038836384,0.29085848,70000.0,151467.33,149824.05,149824.06,0.019309817,10.343288,8.54015,8.540151
4.2492194,0.003928199,0.29018554,70000.0,151467.36,149824.03,149824.06,0.019309817,10.343216,8.54015,8.54015
4.2492194,0.0040454958,0.30428398,70000.0,151467.44,149824.06,149824.05,0.019309817,10.343642,8.54015,8.54015
4.2492194,0.003890385,0.28959277,70000.0,151467.44,149824.05,149824.06,0.019309817,10.343372,8.540151,8.54015
4.2492194,0.004307023,0.29741257,70000.0,151467.4,149824.06,149824.05,0.019309817,10.343422,8.54015,8.540151
4.2492194,0.0038700358,0.2859252,70000.0,151467.34,149824.06,149824.05,0.019309817,10.343607,8.54015,8.54015
4.2492194,0.0037187324,0.28211623,70000.0,151467.36,149824.06,149824.06,0.019309817,10.34344,8.54015,8.54015
4.2492194,0.0037610184,0.28128603,70000.0,151467.4,149824.06,149824.06,0.019309817,10.343526,8.54015,8.54015
4.2492194,0.0037589842,0.26959032,70000.0,151467.39,149824.06,149824.05,0.019309817,10.343425,8.54015,8.540149
4.2492194,0.003959379,0.28552365,70000.0,151467.39,149824.06,149824.06,0.019309817,10.343582,8.54015,8.54015
4.2492194,0.0040871566,0.29829264,70000.0,151467.34,149824.06,149824.05,0.019309817,10.34315,8.54015,8.54015
4.2492194,0.004067286,0.302446,70000.0,151467.38,149824.08,149824.06,0.019309817,10.343613,8.54015,8.540149
4.2492194,0.003948015,0.29726273,70000.0,151467.38,149824.06,149824.08,0.019309817,10.343437,8.54015,8.54015
4.2492194,0.0041238395,0.29527992,70000.0,151467.36,149824.06,149824.05,0.019309817,10.3433895,8.540151,8.540149
4.2492194,0.0037206602,0.2839182,70000.0,151467.31,149824.06,149824.05,0.019309817,10.3433075,8.54015,8.54015
4.2492194,0.0038714395,0.2921232,70000.0,151467.34,149824.06,149824.05,0.019309817,10.343058,8.54015,8.540149
4.2492194,0.0035202627,0.26984605,70000.0,151467.34,149824.06,149824.05,0.019309817,10.343308,8.540151,8.540149
4.2492194,0.003983094,0.28498715,70000.0,151467.39,149824.08,149824.06,0.019309817,10.343474,8.540149,8.54015
4.2492194,0.0039237575,0.2837942,70000.0,151467.4,149824.06,149824.05,0.019309817,10.343691,8.54015,8.540149
4.2492194,0.0034908596,0.2797144,70000.0,151467.38,149824.06,149824.06,0.019309817,10.343219,8.540149,8.540149
4.2492194,0.0038581397,0.29289848,70000.0,151467.42,149824.06,149824.05,0.019309817,10.343846,8.540149,8.54015
4.2492194,0.004123421,0.29686224,70000.0,151467.39,149824.05,149824.08,0.019309817,10.34361,8.54015,8.54015
4.2492194,0.0035730246,0.2808855,70000.0,151467.39,149824.05,149824.06,0.019309817,10.343738,8.54015,8.54015
4.2492194,0.0037793252,0.28261834,70000.0,151467.34,149824.06,149824.05,0.019309817,10.342953,8.54015,8.54015
4.2492194,0.003680994,0.27025315,70000.0,151467.4,149824.06,149824.06,0.019309817,10.343904,8.54015,8.540149
4.2492194,0.0035912055,0.2813725,70000.0,151467.39,149824.05,149824.05,0.019309817,10.343934,8.540149,8.540149
4.2492194,0.0041622673,0.29826865,70000.0,151467.34,149824.05,149824.06,0.019309817,10.343591,8.540151,8.540149
4.2492194,0.0042827222,0.29312846,70000.0,151467.38,149824.06,149824.06,0.019309817,10.343036,8.54015,8.54015
4.2492194,0.0032581466,0.28713512,70000.0,151467.33,149824.03,149824.05,0.019309817,10.343452,8.54015,8.54015
4.2492194,0.0043065897,0.3238009,70000.0,151467.33,149824.05,149824.06,0.019309817,10.343154,8.54015,8.540149
4.2492194,0.0038216885,0.28091106,70000.0,151467.4,149824.03,149824.06,0.019309817,10.343297,8.54015,8.54015
4.2492194,0.0040245326,0.30004445,70000.0,151467.31,149824.05,149824.03,0.019309817,10.343451,8.54015,8.540149
4.2492194,0.004213131,0.30996248,70000.0,151467.42,149824.05,149824.05,0.019309817,10.343256,8.540149,8.54015
4.2492194,0.0037057593,0.30911717,70000.0,151467.39,149824.06,149824.05,0.019309817,10.343639,8.54015,8.54015
4.2492194,0.004081994,0.3087911,70000.0,151467.33,149824.06,149824.1,0.019309817,10.343293,8.540149,8.54015
4.2492194,0.0043510143,0.30714542,70000.0,151467.39,149824.03,149824.06,0.019309817,10.343586,8.540149,8.54015
4.2492194,0.0040328857,0.28889155,70000.0,151467.36,149824.08,149824.03,0.019309817,10.343111,8.54015,8.54015
4.2492194,0.0039674966,0.29836264,70000.0,151467.34,149824.06,149824.05,0.019309817,10.343298,8.54015,8.54015
4.2492194,0.0041134474,0.29648894,70000.0,151467.39,149824.05,149824.03,0.019309817,10.343311,8.540149,8.540151
4.2492194,0.003965076,0.3005406,70000.0,151467.4,149824.05,149824.06,0.019309817,10.343148,8.54015,8.540151
4.2492194,0.003838429,0.2945711,70000.0,151467.4,149824.05,149824.08,0.019309817,10.343439,8.540149,8.54015
4.2492194,0.003820496,0.2983075,70000.0,151467.38,149824.05,149824.08,0.019309817,10.343257,8.540149,8.540149
4.2492194,0.0038569567,0.29758278,70000.0,151467.39,149824.08,149824.02,0.019309817,10.34345,8.54015,8.540149
4.2492194,0.0040441477,0.31002125,70000.0,151467.39,149824.08,149824.06,0.019309817,10.343461,8.540152,8.54015
4.2492194,0.0036993925,0.29043224,70000.0,151467.44,149824.05,149824.08,0.019309817,10.343509,8.540149,8.540151
4.2492194,0.004399805,0.30688143,70000.0,151467.38,149824.05,149824.06,0.019309817,10.343318,8.540149,8.540149
4.2492194,0.004008766,0.30405977,70000.0,151467.3,149824.05,149824.06,0.019309817,10.343093,8.54015,8.54015
4.2492194,0.004225941,0.3019201,70000.0,151467.39,149824.05,149824.05,0.019309817,10.343335,8.540149,8.54015
4.2492194,0.003881076,0.29088834,70000.0,151467.38,149824.06,149824.05,0.019309817,10.343343,8.54015,8.54015
4.2492194,0.0038501553,0.29410303,70000.0,151467.44,149824.03,149824.06,0.019309817,10.343744,8.54015,8.54015
4.2492194,0.0041160653,0.3023091,70000.0,151467.36,149824.05,149824.06,0.019309817,10.343234,8.54015,8.54015
4.2492194,0.003386046,0.28949702,70000.0,151467.38,149824.06,149824.05,0.019309817,10.343461,8.540149,8.540149
4.2492194,0.003959245,0.28706503,70000.0,151467.33,149824.05,149824.05,0.019309817,10.343486,8.540151,8.540151
4.2492194,0.003760882,0.28805378,70000.0,151467.42,149824.05,149824.05,0.019309817,10.343381,8.54015,8.540149
4.2492194,0.0043148394,0.30398583,70000.0,151467.36,149824.05,149824.05,0.019309817,10.343315,8.54015,8.540149
4.2492194,0.003410737,0.29864398,70000.0,151467.33,149824.05,149824.05,0.019309817,10.343111,8.540149,8.540149
4.2492194,0.0040201317,0.3017773,70000.0,151467.36,149824.05,149824.05,0.019309817,10.343185,8.54015,8.54015
4.2492194,0.004403588,0.28901386,70000.0,151467.39,149824.05,149824.05,0.019309817,10.343608,8.540151,8.54015
4.2492194,0.0038612399,0.28546008,70000.0,151467.33,149824.05,149824.06,0.019309817,10.34351,8.540151,8.54015
4.2492194,0.0033304575,0.28180775,70000.0,151467.33,149824.03,149824.05,0.019309817,10.343307,8.54015,8.540149
4.2492194,0.0042204564,0.29781446,70000.0,151467.39,149824.06,149824.06,0.019309817,10.343292,8.54015,8.54015
4.2492194,0.003943263,0.30067885,70000.0,151467.38,149824.05,149824.05,0.019309817,10.343449,8.54015,8.54015
4.2492194,0.0043261605,0.3076436,70000.0,151467.38,149824.05,149824.05,0.019309817,10.34333,8.54015,8.54015
4.2492194,0.0041506696,0.30975312,70000.0,151467.31,149824.05,149824.06,0.019309817,10.343012,8.54015,8.54015
4.2492194,0.0035926627,0.29593718,70000.0,151467.4,149824.05,149824.06,0.019309817,10.343559,8.540149,8.54015
4.2492194,0.0034277812,0.2833996,70000.0,151467.4,149824.06,149824.06,0.019309817,10.343208,8.54015,8.54015
4.2492194,0.0038772272,0.30492344,70000.0,151467.42,149824.05,149824.06,0.019309817,10.343823,8.54015,8.54015
4.2492194,0.0038887053,0.30665058,70000.0,151467.44,149824.05,149824.03,0.019309817,10.343609,8.54015,8.54015
4.2492194,0.0042272303,0.315629,70000.0,151467.31,149824.06,149824.05,0.019309817,10.343147,8.540149,8.54015
4.2492194,0.004164111,0.28591487,70000.0,151467.33,149824.05,149824.05,0.019309817,10.343507,8.540149,8.54015
4.2492194,0.003351851,0.2865922,70000.0,151467.38,149824.06,149824.05,0.019309817,10.343247,8.540149,8.54015
4.2492194,0.0037595471,0.2944431,70000.0,151467.4,149824.06,149824.05,0.019309817,10.343429,8.54015,8.540149
4.2492194,0.00425934,0.30416453,70000.0,151467.38,149824.05,149824.06,0.019309817,10.343364,8.54015,8.540148
4.2492194,0.0046026167,0.30077615,70000.0,151467.4,149824.05,149824.06,0.019309817,10.343847,8.54015,8.54015
4.2492194,0.0046763085,0.3120807,70000.0,151467.38,149824.06,149824.03,0.019309817,10.343374,8.540148,8.54015
4.2492194,0.00440807,0.30189404,70000.0,151467.4,149824.06,149824.06,0.019309817,10.343425,8.540151,8.540149
4.2492194,0.0038758852,0.288547,70000.0,151467.4,149824.05,149824.06,0.019309817,10.343282,8.540151,8.540149
4.2492194,0.0037731596,0.29950437,70000.0,151467.36,149824.05,149824.05,0.019309817,10.34296,8.540149,8.540149
4.2492194,0.0042574806,0.3063536,70000.0,151467.38,149824.06,149824.05,0.019309817,10.343183,8.54015,8.540149
4.2492194,0.004127825,0.30359975,70000.0,151467.42,149824.05,149824.08,0.019309817,10.344077,8.54015,8.540151
4.2492194,0.0038433243,0.30428657,70000.0,151467.34,149824.05,149824.05,0.019309817,10.34326,8.54015,8.54015
4.2492194,0.0045096967,0.3143083,70000.0,151467.36,149824.05,149824.05,0.019309817,10.343436,8.540149,8.54015
4.2492194,0.004295222,0.2874581,70000.0,151467.4,149824.05,149824.06,0.019309817,10.343671,8.54015,8.54015
4.2492194,0.0046263933,0.31485957,70000.0,151467.38,149824.05,149824.03,0.019309817,10.343471,8.540149,8.540151
4.2492194,0.00394266,0.29118776,70000.0,151467.3,149824.06,149824.08,0.019309817,10.343105,8.54015,8.54015
4.2492194,0.0036639227,0.30234033,70000.0,151467.33,149824.06,149824.06,0.019309817,10.343264,8.54015,8.540149
4.2492194,0.0030763785,0.29457855,70000.0,151467.38,149824.06,149824.05,0.019309817,10.343675,8.54015,8.54015
4.2492194,0.003649822,0.28561828,70000.0,151467.34,149824.06,149824.03,0.019309817,10.3438015,8.54015,8.54015
4.2492194,0.0039724153,0.29231504,70000.0,151467.36,149824.08,149824.06,0.019309817,10.343398,8.540151,8.54015
4.2492194,0.0035444435,0.28929794,70000.0,151467.38,149824.06,149824.05,0.019309817,10.343164,8.54015,8.54015
4.2492194,0.004033824,0.29201692,70000.0,151467.36,149824.06,149824.05,0.019309817,10.3430805,8.54015,8.54015
4.2492194,0.0031421871,0.2774876,70000.0,151467.39,149824.06,149824.06,0.019309817,10.343195,8.54015,8.54015
4.2492194,0.0033908258,0.2822759,70000.0,151467.36,149824.06,149824.08,0.019309817,10.343328,8.54015,8.54015
4.2492194,0.0040906197,0.29799488,70000.0,151467.38,149824.02,149824.05,0.019309817,10.343381,8.540151,8.54015
4.2492194,0.0040193633,0.29889816,70000.0,151467.33,149824.06,149824.06,0.019309817,10.343366,8.540149,8.54015
4.2492194,0.0043115215,0.31137034,70000.0,151467.42,149824.06,149824.06,0.019309817,10.343455,8.540151,8.540151
4.2492194,0.0041618715,0.3008886,70000.0,151467.38,149824.05,149824.06,0.019309817,10.343171,8.54015,8.54015
4.2492194,0.003957012,0.30091366,70000.0,151467.44,149824.08,149824.08,0.019309817,10.343621,8.540151,8.54015
4.2492194,0.003608027,0.29186448,70000.0,151467.38,149824.06,149824.06,0.019309817,10.3434515,8.540151,8.54015
4.2492194,0.003919419,0.29256153,70000.0,151467.38,149824.05,149824.06,0.019309817,10.343501,8.540149,8.540149
4.2492194,0.0045546875,0.31582657,70000.0,151467.39,149824.05,149824.08,0.019309817,10.34347,8.54015,8.54015
4.2492194,0.0041522705,0.2961106,70000.0,151467.39,149824.06,149824.06,0.019309817,10.343412,8.540151,8.540149
4.2492194,0.0032978982,0.26214004,70000.0,151467.36,149824.06,149824.05,0.019309817,10.343622,8.54015,8.54015
4.2492194,0.0041959956,0.30550376,70000.0,151467.38,149824.06,149824.06,0.019309817,10.34338,8.54015,8.540152
4.2492194,0.0037309227,0.30332687,70000.0,151467.4,149824.03,149824.06,0.019309817,10.34366,8.540148,8.54015
4.2492194,0.0034270484,0.29492816,70000.0,151467.34,149824.06,149824.05,0.019309817,10.343293,8.540149,8.54015
4.2492194,0.0037598792,0.28999895,70000.0,151467.36,149824.06,149824.05,0.019309817,10.343134,8.54015,8.540149
4.2492194,0.004236409,0.2943185,70000.0,151467.4,149824.06,149824.08,0.019309817,10.34346,8.54015,8.54015
4.2492194,0.0037313346,0.27835208,70000.0,151467.45,149824.05,149824.06,0.019309817,10.343513,8.54015,8.54015
4.2492194,0.0034485802,0.2827102,70000.0,151467.38,149824.05,149824.06,0.019309817,10.343252,8.54015,8.54015
4.2492194,0.003948107,0.3044257,70000.0,151467.4,149824.05,149824.05,0.019309817,10.343442,8.54015,8.540149
4.2492194,0.004045334,0.297945,70000.0,151467.33,149824.06,149824.06,0.019309817,10.343357,8.54015,8.540151
4.2492194,0.0038431662,0.2899851,70000.0,151467.4,149824.05,149824.06,0.019309817,10.343643,8.540149,8.54015
4.2492194,0.004359919,0.30754623,70000.0,151467.34,149824.05,149824.06,0.019309817,10.34325,8.540151,8.54015
4.2492194,0.003399518,0.2929939,70000.0,151467.36,149824.06,149824.08,0.019309817,10.3432665,8.54015,8.54015
4.2492194,0.0042485762,0.30736002,70000.0,151467.38,149824.06,149824.05,0.019309817,10.343745,8.54015,8.54015
4.2492194,0.0036448094,0.2902191,70000.0,151467.34,149824.05,149824.05,0.019309817,10.343345,8.54015,8.54015
4.2492194,0.0039064977,0.30571234,70000.0,151467.34,149824.06,149824.06,0.019309817,10.34327,8.54015,8.54015
4.2492194,0.0041398327,0.3001323,70000.0,151467.36,149824.05,149824.05,0.019309817,10.343429,8.54015,8.540149
4.2492194,0.0040150504,0.29596516,70000.0,151467.36,149824.05,149824.05,0.019309817,10.343779,8.540151,8.540149
4.2492194,0.0038895798,0.3099601,70000.0,151467.36,149824.06,149824.05,0.019309817,10.343298,8.54015,8.54015
4.2492194,0.004229176,0.31599054,70000.0,151467.38,149824.05,149824.06,0.019309817,10.343539,8.540149,8.540151
4.2492194,0.004514307,0.3231147,70000.0,151467.38,149824.05,149824.06,0.019309817,10.343335,8.54015,8.54015
4.2492194,0.0042803762,0.3128849,70000.0,151467.38,149824.08,149824.03,0.019309817,10.343307,8.54015,8.54015
4.2492194,0.004677765,0.3181594,70000.0,151467.34,149824.05,149824.05,0.019309817,10.343413,8.54015,8.54015
4.2492194,0.0040380335,0.31048918,70000.0,151467.34,149824.03,149824.06,0.019309817,10.343025,8.54015,8.54015
4.2492194,0.00416916,0.3181319,70000.0,151467.38,149824.06,149824.05,0.019309817,10.34333,8.54015,8.540149
4.2492194,0.004484855,0.32459491,70000.0,151467.39,149824.08,149824.06,0.019309817,10.34365,8.54015,8.54015
4.2492194,0.003786582,0.30856735,70000.0,151467.38,149824.03,149824.05,0.019309817,10.343518,8.540149,8.54015
4.2492194,0.0043219975,0.31985235,70000.0,151467.34,149824.06,149824.05,0.019309817,10.343189,8.540151,8.54015
4.2492194,0.0038420267,0.30348206,70000.0,151467.36,149824.05,149824.06,0.019309817,10.343518,8.54015,8.54015
4.2492194,0.0041913283,0.3008668,70000.0,151467.34,149824.06,149824.06,0.019309817,10.343482,8.54015,8.540149
4.2492194,0.003932273,0.29581904,70000.0,151467.36,149824.05,149824.08,0.019309817,10.343203,8.540151,8.540149
4.2492194,0.0047602,0.3097325,70000.0,151467.42,149824.05,149824.06,0.019309817,10.343637,8.54015,8.54015
4.2492194,0.0036485903,0.30422515,70000.0,151467.33,149824.06,149824.1,0.019309817,10.343488,8.54015,8.54015
4.2492194,0.003702948,0.28648266,70000.0,151467.39,149824.05,149824.05,0.019309817,10.343502,8.540149,8.540149
4.2492194,0.0042986847,0.3132623,70000.0,151467.33,149824.05,149824.06,0.019309817,10.343363,8.540151,8.54015
4.2492194,0.0035976572,0.274351,70000.0,151467.34,149824.05,149824.05,0.019309817,10.3431835,8.540151,8.540149
4.2492194,0.004027571,0.28458253,70000.0,151467.3,149824.06,149824.1,0.019309817,10.343155,8.54015,8.540151
4.2492194,0.0038574238,0.29703972,70000.0,151467.36,149824.05,149824.05,0.019309817,10.343193,8.540151,8.540151
4.2492194,0.0040997523,0.29677764,70000.0,151467.36,149824.03,149824.06,0.019309817,10.343518,8.54015,8.540148
4.2492194,0.003858364,0.2872547,70000.0,151467.31,149824.06,149824.05,0.019309817,10.342765,8.54015,8.54015
4.2492194,0.003880689,0.2853753,70000.0,151467.38,149824.05,149824.05,0.019309817,10.343744,8.540149,8.54015
4.2492194,0.003929523,0.30565715,70000.0,151467.38,149824.05,149824.05,0.019309817,10.34335,8.540149,8.540149
4.2492194,0.0033973241,0.26976317,70000.0,151467.42,149824.06,149824.05,0.019309817,10.343506,8.54015,8.54015
4.2492194,0.0040392685,0.29620704,70000.0,151467.4,149824.06,149824.05,0.019309817,10.343361,8.54015,8.540151
4.2492194,0.0036629585,0.28856972,70000.0,151467.33,149824.05,149824.06,0.019309817,10.3432255,8.54015,8.540149
4.2492194,0.0033901583,0.2789022,70000.0,151467.44,149824.03,149824.05,0.019309817,10.343439,8.54015,8.54015
4.2492194,0.0032037997,0.2747396,70000.0,151467.33,149824.05,149824.05,0.019309817,10.343335,8.540149,8.54015
4.2492194,0.0041917926,0.28954792,70000.0,151467.39,149824.03,149824.06,0.019309817,10.343591,8.54015,8.54015
4.2492194,0.0034902785,0.2900248,70000.0,151467.34,149824.06,149824.06,0.019309817,10.343097,8.540151,8.540149
4.2492194,0.003827746,0.29798973,70000.0,151467.39,149824.08,149824.05,0.019309817,10.34337,8.540149,8.54015
4.2492194,0.0046709874,0.30788168,70000.0,151467.38,149824.08,149824.05,0.019309817,10.343426,8.540151,8.54015
4.2492194,0.0048580724,0.32504085,70000.0,151467.33,149824.06,149824.06,0.019309817,10.343419,8.54015,8.540151
4.2492194,0.0040856786,0.32617295,70000.0,151467.4,149824.08,149824.05,0.019309817,10.3438015,8.54015,8.54015
4.2492194,0.0035136715,0.27152362,70000.0,151467.36,149824.03,149824.05,0.019309817,10.343051,8.540149,8.540149
4.2492194,0.0032919138,0.26858094,70000.0,151467.42,149824.03,149824.05,0.019309817,10.3435545,8.540149,8.54015
4.2492194,0.003774898,0.27038386,70000.0,151467.31,149824.06,149824.05,0.019309817,10.343078,8.54015,8.54015
4.2492194,0.003701306,0.29313248,70000.0,151467.39,149824.03,149824.06,0.019309817,10.343809,8.54015,8.54015
4.2492194,0.0039997827,0.29368582,70000.0,151467.38,149824.05,149824.05,0.019309817,10.34357,8.54015,8.540151
4.2492194,0.004791311,0.33362636,70000.0,151467.4,149824.05,149824.06,0.019309817,10.343821,8.540151,8.540149
4.2492194,0.0040221857,0.30018818,70000.0,151467.39,149824.05,149824.06,0.019309817,10.343521,8.54015,8.540149
4.2492194,0.0039515123,0.30715773,70000.0,151467.34,149824.05,149824.05,0.019309817,10.3435545,8.540149,8.540149
4.2492194,0.003634313,0.29811096,70000.0,151467.34,149824.05,149824.05,0.019309817,10.343116,8.540149,8.54015
4.2492194,0.0034251527,0.28306913,70000.0,151467.33,149824.03,149824.05,0.019309817,10.343189,8.54015,8.54015
4.2492194,0.003564495,0.28842774,70000.0,151467.36,149824.03,149824.03,0.019309817,10.343281,8.54015,8.540149
4.2492194,0.004505667,0.28359595,70000.0,151467.34,149824.03,149824.06,0.019309817,10.343262,8.54015,8.54015
4.2492194,0.0041047605,0.27128962,70000.0,151467.36,149824.08,149824.06,0.019309817,10.343488,8.54015,8.54015
4.2492194,0.0038875605,0.27944803,70000.0,151467.39,149824.06,149824.08,0.019309817,10.343458,8.54015,8.540149
4.2492194,0.0040359497,0.29681933,70000.0,151467.39,149824.06,149824.05,0.019309817,10.342973,8.54015,8.540149
4.2492194,0.0044517927,0.3119877,70000.0,151467.38,149824.05,149824.05,0.019309817,10.343626,8.54015,8.540149
4.2492194,0.0043694302,0.2957674,70000.0,151467.34,149824.06,149824.03,0.019309817,10.343193,8.540149,8.54015
4.2492194,0.004532388,0.29889655,70000.0,151467.42,149824.05,149824.05,0.019309817,10.34342,8.540151,8.540151
4.2492194,0.0037850619,0.29233384,70000.0,151467.39,149824.05,149824.08,0.019309817,10.343352,8.540151,8.54015
4.2492194,0.004050058,0.29119423,70000.0,151467.36,149824.05,149824.05,0.019309817,10.343435,8.540149,8.54015
4.2492194,0.0042780214,0.31817663,70000.0,151467.42,149824.05,149824.05,0.019309817,10.34384,8.540151,8.540149
4.2492194,0.0042607957,0.30621707,70000.0,151467.34,149824.03,149824.06,0.019309817,10.343206,8.54015,8.54015
4.2492194,0.0042159525,0.3007335,70000.0,151467.39,149824.05,149824.06,0.019309817,10.343341,8.54015,8.540149
4.2492194,0.00460707,0.315293,70000.0,151467.39,149824.05,149824.05,0.019309817,10.343212,8.54015,8.540151
4.2492194,0.0038385587,0.28993392,70000.0,151467.39,149824.05,149824.06,0.019309817,10.34332,8.54015,8.54015
4.2492194,0.003363308,0.285354,70000.0,151467.39,149824.08,149824.05,0.019309817,10.343891,8.54015,8.540149
4.2492194,0.003997561,0.2768132,70000.0,151467.42,149824.08,149824.05,0.019309817,10.343846,8.54015,8.54015
4.2492194,0.0035528843,0.28526786,70000.0,151467.36,149824.03,149824.06,0.019309817,10.343206,8.54015,8.540151
4.2492194,0.0035486396,0.2753638,70000.0,151467.34,149824.05,149824.05,0.019309817,10.343529,8.54015,8.54015
4.2492194,0.0039334698,0.2818081,70000.0,151467.38,149824.06,149824.06,0.019309817,10.343278,8.540149,8.54015
4.2492194,0.003557562,0.2913072,70000.0,151467.38,149824.08,149824.05,0.019309817,10.343527,8.54015,8.540151
4.2492194,0.0041947556,0.30240387,70000.0,151467.39,149824.05,149824.06,0.019309817,10.343497,8.54015,8.54015
4.2492194,0.0041337437,0.3037209,70000.0,151467.38,149824.06,149824.08,0.019309817,10.343872,8.540151,8.540151
4.2492194,0.004189779,0.30587244,70000.0,151467.33,149824.06,149824.05,0.019309817,10.342828,8.540151,8.540149
4.2492194,0.0039146785,0.29589972,70000.0,151467.42,149824.06,149824.05,0.019309817,10.343333,8.54015,8.540149
4.2492194,0.0038257705,0.29789394,70000.0,151467.31,149824.05,149824.06,0.019309817,10.343371,8.540149,8.54015
4.2492194,0.003774279,0.30555302,70000.0,151467.44,149824.05,149824.06,0.019309817,10.343659,8.54015,8.540149
4.2492194,0.004488804,0.33324724,70000.0,151467.3,149824.06,149824.08,0.019309817,10.343005,8.540151,8.540149
4.2492194,0.004063277,0.2791905,70000.0,151467.44,149824.03,149824.06,0.019309817,10.343585,8.540149,8.540149
4.2492194,0.0038894273,0.292646,70000.0,151467.4,149824.05,149824.06,0.019309817,10.343576,8.540151,8.540151
4.2492194,0.003907812,0.29360035,70000.0,151467.39,149824.05,149824.05,0.019309817,10.343483,8.54015,8.54015
4.2492194,0.0038151476,0.28144854,70000.0,151467.36,149824.05,149824.05,0.019309817,10.34355,8.54015,8.540149
4.2492194,0.0040357416,0.29208913,70000.0,151467.39,149824.05,149824.06,0.019309817,10.343568,8.540151,8.54015
4.2492194,0.0036492457,0.2698834,70000.0,151467.33,149824.06,149824.05,0.019309817,10.343124,8.540149,8.540149
4.2492194,0.0038091347,0.2754354,70000.0,151467.45,149824.02,149824.05,0.019309817,10.343223,8.54015,8.540149
4.2492194,0.0039519384,0.30554584,70000.0,151467.36,149824.08,149824.05,0.019309817,10.343287,8.54015,8.540149
4.2492194,0.0043620104,0.30505115,70000.0,151467.38,149824.06,149824.06,0.019309817,10.343784,8.540151,8.54015
4.2492194,0.004115032,0.28252232,70000.0,151467.34,149824.05,149824.03,0.019309817,10.343075,8.54015,8.540149
4.2492194,0.0042164125,0.2899082,70000.0,151467.45,149824.1,149824.06,0.019309817,10.343659,8.54015,8.54015
4.2492194,0.0040442436,0.29050326,70000.0,151467.4,149824.03,149824.08,0.019309817,10.343524,8.54015,8.540151
4.2492194,0.004374789,0.30591536,70000.0,151467.3,149824.06,149824.06,0.019309817,10.343153,8.540151,8.54015
4.2492194,0.0035553472,0.29061496,70000.0,151467.39,149824.06,149824.05,0.019309817,10.343174,8.540149,8.540149
4.2492194,0.004243616,0.3054081,70000.0,151467.39,149824.08,149824.05,0.019309817,10.343313,8.540151,8.54015
4.2492194,0.003997655,0.29642048,70000.0,151467.39,149824.06,149824.05,0.019309817,10.343461,8.54015,8.54015
4.2492194,0.0043616076,0.32455027,70000.0,151467.42,149824.08,149824.05,0.019309817,10.343687,8.54015,8.540149
4.2492194,0.003911217,0.2932406,70000.0,151467.38,149824.05,149824.05,0.019309817,10.343298,8.540151,8.54015
4.2492194,0.003689075,0.28838646,70000.0,151467.38,149824.05,149824.08,0.019309817,10.3436365,8.540151,8.540151
4.2492194,0.004169478,0.28917572,70000.0,151467.39,149824.06,149824.05,0.019309817,10.343735,8.54015,8.54015
4.2492194,0.0041730893,0.2985006,70000.0,151467.38,149824.08,149824.06,0.019309817,10.343298,8.540149,8.540149
4.2492194,0.004245474,0.3047884,70000.0,151467.4,149824.06,149824.03,0.019309817,10.343497,8.54015,8.540149
4.2492194,0.004421566,0.3076546,70000.0,151467.4,149824.06,149824.05,0.019309817,10.34364,8.540151,8.540149
4.2492194,0.0038751434,0.29146376,70000.0,151467.33,149824.05,149824.06,0.019309817,10.3431425,8.54015,8.540149
4.2492194,0.004285769,0.30602056,70000.0,151467.39,149824.05,149824.06,0.019309817,10.34313,8.540151,8.540151
4.2492194,0.0043162135,0.31430253,70000.0,151467.36,149824.05,149824.05,0.019309817,10.343251,8.540149,8.540149
4.2492194,0.0041075684,0.29659697,70000.0,151467.4,149824.03,149824.06,0.019309817,10.343212,8.54015,8.540151
4.2492194,0.0042109075,0.31579193,70000.0,151467.38,149824.05,149824.06,0.019309817,10.343026,8.54015,8.54015
4.2492194,0.0043437365,0.29329205,70000.0,151467.33,149824.06,149824.05,0.019309817,10.343089,8.54015,8.54015
4.2492194,0.00347263,0.2722966,70000.0,151467.33,149824.05,149824.06,0.019309817,10.343295,8.54015,8.540149
4.2492194,0.004394725,0.30224016,70000.0,151467.42,149824.08,149824.08,0.019309817,10.343337,8.54015,8.54015
4.2492194,0.0041228887,0.29460284,70000.0,151467.4,149824.06,149824.05,0.019309817,10.343307,8.54015,8.540149
4.2492194,0.004039626,0.2848468,70000.0,151467.36,149824.06,149824.08,0.019309817,10.343105,8.54015,8.54015
4.2492194,0.0041065025,0.2821426,70000.0,151467.39,149824.06,149824.05,0.019309817,10.343242,8.540149,8.540149
4.2492194,0.0037503857,0.27954587,70000.0,151467.39,149824.06,149824.05,0.019309817,10.3436985,8.54015,8.540149
4.2492194,0.0039516166,0.2848854,70000.0,151467.33,149824.03,149824.06,0.019309817,10.343121,8.54015,8.54015
4.2492194,0.0036915415,0.27562636,70000.0,151467.38,149824.06,149824.08,0.019309817,10.343454,8.54015,8.54015
4.2492194,0.0034412856,0.26360786,70000.0,151467.4,149824.05,149824.06,0.019309817,10.3435545,8.54015,8.540151
4.2492194,0.004037766,0.28091946,70000.0,151467.33,149824.03,149824.05,0.019309817,10.343163,8.540149,8.54015
4.2492194,0.0042922394,0.29154927,70000.0,151467.36,149824.05,149824.05,0.019309817,10.343471,8.54015,8.54015
4.2492194,0.0034863946,0.28079066,70000.0,151467.44,149824.06,149824.06,0.019309817,10.343429,8.54015,8.54015
4.2492194,0.003265836,0.28279057,70000.0,151467.33,149824.06,149824.06,0.019309817,10.343558,8.54015,8.54015
4.2492194,0.0037448537,0.2902943,70000.0,151467.34,149824.06,149824.06,0.019309817,10.343503,8.540151,8.54015
4.2492194,0.0040485514,0.28967783,70000.0,151467.39,149824.05,149824.05,0.019309817,10.343246,8.540149,8.54015
4.2492194,0.0062762457,0.41584978,70000.0,151467.34,149824.06,149824.06,0.019309817,10.343409,8.540151,8.54015
4.2492194,0.0046331664,0.31940988,70000.0,151467.39,149824.08,149824.06,0.019309817,10.343521,8.540151,8.540151
4.2492194,0.003642739,0.27313688,70000.0,151467.38,149824.06,149824.05,0.019309817,10.343376,8.540149,8.540151
4.2492194,0.004056938,0.29550087,70000.0,151467.4,149824.05,149824.05,0.019309817,10.343433,8.54015,8.54015
4.2492194,0.0033984724,0.27448735,70000.0,151467.4,149824.05,149824.06,0.019309817,10.343345,8.540151,8.540149
4.2492194,0.0033222388,0.27651247,70000.0,151467.4,149824.03,149824.08,0.019309817,10.343192,8.54015,8.540149
4.2492194,0.0035084526,0.26904628,70000.0,151467.38,149824.05,149824.05,0.019309817,10.343364,8.540151,8.54015
4.2492194,0.0034826398,0.27592158,70000.0,151467.34,149824.06,149824.06,0.019309817,10.343289,8.540151,8.54015
4.2492194,0.0033458227,0.26353958,70000.0,151467.4,149824.05,149824.05,0.019309817,10.343526,8.540149,8.540149
4.2492194,0.004230051,0.30342397,70000.0,151467.36,149824.05,149824.06,0.019309817,10.343256,8.540152,8.54015
4.2492194,0.0039813607,0.30384094,70000.0,151467.4,149824.06,149824.08,0.019309817,10.343294,8.54015,8.540152
4.2492194,0.0037638315,0.27857736,70000.0,151467.34,149824.08,149824.06,0.019309817,10.343484,8.540151,8.54015
4.2492194,0.0032962665,0.26249456,70000.0,151467.38,149824.05,149824.06,0.019309817,10.343714,8.54015,8.540149
4.2492194,0.003452559,0.2591812,70000.0,151467.42,149824.06,149824.06,0.019309817,10.343379,8.540149,8.540151
4.2492194,0.0040490553,0.29825416,70000.0,151467.34,149824.06,149824.05,0.019309817,10.343397,8.540149,8.540148
4.2492194,0.003822036,0.27997842,70000.0,151467.38,149824.03,149824.03,0.019309817,10.343627,8.540149,8.54015
4.2492194,0.0038548913,0.26810583,70000.0,151467.36,149824.06,149824.05,0.019309817,10.343453,8.540149,8.54015
4.2492194,0.0038129801,0.26500905,70000.0,151467.36,149824.08,149824.06,0.019309817,10.343153,8.540149,8.54015
4.2492194,0.004931744,0.32471085,70000.0,151467.3,149824.06,149824.05,0.019309817,10.343442,8.54015,8.54015
4.2492194,0.003892139,0.29156658,70000.0,151467.38,149824.05,149824.08,0.019309817,10.343223,8.54015,8.540151
4.2492194,0.0036886719,0.2637567,70000.0,151467.39,149824.05,149824.06,0.019309817,10.343348,8.540151,8.54015
4.2492194,0.0033351048,0.25772893,70000.0,151467.34,149824.05,149824.1,0.019309817,10.343242,8.540149,8.54015
4.2492194,0.0038205322,0.2748667,70000.0,151467.4,149824.06,149824.08,0.019309817,10.343474,8.54015,8.54015
4.2492194,0.0035517546,0.27251193,70000.0,151467.34,149824.06,149824.05,0.019309817,10.343236,8.540151,8.54015
4.2492194,0.0036843405,0.26748538,70000.0,151467.38,149824.05,149824.05,0.019309817,10.343452,8.54015,8.54015
4.2492194,0.0039472226,0.27991933,70000.0,151467.38,149824.06,149824.05,0.019309817,10.343648,8.540151,8.54015
4.2492194,0.0036537691,0.28092083,70000.0,151467.36,149824.05,149824.05,0.019309817,10.343493,8.540149,8.540149
4.2492194,0.004079416,0.29152098,70000.0,151467.34,149824.08,149824.05,0.019309817,10.343304,8.540149,8.540149
4.2492194,0.0038987969,0.2945214,70000.0,151467.38,149824.06,149824.05,0.019309817,10.343162,8.54015,8.54015
4.2492194,0.0045041614,0.31692186,70000.0,151467.39,149824.05,149824.05,0.019309817,10.343238,8.54015,8.540149
4.2492194,0.004476927,0.31850106,70000.0,151467.38,149824.08,149824.08,0.019309817,10.343645,8.540151,8.54015
4.2492194,0.0038833546,0.29169554,70000.0,151467.39,149824.05,149824.05,0.019309817,10.3433075,8.54015,8.54015
4.2492194,0.004099942,0.2954342,70000.0,151467.44,149824.03,149824.05,0.019309817,10.343321,8.540149,8.54015
4.2492194,0.003976909,0.29795998,70000.0,151467.44,149824.06,149824.06,0.019309817,10.343528,8.54015,8.540149
4.2492194,0.0042295856,0.30223182,70000.0,151467.4,149824.06,149824.05,0.019309817,10.343376,8.54015,8.540151
4.2492194,0.004580734,0.31133112,70000.0,151467.4,149824.08,149824.06,0.019309817,10.343562,8.540149,8.540151
4.2492194,0.0041065845,0.293019,70000.0,151467.42,149824.05,149824.06,0.019309817,10.343273,8.54015,8.540149
4.2492194,0.003985982,0.29856429,70000.0,151467.38,149824.06,149824.06,0.019309817,10.3433895,8.540148,8.54015
4.2492194,0.0043330346,0.31186813,70000.0,151467.4,149824.05,149824.05,0.019309817,10.343594,8.54015,8.54015
4.2492194,0.0039444175,0.2851549,70000.0,151467.38,149824.08,149824.06,0.019309817,10.3436165,8.54015,8.54015
4.2492194,0.0040237163,0.29787615,70000.0,151467.44,149824.03,149824.06,0.019309817,10.343607,8.540151,8.54015
4.2492194,0.003943245,0.2917013,70000.0,151467.4,149824.06,149824.05,0.019309817,10.3432255,8.540151,8.54015
4.2492194,0.0040886924,0.29905817,70000.0,151467.42,149824.05,149824.05,0.019309817,10.343482,8.54015,8.54015
4.2492194,0.004163632,0.34544107,70000.0,151467.4,149824.08,149824.06,0.019309817,10.34356,8.540149,8.54015
4.2492194,0.00372719,0.2868431,70000.0,151467.38,149824.03,149824.05,0.019309817,10.343149,8.54015,8.540149
4.2492194,0.0037904403,0.28288025,70000.0,151467.38,149824.05,149824.06,0.019309817,10.343294,8.54015,8.540149
4.2492194,0.004074499,0.30333367,70000.0,151467.36,149824.06,149824.06,0.019309817,10.343209,8.540149,8.540151
4.2492194,0.004438815,0.29749152,70000.0,151467.34,149824.05,149824.05,0.019309817,10.3429365,8.540151,8.540151
4.2492194,0.0040646126,0.29863697,70000.0,151467.39,149824.03,149824.06,0.019309817,10.343923,8.54015,8.54015
4.2492194,0.0033177356,0.28304628,70000.0,151467.36,149824.05,149824.05,0.019309817,10.343116,8.540149,8.54015
4.2492194,0.003858074,0.2862959,70000.0,151467.36,149824.06,149824.05,0.019309817,10.343342,8.54015,8.54015
4.2492194,0.0034477215,0.28066108,70000.0,151467.39,149824.06,149824.05,0.019309817,10.34358,8.540151,8.54015
4.2492194,0.00406179,0.28755516,70000.0,151467.36,149824.05,149824.03,0.019309817,10.3433695,8.54015,8.54015
4.2492194,0.0038792123,0.2794933,70000.0,151467.38,149824.06,149824.1,0.019309817,10.343407,8.540151,8.540151
4.2492194,0.0038259423,0.29504848,70000.0,151467.36,149824.06,149824.06,0.019309817,10.3434305,8.54015,8.540151
4.2492194,0.0036692682,0.28849077,70000.0,151467.39,149824.06,149824.06,0.019309817,10.343309,8.540151,8.54015
4.2492194,0.0037019106,0.28431737,70000.0,151467.39,149824.05,149824.06,0.019309817,10.343736,8.54015,8.54015
4.2492194,0.0040166005,0.29530895,70000.0,151467.33,149824.08,149824.05,0.019309817,10.342998,8.54015,8.540151
4.2492194,0.0037277495,0.28380737,70000.0,151467.38,149824.06,149824.03,0.019309817,10.343435,8.54015,8.54015
4.2492194,0.0038216524,0.2871105,70000.0,151467.4,149824.05,149824.05,0.019309817,10.343839,8.54015,8.54015
4.2492194,0.0038425792,0.2909654,70000.0,151467.4,149824.05,149824.05,0.019309817,10.343424,8.540149,8.54015
4.2492194,0.0050836625,0.31906044,70000.0,151467.33,149824.05,149824.05,0.019309817,10.34327,8.54015,8.54015
4.2492194,0.004726474,0.31553647,70000.0,151467.36,149824.05,149824.05,0.019309817,10.343182,8.54015,8.540149
4.2492194,0.0048788325,0.32487476,70000.0,151467.39,149824.06,149824.06,0.019309817,10.343595,8.540149,8.54015
4.2492194,0.00410194,0.28788584,70000.0,151467.44,149824.03,149824.05,0.019309817,10.343661,8.54015,8.54015
4.2492194,0.004134275,0.29101914,70000.0,151467.39,149824.06,149824.05,0.019309817,10.343587,8.54015,8.54015
4.2492194,0.003536118,0.27962267,70000.0,151467.42,149824.08,149824.05,0.019309817,10.343809,8.54015,8.54015
4.2492194,0.003881375,0.28966293,70000.0,151467.34,149824.03,149824.05,0.019309817,10.343332,8.54015,8.54015
4.2492194,0.0036651432,0.28232205,70000.0,151467.42,149824.05,149824.06,0.019309817,10.343506,8.540149,8.540149
4.2492194,0.004147198,0.29884592,70000.0,151467.4,149824.05,149824.06,0.019309817,10.343263,8.540149,8.54015
4.2492194,0.0038577898,0.28765336,70000.0,151467.39,149824.06,149824.05,0.019309817,10.343469,8.540149,8.540149
4.2492194,0.004122128,0.30092123,70000.0,151467.42,149824.06,149824.06,0.019309817,10.34338,8.540149,8.540151
4.2492194,0.0043973452,0.3197774,70000.0,151467.39,149824.06,149824.05,0.019309817,10.343316,8.54015,8.540149
4.2492194,0.0034952792,0.27321193,70000.0,151467.42,149824.05,149824.06,0.019309817,10.343302,8.540149,8.54015
4.2492194,0.0040339134,0.30041122,70000.0,151467.4,149824.05,149824.06,0.019309817,10.34324,8.54015,8.54015
4.2492194,0.0038549732,0.29209378,70000.0,151467.39,149824.05,149824.05,0.019309817,10.343723,8.54015,8.540149
4.2492194,0.0041234675,0.28261557,70000.0,151467.4,149824.06,149824.03,0.019309817,10.343481,8.54015,8.54015
4.2492194,0.0043374225,0.28669393,70000.0,151467.34,149824.06,149824.06,0.019309817,10.343434,8.540151,8.54015
4.2492194,0.0036717833,0.29162493,70000.0,151467.33,149824.05,149824.08,0.019309817,10.343247,8.54015,8.54015
4.2492194,0.0037402909,0.28746048,70000.0,151467.31,149824.03,149824.06,0.019309817,10.342882,8.54015,8.540151
4.2492194,0.0036388712,0.28790256,70000.0,151467.33,149824.05,149824.05,0.019309817,10.343315,8.54015,8.54015
4.2492194,0.004308185,0.3060459,70000.0,151467.38,149824.06,149824.03,0.019309817,10.343132,8.540149,8.540149
4.2492194,0.0036805943,0.30359164,70000.0,151467.42,149824.06,149824.05,0.019309817,10.343928,8.54015,8.54015
4.2492194,0.003519073,0.30581662,70000.0,151467.38,149824.05,149824.05,0.019309817,10.343336,8.54015,8.540149
4.2492194,0.004559937,0.30600402,70000.0,151467.36,149824.06,149824.06,0.019309817,10.343195,8.540149,8.54015
4.2492194,0.0034935342,0.2666488,70000.0,151467.39,149824.06,149824.05,0.019309817,10.343121,8.54015,8.54015
4.2492194,0.0035328823,0.27126312,70000.0,151467.42,149824.05,149824.08,0.019309817,10.34364,8.54015,8.54015
4.2492194,0.0039247302,0.2717442,70000.0,151467.47,149824.06,149824.05,0.019309817,10.343854,8.54015,8.540149
4.2492194,0.0042959573,0.2979464,70000.0,151467.38,149824.05,149824.05,0.019309817,10.343498,8.54015,8.54015
4.2492194,0.003593996,0.28079307,70000.0,151467.39,149824.03,149824.05,0.019309817,10.343426,8.540149,8.54015
4.2492194,0.0037281713,0.27565083,70000.0,151467.4,149824.06,149824.06,0.019309817,10.34324,8.540149,8.54015
4.2492194,0.004072997,0.2893163,70000.0,151467.38,149824.06,149824.03,0.019309817,10.343365,8.540149,8.54015
4.2492194,0.0043585543,0.32055178,70000.0,151467.42,149824.03,149824.06,0.019309817,10.343454,8.540151,8.540149
4.2492194,0.0035022113,0.26771718,70000.0,151467.33,149824.05,149824.06,0.019309817,10.343005,8.54015,8.540149
4.2492194,0.0036249075,0.2813774,70000.0,151467.34,149824.08,149824.08,0.019309817,10.343347,8.54015,8.540151
4.2492194,0.0041271886,0.29053944,70000.0,151467.34,149824.08,149824.06,0.019309817,10.343117,8.54015,8.54015
4.2492194,0.0030141382,0.27228522,70000.0,151467.4,149824.06,149824.06,0.019309817,10.343408,8.540149,8.540149
4.2492194,0.0036835573,0.27786905,70000.0,151467.34,149824.05,149824.05,0.019309817,10.343634,8.54015,8.54015
4.2492194,0.004355069,0.29740837,70000.0,151467.45,149824.03,149824.05,0.019309817,10.343566,8.54015,8.540149
4.2492194,0.003801267,0.28290454,70000.0,151467.38,149824.06,149824.08,0.019309817,10.34315,8.54015,8.54015
4.2492194,0.0035334409,0.27732503,70000.0,151467.31,149824.08,149824.06,0.019309817,10.343086,8.54015,8.54015
4.2492194,0.0040296316,0.2943133,70000.0,151467.39,149824.05,149824.06,0.019309817,10.343421,8.54015,8.54015
4.2492194,0.0039673424,0.29032558,70000.0,151467.36,149824.06,149824.05,0.019309817,10.343126,8.54015,8.54015
4.2492194,0.0038720332,0.29195252,70000.0,151467.39,149824.06,149824.06,0.019309817,10.343393,8.540148,8.54015
4.2492194,0.0041849674,0.29373425,70000.0,151467.42,149824.05,149824.06,0.019309817,10.343125,8.54015,8.54015
4.2492194,0.0033805533,0.28117362,70000.0,151467.42,149824.05,149824.05,0.019309817,10.34363,8.540151,8.540149
4.2492194,0.0043531302,0.312102,70000.0,151467.39,149824.05,149824.05,0.019309817,10.343338,8.54015,8.540148
4.2492194,0.0042043664,0.3090923,70000.0,151467.36,149824.05,149824.06,0.019309817,10.343201,8.54015,8.54015
4.2492194,0.0044882027,0.30846238,70000.0,151467.31,149824.05,149824.08,0.019309817,10.343013,8.54015,8.540151
4.2492194,0.0043432936,0.30354664,70000.0,151467.39,149824.05,149824.05,0.019309817,10.343146,8.54015,8.54015
4.2492194,0.004076222,0.29404023,70000.0,151467.4,149824.03,149824.05,0.019309817,10.343283,8.54015,8.540151
4.2492194,0.004122923,0.293226,70000.0,151467.4,149824.06,149824.06,0.019309817,10.343596,8.54015,8.54015
4.2492194,0.004029545,0.29999405,70000.0,151467.34,149824.05,149824.06,0.019309817,10.343192,8.540149,8.54015
4.2492194,0.0039231125,0.29989538,70000.0,151467.42,149824.1,149824.05,0.019309817,10.343743,8.540151,8.54015
4.2492194,0.0040060487,0.29480883,70000.0,151467.38,149824.03,149824.05,0.019309817,10.343079,8.540149,8.540149
4.2492194,0.0039653354,0.306751,70000.0,151467.4,149824.06,149824.08,0.019309817,10.343588,8.54015,8.540151
4.2492194,0.003899513,0.2916022,70000.0,151467.4,149824.03,149824.05,0.019309817,10.343326,8.540149,8.540151
4.2492194,0.0046600974,0.30414996,70000.0,151467.38,149824.06,149824.05,0.019309817,10.343183,8.540149,8.540149
4.2492194,0.0045784507,0.3019027,70000.0,151467.45,149824.06,149824.05,0.019309817,10.343529,8.54015,8.540149
4.2492194,0.003695241,0.28400186,70000.0,151467.33,149824.06,149824.06,0.019309817,10.343204,8.540149,8.540149
4.2492194,0.0038476351,0.29680493,70000.0,151467.44,149824.05,149824.03,0.019309817,10.343599,8.54015,8.54015
4.2492194,0.00393158,0.2987147,70000.0,151467.34,149824.06,149824.05,0.019309817,10.343237,8.54015,8.54015
4.2492194,0.004655993,0.31711245,70000.0,151467.39,149824.05,149824.08,0.019309817,10.343281,8.540151,8.540151
4.2492194,0.0039042006,0.30182096,70000.0,151467.38,149824.05,149824.03,0.019309817,10.3433895,8.540149,8.54015
4.2492194,0.0038453168,0.28995967,70000.0,151467.4,149824.05,149824.05,0.019309817,10.343284,8.54015,8.54015
4.2492194,0.0033751545,0.27650875,70000.0,151467.36,149824.05,149824.06,0.019309817,10.343257,8.54015,8.54015
4.2492194,0.0044182157,0.30029625,70000.0,151467.38,149824.05,149824.06,0.019309817,10.343261,8.540151,8.54015
4.2492194,0.0043050633,0.29622364,70000.0,151467.38,149824.05,149824.05,0.019309817,10.343341,8.54015,8.54015
4.2492194,0.0041835653,0.30276206,70000.0,151467.44,149824.05,149824.03,0.019309817,10.343492,8.54015,8.54015
4.2492194,0.0042688744,0.3105806,70000.0,151467.42,149824.06,149824.05,0.019309817,10.343861,8.540149,8.54015
4.2492194,0.0038727417,0.30501553,70000.0,151467.31,149824.06,149824.05,0.019309817,10.343292,8.540148,8.540149
4.2492194,0.0038253888,0.2868419,70000.0,151467.36,149824.05,149824.06,0.019309817,10.343503,8.54015,8.540149
4.2492194,0.003989617,0.29125187,70000.0,151467.39,149824.05,149824.05,0.019309817,10.343481,8.540152,8.54015
4.2492194,0.004415849,0.32660785,70000.0,151467.42,149824.05,149824.08,0.019309817,10.343604,8.54015,8.540151
4.2492194,0.003818897,0.29663345,70000.0,151467.34,149824.05,149824.05,0.019309817,10.3436775,8.54015,8.540149
4.2492194,0.0039625657,0.281599,70000.0,151467.38,149824.06,149824.05,0.019309817,10.343606,8.54015,8.54015
4.2492194,0.004141557,0.2975624,70000.0,151467.33,149824.05,149824.05,0.019309817,10.34348,8.540149,8.540149
4.2492194,0.0034910073,0.2928746,70000.0,151467.38,149824.06,149824.06,0.019309817,10.343338,8.54015,8.540149
4.2492194,0.0039823754,0.29126784,70000.0,151467.39,149824.06,149824.08,0.019309817,10.343261,8.54015,8.54015
4.2492194,0.0037636291,0.29264167,70000.0,151467.45,149824.05,149824.05,0.019309817,10.343667,8.54015,8.54015
4.2492194,0.004137803,0.31168124,70000.0,151467.47,149824.06,149824.06,0.019309817,10.343536,8.54015,8.540149
4.2492194,0.0040490385,0.3098124,70000.0,151467.44,149824.05,149824.06,0.019309817,10.34362,8.54015,8.54015
4.2492194,0.0033722671,0.2839497,70000.0,151467.33,149824.05,149824.08,0.019309817,10.343304,8.54015,8.54015
4.2492194,0.0031699343,0.26123765,70000.0,151467.4,149824.05,149824.06,0.019309817,10.3439,8.540151,8.54015
4.2492194,0.003197598,0.27227998,70000.0,151467.36,149824.03,149824.06,0.019309817,10.343312,8.54015,8.540149
4.2492194,0.003750681,0.27363238,70000.0,151467.48,149824.05,149824.06,0.019309817,10.343964,8.54015,8.540151
4.2492194,0.0042670537,0.3019877,70000.0,151467.4,149824.05,149824.05,0.019309817,10.343443,8.54015,8.540149
4.2492194,0.0042120675,0.310005,70000.0,151467.44,149824.05,149824.08,0.019309817,10.343731,8.540149,8.54015
4.2492194,0.0043337666,0.31671992,70000.0,151467.38,149824.05,149824.05,0.019309817,10.343581,8.54015,8.54015
4.2492194,0.0046709576,0.30403036,70000.0,151467.39,149824.05,149824.06,0.019309817,10.3433695,8.540149,8.54015
4.2492194,0.004549389,0.31305677,70000.0,151467.34,149824.06,149824.06,0.019309817,10.343303,8.54015,8.540151
4.2492194,0.0042232363,0.29584268,70000.0,151467.31,149824.03,149824.06,0.019309817,10.342984,8.54015,8.54015
4.2492194,0.0043099825,0.3102967,70000.0,151467.42,149824.05,149824.06,0.019309817,10.343583,8.54015,8.540151
4.2492194,0.003924176,0.29484534,70000.0,151467.39,149824.06,149824.05,0.019309817,10.343311,8.54015,8.54015
4.2492194,0.0038518745,0.29105812,70000.0,151467.45,149824.05,149824.06,0.019309817,10.343578,8.540151,8.54015
4.2492194,0.0044165473,0.29854497,70000.0,151467.38,149824.05,149824.05,0.019309817,10.343433,8.540151,8.54015
4.2492194,0.00339476,0.27827117,70000.0,151467.39,149824.08,149824.06,0.019309817,10.343503,8.540149,8.54015
4.2492194,0.0033979074,0.27104867,70000.0,151467.39,149824.06,149824.06,0.019309817,10.343556,8.54015,8.540151
4.2492194,0.004459721,0.30376574,70000.0,151467.4,149824.06,149824.06,0.019309817,10.343672,8.540149,8.540149
4.2492194,0.0037120443,0.28050694,70000.0,151467.44,149824.06,149824.03,0.019309817,10.343467,8.540149,8.540151
4.2492194,0.0042621624,0.33062258,70000.0,151467.36,149824.08,149824.03,0.019309817,10.343727,8.54015,8.540151
4.2492194,0.0038906166,0.28172773,70000.0,151467.36,149824.06,149824.05,0.019309817,10.343549,8.54015,8.54015
4.2492194,0.0039962204,0.2882212,70000.0,151467.42,149824.05,149824.05,0.019309817,10.343493,8.54015,8.54015
4.2492194,0.0041781934,0.28781664,70000.0,151467.44,149824.05,149824.05,0.019309817,10.343537,8.540149,8.540149
4.2492194,0.0035978719,0.27778706,70000.0,151467.36,149824.06,149824.06,0.019309817,10.343336,8.54015,8.54015
4.2492194,0.0038218137,0.28626466,70000.0,151467.47,149824.06,149824.06,0.019309817,10.343472,8.540149,8.540149
4.2492194,0.0039103003,0.27898425,70000.0,151467.4,149824.03,149824.06,0.019309817,10.343519,8.54015,8.54015
4.2492194,0.003798409,0.29086977,70000.0,151467.45,149824.03,149824.06,0.019309817,10.3435755,8.54015,8.54015
4.2492194,0.0035980935,0.299784,70000.0,151467.39,149824.06,149824.05,0.019309817,10.343604,8.54015,8.540149
4.2492194,0.003346837,0.28207448,70000.0,151467.33,149824.05,149824.06,0.019309817,10.343269,8.540148,8.54015
4.2492194,0.0043331543,0.31408718,70000.0,151467.39,149824.05,149824.05,0.019309817,10.343528,8.54015,8.54015
4.2492194,0.004467331,0.31276482,70000.0,151467.4,149824.08,149824.06,0.019309817,10.343362,8.540149,8.54015
4.2492194,0.0043228655,0.28517863,70000.0,151467.36,149824.05,149824.05,0.019309817,10.343641,8.54015,8.540151
4.2492194,0.0044469647,0.29495975,70000.0,151467.38,149824.05,149824.05,0.019309817,10.343468,8.540149,8.540149
4.2492194,0.003783788,0.29619044,70000.0,151467.4,149824.06,149824.06,0.019309817,10.343757,8.54015,8.54015
4.2492194,0.0042299074,0.29447302,70000.0,151467.33,149824.06,149824.05,0.019309817,10.343176,8.540149,8.540149
4.2492194,0.0038433634,0.29274088,70000.0,151467.47,149824.03,149824.05,0.019309817,10.343632,8.54015,8.540149
4.2492194,0.004607597,0.33005333,70000.0,151467.33,149824.06,149824.05,0.019309817,10.343143,8.54015,8.54015
4.2492194,0.0040729535,0.300781,70000.0,151467.4,149824.06,149824.05,0.019309817,10.343352,8.540149,8.54015
4.2492194,0.004009065,0.30453467,70000.0,151467.42,149824.06,149824.05,0.019309817,10.34385,8.54015,8.540149
4.2492194,0.0035861377,0.2828907,70000.0,151467.34,149824.05,149824.06,0.019309817,10.343441,8.54015,8.540151
4.2492194,0.0042264313,0.3126336,70000.0,151467.36,149824.06,149824.08,0.019309817,10.343152,8.540149,8.540149
4.2492194,0.003907113,0.29911232,70000.0,151467.39,149824.05,149824.06,0.019309817,10.343658,8.54015,8.540151
4.2492194,0.0040734285,0.2996894,70000.0,151467.39,149824.06,149824.03,0.019309817,10.343343,8.540149,8.540151
4.2492194,0.004017399,0.2831877,70000.0,151467.33,149824.05,149824.03,0.019309817,10.343414,8.54015,8.54015
4.2492194,0.0038700101,0.29450393,70000.0,151467.36,149824.06,149824.06,0.019309817,10.343363,8.54015,8.54015
4.2492194,0.0039435127,0.28706723,70000.0,151467.38,149824.05,149824.05,0.019309817,10.343492,8.540149,8.540149
4.2492194,0.0039076246,0.29187223,70000.0,151467.39,149824.06,149824.03,0.019309817,10.343572,8.54015,8.540149
4.2492194,0.0036636344,0.27732372,70000.0,151467.34,149824.05,149824.05,0.019309817,10.343395,8.54015,8.54015
4.2492194,0.008703262,0.5093131,70000.0,151467.39,149824.05,149824.08,0.019309817,10.343384,8.54015,8.540151
4.2492194,0.004039678,0.2947351,70000.0,151467.31,149824.08,149824.06,0.019309817,10.343386,8.540149,8.540149
4.2492194,0.004140052,0.30343515,70000.0,151467.36,149824.05,149824.05,0.019309817,10.343183,8.54015,8.54015
4.2492194,0.0043023177,0.30597538,70000.0,151467.4,149824.06,149824.06,0.019309817,10.343406,8.54015,8.54015
4.2492194,0.0037415472,0.27453905,70000.0,151467.33,149824.05,149824.05,0.019309817,10.343247,8.54015,8.540149
4.2492194,0.003470854,0.28405738,70000.0,151467.36,149824.05,149824.05,0.019309817,10.343318,8.54015,8.540151
4.2492194,0.003944474,0.2934426,70000.0,151467.4,149824.03,149824.06,0.019309817,10.343614,8.54015,8.54015
4.2492194,0.0031664907,0.27288848,70000.0,151467.38,149824.05,149824.06,0.019309817,10.34329,8.54015,8.540151
4.2492194,0.0040153963,0.2997305,70000.0,151467.34,149824.06,149824.05,0.019309817,10.343344,8.540149,8.540151
4.2492194,0.0040253145,0.29684037,70000.0,151467.36,149824.05,149824.06,0.019309817,10.343883,8.540149,8.54015
4.2492194,0.004370243,0.30146515,70000.0,151467.4,149824.05,149824.05,0.019309817,10.343554,8.540151,8.54015
4.2492194,0.004280328,0.30499914,70000.0,151467.31,149824.05,149824.06,0.019309817,10.343062,8.540149,8.540151
4.2492194,0.0038058097,0.30135077,70000.0,151467.36,149824.06,149824.06,0.019309817,10.343486,8.54015,8.54015
4.2492194,0.004522938,0.31911376,70000.0,151467.36,149824.05,149824.08,0.019309817,10.34332,8.540149,8.540149
4.2492194,0.0045945267,0.31928018,70000.0,151467.38,149824.03,149824.05,0.019309817,10.343564,8.540149,8.54015
4.2492194,0.0037341567,0.2848337,70000.0,151467.38,149824.05,149824.08,0.019309817,10.343236,8.540149,8.540151
4.2492194,0.0040070517,0.29825363,70000.0,151467.36,149824.05,149824.08,0.019309817,10.343714,8.54015,8.540151
4.2492194,0.0040806225,0.295184,70000.0,151467.42,149824.06,149824.05,0.019309817,10.343565,8.54015,8.54015
4.2492194,0.0035205954,0.2623461,70000.0,151467.36,149824.06,149824.08,0.019309817,10.343314,8.540149,8.54015
4.2492194,0.0039035724,0.29271522,70000.0,151467.38,149824.06,149824.03,0.019309817,10.343276,8.54015,8.54015
4.2492194,0.0031747525,0.25609246,70000.0,151467.38,149824.03,149824.06,0.019309817,10.343662,8.54015,8.54015
4.2492194,0.0040053483,0.30279776,70000.0,151467.42,149824.05,149824.05,0.019309817,10.34363,8.540149,8.54015
4.2492194,0.004215327,0.3059042,70000.0,151467.38,149824.05,149824.06,0.019309817,10.343683,8.540151,8.540149
4.2492194,0.00419773,0.30182505,70000.0,151467.38,149824.05,149824.05,0.019309817,10.343109,8.54015,8.540149
4.2492194,0.003864898,0.2800388,70000.0,151467.44,149824.08,149824.05,0.019309817,10.343447,8.54015,8.54015
4.2492194,0.0045262277,0.3040861,70000.0,151467.38,149824.06,149824.06,0.019309817,10.34319,8.540149,8.540151
4.2492194,0.0040615695,0.2878281,70000.0,151467.45,149824.06,149824.06,0.019309817,10.343638,8.540148,8.540151
4.2492194,0.0041915397,0.29041016,70000.0,151467.38,149824.06,149824.05,0.019309817,10.343293,8.54015,8.540149
4.2492194,0.003553035,0.2705625,70000.0,151467.38,149824.05,149824.05,0.019309817,10.343121,8.54015,8.54015
4.2492194,0.0036737039,0.2813912,70000.0,151467.4,149824.06,149824.05,0.019309817,10.343414,8.540149,8.540149
4.2492194,0.0037537743,0.27612293,70000.0,151467.39,149824.06,149824.06,0.019309817,10.34339,8.54015,8.54015
4.2492194,0.004241915,0.29910967,70000.0,151467.33,149824.05,149824.05,0.019309817,10.343327,8.540149,8.54015
4.2492194,0.004005115,0.29739925,70000.0,151467.38,149824.05,149824.05,0.019309817,10.343329,8.540149,8.54015
4.2492194,0.0038670867,0.28455323,70000.0,151467.4,149824.05,149824.05,0.019309817,10.343423,8.540148,8.540149
4.2492194,0.004086651,0.29110757,70000.0,151467.38,149824.03,149824.06,0.019309817,10.343196,8.540149,8.540151
4.2492194,0.0035454943,0.2811277,70000.0,151467.34,149824.06,149824.06,0.019309817,10.343294,8.54015,8.54015
4.2492194,0.003823844,0.2817774,70000.0,151467.44,149824.06,149824.06,0.019309817,10.343768,8.540149,8.54015
4.2492194,0.003718116,0.29171282,70000.0,151467.4,149824.06,149824.06,0.019309817,10.343273,8.54015,8.54015
4.2492194,0.004300515,0.32629097,70000.0,151467.38,149824.03,149824.05,0.019309817,10.343066,8.540151,8.540151
4.2492194,0.0043232576,0.3238018,70000.0,151467.42,149824.05,149824.08,0.019309817,10.343427,8.54015,8.540151
4.2492194,0.003826298,0.2749762,70000.0,151467.36,149824.03,149824.06,0.019309817,10.343676,8.54015,8.54015
4.2492194,0.0034992052,0.2871143,70000.0,151467.34,149824.06,149824.05,0.019309817,10.343296,8.54015,8.54015
4.2492194,0.0032589687,0.27220917,70000.0,151467.38,149824.06,149824.06,0.019309817,10.343485,8.54015,8.540149
4.2492194,0.004224223,0.2889231,70000.0,151467.36,149824.05,149824.08,0.019309817,10.343698,8.540151,8.540149
4.2492194,0.0038150274,0.27479592,70000.0,151467.33,149824.06,149824.03,0.019309817,10.3431015,8.540149,8.54015
4.2492194,0.003739325,0.28986043,70000.0,151467.38,149824.06,149824.08,0.019309817,10.343283,8.54015,8.54015
4.2492194,0.0037243199,0.27296788,70000.0,151467.44,149824.06,149824.06,0.019309817,10.3434105,8.54015,8.54015
4.2492194,0.004037293,0.27935803,70000.0,151467.44,149824.05,149824.05,0.019309817,10.343581,8.540149,8.540149
4.2492194,0.004079167,0.29634842,70000.0,151467.38,149824.06,149824.06,0.019309817,10.343629,8.540149,8.54015
4.2492194,0.004196485,0.2870446,70000.0,151467.39,149824.05,149824.05,0.019309817,10.343649,8.54015,8.540149
4.2492194,0.0038149108,0.29348323,70000.0,151467.39,149824.03,149824.06,0.019309817,10.343567,8.54015,8.54015
4.2492194,0.0033996003,0.26817438,70000.0,151467.38,149824.06,149824.06,0.019309817,10.343524,8.54015,8.540149
4.2492194,0.003610283,0.2849,70000.0,151467.4,149824.06,149824.05,0.019309817,10.34362,8.54015,8.54015
4.2492194,0.0041043824,0.2933156,70000.0,151467.39,149824.05,149824.03,0.019309817,10.343435,8.54015,8.54015
4.2492194,0.003858427,0.29306242,70000.0,151467.31,149824.05,149824.08,0.019309817,10.343145,8.540151,8.54015
4.2492194,0.0035389848,0.27367106,70000.0,151467.36,149824.06,149824.05,0.019309817,10.343326,8.54015,8.54015
4.2492194,0.0040063704,0.283591,70000.0,151467.38,149824.05,149824.06,0.019309817,10.3433695,8.54015,8.54015
4.2492194,0.0043139593,0.2911109,70000.0,151467.34,149824.06,149824.05,0.019309817,10.343143,8.54015,8.540149
4.2492194,0.004201605,0.2917984,70000.0,151467.39,149824.06,149824.05,0.019309817,10.343339,8.54015,8.540151
4.2492194,0.003554599,0.27238014,70000.0,151467.36,149824.05,149824.06,0.019309817,10.343549,8.540149,8.540151
4.2492194,0.0035420205,0.2692501,70000.0,151467.44,149824.06,149824.08,0.019309817,10.343265,8.54015,8.54015
4.2492194,0.0041738516,0.29982904,70000.0,151467.4,149824.05,149824.06,0.019309817,10.343333,8.540149,8.54015
4.2492194,0.0033491668,0.27197137,70000.0,151467.38,149824.03,149824.06,0.019309817,10.343388,8.540149,8.54015
4.2492194,0.00368927,0.2812066,70000.0,151467.39,149824.05,149824.06,0.019309817,10.343247,8.540151,8.540151
4.2492194,0.0037259725,0.2806856,70000.0,151467.45,149824.06,149824.05,0.019309817,10.343513,8.540149,8.54015
4.2492194,0.0041883267,0.29474995,70000.0,151467.39,149824.05,149824.06,0.019309817,10.343214,8.540149,8.54015
4.2492194,0.0034873215,0.2776601,70000.0,151467.4,149824.05,149824.05,0.019309817,10.343363,8.54015,8.54015
4.2492194,0.0037841594,0.29381964,70000.0,151467.39,149824.05,149824.06,0.019309817,10.343492,8.540148,8.54015
4.2492194,0.003863354,0.2900446,70000.0,151467.38,149824.08,149824.08,0.019309817,10.343623,8.54015,8.540151
4.2492194,0.0042651338,0.31513458,70000.0,151467.44,149824.06,149824.06,0.019309817,10.343422,8.540149,8.540149
4.2492194,0.004120516,0.2934166,70000.0,151467.33,149824.05,149824.06,0.019309817,10.343276,8.540149,8.54015
4.2492194,0.00378458,0.29364637,70000.0,151467.34,149824.05,149824.05,0.019309817,10.34327,8.54015,8.54015
4.2492194,0.0037958643,0.29405552,70000.0,151467.39,149824.06,149824.06,0.019309817,10.343424,8.540149,8.540149
4.2492194,0.004361035,0.29242194,70000.0,151467.4,149824.05,149824.03,0.019309817,10.34349,8.540149,8.54015
4.2492194,0.0037768595,0.28021696,70000.0,151467.45,149824.06,149824.05,0.019309817,10.343787,8.54015,8.540151
4.2492194,0.0040541445,0.2939237,70000.0,151467.36,149824.06,149824.05,0.019309817,10.343678,8.54015,8.540149
4.2492194,0.0038903712,0.2890431,70000.0,151467.36,149824.06,149824.05,0.019309817,10.343334,8.54015,8.540151
4.2492194,0.0041076555,0.29237378,70000.0,151467.42,149824.05,149824.05,0.019309817,10.343604,8.540151,8.540149
4.2492194,0.0037409922,0.2906631,70000.0,151467.44,149824.03,149824.06,0.019309817,10.343427,8.54015,8.540149
4.2492194,0.0034127568,0.2713263,70000.0,151467.39,149824.05,149824.05,0.019309817,10.343312,8.540149,8.540149
4.2492194,0.0038547327,0.29263094,70000.0,151467.44,149824.05,149824.05,0.019309817,10.3437195,8.540149,8.54015
4.2492194,0.003845139,0.29413104,70000.0,151467.39,149824.06,149824.06,0.019309817,10.34349,8.54015,8.54015
4.2492194,0.004053637,0.28579286,70000.0,151467.39,149824.06,149824.06,0.019309817,10.343255,8.540149,8.54015
4.2492194,0.0039662565,0.28562886,70000.0,151467.4,149824.05,149824.06,0.019309817,10.343702,8.540149,8.540149
4.2492194,0.0034626727,0.2822072,70000.0,151467.31,149824.06,149824.08,0.019309817,10.343206,8.540149,8.540151
4.2492194,0.003526723,0.2794457,70000.0,151467.38,149824.06,149824.05,0.019309817,10.343428,8.54015,8.54015
4.2492194,0.0040201275,0.28447872,70000.0,151467.4,149824.05,149824.06,0.019309817,10.343428,8.54015,8.54015
4.2492194,0.0041087326,0.2837239,70000.0,151467.34,149824.08,149824.05,0.019309817,10.343226,8.540151,8.54015
4.2492194,0.003987514,0.2942695,70000.0,151467.42,149824.05,149824.06,0.019309817,10.343446,8.54015,8.54015
1.796399e+25,0.83045423,0.9964411,310000.0,151467.36,149824.06,149824.05,18.954678,10.343482,8.54015,8.5401535
1.796399e+25,0.8430681,0.99689424,310000.0,151467.39,149824.05,149824.05,18.954678,10.3429785,8.54015,8.540154
1.796399e+25,0.8660678,0.99718744,310000.0,151467.4,149824.06,149824.03,18.954678,10.343548,8.54015,8.540154
1.796399e+25,0.86606115,0.99865705,310000.0,151467.36,149824.05,149824.06,18.954678,10.343284,8.54015,8.540154
1.796399e+25,0.838134,0.9967263,310000.0,151467.39,149824.06,149824.05,18.954678,10.343595,8.540151,8.5401535
1.796399e+25,0.84477645,0.9961132,310000.0,151467.36,149824.02,149824.06,18.954678,10.34353,8.54015,8.5401535
1.796399e+25,0.83931535,0.99650383,310000.0,151467.39,149824.05,149824.05,18.954678,10.343551,8.540149,8.540154
1.796399e+25,0.8743612,0.99726874,310000.0,151467.4,149824.05,149824.06,18.954678,10.343418,8.540151,8.540154
1.796399e+25,0.8598935,0.9977124,310000.0,151467.33,149824.06,149824.05,18.954678,10.343321,8.54015,8.5401535
1.796399e+25,0.85561997,0.99769455,310000.0,151467.4,149824.05,149824.03,18.954678,10.343514,8.540148,8.5401535
1.796399e+25,0.85665655,0.9973274,310000.0,151467.39,149824.05,149824.05,18.954678,10.343353,8.54015,8.5401535
1.796399e+25,0.84322685,0.9972583,310000.0,151467.42,149824.03,149824.05,18.954678,10.3434725,8.540149,8.5401535
1.796399e+25,0.8630027,0.9966141,310000.0,151467.42,149824.05,149824.06,18.954678,10.343633,8.54015,8.540154
1.796399e+25,0.8628281,0.99831975,310000.0,151467.4,149824.05,149824.02,18.954678,10.343271,8.54015,8.5401535
1.796399e+25,0.8684866,0.99842983,310000.0,151467.4,149824.06,149824.08,18.954678,10.343642,8.540151,8.540154
1.796399e+25,0.8747171,0.9984296,310000.0,151467.38,149824.06,149824.05,18.954678,10.343527,8.540149,8.540154
1.796399e+25,0.856148,0.9970294,310000.0,151467.39,149824.05,149824.06,18.954678,10.343291,8.54015,8.5401535
1.796399e+25,0.8550078,0.99578923,310000.0,151467.34,149824.06,149824.06,18.954678,10.34326,8.54015,8.540154
1.796399e+25,0.87363875,0.99702746,310000.0,151467.39,149824.06,149824.06,18.954678,10.343483,8.54015,8.5401535
1.796399e+25,0.8457442,0.9961336,310000.0,151467.44,149824.05,149824.06,18.954678,10.343517,8.540151,8.5401535
1.796399e+25,0.8670644,0.9973384,310000.0,151467.4,149824.05,149824.06,18.954678,10.343291,8.54015,8.5401535
1.796399e+25,0.83468145,0.9958276,310000.0,151467.44,149824.08,149824.05,18.954678,10.343834,8.54015,8.5401535
1.796399e+25,0.8310906,0.99536663,310000.0,151467.4,149824.06,149824.05,18.954678,10.343409,8.540149,8.5401535
1.796399e+25,0.8656861,0.99783295,310000.0,151467.39,149824.05,149824.05,18.954678,10.343332,8.540151,8.5401535
1.796399e+25,0.8543707,0.99717194,310000.0,151467.33,149824.06,149824.05,18.954678,10.343352,8.540151,8.540154
1.796399e+25,0.848902,0.9970592,310000.0,151467.44,149824.05,149824.06,18.954678,10.343884,8.54015,8.540154
1.796399e+25,0.8156875,0.99701065,310000.0,151467.31,149824.05,149824.05,18.954678,10.343325,8.540151,8.5401535
1.796399e+25,0.8511478,0.996993,310000.0,151467.4,149824.06,149824.08,18.954678,10.343718,8.54015,8.540154
1.796399e+25,0.8753597,0.99900687,310000.0,151467.34,149824.05,149824.05,18.954678,10.3434305,8.540151,8.540154
1.796399e+25,0.8553255,0.9971135,310000.0,151467.36,149824.05,149824.03,18.954678,10.343103,8.54015,8.540154
1.796399e+25,0.8580888,0.99728626,310000.0,151467.36,149824.06,149824.06,18.954678,10.343325,8.54015,8.540154
1.796399e+25,0.85119414,0.9975182,310000.0,151467.34,149824.06,149824.06,18.954678,10.343363,8.54015,8.5401535
1.796399e+25,0.8658235,0.99767,310000.0,151467.4,149824.06,149824.05,18.954678,10.343708,8.54015,8.5401535
1.796399e+25,0.8386681,0.99674255,310000.0,151467.44,149824.06,149824.05,18.954678,10.343422,8.54015,8.540154
1.796399e+25,0.84043473,0.9964068,310000.0,151467.39,149824.06,149824.06,18.954678,10.343571,8.540151,8.540154
1.796399e+25,0.8496181,0.9972838,310000.0,151467.39,149824.05,149824.05,18.954678,10.342899,8.54015,8.5401535
1.796399e+25,0.8698471,0.9970327,310000.0,151467.39,149824.06,149824.05,18.954678,10.343231,8.54015,8.540154
1.796399e+25,0.8500402,0.99720705,310000.0,151467.4,149824.05,149824.06,18.954678,10.343598,8.54015,8.5401535
1.796399e+25,0.84056354,0.9954667,310000.0,151467.42,149824.05,149824.05,18.954678,10.343705,8.540151,8.540154
1.796399e+25,0.8612906,0.99762,310000.0,151467.4,149824.06,149824.05,18.954678,10.343442,8.540151,8.5401535
1.796399e+25,0.86731553,0.9979983,310000.0,151467.39,149824.03,149824.05,18.954678,10.343436,8.54015,8.5401535
1.796399e+25,0.85220504,0.997427,310000.0,151467.39,149824.08,149824.05,18.954678,10.343286,8.540151,8.5401535
1.796399e+25,0.8583139,0.997057,310000.0,151467.44,149824.05,149824.05,18.954678,10.3434,8.540151,8.5401535
1.796399e+25,0.83047724,0.99447304,310000.0,151467.42,149824.08,149824.05,18.954678,10.343368,8.54015,8.5401535
1.796399e+25,0.8523925,0.99759465,310000.0,151467.39,149824.06,149824.03,18.954678,10.343208,8.54015,8.540154
1.796399e+25,0.8640838,0.99730086,310000.0,151467.38,149824.03,149824.03,18.954678,10.343583,8.54015,8.5401535
1.796399e+25,0.83265126,0.9950062,310000.0,151467.36,149824.05,149824.06,18.954678,10.343094,8.54015,8.540154
1.796399e+25,0.8407165,0.9973236,310000.0,151467.44,149824.06,149824.06,18.954678,10.343497,8.540149,8.5401535
1.796399e+25,0.86196,0.99768555,310000.0,151467.44,149824.05,149824.03,18.954678,10.343775,8.540149,8.5401535
1.796399e+25,0.8465335,0.9956151,310000.0,151467.38,149824.05,149824.06,18.954678,10.343276,8.540149,8.5401535
1.796399e+25,0.8464181,0.9976003,310000.0,151467.42,149824.05,149824.05,18.954678,10.343518,8.540149,8.5401535
1.796399e+25,0.8505734,0.99712956,310000.0,151467.4,149824.03,149824.05,18.954678,10.343394,8.54015,8.540154
1.796399e+25,0.8478854,0.99717695,310000.0,151467.42,149824.03,149824.05,18.954678,10.343265,8.540149,8.540154
1.796399e+25,0.83758366,0.9961376,310000.0,151467.38,149824.05,149824.05,18.954678,10.343274,8.540149,8.5401535
1.796399e+25,0.85767,0.997576,310000.0,151467.4,149824.08,149824.03,18.954678,10.34341,8.540149,8.5401535
1.796399e+25,0.83455604,0.99558413,310000.0,151467.38,149824.03,149824.06,18.954678,10.343703,8.54015,8.540154
1.796399e+25,0.8286742,0.99519265,310000.0,151467.42,149824.05,149824.05,18.954678,10.343329,8.54015,8.5401535
1.796399e+25,0.8490673,0.99630946,310000.0,151467.42,149824.05,149824.05,18.954678,10.343464,8.540149,8.540153
1.796399e+25,0.8419365,0.99584675,310000.0,151467.4,149824.06,149824.03,18.954678,10.343699,8.54015,8.5401535
1.796399e+25,0.8443556,0.9968646,310000.0,151467.31,149824.05,149824.05,18.954678,10.343136,8.540149,8.540154
1.796399e+25,0.8277375,0.99654746,310000.0,151467.31,149824.05,149824.05,18.954678,10.342905,8.540151,8.540154
1.796399e+25,0.84558403,0.9962857,310000.0,151467.4,149824.03,149824.05,18.954678,10.343402,8.54015,8.540153
1.796399e+25,0.8412921,0.99628514,310000.0,151467.39,149824.06,149824.06,18.954678,10.3436165,8.540151,8.5401535
1.796399e+25,0.8479667,0.9957991,310000.0,151467.34,149824.08,149824.03,18.954678,10.343676,8.540151,8.5401535
1.796399e+25,0.8422571,0.99650073,310000.0,151467.38,149824.06,149824.03,18.954678,10.343508,8.540151,8.540153
1.796399e+25,0.837516,0.99601173,310000.0,151467.36,149824.06,149824.05,18.954678,10.343715,8.54015,8.5401535
1.796399e+25,0.8394077,0.9963991,310000.0,151467.4,149824.03,149824.06,18.954678,10.343597,8.540151,8.5401535
1.796399e+25,0.8310835,0.9969407,310000.0,151467.42,149824.03,149824.05,18.954678,10.343287,8.54015,8.5401535
1.796399e+25,0.83612525,0.99595904,310000.0,151467.36,149824.06,149824.06,18.954678,10.343145,8.540151,8.540154
1.796399e+25,0.84835815,0.99731094,310000.0,151467.34,149824.05,149824.05,18.954678,10.343053,8.540149,8.540154
1.796399e+25,0.8518411,0.99580985,310000.0,151467.34,149824.03,149824.05,18.954678,10.343792,8.540149,8.540154
1.796399e+25,0.8556651,0.9970981,310000.0,151467.38,149824.08,149824.08,18.954678,10.343386,8.540151,8.5401535
1.796399e+25,0.8474106,0.99695367,310000.0,151467.44,149824.06,149824.06,18.954678,10.343466,8.540149,8.540153
1.796399e+25,0.8347753,0.9952561,310000.0,151467.39,149824.05,149824.06,18.954678,10.343395,8.54015,8.5401535
1.796399e+25,0.84931195,0.9973838,310000.0,151467.38,149824.06,149824.08,18.954678,10.343252,8.54015,8.540153
1.796399e+25,0.82348305,0.994309,310000.0,151467.38,149824.05,149824.05,18.954678,10.343181,8.540149,8.5401535
1.796399e+25,0.84984,0.9973439,310000.0,151467.42,149824.05,149824.05,18.954678,10.343198,8.54015,8.5401535
1.796399e+25,0.8518585,0.99699235,310000.0,151467.42,149824.05,149824.05,18.954678,10.34331,8.54015,8.5401535
1.796399e+25,0.84263587,0.99695826,310000.0,151467.39,149824.05,149824.05,18.954678,10.343245,8.540149,8.540154
1.796399e+25,0.85530853,0.99747974,310000.0,151467.36,149824.06,149824.05,18.954678,10.343406,8.54015,8.540154
1.796399e+25,0.8479561,0.9958864,310000.0,151467.34,149824.05,149824.06,18.954678,10.343269,8.54015,8.540154
1.796399e+25,0.84547216,0.9970504,310000.0,151467.38,149824.08,149824.06,18.954678,10.3434725,8.54015,8.5401535
1.796399e+25,0.8549943,0.99748063,310000.0,151467.39,149824.06,149824.05,18.954678,10.34347,8.54015,8.5401535
1.796399e+25,0.84662837,0.9970289,310000.0,151467.39,149824.03,149824.06,18.954678,10.3436165,8.540149,8.5401535
1.796399e+25,0.85741717,0.99769354,310000.0,151467.39,149824.05,149824.05,18.954678,10.343702,8.54015,8.540154
1.796399e+25,0.8784041,0.99891233,310000.0,151467.39,149824.05,149824.08,18.954678,10.343528,8.54015,8.5401535
1.796399e+25,0.8500213,0.99732494,310000.0,151467.36,149824.06,149824.08,18.954678,10.343559,8.54015,8.5401535
1.796399e+25,0.84181523,0.9971019,310000.0,151467.38,149824.05,149824.05,18.954678,10.34373,8.54015,8.5401535
1.796399e+25,0.86529833,0.99840015,310000.0,151467.4,149824.03,149824.05,18.954678,10.343528,8.540149,8.5401535
1.796399e+25,0.8397861,0.9973399,310000.0,151467.38,149824.06,149824.06,18.954678,10.343561,8.54015,8.54015
1.796399e+25,0.8382039,0.99691427,310000.0,151467.44,149824.03,149824.06,18.954678,10.343581,8.54015,8.540151
1.796399e+25,0.85530967,0.9973575,310000.0,151467.39,149824.06,149824.06,18.954678,10.343529,8.54015,8.54015
1.796399e+25,0.83234316,0.9969042,310000.0,151467.38,149824.05,149824.05,18.954678,10.343301,8.540149,8.540151
1.796399e+25,0.8428971,0.99763995,310000.0,151467.34,149824.05,149824.06,18.954678,10.343109,8.540151,8.540151
1.796399e+25,0.8471743,0.9962282,310000.0,151467.38,149824.06,149824.05,18.954678,10.343236,8.540151,8.540151
1.796399e+25,0.8436235,0.9954768,310000.0,151467.39,149824.06,149824.06,18.954678,10.343414,8.54015,8.540152
1.796399e+25,0.8547504,0.9969104,310000.0,151467.36,149824.06,149824.06,18.954678,10.343118,8.54015,8.540151
1.796399e+25,0.8666012,0.99648386,310000.0,151467.42,149824.05,149824.05,18.954678,10.343756,8.54015,8.54015
1.796399e+25,0.851828,0.99667364,310000.0,151467.42,149824.06,149824.06,18.954678,10.343399,8.540149,8.540151
1.796399e+25,0.8519274,0.99722207,310000.0,151467.31,149824.05,149824.06,18.954678,10.343063,8.540149,8.540151
1.796399e+25,0.8650396,0.99724406,310000.0,151467.38,149824.05,149824.08,18.954678,10.343323,8.54015,8.540151
1.796399e+25,0.8561972,0.99754167,310000.0,151467.4,149824.05,149824.08,18.954678,10.343591,8.54015,8.540152
1.796399e+25,0.86788595,0.9982249,310000.0,151467.39,149824.06,149824.05,18.954678,10.343431,8.54015,8.540151
1.796399e+25,0.8578021,0.99755275,310000.0,151467.4,149824.05,149824.06,18.954678,10.343629,8.540151,8.540151
1.796399e+25,0.8586575,0.9980727,310000.0,151467.36,149824.06,149824.05,18.954678,10.343313,8.54015,8.540151
1.796399e+25,0.85386777,0.99734724,310000.0,151467.39,149824.05,149824.06,18.954678,10.343543,8.540151,8.540152
1.796399e+25,0.8521067,0.9976214,310000.0,151467.39,149824.06,149824.05,18.954678,10.343209,8.54015,8.540151
1.796399e+25,0.8502294,0.99733764,310000.0,151467.39,149824.05,149824.08,18.954678,10.343411,8.54015,8.540152
1.796399e+25,0.8429126,0.9971969,310000.0,151467.38,149824.03,149824.05,18.954678,10.343408,8.54015,8.540151
1.796399e+25,0.84562564,0.99699026,310000.0,151467.36,149824.05,149824.03,18.954678,10.343397,8.54015,8.540151
1.796399e+25,0.8473727,0.99662495,310000.0,151467.39,149824.06,149824.06,18.954678,10.343189,8.54015,8.54015
1.796399e+25,0.8382995,0.9956504,310000.0,151467.42,149824.05,149824.08,18.954678,10.34342,8.54015,8.540151
1.796399e+25,0.8513351,0.9972307,310000.0,151467.4,149824.05,149824.03,18.954678,10.343494,8.540149,8.540151
1.796399e+25,0.83506405,0.9963717,310000.0,151467.39,149824.05,149824.05,18.954678,10.343419,8.54015,8.54015
1.796399e+25,0.82980174,0.99616754,310000.0,151467.4,149824.08,149824.03,18.954678,10.343528,8.540149,8.540151
1.796399e+25,0.8496567,0.9959706,310000.0,151467.34,149824.06,149824.05,18.954678,10.343601,8.540149,8.540152
1.796399e+25,0.84980994,0.996753,310000.0,151467.34,149824.05,149824.05,18.954678,10.343369,8.54015,8.540151
1.796399e+25,0.8527218,0.9976687,310000.0,151467.34,149824.03,149824.03,18.954678,10.34305,8.540151,8.540151
1.796399e+25,0.8637427,0.99798906,310000.0,151467.42,149824.05,149824.06,18.954678,10.343317,8.54015,8.540151
1.796399e+25,0.8550978,0.99684376,310000.0,151467.42,149824.05,149824.05,18.954678,10.343738,8.54015,8.540151
1.796399e+25,0.8727809,0.9986435,310000.0,151467.36,149824.06,149824.06,18.954678,10.343125,8.540149,8.540151
1.796399e+25,0.861677,0.998351,310000.0,151467.38,149824.06,149824.06,18.954678,10.343162,8.540151,8.540151
1.796399e+25,0.8685329,0.9982667,310000.0,151467.34,149824.06,149824.05,18.954678,10.343222,8.54015,8.54015
1.796399e+25,0.85064965,0.9973211,310000.0,151467.31,149824.08,149824.03,18.954678,10.34312,8.54015,8.540151
1.796399e+25,0.84690326,0.99800295,310000.0,151467.39,149824.06,149824.05,18.954678,10.343757,8.54015,8.540151
1.796399e+25,0.84612095,0.9979301,310000.0,151467.4,149824.05,149824.06,18.954678,10.343672,8.54015,8.540152
1.796399e+25,0.8800066,0.9987489,310000.0,151467.38,149824.05,149824.05,18.954678,10.343347,8.540151,8.540152
1.796399e+25,0.8991592,1.0007066,310000.0,151467.36,149824.08,149824.05,18.954678,10.3435545,8.54015,8.540151
1.796399e+25,0.8530739,0.998255,310000.0,151467.4,149824.06,149824.06,18.954678,10.34356,8.54015,8.540152
1.796399e+25,0.8572515,0.9981098,310000.0,151467.38,149824.08,149824.06,18.954678,10.343355,8.54015,8.540151
1.796399e+25,0.87377936,0.99910855,310000.0,151467.42,149824.03,149824.06,18.954678,10.34354,8.54015,8.540151
1.796399e+25,0.85876936,0.9985351,310000.0,151467.39,149824.06,149824.05,18.954678,10.343134,8.54015,8.540151
1.796399e+25,0.85487866,0.9982029,310000.0,151467.39,149824.06,149824.05,18.954678,10.343046,8.540149,8.54015
1.796399e+25,0.86903375,0.9986734,310000.0,151467.42,149824.06,149824.06,18.954678,10.343365,8.540149,8.540151
1.796399e+25,0.90524715,1.0014358,310000.0,151467.42,149824.05,149824.05,18.954678,10.343634,8.54015,8.540151
1.796399e+25,0.86713743,0.99862397,310000.0,151467.38,149824.06,149824.03,18.954678,10.343481,8.540151,8.540151
1.796399e+25,0.844732,0.9970325,310000.0,151467.39,149824.05,149824.06,18.954678,10.343419,8.54015,8.540151
1.796399e+25,0.86488086,0.9978374,310000.0,151467.36,149824.05,149824.06,18.954678,10.3432455,8.54015,8.540152
1.796399e+25,0.87109005,0.99814117,310000.0,151467.38,149824.06,149824.06,18.954678,10.343625,8.540151,8.540151
1.796399e+25,0.83995765,0.99626756,310000.0,151467.34,149824.05,149824.06,18.954678,10.343656,8.540149,8.540151
1.796399e+25,0.826786,0.99757487,310000.0,151467.39,149824.06,149824.05,18.954678,10.343686,8.54015,8.540151
1.796399e+25,0.8458583,0.9980005,310000.0,151467.39,149824.05,149824.06,18.954678,10.343773,8.54015,8.54015
1.796399e+25,0.8567056,0.99873555,310000.0,151467.39,149824.08,149824.03,18.954678,10.3437805,8.540149,8.540151
1.796399e+25,0.8644643,0.99854654,310000.0,151467.4,149824.05,149824.05,18.954678,10.343598,8.540151,8.540151
1.796399e+25,0.83686894,0.99742484,310000.0,151467.34,149824.05,149824.05,18.954678,10.343362,8.540149,8.540151
1.796399e+25,0.85964257,0.9977882,310000.0,151467.34,149824.06,149824.03,18.954678,10.343307,8.54015,8.540151
1.796399e+25,0.860686,0.99802256,310000.0,151467.45,149824.05,149824.06,18.954678,10.343622,8.54015,8.540152
1.796399e+25,0.86332583,0.99832165,310000.0,151467.38,149824.06,149824.06,18.954678,10.343436,8.54015,8.540151
1.796399e+25,0.8809938,0.99890125,310000.0,151467.42,149824.06,149824.05,18.954678,10.343481,8.54015,8.540152
1.796399e+25,0.86322504,0.99781513,310000.0,151467.39,149824.08,149824.05,18.954678,10.343359,8.540151,8.540151
1.796399e+25,0.85586244,0.9979095,310000.0,151467.33,149824.06,149824.06,18.954678,10.343253,8.54015,8.540151
1.796399e+25,0.8555214,0.99840045,310000.0,151467.39,149824.06,149824.05,18.954678,10.343092,8.540148,8.54015
1.796399e+25,0.8621183,0.99828535,310000.0,151467.34,149824.05,149824.06,18.954678,10.34329,8.54015,8.540151
1.796399e+25,0.85906047,0.9981862,310000.0,151467.34,149824.05,149824.05,18.954678,10.343276,8.54015,8.540151
1.796399e+25,0.852068,0.9982049,310000.0,151467.4,149824.06,149824.03,18.954678,10.343299,8.54015,8.54015
1.796399e+25,0.87152296,0.99844545,310000.0,151467.42,149824.05,149824.05,18.954678,10.343883,8.54015,8.54015
1.796399e+25,0.87063843,0.99810475,310000.0,151467.34,149824.06,149824.06,18.954678,10.343593,8.540149,8.540151
1.796399e+25,0.8605493,0.9982822,310000.0,151467.4,149824.06,149824.05,18.954678,10.343329,8.540149,8.540151
1.796399e+25,0.83681834,0.997436,310000.0,151467.4,149824.05,149824.06,18.954678,10.343451,8.54015,8.540151
1.796399e+25,0.86429507,0.9984945,310000.0,151467.34,149824.05,149824.05,18.954678,10.343521,8.540151,8.540151
1.796399e+25,0.8609989,0.99857944,310000.0,151467.36,149824.05,149824.06,18.954678,10.343622,8.54015,8.540151
1.796399e+25,0.8390423,0.9974952,310000.0,151467.4,149824.06,149824.05,18.954678,10.343692,8.54015,8.540151
1.796399e+25,0.86626655,0.9984623,310000.0,151467.38,149824.05,149824.05,18.954678,10.343438,8.54015,8.540151
1.796399e+25,0.86874276,0.99848056,310000.0,151467.33,149824.06,149824.08,18.954678,10.343064,8.54015,8.540152
1.796399e+25,0.8577385,0.9980836,310000.0,151467.38,149824.06,149824.08,18.954678,10.343334,8.540151,8.54015
1.796399e+25,0.8599636,0.9982332,310000.0,151467.36,149824.06,149824.03,18.954678,10.343039,8.540149,8.54015
1.796399e+25,0.84530056,0.9979836,310000.0,151467.36,149824.06,149824.06,18.954678,10.343111,8.54015,8.540151
1.796399e+25,0.84855,0.9979249,310000.0,151467.31,149824.08,149824.06,18.954678,10.34339,8.54015,8.540151
1.796399e+25,0.83913,0.9972273,310000.0,151467.33,149824.08,149824.06,18.954678,10.343038,8.540149,8.540151
1.796399e+25,0.86291593,0.9985308,310000.0,151467.33,149824.03,149824.05,18.954678,10.34327,8.54015,8.540151
1.796399e+25,0.8639335,0.9984252,310000.0,151467.38,149824.05,149824.08,18.954678,10.343462,8.54015,8.540151
1.796399e+25,0.8453902,0.99701726,310000.0,151467.33,149824.05,149824.06,18.954678,10.343177,8.54015,8.540152
1.796399e+25,0.8663024,0.99853355,310000.0,151467.39,149824.05,149824.03,18.954678,10.343628,8.540149,8.540151
1.796399e+25,0.85701686,0.99841756,310000.0,151467.38,149824.06,149824.05,18.954678,10.343341,8.540151,8.540151
1.796399e+25,0.8672911,0.9982128,310000.0,151467.36,149824.05,149824.05,18.954678,10.343454,8.54015,8.54015
1.796399e+25,0.88431317,0.99902767,310000.0,151467.34,149824.05,149824.05,18.954678,10.343132,8.54015,8.540151
1.796399e+25,0.87035954,0.99827546,310000.0,151467.36,149824.06,149824.05,18.954678,10.343242,8.540149,8.540151
1.796399e+25,0.865077,0.99850875,310000.0,151467.4,149824.05,149824.06,18.954678,10.343128,8.540149,8.540151
1.796399e+25,0.86559564,0.99805224,310000.0,151467.39,149824.06,149824.05,18.954678,10.343212,8.540149,8.540151
1.796399e+25,0.85917026,0.998366,310000.0,151467.34,149824.06,149824.06,18.954678,10.343245,8.54015,8.540151
1.796399e+25,0.8666294,0.99854267,310000.0,151467.31,149824.06,149824.08,18.954678,10.343363,8.54015,8.540152
1.796399e+25,0.8348053,0.99769074,310000.0,151467.36,149824.03,149824.06,18.954678,10.343338,8.540151,8.540151
1.796399e+25,0.86695844,0.9982304,310000.0,151467.38,149824.03,149824.05,18.954678,10.343466,8.540152,8.540152
1.796399e+25,0.83666605,0.9967394,310000.0,151467.38,149824.05,149824.05,18.954678,10.343378,8.54015,8.540149
1.796399e+25,0.87153023,0.99872273,310000.0,151467.4,149824.05,149824.06,18.954678,10.343438,8.540151,8.540151
1.796399e+25,0.88002515,0.99866116,310000.0,151467.36,149824.05,149824.03,18.954678,10.343538,8.540149,8.540151
1.796399e+25,0.86306953,0.99842757,310000.0,151467.38,149824.06,149824.05,18.954678,10.343576,8.54015,8.540151
1.796399e+25,0.85897297,0.9982097,310000.0,151467.34,149824.06,149824.05,18.954678,10.343429,8.54015,8.54015
1.796399e+25,0.87525594,0.9989688,310000.0,151467.38,149824.05,149824.05,18.954678,10.3433275,8.54015,8.54015
1.796399e+25,0.87590665,0.99904627,310000.0,151467.36,149824.06,149824.06,18.954678,10.3431835,8.540151,8.540151
1.796399e+25,0.8515164,0.99789625,310000.0,151467.36,149824.06,149824.05,18.954678,10.343405,8.54015,8.540151
1.796399e+25,0.8582341,0.9979239,310000.0,151467.31,149824.05,149824.05,18.954678,10.3435755,8.54015,8.540151
1.796399e+25,0.85456973,0.9978114,310000.0,151467.44,149824.05,149824.05,18.954678,10.34355,8.54015,8.540151
1.796399e+25,0.85045046,0.99737763,310000.0,151467.4,149824.06,149824.06,18.954678,10.343323,8.54015,8.540151
1.796399e+25,0.8610424,0.99832195,310000.0,151467.33,149824.05,149824.06,18.954678,10.343442,8.540151,8.540151
1.796399e+25,0.85357803,0.997831,310000.0,151467.42,149824.06,149824.06,18.954678,10.343277,8.540151,8.540152
1.796399e+25,0.86221987,0.9982234,310000.0,151467.34,149824.05,149824.06,18.954678,10.34328,8.54015,8.540151
1.796399e+25,0.85571814,0.99792886,310000.0,151467.31,149824.05,149824.06,18.954678,10.343143,8.54015,8.54015
1.796399e+25,0.86742336,0.99830633,310000.0,151467.38,149824.06,149824.06,18.954678,10.343368,8.54015,8.540152
1.796399e+25,0.84557354,0.99664897,310000.0,151467.39,149824.05,149824.08,18.954678,10.343414,8.54015,8.54015
1.796399e+25,0.8565539,0.99651086,310000.0,151467.36,149824.06,149824.05,18.954678,10.3431015,8.540148,8.540151
1.796399e+25,0.84704703,0.9974427,310000.0,151467.38,149824.06,149824.08,18.954678,10.343275,8.540149,8.540148
1.796399e+25,0.8225117,0.997047,310000.0,151467.39,149824.05,149824.08,18.954678,10.343387,8.540149,8.540148
1.796399e+25,0.8484016,0.99750245,310000.0,151467.34,149824.05,149824.05,18.954678,10.343153,8.540151,8.540148
1.796399e+25,0.8403547,0.9969248,310000.0,151467.33,149824.06,149824.06,18.954678,10.3432665,8.540151,8.540147
1.796399e+25,0.84336793,0.99723613,310000.0,151467.39,149824.06,149824.05,18.954678,10.343479,8.540149,8.540148
1.796399e+25,0.84484446,0.99640644,310000.0,151467.42,149824.06,149824.06,18.954678,10.343685,8.540149,8.540148
1.796399e+25,0.84326875,0.99697477,310000.0,151467.39,149824.03,149824.03,18.954678,10.343051,8.54015,8.540148
1.796399e+25,0.8401366,0.9970251,310000.0,151467.36,149824.06,149824.06,18.954678,10.344045,8.54015,8.540147
1.796399e+25,0.83653575,0.9963932,310000.0,151467.4,149824.08,149824.03,18.954678,10.343527,8.540152,8.540147
1.796399e+25,0.85703033,0.9961928,310000.0,151467.39,149824.08,149824.06,18.954678,10.343372,8.54015,8.540147
1.796399e+25,0.84604603,0.99520826,310000.0,151467.39,149824.03,149824.06,18.954678,10.343476,8.540151,8.540148
1.796399e+25,0.858167,0.99596494,310000.0,151467.42,149824.05,149824.05,18.954678,10.343685,8.54015,8.540148
1.796399e+25,0.85579616,0.99560964,310000.0,151467.34,149824.05,149824.08,18.954678,10.343535,8.54015,8.540148
1.796399e+25,0.8509359,0.9962296,310000.0,151467.45,149824.06,149824.06,18.954678,10.34366,8.54015,8.540148
1.796399e+25,0.84720796,0.9966254,310000.0,151467.39,149824.05,149824.05,18.954678,10.343047,8.540151,8.540149
1.796399e+25,0.8425737,0.99637544,310000.0,151467.36,149824.03,149824.06,18.954678,10.343131,8.540151,8.540147
1.796399e+25,0.8243958,0.99487513,310000.0,151467.38,149824.06,149824.05,18.954678,10.343352,8.540151,8.540147
1.796399e+25,0.841683,0.9962667,310000.0,151467.36,149824.06,149824.05,18.954678,10.343535,8.540148,8.540147
1.796399e+25,0.84763,0.99597293,310000.0,151467.4,149824.06,149824.06,18.954678,10.343598,8.540151,8.540147
1.796399e+25,0.862638,0.9976936,310000.0,151467.33,149824.06,149824.06,18.954678,10.342939,8.54015,8.540148
1.796399e+25,0.8530677,0.9967814,310000.0,151467.36,149824.06,149824.05,18.954678,10.343133,8.540149,8.540147
1.796399e+25,0.8603707,0.9965162,310000.0,151467.42,149824.06,149824.05,18.954678,10.343363,8.540151,8.540148
1.796399e+25,0.8532667,0.99695736,310000.0,151467.4,149824.05,149824.05,18.954678,10.343445,8.54015,8.540147
1.796399e+25,0.8372837,0.99572223,310000.0,151467.38,149824.08,149824.06,18.954678,10.343661,8.540151,8.540147
1.796399e+25,0.85159653,0.99586725,310000.0,151467.42,149824.05,149824.05,18.954678,10.343462,8.540149,8.540148
1.796399e+25,0.8533201,0.99612856,310000.0,151467.38,149824.03,149824.03,18.954678,10.34333,8.540151,8.540147
1.796399e+25,0.8401506,0.99556446,310000.0,151467.47,149824.06,149824.08,18.954678,10.3436575,8.54015,8.540147
1.796399e+25,0.8449016,0.99615926,310000.0,151467.38,149824.06,149824.05,18.954678,10.343354,8.540149,8.540147
1.796399e+25,0.85171473,0.9961966,310000.0,151467.38,149824.05,149824.06,18.954678,10.343388,8.54015,8.540148
1.796399e+25,0.8478746,0.99567664,310000.0,151467.44,149824.05,149824.06,18.954678,10.34331,8.54015,8.540147
1.796399e+25,0.85807353,0.99629873,310000.0,151467.38,149824.06,149824.05,18.954678,10.343668,8.540149,8.540147
1.796399e+25,0.8646247,0.99666774,310000.0,151467.36,149824.06,149824.05,18.954678,10.343045,8.540151,8.540148
1.796399e+25,0.85754937,0.9959678,310000.0,151467.38,149824.06,149824.06,18.954678,10.343367,8.540149,8.540148
1.796399e+25,0.8649819,0.99742436,310000.0,151467.4,149824.06,149824.08,18.954678,10.343322,8.540149,8.540147
1.796399e+25,0.8502367,0.9963378,310000.0,151467.36,149824.06,149824.06,18.954678,10.343395,8.540151,8.540148
1.796399e+25,0.8449277,0.99595475,310000.0,151467.39,149824.06,149824.06,18.954678,10.343642,8.540149,8.540146
1.796399e+25,0.8555988,0.9967628,310000.0,151467.38,149824.05,149824.08,18.954678,10.3434105,8.54015,8.540148
1.796399e+25,0.85864407,0.99607515,310000.0,151467.39,149824.05,149824.06,18.954678,10.343437,8.54015,8.540148
1.796399e+25,0.8614642,0.99691206,310000.0,151467.39,149824.03,149824.06,18.954678,10.343579,8.54015,8.540147
1.796399e+25,0.8699623,0.99723923,310000.0,151467.39,149824.05,149824.06,18.954678,10.343594,8.540149,8.540148
1.796399e+25,0.8355327,0.9950786,310000.0,151467.4,149824.06,149824.06,18.954678,10.343472,8.540151,8.540148
1.796399e+25,0.8530503,0.99693114,310000.0,151467.39,149824.05,149824.06,18.954678,10.343185,8.54015,8.540148
1.796399e+25,0.83211845,0.9947868,310000.0,151467.36,149824.05,149824.03,18.954678,10.3433895,8.540149,8.540148
1.796399e+25,0.8560221,0.99630034,310000.0,151467.38,149824.06,149824.06,18.954678,10.3435335,8.540152,8.540148
1.796399e+25,0.84914833,0.9966564,310000.0,151467.36,149824.05,149824.05,18.954678,10.34364,8.540149,8.540147
1.796399e+25,0.85965574,0.9962558,310000.0,151467.38,149824.03,149824.05,18.954678,10.34343,8.54015,8.540147
1.796399e+25,0.84658384,0.9956192,310000.0,151467.33,149824.06,149824.05,18.954678,10.343018,8.54015,8.540148
1.796399e+25,0.84925437,0.99617904,310000.0,151467.44,149824.05,149824.08,18.954678,10.343535,8.54015,8.540148
1.796399e+25,0.84935755,0.9969254,310000.0,151467.4,149824.05,149824.06,18.954678,10.343377,8.54015,8.540148
1.796399e+25,0.84678334,0.99471825,310000.0,151467.36,149824.05,149824.05,18.954678,10.343227,8.540149,8.540148
1.796399e+25,0.85099345,0.99617445,310000.0,151467.33,149824.05,149824.05,18.954678,10.342959,8.540151,8.540147
1.796399e+25,0.86323947,0.9971187,310000.0,151467.4,149824.06,149824.06,18.954678,10.343503,8.540149,8.540147
1.796399e+25,0.8437669,0.9947871,310000.0,151467.36,149824.06,149824.06,18.954678,10.343469,8.540151,8.540147
1.796399e+25,0.8610917,0.9966671,310000.0,151467.36,149824.05,149824.05,18.954678,10.343142,8.54015,8.540147
1.796399e+25,0.8373855,0.99555653,310000.0,151467.47,149824.05,149824.05,18.954678,10.343909,8.540149,8.540148
1.796399e+25,0.8518847,0.9967442,310000.0,151467.28,149824.05,149824.03,18.954678,10.343328,8.54015,8.540148
1.796399e+25,0.840284,0.9949909,310000.0,151467.39,149824.06,149824.05,18.954678,10.343426,8.54015,8.540148
1.796399e+25,0.8488985,0.99594694,310000.0,151467.36,149824.03,149824.05,18.954678,10.343557,8.54015,8.540148
1.796399e+25,0.8459021,0.9964632,310000.0,151467.36,149824.05,149824.06,18.954678,10.343626,8.540149,8.540148
1.796399e+25,0.8552906,0.9970834,310000.0,151467.39,149824.05,149824.06,18.954678,10.343418,8.540149,8.540148
1.796399e+25,0.84666675,0.9959255,310000.0,151467.42,149824.05,149824.08,18.954678,10.343368,8.540152,8.540147
1.796399e+25,0.85065836,0.99665016,310000.0,151467.38,149824.06,149824.05,18.954678,10.3432865,8.540149,8.540148
1.796399e+25,0.8481828,0.99517107,310000.0,151467.44,149824.05,149824.06,18.954678,10.343538,8.540149,8.540147
1.796399e+25,0.85269374,0.99674314,310000.0,151467.42,149824.08,149824.06,18.954678,10.3434725,8.54015,8.540147
1.796399e+25,0.8502937,0.99680924,310000.0,151467.34,149824.05,149824.06,18.954678,10.3431015,8.540151,8.540147
1.796399e+25,0.8535856,0.9968775,310000.0,151467.39,149824.05,149824.06,18.954678,10.343399,8.540149,8.540148
1.796399e+25,0.8562559,0.9953715,310000.0,151467.4,149824.05,149824.05,18.954678,10.343602,8.540148,8.540148
1.796399e+25,0.85704637,0.9972096,310000.0,151467.36,149824.06,149824.05,18.954678,10.343616,8.54015,8.540148
1.796399e+25,0.82885003,0.99638313,310000.0,151467.34,149824.05,149824.06,18.954678,10.343319,8.54015,8.540148
1.796399e+25,0.85479,0.996854,310000.0,151467.39,149824.05,149824.06,18.954678,10.343602,8.54015,8.540147
1.796399e+25,0.851293,0.99716616,310000.0,151467.34,149824.06,149824.06,18.954678,10.343305,8.540149,8.540147
1.796399e+25,0.8261565,0.9942936,310000.0,151467.45,149824.03,149824.05,18.954678,10.343616,8.540151,8.540147
1.796399e+25,0.8502643,0.99680513,310000.0,151467.42,149824.05,149824.03,18.954678,10.343441,8.54015,8.540148
1.796399e+25,0.8415592,0.9964368,310000.0,151467.38,149824.05,149824.05,18.954678,10.343308,8.54015,8.540147
1.796399e+25,0.8419828,0.9962219,310000.0,151467.38,149824.05,149824.06,18.954678,10.343574,8.540149,8.540147
1.796399e+25,0.8619999,0.9970826,310000.0,151467.42,149824.05,149824.05,18.954678,10.343342,8.54015,8.540147
1.796399e+25,0.8602514,0.99780744,310000.0,151467.33,149824.06,149824.06,18.954678,10.343349,8.54015,8.540147
1.796399e+25,0.8627833,0.99718523,310000.0,151467.44,149824.05,149824.05,18.954678,10.343934,8.54015,8.540147
1.796399e+25,0.8446813,0.99707603,310000.0,151467.31,149824.06,149824.06,18.954678,10.343199,8.540149,8.540147
1.796399e+25,0.86310285,0.9982336,310000.0,151467.38,149824.05,149824.06,18.954678,10.343315,8.540149,8.540149
1.796399e+25,0.8541389,0.99784064,310000.0,151467.34,149824.05,149824.05,18.954678,10.343231,8.54015,8.540147
1.796399e+25,0.8556816,0.9963456,310000.0,151467.39,149824.05,149824.05,18.954678,10.343396,8.540148,8.540148
1.796399e+25,0.8515415,0.9967983,310000.0,151467.33,149824.05,149824.06,18.954678,10.342947,8.54015,8.540148
1.796399e+25,0.8704143,0.99697113,310000.0,151467.42,149824.05,149824.03,18.954678,10.343611,8.540149,8.540147
1.796399e+25,0.8487038,0.9965838,310000.0,151467.36,149824.06,149824.08,18.954678,10.343685,8.54015,8.540147
1.796399e+25,0.8561974,0.99653876,310000.0,151467.33,149824.05,149824.05,18.954678,10.343152,8.540151,8.540147
1.796399e+25,0.8525908,0.9968976,310000.0,151467.4,149824.03,149824.05,18.954678,10.343296,8.540149,8.540148
1.796399e+25,0.84596896,0.99636245,310000.0,151467.4,149824.06,149824.06,18.954678,10.343931,8.54015,8.540147
1.796399e+25,0.86794704,0.9977445,310000.0,151467.38,149824.06,149824.02,18.954678,10.343398,8.54015,8.540148
1.796399e+25,0.8496879,0.9953509,310000.0,151467.38,149824.06,149824.05,18.954678,10.34352,8.54015,8.540147
1.796399e+25,0.8500642,0.9968374,310000.0,151467.4,149824.06,149824.05,18.954678,10.343979,8.54015,8.540147
1.796399e+25,0.8668363,0.99759364,310000.0,151467.4,149824.03,149824.06,18.954678,10.34333,8.54015,8.540148
1.796399e+25,0.84622127,0.99750614,310000.0,151467.34,149824.05,149824.05,18.954678,10.343341,8.540151,8.540147
1.796399e+25,0.855022,0.99569327,310000.0,151467.38,149824.06,149824.05,18.954678,10.3432665,8.54015,8.540147
1.796399e+25,0.8545281,0.99496365,310000.0,151467.36,149824.06,149824.06,18.954678,10.343402,8.54015,8.540148
1.796399e+25,0.84654355,0.9952653,310000.0,151467.34,149824.08,149824.03,18.954678,10.343734,8.540151,8.540146
1.796399e+25,0.8553219,0.99723047,310000.0,151467.4,149824.05,149824.06,18.954678,10.343744,8.54015,8.540148
1.796399e+25,0.86454654,0.9971567,310000.0,151467.31,149824.05,149824.06,18.954678,10.343318,8.54015,8.540148
1.796399e+25,0.85120803,0.9960331,310000.0,151467.38,149824.05,149824.03,18.954678,10.343464,8.540151,8.540147
1.796399e+25,0.85448724,0.99693257,310000.0,151467.34,149824.06,149824.03,18.954678,10.34308,8.540151,8.540147
1.796399e+25,0.8467218,0.9959951,310000.0,151467.38,149824.05,149824.06,18.954678,10.343173,8.540151,8.540148
1.796399e+25,0.8529999,0.99698406,310000.0,151467.4,149824.08,149824.05,18.954678,10.343334,8.540149,8.540147
1.796399e+25,0.85706985,0.9971764,310000.0,151467.39,149824.06,149824.05,18.954678,10.343603,8.540151,8.540147
1.796399e+25,0.84891367,0.9966148,310000.0,151467.34,149824.03,149824.06,18.954678,10.3433695,8.54015,8.540147
1.796399e+25,0.8568345,0.9969159,310000.0,151467.38,149824.05,149824.05,18.954678,10.343029,8.540149,8.540147
1.796399e+25,0.860012,0.99690014,310000.0,151467.39,149824.08,149824.05,18.954678,10.343326,8.54015,8.540147
1.796399e+25,0.8543232,0.99659777,310000.0,151467.38,149824.05,149824.06,18.954678,10.343429,8.540149,8.540147
1.796399e+25,0.8567894,0.99693817,310000.0,151467.4,149824.05,149824.06,18.954678,10.343367,8.540148,8.540147
1.796399e+25,0.8617498,0.9973368,310000.0,151467.36,149824.06,149824.06,18.954678,10.343356,8.540149,8.540147
1.796399e+25,0.8639798,0.99719745,310000.0,151467.39,149824.08,149824.05,18.954678,10.343519,8.540149,8.540147
1.796399e+25,0.8545204,0.9971723,310000.0,151467.36,149824.05,149824.06,18.954678,10.343295,8.540151,8.540147
1.796399e+25,0.856974,0.9970687,310000.0,151467.4,149824.06,149824.06,18.954678,10.343215,8.540151,8.540147
1.796399e+25,0.8520378,0.9965226,310000.0,151467.45,149824.06,149824.05,18.954678,10.343651,8.540149,8.540148
1.796399e+25,0.8508638,0.99619436,310000.0,151467.39,149824.05,149824.05,18.954678,10.343224,8.54015,8.540148
1.796399e+25,0.8605011,0.9978791,310000.0,151467.33,149824.05,149824.05,18.954678,10.34304,8.540149,8.540147
1.796399e+25,0.85037065,0.9968882,310000.0,151467.34,149824.06,149824.06,18.954678,10.343386,8.540151,8.540147
1.796399e+25,0.85263115,0.9970804,310000.0,151467.36,149824.06,149824.06,18.954678,10.343362,8.540149,8.540147
1.796399e+25,0.8383122,0.995535,310000.0,151467.38,149824.06,149824.06,18.954678,10.343036,8.54015,8.540148
1.796399e+25,0.85199684,0.99665874,310000.0,151467.42,149824.05,149824.06,18.954678,10.343737,8.540149,8.540148
1.796399e+25,0.8481312,0.996693,310000.0,151467.39,149824.06,149824.06,18.954678,10.343523,8.540151,8.540148
1.796399e+25,0.84939265,0.99579126,310000.0,151467.39,149824.05,149824.03,18.954678,10.343546,8.540148,8.540148
1.796399e+25,0.8475346,0.99629396,310000.0,151467.39,149824.06,149824.05,18.954678,10.343217,8.54015,8.540148
1.796399e+25,0.85269624,0.9966494,310000.0,151467.36,149824.06,149824.06,18.954678,10.34354,8.54015,8.540147
1.796399e+25,0.8589391,0.9971118,310000.0,151467.38,149824.06,149824.06,18.954678,10.343498,8.54015,8.540147
1.796399e+25,0.8554769,0.9967297,310000.0,151467.34,149824.1,149824.06,18.954678,10.34316,8.54015,8.540148
1.796399e+25,0.86037266,0.99701524,310000.0,151467.4,149824.05,149824.06,18.954678,10.34345,8.54015,8.540148
1.796399e+25,0.847923,0.997038,310000.0,151467.42,149824.06,149824.05,18.954678,10.343377,8.54015,8.540148
1.796399e+25,0.8572982,0.9971277,310000.0,151467.38,149824.08,149824.06,18.954678,10.343303,8.54015,8.540147
1.796399e+25,0.83880955,0.99566597,310000.0,151467.38,149824.08,149824.06,18.954678,10.343518,8.54015,8.540149
1.796399e+25,0.8614112,0.99640274,310000.0,151467.38,149824.05,149824.06,18.954678,10.3432865,8.540151,8.540147
1.796399e+25,0.8304705,0.9963727,310000.0,151467.42,149824.05,149824.06,18.954678,10.3433485,8.540149,8.540147
1.796399e+25,0.8478455,0.9962411,310000.0,151467.39,149824.06,149824.06,18.954678,10.343316,8.54015,8.540148
1.796399e+25,0.83530664,0.996877,310000.0,151467.38,149824.06,149824.06,18.954678,10.343506,8.54015,8.5401535
1.796399e+25,0.8438227,0.9977447,310000.0,151467.38,149824.06,149824.06,18.954678,10.343256,8.540151,8.5401535
1.796399e+25,0.8460435,0.9969487,310000.0,151467.34,149824.05,149824.08,18.954678,10.343383,8.540151,8.5401535
1.796399e+25,0.8448255,0.9969131,310000.0,151467.3,149824.03,149824.05,18.954678,10.343182,8.540149,8.5401535
1.796399e+25,0.83126813,0.9963051,310000.0,151467.44,149824.06,149824.06,18.954678,10.343266,8.54015,8.5401535
1.796399e+25,0.85318124,0.99738926,310000.0,151467.34,149824.06,149824.05,18.954678,10.3430395,8.540151,8.5401535
1.796399e+25,0.83601826,0.9968627,310000.0,151467.38,149824.05,149824.06,18.954678,10.343599,8.540151,8.540153
1.796399e+25,0.85639274,0.9961527,310000.0,151467.4,149824.05,149824.05,18.954678,10.343554,8.540149,8.5401535
1.796399e+25,0.84587514,0.996016,310000.0,151467.39,149824.06,149824.05,18.954678,10.343268,8.54015,8.5401535
1.796399e+25,0.84765065,0.99574137,310000.0,151467.39,149824.06,149824.06,18.954678,10.343636,8.540149,8.5401535
1.796399e+25,0.86058533,0.9962639,310000.0,151467.38,149824.05,149824.06,18.954678,10.343483,8.540151,8.540153
1.796399e+25,0.8508561,0.9950737,310000.0,151467.4,149824.05,149824.06,18.954678,10.3434925,8.54015,8.540154
1.796399e+25,0.8656896,0.9971273,310000.0,151467.36,149824.05,149824.05,18.954678,10.343397,8.54015,8.5401535
1.796399e+25,0.8661053,0.99737746,310000.0,151467.36,149824.02,149824.05,18.954678,10.3434925,8.54015,8.540153
1.796399e+25,0.86149424,0.9955682,310000.0,151467.4,149824.05,149824.08,18.954678,10.343784,8.540149,8.5401535
1.796399e+25,0.85375065,0.9976019,310000.0,151467.38,149824.05,149824.05,18.954678,10.343634,8.540148,8.5401535
1.796399e+25,0.8468408,0.9955642,310000.0,151467.44,149824.08,149824.05,18.954678,10.343614,8.540152,8.5401535
1.796399e+25,0.8338446,0.9957308,310000.0,151467.36,149824.06,149824.06,18.954678,10.343127,8.54015,8.540153
1.796399e+25,0.85246617,0.9963954,310000.0,151467.4,149824.05,149824.05,18.954678,10.3437805,8.54015,8.540153
1.796399e+25,0.8812943,0.99792516,310000.0,151467.36,149824.05,149824.05,18.954678,10.343473,8.540151,8.540153
1.796399e+25,0.86985,0.99784243,310000.0,151467.39,149824.06,149824.06,18.954678,10.343547,8.540151,8.5401535
1.796399e+25,0.8636956,0.99722683,310000.0,151467.34,149824.08,149824.06,18.954678,10.343722,8.54015,8.5401535
1.796399e+25,0.8611394,0.99646443,310000.0,151467.39,149824.06,149824.03,18.954678,10.343301,8.54015,8.540153
1.796399e+25,0.8459058,0.99544966,310000.0,151467.4,149824.06,149824.06,18.954678,10.343473,8.540151,8.5401535
1.796399e+25,0.8551008,0.9959751,310000.0,151467.38,149824.05,149824.05,18.954678,10.343316,8.54015,8.5401535
1.796399e+25,0.86404306,0.99676126,310000.0,151467.38,149824.08,149824.06,18.954678,10.3435755,8.54015,8.5401535
1.796399e+25,0.86066747,0.9963262,310000.0,151467.39,149824.05,149824.05,18.954678,10.343588,8.540151,8.5401535
1.796399e+25,0.86558014,0.99661964,310000.0,151467.36,149824.06,149824.05,18.954678,10.343369,8.54015,8.540153
1.796399e+25,0.8443259,0.99613917,310000.0,151467.34,149824.06,149824.06,18.954678,10.34324,8.540151,8.5401535
1.796399e+25,0.85593927,0.99646837,310000.0,151467.38,149824.08,149824.03,18.954678,10.343521,8.54015,8.5401535
1.796399e+25,0.854814,0.9966787,310000.0,151467.42,149824.03,149824.06,18.954678,10.34355,8.54015,8.540153
1.796399e+25,0.8628135,0.99691534,310000.0,151467.42,149824.05,149824.05,18.954678,10.343888,8.54015,8.5401535
1.796399e+25,0.85044086,0.9956917,310000.0,151467.47,149824.05,149824.03,18.954678,10.343632,8.540151,8.5401535
1.796399e+25,0.86353105,0.99792403,310000.0,151467.31,149824.05,149824.06,18.954678,10.343453,8.540149,8.5401535
1.796399e+25,0.8512919,0.9973628,310000.0,151467.4,149824.05,149824.05,18.954678,10.34356,8.540152,8.540153
1.796399e+25,0.8455392,0.99648386,310000.0,151467.45,149824.03,149824.06,18.954678,10.343647,8.54015,8.5401535
1.796399e+25,0.8608517,0.997155,310000.0,151467.39,149824.05,149824.05,18.954678,10.3437805,8.540149,8.5401535
1.796399e+25,0.86082786,0.9960442,310000.0,151467.39,149824.06,149824.06,18.954678,10.343144,8.540149,8.540153
1.796399e+25,0.84799963,0.9956702,310000.0,151467.42,149824.03,149824.06,18.954678,10.343368,8.540151,8.540153
1.796399e+25,0.8668178,0.996487,310000.0,151467.44,149824.05,149824.08,18.954678,10.34361,8.54015,8.5401535
1.796399e+25,0.8632043,0.9970085,310000.0,151467.44,149824.03,149824.06,18.954678,10.343568,8.54015,8.540153
1.796399e+25,0.86911654,0.9966813,310000.0,151467.38,149824.06,149824.05,18.954678,10.343187,8.540149,8.540153
1.796399e+25,0.8537638,0.99550176,310000.0,151467.42,149824.06,149824.06,18.954678,10.343843,8.54015,8.5401535
1.796399e+25,0.84310645,0.9952523,310000.0,151467.34,149824.06,149824.06,18.954678,10.343378,8.54015,8.540153
1.796399e+25,0.83950746,0.99543524,310000.0,151467.36,149824.05,149824.06,18.954678,10.343521,8.54015,8.5401535
1.796399e+25,0.86719584,0.9968982,310000.0,151467.39,149824.08,149824.05,18.954678,10.343427,8.54015,8.5401535
1.796399e+25,0.85238886,0.995869,310000.0,151467.34,149824.06,149824.05,18.954678,10.343217,8.540149,8.5401535
1.796399e+25,0.83410984,0.9962407,310000.0,151467.34,149824.06,149824.05,18.954678,10.343176,8.54015,8.5401535
1.796399e+25,0.84927404,0.9958144,310000.0,151467.38,149824.06,149824.06,18.954678,10.3434,8.54015,8.5401535
1.796399e+25,0.8484394,0.99671507,310000.0,151467.36,149824.05,149824.08,18.954678,10.34301,8.540149,8.5401535
1.796399e+25,0.8541206,0.9954017,310000.0,151467.31,149824.06,149824.08,18.954678,10.343325,8.54015,8.540153
1.796399e+25,0.8659469,0.9972954,310000.0,151467.34,149824.03,149824.05,18.954678,10.343271,8.54015,8.540153
1.796399e+25,0.88191825,0.9984593,310000.0,151467.39,149824.05,149824.08,18.954678,10.343465,8.540149,8.5401535
1.796399e+25,0.8433011,0.99651,310000.0,151467.38,149824.05,149824.06,18.954678,10.34339,8.54015,8.540153
1.796399e+25,0.8511673,0.9966758,310000.0,151467.34,149824.06,149824.05,18.954678,10.343072,8.540151,8.5401535
1.796399e+25,0.8570649,0.99713063,310000.0,151467.42,149824.05,149824.05,18.954678,10.343578,8.54015,8.5401535
1.796399e+25,0.86603135,0.9965169,310000.0,151467.39,149824.05,149824.06,18.954678,10.343363,8.540151,8.5401535
1.796399e+25,0.86612,0.99693304,310000.0,151467.33,149824.05,149824.08,18.954678,10.343257,8.540149,8.540153
1.796399e+25,0.86127406,0.9958458,310000.0,151467.38,149824.06,149824.05,18.954678,10.343276,8.540149,8.540153
1.796399e+25,0.8492614,0.9958074,310000.0,151467.42,149824.03,149824.06,18.954678,10.343499,8.54015,8.5401535
1.796399e+25,0.84602684,0.99626803,310000.0,151467.4,149824.05,149824.06,18.954678,10.34348,8.540149,8.5401535
1.796399e+25,0.83871853,0.99433315,310000.0,151467.39,149824.06,149824.06,18.954678,10.343277,8.54015,8.540153
1.796399e+25,0.8641132,0.99664974,310000.0,151467.38,149824.06,149824.08,18.954678,10.343346,8.540149,8.540153
1.796399e+25,0.8684147,0.9980159,310000.0,151467.39,149824.03,149824.05,18.954678,10.343344,8.54015,8.540152
1.796399e+25,0.8372959,0.9952529,310000.0,151467.33,149824.05,149824.05,18.954678,10.342918,8.540151,8.5401535
1.796399e+25,0.8567981,0.99764925,310000.0,151467.39,149824.06,149824.06,18.954678,10.343286,8.540149,8.540153
1.796399e+25,0.85469294,0.9974676,310000.0,151467.4,149824.06,149824.05,18.954678,10.343702,8.54015,8.540153
1.796399e+25,0.8544843,0.9974434,310000.0,151467.36,149824.06,149824.05,18.954678,10.342928,8.54015,8.540153
1.796399e+25,0.843002,0.995407,310000.0,151467.4,149824.05,149824.06,18.954678,10.343714,8.54015,8.5401535
1.796399e+25,0.8560074,0.9972458,310000.0,151467.39,149824.05,149824.05,18.954678,10.343427,8.540151,8.5401535
1.796399e+25,0.8568195,0.9973085,310000.0,151467.39,149824.05,149824.05,18.954678,10.343508,8.540149,8.540153
1.796399e+25,0.8542895,0.9974279,310000.0,151467.44,149824.06,149824.06,18.954678,10.343469,8.54015,8.5401535
1.796399e+25,0.87194955,0.9983777,310000.0,151467.33,149824.05,149824.05,18.954678,10.343364,8.54015,8.540153
1.796399e+25,0.8699191,0.99844366,310000.0,151467.38,149824.06,149824.05,18.954678,10.343224,8.540149,8.5401535
1.796399e+25,0.8662865,0.997986,310000.0,151467.39,149824.05,149824.06,18.954678,10.3433,8.540151,8.540153
1.796399e+25,0.8497418,0.9976672,310000.0,151467.36,149824.05,149824.05,18.954678,10.343413,8.540151,8.5401535
1.796399e+25,0.84923214,0.9970807,310000.0,151467.36,149824.06,149824.05,18.954678,10.343411,8.540149,8.540153
1.796399e+25,0.8777422,0.99795705,310000.0,151467.39,149824.05,149824.05,18.954678,10.343245,8.540151,8.5401535
1.796399e+25,0.8534083,0.997409,310000.0,151467.34,149824.06,149824.05,18.954678,10.343211,8.54015,8.540153
1.796399e+25,0.8569699,0.99735993,310000.0,151467.42,149824.06,149824.08,18.954678,10.343492,8.540149,8.5401535
1.796399e+25,0.8632419,0.9979586,310000.0,151467.36,149824.08,149824.06,18.954678,10.343388,8.54015,8.540154
1.796399e+25,0.85724634,0.9975521,310000.0,151467.31,149824.06,149824.06,18.954678,10.342938,8.54015,8.540153
1.796399e+25,0.8475994,0.99814487,310000.0,151467.36,149824.06,149824.05,18.954678,10.3435135,8.54015,8.5401535
1.796399e+25,0.8711676,0.9984185,310000.0,151467.4,149824.06,149824.06,18.954678,10.343478,8.54015,8.540153
1.796399e+25,0.825319,0.99736226,310000.0,151467.36,149824.05,149824.05,18.954678,10.343266,8.54015,8.540153
1.796399e+25,0.853103,0.9961339,310000.0,151467.39,149824.06,149824.05,18.954678,10.343325,8.540151,8.540153
1.796399e+25,0.858656,0.997133,310000.0,151467.39,149824.06,149824.05,18.954678,10.343143,8.540151,8.540153
1.796399e+25,0.8578939,0.9976192,310000.0,151467.34,149824.06,149824.06,18.954678,10.34323,8.540151,8.540154
1.796399e+25,0.8556339,0.9976572,310000.0,151467.36,149824.06,149824.06,18.954678,10.343326,8.54015,8.5401535
1.796399e+25,0.8549125,0.99657273,310000.0,151467.36,149824.05,149824.06,18.954678,10.343406,8.54015,8.540153
1.796399e+25,0.8569406,0.99642956,310000.0,151467.39,149824.05,149824.06,18.954678,10.343453,8.54015,8.5401535
1.796399e+25,0.87195045,0.99747175,310000.0,151467.36,149824.08,149824.03,18.954678,10.34312,8.540149,8.540153
1.796399e+25,0.8690066,0.99872017,310000.0,151467.4,149824.08,149824.06,18.954678,10.343427,8.540149,8.5401535
1.796399e+25,0.8486561,0.9971382,310000.0,151467.31,149824.03,149824.08,18.954678,10.343297,8.54015,8.540155
1.796399e+25,0.8375776,0.9969035,310000.0,151467.38,149824.03,149824.05,18.954678,10.343248,8.540149,8.5401535
1.796399e+25,0.8594547,0.9972937,310000.0,151467.38,149824.06,149824.06,18.954678,10.343464,8.540149,8.540155
1.796399e+25,0.8394742,0.99571157,310000.0,151467.34,149824.06,149824.05,18.954678,10.343189,8.540149,8.5401535
1.796399e+25,0.84613425,0.99707085,310000.0,151467.3,149824.05,149824.06,18.954678,10.343118,8.540149,8.540154
1.796399e+25,0.86749434,0.9984907,310000.0,151467.42,149824.06,149824.05,18.954678,10.3433895,8.54015,8.5401535
1.796399e+25,0.84432656,0.99723464,310000.0,151467.4,149824.05,149824.06,18.954678,10.343454,8.540149,8.540155
1.796399e+25,0.8533408,0.9969284,310000.0,151467.33,149824.06,149824.05,18.954678,10.34325,8.54015,8.540154
1.796399e+25,0.8563394,0.99735594,310000.0,151467.39,149824.05,149824.05,18.954678,10.343425,8.540151,8.540154
1.796399e+25,0.8470991,0.9961467,310000.0,151467.36,149824.06,149824.05,18.954678,10.343518,8.54015,8.540154
1.796399e+25,0.88469654,0.99823856,310000.0,151467.38,149824.05,149824.06,18.954678,10.343255,8.54015,8.540154
1.796399e+25,0.8574465,0.99638486,310000.0,151467.38,149824.06,149824.03,18.954678,10.343456,8.54015,8.5401535
1.796399e+25,0.8500378,0.9956219,310000.0,151467.4,149824.05,149824.06,18.954678,10.343787,8.54015,8.5401535
1.796399e+25,0.84779274,0.9960616,310000.0,151467.4,149824.05,149824.05,18.954678,10.3434925,8.540149,8.5401535
1.796399e+25,0.8490734,0.9951181,310000.0,151467.44,149824.06,149824.05,18.954678,10.343593,8.54015,8.5401535
1.796399e+25,0.85164016,0.9956546,310000.0,151467.34,149824.05,149824.05,18.954678,10.343654,8.54015,8.5401535
1.796399e+25,0.8583831,0.9955654,310000.0,151467.34,149824.06,149824.06,18.954678,10.343069,8.54015,8.540154
1.796399e+25,0.84905934,0.99582565,310000.0,151467.39,149824.05,149824.06,18.954678,10.343708,8.540151,8.540154
1.796399e+25,0.8648441,0.99685943,310000.0,151467.39,149824.05,149824.06,18.954678,10.343484,8.54015,8.540154
1.796399e+25,0.8563642,0.99626666,310000.0,151467.39,149824.06,149824.06,18.954678,10.343366,8.54015,8.5401535
1.796399e+25,0.8498218,0.99559873,310000.0,151467.4,149824.05,149824.06,18.954678,10.343403,8.54015,8.5401535
1.796399e+25,0.8640191,0.9963963,310000.0,151467.33,149824.05,149824.05,18.954678,10.343351,8.540149,8.540154
1.796399e+25,0.85277843,0.99621403,310000.0,151467.38,149824.06,149824.05,18.954678,10.343703,8.54015,8.5401535
1.796399e+25,0.8491067,0.9963771,310000.0,151467.36,149824.05,149824.06,18.954678,10.343238,8.54015,8.5401535
1.796399e+25,0.84338826,0.9967963,310000.0,151467.42,149824.06,149824.08,18.954678,10.3433485,8.54015,8.540154
1.796399e+25,0.84526426,0.9946941,310000.0,151467.42,149824.05,149824.05,18.954678,10.3436365,8.540151,8.5401535
1.796399e+25,0.8546357,0.9960079,310000.0,151467.42,149824.06,149824.06,18.954678,10.3434725,8.54015,8.540154
1.796399e+25,0.8375441,0.9957634,310000.0,151467.38,149824.05,149824.05,18.954678,10.343263,8.54015,8.5401535
1.796399e+25,0.8335371,0.99447525,310000.0,151467.42,149824.06,149824.05,18.954678,10.343606,8.54015,8.540154
1.796399e+25,0.84572285,0.9955168,310000.0,151467.39,149824.05,149824.06,18.954678,10.343265,8.54015,8.540154
1.796399e+25,0.8630595,0.99688643,310000.0,151467.36,149824.05,149824.06,18.954678,10.343207,8.540149,8.540154
1.796399e+25,0.8500619,0.9961546,310000.0,151467.45,149824.06,149824.06,18.954678,10.343365,8.54015,8.5401535
1.796399e+25,0.8717999,0.99561876,310000.0,151467.38,149824.03,149824.05,18.954678,10.343239,8.54015,8.5401535
1.796399e+25,0.845463,0.99535096,310000.0,151467.38,149824.06,149824.05,18.954678,10.343612,8.540151,8.5401535
1.796399e+25,0.87074804,0.9984515,310000.0,151467.42,149824.06,149824.06,18.954678,10.343689,8.54015,8.5401535
1.796399e+25,0.87999254,0.9987134,310000.0,151467.34,149824.05,149824.06,18.954678,10.343162,8.540151,8.540154
1.796399e+25,0.876418,0.9987703,310000.0,151467.34,149824.06,149824.05,18.954678,10.343149,8.54015,8.540154
1.796399e+25,0.8879001,0.9980471,310000.0,151467.36,149824.06,149824.03,18.954678,10.343376,8.54015,8.540154
1.796399e+25,0.87126404,0.99720305,310000.0,151467.42,149824.05,149824.06,18.954678,10.343371,8.540149,8.5401535
1.796399e+25,0.8607074,0.9959697,310000.0,151467.44,149824.06,149824.05,18.954678,10.344034,8.54015,8.540154
1.796399e+25,0.8532179,0.99583656,310000.0,151467.39,149824.03,149824.06,18.954678,10.343281,8.54015,8.540154
1.796399e+25,0.8664214,0.996916,310000.0,151467.42,149824.05,149824.05,18.954678,10.343506,8.540149,8.5401535
1.796399e+25,0.8634817,0.996426,310000.0,151467.36,149824.05,149824.06,18.954678,10.343219,8.540149,8.540154
1.796399e+25,0.8566852,0.99649626,310000.0,151467.38,149824.05,149824.06,18.954678,10.343496,8.54015,8.540155
1.796399e+25,0.86440957,0.99691266,310000.0,151467.38,149824.06,149824.05,18.954678,10.343783,8.54015,8.540153
1.796399e+25,0.8578406,0.99554074,310000.0,151467.44,149824.06,149824.05,18.954678,10.3438635,8.540151,8.540154
1.796399e+25,0.84795517,0.9968175,310000.0,151467.4,149824.06,149824.06,18.954678,10.343668,8.540149,8.540154
1.796399e+25,0.8606989,0.995557,310000.0,151467.39,149824.06,149824.06,18.954678,10.343755,8.540151,8.540154
1.796399e+25,0.8501834,0.99604243,310000.0,151467.38,149824.05,149824.05,18.954678,10.343177,8.540149,8.5401535
1.796399e+25,0.8605212,0.99614525,310000.0,151467.39,149824.03,149824.06,18.954678,10.34342,8.540149,8.540154
1.796399e+25,0.8633748,0.99664867,310000.0,151467.34,149824.06,149824.06,18.954678,10.343202,8.54015,8.540154
1.796399e+25,0.8663285,0.9967403,310000.0,151467.38,149824.06,149824.05,18.954678,10.343424,8.54015,8.540153
1.796399e+25,0.86233693,0.99641556,310000.0,151467.38,149824.05,149824.05,18.954678,10.343194,8.54015,8.5401535
1.796399e+25,0.84769946,0.9960856,310000.0,151467.39,149824.05,149824.05,18.954678,10.343452,8.54015,8.5401535
1.796399e+25,0.853158,0.9961083,310000.0,151467.36,149824.06,149824.05,18.954678,10.343178,8.54015,8.540153
1.796399e+25,0.8528191,0.9966761,310000.0,151467.42,149824.08,149824.05,18.954678,10.3434105,8.540151,8.540154
1.796399e+25,0.865589,0.9961541,310000.0,151467.36,149824.05,149824.05,18.954678,10.343283,8.540149,8.540154
1.796399e+25,0.84679693,0.99410397,310000.0,151467.44,149824.06,149824.06,18.954678,10.343431,8.54015,8.5401535
1.796399e+25,0.8616481,0.9954782,310000.0,151467.42,149824.06,149824.05,18.954678,10.343574,8.54015,8.5401535
1.796399e+25,0.85528785,0.99599576,310000.0,151467.42,149824.03,149824.05,18.954678,10.343859,8.54015,8.5401535
1.796399e+25,0.8562567,0.99640757,310000.0,151467.31,149824.06,149824.05,18.954678,10.343206,8.540149,8.540153
1.796399e+25,0.85601,0.99850374,310000.0,151467.4,149824.05,149824.06,18.954678,10.343587,8.540151,8.540153
1.796399e+25,0.8664744,0.997429,310000.0,151467.4,149824.02,149824.05,18.954678,10.343555,8.54015,8.5401535
1.796399e+25,0.8613099,0.996933,310000.0,151467.38,149824.06,149824.06,18.954678,10.343593,8.54015,8.540154
1.796399e+25,0.8526018,0.99654406,310000.0,151467.39,149824.06,149824.06,18.954678,10.343352,8.540151,8.5401535
1.796399e+25,0.8647637,0.99655616,310000.0,151467.33,149824.03,149824.1,18.954678,10.343179,8.54015,8.540154
1.796399e+25,0.8635468,0.9968012,310000.0,151467.38,149824.05,149824.03,18.954678,10.343225,8.540149,8.5401535
1.796399e+25,0.85095793,0.99601287,310000.0,151467.38,149824.06,149824.05,18.954678,10.34334,8.540149,8.5401535
1.796399e+25,0.8546735,0.99554753,310000.0,151467.4,149824.08,149824.06,18.954678,10.343495,8.54015,8.5401535
1.796399e+25,0.85503334,0.99652994,310000.0,151467.42,149824.06,149824.05,18.954678,10.343603,8.540151,8.5401535
1.796399e+25,0.83688104,0.99532616,310000.0,151467.38,149824.05,149824.08,18.954678,10.343463,8.54015,8.540153
1.796399e+25,0.85381895,0.9952718,310000.0,151467.39,149824.05,149824.05,18.954678,10.343238,8.54015,8.540154
1.796399e+25,0.85834605,0.9963054,310000.0,151467.36,149824.02,149824.06,18.954678,10.343334,8.540149,8.540154
1.796399e+25,0.84711426,0.9953241,310000.0,151467.42,149824.03,149824.05,18.954678,10.343806,8.540151,8.5401535
1.796399e+25,0.8363715,0.99497986,310000.0,151467.39,149824.06,149824.06,18.954678,10.343635,8.54015,8.540154
1.796399e+25,0.8358667,0.9953316,310000.0,151467.4,149824.08,149824.05,18.954678,10.343783,8.54015,8.540154
1.796399e+25,0.8527716,0.99620086,310000.0,151467.39,149824.06,149824.05,18.954678,10.343419,8.540151,8.5401535
1.796399e+25,0.84732664,0.9962291,310000.0,151467.33,149824.03,149824.06,18.954678,10.343373,8.540149,8.540153
1.796399e+25,0.8509483,0.99601907,310000.0,151467.31,149824.06,149824.05,18.954678,10.343507,8.540149,8.540154
1.796399e+25,0.8659176,0.99621415,310000.0,151467.4,149824.05,149824.05,18.954678,10.343701,8.54015,8.540154
1.796399e+25,0.8305585,0.995182,310000.0,151467.38,149824.06,149824.05,18.954678,10.343481,8.54015,8.5401535
1.796399e+25,0.8514519,0.99634707,310000.0,151467.38,149824.05,149824.06,18.954678,10.343173,8.54015,8.5401535
1.796399e+25,0.8464108,0.9958421,310000.0,151467.39,149824.05,149824.06,18.954678,10.343624,8.54015,8.5401535
1.796399e+25,0.8623259,0.9951708,310000.0,151467.44,149824.06,149824.06,18.954678,10.343717,8.540149,8.5401535
1.796399e+25,0.87022,0.99866444,310000.0,151467.36,149824.06,149824.06,18.954678,10.343453,8.540149,8.5401535
1.796399e+25,0.86627626,0.9983675,310000.0,151467.45,149824.05,149824.05,18.954678,10.343445,8.54015,8.540154
1.796399e+25,0.85663515,0.99717534,310000.0,151467.4,149824.03,149824.05,18.954678,10.343801,8.540149,8.5401535
1.796399e+25,0.87033296,0.99708515,310000.0,151467.34,149824.06,149824.05,18.954678,10.343221,8.540149,8.5401535
1.796399e+25,0.85026383,0.9963386,310000.0,151467.4,149824.08,149824.06,18.954678,10.343391,8.54015,8.540155
1.796399e+25,0.8425279,0.9942642,310000.0,151467.36,149824.06,149824.05,18.954678,10.343155,8.540149,8.5401535
1.796399e+25,0.8518312,0.9953656,310000.0,151467.36,149824.05,149824.06,18.954678,10.343253,8.540149,8.540154
1.796399e+25,0.858146,0.99567515,310000.0,151467.38,149824.05,149824.06,18.954678,10.343578,8.54015,8.540154
1.796399e+25,0.854405,0.9951798,310000.0,151467.38,149824.05,149824.08,18.954678,10.343304,8.540149,8.540154
1.796399e+25,0.8648602,0.9956501,310000.0,151467.4,149824.05,149824.06,18.954678,10.343436,8.54015,8.5401535
1.796399e+25,0.8350355,0.9945332,310000.0,151467.36,149824.05,149824.06,18.954678,10.34326,8.54015,8.540154
1.796399e+25,0.84870607,0.9951555,310000.0,151467.36,149824.05,149824.06,18.954678,10.343253,8.54015,8.540154
1.796399e+25,0.8576964,0.99607325,310000.0,151467.39,149824.06,149824.06,18.954678,10.343311,8.540149,8.540154
1.796399e+25,0.8604744,0.99707955,310000.0,151467.44,149824.06,149824.05,18.954678,10.3436575,8.54015,8.540147
1.796399e+25,0.84663576,0.9968595,310000.0,151467.34,149824.05,149824.05,18.954678,10.343328,8.54015,8.540146
1.796399e+25,0.83576757,0.9959787,310000.0,151467.36,149824.03,149824.05,18.954678,10.34307,8.540149,8.540147
1.796399e+25,0.84697556,0.9965226,310000.0,151467.4,149824.05,149824.05,18.954678,10.343255,8.54015,8.540146
1.796399e+25,0.8537143,0.9967153,310000.0,151467.34,149824.06,149824.06,18.954678,10.343103,8.54015,8.540146
1.796399e+25,0.8487911,0.99569464,310000.0,151467.42,149824.06,149824.05,18.954678,10.343781,8.54015,8.540146
1.796399e+25,0.8534912,0.9956654,310000.0,151467.39,149824.06,149824.05,18.954678,10.3430805,8.54015,8.540146
1.796399e+25,0.8570919,0.99616283,310000.0,151467.34,149824.05,149824.06,18.954678,10.343371,8.54015,8.540146
1.796399e+25,0.89134985,0.999585,310000.0,151467.44,149824.06,149824.05,18.954678,10.343326,8.540151,8.540146
1.796399e+25,0.8424906,0.995646,310000.0,151467.36,149824.06,149824.05,18.954678,10.343594,8.540152,8.540147
1.796399e+25,0.8425176,0.9950868,310000.0,151467.36,149824.05,149824.06,18.954678,10.34352,8.540151,8.540147
1.796399e+25,0.84921193,0.99424154,310000.0,151467.38,149824.05,149824.06,18.954678,10.3434515,8.54015,8.540147
1.796399e+25,0.8656408,0.99573624,310000.0,151467.38,149824.05,149824.06,18.954678,10.3433075,8.540151,8.540147
1.796399e+25,0.85635924,0.9953698,310000.0,151467.39,149824.06,149824.05,18.954678,10.343442,8.54015,8.540146
1.796399e+25,0.8587315,0.99552727,310000.0,151467.36,149824.06,149824.06,18.954678,10.343253,8.540149,8.540147
1.796399e+25,0.8568652,0.99502236,310000.0,151467.45,149824.06,149824.06,18.954678,10.343567,8.540149,8.540147
1.796399e+25,0.85381776,0.99599135,310000.0,151467.42,149824.05,149824.05,18.954678,10.343256,8.54015,8.540147
1.796399e+25,0.84950626,0.9961333,310000.0,151467.36,149824.06,149824.05,18.954678,10.343615,8.54015,8.540146
1.796399e+25,0.8367715,0.99394107,310000.0,151467.39,149824.06,149824.08,18.954678,10.343409,8.54015,8.540147
1.796399e+25,0.85384196,0.9954105,310000.0,151467.36,149824.03,149824.08,18.954678,10.3431425,8.540151,8.540147
1.796399e+25,0.87664217,0.9973939,310000.0,151467.36,149824.05,149824.08,18.954678,10.343393,8.540149,8.540147
1.796399e+25,0.86515725,0.9962401,310000.0,151467.4,149824.06,149824.08,18.954678,10.34318,8.54015,8.540147
1.796399e+25,0.88494605,0.99947566,310000.0,151467.38,149824.05,149824.05,18.954678,10.343397,8.540151,8.540147
1.796399e+25,0.85350245,0.99691004,310000.0,151467.34,149824.06,149824.06,18.954678,10.343238,8.54015,8.540148
1.796399e+25,0.85164475,0.9954896,310000.0,151467.4,149824.06,149824.06,18.954678,10.343096,8.54015,8.540147
1.796399e+25,0.8689674,0.997967,310000.0,151467.38,149824.03,149824.05,18.954678,10.343277,8.540149,8.540147
1.796399e+25,0.87443924,0.9978075,310000.0,151467.33,149824.05,149824.06,18.954678,10.343315,8.540149,8.540147
1.796399e+25,0.8579252,0.9961864,310000.0,151467.36,149824.05,149824.05,18.954678,10.343393,8.54015,8.540146
1.796399e+25,0.8784546,0.9988539,310000.0,151467.34,149824.03,149824.06,18.954678,10.343224,8.54015,8.540146
1.796399e+25,0.87343687,0.996634,310000.0,151467.36,149824.03,149824.05,18.954678,10.343234,8.54015,8.540147
1.796399e+25,0.8543433,0.9954591,310000.0,151467.45,149824.06,149824.06,18.954678,10.343615,8.54015,8.540146
1.796399e+25,0.8423917,0.9938111,310000.0,151467.39,149824.06,149824.06,18.954678,10.343473,8.540149,8.540147
1.796399e+25,0.85227984,0.9963445,310000.0,151467.33,149824.03,149824.05,18.954678,10.343517,8.540151,8.540146
1.796399e+25,0.8461495,0.99603486,310000.0,151467.34,149824.05,149824.05,18.954678,10.343392,8.54015,8.540146
1.796399e+25,0.8544222,0.99575776,310000.0,151467.39,149824.06,149824.06,18.954678,10.3432045,8.54015,8.540146
1.796399e+25,0.85811573,0.99599147,310000.0,151467.4,149824.06,149824.06,18.954678,10.343369,8.540151,8.540146
1.796399e+25,0.8622513,0.99703515,310000.0,151467.34,149824.03,149824.06,18.954678,10.343096,8.540149,8.540147
1.796399e+25,0.8485743,0.99585193,310000.0,151467.4,149824.06,149824.05,18.954678,10.343616,8.540149,8.540146
1.796399e+25,0.8534665,0.9942746,310000.0,151467.4,149824.05,149824.05,18.954678,10.343308,8.54015,8.540146
1.796399e+25,0.85462976,0.9957003,310000.0,151467.4,149824.05,149824.06,18.954678,10.343522,8.54015,8.540146
1.796399e+25,0.8502785,0.9966161,310000.0,151467.39,149824.05,149824.05,18.954678,10.343863,8.540149,8.540146
1.796399e+25,0.837748,0.9937124,310000.0,151467.39,149824.06,149824.05,18.954678,10.343842,8.54015,8.540147
1.796399e+25,0.85947204,0.9956188,310000.0,151467.36,149824.08,149824.06,18.954678,10.343201,8.540151,8.540147
1.796399e+25,0.85335374,0.9948895,310000.0,151467.34,149824.05,149824.05,18.954678,10.343306,8.54015,8.540146
1.796399e+25,0.85061723,0.9957226,310000.0,151467.34,149824.06,149824.06,18.954678,10.342938,8.54015,8.540146
1.796399e+25,0.8592372,0.9966934,310000.0,151467.38,149824.05,149824.06,18.954678,10.343728,8.54015,8.540146
1.796399e+25,0.8729895,0.9970857,310000.0,151467.4,149824.06,149824.05,18.954678,10.343214,8.540151,8.540146
1.796399e+25,0.86227506,0.9967177,310000.0,151467.39,149824.05,149824.05,18.954678,10.343476,8.54015,8.540147
1.796399e+25,0.8553854,0.9953663,310000.0,151467.31,149824.03,149824.06,18.954678,10.343003,8.540151,8.540146
1.796399e+25,0.8555967,0.99527496,310000.0,151467.4,149824.06,149824.06,18.954678,10.343522,8.54015,8.540147
1.796399e+25,0.866884,0.9970152,310000.0,151467.39,149824.06,149824.06,18.954678,10.343428,8.54015,8.540147
1.796399e+25,0.8642976,0.9967211,310000.0,151467.39,149824.05,149824.05,18.954678,10.343337,8.54015,8.540147
1.796399e+25,0.8472996,0.99555224,310000.0,151467.4,149824.05,149824.05,18.954678,10.343533,8.54015,8.540146
1.796399e+25,0.86829835,0.9962274,310000.0,151467.36,149824.05,149824.06,18.954678,10.343162,8.540151,8.540147
1.796399e+25,0.86033463,0.9965925,310000.0,151467.38,149824.05,149824.05,18.954678,10.34356,8.54015,8.540146
1.796399e+25,0.8437608,0.9954224,310000.0,151467.4,149824.05,149824.05,18.954678,10.343537,8.540149,8.540146
1.796399e+25,0.8606641,0.9959287,310000.0,151467.36,149824.06,149824.05,18.954678,10.343523,8.54015,8.540147
1.796399e+25,0.86195844,0.9970106,310000.0,151467.39,149824.05,149824.05,18.954678,10.343287,8.540149,8.540147
1.796399e+25,0.8645818,0.99515206,310000.0,151467.38,149824.06,149824.05,18.954678,10.34354,8.540149,8.540146
1.796399e+25,0.8521427,0.9959367,310000.0,151467.44,149824.05,149824.05,18.954678,10.34328,8.54015,8.540146
1.796399e+25,0.8502038,0.9951174,310000.0,151467.36,149824.03,149824.05,18.954678,10.34378,8.54015,8.540147
1.796399e+25,0.85702133,0.9962422,310000.0,151467.39,149824.03,149824.08,18.954678,10.343769,8.54015,8.540146
1.796399e+25,0.84886384,0.99607056,310000.0,151467.4,149824.05,149824.05,18.954678,10.343396,8.540151,8.540147
1.796399e+25,0.84626853,0.9955974,310000.0,151467.34,149824.06,149824.05,18.954678,10.343226,8.540151,8.540145
1.796399e+25,0.85233074,0.9960505,310000.0,151467.38,149824.06,149824.03,18.954678,10.343282,8.540149,8.540146
1.796399e+25,0.8591747,0.9958475,310000.0,151467.36,149824.05,149824.05,18.954678,10.343473,8.540149,8.540146
1.796399e+25,0.8493493,0.99550766,310000.0,151467.39,149824.06,149824.08,18.954678,10.343543,8.54015,8.540146
1.796399e+25,0.8709831,0.9988257,310000.0,151467.34,149824.05,149824.05,18.954678,10.343148,8.540149,8.540147
1.796399e+25,0.8743341,0.99848837,310000.0,151467.38,149824.08,149824.03,18.954678,10.343188,8.540149,8.540146
1.796399e+25,0.8545652,0.9951034,310000.0,151467.39,149824.05,149824.05,18.954678,10.34344,8.540149,8.540146
1.796399e+25,0.85880274,0.99658793,310000.0,151467.44,149824.05,149824.05,18.954678,10.343762,8.54015,8.540146
1.796399e+25,0.8582375,0.99653614,310000.0,151467.44,149824.05,149824.06,18.954678,10.343581,8.54015,8.540146
1.796399e+25,0.85951406,0.99640155,310000.0,151467.38,149824.06,149824.03,18.954678,10.343074,8.540151,8.540147
1.796399e+25,0.84933335,0.99542314,310000.0,151467.39,149824.05,149824.06,18.954678,10.343395,8.540149,8.540146
1.796399e+25,0.86027336,0.99692357,310000.0,151467.39,149824.06,149824.05,18.954678,10.343187,8.54015,8.540147
1.796399e+25,0.8704968,0.9987349,310000.0,151467.38,149824.06,149824.05,18.954678,10.34365,8.540151,8.540146
1.796399e+25,0.86607975,0.99851197,310000.0,151467.42,149824.05,149824.06,18.954678,10.343537,8.54015,8.540146
1.796399e+25,0.87723005,0.9990844,310000.0,151467.38,149824.03,149824.06,18.954678,10.343498,8.540149,8.540146
1.796399e+25,0.8566312,0.9957018,310000.0,151467.38,149824.06,149824.06,18.954678,10.343564,8.54015,8.540147
1.796399e+25,0.86197406,0.9959281,310000.0,151467.4,149824.05,149824.06,18.954678,10.343256,8.54015,8.540146
1.796399e+25,0.86689204,0.99604154,310000.0,151467.4,149824.05,149824.05,18.954678,10.34359,8.540149,8.540147
1.796399e+25,0.8640405,0.99541885,310000.0,151467.4,149824.05,149824.06,18.954678,10.343832,8.54015,8.540146
1.796399e+25,0.86223847,0.99704427,310000.0,151467.39,149824.06,149824.06,18.954678,10.343329,8.54015,8.540147
1.796399e+25,0.86238307,0.9964307,310000.0,151467.34,149824.05,149824.05,18.954678,10.343423,8.540149,8.540147
1.796399e+25,0.86396784,0.9970111,310000.0,151467.36,149824.05,149824.05,18.954678,10.343438,8.540149,8.540147
1.796399e+25,0.86738753,0.9966436,310000.0,151467.38,149824.08,149824.06,18.954678,10.343266,8.540151,8.540147
1.796399e+25,0.86514086,0.99660707,310000.0,151467.34,149824.05,149824.05,18.954678,10.343334,8.54015,8.540147
1.796399e+25,0.86844814,0.9967069,310000.0,151467.38,149824.06,149824.05,18.954678,10.343187,8.54015,8.540146
1.796399e+25,0.8475398,0.99524945,310000.0,151467.39,149824.05,149824.06,18.954678,10.343422,8.540149,8.540146
1.796399e+25,0.8622798,0.9968861,310000.0,151467.36,149824.05,149824.05,18.954678,10.343352,8.540151,8.540146
1.796399e+25,0.8726635,0.9975103,310000.0,151467.39,149824.05,149824.06,18.954678,10.343577,8.540149,8.540146
1.796399e+25,0.8608588,0.9956728,310000.0,151467.38,149824.06,149824.05,18.954678,10.343364,8.540149,8.540146
1.796399e+25,0.8643852,0.99681145,310000.0,151467.42,149824.03,149824.05,18.954678,10.343458,8.540149,8.540147
1.796399e+25,0.8600939,0.9965638,310000.0,151467.34,149824.05,149824.03,18.954678,10.343371,8.540149,8.540147
1.796399e+25,0.8629196,0.99601334,310000.0,151467.39,149824.05,149824.05,18.954678,10.343371,8.54015,8.540147
1.796399e+25,0.86577415,0.99690163,310000.0,151467.36,149824.08,149824.05,18.954678,10.343491,8.540149,8.540146
1.796399e+25,0.8514211,0.9955918,310000.0,151467.34,149824.05,149824.05,18.954678,10.343138,8.54015,8.540147
1.796399e+25,0.85953027,0.99681914,310000.0,151467.39,149824.06,149824.06,18.954678,10.34311,8.54015,8.540146
1.796399e+25,0.8645569,0.9962813,310000.0,151467.39,149824.05,149824.06,18.954678,10.343282,8.540149,8.540147
1.796399e+25,0.8518994,0.99534786,310000.0,151467.38,149824.03,149824.05,18.954678,10.343408,8.54015,8.540146
1.796399e+25,0.87177306,0.996965,310000.0,151467.31,149824.05,149824.05,18.954678,10.343371,8.540151,8.540148
1.796399e+25,0.8589462,0.9955695,310000.0,151467.38,149824.06,149824.05,18.954678,10.34325,8.54015,8.540147
1.796399e+25,0.8570103,0.99662584,310000.0,151467.39,149824.06,149824.06,18.954678,10.343387,8.54015,8.540147
1.796399e+25,0.8479018,0.9957245,310000.0,151467.33,149824.05,149824.06,18.954678,10.343145,8.54015,8.540147
1.796399e+25,0.86999303,0.99737203,310000.0,151467.4,149824.05,149824.05,18.954678,10.343691,8.54015,8.540146
1.796399e+25,0.8502615,0.99593335,310000.0,151467.34,149824.05,149824.06,18.954678,10.343502,8.540151,8.540146
1.796399e+25,0.8579191,0.99688786,310000.0,151467.34,149824.05,149824.05,18.954678,10.343424,8.54015,8.540147
1.796399e+25,0.8632468,0.9979416,310000.0,151467.39,149824.06,149824.05,18.954678,10.343177,8.540151,8.540146
1.796399e+25,0.86593807,0.9960805,310000.0,151467.4,149824.05,149824.05,18.954678,10.343271,8.54015,8.540146
1.796399e+25,0.85327494,0.99557275,310000.0,151467.34,149824.06,149824.06,18.954678,10.343342,8.54015,8.540147
1.796399e+25,0.8617279,0.9961981,310000.0,151467.39,149824.05,149824.03,18.954678,10.343729,8.54015,8.540146
1.796399e+25,0.852016,0.9951567,310000.0,151467.4,149824.03,149824.05,18.954678,10.344038,8.54015,8.540146
1.796399e+25,0.8679246,0.9978547,310000.0,151467.38,149824.03,149824.06,18.954678,10.343066,8.54015,8.5401535
1.796399e+25,0.85176903,0.9964055,310000.0,151467.38,149824.05,149824.05,18.954678,10.343385,8.540151,8.540154
1.796399e+25,0.85459805,0.99681276,310000.0,151467.4,149824.08,149824.06,18.954678,10.343484,8.540151,8.540154
1.796399e+25,0.842827,0.9967041,310000.0,151467.39,149824.06,149824.06,18.954678,10.343592,8.540151,8.540154
1.796399e+25,0.8366586,0.9953097,310000.0,151467.38,149824.05,149824.05,18.954678,10.343459,8.54015,8.540154
1.796399e+25,0.8444163,0.9966656,310000.0,151467.36,149824.06,149824.08,18.954678,10.343298,8.54015,8.540154
1.796399e+25,0.8623024,0.9959611,310000.0,151467.39,149824.05,149824.06,18.954678,10.343227,8.54015,8.540154
1.796399e+25,0.8572694,0.9948739,310000.0,151467.4,149824.05,149824.08,18.954678,10.343395,8.54015,8.540155
1.796399e+25,0.84805864,0.9954246,310000.0,151467.39,149824.06,149824.05,18.954678,10.343631,8.540151,8.5401535
1.796399e+25,0.85611016,0.99551654,310000.0,151467.39,149824.06,149824.05,18.954678,10.343324,8.540149,8.540154
1.796399e+25,0.86031365,0.9953531,310000.0,151467.38,149824.03,149824.05,18.954678,10.343679,8.54015,8.540154
1.796399e+25,0.86490554,0.9951002,310000.0,151467.44,149824.05,149824.05,18.954678,10.343642,8.54015,8.540155
1.796399e+25,0.85100967,0.99506086,310000.0,151467.4,149824.06,149824.05,18.954678,10.343752,8.540149,8.5401535
1.796399e+25,0.8662295,0.9960438,310000.0,151467.34,149824.06,149824.05,18.954678,10.343247,8.540151,8.540154
1.796399e+25,0.8489899,0.99517506,310000.0,151467.38,149824.05,149824.08,18.954678,10.343203,8.54015,8.540154
1.796399e+25,0.8548615,0.9962793,310000.0,151467.4,149824.08,149824.05,18.954678,10.343245,8.540151,8.5401535
1.796399e+25,0.851726,0.9953922,310000.0,151467.38,149824.06,149824.02,18.954678,10.343327,8.540151,8.540154
1.796399e+25,0.8571666,0.99652094,310000.0,151467.31,149824.05,149824.06,18.954678,10.343156,8.54015,8.540154
1.796399e+25,0.8628891,0.9960219,310000.0,151467.4,149824.05,149824.06,18.954678,10.34356,8.54015,8.540154
1.796399e+25,0.84803206,0.99474883,310000.0,151467.38,149824.05,149824.05,18.954678,10.343201,8.54015,8.540154
1.796399e+25,0.88568604,0.9991773,310000.0,151467.42,149824.03,149824.05,18.954678,10.343516,8.540151,8.5401535
1.796399e+25,0.8533424,0.9943236,310000.0,151467.34,149824.06,149824.08,18.954678,10.343507,8.540151,8.540155
1.796399e+25,0.84777266,0.9948799,310000.0,151467.39,149824.05,149824.05,18.954678,10.343778,8.540151,8.540154
1.796399e+25,0.8619319,0.99731266,310000.0,151467.36,149824.05,149824.08,18.954678,10.343274,8.54015,8.540154
1.796399e+25,0.8614527,0.9949704,310000.0,151467.4,149824.06,149824.06,18.954678,10.343281,8.54015,8.540154
1.796399e+25,0.8610954,0.9950226,310000.0,151467.39,149824.06,149824.06,18.954678,10.343493,8.540149,8.5401535
1.796399e+25,0.8620253,0.99745643,310000.0,151467.36,149824.08,149824.05,18.954678,10.343408,8.54015,8.540154
1.796399e+25,0.8676615,0.9982072,310000.0,151467.39,149824.06,149824.05,18.954678,10.343653,8.54015,8.540155
1.796399e+25,0.84637785,0.996275,310000.0,151467.42,149824.05,149824.06,18.954678,10.343509,8.54015,8.540154
1.796399e+25,0.87856495,0.99796796,310000.0,151467.36,149824.05,149824.06,18.954678,10.343564,8.54015,8.540155
1.796399e+25,0.85588914,0.99785066,310000.0,151467.4,149824.06,149824.06,18.954678,10.343859,8.54015,8.540155
1.796399e+25,0.853176,0.99606097,310000.0,151467.4,149824.06,149824.06,18.954678,10.343849,8.54015,8.540154
1.796399e+25,0.8456017,0.9941795,310000.0,151467.4,149824.03,149824.06,18.954678,10.343547,8.54015,8.540154
1.796399e+25,0.85337293,0.9943657,310000.0,151467.36,149824.06,149824.06,18.954678,10.343336,8.540149,8.540155
1.796399e+25,0.8566768,0.9954502,310000.0,151467.38,149824.05,149824.05,18.954678,10.343146,8.540149,8.540155
1.796399e+25,0.8476373,0.99580216,310000.0,151467.34,149824.08,149824.05,18.954678,10.343222,8.54015,8.540154
1.796399e+25,0.8464055,0.9949401,310000.0,151467.44,149824.06,149824.05,18.954678,10.343974,8.54015,8.540154
1.796399e+25,0.8656266,0.99588823,310000.0,151467.4,149824.05,149824.05,18.954678,10.343684,8.540149,8.540154
1.796399e+25,0.8560583,0.9964475,310000.0,151467.44,149824.05,149824.06,18.954678,10.343539,8.540151,8.540154
1.796399e+25,0.8435666,0.99597895,310000.0,151467.36,149824.06,149824.06,18.954678,10.343116,8.540149,8.5401535
1.796399e+25,0.8570663,0.9957926,310000.0,151467.4,149824.06,149824.06,18.954678,10.343488,8.540151,8.540154
1.796399e+25,0.85973316,0.9958948,310000.0,151467.39,149824.05,149824.05,18.954678,10.343751,8.54015,8.540154
1.796399e+25,0.85590404,0.99548453,310000.0,151467.39,149824.03,149824.05,18.954678,10.343363,8.54015,8.540153
1.796399e+25,0.8692633,0.99599123,310000.0,151467.36,149824.05,149824.08,18.954678,10.343249,8.540149,8.540154
1.796399e+25,0.8544939,0.99678457,310000.0,151467.36,149824.06,149824.05,18.954678,10.343407,8.54015,8.540154
1.796399e+25,0.86045235,0.9964757,310000.0,151467.44,149824.06,149824.05,18.954678,10.343485,8.540149,8.540154
1.796399e+25,0.8674454,0.9969169,310000.0,151467.42,149824.05,149824.08,18.954678,10.343381,8.540149,8.540155
1.796399e+25,0.8714454,0.9967806,310000.0,151467.36,149824.03,149824.05,18.954678,10.343365,8.54015,8.540154
1.796399e+25,0.8698844,0.99751896,310000.0,151467.39,149824.06,149824.06,18.954678,10.343619,8.54015,8.540154
1.796399e+25,0.8470354,0.9954667,310000.0,151467.34,149824.06,149824.08,18.954678,10.343135,8.540149,8.540154
1.796399e+25,0.8600767,0.99600023,310000.0,151467.38,149824.06,149824.02,18.954678,10.343083,8.54015,8.540154
1.796399e+25,0.85645366,0.9957661,310000.0,151467.34,149824.06,149824.03,18.954678,10.343401,8.54015,8.540154
1.796399e+25,0.85699266,0.9957133,310000.0,151467.39,149824.06,149824.05,18.954678,10.343326,8.54015,8.540154
1.796399e+25,0.86639446,0.9964153,310000.0,151467.39,149824.08,149824.06,18.954678,10.343758,8.540151,8.540154
1.796399e+25,0.85840285,0.99565583,310000.0,151467.38,149824.03,149824.05,18.954678,10.343201,8.540148,8.540154
1.796399e+25,0.8721118,0.99682933,310000.0,151467.38,149824.06,149824.06,18.954678,10.343372,8.54015,8.540154
1.796399e+25,0.87021744,0.9964173,310000.0,151467.38,149824.06,149824.06,18.954678,10.343374,8.54015,8.540155
1.796399e+25,0.85573596,0.995134,310000.0,151467.42,149824.05,149824.05,18.954678,10.343375,8.54015,8.540154
1.796399e+25,0.85158783,0.99545765,310000.0,151467.42,149824.06,149824.03,18.954678,10.343419,8.540151,8.540154
1.796399e+25,0.85408914,0.99513924,310000.0,151467.38,149824.05,149824.08,18.954678,10.343288,8.540151,8.540155
1.796399e+25,0.8601888,0.99539846,310000.0,151467.34,149824.06,149824.06,18.954678,10.343114,8.540149,8.540154
1.796399e+25,0.8579232,0.99567336,310000.0,151467.4,149824.06,149824.06,18.954678,10.343504,8.54015,8.540154
1.796399e+25,0.85451883,0.9957069,310000.0,151467.39,149824.06,149824.05,18.954678,10.343536,8.540149,8.5401535
1.796399e+25,0.86624306,0.99771136,310000.0,151467.36,149824.05,149824.06,18.954678,10.343473,8.54015,8.540154
1.796399e+25,0.8471226,0.9953643,310000.0,151467.42,149824.06,149824.05,18.954678,10.343237,8.540151,8.540154
1.796399e+25,0.8629218,0.9954137,310000.0,151467.4,149824.05,149824.06,18.954678,10.3434,8.54015,8.540154
1.796399e+25,0.8756945,0.99614125,310000.0,151467.38,149824.05,149824.06,18.954678,10.343254,8.540149,8.540155
1.796399e+25,0.87572443,0.99616224,310000.0,151467.38,149824.05,149824.06,18.954678,10.343448,8.54015,8.540154
1.796399e+25,0.86437714,0.99604464,310000.0,151467.44,149824.05,149824.08,18.954678,10.343499,8.54015,8.5401535
1.796399e+25,0.84840006,0.9954842,310000.0,151467.34,149824.06,149824.05,18.954678,10.343339,8.54015,8.540154
1.796399e+25,0.8528004,0.99845845,310000.0,151467.33,149824.06,149824.08,18.954678,10.343345,8.540149,8.540155
1.796399e+25,0.85569036,0.9965819,310000.0,151467.39,149824.08,149824.06,18.954678,10.343433,8.540149,8.540154
1.796399e+25,0.8861859,0.9982052,310000.0,151467.33,149824.05,149824.08,18.954678,10.34308,8.540151,8.540154
1.796399e+25,0.8825486,0.9988501,310000.0,151467.4,149824.08,149824.03,18.954678,10.343566,8.54015,8.540153
1.796399e+25,0.86932784,0.99696165,310000.0,151467.36,149824.06,149824.06,18.954678,10.343112,8.54015,8.540154
1.796399e+25,0.8592937,0.99696517,310000.0,151467.3,149824.05,149824.06,18.954678,10.343034,8.54015,8.540155
1.796399e+25,0.8561347,0.99621123,310000.0,151467.36,149824.03,149824.08,18.954678,10.343183,8.540149,8.540154
1.796399e+25,0.8699644,0.9969726,310000.0,151467.36,149824.06,149824.05,18.954678,10.343134,8.540149,8.5401535
1.796399e+25,0.86198515,0.99728477,310000.0,151467.42,149824.03,149824.06,18.954678,10.343619,8.54015,8.540154
1.796399e+25,0.87077177,0.9972806,310000.0,151467.44,149824.05,149824.06,18.954678,10.343856,8.54015,8.540155
1.796399e+25,0.86239433,0.9969587,310000.0,151467.34,149824.06,149824.06,18.954678,10.343291,8.540151,8.540154
1.796399e+25,0.86631715,0.9961879,310000.0,151467.34,149824.05,149824.06,18.954678,10.343691,8.540148,8.540155
1.796399e+25,0.86861193,0.9956359,310000.0,151467.4,149824.08,149824.06,18.954678,10.343936,8.54015,8.540155
1.796399e+25,0.85582286,0.99718076,310000.0,151467.4,149824.03,149824.05,18.954678,10.3435955,8.54015,8.5401535
1.796399e+25,0.86405236,0.99588114,310000.0,151467.39,149824.05,149824.06,18.954678,10.343465,8.540151,8.540155
1.796399e+25,0.8521969,0.9962512,310000.0,151467.38,149824.05,149824.06,18.954678,10.343215,8.54015,8.540154
1.796399e+25,0.86546,0.9960444,310000.0,151467.38,149824.05,149824.06,18.954678,10.343628,8.540151,8.5401535
1.796399e+25,0.8705486,0.99662346,310000.0,151467.39,149824.08,149824.05,18.954678,10.343438,8.540151,8.540154
1.796399e+25,0.84444755,0.9952231,310000.0,151467.4,149824.05,149824.08,18.954678,10.343239,8.54015,8.540154
1.796399e+25,0.8433986,0.99443895,310000.0,151467.36,149824.05,149824.05,18.954678,10.343346,8.54015,8.540153
1.796399e+25,0.8574606,0.9955273,310000.0,151467.36,149824.06,149824.05,18.954678,10.343091,8.54015,8.540154
1.796399e+25,0.85128844,0.9956889,310000.0,151467.38,149824.06,149824.03,18.954678,10.343413,8.540151,8.540154
1.796399e+25,0.86482775,0.995134,310000.0,151467.39,149824.05,149824.06,18.954678,10.343317,8.54015,8.540154
1.796399e+25,0.8745044,0.99632657,310000.0,151467.38,149824.08,149824.06,18.954678,10.343239,8.540149,8.540154
1.796399e+25,0.8528255,0.99628776,310000.0,151467.44,149824.05,149824.05,18.954678,10.343356,8.54015,8.540154
1.796399e+25,0.86269027,0.9962528,310000.0,151467.4,149824.05,149824.08,18.954678,10.343334,8.54015,8.540155
1.796399e+25,0.854999,0.9965589,310000.0,151467.38,149824.05,149824.05,18.954678,10.343401,8.54015,8.540155
1.796399e+25,0.83633816,0.99450743,310000.0,151467.38,149824.05,149824.03,18.954678,10.3435135,8.54015,8.5401535
1.796399e+25,0.8581033,0.99607325,310000.0,151467.39,149824.05,149824.06,18.954678,10.34331,8.540151,8.540154
1.796399e+25,0.86146146,0.99604887,310000.0,151467.34,149824.03,149824.05,18.954678,10.34332,8.54015,8.5401535
1.796399e+25,0.8596979,0.9970554,310000.0,151467.42,149824.03,149824.06,18.954678,10.343575,8.540151,8.540151
1.796399e+25,0.85144746,0.9963853,310000.0,151467.39,149824.03,149824.08,18.954678,10.343507,8.54015,8.54015
1.796399e+25,0.85018176,0.9967146,310000.0,151467.4,149824.06,149824.06,18.954678,10.343316,8.540149,8.54015
1.796399e+25,0.8502633,0.99718666,310000.0,151467.4,149824.06,149824.03,18.954678,10.34348,8.54015,8.54015
1.796399e+25,0.86050373,0.99743986,310000.0,151467.36,149824.05,149824.06,18.954678,10.3436575,8.540149,8.540151
1.796399e+25,0.8615625,0.9974489,310000.0,151467.34,149824.06,149824.05,18.954678,10.343399,8.54015,8.54015
1.796399e+25,0.8367883,0.99655294,310000.0,151467.45,149824.05,149824.1,18.954678,10.343474,8.54015,8.540151
1.796399e+25,0.8470642,0.99652696,310000.0,151467.39,149824.05,149824.05,18.954678,10.343614,8.540151,8.540151
1.796399e+25,0.8624317,0.9962729,310000.0,151467.4,149824.08,149824.06,18.954678,10.343401,8.54015,8.540151
1.796399e+25,0.8609823,0.9968532,310000.0,151467.38,149824.08,149824.06,18.954678,10.343339,8.54015,8.54015
1.796399e+25,0.85087126,0.9955971,310000.0,151467.34,149824.05,149824.06,18.954678,10.343115,8.540151,8.540149
1.796399e+25,0.87052226,0.99534667,310000.0,151467.42,149824.06,149824.05,18.954678,10.343323,8.540152,8.54015
1.796399e+25,0.86501396,0.9963628,310000.0,151467.39,149824.08,149824.05,18.954678,10.343096,8.54015,8.540151
1.796399e+25,0.86290574,0.9963716,310000.0,151467.34,149824.03,149824.05,18.954678,10.343365,8.54015,8.54015
1.796399e+25,0.8633268,0.9959929,310000.0,151467.36,149824.05,149824.05,18.954678,10.343242,8.540149,8.540151
1.796399e+25,0.85272557,0.99502605,310000.0,151467.38,149824.05,149824.05,18.954678,10.343204,8.54015,8.54015
1.796399e+25,0.85533136,0.99640316,310000.0,151467.42,149824.06,149824.05,18.954678,10.343519,8.54015,8.54015
1.796399e+25,0.8692442,0.9971229,310000.0,151467.38,149824.08,149824.06,18.954678,10.343458,8.540149,8.54015
1.796399e+25,0.8556144,0.9963763,310000.0,151467.4,149824.08,149824.05,18.954678,10.343186,8.540149,8.54015
1.796399e+25,0.8723179,0.9972183,310000.0,151467.39,149824.03,149824.05,18.954678,10.343358,8.540149,8.540151
1.796399e+25,0.86328435,0.99629307,310000.0,151467.44,149824.06,149824.06,18.954678,10.343465,8.540149,8.540151
1.796399e+25,0.8541421,0.99660814,310000.0,151467.39,149824.05,149824.03,18.954678,10.343552,8.54015,8.54015
1.796399e+25,0.86168826,0.9964806,310000.0,151467.39,149824.05,149824.05,18.954678,10.343777,8.54015,8.54015
1.796399e+25,0.8723846,0.99737173,310000.0,151467.4,149824.06,149824.05,18.954678,10.3436,8.540151,8.54015
1.796399e+25,0.860142,0.99657446,310000.0,151467.36,149824.06,149824.06,18.954678,10.343662,8.54015,8.540151
1.796399e+25,0.86389256,0.9955472,310000.0,151467.38,149824.05,149824.05,18.954678,10.343433,8.540148,8.54015
1.796399e+25,0.86260724,0.996633,310000.0,151467.47,149824.08,149824.05,18.954678,10.343597,8.540152,8.54015
1.796399e+25,0.86276615,0.9966853,310000.0,151467.4,149824.06,149824.08,18.954678,10.343299,8.54015,8.540151
1.796399e+25,0.8723259,0.9969225,310000.0,151467.42,149824.05,149824.06,18.954678,10.3434105,8.54015,8.540151
1.796399e+25,0.8648913,0.9964389,310000.0,151467.42,149824.03,149824.06,18.954678,10.344174,8.540149,8.540149
1.796399e+25,0.8591362,0.9973752,310000.0,151467.39,149824.03,149824.06,18.954678,10.343414,8.54015,8.54015
1.796399e+25,0.8726888,0.9970524,310000.0,151467.42,149824.05,149824.06,18.954678,10.343654,8.540151,8.540151
1.796399e+25,0.86241513,0.99701375,310000.0,151467.34,149824.06,149824.05,18.954678,10.343513,8.540149,8.540151
1.796399e+25,0.8540258,0.996866,310000.0,151467.4,149824.06,149824.06,18.954678,10.343697,8.54015,8.540151
1.796399e+25,0.8753955,0.9972861,310000.0,151467.34,149824.05,149824.06,18.954678,10.343339,8.540149,8.540151
1.796399e+25,0.8545068,0.99558294,310000.0,151467.4,149824.08,149824.06,18.954678,10.34361,8.54015,8.54015
1.796399e+25,0.88742095,0.99829185,310000.0,151467.38,149824.05,149824.06,18.954678,10.343573,8.54015,8.540151
1.796399e+25,0.8579563,0.9960764,310000.0,151467.34,149824.05,149824.05,18.954678,10.343461,8.540149,8.54015
1.796399e+25,0.8696508,0.9971671,310000.0,151467.38,149824.05,149824.05,18.954678,10.343441,8.540148,8.54015
1.796399e+25,0.8686779,0.99674237,310000.0,151467.36,149824.03,149824.05,18.954678,10.34336,8.54015,8.540151
1.796399e+25,0.889081,0.9971774,310000.0,151467.39,149824.05,149824.06,18.954678,10.3434515,8.54015,8.54015
1.796399e+25,0.8722021,0.99661744,310000.0,151467.39,149824.05,149824.06,18.954678,10.343511,8.54015,8.540151
1.796399e+25,0.8691862,0.9969142,310000.0,151467.38,149824.05,149824.06,18.954678,10.343567,8.540149,8.540151
1.796399e+25,0.86953676,0.99679756,310000.0,151467.33,149824.05,149824.05,18.954678,10.343056,8.54015,8.54015
1.796399e+25,0.8692108,0.9971131,310000.0,151467.38,149824.05,149824.05,18.954678,10.34345,8.540151,8.540149
1.796399e+25,0.8597296,0.9967089,310000.0,151467.36,149824.05,149824.05,18.954678,10.34315,8.540149,8.540151
1.796399e+25,0.86519194,0.9968092,310000.0,151467.34,149824.05,149824.06,18.954678,10.343349,8.54015,8.540151
1.796399e+25,0.84721196,0.9965996,310000.0,151467.33,149824.06,149824.06,18.954678,10.343495,8.54015,8.54015
1.796399e+25,0.86859953,0.9968906,310000.0,151467.39,149824.06,149824.06,18.954678,10.343494,8.540149,8.540151
1.796399e+25,0.8563395,0.9964116,310000.0,151467.38,149824.03,149824.05,18.954678,10.343315,8.54015,8.540151
1.796399e+25,0.87247443,0.9955771,310000.0,151467.34,149824.06,149824.06,18.954678,10.343548,8.54015,8.540151
1.796399e+25,0.86061144,0.99724084,310000.0,151467.42,149824.06,149824.06,18.954678,10.34346,8.540149,8.540151
1.796399e+25,0.8611119,0.99616057,310000.0,151467.38,149824.05,149824.06,18.954678,10.343624,8.540151,8.54015
1.796399e+25,0.8841555,0.99746764,310000.0,151467.38,149824.06,149824.05,18.954678,10.343865,8.540151,8.54015
1.796399e+25,0.8677936,0.9967909,310000.0,151467.39,149824.05,149824.05,18.954678,10.343092,8.54015,8.540151
1.796399e+25,0.87055176,0.9969868,310000.0,151467.4,149824.03,149824.05,18.954678,10.343573,8.54015,8.54015
1.796399e+25,0.861891,0.9968898,310000.0,151467.38,149824.08,149824.06,18.954678,10.343523,8.54015,8.540151
1.796399e+25,0.85604465,0.99584717,310000.0,151467.4,149824.06,149824.05,18.954678,10.343381,8.540151,8.54015
1.796399e+25,0.86283565,0.9970064,310000.0,151467.39,149824.06,149824.05,18.954678,10.343477,8.540149,8.540151
1.796399e+25,0.8933756,0.9993806,310000.0,151467.38,149824.06,149824.08,18.954678,10.343202,8.54015,8.54015
1.796399e+25,0.880182,0.9989238,310000.0,151467.39,149824.08,149824.06,18.954678,10.343294,8.540149,8.54015
1.796399e+25,0.871121,0.9988799,310000.0,151467.44,149824.06,149824.03,18.954678,10.3437,8.54015,8.540151
1.796399e+25,0.870688,0.9986101,310000.0,151467.4,149824.06,149824.05,18.954678,10.343508,8.540149,8.54015
1.796399e+25,0.8595823,0.99695504,310000.0,151467.39,149824.03,149824.05,18.954678,10.343389,8.54015,8.540151
1.796399e+25,0.8795362,0.99877113,310000.0,151467.34,149824.06,149824.08,18.954678,10.34317,8.540149,8.540151
1.796399e+25,0.86791414,0.9989022,310000.0,151467.38,149824.05,149824.06,18.954678,10.343305,8.540151,8.540151
1.796399e+25,0.8819231,0.998895,310000.0,151467.34,149824.05,149824.05,18.954678,10.34314,8.540149,8.54015
1.796399e+25,0.8615269,0.9957304,310000.0,151467.38,149824.06,149824.06,18.954678,10.343735,8.540149,8.54015
1.796399e+25,0.8744376,0.9973146,310000.0,151467.4,149824.06,149824.05,18.954678,10.343522,8.54015,8.54015
1.796399e+25,0.8684176,0.9966147,310000.0,151467.42,149824.03,149824.06,18.954678,10.343792,8.54015,8.54015
1.796399e+25,0.8719658,0.9971541,310000.0,151467.34,149824.06,149824.06,18.954678,10.343504,8.54015,8.54015
1.796399e+25,0.8588225,0.9966853,310000.0,151467.34,149824.05,149824.05,18.954678,10.343417,8.54015,8.54015
1.796399e+25,0.8788575,0.99739254,310000.0,151467.42,149824.05,149824.06,18.954678,10.34335,8.54015,8.540151
1.796399e+25,0.8581035,0.99644226,310000.0,151467.36,149824.06,149824.05,18.954678,10.343499,8.54015,8.540151
1.796399e+25,0.87063664,0.9954582,310000.0,151467.39,149824.08,149824.06,18.954678,10.343375,8.540149,8.54015
1.796399e+25,0.8578781,0.9955601,310000.0,151467.39,149824.05,149824.05,18.954678,10.34323,8.54015,8.540151
1.796399e+25,0.8520672,0.99621695,310000.0,151467.4,149824.05,149824.03,18.954678,10.343411,8.54015,8.54015
1.796399e+25,0.85588783,0.99657387,310000.0,151467.38,149824.06,149824.05,18.954678,10.343129,8.54015,8.540151
1.796399e+25,0.87551963,0.9972122,310000.0,151467.38,149824.06,149824.03,18.954678,10.343341,8.540151,8.54015
1.796399e+25,0.8604785,0.99560755,310000.0,151467.45,149824.06,149824.06,18.954678,10.343377,8.54015,8.540151
1.796399e+25,0.85465544,0.9949833,310000.0,151467.4,149824.05,149824.06,18.954678,10.343567,8.54015,8.540151
1.796399e+25,0.86970264,0.99755216,310000.0,151467.4,149824.05,149824.06,18.954678,10.343396,8.540149,8.54015
1.796399e+25,0.85358256,0.99663585,310000.0,151467.44,149824.03,149824.05,18.954678,10.343705,8.54015,8.540151
1.796399e+25,0.86862403,0.9968848,310000.0,151467.31,149824.03,149824.08,18.954678,10.343425,8.54015,8.54015
1.796399e+25,0.853536,0.9966936,310000.0,151467.42,149824.06,149824.05,18.954678,10.343627,8.540151,8.54015
1.796399e+25,0.8739129,0.99757814,310000.0,151467.36,149824.05,149824.03,18.954678,10.343375,8.54015,8.54015
1.796399e+25,0.8541964,0.9967895,310000.0,151467.34,149824.05,149824.06,18.954678,10.343258,8.54015,8.540151
1.796399e+25,0.86021316,0.99596125,310000.0,151467.38,149824.03,149824.06,18.954678,10.343802,8.54015,8.540151
1.796399e+25,0.8584248,0.99741364,310000.0,151467.36,149824.05,149824.05,18.954678,10.343301,8.540149,8.54015
1.796399e+25,0.8467306,0.9952743,310000.0,151467.33,149824.05,149824.05,18.954678,10.343114,8.540151,8.540149
1.796399e+25,0.8556814,0.9974819,310000.0,151467.44,149824.08,149824.03,18.954678,10.34371,8.54015,8.540153
1.796399e+25,0.85084116,0.99718493,310000.0,151467.34,149824.06,149824.03,18.954678,10.343296,8.54015,8.5401535
1.796399e+25,0.85714084,0.99748135,310000.0,151467.39,149824.05,149824.06,18.954678,10.343534,8.54015,8.5401535
1.796399e+25,0.8769389,0.9977081,310000.0,151467.34,149824.05,149824.06,18.954678,10.343452,8.54015,8.5401535
1.796399e+25,0.8682272,0.99797505,310000.0,151467.4,149824.05,149824.05,18.954678,10.343515,8.54015,8.540153
1.796399e+25,0.86668646,0.9975812,310000.0,151467.39,149824.08,149824.06,18.954678,10.343071,8.54015,8.5401535
1.796399e+25,0.8696468,0.9963323,310000.0,151467.42,149824.06,149824.03,18.954678,10.343652,8.540151,8.5401535
1.796399e+25,0.86299753,0.9970291,310000.0,151467.39,149824.06,149824.05,18.954678,10.3432045,8.54015,8.5401535
1.796399e+25,0.85973287,0.997092,310000.0,151467.36,149824.03,149824.06,18.954678,10.343358,8.540149,8.5401535
1.796399e+25,0.86928093,0.9982231,310000.0,151467.38,149824.06,149824.05,18.954678,10.3432455,8.540149,8.540153
1.796399e+25,0.86356926,0.99684966,310000.0,151467.34,149824.06,149824.03,18.954678,10.343085,8.54015,8.5401535
1.796399e+25,0.8611832,0.9966274,310000.0,151467.39,149824.03,149824.06,18.954678,10.34366,8.54015,8.5401535
1.796399e+25,0.8710156,0.99757075,310000.0,151467.38,149824.06,149824.05,18.954678,10.343457,8.54015,8.5401535
1.796399e+25,0.8575114,0.9966956,310000.0,151467.38,149824.06,149824.05,18.954678,10.343126,8.540149,8.5401535
1.796399e+25,0.85312295,0.9970141,310000.0,151467.3,149824.03,149824.05,18.954678,10.343294,8.54015,8.5401535
1.796399e+25,0.8739325,0.9973259,310000.0,151467.36,149824.05,149824.06,18.954678,10.343439,8.54015,8.5401535
1.796399e+25,0.8674983,0.99632776,310000.0,151467.38,149824.05,149824.05,18.954678,10.343607,8.540151,8.540153
1.796399e+25,0.8696172,0.9964772,310000.0,151467.38,149824.05,149824.06,18.954678,10.343245,8.54015,8.540154
1.796399e+25,0.8551853,0.99677473,310000.0,151467.38,149824.06,149824.05,18.954678,10.343489,8.540151,8.5401535
1.796399e+25,0.8667977,0.9965433,310000.0,151467.42,149824.06,149824.05,18.954678,10.343483,8.54015,8.5401535
1.796399e+25,0.8533513,0.99704456,310000.0,151467.42,149824.03,149824.06,18.954678,10.343372,8.540149,8.540154
1.796399e+25,0.8567253,0.99642223,310000.0,151467.36,149824.05,149824.06,18.954678,10.343295,8.54015,8.5401535
1.796399e+25,0.8562148,0.99643916,310000.0,151467.34,149824.05,149824.05,18.954678,10.343167,8.54015,8.540153
1.796399e+25,0.8697277,0.9971756,310000.0,151467.39,149824.03,149824.05,18.954678,10.343504,8.54015,8.5401535
1.796399e+25,0.88843364,0.99756324,310000.0,151467.36,149824.06,149824.05,18.954678,10.343309,8.540149,8.5401535
1.796399e+25,0.8690027,0.9962312,310000.0,151467.36,149824.05,149824.05,18.954678,10.343011,8.540149,8.5401535
1.796399e+25,0.8663397,0.9969854,310000.0,151467.4,149824.06,149824.05,18.954678,10.3433,8.540149,8.540154
1.796399e+25,0.87651414,0.99715114,310000.0,151467.38,149824.05,149824.06,18.954678,10.343345,8.540149,8.5401535
1.796399e+25,0.86613905,0.9984601,310000.0,151467.34,149824.05,149824.08,18.954678,10.343222,8.540151,8.5401535
1.796399e+25,0.8769789,0.99859667,310000.0,151467.33,149824.06,149824.02,18.954678,10.343217,8.540149,8.5401535
1.796399e+25,0.85405636,0.99658144,310000.0,151467.45,149824.08,149824.05,18.954678,10.343635,8.54015,8.540153
1.796399e+25,0.8547393,0.9961077,310000.0,151467.4,149824.06,149824.06,18.954678,10.343471,8.540151,8.5401535
1.796399e+25,0.86373824,0.9970826,310000.0,151467.39,149824.05,149824.05,18.954678,10.343447,8.540151,8.5401535
1.796399e+25,0.86972505,0.9964719,310000.0,151467.39,149824.05,149824.05,18.954678,10.343631,8.540149,8.5401535
1.796399e+25,0.8666366,0.99722385,310000.0,151467.33,149824.06,149824.06,18.954678,10.343392,8.540149,8.5401535
1.796399e+25,0.8539336,0.99512005,310000.0,151467.4,149824.05,149824.06,18.954678,10.343439,8.54015,8.540152
1.796399e+25,0.84692377,0.9970568,310000.0,151467.36,149824.05,149824.06,18.954678,10.343439,8.540149,8.5401535
1.796399e+25,0.8723154,0.9982633,310000.0,151467.39,149824.06,149824.03,18.954678,10.343629,8.54015,8.5401535
1.796399e+25,0.8553436,0.99614054,310000.0,151467.38,149824.06,149824.06,18.954678,10.343663,8.54015,8.540154
1.796399e+25,0.8646672,0.9970357,310000.0,151467.39,149824.08,149824.03,18.954678,10.343426,8.540151,8.5401535
1.796399e+25,0.86616486,0.9972363,310000.0,151467.38,149824.05,149824.05,18.954678,10.343264,8.54015,8.5401535
1.796399e+25,0.88376737,0.99775183,310000.0,151467.36,149824.06,149824.05,18.954678,10.343283,8.54015,8.5401535
1.796399e+25,0.8628852,0.99717873,310000.0,151467.38,149824.06,149824.06,18.954678,10.3432255,8.540149,8.5401535
1.796399e+25,0.8707658,0.99673694,310000.0,151467.4,149824.06,149824.03,18.954678,10.343689,8.54015,8.5401535
1.796399e+25,0.87011796,0.9970354,310000.0,151467.39,149824.05,149824.06,18.954678,10.34335,8.54015,8.5401535
1.796399e+25,0.85882413,0.99618137,310000.0,151467.34,149824.05,149824.05,18.954678,10.343414,8.54015,8.5401535
1.796399e+25,0.8779636,0.9977154,310000.0,151467.38,149824.06,149824.05,18.954678,10.343409,8.54015,8.5401535
1.796399e+25,0.86293185,0.9970102,310000.0,151467.4,149824.05,149824.05,18.954678,10.343382,8.54015,8.5401535
1.796399e+25,0.8677393,0.9968373,310000.0,151467.38,149824.03,149824.05,18.954678,10.343339,8.540149,8.5401535
1.796399e+25,0.8654768,0.99650705,310000.0,151467.39,149824.06,149824.05,18.954678,10.3436365,8.54015,8.5401535
1.796399e+25,0.8678544,0.9973074,310000.0,151467.38,149824.06,149824.08,18.954678,10.34354,8.54015,8.5401535
1.796399e+25,0.8791855,0.99725044,310000.0,151467.38,149824.03,149824.03,18.954678,10.343324,8.540151,8.540153
1.796399e+25,0.87359947,0.9960719,310000.0,151467.42,149824.05,149824.05,18.954678,10.343686,8.54015,8.5401535
1.796399e+25,0.88085115,0.99756306,310000.0,151467.39,149824.05,149824.03,18.954678,10.34342,8.540151,8.5401535
1.796399e+25,0.8757935,0.99727213,310000.0,151467.4,149824.06,149824.05,18.954678,10.343791,8.540151,8.5401535
1.796399e+25,0.86720324,0.9969592,310000.0,151467.4,149824.06,149824.05,18.954678,10.34338,8.540149,8.5401535
1.796399e+25,0.8716781,0.99739444,310000.0,151467.38,149824.06,149824.05,18.954678,10.343741,8.540149,8.540154
1.796399e+25,0.8690118,0.9971106,310000.0,151467.4,149824.06,149824.06,18.954678,10.343639,8.540149,8.540153
1.796399e+25,0.8739585,0.99730206,310000.0,151467.4,149824.06,149824.06,18.954678,10.343263,8.54015,8.5401535
1.796399e+25,0.8665439,0.99634635,310000.0,151467.36,149824.06,149824.06,18.954678,10.343943,8.54015,8.540154
1.796399e+25,0.86379117,0.99641603,310000.0,151467.42,149824.05,149824.06,18.954678,10.3432865,8.54015,8.5401535
1.796399e+25,0.85366255,0.99607694,310000.0,151467.44,149824.05,149824.05,18.954678,10.343628,8.540149,8.5401535
1.796399e+25,0.8540382,0.9965942,310000.0,151467.4,149824.03,149824.06,18.954678,10.343415,8.540149,8.540154
1.796399e+25,0.8679655,0.9974004,310000.0,151467.34,149824.06,149824.06,18.954678,10.34352,8.54015,8.540154
1.796399e+25,0.8577488,0.9969159,310000.0,151467.44,149824.03,149824.06,18.954678,10.343562,8.54015,8.540153
1.796399e+25,0.88138956,0.9987942,310000.0,151467.4,149824.05,149824.05,18.954678,10.343292,8.54015,8.5401535
1.796399e+25,0.8734178,0.99681604,310000.0,151467.39,149824.03,149824.05,18.954678,10.343458,8.540149,8.5401535
1.796399e+25,0.86829036,0.99702954,310000.0,151467.36,149824.06,149824.03,18.954678,10.343435,8.540149,8.5401535
1.796399e+25,0.8738276,0.99718714,310000.0,151467.4,149824.03,149824.06,18.954678,10.343319,8.540151,8.5401535
1.796399e+25,0.8783263,0.9978009,310000.0,151467.4,149824.08,149824.05,18.954678,10.343779,8.54015,8.5401535
1.796399e+25,0.88348055,0.99766934,310000.0,151467.42,149824.05,149824.06,18.954678,10.343537,8.54015,8.540154
1.796399e+25,0.86235595,0.9960718,310000.0,151467.34,149824.05,149824.05,18.954678,10.34312,8.54015,8.5401535
1.796399e+25,0.8746145,0.99756455,310000.0,151467.44,149824.05,149824.05,18.954678,10.343169,8.54015,8.540154
1.796399e+25,0.8620166,0.99722636,310000.0,151467.36,149824.05,149824.05,18.954678,10.343352,8.540151,8.540154
1.796399e+25,0.8484482,0.9966377,310000.0,151467.33,149824.06,149824.06,18.954678,10.34353,8.54015,8.5401535
1.796399e+25,0.86785364,0.9971752,310000.0,151467.42,149824.06,149824.06,18.954678,10.34336,8.54015,8.5401535
1.796399e+25,0.8389525,0.99517226,310000.0,151467.34,149824.06,149824.06,18.954678,10.343225,8.54015,8.5401535
1.796399e+25,0.8771401,0.99807817,310000.0,151467.34,149824.08,149824.05,18.954678,10.343223,8.540149,8.5401535
1.796399e+25,0.85917497,0.997989,310000.0,151467.39,149824.03,149824.05,18.954678,10.343587,8.540149,8.5401535
1.796399e+25,0.8719281,0.9985085,310000.0,151467.34,149824.05,149824.05,18.954678,10.343273,8.54015,8.5401535
1.796399e+25,0.8605794,0.9958884,310000.0,151467.42,149824.02,149824.05,18.954678,10.343701,8.54015,8.540153
1.796399e+25,0.87470293,0.9976125,310000.0,151467.42,149824.05,149824.03,18.954678,10.343767,8.54015,8.540153
1.796399e+25,0.8636141,0.99730295,310000.0,151467.39,149824.06,149824.06,18.954678,10.343763,8.54015,8.5401535
1.796399e+25,0.8588596,0.9959228,310000.0,151467.4,149824.05,149824.05,18.954678,10.343772,8.54015,8.5401535
1.796399e+25,0.8668861,0.99730134,310000.0,151467.36,149824.06,149824.05,18.954678,10.343696,8.54015,8.540154
1.796399e+25,0.87278676,0.99746853,310000.0,151467.45,149824.06,149824.05,18.954678,10.34386,8.54015,8.5401535
1.796399e+25,0.87308717,0.9967075,310000.0,151467.42,149824.08,149824.06,18.954678,10.343543,8.540151,8.540154
1.796399e+25,0.8805709,0.9978413,310000.0,151467.38,149824.03,149824.05,18.954678,10.343661,8.540151,8.5401535
1.796399e+25,0.8618644,0.9967696,310000.0,151467.42,149824.06,149824.03,18.954678,10.343638,8.54015,8.5401535
1.796399e+25,0.8738525,0.9976497,310000.0,151467.4,149824.03,149824.05,18.954678,10.343382,8.540149,8.540154
1.796399e+25,0.88407725,0.99794525,310000.0,151467.36,149824.06,149824.05,18.954678,10.343617,8.540149,8.5401535
1.796399e+25,0.8681808,0.997382,310000.0,151467.39,149824.05,149824.03,18.954678,10.34342,8.540151,8.540153
1.796399e+25,0.8660424,0.9971758,310000.0,151467.36,149824.06,149824.05,18.954678,10.343391,8.54015,8.5401535
1.796399e+25,0.8852834,0.9976732,310000.0,151467.36,149824.05,149824.05,18.954678,10.343358,8.540149,8.5401535
1.796399e+25,0.8712964,0.9971233,310000.0,151467.38,149824.06,149824.06,18.954678,10.3432255,8.540148,8.5401535
1.796399e+25,0.8724927,0.99652535,310000.0,151467.34,149824.05,149824.05,18.954678,10.343439,8.54015,8.5401535
1.796399e+25,0.8652374,0.99733746,310000.0,151467.39,149824.05,149824.06,18.954678,10.343445,8.540149,8.5401535
1.796399e+25,0.8530771,0.9972591,310000.0,151467.38,149824.05,149824.03,18.954678,10.343172,8.540151,8.540153
1.796399e+25,0.8810113,0.99805725,310000.0,151467.39,149824.05,149824.05,18.954678,10.343254,8.540151,8.540153
1.796399e+25,0.88451385,0.9981148,310000.0,151467.36,149824.06,149824.06,18.954678,10.34345,8.54015,8.540153
1.796399e+25,0.8837587,0.9978395,310000.0,151467.4,149824.05,149824.06,18.954678,10.343563,8.54015,8.540153
1.796399e+25,0.88753617,0.99761325,310000.0,151467.38,149824.05,149824.05,18.954678,10.3435,8.54015,8.5401535
1.796399e+25,0.8694488,0.9972559,310000.0,151467.39,149824.06,149824.05,18.954678,10.343457,8.540151,8.5401535
1.796399e+25,0.87102365,0.99701476,310000.0,151467.39,149824.06,149824.03,18.954678,10.343372,8.540151,8.5401535
1.796399e+25,0.87611055,0.99771756,310000.0,151467.39,149824.05,149824.05,18.954678,10.3433,8.54015,8.5401535
1.796399e+25,0.87827253,0.9975805,310000.0,151467.45,149824.03,149824.05,18.954678,10.343939,8.540149,8.5401535
1.796399e+25,0.8812924,0.9980995,310000.0,151467.36,149824.06,149824.05,18.954678,10.343217,8.54015,8.5401535
1.796399e+25,0.8711526,0.9972534,310000.0,151467.44,149824.03,149824.05,18.954678,10.343695,8.54015,8.540154
1.796399e+25,0.8550073,0.99698627,310000.0,151467.38,149824.08,149824.03,18.954678,10.343582,8.540151,8.5401535
1.796399e+25,0.85107034,0.996855,310000.0,151467.38,149824.06,149824.06,18.954678,10.34371,8.540149,8.5401535
1.796399e+25,0.85471696,0.99491316,310000.0,151467.42,149824.05,149824.05,18.954678,10.343379,8.54015,8.540154
1.796399e+25,0.8529821,0.99676275,310000.0,151467.4,149824.03,149824.06,18.954678,10.343383,8.54015,8.540154
1.796399e+25,0.870713,0.99687445,310000.0,151467.36,149824.03,149824.06,18.954678,10.343274,8.540149,8.540154
1.796399e+25,0.84099966,0.9961055,310000.0,151467.4,149824.05,149824.03,18.954678,10.343371,8.54015,8.5401535
1.796399e+25,0.85427994,0.99599946,310000.0,151467.36,149824.06,149824.03,18.954678,10.343506,8.540149,8.5401535
1.796399e+25,0.8550454,0.99596864,310000.0,151467.38,149824.05,149824.05,18.954678,10.343586,8.540151,8.5401535
1.796399e+25,0.8733231,0.9974898,310000.0,151467.34,149824.05,149824.03,18.954678,10.343237,8.540149,8.5401535
1.796399e+25,0.86115575,0.9965401,310000.0,151467.4,149824.03,149824.08,18.954678,10.343509,8.54015,8.540154
1.796399e+25,0.85942984,0.99630797,310000.0,151467.36,149824.06,149824.06,18.954678,10.342913,8.540151,8.5401535
1.796399e+25,0.8577274,0.99711496,310000.0,151467.38,149824.05,149824.08,18.954678,10.343386,8.540149,8.5401535
1.796399e+25,0.86340755,0.9966748,310000.0,151467.44,149824.06,149824.06,18.954678,10.343463,8.540149,8.5401535
1.796399e+25,0.87365896,0.99650145,310000.0,151467.39,149824.08,149824.06,18.954678,10.343386,8.540149,8.5401535
1.796399e+25,0.862867,0.9972772,310000.0,151467.38,149824.06,149824.08,18.954678,10.343714,8.540151,8.540152
1.796399e+25,0.86624235,0.99768704,310000.0,151467.38,149824.08,149824.05,18.954678,10.343584,8.540151,8.540152
1.796399e+25,0.8605972,0.9978801,310000.0,151467.44,149824.05,149824.06,18.954678,10.343629,8.540149,8.540153
1.796399e+25,0.886131,0.99791545,310000.0,151467.38,149824.05,149824.08,18.954678,10.343185,8.54015,8.540152
1.796399e+25,0.8660723,0.9974473,310000.0,151467.36,149824.05,149824.05,18.954678,10.343229,8.540151,8.540153
1.796399e+25,0.85557675,0.9974334,310000.0,151467.4,149824.05,149824.06,18.954678,10.343478,8.54015,8.540153
1.796399e+25,0.852276,0.9967968,310000.0,151467.36,149824.06,149824.05,18.954678,10.343334,8.540149,8.540153
1.796399e+25,0.86081344,0.9972486,310000.0,151467.45,149824.03,149824.05,18.954678,10.34366,8.540148,8.540153
1.796399e+25,0.85049254,0.99751544,310000.0,151467.34,149824.05,149824.06,18.954678,10.343292,8.54015,8.540152
1.796399e+25,0.85548484,0.99591154,310000.0,151467.36,149824.06,149824.05,18.954678,10.343142,8.54015,8.540152
1.796399e+25,0.8671181,0.9966094,310000.0,151467.38,149824.06,149824.06,18.954678,10.343534,8.540149,8.540153
1.796399e+25,0.8657017,0.99683386,310000.0,151467.39,149824.05,149824.1,18.954678,10.343467,8.54015,8.540152
1.796399e+25,0.8711951,0.99711114,310000.0,151467.42,149824.05,149824.06,18.954678,10.343793,8.54015,8.540152
1.796399e+25,0.8574526,0.99701464,310000.0,151467.34,149824.05,149824.08,18.954678,10.343036,8.54015,8.540153
1.796399e+25,0.87128645,0.99665135,310000.0,151467.39,149824.06,149824.06,18.954678,10.343181,8.540149,8.540153
1.796399e+25,0.8569518,0.9972183,310000.0,151467.38,149824.06,149824.06,18.954678,10.343177,8.540151,8.540153
1.796399e+25,0.8686085,0.99736124,310000.0,151467.36,149824.05,149824.06,18.954678,10.343087,8.540149,8.540151
1.796399e+25,0.88089645,0.99702936,310000.0,151467.34,149824.03,149824.05,18.954678,10.343055,8.54015,8.540152
1.796399e+25,0.8618927,0.9967163,310000.0,151467.36,149824.05,149824.05,18.954678,10.343181,8.540149,8.540153
1.796399e+25,0.8578486,0.99711585,310000.0,151467.39,149824.06,149824.05,18.954678,10.34374,8.540149,8.540152
1.796399e+25,0.86502,0.9969745,310000.0,151467.38,149824.06,149824.05,18.954678,10.343664,8.540149,8.540153
1.796399e+25,0.85873216,0.9962662,310000.0,151467.38,149824.05,149824.06,18.954678,10.343254,8.54015,8.540152
1.796399e+25,0.8725005,0.996978,310000.0,151467.38,149824.05,149824.05,18.954678,10.343468,8.54015,8.540152
1.796399e+25,0.84629214,0.99677235,310000.0,151467.39,149824.06,149824.06,18.954678,10.343698,8.540149,8.540153
1.796399e+25,0.87480885,0.997927,310000.0,151467.38,149824.06,149824.06,18.954678,10.343511,8.540151,8.540153
1.796399e+25,0.8762846,0.99745154,310000.0,151467.31,149824.06,149824.06,18.954678,10.343104,8.54015,8.540152
1.796399e+25,0.8598285,0.99695265,310000.0,151467.42,149824.06,149824.06,18.954678,10.343541,8.54015,8.540151
1.796399e+25,0.8705523,0.9969667,310000.0,151467.36,149824.05,149824.05,18.954678,10.343248,8.540151,8.540152
1.796399e+25,0.84157985,0.99522346,310000.0,151467.34,149824.06,149824.06,18.954678,10.343444,8.540151,8.540153
1.796399e+25,0.8428531,0.99589056,310000.0,151467.4,149824.06,149824.05,18.954678,10.343615,8.54015,8.540153
1.796399e+25,0.8672553,0.9973819,310000.0,151467.36,149824.05,149824.05,18.954678,10.343404,8.540149,8.540152
1.796399e+25,0.88906294,0.9982538,310000.0,151467.39,149824.05,149824.06,18.954678,10.3434925,8.540149,8.540152
1.796399e+25,0.8678552,0.9974378,310000.0,151467.4,149824.06,149824.05,18.954678,10.343312,8.54015,8.540152
1.796399e+25,0.856401,0.99753463,310000.0,151467.4,149824.05,149824.05,18.954678,10.343482,8.540151,8.540153
1.796399e+25,0.85301495,0.99697566,310000.0,151467.36,149824.06,149824.05,18.954678,10.343256,8.54015,8.540153
1.796399e+25,0.86096925,0.99723846,310000.0,151467.34,149824.05,149824.06,18.954678,10.343558,8.54015,8.540153
1.796399e+25,0.8739435,0.9973838,310000.0,151467.36,149824.08,149824.06,18.954678,10.343359,8.54015,8.540153
1.796399e+25,0.88352704,0.9986223,310000.0,151467.36,149824.06,149824.1,18.954678,10.343475,8.540151,8.540152
1.796399e+25,0.87041914,0.9976972,310000.0,151467.33,149824.06,149824.05,18.954678,10.343076,8.540151,8.540153
1.796399e+25,0.8724002,0.99892616,310000.0,151467.38,149824.05,149824.06,18.954678,10.34386,8.540149,8.540152
1.796399e+25,0.85158974,0.9968677,310000.0,151467.34,149824.05,149824.06,18.954678,10.34349,8.54015,8.540152
1.796399e+25,0.85782593,0.99736845,310000.0,151467.39,149824.03,149824.08,18.954678,10.343939,8.54015,8.540152
1.796399e+25,0.86050063,0.99646825,310000.0,151467.39,149824.05,149824.06,18.954678,10.343486,8.540152,8.540152
1.796399e+25,0.8621809,0.9970031,310000.0,151467.44,149824.06,149824.06,18.954678,10.343889,8.540149,8.5401535
1.796399e+25,0.8740462,0.9984259,310000.0,151467.4,149824.06,149824.05,18.954678,10.343489,8.540149,8.540152
1.796399e+25,0.883062,0.9979269,310000.0,151467.4,149824.05,149824.05,18.954678,10.343453,8.540149,8.540152
1.796399e+25,0.85235167,0.9960241,310000.0,151467.4,149824.06,149824.05,18.954678,10.343549,8.540149,8.5401535
1.796399e+25,0.8611649,0.9965954,310000.0,151467.39,149824.06,149824.06,18.954678,10.343589,8.54015,8.540153
1.796399e+25,0.85127366,0.99677855,310000.0,151467.4,149824.05,149824.06,18.954678,10.343432,8.540151,8.540152
1.796399e+25,0.85154295,0.99605733,310000.0,151467.44,149824.06,149824.06,18.954678,10.34366,8.540151,8.540152
1.796399e+25,0.865097,0.9964122,310000.0,151467.38,149824.06,149824.05,18.954678,10.343258,8.54015,8.540152
1.796399e+25,0.8755545,0.99726087,310000.0,151467.38,149824.05,149824.05,18.954678,10.342978,8.54015,8.540153
1.796399e+25,0.869831,0.9972599,310000.0,151467.4,149824.05,149824.06,18.954678,10.343427,8.54015,8.540152
1.796399e+25,0.8567792,0.9967459,310000.0,151467.31,149824.08,149824.06,18.954678,10.343167,8.540149,8.540152
1.796399e+25,0.8713385,0.99681133,310000.0,151467.4,149824.06,149824.05,18.954678,10.343667,8.54015,8.540153
1.796399e+25,0.8796213,0.99680203,310000.0,151467.39,149824.05,149824.06,18.954678,10.343497,8.54015,8.540153
1.796399e+25,0.85901415,0.99579716,310000.0,151467.36,149824.03,149824.05,18.954678,10.343206,8.540151,8.540152
1.796399e+25,0.8607471,0.9963147,310000.0,151467.39,149824.03,149824.06,18.954678,10.343386,8.54015,8.540152
1.796399e+25,0.8457469,0.99500823,310000.0,151467.39,149824.03,149824.05,18.954678,10.343187,8.54015,8.540153
1.796399e+25,0.850268,0.99573845,310000.0,151467.33,149824.06,149824.05,18.954678,10.343072,8.54015,8.540153
1.796399e+25,0.8681374,0.99598056,310000.0,151467.36,149824.05,149824.06,18.954678,10.343348,8.54015,8.540153
1.796399e+25,0.8599585,0.99604857,310000.0,151467.44,149824.05,149824.06,18.954678,10.343904,8.54015,8.540153
1.796399e+25,0.85558945,0.9967534,310000.0,151467.42,149824.06,149824.08,18.954678,10.343437,8.540149,8.540153
1.796399e+25,0.8485689,0.9965702,310000.0,151467.33,149824.06,149824.06,18.954678,10.343348,8.54015,8.540152
1.796399e+25,0.8576461,0.9965888,310000.0,151467.36,149824.05,149824.05,18.954678,10.342955,8.540149,8.540152
1.796399e+25,0.8720547,0.9960477,310000.0,151467.38,149824.05,149824.06,18.954678,10.343171,8.54015,8.540152
1.796399e+25,0.8618187,0.995378,310000.0,151467.4,149824.05,149824.05,18.954678,10.343627,8.540149,8.540153
1.796399e+25,0.8592323,0.99633884,310000.0,151467.36,149824.06,149824.05,18.954678,10.343341,8.540151,8.540152
1.796399e+25,0.85547674,0.99602014,310000.0,151467.39,149824.06,149824.05,18.954678,10.343276,8.540151,8.540152
1.796399e+25,0.85879356,0.9969676,310000.0,151467.39,149824.05,149824.06,18.954678,10.343579,8.54015,8.540152
1.796399e+25,0.8780046,0.9964166,310000.0,151467.39,149824.05,149824.06,18.954678,10.34332,8.54015,8.5401535
1.796399e+25,0.8628704,0.9961311,310000.0,151467.38,149824.08,149824.06,18.954678,10.343195,8.540149,8.540153
1.796399e+25,0.8631487,0.99543375,310000.0,151467.42,149824.08,149824.06,18.954678,10.343569,8.540149,8.540152
1.796399e+25,0.87372345,0.99643457,310000.0,151467.36,149824.05,149824.05,18.954678,10.343372,8.540151,8.540151
1.796399e+25,0.83924764,0.99487054,310000.0,151467.39,149824.05,149824.05,18.954678,10.3436775,8.540149,8.540153
1.796399e+25,0.8658041,0.99646664,310000.0,151467.4,149824.05,149824.05,18.954678,10.343591,8.540149,8.540152
1.796399e+25,0.8372384,0.9950788,310000.0,151467.38,149824.05,149824.03,18.954678,10.343449,8.540151,8.540153
1.796399e+25,0.8581812,0.99673283,310000.0,151467.34,149824.05,149824.06,18.954678,10.343079,8.54015,8.540152
1.796399e+25,0.867859,0.99615014,310000.0,151467.38,149824.08,149824.06,18.954678,10.343466,8.540151,8.540153
1.796399e+25,0.8727268,0.99631864,310000.0,151467.4,149824.06,149824.05,18.954678,10.343447,8.54015,8.540152
1.796399e+25,0.85464585,0.9959968,310000.0,151467.38,149824.08,149824.05,18.954678,10.343558,8.540149,8.540152
1.796399e+25,0.8474256,0.9959108,310000.0,151467.39,149824.06,149824.06,18.954678,10.343485,8.540151,8.540153
1.796399e+25,0.8460276,0.99467903,310000.0,151467.39,149824.05,149824.05,18.954678,10.343336,8.540149,8.540152
1.796399e+25,0.8643625,0.9964514,310000.0,151467.36,149824.05,149824.06,18.954678,10.343178,8.54015,8.540153
1.796399e+25,0.867368,0.99653924,310000.0,151467.44,149824.05,149824.03,18.954678,10.343594,8.540149,8.540152
1.796399e+25,0.86172134,0.99585265,310000.0,151467.39,149824.05,149824.06,18.954678,10.34358,8.540151,8.540153
1.796399e+25,0.85240275,0.9959433,310000.0,151467.34,149824.06,149824.05,18.954678,10.343347,8.540149,8.540153
1.796399e+25,0.8521676,0.996056,310000.0,151467.4,149824.05,149824.06,18.954678,10.34372,8.54015,8.540153
1.796399e+25,0.8660305,0.9963586,310000.0,151467.33,149824.06,149824.03,18.954678,10.343282,8.540151,8.540153
1.796399e+25,0.8555969,0.99635375,310000.0,151467.42,149824.02,149824.05,18.954678,10.343711,8.54015,8.540153
1.796399e+25,0.8492168,0.99625784,310000.0,151467.38,149824.03,149824.05,18.954678,10.343419,8.54015,8.540152
1.796399e+25,0.8592569,0.9960175,310000.0,151467.38,149824.05,149824.08,18.954678,10.343346,8.540151,8.540153
1.796399e+25,0.8521549,0.9961746,310000.0,151467.36,149824.05,149824.03,18.954678,10.343573,8.54015,8.540153
1.796399e+25,0.85431415,0.9959775,310000.0,151467.36,149824.06,149824.05,18.954678,10.343321,8.54015,8.540152
1.796399e+25,0.85613835,0.9962819,310000.0,151467.39,149824.05,149824.06,18.954678,10.343754,8.540149,8.540153
1.796399e+25,0.8500705,0.99507314,310000.0,151467.36,149824.05,149824.06,18.954678,10.343136,8.54015,8.5401535
1.796399e+25,0.8643109,0.9970442,310000.0,151467.34,149824.06,149824.05,18.954678,10.34321,8.54015,8.540153
1.796399e+25,0.8684626,0.9956058,310000.0,151467.42,149824.06,149824.06,18.954678,10.343455,8.54015,8.540153
1.796399e+25,0.8567879,0.9964609,310000.0,151467.44,149824.06,149824.06,18.954678,10.343772,8.54015,8.540153
1.796399e+25,0.8684671,0.9967106,310000.0,151467.31,149824.06,149824.05,18.954678,10.343139,8.540151,8.540153
1.796399e+25,0.8549352,0.9964373,310000.0,151467.4,149824.03,149824.05,18.954678,10.343557,8.54015,8.540152
1.796399e+25,0.8639021,0.9957388,310000.0,151467.34,149824.06,149824.08,18.954678,10.343131,8.54015,8.540152
1.796399e+25,0.87689334,0.99598736,310000.0,151467.34,149824.08,149824.05,18.954678,10.342992,8.540151,8.540152
1.796399e+25,0.85471636,0.99674976,310000.0,151467.45,149824.05,149824.05,18.954678,10.344012,8.54015,8.540153
1.796399e+25,0.8623476,0.99666554,310000.0,151467.39,149824.06,149824.06,18.954678,10.343399,8.54015,8.540153
1.796399e+25,0.86808753,0.9970606,310000.0,151467.34,149824.03,149824.05,18.954678,10.343581,8.54015,8.540152
1.796399e+25,0.8653514,0.99579054,310000.0,151467.39,149824.06,149824.06,18.954678,10.343708,8.54015,8.540153
1.796399e+25,0.8380406,0.99671537,310000.0,151467.4,149824.05,149824.05,18.954678,10.343746,8.54015,8.540153
1.796399e+25,0.8653032,0.99659127,310000.0,151467.36,149824.06,149824.05,18.954678,10.343187,8.54015,8.540152
1.796399e+25,0.83699864,0.99574935,310000.0,151467.42,149824.06,149824.05,18.954678,10.343412,8.540151,8.540152
1.796399e+25,0.87119925,0.99699503,310000.0,151467.33,149824.06,149824.06,18.954678,10.343244,8.54015,8.540153
1.796399e+25,0.85517025,0.99677086,310000.0,151467.36,149824.05,149824.06,18.954678,10.343293,8.54015,8.540153
1.796399e+25,0.84520805,0.99660504,310000.0,151467.38,149824.05,149824.06,18.954678,10.34399,8.54015,8.540153
1.796399e+25,0.85389477,0.99586666,310000.0,151467.36,149824.05,149824.05,18.954678,10.343477,8.54015,8.540153
1.796399e+25,0.87256485,0.99754477,310000.0,151467.34,149824.06,149824.05,18.954678,10.3433275,8.540151,8.540153
1.796399e+25,0.85517967,0.99538684,310000.0,151467.4,149824.06,149824.08,18.954678,10.343689,8.540149,8.540152
1.796399e+25,0.8745694,0.9981822,310000.0,151467.34,149824.08,149824.03,18.954678,10.343433,8.540149,8.540146
1.796399e+25,0.86233896,0.9969544,310000.0,151467.42,149824.05,149824.05,18.954678,10.34352,8.540149,8.540147
1.796399e+25,0.8621124,0.99704933,310000.0,151467.45,149824.08,149824.08,18.954678,10.343584,8.54015,8.540147
1.796399e+25,0.854713,0.9971303,310000.0,151467.39,149824.06,149824.03,18.954678,10.343424,8.540149,8.540146
1.796399e+25,0.85732085,0.9969063,310000.0,151467.42,149824.06,149824.08,18.954678,10.343943,8.54015,8.540147
1.796399e+25,0.8450689,0.9960582,310000.0,151467.34,149824.05,149824.03,18.954678,10.34323,8.540149,8.540146
1.796399e+25,0.87050664,0.99713045,310000.0,151467.39,149824.05,149824.05,18.954678,10.343572,8.54015,8.540146
1.796399e+25,0.844337,0.9957988,310000.0,151467.34,149824.05,149824.05,18.954678,10.343078,8.540152,8.540146
1.796399e+25,0.85418403,0.9969119,310000.0,151467.34,149824.08,149824.05,18.954678,10.343525,8.54015,8.540146
1.796399e+25,0.8738563,0.9969851,310000.0,151467.33,149824.05,149824.05,18.954678,10.34299,8.54015,8.540146
1.796399e+25,0.85040516,0.99721223,310000.0,151467.38,149824.06,149824.05,18.954678,10.343054,8.540151,8.540147
1.796399e+25,0.84352225,0.99589545,310000.0,151467.38,149824.03,149824.06,18.954678,10.343461,8.54015,8.540146
1.796399e+25,0.85765696,0.99632406,310000.0,151467.36,149824.05,149824.05,18.954678,10.343375,8.540149,8.540147
1.796399e+25,0.86634797,0.9968604,310000.0,151467.4,149824.05,149824.06,18.954678,10.343599,8.540149,8.540146
1.796399e+25,0.8678629,0.99667776,310000.0,151467.39,149824.05,149824.05,18.954678,10.343792,8.54015,8.540146
1.796399e+25,0.8668481,0.9960496,310000.0,151467.34,149824.05,149824.05,18.954678,10.34358,8.540149,8.540147
1.796399e+25,0.86368674,0.99697524,310000.0,151467.4,149824.06,149824.05,18.954678,10.343393,8.54015,8.540147
1.796399e+25,0.91118103,0.9999813,310000.0,151467.36,149824.05,149824.05,18.954678,10.343427,8.540149,8.540146
1.796399e+25,0.8739286,0.99724054,310000.0,151467.36,149824.06,149824.08,18.954678,10.343325,8.540151,8.540146
1.796399e+25,0.872509,0.9967564,310000.0,151467.44,149824.05,149824.05,18.954678,10.343656,8.540149,8.540147
1.796399e+25,0.8615828,0.9946194,310000.0,151467.39,149824.05,149824.05,18.954678,10.343285,8.54015,8.540147
1.796399e+25,0.886854,0.998906,310000.0,151467.39,149824.03,149824.06,18.954678,10.343856,8.54015,8.540146
1.796399e+25,0.9252303,1.0004354,310000.0,151467.4,149824.08,149824.05,18.954678,10.343333,8.54015,8.540146
1.796399e+25,0.86364096,0.997281,310000.0,151467.4,149824.05,149824.03,18.954678,10.3436165,8.540149,8.540147
1.796399e+25,0.8538398,0.9964166,310000.0,151467.42,149824.08,149824.03,18.954678,10.343379,8.54015,8.540147
1.796399e+25,0.8633561,0.9969835,310000.0,151467.36,149824.06,149824.08,18.954678,10.343336,8.540149,8.540147
1.796399e+25,0.8996804,0.9995065,310000.0,151467.39,149824.05,149824.05,18.954678,10.343297,8.54015,8.540147
1.796399e+25,0.9033633,1.0000874,310000.0,151467.39,149824.05,149824.06,18.954678,10.343355,8.54015,8.540147
1.796399e+25,0.9408007,1.0007026,310000.0,151467.38,149824.05,149824.03,18.954678,10.3435135,8.54015,8.540146
1.796399e+25,0.8753406,0.9977178,310000.0,151467.34,149824.05,149824.05,18.954678,10.343581,8.54015,8.540147
1.796399e+25,0.8579699,0.9964487,310000.0,151467.39,149824.08,149824.06,18.954678,10.343675,8.540151,8.540146
1.796399e+25,0.85846055,0.99695486,310000.0,151467.38,149824.06,149824.06,18.954678,10.34359,8.54015,8.540147
1.796399e+25,0.8674806,0.9969558,310000.0,151467.44,149824.06,149824.05,18.954678,10.343878,8.540151,8.540148
1.796399e+25,0.8553211,0.99645764,310000.0,151467.39,149824.06,149824.06,18.954678,10.343631,8.540151,8.540146
1.796399e+25,0.8754073,0.99818605,310000.0,151467.44,149824.06,149824.06,18.954678,10.343573,8.540149,8.540147
1.796399e+25,0.85591626,0.99683124,310000.0,151467.42,149824.05,149824.05,18.954678,10.343559,8.540151,8.540146
1.796399e+25,0.87046,0.99755603,310000.0,151467.34,149824.05,149824.06,18.954678,10.343396,8.54015,8.540147
1.796399e+25,0.860792,0.9961825,310000.0,151467.42,149824.05,149824.06,18.954678,10.343438,8.54015,8.540147
1.796399e+25,0.87343794,0.9980644,310000.0,151467.4,149824.05,149824.05,18.954678,10.343737,8.540149,8.540147
1.796399e+25,0.8713299,0.9974666,310000.0,151467.39,149824.05,149824.05,18.954678,10.343652,8.540151,8.540146
1.796399e+25,0.85781455,0.9963616,310000.0,151467.39,149824.05,149824.06,18.954678,10.343293,8.54015,8.540146
1.796399e+25,0.85950714,0.9961729,310000.0,151467.36,149824.05,149824.03,18.954678,10.3431835,8.54015,8.540146
1.796399e+25,0.85945743,0.996734,310000.0,151467.33,149824.06,149824.06,18.954678,10.343269,8.54015,8.540146
1.796399e+25,0.86675584,0.9974892,310000.0,151467.33,149824.06,149824.06,18.954678,10.343212,8.540149,8.540147
1.796399e+25,0.8583067,0.9969527,310000.0,151467.38,149824.06,149824.06,18.954678,10.343224,8.54015,8.540147
1.796399e+25,0.8524014,0.9961805,310000.0,151467.38,149824.06,149824.05,18.954678,10.343554,8.540149,8.540146
1.796399e+25,0.8587724,0.99694395,310000.0,151467.38,149824.08,149824.05,18.954678,10.343396,8.540149,8.540146
1.796399e+25,0.8615798,0.99686784,310000.0,151467.31,149824.06,149824.06,18.954678,10.343493,8.54015,8.540147
1.796399e+25,0.86825687,0.9965495,310000.0,151467.4,149824.05,149824.06,18.954678,10.343465,8.540149,8.540147
1.796399e+25,0.8664968,0.9976374,310000.0,151467.4,149824.05,149824.05,18.954678,10.34337,8.540149,8.540146
1.796399e+25,0.86078656,0.9972081,310000.0,151467.4,149824.06,149824.05,18.954678,10.343797,8.540149,8.540147
1.796399e+25,0.85637,0.99633855,310000.0,151467.38,149824.06,149824.05,18.954678,10.343321,8.54015,8.540146
1.796399e+25,0.8615835,0.9970882,310000.0,151467.34,149824.03,149824.05,18.954678,10.343143,8.54015,8.540147
1.796399e+25,0.84748524,0.9954059,310000.0,151467.3,149824.05,149824.05,18.954678,10.343064,8.54015,8.540147
1.796399e+25,0.84313107,0.99574506,310000.0,151467.36,149824.05,149824.06,18.954678,10.343362,8.54015,8.540147
1.796399e+25,0.87123466,0.99657786,310000.0,151467.38,149824.06,149824.03,18.954678,10.343346,8.540149,8.540146
1.796399e+25,0.8754077,0.9971568,310000.0,151467.39,149824.03,149824.05,18.954678,10.343366,8.54015,8.540147
1.796399e+25,0.8656226,0.9975243,310000.0,151467.36,149824.06,149824.05,18.954678,10.343159,8.54015,8.540147
1.796399e+25,0.85346,0.99577355,310000.0,151467.42,149824.05,149824.06,18.954678,10.34348,8.54015,8.540145
1.796399e+25,0.8614149,0.9970798,310000.0,151467.38,149824.06,149824.06,18.954678,10.343488,8.54015,8.540147
1.796399e+25,0.85784256,0.99690014,310000.0,151467.33,149824.05,149824.06,18.954678,10.343524,8.540149,8.540146
1.796399e+25,0.8383946,0.9971439,310000.0,151467.36,149824.06,149824.06,18.954678,10.343484,8.540149,8.540146
1.796399e+25,0.8590051,0.99664015,310000.0,151467.31,149824.05,149824.03,18.954678,10.343326,8.540149,8.540147
1.796399e+25,0.8642283,0.9972917,310000.0,151467.4,149824.06,149824.05,18.954678,10.343284,8.540149,8.540146
1.796399e+25,0.8686526,0.9974058,310000.0,151467.36,149824.05,149824.06,18.954678,10.3431225,8.54015,8.540146
1.796399e+25,0.87835497,0.9976125,310000.0,151467.39,149824.06,149824.06,18.954678,10.343633,8.54015,8.540147
1.796399e+25,0.8366308,0.99555707,310000.0,151467.38,149824.05,149824.05,18.954678,10.343336,8.540151,8.540145
1.796399e+25,0.84725577,0.9976086,310000.0,151467.42,149824.06,149824.05,18.954678,10.343575,8.54015,8.540146
1.796399e+25,0.86608106,0.9975764,310000.0,151467.33,149824.05,149824.05,18.954678,10.342939,8.540149,8.540145
1.796399e+25,0.85936165,0.99662405,310000.0,151467.38,149824.08,149824.06,18.954678,10.343342,8.540149,8.540147
1.796399e+25,0.854935,0.9968689,310000.0,151467.42,149824.03,149824.05,18.954678,10.343496,8.540149,8.540146
1.796399e+25,0.86199975,0.9976097,310000.0,151467.38,149824.05,149824.05,18.954678,10.343433,8.540151,8.540146
1.796399e+25,0.86963636,0.99655646,310000.0,151467.34,149824.05,149824.02,18.954678,10.343372,8.540151,8.540146
1.796399e+25,0.8713891,0.9972578,310000.0,151467.39,149824.03,149824.05,18.954678,10.343553,8.540149,8.540146
1.796399e+25,0.8764095,0.9979071,310000.0,151467.38,149824.06,149824.06,18.954678,10.343271,8.540149,8.540146
1.796399e+25,0.8661751,0.99724644,310000.0,151467.39,149824.05,149824.06,18.954678,10.343306,8.54015,8.540147
1.796399e+25,0.86686546,0.9968602,310000.0,151467.34,149824.05,149824.06,18.954678,10.343373,8.540151,8.540147
1.796399e+25,0.8580348,0.99725044,310000.0,151467.38,149824.03,149824.05,18.954678,10.343336,8.54015,8.540146
1.796399e+25,0.8526537,0.9969897,310000.0,151467.39,149824.06,149824.05,18.954678,10.343393,8.54015,8.540147
1.796399e+25,0.86782324,0.9980157,310000.0,151467.38,149824.05,149824.06,18.954678,10.343256,8.54015,8.540146
1.796399e+25,0.86728907,0.9980059,310000.0,151467.42,149824.05,149824.05,18.954678,10.343456,8.54015,8.540147
1.796399e+25,0.8654873,0.99739015,310000.0,151467.4,149824.06,149824.06,18.954678,10.343291,8.54015,8.540146
1.796399e+25,0.8738693,0.99772614,310000.0,151467.38,149824.06,149824.06,18.954678,10.343451,8.54015,8.540146
1.796399e+25,0.8673226,0.9979303,310000.0,151467.42,149824.06,149824.05,18.954678,10.343346,8.540151,8.540147
1.796399e+25,0.8606379,0.9968486,310000.0,151467.39,149824.05,149824.05,18.954678,10.34348,8.54015,8.540147
1.796399e+25,0.86352307,0.99669236,310000.0,151467.39,149824.05,149824.05,18.954678,10.3435955,8.540149,8.540147
1.796399e+25,0.8634154,0.99697155,310000.0,151467.39,149824.06,149824.05,18.954678,10.3432255,8.540149,8.540146
1.796399e+25,0.85928386,0.99648106,310000.0,151467.39,149824.05,149824.06,18.954678,10.343266,8.54015,8.540147
1.796399e+25,0.8581165,0.9974944,310000.0,151467.45,149824.08,149824.06,18.954678,10.343803,8.54015,8.540146
1.796399e+25,0.87053883,0.9963821,310000.0,151467.44,149824.05,149824.06,18.954678,10.343491,8.54015,8.540146
1.796399e+25,0.840815,0.9959945,310000.0,151467.39,149824.06,149824.05,18.954678,10.343568,8.54015,8.540146
1.796399e+25,0.87397295,0.99635726,310000.0,151467.4,149824.05,149824.05,18.954678,10.343422,8.540149,8.540146
1.796399e+25,0.86770564,0.9973089,310000.0,151467.38,149824.05,149824.03,18.954678,10.34356,8.540151,8.540147
1.796399e+25,0.860848,0.9956006,310000.0,151467.36,149824.03,149824.06,18.954678,10.343453,8.540151,8.540147
1.796399e+25,0.84654146,0.9965533,310000.0,151467.4,149824.05,149824.05,18.954678,10.343413,8.540151,8.540147
1.796399e+25,0.8624135,0.99675536,310000.0,151467.44,149824.05,149824.06,18.954678,10.343371,8.54015,8.540147
1.796399e+25,0.87962794,0.99739957,310000.0,151467.36,149824.06,149824.02,18.954678,10.343505,8.540149,8.540146
1.796399e+25,0.8771339,0.99742526,310000.0,151467.39,149824.03,149824.05,18.954678,10.343256,8.540149,8.540147
1.796399e+25,0.8736607,0.99687004,310000.0,151467.4,149824.05,149824.06,18.954678,10.343395,8.540149,8.540145
1.796399e+25,0.8644523,0.99609685,310000.0,151467.42,149824.06,149824.05,18.954678,10.343589,8.540148,8.540147
1.796399e+25,0.86881167,0.9975104,310000.0,151467.38,149824.06,149824.03,18.954678,10.343631,8.540149,8.540147
1.796399e+25,0.8523142,0.9969137,310000.0,151467.38,149824.06,149824.06,18.954678,10.343433,8.540149,8.540147
1.796399e+25,0.86410767,0.9971276,310000.0,151467.36,149824.05,149824.05,18.954678,10.343169,8.540151,8.540146
1.796399e+25,0.8680128,0.9975856,310000.0,151467.42,149824.06,149824.03,18.954678,10.343429,8.540149,8.540147
1.796399e+25,0.87426543,0.9977869,310000.0,151467.4,149824.05,149824.06,18.954678,10.343875,8.540149,8.540147
1.796399e+25,0.8625012,0.99600554,310000.0,151467.42,149824.05,149824.05,18.954678,10.343513,8.54015,8.540147
1.796399e+25,0.85810786,0.995878,310000.0,151467.39,149824.08,149824.06,18.954678,10.343357,8.540149,8.540146
1.796399e+25,0.8456653,0.99709415,310000.0,151467.38,149824.06,149824.05,18.954678,10.343349,8.54015,8.540146
1.796399e+25,0.8673119,0.9979455,310000.0,151467.4,149824.06,149824.05,18.954678,10.3438,8.54015,8.540146
1.796399e+25,0.87203807,0.99744177,310000.0,151467.42,149824.06,149824.05,18.954678,10.343602,8.54015,8.540146
1.796399e+25,0.85587955,0.99685484,310000.0,151467.39,149824.05,149824.08,18.954678,10.343557,8.540149,8.540147
1.796399e+25,0.8475219,0.99662304,310000.0,151467.38,149824.06,149824.05,18.954678,10.343276,8.54015,8.540147
1.796399e+25,0.86634916,0.9972299,310000.0,151467.36,149824.06,149824.05,18.954678,10.343607,8.54015,8.540147
1.796399e+25,0.8649344,0.9969667,310000.0,151467.34,149824.06,149824.06,18.954678,10.343322,8.540149,8.540146
1.796399e+25,0.87166625,0.9977543,310000.0,151467.34,149824.05,149824.06,18.954678,10.34324,8.54015,8.540147
1.796399e+25,0.8612713,0.99723834,310000.0,151467.39,149824.06,149824.05,18.954678,10.343435,8.540149,8.540147
1.796399e+25,0.8597478,0.99711525,310000.0,151467.34,149824.05,149824.06,18.954678,10.34332,8.540149,8.540147
1.796399e+25,0.872893,0.9978649,310000.0,151467.36,149824.05,149824.03,18.954678,10.343285,8.54015,8.540147
1.796399e+25,0.8697685,0.9978121,310000.0,151467.33,149824.05,149824.03,18.954678,10.342985,8.54015,8.540149
1.796399e+25,0.8665201,0.99783814,310000.0,151467.36,149824.03,149824.06,18.954678,10.343237,8.54015,8.540148
1.796399e+25,0.8602232,0.9969535,310000.0,151467.42,149824.06,149824.05,18.954678,10.343537,8.54015,8.540148
1.796399e+25,0.8651189,0.99790674,310000.0,151467.38,149824.08,149824.08,18.954678,10.3432665,8.54015,8.540148
1.796399e+25,0.869664,0.9975215,310000.0,151467.36,149824.06,149824.05,18.954678,10.343172,8.540151,8.540149
1.796399e+25,0.8651619,0.9963337,310000.0,151467.4,149824.06,149824.05,18.954678,10.343452,8.540151,8.540149
1.796399e+25,0.8623146,0.99680585,310000.0,151467.38,149824.05,149824.06,18.954678,10.343195,8.540149,8.540149
1.796399e+25,0.8654106,0.9974928,310000.0,151467.36,149824.03,149824.05,18.954678,10.343214,8.54015,8.540149
1.796399e+25,0.85652536,0.9976985,310000.0,151467.36,149824.06,149824.05,18.954678,10.342912,8.540152,8.540149
1.796399e+25,0.8586104,0.99734086,310000.0,151467.42,149824.06,149824.06,18.954678,10.343759,8.540152,8.540148
1.796399e+25,0.8768774,0.9976608,310000.0,151467.4,149824.05,149824.06,18.954678,10.343436,8.54015,8.540149
1.796399e+25,0.8705464,0.99754155,310000.0,151467.39,149824.03,149824.06,18.954678,10.343141,8.54015,8.540148
1.796399e+25,0.86962277,0.9976582,310000.0,151467.42,149824.05,149824.06,18.954678,10.343738,8.540149,8.540149
1.796399e+25,0.87332535,0.9981093,310000.0,151467.34,149824.06,149824.06,18.954678,10.343331,8.54015,8.540148
1.796399e+25,0.8679204,0.9961255,310000.0,151467.39,149824.06,149824.05,18.954678,10.34326,8.54015,8.540149
1.796399e+25,0.86838514,0.99762964,310000.0,151467.38,149824.06,149824.05,18.954678,10.343232,8.540149,8.540149
1.796399e+25,0.8632133,0.99747574,310000.0,151467.42,149824.05,149824.06,18.954678,10.343901,8.54015,8.540149
1.796399e+25,0.8589605,0.99755067,310000.0,151467.38,149824.05,149824.05,18.954678,10.343255,8.54015,8.540148
1.796399e+25,0.8701525,0.99636644,310000.0,151467.34,149824.03,149824.06,18.954678,10.343324,8.54015,8.540149
1.796399e+25,0.85640717,0.9961499,310000.0,151467.34,149824.03,149824.08,18.954678,10.343091,8.540149,8.540149
1.796399e+25,0.8695226,0.99729884,310000.0,151467.47,149824.08,149824.06,18.954678,10.343933,8.54015,8.540149
1.796399e+25,0.8546013,0.99632114,310000.0,151467.44,149824.06,149824.06,18.954678,10.343629,8.54015,8.540149
1.796399e+25,0.8507352,0.99719274,310000.0,151467.38,149824.06,149824.06,18.954678,10.343204,8.540151,8.540148
1.796399e+25,0.8650712,0.9974698,310000.0,151467.38,149824.06,149824.06,18.954678,10.343439,8.54015,8.540149
1.796399e+25,0.86793137,0.99714273,310000.0,151467.42,149824.06,149824.06,18.954678,10.343533,8.54015,8.540149
1.796399e+25,0.87548566,0.9977403,310000.0,151467.33,149824.06,149824.06,18.954678,10.343221,8.540149,8.540149
1.796399e+25,0.8738531,0.998151,310000.0,151467.38,149824.06,149824.06,18.954678,10.343333,8.54015,8.540149
1.796399e+25,0.86097777,0.99689966,310000.0,151467.4,149824.05,149824.05,18.954678,10.3436985,8.540149,8.540148
1.796399e+25,0.87588555,0.99751335,310000.0,151467.38,149824.06,149824.08,18.954678,10.343641,8.540149,8.540149
1.796399e+25,0.85606384,0.9963226,310000.0,151467.36,149824.05,149824.06,18.954678,10.3435545,8.54015,8.540148
1.796399e+25,0.8566419,0.9966798,310000.0,151467.39,149824.05,149824.06,18.954678,10.34341,8.540149,8.54015
1.796399e+25,0.86761546,0.99738616,310000.0,151467.4,149824.06,149824.05,18.954678,10.343688,8.540151,8.540148
1.796399e+25,0.8659068,0.998052,310000.0,151467.42,149824.05,149824.05,18.954678,10.343551,8.54015,8.540149
1.796399e+25,0.85460424,0.9966371,310000.0,151467.34,149824.05,149824.08,18.954678,10.342958,8.540149,8.540149
1.796399e+25,0.8689573,0.9979339,310000.0,151467.42,149824.02,149824.05,18.954678,10.343195,8.54015,8.540149
1.796399e+25,0.8740264,0.99807596,310000.0,151467.38,149824.08,149824.06,18.954678,10.343168,8.54015,8.540149
1.796399e+25,0.8544027,0.9967267,310000.0,151467.4,149824.05,149824.06,18.954678,10.343519,8.540148,8.54015
1.796399e+25,0.87709135,0.9975111,310000.0,151467.38,149824.05,149824.06,18.954678,10.343369,8.54015,8.540149
1.796399e+25,0.86661637,0.9972446,310000.0,151467.36,149824.05,149824.06,18.954678,10.343304,8.540149,8.540149
1.796399e+25,0.86475223,0.99775755,310000.0,151467.4,149824.06,149824.06,18.954678,10.343453,8.54015,8.540149
1.796399e+25,0.85766315,0.9973083,310000.0,151467.36,149824.05,149824.05,18.954678,10.343257,8.540149,8.540148
1.796399e+25,0.8503759,0.9964459,310000.0,151467.38,149824.06,149824.06,18.954678,10.343493,8.540149,8.540149
1.796399e+25,0.87461466,0.99810773,310000.0,151467.34,149824.06,149824.05,18.954678,10.343261,8.540149,8.540148
1.796399e+25,0.8487793,0.9984628,310000.0,151467.39,149824.05,149824.05,18.954678,10.34356,8.540151,8.540149
1.796399e+25,0.87162715,0.99698067,310000.0,151467.38,149824.03,149824.06,18.954678,10.343256,8.54015,8.540148
1.796399e+25,0.86682224,0.99758416,310000.0,151467.36,149824.05,149824.06,18.954678,10.343442,8.54015,8.540149
1.796399e+25,0.8729643,0.99667907,310000.0,151467.33,149824.05,149824.05,18.954678,10.343101,8.54015,8.540149
1.796399e+25,0.8663883,0.9975766,310000.0,151467.39,149824.05,149824.06,18.954678,10.343592,8.540151,8.540148
1.796399e+25,0.85308766,0.99729955,310000.0,151467.3,149824.06,149824.06,18.954678,10.343183,8.540151,8.540148
1.796399e+25,0.8625283,0.99703604,310000.0,151467.4,149824.05,149824.06,18.954678,10.343628,8.540149,8.540149
1.796399e+25,0.8602186,0.9964868,310000.0,151467.44,149824.06,149824.06,18.954678,10.343202,8.540151,8.540149
1.796399e+25,0.85754025,0.99768466,310000.0,151467.4,149824.06,149824.06,18.954678,10.343457,8.540149,8.540149
1.796399e+25,0.8584223,0.99708897,310000.0,151467.44,149824.06,149824.06,18.954678,10.343618,8.54015,8.540149
1.796399e+25,0.865633,0.9971078,310000.0,151467.39,149824.06,149824.08,18.954678,10.343556,8.540149,8.54015
1.796399e+25,0.8786809,0.9986952,310000.0,151467.34,149824.06,149824.05,18.954678,10.343493,8.54015,8.540149
1.796399e+25,0.87056905,0.99699044,310000.0,151467.39,149824.05,149824.06,18.954678,10.343512,8.54015,8.540149
1.796399e+25,0.8510902,0.997144,310000.0,151467.4,149824.06,149824.06,18.954678,10.343655,8.540151,8.540149
1.796399e+25,0.86132765,0.99700755,310000.0,151467.38,149824.06,149824.05,18.954678,10.343319,8.54015,8.540149
1.796399e+25,0.8749925,0.9980377,310000.0,151467.36,149824.05,149824.06,18.954678,10.343206,8.540149,8.540149
1.796399e+25,0.8616856,0.9968205,310000.0,151467.4,149824.05,149824.03,18.954678,10.343222,8.54015,8.540148
1.796399e+25,0.87348634,0.99790376,310000.0,151467.39,149824.05,149824.05,18.954678,10.343669,8.540149,8.540149
1.796399e+25,0.8533418,0.99713814,310000.0,151467.34,149824.06,149824.05,18.954678,10.343249,8.54015,8.540149
1.796399e+25,0.86388445,0.99709356,310000.0,151467.36,149824.03,149824.06,18.954678,10.343358,8.54015,8.540148
1.796399e+25,0.87182623,0.9977453,310000.0,151467.36,149824.06,149824.06,18.954678,10.343226,8.54015,8.540149
1.796399e+25,0.871622,0.997479,310000.0,151467.36,149824.06,149824.06,18.954678,10.343022,8.54015,8.540149
1.796399e+25,0.86342347,0.997243,310000.0,151467.36,149824.05,149824.06,18.954678,10.343214,8.540151,8.540149
1.796399e+25,0.8686907,0.9978147,310000.0,151467.34,149824.06,149824.06,18.954678,10.343202,8.54015,8.540149
1.796399e+25,0.8734693,0.9974562,310000.0,151467.4,149824.05,149824.06,18.954678,10.343588,8.540149,8.540149
1.796399e+25,0.8625985,0.99728703,310000.0,151467.39,149824.08,149824.06,18.954678,10.3434515,8.54015,8.540149
1.796399e+25,0.8618609,0.9964063,310000.0,151467.39,149824.03,149824.08,18.954678,10.343522,8.540149,8.540149
1.796399e+25,0.8755901,0.9982933,310000.0,151467.42,149824.05,149824.06,18.954678,10.343489,8.54015,8.540149
1.796399e+25,0.87175876,0.9973884,310000.0,151467.42,149824.03,149824.06,18.954678,10.343618,8.540149,8.540148
1.796399e+25,0.8624556,0.9974398,310000.0,151467.34,149824.05,149824.05,18.954678,10.343387,8.540149,8.540149
1.796399e+25,0.86388844,0.99710315,310000.0,151467.38,149824.05,149824.05,18.954678,10.343239,8.54015,8.540149
1.796399e+25,0.84705895,0.99597853,310000.0,151467.4,149824.06,149824.06,18.954678,10.343379,8.54015,8.540149
1.796399e+25,0.8707057,0.9973818,310000.0,151467.4,149824.03,149824.06,18.954678,10.343364,8.54015,8.540148
1.796399e+25,0.8526088,0.997452,310000.0,151467.36,149824.08,149824.05,18.954678,10.343534,8.540151,8.540149
1.796399e+25,0.8633424,0.9973921,310000.0,151467.4,149824.05,149824.03,18.954678,10.343647,8.54015,8.540149
1.796399e+25,0.86480224,0.99782926,310000.0,151467.39,149824.05,149824.05,18.954678,10.343447,8.54015,8.540149
1.796399e+25,0.85387063,0.9966502,310000.0,151467.34,149824.05,149824.05,18.954678,10.342996,8.54015,8.540149
1.796399e+25,0.8502058,0.9967885,310000.0,151467.33,149824.06,149824.05,18.954678,10.343271,8.540151,8.540148
1.796399e+25,0.86361516,0.9975892,310000.0,151467.34,149824.03,149824.06,18.954678,10.343237,8.54015,8.540149
1.796399e+25,0.8861378,0.9976596,310000.0,151467.39,149824.05,149824.06,18.954678,10.3434105,8.54015,8.540149
1.796399e+25,0.8671594,0.9967824,310000.0,151467.42,149824.05,149824.06,18.954678,10.343278,8.540149,8.540149
1.796399e+25,0.8585729,0.99706393,310000.0,151467.36,149824.03,149824.05,18.954678,10.343663,8.540149,8.540148
1.796399e+25,0.8527893,0.9973971,310000.0,151467.4,149824.06,149824.05,18.954678,10.3433485,8.540151,8.540149
1.796399e+25,0.87087196,0.9979322,310000.0,151467.39,149824.05,149824.05,18.954678,10.34369,8.54015,8.540149
1.796399e+25,0.8666449,0.99720824,310000.0,151467.33,149824.06,149824.06,18.954678,10.343212,8.54015,8.540149
1.796399e+25,0.8577463,0.99658054,310000.0,151467.36,149824.08,149824.05,18.954678,10.343248,8.540149,8.540148
1.796399e+25,0.8690744,0.9979033,310000.0,151467.39,149824.05,149824.05,18.954678,10.343435,8.54015,8.540149
1.796399e+25,0.85402864,0.9978665,310000.0,151467.39,149824.05,149824.06,18.954678,10.343316,8.540149,8.54015
1.796399e+25,0.856509,0.9977196,310000.0,151467.4,149824.05,149824.06,18.954678,10.343565,8.54015,8.540148
1.796399e+25,0.8510883,0.9973509,310000.0,151467.38,149824.06,149824.05,18.954678,10.343636,8.540151,8.540149
1.796399e+25,0.8552703,0.9970767,310000.0,151467.42,149824.06,149824.08,18.954678,10.343414,8.54015,8.540148
1.796399e+25,0.8740051,0.99713224,310000.0,151467.36,149824.05,149824.05,18.954678,10.343079,8.540151,8.540149
1.796399e+25,0.8697555,0.99776447,310000.0,151467.38,149824.03,149824.05,18.954678,10.343158,8.54015,8.540149
1.796399e+25,0.87359434,0.9974557,310000.0,151467.36,149824.06,149824.06,18.954678,10.343222,8.540149,8.540149
1.796399e+25,0.8491199,0.9964186,310000.0,151467.42,149824.05,149824.05,18.954678,10.343605,8.540149,8.540148
1.796399e+25,0.86133325,0.997901,310000.0,151467.36,149824.06,149824.06,18.954678,10.343704,8.54015,8.540149
1.796399e+25,0.87220603,0.9980207,310000.0,151467.38,149824.03,149824.05,18.954678,10.343539,8.540149,8.540148
1.796399e+25,0.8648133,0.99844575,310000.0,151467.33,149824.06,149824.03,18.954678,10.343429,8.54015,8.54015
1.796399e+25,0.87848765,0.99853027,310000.0,151467.38,149824.05,149824.06,18.954678,10.343336,8.54015,8.54015
1.796399e+25,0.8629194,0.9979235,310000.0,151467.4,149824.08,149824.05,18.954678,10.343794,8.540149,8.540149
1.796399e+25,0.85939157,0.99737316,310000.0,151467.42,149824.06,149824.06,18.954678,10.343342,8.540149,8.540149
1.796399e+25,0.8638877,0.99633086,310000.0,151467.38,149824.06,149824.06,18.954678,10.343457,8.540149,8.540149
1.796399e+25,0.86580116,0.9980444,310000.0,151467.4,149824.06,149824.06,18.954678,10.343436,8.540148,8.540149
1.796399e+25,0.8641784,0.99810153,310000.0,151467.42,149824.05,149824.08,18.954678,10.343213,8.54015,8.540149
1.796399e+25,0.8563628,0.99732804,310000.0,151467.42,149824.05,149824.06,18.954678,10.343707,8.54015,8.5401535
1.796399e+25,0.8657858,0.9977082,310000.0,151467.45,149824.05,149824.06,18.954678,10.343774,8.540151,8.5401535
1.796399e+25,0.8626906,0.9976581,310000.0,151467.38,149824.05,149824.03,18.954678,10.343445,8.540151,8.540153
1.796399e+25,0.8476629,0.99686354,310000.0,151467.4,149824.03,149824.03,18.954678,10.343358,8.540149,8.5401535
1.796399e+25,0.85741335,0.9976313,310000.0,151467.38,149824.05,149824.05,18.954678,10.343395,8.54015,8.540153
1.796399e+25,0.85832703,0.99670607,310000.0,151467.34,149824.06,149824.05,18.954678,10.343344,8.54015,8.5401535
1.796399e+25,0.854819,0.9959996,310000.0,151467.34,149824.05,149824.06,18.954678,10.343269,8.540151,8.540153
1.796399e+25,0.89049304,0.9981309,310000.0,151467.44,149824.05,149824.06,18.954678,10.343381,8.540149,8.540153
1.796399e+25,0.88402975,0.9995156,310000.0,151467.39,149824.03,149824.06,18.954678,10.34333,8.540149,8.5401535
1.796399e+25,0.868206,0.99777114,310000.0,151467.42,149824.03,149824.08,18.954678,10.343512,8.540149,8.5401535
1.796399e+25,0.89546824,1.0000607,310000.0,151467.42,149824.05,149824.06,18.954678,10.343411,8.540149,8.540153
1.796399e+25,0.88026124,0.9989483,310000.0,151467.4,149824.05,149824.06,18.954678,10.343354,8.540151,8.540153
1.796399e+25,0.8743484,0.99877506,310000.0,151467.3,149824.06,149824.08,18.954678,10.343368,8.54015,8.540153
1.796399e+25,0.8718344,0.9984194,310000.0,151467.4,149824.06,149824.06,18.954678,10.343495,8.54015,8.5401535
1.796399e+25,0.8542891,0.9968024,310000.0,151467.34,149824.05,149824.05,18.954678,10.343209,8.54015,8.5401535
1.796399e+25,0.85425115,0.9973958,310000.0,151467.38,149824.05,149824.06,18.954678,10.343145,8.540151,8.540153
1.796399e+25,0.8778918,0.998102,310000.0,151467.38,149824.03,149824.06,18.954678,10.34356,8.540151,8.5401535
1.796399e+25,0.8596182,0.99728024,310000.0,151467.38,149824.08,149824.06,18.954678,10.343469,8.54015,8.540153
1.796399e+25,0.8638438,0.99817324,310000.0,151467.38,149824.03,149824.03,18.954678,10.343374,8.540149,8.5401535
1.796399e+25,0.8738779,0.9993212,310000.0,151467.34,149824.05,149824.06,18.954678,10.343429,8.54015,8.5401535
1.796399e+25,0.92793804,1.0006026,310000.0,151467.4,149824.05,149824.06,18.954678,10.343522,8.540149,8.5401535
1.796399e+25,0.85392076,0.9980695,310000.0,151467.38,149824.06,149824.08,18.954678,10.3435,8.54015,8.5401535
1.796399e+25,0.88056666,0.9990828,310000.0,151467.39,149824.05,149824.05,18.954678,10.343102,8.540149,8.5401535
1.796399e+25,0.8425004,0.996857,310000.0,151467.36,149824.06,149824.06,18.954678,10.34331,8.540149,8.540153
1.796399e+25,0.87888235,0.99856997,310000.0,151467.4,149824.06,149824.06,18.954678,10.343517,8.54015,8.540153
1.796399e+25,0.884115,0.9981654,310000.0,151467.36,149824.03,149824.03,18.954678,10.343394,8.54015,8.5401535
1.796399e+25,0.8688987,0.99794286,310000.0,151467.39,149824.05,149824.06,18.954678,10.34321,8.540148,8.540153
1.796399e+25,0.87579495,0.99859875,310000.0,151467.34,149824.06,149824.05,18.954678,10.342987,8.54015,8.5401535
1.796399e+25,0.8655438,0.99762595,310000.0,151467.4,149824.03,149824.05,18.954678,10.343379,8.54015,8.540153
1.796399e+25,0.88224316,0.999014,310000.0,151467.36,149824.05,149824.06,18.954678,10.3434725,8.54015,8.540153
1.796399e+25,0.87672555,0.99853885,310000.0,151467.42,149824.05,149824.05,18.954678,10.34362,8.540148,8.540153
1.796399e+25,0.88854325,0.9992293,310000.0,151467.36,149824.05,149824.05,18.954678,10.343238,8.54015,8.5401535
1.796399e+25,0.8963059,0.9997415,310000.0,151467.36,149824.08,149824.05,18.954678,10.343662,8.54015,8.5401535
1.796399e+25,0.9391992,1.0006447,310000.0,151467.42,149824.06,149824.05,18.954678,10.343447,8.54015,8.5401535
1.796399e+25,0.88552696,0.9991922,310000.0,151467.39,149824.03,149824.05,18.954678,10.343451,8.540149,8.5401535
1.796399e+25,0.88920414,0.9992743,310000.0,151467.38,149824.06,149824.06,18.954678,10.34343,8.540149,8.5401535
1.796399e+25,0.8660685,0.9974244,310000.0,151467.39,149824.06,149824.06,18.954678,10.343539,8.54015,8.540154
1.796399e+25,0.878726,0.9980461,310000.0,151467.39,149824.06,149824.06,18.954678,10.34354,8.540151,8.5401535
1.796399e+25,0.89073056,0.9983035,310000.0,151467.38,149824.05,149824.05,18.954678,10.343649,8.54015,8.5401535
1.796399e+25,0.88152605,0.9983645,310000.0,151467.42,149824.05,149824.05,18.954678,10.343981,8.54015,8.5401535
1.796399e+25,0.8725156,0.9976526,310000.0,151467.36,149824.08,149824.08,18.954678,10.343019,8.54015,8.540153
1.796399e+25,0.8779577,0.9977979,310000.0,151467.38,149824.08,149824.08,18.954678,10.343381,8.540149,8.5401535
1.796399e+25,0.8705491,0.9978067,310000.0,151467.34,149824.03,149824.03,18.954678,10.343595,8.54015,8.5401535
1.796399e+25,0.8596129,0.99786633,310000.0,151467.38,149824.05,149824.05,18.954678,10.343265,8.54015,8.5401535
1.796399e+25,0.860045,0.9971074,310000.0,151467.33,149824.05,149824.05,18.954678,10.34321,8.54015,8.540153
1.796399e+25,0.85989237,0.9975452,310000.0,151467.42,149824.06,149824.08,18.954678,10.343383,8.540149,8.5401535
1.796399e+25,0.86093974,0.9973197,310000.0,151467.38,149824.06,149824.05,18.954678,10.343731,8.540149,8.540153
1.796399e+25,0.89998764,1.0003117,310000.0,151467.38,149824.05,149824.06,18.954678,10.343444,8.540149,8.540153
1.796399e+25,0.865347,0.9977155,310000.0,151467.34,149824.06,149824.06,18.954678,10.343334,8.54015,8.540153
1.796399e+25,0.86769813,0.9985818,310000.0,151467.36,149824.06,149824.06,18.954678,10.34304,8.54015,8.540153
1.796399e+25,0.88759947,0.9992754,310000.0,151467.36,149824.06,149824.05,18.954678,10.343282,8.540151,8.540153
1.796399e+25,0.8686783,0.9984018,310000.0,151467.33,149824.05,149824.05,18.954678,10.343192,8.540149,8.540153
1.796399e+25,0.8643978,0.99826145,310000.0,151467.4,149824.06,149824.08,18.954678,10.343295,8.540149,8.5401535
1.796399e+25,0.87876517,0.99856925,310000.0,151467.39,149824.06,149824.06,18.954678,10.343575,8.54015,8.5401535
1.796399e+25,0.85583276,0.99665403,310000.0,151467.34,149824.06,149824.06,18.954678,10.343303,8.540151,8.540153
1.796399e+25,0.8786116,0.99869424,310000.0,151467.39,149824.06,149824.06,18.954678,10.343595,8.540151,8.5401535
1.796399e+25,0.8843838,0.9982592,310000.0,151467.4,149824.06,149824.05,18.954678,10.343428,8.54015,8.540153
1.796399e+25,0.8795798,0.997174,310000.0,151467.38,149824.08,149824.06,18.954678,10.343452,8.540149,8.540153
1.796399e+25,0.88169247,0.99817383,310000.0,151467.4,149824.05,149824.03,18.954678,10.3433695,8.540149,8.540153
1.796399e+25,0.87492704,0.99787307,310000.0,151467.4,149824.06,149824.06,18.954678,10.343296,8.540151,8.5401535
1.796399e+25,0.8593877,0.99772763,310000.0,151467.39,149824.03,149824.06,18.954678,10.343519,8.54015,8.540154
1.796399e+25,0.8518527,0.9968072,310000.0,151467.42,149824.06,149824.06,18.954678,10.343484,8.54015,8.540153
1.796399e+25,0.87591136,0.9983209,310000.0,151467.36,149824.05,149824.03,18.954678,10.343238,8.540151,8.540154
1.796399e+25,0.86785203,0.99794424,310000.0,151467.4,149824.05,149824.05,18.954678,10.343312,8.540151,8.540153
1.796399e+25,0.87162405,0.99773544,310000.0,151467.34,149824.05,149824.06,18.954678,10.343003,8.540149,8.5401535
1.796399e+25,0.8433868,0.9967781,310000.0,151467.39,149824.06,149824.06,18.954678,10.343179,8.54015,8.540153
1.796399e+25,0.8654056,0.99747425,310000.0,151467.36,149824.08,149824.08,18.954678,10.343502,8.54015,8.5401535
1.796399e+25,0.85255337,0.99721247,310000.0,151467.33,149824.03,149824.06,18.954678,10.343697,8.540149,8.5401535
1.796399e+25,0.8632376,0.99741274,310000.0,151467.38,149824.06,149824.05,18.954678,10.343414,8.54015,8.5401535
1.796399e+25,0.86077935,0.9972382,310000.0,151467.39,149824.05,149824.05,18.954678,10.343409,8.54015,8.540153
1.796399e+25,0.8810117,0.9990114,310000.0,151467.38,149824.06,149824.08,18.954678,10.3435545,8.540149,8.540153
1.796399e+25,0.865525,0.99712324,310000.0,151467.38,149824.05,149824.08,18.954678,10.343451,8.540149,8.5401535
1.796399e+25,0.8791327,0.9982197,310000.0,151467.38,149824.05,149824.06,18.954678,10.343662,8.540151,8.5401535
1.796399e+25,0.8620144,0.99790573,310000.0,151467.4,149824.03,149824.05,18.954678,10.343617,8.54015,8.5401535
1.796399e+25,0.8629319,0.9966532,310000.0,151467.42,149824.06,149824.05,18.954678,10.343372,8.540151,8.540153
1.796399e+25,0.83816725,0.9955842,310000.0,151467.34,149824.05,149824.05,18.954678,10.34346,8.54015,8.5401535
1.796399e+25,0.85818964,0.9972096,310000.0,151467.4,149824.06,149824.06,18.954678,10.343492,8.54015,8.5401535
1.796399e+25,0.869211,0.995712,310000.0,151467.33,149824.03,149824.05,18.954678,10.343423,8.54015,8.540153
1.796399e+25,0.8691159,0.9971311,310000.0,151467.42,149824.06,149824.06,18.954678,10.34354,8.540149,8.5401535
1.796399e+25,0.8700801,0.99820685,310000.0,151467.39,149824.1,149824.06,18.954678,10.3433695,8.54015,8.5401535
1.796399e+25,0.86187977,0.99812984,310000.0,151467.42,149824.03,149824.03,18.954678,10.343528,8.540149,8.540152
1.796399e+25,0.86481965,0.9980156,310000.0,151467.34,149824.05,149824.08,18.954678,10.343259,8.54015,8.5401535
1.796399e+25,0.8680637,0.99749815,310000.0,151467.34,149824.06,149824.08,18.954678,10.343405,8.540149,8.5401535
1.796399e+25,0.84831977,0.9972957,310000.0,151467.36,149824.06,149824.08,18.954678,10.343235,8.540149,8.540153
1.796399e+25,0.8658264,0.99767196,310000.0,151467.4,149824.05,149824.08,18.954678,10.343411,8.540149,8.5401535
1.796399e+25,0.86951196,0.99790347,310000.0,151467.4,149824.06,149824.06,18.954678,10.343642,8.54015,8.5401535
1.796399e+25,0.8493279,0.9964954,310000.0,151467.34,149824.06,149824.08,18.954678,10.3433,8.54015,8.5401535
1.796399e+25,0.85895854,0.9974227,310000.0,151467.42,149824.03,149824.05,18.954678,10.343346,8.540151,8.5401535
1.796399e+25,0.86250424,0.9972081,310000.0,151467.39,149824.05,149824.08,18.954678,10.343126,8.54015,8.540154
1.796399e+25,0.86558306,0.99768454,310000.0,151467.4,149824.05,149824.08,18.954678,10.343749,8.540151,8.5401535
1.796399e+25,0.85562116,0.99648875,310000.0,151467.36,149824.05,149824.06,18.954678,10.343265,8.54015,8.5401535
1.796399e+25,0.8555295,0.9973778,310000.0,151467.38,149824.08,149824.05,18.954678,10.343873,8.54015,8.540153
1.796399e+25,0.83799666,0.99583334,310000.0,151467.31,149824.06,149824.05,18.954678,10.342949,8.540151,8.540153
1.796399e+25,0.86081815,0.996263,310000.0,151467.34,149824.08,149824.05,18.954678,10.343178,8.540151,8.5401535
1.796399e+25,0.8769253,0.99901617,310000.0,151467.34,149824.05,149824.06,18.954678,10.3433485,8.54015,8.5401535
1.796399e+25,0.875474,0.9994231,310000.0,151467.36,149824.05,149824.05,18.954678,10.343469,8.54015,8.5401535
1.796399e+25,0.8689562,0.99893653,310000.0,151467.42,149824.05,149824.03,18.954678,10.343524,8.54015,8.5401535
1.796399e+25,0.8784417,0.9996053,310000.0,151467.42,149824.05,149824.06,18.954678,10.343367,8.54015,8.5401535
1.796399e+25,0.8549638,0.9970405,310000.0,151467.39,149824.05,149824.05,18.954678,10.343584,8.540149,8.5401535
1.796399e+25,0.86674666,0.9971619,310000.0,151467.38,149824.05,149824.06,18.954678,10.343242,8.54015,8.5401535
1.796399e+25,0.86021495,0.9970482,310000.0,151467.33,149824.06,149824.05,18.954678,10.343322,8.54015,8.540153
1.796399e+25,0.85531497,0.99731916,310000.0,151467.36,149824.06,149824.06,18.954678,10.343618,8.54015,8.540153
1.796399e+25,0.85484505,0.9971494,310000.0,151467.39,149824.06,149824.06,18.954678,10.343434,8.540151,8.5401535
1.796399e+25,0.85063493,0.9968794,310000.0,151467.39,149824.03,149824.06,18.954678,10.343275,8.54015,8.5401535
1.796399e+25,0.86293334,0.99734247,310000.0,151467.44,149824.06,149824.05,18.954678,10.343678,8.540151,8.540153
1.796399e+25,0.85104924,0.99596393,310000.0,151467.38,149824.06,149824.06,18.954678,10.343383,8.540149,8.540153
1.796399e+25,0.85611266,0.9976898,310000.0,151467.31,149824.05,149824.06,18.954678,10.343279,8.540151,8.540154
1.796399e+25,0.8393702,0.99654704,310000.0,151467.4,149824.06,149824.08,18.954678,10.343613,8.540149,8.5401535
1.796399e+25,0.861448,0.9973376,310000.0,151467.39,149824.05,149824.06,18.954678,10.3433275,8.540149,8.5401535
1.796399e+25,0.86675954,0.9971532,310000.0,151467.42,149824.03,149824.06,18.954678,10.343862,8.54015,8.5401535
1.796399e+25,0.8636508,0.99633175,310000.0,151467.31,149824.05,149824.06,18.954678,10.343193,8.54015,8.5401535
1.796399e+25,0.8678997,0.99789447,310000.0,151467.39,149824.03,149824.05,18.954678,10.343319,8.540148,8.540153
1.796399e+25,0.86838,0.9971229,310000.0,151467.31,149824.03,149824.05,18.954678,10.343391,8.54015,8.540154
1.796399e+25,0.8638723,0.99739146,310000.0,151467.38,149824.05,149824.05,18.954678,10.34319,8.540149,8.540153
1.796399e+25,0.86995745,0.9968824,310000.0,151467.38,149824.05,149824.03,18.954678,10.343249,8.540151,8.540153
1.796399e+25,0.85112363,0.99650025,310000.0,151467.39,149824.05,149824.06,18.954678,10.343209,8.54015,8.540152
1.796399e+25,0.8592498,0.9962526,310000.0,151467.45,149824.05,149824.06,18.954678,10.343578,8.54015,8.540153
1.796399e+25,0.85863996,0.9970109,310000.0,151467.39,149824.06,149824.06,18.954678,10.343337,8.54015,8.540153
1.796399e+25,0.86093557,0.99736315,310000.0,151467.44,149824.05,149824.05,18.954678,10.34365,8.54015,8.540153
1.796399e+25,0.8540004,0.99720573,310000.0,151467.33,149824.08,149824.08,18.954678,10.343401,8.54015,8.540152
1.796399e+25,0.8417953,0.99664605,310000.0,151467.44,149824.05,149824.05,18.954678,10.343727,8.54015,8.540153
1.796399e+25,0.85943437,0.99707127,310000.0,151467.42,149824.06,149824.06,18.954678,10.343675,8.540149,8.540153
1.796399e+25,0.85525256,0.99732536,310000.0,151467.44,149824.06,149824.08,18.954678,10.343485,8.540149,8.540153
1.796399e+25,0.8846384,0.99850005,310000.0,151467.4,149824.06,149824.05,18.954678,10.343517,8.540149,8.5401535
1.796399e+25,0.87079537,0.99694556,310000.0,151467.39,149824.05,149824.05,18.954678,10.343529,8.540151,8.540152
1.796399e+25,0.8534882,0.9972958,310000.0,151467.39,149824.05,149824.05,18.954678,10.343521,8.540151,8.540152
1.796399e+25,0.86453384,0.9975071,310000.0,151467.34,149824.06,149824.03,18.954678,10.343474,8.540149,8.5401535
1.796399e+25,0.8708761,0.99786425,310000.0,151467.4,149824.06,149824.06,18.954678,10.343402,8.540149,8.540153
1.796399e+25,0.86478543,0.99750507,310000.0,151467.36,149824.08,149824.05,18.954678,10.343407,8.54015,8.540153
1.796399e+25,0.85622716,0.9973372,310000.0,151467.45,149824.05,149824.05,18.954678,10.343614,8.540149,8.540153
1.796399e+25,0.859319,0.9971451,310000.0,151467.36,149824.06,149824.06,18.954678,10.343357,8.54015,8.540152
1.796399e+25,0.8499783,0.9970513,310000.0,151467.4,149824.06,149824.05,18.954678,10.34324,8.54015,8.540152
1.796399e+25,0.8792397,0.997643,310000.0,151467.33,149824.03,149824.05,18.954678,10.343207,8.540151,8.5401535
1.796399e+25,0.8755825,0.997889,310000.0,151467.36,149824.06,149824.05,18.954678,10.343366,8.54015,8.540153
1.796399e+25,0.8487839,0.99778855,310000.0,151467.39,149824.06,149824.08,18.954678,10.343718,8.540149,8.540152
1.796399e+25,0.8755515,0.99826837,310000.0,151467.45,149824.06,149824.03,18.954678,10.343584,8.54015,8.540153
1.796399e+25,0.8595979,0.9979589,310000.0,151467.39,149824.05,149824.05,18.954678,10.343281,8.54015,8.540152
1.796399e+25,0.86975634,0.99795824,310000.0,151467.38,149824.06,149824.06,18.954678,10.343426,8.54015,8.5401535
1.796399e+25,0.8685245,0.99778277,310000.0,151467.36,149824.08,149824.05,18.954678,10.343557,8.54015,8.540153
1.796399e+25,0.8682631,0.99822485,310000.0,151467.36,149824.05,149824.06,18.954678,10.343526,8.54015,8.5401535
1.796399e+25,0.8681742,0.99773395,310000.0,151467.42,149824.05,149824.08,18.954678,10.34366,8.54015,8.540152
1.796399e+25,0.8516735,0.9982386,310000.0,151467.4,149824.06,149824.03,18.954678,10.343246,8.540151,8.540153
1.796399e+25,0.8607222,0.9971686,310000.0,151467.39,149824.03,149824.06,18.954678,10.343343,8.54015,8.540153
1.796399e+25,0.8568054,0.9977044,310000.0,151467.31,149824.06,149824.05,18.954678,10.343141,8.54015,8.5401535
1.796399e+25,0.8727321,0.99815226,310000.0,151467.38,149824.08,149824.05,18.954678,10.343555,8.54015,8.5401535
1.796399e+25,0.8731526,0.9984356,310000.0,151467.36,149824.05,149824.05,18.954678,10.342987,8.540148,8.540153
1.796399e+25,0.8595836,0.9974467,310000.0,151467.4,149824.05,149824.03,18.954678,10.343259,8.540149,8.540153
1.796399e+25,0.8656379,0.9965316,310000.0,151467.36,149824.06,149824.06,18.954678,10.343514,8.54015,8.540153
1.796399e+25,0.8604732,0.997659,310000.0,151467.33,149824.05,149824.05,18.954678,10.343192,8.540149,8.540153
1.796399e+25,0.860095,0.9970398,310000.0,151467.36,149824.06,149824.05,18.954678,10.343227,8.540149,8.5401535
1.796399e+25,0.8504684,0.996881,310000.0,151467.38,149824.06,149824.05,18.954678,10.343346,8.54015,8.5401535
1.796399e+25,0.8704599,0.9980625,310000.0,151467.33,149824.08,149824.06,18.954678,10.343023,8.540149,8.540153
1.796399e+25,0.85568804,0.99658084,310000.0,151467.4,149824.06,149824.06,18.954678,10.343508,8.54015,8.540153
1.796399e+25,0.8556519,0.9976609,310000.0,151467.39,149824.06,149824.06,18.954678,10.343616,8.540149,8.540153
1.796399e+25,0.8596714,0.997528,310000.0,151467.39,149824.03,149824.06,18.954678,10.3431635,8.540149,8.5401535
1.796399e+25,0.8585891,0.9983649,310000.0,151467.34,149824.05,149824.06,18.954678,10.343587,8.54015,8.540153
1.796399e+25,0.8714407,0.9984292,310000.0,151467.4,149824.05,149824.05,18.954678,10.343599,8.54015,8.5401535
1.796399e+25,0.8751596,0.9977035,310000.0,151467.38,149824.06,149824.06,18.954678,10.343406,8.54015,8.540152
1.796399e+25,0.86122984,0.9982782,310000.0,151467.39,149824.05,149824.06,18.954678,10.343487,8.54015,8.540153
1.796399e+25,0.86319894,0.9985576,310000.0,151467.44,149824.05,149824.05,18.954678,10.343589,8.540149,8.540153
1.796399e+25,0.8645648,0.9981742,310000.0,151467.38,149824.03,149824.06,18.954678,10.343551,8.54015,8.540154
1.796399e+25,0.863477,0.9984075,310000.0,151467.34,149824.05,149824.06,18.954678,10.343453,8.54015,8.5401535
1.796399e+25,0.8698244,0.99874717,310000.0,151467.4,149824.08,149824.05,18.954678,10.343396,8.54015,8.540153
1.796399e+25,0.871797,0.99823195,310000.0,151467.39,149824.08,149824.06,18.954678,10.343365,8.540149,8.540152
1.796399e+25,0.86556625,0.9986433,310000.0,151467.34,149824.08,149824.06,18.954678,10.343609,8.540151,8.540153
1.796399e+25,0.8730506,0.99806845,310000.0,151467.36,149824.06,149824.06,18.954678,10.343307,8.540151,8.540152
1.796399e+25,0.86693394,0.9981586,310000.0,151467.36,149824.06,149824.05,18.954678,10.343867,8.54015,8.540153
1.796399e+25,0.8696339,0.99783677,310000.0,151467.4,149824.05,149824.06,18.954678,10.343468,8.54015,8.540153
1.796399e+25,0.8656519,0.99792033,310000.0,151467.3,149824.05,149824.05,18.954678,10.343141,8.540149,8.540153
1.796399e+25,0.84600985,0.9973213,310000.0,151467.38,149824.05,149824.05,18.954678,10.343516,8.54015,8.540153
1.796399e+25,0.8707542,0.99858993,310000.0,151467.34,149824.05,149824.03,18.954678,10.343462,8.54015,8.540152
1.796399e+25,0.8679345,0.9978319,310000.0,151467.4,149824.03,149824.05,18.954678,10.343201,8.540149,8.540151
1.796399e+25,0.8706306,0.9978283,310000.0,151467.38,149824.06,149824.06,18.954678,10.343313,8.540149,8.540152
1.796399e+25,0.8752325,0.9979814,310000.0,151467.33,149824.05,149824.06,18.954678,10.343309,8.540151,8.540153
1.796399e+25,0.86998767,0.9977652,310000.0,151467.31,149824.05,149824.06,18.954678,10.343246,8.540151,8.540153
1.796399e+25,0.8690093,0.9981443,310000.0,151467.38,149824.08,149824.08,18.954678,10.343361,8.54015,8.540153
1.796399e+25,0.8491371,0.9978431,310000.0,151467.42,149824.05,149824.05,18.954678,10.343612,8.54015,8.540152
1.796399e+25,0.8668273,0.9978136,310000.0,151467.42,149824.06,149824.06,18.954678,10.343357,8.54015,8.540152
1.796399e+25,0.85939026,0.9977604,310000.0,151467.36,149824.05,149824.06,18.954678,10.343535,8.54015,8.540152
1.796399e+25,0.8813829,0.9981183,310000.0,151467.39,149824.06,149824.06,18.954678,10.343065,8.540151,8.540153
1.796399e+25,0.8561954,0.9975815,310000.0,151467.34,149824.03,149824.06,18.954678,10.343201,8.54015,8.540153
1.796399e+25,0.86943525,0.9986353,310000.0,151467.38,149824.03,149824.06,18.954678,10.343655,8.540149,8.540153
1.796399e+25,0.8597885,0.99876124,310000.0,151467.34,149824.05,149824.05,18.954678,10.343051,8.54015,8.540153
1.796399e+25,0.8662171,0.99820065,310000.0,151467.39,149824.06,149824.05,18.954678,10.343198,8.540149,8.540152
1.796399e+25,0.8647434,0.9987804,310000.0,151467.38,149824.06,149824.05,18.954678,10.34391,8.54015,8.540152
1.796399e+25,0.8559571,0.9971243,310000.0,151467.42,149824.06,149824.05,18.954678,10.343503,8.540149,8.540153
1.796399e+25,0.8617564,0.9972063,310000.0,151467.34,149824.05,149824.05,18.954678,10.343283,8.540151,8.540153
1.796399e+25,0.87346363,0.9980638,310000.0,151467.38,149824.08,149824.08,18.954678,10.343191,8.54015,8.5401535
1.796399e+25,0.85725677,0.99687403,310000.0,151467.38,149824.06,149824.06,18.954678,10.343208,8.54015,8.540153
1.796399e+25,0.8566043,0.99776673,310000.0,151467.36,149824.08,149824.06,18.954678,10.342931,8.540149,8.540152
1.796399e+25,0.8555641,0.9980194,310000.0,151467.4,149824.06,149824.05,18.954678,10.343335,8.54015,8.540153
1.796399e+25,0.8597484,0.99769676,310000.0,151467.42,149824.05,149824.06,18.954678,10.343163,8.540149,8.540153
1.796399e+25,0.8769859,0.9985987,310000.0,151467.4,149824.06,149824.06,18.954678,10.343422,8.54015,8.540153
1.796399e+25,0.86765015,0.99865067,310000.0,151467.42,149824.06,149824.03,18.954678,10.343591,8.54015,8.540152
1.796399e+25,0.8591316,0.9982162,310000.0,151467.38,149824.05,149824.05,18.954678,10.343598,8.54015,8.540152
1.796399e+25,0.87166744,0.9985569,310000.0,151467.42,149824.06,149824.06,18.954678,10.343856,8.54015,8.540153
1.796399e+25,0.8646295,0.9986063,310000.0,151467.36,149824.06,149824.03,18.954678,10.343429,8.54015,8.540152
1.796399e+25,0.8638981,0.9976657,310000.0,151467.4,149824.06,149824.05,18.954678,10.34367,8.540149,8.540153
1.796399e+25,0.8726904,0.99852556,310000.0,151467.42,149824.06,149824.03,18.954678,10.343913,8.540151,8.540152
1.796399e+25,0.8528279,0.99695694,310000.0,151467.39,149824.06,149824.05,18.954678,10.343311,8.540151,8.540153
1.796399e+25,0.85200816,0.9977055,310000.0,151467.38,149824.06,149824.05,18.954678,10.3433275,8.54015,8.540152
1.796399e+25,0.8764285,0.9987054,310000.0,151467.42,149824.05,149824.06,18.954678,10.343731,8.54015,8.540153
1.796399e+25,0.85385114,0.99758124,310000.0,151467.4,149824.06,149824.05,18.954678,10.343521,8.540151,8.540153
1.796399e+25,0.8779045,0.9987093,310000.0,151467.38,149824.06,149824.05,18.954678,10.3436165,8.540151,8.540152
1.796399e+25,0.8603216,0.9980108,310000.0,151467.4,149824.06,149824.06,18.954678,10.343411,8.540151,8.540153
1.796399e+25,0.8614376,0.99752164,310000.0,151467.36,149824.06,149824.06,18.954678,10.342987,8.54015,8.540153
1.796399e+25,0.87066966,0.9984883,310000.0,151467.36,149824.06,149824.06,18.954678,10.343143,8.54015,8.5401535
1.796399e+25,0.87244564,0.99868286,310000.0,151467.33,149824.05,149824.06,18.954678,10.343427,8.540151,8.540152
1.796399e+25,0.8847613,0.99789196,310000.0,151467.4,149824.05,149824.06,18.954678,10.343313,8.540151,8.540152
1.796399e+25,0.8718187,0.99848926,310000.0,151467.36,149824.05,149824.05,18.954678,10.343163,8.540151,8.540152
1.796399e+25,0.86046696,0.99795914,310000.0,151467.38,149824.05,149824.08,18.954678,10.3434305,8.540151,8.540153
1.796399e+25,0.8616621,0.99828786,310000.0,151467.34,149824.05,149824.05,18.954678,10.343065,8.54015,8.540152
1.796399e+25,0.85794723,0.99799144,310000.0,151467.36,149824.08,149824.05,18.954678,10.343273,8.540151,8.540153
1.796399e+25,0.86091197,0.99793804,310000.0,151467.45,149824.05,149824.03,18.954678,10.34368,8.54015,8.540152
1.796399e+25,0.86175853,0.9992031,310000.0,151467.36,149824.06,149824.05,18.954678,10.343055,8.54015,8.540152
1.796399e+25,0.8593428,0.9981001,310000.0,151467.44,149824.06,149824.06,18.954678,10.343372,8.540151,8.540152
1.796399e+25,0.8707281,0.99774563,310000.0,151467.34,149824.05,149824.06,18.954678,10.343116,8.54015,8.540153
1.796399e+25,0.8767031,0.9987058,310000.0,151467.36,149824.06,149824.03,18.954678,10.343408,8.54015,8.540152
1.796399e+25,0.871635,0.9984935,310000.0,151467.44,149824.06,149824.06,18.954678,10.343435,8.540149,8.540152
1.796399e+25,0.86041635,0.99822384,310000.0,151467.39,149824.03,149824.05,18.954678,10.343231,8.540149,8.540152
1.796399e+25,0.86677706,0.9979758,310000.0,151467.39,149824.06,149824.06,18.954678,10.343539,8.540149,8.540146
1.796399e+25,0.87578,0.99760884,310000.0,151467.4,149824.08,149824.03,18.954678,10.343497,8.54015,8.540145
1.796399e+25,0.86120456,0.9972223,310000.0,151467.34,149824.06,149824.03,18.954678,10.343265,8.540149,8.540145
1.796399e+25,0.86686605,0.9979371,310000.0,151467.44,149824.05,149824.06,18.954678,10.343942,8.54015,8.540146
1.796399e+25,0.864255,0.9976628,310000.0,151467.34,149824.03,149824.06,18.954678,10.343235,8.54015,8.540147
1.796399e+25,0.84472835,0.99651015,310000.0,151467.42,149824.05,149824.03,18.954678,10.343437,8.540151,8.540146
1.796399e+25,0.88038886,0.9976209,310000.0,151467.4,149824.06,149824.05,18.954678,10.34361,8.54015,8.540146
1.796399e+25,0.8637157,0.9968435,310000.0,151467.36,149824.08,149824.05,18.954678,10.343257,8.54015,8.540145
1.796399e+25,0.8668159,0.99719423,310000.0,151467.4,149824.05,149824.03,18.954678,10.343648,8.540151,8.540146
1.796399e+25,0.8608279,0.99723244,310000.0,151467.39,149824.08,149824.06,18.954678,10.343464,8.540148,8.540146
1.796399e+25,0.86904824,0.9990577,310000.0,151467.39,149824.06,149824.03,18.954678,10.34356,8.54015,8.540146
1.796399e+25,0.8635516,0.9985286,310000.0,151467.36,149824.06,149824.05,18.954678,10.343468,8.54015,8.540146
1.796399e+25,0.87007046,0.9990998,310000.0,151467.38,149824.06,149824.05,18.954678,10.343639,8.54015,8.540145
1.796399e+25,0.864666,0.9987375,310000.0,151467.38,149824.06,149824.03,18.954678,10.343275,8.540149,8.540145
1.796399e+25,0.8670027,0.99842674,310000.0,151467.44,149824.05,149824.06,18.954678,10.343463,8.54015,8.540146
1.796399e+25,0.87513655,0.9988805,310000.0,151467.4,149824.05,149824.05,18.954678,10.343723,8.54015,8.540146
1.796399e+25,0.860947,0.9978149,310000.0,151467.39,149824.06,149824.05,18.954678,10.343588,8.540149,8.540145
1.796399e+25,0.8603471,0.99863017,310000.0,151467.44,149824.06,149824.05,18.954678,10.343541,8.54015,8.540145
1.796399e+25,0.8592223,0.9985931,310000.0,151467.4,149824.05,149824.06,18.954678,10.343345,8.54015,8.540146
1.796399e+25,0.8600844,0.99907506,310000.0,151467.4,149824.06,149824.05,18.954678,10.343456,8.54015,8.540145
1.796399e+25,0.85867804,0.9969598,310000.0,151467.34,149824.05,149824.05,18.954678,10.343325,8.54015,8.540146
1.796399e+25,0.8678579,0.9984392,310000.0,151467.4,149824.05,149824.06,18.954678,10.34336,8.54015,8.540146
1.796399e+25,0.8656989,0.99855185,310000.0,151467.34,149824.05,149824.05,18.954678,10.343312,8.54015,8.540147
1.796399e+25,0.86848336,0.99937224,310000.0,151467.39,149824.06,149824.05,18.954678,10.343198,8.540151,8.540146
1.796399e+25,0.8794652,0.9996204,310000.0,151467.38,149824.06,149824.06,18.954678,10.343516,8.54015,8.540146
1.796399e+25,0.8828754,0.9996887,310000.0,151467.34,149824.08,149824.03,18.954678,10.342967,8.54015,8.540145
1.796399e+25,0.86583966,0.99924177,310000.0,151467.44,149824.03,149824.06,18.954678,10.343699,8.54015,8.540146
1.796399e+25,0.86175513,0.9978718,310000.0,151467.38,149824.05,149824.06,18.954678,10.343826,8.54015,8.540146
1.796399e+25,0.8698337,0.99796474,310000.0,151467.42,149824.06,149824.06,18.954678,10.343395,8.540149,8.540146
1.796399e+25,0.86283565,0.9987414,310000.0,151467.42,149824.08,149824.06,18.954678,10.3438,8.54015,8.540146
1.796399e+25,0.8637713,0.9984148,310000.0,151467.4,149824.06,149824.05,18.954678,10.3436575,8.54015,8.540146
1.796399e+25,0.8647791,0.99777776,310000.0,151467.38,149824.06,149824.06,18.954678,10.343405,8.54015,8.540146
1.796399e+25,0.8861128,0.9996455,310000.0,151467.42,149824.06,149824.05,18.954678,10.343473,8.540151,8.540145
1.796399e+25,0.87377715,0.9986346,310000.0,151467.33,149824.08,149824.05,18.954678,10.343112,8.54015,8.540146
1.796399e+25,0.8680598,0.9981982,310000.0,151467.4,149824.03,149824.03,18.954678,10.343368,8.540148,8.540145
1.796399e+25,0.86044925,0.9978107,310000.0,151467.4,149824.03,149824.05,18.954678,10.343807,8.54015,8.540146
1.796399e+25,0.8656538,0.99941516,310000.0,151467.4,149824.06,149824.05,18.954678,10.343661,8.540151,8.540147
1.796399e+25,0.8638894,0.9982478,310000.0,151467.34,149824.05,149824.06,18.954678,10.343534,8.540151,8.540147
1.796399e+25,0.867017,0.9983138,310000.0,151467.42,149824.06,149824.05,18.954678,10.343578,8.540151,8.540146
1.796399e+25,0.86895376,0.9984565,310000.0,151467.42,149824.06,149824.03,18.954678,10.343275,8.54015,8.540146
1.796399e+25,0.86841244,0.9977648,310000.0,151467.42,149824.06,149824.05,18.954678,10.343595,8.54015,8.540146
1.796399e+25,0.870476,0.9975117,310000.0,151467.39,149824.03,149824.08,18.954678,10.343366,8.540149,8.540147
1.796399e+25,0.8811705,0.9984256,310000.0,151467.38,149824.05,149824.05,18.954678,10.343521,8.54015,8.540146
1.796399e+25,0.8576953,0.99898165,310000.0,151467.42,149824.05,149824.05,18.954678,10.34354,8.540149,8.540147
1.796399e+25,0.8591103,0.9976922,310000.0,151467.4,149824.06,149824.06,18.954678,10.343685,8.540149,8.540146
1.796399e+25,0.8688803,0.99944156,310000.0,151467.36,149824.03,149824.05,18.954678,10.343144,8.54015,8.540145
1.796399e+25,0.86263704,0.99863434,310000.0,151467.38,149824.06,149824.05,18.954678,10.3434925,8.54015,8.540147
1.796399e+25,0.8572867,0.99766415,310000.0,151467.4,149824.05,149824.05,18.954678,10.3434,8.540149,8.540146
1.796399e+25,0.87353724,0.99880403,310000.0,151467.34,149824.05,149824.06,18.954678,10.343246,8.540151,8.540145
1.796399e+25,0.8660419,0.99859023,310000.0,151467.38,149824.05,149824.06,18.954678,10.343219,8.540151,8.540146
1.796399e+25,0.87355983,0.9997694,310000.0,151467.36,149824.06,149824.08,18.954678,10.343154,8.54015,8.540147
1.796399e+25,0.87294894,0.9989507,310000.0,151467.4,149824.05,149824.05,18.954678,10.343607,8.540149,8.540145
1.796399e+25,0.86279523,0.99792635,310000.0,151467.38,149824.08,149824.03,18.954678,10.343528,8.54015,8.540146
1.796399e+25,0.8697495,0.9989787,310000.0,151467.36,149824.06,149824.05,18.954678,10.3433275,8.54015,8.540146
1.796399e+25,0.86356306,0.9986065,310000.0,151467.42,149824.05,149824.05,18.954678,10.343531,8.54015,8.540146
1.796399e+25,0.87534094,0.9985354,310000.0,151467.39,149824.05,149824.06,18.954678,10.3434925,8.54015,8.540145
1.796399e+25,0.88045114,0.99882126,310000.0,151467.39,149824.08,149824.05,18.954678,10.343288,8.54015,8.540146
1.796399e+25,0.8656787,0.9987119,310000.0,151467.38,149824.08,149824.06,18.954678,10.34336,8.54015,8.540147
1.796399e+25,0.86666733,0.9985415,310000.0,151467.33,149824.06,149824.03,18.954678,10.343497,8.54015,8.540145
1.796399e+25,0.86886036,0.9986452,310000.0,151467.39,149824.06,149824.03,18.954678,10.343727,8.540151,8.540146
1.796399e+25,0.86097795,0.99846935,310000.0,151467.34,149824.05,149824.06,18.954678,10.343669,8.54015,8.540146
1.796399e+25,0.87087405,0.99896246,310000.0,151467.34,149824.05,149824.06,18.954678,10.343286,8.54015,8.540146
1.796399e+25,0.8721502,0.9982352,310000.0,151467.36,149824.06,149824.06,18.954678,10.343365,8.54015,8.540145
1.796399e+25,0.8635782,0.9982447,310000.0,151467.42,149824.05,149824.05,18.954678,10.343601,8.540149,8.540145
1.796399e+25,0.8684749,0.9992054,310000.0,151467.39,149824.03,149824.03,18.954678,10.343496,8.540149,8.540146
1.796399e+25,0.8680094,0.9988577,310000.0,151467.38,149824.06,149824.05,18.954678,10.343153,8.540149,8.540147
1.796399e+25,0.8670476,0.9987953,310000.0,151467.42,149824.05,149824.05,18.954678,10.34337,8.54015,8.540146
1.796399e+25,0.8582231,0.99849814,310000.0,151467.39,149824.06,149824.05,18.954678,10.343553,8.54015,8.540146
1.796399e+25,0.8710559,0.9986437,310000.0,151467.39,149824.06,149824.05,18.954678,10.343717,8.54015,8.540145
1.796399e+25,0.86564046,0.9998799,310000.0,151467.39,149824.05,149824.05,18.954678,10.343486,8.540149,8.540145
1.796399e+25,0.85018396,0.99764615,310000.0,151467.38,149824.06,149824.05,18.954678,10.343398,8.540148,8.540145
1.796399e+25,0.87842494,0.99905354,310000.0,151467.39,149824.03,149824.05,18.954678,10.343432,8.540148,8.540146
1.796399e+25,0.8699415,0.9979875,310000.0,151467.38,149824.06,149824.03,18.954678,10.34365,8.54015,8.540146
1.796399e+25,0.86198497,0.9991169,310000.0,151467.36,149824.06,149824.03,18.954678,10.343162,8.540149,8.540146
1.796399e+25,0.8455798,0.9974809,310000.0,151467.39,149824.06,149824.06,18.954678,10.343865,8.54015,8.540145
1.796399e+25,0.8702822,0.9992003,310000.0,151467.36,149824.05,149824.03,18.954678,10.34349,8.54015,8.540146
1.796399e+25,0.866763,0.99904954,310000.0,151467.36,149824.06,149824.06,18.954678,10.343649,8.54015,8.540146
1.796399e+25,0.8701757,0.99893284,310000.0,151467.42,149824.08,149824.03,18.954678,10.343336,8.540149,8.540147
1.796399e+25,0.8730187,0.99908465,310000.0,151467.36,149824.05,149824.03,18.954678,10.343416,8.54015,8.540146
1.796399e+25,0.8673171,0.9991977,310000.0,151467.44,149824.05,149824.06,18.954678,10.343524,8.54015,8.540145
1.796399e+25,0.8573608,0.9984794,310000.0,151467.4,149824.05,149824.06,18.954678,10.343343,8.540149,8.540146
1.796399e+25,0.86173064,0.9988633,310000.0,151467.42,149824.03,149824.08,18.954678,10.343859,8.54015,8.540146
1.796399e+25,0.86142236,0.9982623,310000.0,151467.42,149824.06,149824.05,18.954678,10.343619,8.54015,8.540147
1.796399e+25,0.87532246,0.9989484,310000.0,151467.38,149824.06,149824.06,18.954678,10.343582,8.540151,8.540146
1.796399e+25,0.8796779,0.99846673,310000.0,151467.36,149824.06,149824.05,18.954678,10.343558,8.540151,8.540145
1.796399e+25,0.8706671,0.9996788,310000.0,151467.34,149824.05,149824.03,18.954678,10.343163,8.540149,8.540146
1.796399e+25,0.8675899,0.999304,310000.0,151467.4,149824.05,149824.05,18.954678,10.343639,8.54015,8.540145
1.796399e+25,0.8631693,0.9987839,310000.0,151467.33,149824.03,149824.06,18.954678,10.343235,8.540149,8.540146
1.796399e+25,0.8670395,0.99884504,310000.0,151467.38,149824.06,149824.05,18.954678,10.343416,8.54015,8.540146
1.796399e+25,0.8666098,0.9982489,310000.0,151467.34,149824.06,149824.06,18.954678,10.343231,8.540149,8.540146
1.796399e+25,0.86827904,0.9990826,310000.0,151467.38,149824.06,149824.03,18.954678,10.343304,8.54015,8.540147
1.796399e+25,0.87395805,0.9995,310000.0,151467.4,149824.05,149824.05,18.954678,10.343742,8.54015,8.540145
1.796399e+25,0.8717685,0.9985641,310000.0,151467.38,149824.06,149824.06,18.954678,10.343132,8.540149,8.540146
1.796399e+25,0.8570727,0.9986447,310000.0,151467.38,149824.06,149824.06,18.954678,10.343352,8.54015,8.540145
1.796399e+25,0.87075025,0.998812,310000.0,151467.4,149824.05,149824.05,18.954678,10.343348,8.54015,8.540145
1.796399e+25,0.87215924,0.99932414,310000.0,151467.39,149824.05,149824.05,18.954678,10.343625,8.54015,8.540146
1.796399e+25,0.85846424,0.99789244,310000.0,151467.39,149824.05,149824.06,18.954678,10.343646,8.54015,8.540145
1.796399e+25,0.8797035,0.9993411,310000.0,151467.38,149824.06,149824.05,18.954678,10.343342,8.540149,8.540146
1.796399e+25,0.8712173,0.9978396,310000.0,151467.42,149824.06,149824.05,18.954678,10.343497,8.54015,8.540146
1.796399e+25,0.87347454,0.9992841,310000.0,151467.38,149824.05,149824.05,18.954678,10.343573,8.54015,8.540145
1.796399e+25,0.8726091,0.99975884,310000.0,151467.39,149824.06,149824.05,18.954678,10.343158,8.54015,8.540146
1.796399e+25,0.8629313,0.9998252,310000.0,151467.44,149824.05,149824.05,18.954678,10.343586,8.54015,8.540145
1.796399e+25,0.8603985,0.9992636,310000.0,151467.34,149824.06,149824.05,18.954678,10.3431635,8.54015,8.540146
1.796399e+25,0.8674943,0.99913126,310000.0,151467.42,149824.03,149824.05,18.954678,10.343661,8.540149,8.540146
1.796399e+25,0.8783454,0.99943185,310000.0,151467.33,149824.06,149824.06,18.954678,10.343377,8.54015,8.540146
1.796399e+25,0.86700386,0.99862593,310000.0,151467.38,149824.08,149824.05,18.954678,10.343182,8.540149,8.540146
1.796399e+25,0.88075185,0.99963844,310000.0,151467.38,149824.06,149824.05,18.954678,10.343609,8.540151,8.540146
1.796399e+25,0.8623726,0.9990493,310000.0,151467.39,149824.05,149824.03,18.954678,10.343654,8.54015,8.540146
1.796399e+25,0.8723541,0.9980842,310000.0,151467.39,149824.05,149824.05,18.954678,10.34326,8.540149,8.540147
1.796399e+25,0.85954666,0.99726087,310000.0,151467.36,149824.05,149824.06,18.954678,10.34341,8.54015,8.540146
1.796399e+25,0.8719273,0.99805033,310000.0,151467.34,149824.05,149824.06,18.954678,10.343298,8.540148,8.540145
1.796399e+25,0.8808238,0.99835634,310000.0,151467.36,149824.05,149824.02,18.954678,10.343263,8.54015,8.540146
1.796399e+25,0.8731091,0.9975921,310000.0,151467.38,149824.06,149824.06,18.954678,10.343351,8.540149,8.540146
1.796399e+25,0.858327,0.99766856,310000.0,151467.34,149824.06,149824.03,18.954678,10.343343,8.54015,8.540145
1.796399e+25,0.8695457,0.99831533,310000.0,151467.36,149824.03,149824.05,18.954678,10.343191,8.54015,8.540145
1.796399e+25,0.86261433,0.9980637,310000.0,151467.36,149824.05,149824.06,18.954678,10.343461,8.540149,8.540145
1.796399e+25,0.86470854,0.99859613,310000.0,151467.38,149824.03,149824.03,18.954678,10.343551,8.540149,8.540145
1.796399e+25,0.8913942,0.998623,310000.0,151467.36,149824.05,149824.06,18.954678,10.343166,8.54015,8.540146
1.796399e+25,0.86762255,0.99751663,310000.0,151467.36,149824.08,149824.05,18.954678,10.343276,8.540151,8.540146
1.796399e+25,0.86895,0.99849266,310000.0,151467.42,149824.06,149824.05,18.954678,10.343832,8.540149,8.540145
1.796399e+25,0.87902564,1.0000525,310000.0,151467.39,149824.05,149824.05,18.954678,10.343362,8.54015,8.540146
1.796399e+25,0.8865559,1.0002841,310000.0,151467.39,149824.06,149824.03,18.954678,10.343316,8.540149,8.540145
1.796399e+25,0.89303863,0.99977785,310000.0,151467.39,149824.03,149824.05,18.954678,10.343662,8.54015,8.540146
1.796399e+25,0.86159503,0.99940115,310000.0,151467.39,149824.05,149824.02,18.954678,10.343392,8.540149,8.540145
1.796399e+25,0.8701369,1.0004317,310000.0,151467.42,149824.05,149824.03,18.954678,10.343554,8.540149,8.540146
1.796399e+25,0.8784648,1.0000852,310000.0,151467.42,149824.05,149824.03,18.954678,10.343834,8.54015,8.540146
1.796399e+25,0.8639371,0.99835384,310000.0,151467.38,149824.05,149824.06,18.954678,10.343442,8.540149,8.540145
1.796399e+25,0.8642578,0.9993284,310000.0,151467.38,149824.05,149824.03,18.954678,10.343277,8.54015,8.540145
1.796399e+25,0.87366825,0.999694,310000.0,151467.38,149824.06,149824.06,18.954678,10.342999,8.54015,8.540145
1.796399e+25,0.8655147,0.9991271,310000.0,151467.39,149824.06,149824.05,18.954678,10.343354,8.540151,8.540145
1.796399e+25,0.8493951,0.998167,310000.0,151467.34,149824.05,149824.03,18.954678,10.343318,8.540149,8.540144
1.796399e+25,0.85397315,0.9979204,310000.0,151467.31,149824.06,149824.05,18.954678,10.343198,8.540152,8.540145
1.796399e+25,0.8637584,0.99855065,310000.0,151467.33,149824.05,149824.05,18.954678,10.343624,8.540151,8.540146
1.796399e+25,0.86888826,0.9991076,310000.0,151467.36,149824.05,149824.03,18.954678,10.343588,8.540151,8.540146
1.796399e+25,0.8655167,0.99846905,310000.0,151467.3,149824.06,149824.06,18.954678,10.343093,8.540149,8.540146
1.796399e+25,0.8602606,0.9987973,310000.0,151467.44,149824.08,149824.06,18.954678,10.343762,8.540149,8.540146
1.796399e+25,0.86530966,0.99895066,310000.0,151467.36,149824.05,149824.08,18.954678,10.34313,8.540151,8.540145
1.796399e+25,0.8710927,0.9992934,310000.0,151467.31,149824.06,149824.05,18.954678,10.343429,8.54015,8.540145
1.796399e+25,0.8607648,0.9987535,310000.0,151467.4,149824.08,149824.06,18.954678,10.343778,8.540149,8.540146
1.796399e+25,0.86360383,0.9987684,310000.0,151467.38,149824.05,149824.05,18.954678,10.343222,8.540149,8.540146
1.796399e+25,0.8575688,0.998528,310000.0,151467.34,149824.08,149824.05,18.954678,10.343125,8.540149,8.540146
1.796399e+25,0.8600009,0.9984271,310000.0,151467.38,149824.05,149824.06,18.954678,10.343459,8.540151,8.540146
1.796399e+25,0.8556977,0.99819267,310000.0,151467.38,149824.06,149824.05,18.954678,10.3434,8.54015,8.540146
1.796399e+25,0.8753854,1.000063,310000.0,151467.38,149824.06,149824.05,18.954678,10.343413,8.540149,8.540146
1.796399e+25,0.86507535,0.99923724,310000.0,151467.38,149824.06,149824.05,18.954678,10.343402,8.54015,8.540145
1.796399e+25,0.86267895,0.9992939,310000.0,151467.4,149824.06,149824.05,18.954678,10.343521,8.540149,8.540145
1.796399e+25,0.8606704,0.9996236,310000.0,151467.36,149824.05,149824.06,18.954678,10.343214,8.540151,8.540146
1.796399e+25,0.8612852,0.99905694,310000.0,151467.42,149824.05,149824.03,18.954678,10.343527,8.540151,8.540145
1.796399e+25,0.86729527,0.9995401,310000.0,151467.45,149824.05,149824.06,18.954678,10.343905,8.540151,8.540145
1.796399e+25,0.8531522,0.9983713,310000.0,151467.39,149824.06,149824.06,18.954678,10.343449,8.540151,8.540146
1.796399e+25,0.85296935,0.99831206,310000.0,151467.42,149824.05,149824.06,18.954678,10.3433275,8.540149,8.540146
1.796399e+25,0.8491384,0.9983567,310000.0,151467.44,149824.06,149824.03,18.954678,10.343814,8.540149,8.540145
1.796399e+25,0.87992185,0.9998336,310000.0,151467.36,149824.06,149824.06,18.954678,10.343199,8.540149,8.540146
1.796399e+25,0.861486,0.9989941,310000.0,151467.38,149824.03,149824.06,18.954678,10.343446,8.54015,8.540145
1.796399e+25,0.8598502,0.9979598,310000.0,151467.4,149824.03,149824.06,18.954678,10.343583,8.54015,8.540145
1.796399e+25,0.8743698,0.99964386,310000.0,151467.38,149824.06,149824.05,18.954678,10.343329,8.54015,8.540145
1.796399e+25,0.87012255,0.9992287,310000.0,151467.39,149824.06,149824.05,18.954678,10.343004,8.540151,8.540146
1.796399e+25,0.86949205,0.9989152,310000.0,151467.36,149824.05,149824.06,18.954678,10.3435755,8.540149,8.540146
250759.14,0.013121609,0.46908626,37000.0,151467.4,149824.06,149824.05,0.7491672,10.34342,8.540151,8.540172
250759.14,0.015816176,0.47035468,37000.0,151467.39,149824.03,149824.05,0.7491672,10.343173,8.54015,8.540164
250759.14,0.012608951,0.46817043,37000.0,151467.34,149824.08,149824.05,0.7491672,10.343621,8.54015,8.540161
250759.14,0.011136569,0.4705719,37000.0,151467.39,149824.05,149824.05,0.7491672,10.343575,8.54015,8.540171
250759.14,0.013010902,0.47562006,37000.0,151467.34,149824.05,149824.06,0.7491672,10.3434,8.54015,8.540163
250759.14,0.013077431,0.47246304,37000.0,151467.44,149824.05,149824.06,0.7491672,10.343499,8.540151,8.540171
250759.14,0.014692987,0.46409136,37000.0,151467.38,149824.06,149824.05,0.7491672,10.34381,8.54015,8.540158
250759.14,0.014225685,0.47153786,37000.0,151467.4,149824.06,149824.05,0.7491672,10.343716,8.54015,8.540168
250759.14,0.017630732,0.4603485,37000.0,151467.36,149824.06,149824.06,0.7491672,10.343206,8.54015,8.540152
250759.14,0.014183858,0.46396616,37000.0,151467.44,149824.05,149824.05,0.7491672,10.343486,8.540149,8.540164
250759.14,0.014541258,0.46128482,37000.0,151467.34,149824.05,149824.06,0.7491672,10.343273,8.54015,8.540153
250759.14,0.014846651,0.46784902,37000.0,151467.4,149824.03,149824.03,0.7491672,10.343581,8.54015,8.540176
250759.14,0.01195629,0.46357888,37000.0,151467.39,149824.05,149824.05,0.7491672,10.343305,8.54015,8.540167
250759.14,0.01197766,0.45896256,37000.0,151467.33,149824.05,149824.06,0.7491672,10.343236,8.540149,8.540155
250759.14,0.014860818,0.4592805,37000.0,151467.36,149824.05,149824.06,0.7491672,10.343272,8.54015,8.540149
250759.14,0.014506667,0.46717283,37000.0,151467.44,149824.06,149824.03,0.7491672,10.343323,8.54015,8.540155
250759.14,0.014246102,0.46629226,37000.0,151467.3,149824.05,149824.05,0.7491672,10.343316,8.540151,8.540175
250759.14,0.01569478,0.46739277,37000.0,151467.4,149824.05,149824.06,0.7491672,10.3434725,8.54015,8.540171
250759.14,0.015710097,0.47391897,37000.0,151467.42,149824.05,149824.05,0.7491672,10.343222,8.540151,8.540156
250759.14,0.01641434,0.47479743,37000.0,151467.36,149824.05,149824.05,0.7491672,10.343269,8.54015,8.540155
250759.14,0.018560216,0.4756633,37000.0,151467.33,149824.05,149824.03,0.7491672,10.342936,8.54015,8.540149
250759.14,0.016158741,0.47999394,37000.0,151467.38,149824.05,149824.05,0.7491672,10.343322,8.54015,8.540164
250759.14,0.013951458,0.47599688,37000.0,151467.36,149824.05,149824.03,0.7491672,10.343523,8.540149,8.540168
250759.14,0.0149699915,0.4825217,37000.0,151467.36,149824.06,149824.06,0.7491672,10.343259,8.54015,8.540165
250759.14,0.016131371,0.4762568,37000.0,151467.39,149824.05,149824.08,0.7491672,10.343817,8.540149,8.540161
250759.14,0.014206282,0.47946018,37000.0,151467.36,149824.05,149824.05,0.7491672,10.343742,8.54015,8.540165
250759.14,0.014604241,0.47951153,37000.0,151467.34,149824.05,149824.08,0.7491672,10.3434305,8.54015,8.540169
250759.14,0.012557596,0.47542727,37000.0,151467.4,149824.05,149824.03,0.7491672,10.343467,8.54015,8.540158
250759.14,0.014220649,0.4730635,37000.0,151467.4,149824.03,149824.06,0.7491672,10.343398,8.540151,8.540156
250759.14,0.014829358,0.4764146,37000.0,151467.39,149824.05,149824.05,0.7491672,10.343395,8.54015,8.540165
250759.14,0.014719729,0.48168248,37000.0,151467.39,149824.05,149824.05,0.7491672,10.343053,8.540151,8.54016
250759.14,0.012661128,0.48600072,37000.0,151467.36,149824.05,149824.05,0.7491672,10.343194,8.54015,8.5401535
250759.14,0.012610771,0.4842947,37000.0,151467.31,149824.05,149824.05,0.7491672,10.343234,8.54015,8.540155
250759.14,0.015062052,0.48505864,37000.0,151467.38,149824.05,149824.08,0.7491672,10.343733,8.54015,8.540157
250759.14,0.0142834,0.47868454,37000.0,151467.38,149824.06,149824.06,0.7491672,10.3436775,8.54015,8.540155
250759.14,0.015082455,0.48007718,37000.0,151467.38,149824.05,149824.05,0.7491672,10.343594,8.54015,8.540166
250759.14,0.014788166,0.47895336,37000.0,151467.39,149824.06,149824.08,0.7491672,10.343545,8.54015,8.540167
250759.14,0.013736108,0.46764928,37000.0,151467.45,149824.06,149824.05,0.7491672,10.343812,8.540151,8.54015
250759.14,0.015803488,0.47764105,37000.0,151467.36,149824.05,149824.06,0.7491672,10.343593,8.54015,8.540166
250759.14,0.015764808,0.47867554,37000.0,151467.38,149824.05,149824.05,0.7491672,10.34335,8.54015,8.540161
250759.14,0.014287778,0.47607446,37000.0,151467.34,149824.08,149824.05,0.7491672,10.343532,8.54015,8.5401745
250759.14,0.013960344,0.4759939,37000.0,151467.38,149824.08,149824.05,0.7491672,10.343179,8.540151,8.54017
250759.14,0.013297783,0.4788593,37000.0,151467.39,149824.08,149824.05,0.7491672,10.343585,8.54015,8.540168
250759.14,0.01582404,0.48340207,37000.0,151467.36,149824.05,149824.05,0.7491672,10.343348,8.54015,8.540162
250759.14,0.015561091,0.4731398,37000.0,151467.36,149824.06,149824.05,0.7491672,10.343431,8.54015,8.540167
250759.14,0.012511866,0.4723953,37000.0,151467.36,149824.05,149824.05,0.7491672,10.343194,8.54015,8.540168
250759.14,0.015344562,0.47804764,37000.0,151467.33,149824.05,149824.06,0.7491672,10.343552,8.540148,8.540174
250759.14,0.014416617,0.47817904,37000.0,151467.44,149824.05,149824.05,0.7491672,10.343212,8.54015,8.540152
250759.14,0.014007127,0.47648197,37000.0,151467.34,149824.06,149824.06,0.7491672,10.343325,8.54015,8.540164
250759.14,0.017270776,0.47926158,37000.0,151467.44,149824.06,149824.03,0.7491672,10.3435135,8.540151,8.540151
250759.14,0.016303927,0.48004794,37000.0,151467.42,149824.06,149824.05,0.7491672,10.343606,8.54015,8.540154
250759.14,0.0149974795,0.47376195,37000.0,151467.38,149824.06,149824.06,0.7491672,10.34331,8.54015,8.5401535
250759.14,0.013214813,0.46661156,37000.0,151467.38,149824.06,149824.06,0.7491672,10.343166,8.540149,8.540147
250759.14,0.015851824,0.47311854,37000.0,151467.38,149824.05,149824.06,0.7491672,10.343566,8.540149,8.540157
250759.14,0.014575805,0.47653648,37000.0,151467.47,149824.03,149824.03,0.7491672,10.343395,8.54015,8.540156
250759.14,0.012602482,0.47400483,37000.0,151467.4,149824.06,149824.05,0.7491672,10.3434105,8.54015,8.540161
250759.14,0.014437166,0.47966856,37000.0,151467.38,149824.06,149824.05,0.7491672,10.343319,8.540149,8.540162
250759.14,0.016240332,0.47854495,37000.0,151467.38,149824.05,149824.05,0.7491672,10.343318,8.540149,8.540156
250759.14,0.01499902,0.48034626,37000.0,151467.34,149824.05,149824.03,0.7491672,10.343348,8.54015,8.540161
250759.14,0.01615914,0.47368166,37000.0,151467.42,149824.03,149824.05,0.7491672,10.343387,8.54015,8.540154
250759.14,0.014733716,0.47639143,37000.0,151467.42,149824.03,149824.06,0.7491672,10.343267,8.540149,8.540161
250759.14,0.013860126,0.4791022,37000.0,151467.42,149824.06,149824.03,0.7491672,10.343432,8.54015,8.54016
250759.14,0.016273472,0.47342953,37000.0,151467.38,149824.06,149824.05,0.7491672,10.343264,8.540151,8.5401535
250759.14,0.015371468,0.47245437,37000.0,151467.38,149824.06,149824.06,0.7491672,10.343171,8.540151,8.540154
250759.14,0.017496925,0.4798038,37000.0,151467.36,149824.06,149824.05,0.7491672,10.343149,8.54015,8.540155
250759.14,0.012585981,0.46772543,37000.0,151467.4,149824.03,149824.05,0.7491672,10.3434305,8.54015,8.54015
250759.14,0.013884021,0.4730732,37000.0,151467.31,149824.05,149824.06,0.7491672,10.343337,8.54015,8.540149
250759.14,0.014168293,0.47261477,37000.0,151467.3,149824.06,149824.08,0.7491672,10.343397,8.54015,8.540166
250759.14,0.016468588,0.47630566,37000.0,151467.34,149824.05,149824.05,0.7491672,10.343285,8.54015,8.540149
250759.14,0.014122213,0.47725374,37000.0,151467.36,149824.05,149824.05,0.7491672,10.34354,8.540149,8.54016
250759.14,0.014353337,0.48876035,37000.0,151467.42,149824.03,149824.06,0.7491672,10.343576,8.540149,8.5401535
250759.14,0.013667709,0.47379827,37000.0,151467.33,149824.06,149824.08,0.7491672,10.343142,8.540149,8.540164
250759.14,0.011187398,0.47294596,37000.0,151467.38,149824.06,149824.03,0.7491672,10.343452,8.54015,8.540174
250759.14,0.015899824,0.47532386,37000.0,151467.36,149824.08,149824.05,0.7491672,10.343086,8.54015,8.540151
250759.14,0.014577093,0.4704923,37000.0,151467.36,149824.05,149824.05,0.7491672,10.343766,8.54015,8.540152
250759.14,0.0153168235,0.47160536,37000.0,151467.36,149824.05,149824.06,0.7491672,10.343684,8.54015,8.540156
250759.14,0.012603035,0.46959817,37000.0,151467.38,149824.05,149824.06,0.7491672,10.343562,8.540149,8.540164
250759.14,0.016097207,0.48103127,37000.0,151467.33,149824.03,149824.08,0.7491672,10.3429,8.540149,8.540148
250759.14,0.015186924,0.47700822,37000.0,151467.4,149824.06,149824.06,0.7491672,10.34364,8.540149,8.540162
250759.14,0.015627107,0.47664687,37000.0,151467.34,149824.06,149824.05,0.7491672,10.343389,8.54015,8.54015
250759.14,0.015923826,0.47466293,37000.0,151467.36,149824.05,149824.05,0.7491672,10.3434,8.54015,8.540146
250759.14,0.01619557,0.48325303,37000.0,151467.42,149824.08,149824.06,0.7491672,10.343649,8.54015,8.540169
250759.14,0.014928168,0.48292705,37000.0,151467.38,149824.06,149824.05,0.7491672,10.343411,8.54015,8.540176
250759.14,0.015150974,0.48197752,37000.0,151467.33,149824.06,149824.08,0.7491672,10.3433485,8.54015,8.54016
250759.14,0.016359756,0.48531696,37000.0,151467.34,149824.05,149824.06,0.7491672,10.343395,8.54015,8.5401745
250759.14,0.014116858,0.47665054,37000.0,151467.36,149824.05,149824.05,0.7491672,10.343674,8.540149,8.540158
250759.14,0.014131423,0.4725793,37000.0,151467.39,149824.06,149824.05,0.7491672,10.343505,8.54015,8.540155
250759.14,0.012930831,0.46601698,37000.0,151467.38,149824.05,149824.05,0.7491672,10.343505,8.54015,8.540144
250759.14,0.012995571,0.46980292,37000.0,151467.38,149824.05,149824.06,0.7491672,10.343491,8.54015,8.540156
250759.14,0.014685978,0.46653774,37000.0,151467.39,149824.06,149824.05,0.7491672,10.343578,8.54015,8.540152
250759.14,0.01577253,0.46909863,37000.0,151467.39,149824.03,149824.06,0.7491672,10.343289,8.54015,8.540152
250759.14,0.014031004,0.4669249,37000.0,151467.38,149824.06,149824.05,0.7491672,10.343414,8.54015,8.540144
250759.14,0.014577413,0.46816358,37000.0,151467.42,149824.05,149824.06,0.7491672,10.3431,8.54015,8.540151
250759.14,0.0152317835,0.4695904,37000.0,151467.34,149824.03,149824.06,0.7491672,10.343408,8.54015,8.540142
250759.14,0.015249017,0.47567743,37000.0,151467.36,149824.06,149824.06,0.7491672,10.343236,8.54015,8.540151
250759.14,0.013882958,0.474175,37000.0,151467.38,149824.06,149824.05,0.7491672,10.343466,8.54015,8.540159
250759.14,0.011389095,0.4757488,37000.0,151467.4,149824.08,149824.05,0.7491672,10.343748,8.54015,8.540162
250759.14,0.011076402,0.47478393,37000.0,151467.39,149824.05,149824.06,0.7491672,10.34372,8.54015,8.540173
250759.14,0.015199687,0.47582316,37000.0,151467.39,149824.08,149824.05,0.7491672,10.343404,8.540151,8.540153
250759.14,0.014072565,0.4805877,37000.0,151467.38,149824.06,149824.06,0.7491672,10.343304,8.54015,8.540161
250759.14,0.01637189,0.481799,37000.0,151467.38,149824.06,149824.05,0.7491672,10.343718,8.54015,8.540159
250759.14,0.014047567,0.47117034,37000.0,151467.34,149824.06,149824.05,0.7491672,10.343453,8.540149,8.5401535
250759.14,0.014637289,0.477723,37000.0,151467.34,149824.05,149824.05,0.7491672,10.343535,8.540149,8.540158
250759.14,0.015370267,0.4783325,37000.0,151467.39,149824.05,149824.06,0.7491672,10.343296,8.540148,8.540156
250759.14,0.013567884,0.47722098,37000.0,151467.39,149824.03,149824.08,0.7491672,10.343324,8.540149,8.540151
250759.14,0.014601259,0.47912714,37000.0,151467.4,149824.05,149824.05,0.7491672,10.34328,8.540149,8.540158
250759.14,0.01236445,0.4697961,37000.0,151467.34,149824.06,149824.03,0.7491672,10.343292,8.54015,8.540151
250759.14,0.011733941,0.47123876,37000.0,151467.44,149824.06,149824.06,0.7491672,10.343547,8.54015,8.540156
250759.14,0.013600152,0.47381413,37000.0,151467.42,149824.06,149824.08,0.7491672,10.343726,8.54015,8.540156
250759.14,0.015907329,0.4810359,37000.0,151467.34,149824.05,149824.06,0.7491672,10.343268,8.540149,8.540166
250759.14,0.015969435,0.4780147,37000.0,151467.42,149824.06,149824.05,0.7491672,10.34361,8.540149,8.5401535
250759.14,0.015215523,0.47823587,37000.0,151467.4,149824.05,149824.05,0.7491672,10.343468,8.540149,8.540159
250759.14,0.014353605,0.47854573,37000.0,151467.36,149824.05,149824.05,0.7491672,10.343525,8.540149,8.540158
250759.14,0.016021883,0.4815648,37000.0,151467.42,149824.05,149824.06,0.7491672,10.343329,8.54015,8.540166
250759.14,0.0136482045,0.4813716,37000.0,151467.38,149824.05,149824.06,0.7491672,10.343595,8.540151,8.540172
250759.14,0.015854672,0.47871855,37000.0,151467.34,149824.03,149824.06,0.7491672,10.343294,8.54015,8.54016
250759.14,0.01406557,0.47590533,37000.0,151467.38,149824.06,149824.06,0.7491672,10.343244,8.540151,8.540155
250759.14,0.013600627,0.4722437,37000.0,151467.42,149824.06,149824.05,0.7491672,10.343576,8.540149,8.540146
250759.14,0.012469531,0.47340575,37000.0,151467.34,149824.08,149824.05,0.7491672,10.343229,8.540151,8.540161
250759.14,0.016194923,0.47165346,37000.0,151467.36,149824.05,149824.05,0.7491672,10.343188,8.54015,8.540149
250759.14,0.013300636,0.47566205,37000.0,151467.31,149824.05,149824.05,0.7491672,10.343146,8.54015,8.54016
250759.14,0.014591101,0.47924733,37000.0,151467.38,149824.03,149824.05,0.7491672,10.343259,8.540149,8.540174
250759.14,0.014815786,0.47556016,37000.0,151467.38,149824.05,149824.05,0.7491672,10.343406,8.54015,8.540167
250759.14,0.016189741,0.4913357,37000.0,151467.36,149824.05,149824.03,0.7491672,10.343287,8.54015,8.540144
250759.14,0.0159067,0.49737692,37000.0,151467.33,149824.05,149824.05,0.7491672,10.343367,8.540151,8.540152
250759.14,0.01614707,0.48963425,37000.0,151467.36,149824.05,149824.05,0.7491672,10.34343,8.540149,8.540141
250759.14,0.012935049,0.48665616,37000.0,151467.39,149824.06,149824.05,0.7491672,10.34335,8.540149,8.540145
250759.14,0.01324157,0.48493513,37000.0,151467.42,149824.05,149824.02,0.7491672,10.343892,8.540151,8.540126
250759.14,0.014749234,0.48638418,37000.0,151467.38,149824.05,149824.06,0.7491672,10.343582,8.54015,8.540131
250759.14,0.015090749,0.49088547,37000.0,151467.39,149824.06,149824.05,0.7491672,10.3435,8.540151,8.54015
250759.14,0.015743116,0.48869938,37000.0,151467.4,149824.06,149824.06,0.7491672,10.343581,8.54015,8.540135
250759.14,0.013290281,0.4831222,37000.0,151467.44,149824.05,149824.06,0.7491672,10.3436,8.540149,8.540145
250759.14,0.01644126,0.5011268,37000.0,151467.36,149824.06,149824.02,0.7491672,10.343401,8.54015,8.540148
250759.14,0.01577914,0.48634216,37000.0,151467.4,149824.08,149824.03,0.7491672,10.343624,8.54015,8.540131
250759.14,0.01399244,0.48284554,37000.0,151467.34,149824.06,149824.06,0.7491672,10.343237,8.54015,8.54013
250759.14,0.01506451,0.48160127,37000.0,151467.4,149824.06,149824.03,0.7491672,10.343625,8.54015,8.540124
250759.14,0.016122427,0.4839674,37000.0,151467.38,149824.06,149824.05,0.7491672,10.343166,8.540151,8.540124
250759.14,0.0158918,0.48401728,37000.0,151467.38,149824.06,149824.03,0.7491672,10.343384,8.54015,8.540145
250759.14,0.015921047,0.48307183,37000.0,151467.31,149824.08,149824.05,0.7491672,10.343158,8.54015,8.540156
250759.14,0.016946107,0.49031353,37000.0,151467.31,149824.06,149824.05,0.7491672,10.342764,8.54015,8.540133
250759.14,0.01406008,0.4945844,37000.0,151467.38,149824.06,149824.05,0.7491672,10.343323,8.540151,8.540146
250759.14,0.014635198,0.4898583,37000.0,151467.44,149824.06,149824.05,0.7491672,10.343893,8.54015,8.540137
250759.14,0.016943712,0.4861301,37000.0,151467.39,149824.03,149824.05,0.7491672,10.34363,8.540149,8.540141
250759.14,0.015165529,0.47918713,37000.0,151467.34,149824.06,149824.06,0.7491672,10.3436,8.54015,8.5401325
250759.14,0.016451161,0.47801772,37000.0,151467.33,149824.05,149824.05,0.7491672,10.343351,8.54015,8.540134
250759.14,0.017017424,0.47926474,37000.0,151467.36,149824.05,149824.05,0.7491672,10.343275,8.54015,8.540142
250759.14,0.015102615,0.48318037,37000.0,151467.47,149824.06,149824.03,0.7491672,10.3437605,8.540149,8.540151
250759.14,0.015777554,0.48126447,37000.0,151467.31,149824.05,149824.05,0.7491672,10.343194,8.54015,8.540127
250759.14,0.016799845,0.48196828,37000.0,151467.33,149824.05,149824.03,0.7491672,10.343217,8.54015,8.54014
250759.14,0.017250163,0.4812985,37000.0,151467.36,149824.05,149824.05,0.7491672,10.343284,8.540151,8.540129
250759.14,0.015453424,0.490357,37000.0,151467.39,149824.05,149824.05,0.7491672,10.343837,8.540149,8.540152
250759.14,0.017153423,0.481208,37000.0,151467.39,149824.05,149824.03,0.7491672,10.34337,8.540149,8.54013
250759.14,0.014509826,0.47814348,37000.0,151467.4,149824.03,149824.05,0.7491672,10.343715,8.54015,8.540145
250759.14,0.019378921,0.48806146,37000.0,151467.34,149824.06,149824.05,0.7491672,10.34344,8.540151,8.540135
250759.14,0.016541038,0.48586583,37000.0,151467.39,149824.06,149824.05,0.7491672,10.343729,8.54015,8.540133
250759.14,0.017093604,0.48740065,37000.0,151467.4,149824.08,149824.05,0.7491672,10.343511,8.540149,8.540144
250759.14,0.016430784,0.49959585,37000.0,151467.33,149824.06,149824.05,0.7491672,10.343218,8.54015,8.54015
250759.14,0.015362709,0.480272,37000.0,151467.39,149824.03,149824.05,0.7491672,10.343209,8.540149,8.540134
250759.14,0.016422676,0.47644332,37000.0,151467.42,149824.03,149824.06,0.7491672,10.343573,8.540149,8.540136
250759.14,0.013904585,0.47788292,37000.0,151467.39,149824.08,149824.06,0.7491672,10.343629,8.54015,8.540139
250759.14,0.01598089,0.4839543,37000.0,151467.39,149824.06,149824.03,0.7491672,10.34333,8.540149,8.540144
250759.14,0.014757741,0.48539674,37000.0,151467.33,149824.05,149824.05,0.7491672,10.343557,8.540151,8.54015
250759.14,0.015076532,0.48634985,37000.0,151467.4,149824.06,149824.03,0.7491672,10.34377,8.540149,8.540133
250759.14,0.012452384,0.48907658,37000.0,151467.33,149824.03,149824.05,0.7491672,10.3431,8.54015,8.540122
250759.14,0.014953401,0.48896617,37000.0,151467.39,149824.05,149824.06,0.7491672,10.34364,8.540149,8.540142
250759.14,0.014458337,0.48345056,37000.0,151467.4,149824.05,149824.06,0.7491672,10.343408,8.54015,8.540129
250759.14,0.017687747,0.48441353,37000.0,151467.39,149824.05,149824.03,0.7491672,10.343617,8.54015,8.5401325
250759.14,0.013409888,0.48020965,37000.0,151467.38,149824.05,149824.05,0.7491672,10.342953,8.54015,8.540138
250759.14,0.016105209,0.48330927,37000.0,151467.39,149824.05,149824.06,0.7491672,10.343112,8.54015,8.540131
250759.14,0.01537189,0.4831621,37000.0,151467.42,149824.06,149824.05,0.7491672,10.343333,8.540149,8.540135
250759.14,0.01475313,0.48571172,37000.0,151467.38,149824.05,149824.05,0.7491672,10.3432865,8.540149,8.540144
250759.14,0.015713012,0.4828357,37000.0,151467.34,149824.06,149824.06,0.7491672,10.343383,8.540149,8.540132
250759.14,0.01626713,0.48470163,37000.0,151467.36,149824.06,149824.05,0.7491672,10.343277,8.540151,8.540139
250759.14,0.015897142,0.49841377,37000.0,151467.42,149824.06,149824.03,0.7491672,10.343503,8.540151,8.540148
250759.14,0.015884215,0.49490795,37000.0,151467.34,149824.05,149824.05,0.7491672,10.342975,8.54015,8.540149
250759.14,0.015388689,0.48264015,37000.0,151467.36,149824.06,149824.05,0.7491672,10.343251,8.54015,8.540136
250759.14,0.013988721,0.47490647,37000.0,151467.44,149824.06,149824.05,0.7491672,10.343517,8.540151,8.540135
250759.14,0.016181573,0.4800259,37000.0,151467.4,149824.06,149824.06,0.7491672,10.343581,8.54015,8.540144
250759.14,0.015927056,0.48762107,37000.0,151467.39,149824.06,149824.05,0.7491672,10.343142,8.54015,8.540123
250759.14,0.014783767,0.48260865,37000.0,151467.39,149824.05,149824.06,0.7491672,10.343533,8.54015,8.540147
250759.14,0.016113868,0.48569754,37000.0,151467.38,149824.08,149824.05,0.7491672,10.343795,8.54015,8.540145
250759.14,0.017066948,0.48652276,37000.0,151467.34,149824.06,149824.05,0.7491672,10.343093,8.54015,8.540143
250759.14,0.015113189,0.48817506,37000.0,151467.34,149824.06,149824.06,0.7491672,10.343127,8.540149,8.540143
250759.14,0.014928444,0.4882377,37000.0,151467.47,149824.06,149824.05,0.7491672,10.343504,8.54015,8.540152
250759.14,0.012139979,0.48043352,37000.0,151467.4,149824.05,149824.05,0.7491672,10.343614,8.54015,8.540137
250759.14,0.01623523,0.48718914,37000.0,151467.39,149824.05,149824.05,0.7491672,10.343488,8.54015,8.540144
250759.14,0.015606681,0.484583,37000.0,151467.34,149824.06,149824.05,0.7491672,10.343162,8.54015,8.540143
250759.14,0.0153564885,0.48324412,37000.0,151467.44,149824.05,149824.06,0.7491672,10.343521,8.540149,8.540143
250759.14,0.014525088,0.48645613,37000.0,151467.39,149824.05,149824.03,0.7491672,10.343603,8.540149,8.540151
250759.14,0.0155531615,0.489044,37000.0,151467.4,149824.03,149824.06,0.7491672,10.343438,8.54015,8.5401325
250759.14,0.01730388,0.49950084,37000.0,151467.34,149824.05,149824.06,0.7491672,10.34333,8.540149,8.540151
250759.14,0.01692204,0.4901586,37000.0,151467.36,149824.05,149824.03,0.7491672,10.343454,8.540151,8.540146
250759.14,0.015076836,0.48798832,37000.0,151467.4,149824.03,149824.05,0.7491672,10.343531,8.540149,8.540141
250759.14,0.0153061,0.48651844,37000.0,151467.42,149824.05,149824.06,0.7491672,10.343783,8.540151,8.540133
250759.14,0.015006863,0.48663297,37000.0,151467.38,149824.05,149824.03,0.7491672,10.343198,8.54015,8.540134
250759.14,0.014340113,0.4847692,37000.0,151467.39,149824.06,149824.05,0.7491672,10.343264,8.54015,8.540134
250759.14,0.01646327,0.49070418,37000.0,151467.39,149824.06,149824.05,0.7491672,10.343463,8.540149,8.540138
250759.14,0.01534096,0.49267453,37000.0,151467.39,149824.06,149824.05,0.7491672,10.343376,8.54015,8.540138
250759.14,0.014135211,0.47868404,37000.0,151467.36,149824.08,149824.06,0.7491672,10.343307,8.54015,8.540135
250759.14,0.015281083,0.4872849,37000.0,151467.4,149824.05,149824.03,0.7491672,10.343388,8.54015,8.540124
250759.14,0.017292697,0.48990992,37000.0,151467.39,149824.06,149824.05,0.7491672,10.343584,8.54015,8.54013
250759.14,0.016993335,0.48471478,37000.0,151467.42,149824.06,149824.03,0.7491672,10.343552,8.540149,8.540141
250759.14,0.017199494,0.49056593,37000.0,151467.36,149824.05,149824.05,0.7491672,10.343266,8.540149,8.540152
250759.14,0.017087778,0.49439338,37000.0,151467.38,149824.08,149824.05,0.7491672,10.343427,8.54015,8.540147
250759.14,0.013263888,0.48465788,37000.0,151467.36,149824.05,149824.05,0.7491672,10.343303,8.54015,8.540149
250759.14,0.014494488,0.4800314,37000.0,151467.33,149824.03,149824.03,0.7491672,10.343377,8.540149,8.540126
250759.14,0.015368175,0.48657495,37000.0,151467.3,149824.03,149824.05,0.7491672,10.343239,8.540151,8.540135
250759.14,0.014976509,0.48469594,37000.0,151467.36,149824.03,149824.06,0.7491672,10.343308,8.540149,8.5401325
250759.14,0.014986313,0.4870369,37000.0,151467.36,149824.03,149824.06,0.7491672,10.343374,8.54015,8.540144
250759.14,0.014130836,0.48228717,37000.0,151467.39,149824.05,149824.06,0.7491672,10.343504,8.540151,8.540137
250759.14,0.016342763,0.4866505,37000.0,151467.38,149824.06,149824.03,0.7491672,10.343548,8.540151,8.540139
250759.14,0.016276205,0.48241907,37000.0,151467.38,149824.06,149824.03,0.7491672,10.343112,8.540149,8.540142
250759.14,0.013822321,0.48265722,37000.0,151467.34,149824.06,149824.03,0.7491672,10.343284,8.540151,8.5401325
250759.14,0.01543311,0.48968273,37000.0,151467.33,149824.06,149824.03,0.7491672,10.343022,8.54015,8.540135
250759.14,0.014252204,0.48310006,37000.0,151467.39,149824.06,149824.05,0.7491672,10.343453,8.54015,8.54014
250759.14,0.0149568,0.48831174,37000.0,151467.39,149824.03,149824.06,0.7491672,10.343195,8.540149,8.540135
250759.14,0.016222736,0.4942793,37000.0,151467.42,149824.05,149824.03,0.7491672,10.343669,8.540148,8.540148
250759.14,0.013509032,0.4978505,37000.0,151467.39,149824.06,149824.03,0.7491672,10.343499,8.54015,8.540146
250759.14,0.014191425,0.4975478,37000.0,151467.4,149824.06,149824.05,0.7491672,10.343508,8.540149,8.540147
250759.14,0.015399079,0.49081346,37000.0,151467.33,149824.05,149824.05,0.7491672,10.3429785,8.54015,8.540148
250759.14,0.015439251,0.4867924,37000.0,151467.39,149824.06,149824.05,0.7491672,10.343333,8.54015,8.540138
250759.14,0.014024677,0.4904734,37000.0,151467.4,149824.06,149824.05,0.7491672,10.34349,8.54015,8.540146
250759.14,0.013648154,0.48728737,37000.0,151467.34,149824.06,149824.06,0.7491672,10.343252,8.540151,8.540134
250759.14,0.015256701,0.48766252,37000.0,151467.38,149824.05,149824.05,0.7491672,10.343341,8.54015,8.540135
250759.14,0.016134318,0.48682112,37000.0,151467.34,149824.06,149824.06,0.7491672,10.343473,8.54015,8.540126
250759.14,0.016834406,0.4916218,37000.0,151467.33,149824.05,149824.05,0.7491672,10.342999,8.540149,8.540139
250759.14,0.015612377,0.48912942,37000.0,151467.36,149824.06,149824.03,0.7491672,10.343736,8.540149,8.54014
250759.14,0.016030937,0.4887186,37000.0,151467.38,149824.05,149824.05,0.7491672,10.343533,8.54015,8.5401535
250759.14,0.016100196,0.49478775,37000.0,151467.39,149824.06,149824.06,0.7491672,10.343511,8.540149,8.540135
250759.14,0.014164071,0.49039263,37000.0,151467.33,149824.05,149824.05,0.7491672,10.343517,8.54015,8.540138
250759.14,0.01763537,0.49544963,37000.0,151467.36,149824.06,149824.05,0.7491672,10.3435335,8.54015,8.540137
250759.14,0.015005283,0.48731685,37000.0,151467.42,149824.05,149824.05,0.7491672,10.343747,8.54015,8.540135
250759.14,0.016066412,0.493238,37000.0,151467.38,149824.06,149824.03,0.7491672,10.343387,8.540149,8.540133
250759.14,0.016336886,0.49301657,37000.0,151467.42,149824.03,149824.08,0.7491672,10.343466,8.540149,8.540134
250759.14,0.014803889,0.4952266,37000.0,151467.39,149824.05,149824.06,0.7491672,10.343733,8.540149,8.540132
250759.14,0.016943738,0.4910258,37000.0,151467.39,149824.06,149824.05,0.7491672,10.343545,8.540149,8.540139
250759.14,0.017140301,0.49145877,37000.0,151467.34,149824.05,149824.05,0.7491672,10.343024,8.54015,8.540133
250759.14,0.017459301,0.4936876,37000.0,151467.42,149824.03,149824.03,0.7491672,10.343794,8.540149,8.540132
250759.14,0.014733044,0.50348693,37000.0,151467.36,149824.06,149824.05,0.7491672,10.343494,8.54015,8.540144
250759.14,0.018643586,0.5063312,37000.0,151467.33,149824.06,149824.06,0.7491672,10.343507,8.540151,8.54015
250759.14,0.015719153,0.49396467,37000.0,151467.42,149824.05,149824.06,0.7491672,10.343874,8.54015,8.540128
250759.14,0.0155375,0.50440216,37000.0,151467.39,149824.06,149824.1,0.7491672,10.343348,8.54015,8.540147
250759.14,0.014709904,0.51287794,37000.0,151467.38,149824.05,149824.06,0.7491672,10.343552,8.540149,8.540146
250759.14,0.0161682,0.4901151,37000.0,151467.34,149824.06,149824.06,0.7491672,10.343045,8.540149,8.540138
250759.14,0.017433701,0.49377975,37000.0,151467.34,149824.06,149824.05,0.7491672,10.343318,8.540151,8.540141
250759.14,0.015365597,0.49251145,37000.0,151467.31,149824.05,149824.05,0.7491672,10.34318,8.540149,8.540143
250759.14,0.015074853,0.49580473,37000.0,151467.39,149824.08,149824.08,0.7491672,10.343392,8.54015,8.540145
250759.14,0.017907836,0.49654627,37000.0,151467.36,149824.05,149824.06,0.7491672,10.343427,8.54015,8.540144
250759.14,0.016599493,0.49849707,37000.0,151467.38,149824.05,149824.05,0.7491672,10.343289,8.54015,8.540143
250759.14,0.016679807,0.50406224,37000.0,151467.38,149824.06,149824.06,0.7491672,10.343632,8.540151,8.540151
250759.14,0.016546404,0.49567956,37000.0,151467.33,149824.06,149824.05,0.7491672,10.343135,8.540149,8.540135
250759.14,0.014613869,0.49080712,37000.0,151467.42,149824.05,149824.03,0.7491672,10.343427,8.540149,8.540136
250759.14,0.016633278,0.5006181,37000.0,151467.33,149824.06,149824.05,0.7491672,10.343027,8.54015,8.540143
250759.14,0.015376851,0.49026287,37000.0,151467.4,149824.05,149824.06,0.7491672,10.343258,8.54015,8.540142
250759.14,0.015484287,0.49160248,37000.0,151467.33,149824.05,149824.08,0.7491672,10.343278,8.54015,8.540139
250759.14,0.015399022,0.48901945,37000.0,151467.38,149824.06,149824.06,0.7491672,10.343603,8.54015,8.5401325
250759.14,0.014568623,0.4965643,37000.0,151467.4,149824.05,149824.05,0.7491672,10.343473,8.540149,8.540139
250759.14,0.016137546,0.49952963,37000.0,151467.36,149824.05,149824.06,0.7491672,10.343244,8.54015,8.540149
250759.14,0.016752914,0.49902323,37000.0,151467.38,149824.06,149824.06,0.7491672,10.343588,8.54015,8.540138
250759.14,0.015302394,0.49375597,37000.0,151467.4,149824.03,149824.1,0.7491672,10.343557,8.540149,8.540135
250759.14,0.014430207,0.49366727,37000.0,151467.38,149824.06,149824.06,0.7491672,10.342987,8.54015,8.540139
250759.14,0.016468704,0.4975589,37000.0,151467.38,149824.05,149824.05,0.7491672,10.343294,8.54015,8.540137
250759.14,0.0142634,0.498073,37000.0,151467.38,149824.06,149824.05,0.7491672,10.343291,8.540149,8.540134
250759.14,0.018696435,0.49990785,37000.0,151467.33,149824.05,149824.05,0.7491672,10.343475,8.540149,8.540133
250759.14,0.015372698,0.49721023,37000.0,151467.31,149824.08,149824.06,0.7491672,10.343015,8.54015,8.540149
250759.14,0.014276346,0.49412918,37000.0,151467.34,149824.05,149824.05,0.7491672,10.34309,8.54015,8.540142
250759.14,0.016216554,0.49330866,37000.0,151467.38,149824.06,149824.08,0.7491672,10.343434,8.54015,8.540131
250759.14,0.016436126,0.4924131,37000.0,151467.42,149824.06,149824.05,0.7491672,10.343664,8.540149,8.540126
250759.14,0.015259001,0.4900464,37000.0,151467.34,149824.05,149824.05,0.7491672,10.343368,8.54015,8.540137
250759.14,0.015205155,0.49830535,37000.0,151467.36,149824.06,149824.08,0.7491672,10.343354,8.540149,8.54015
250759.14,0.015329849,0.49679843,37000.0,151467.38,149824.06,149824.08,0.7491672,10.343454,8.540149,8.540139
250759.14,0.016352965,0.50325143,37000.0,151467.36,149824.05,149824.05,0.7491672,10.343519,8.54015,8.540138
250759.14,0.016731447,0.49881107,37000.0,151467.38,149824.05,149824.03,0.7491672,10.343336,8.54015,8.540132
250759.14,0.015094045,0.49416184,37000.0,151467.4,149824.06,149824.03,0.7491672,10.343508,8.54015,8.540145
250759.14,0.016980609,0.500793,37000.0,151467.36,149824.05,149824.05,0.7491672,10.343458,8.54015,8.540137
250759.14,0.015435122,0.49703258,37000.0,151467.4,149824.06,149824.03,0.7491672,10.343272,8.54015,8.540142
250759.14,0.014801062,0.49398845,37000.0,151467.33,149824.05,149824.06,0.7491672,10.343024,8.540148,8.540134
250759.14,0.017584058,0.49500403,37000.0,151467.36,149824.05,149824.06,0.7491672,10.343409,8.540149,8.540143
250759.14,0.014119986,0.4937517,37000.0,151467.36,149824.05,149824.08,0.7491672,10.343199,8.54015,8.540147
250759.14,0.016156342,0.49364665,37000.0,151467.42,149824.05,149824.03,0.7491672,10.343233,8.540149,8.540134
250759.14,0.01353229,0.49604487,37000.0,151467.33,149824.05,149824.05,0.7491672,10.343353,8.540151,8.540142
250759.14,0.01781159,0.49574494,37000.0,151467.38,149824.06,149824.06,0.7491672,10.343172,8.540149,8.540145
250759.14,0.018955698,0.49179637,37000.0,151467.34,149824.05,149824.06,0.7491672,10.343218,8.54015,8.540138
250759.14,0.019498684,0.49676868,37000.0,151467.42,149824.05,149824.06,0.7491672,10.343522,8.54015,8.540136
250759.14,0.014724012,0.4905609,37000.0,151467.39,149824.06,149824.06,0.7491672,10.343194,8.54015,8.540139
250759.14,0.015142251,0.50081307,37000.0,151467.4,149824.05,149824.05,0.7491672,10.34344,8.54015,8.540136
250759.14,0.015980333,0.4953032,37000.0,151467.38,149824.05,149824.06,0.7491672,10.343185,8.54015,8.540142
250759.14,0.017175175,0.495691,37000.0,151467.34,149824.05,149824.05,0.7491672,10.343458,8.540149,8.540145
250759.14,0.017556043,0.5025845,37000.0,151467.42,149824.08,149824.06,0.7491672,10.343671,8.54015,8.540142
250759.14,0.01731158,0.49976772,37000.0,151467.39,149824.06,149824.08,0.7491672,10.343719,8.540151,8.540151
250759.14,0.016362304,0.49858195,37000.0,151467.36,149824.06,149824.08,0.7491672,10.34342,8.540149,8.540139
250759.14,0.015663888,0.48921117,37000.0,151467.34,149824.05,149824.05,0.7491672,10.3430605,8.540149,8.540139
250759.14,0.016546255,0.49964514,37000.0,151467.38,149824.06,149824.06,0.7491672,10.343512,8.54015,8.540138
250759.14,0.014106492,0.4881526,37000.0,151467.44,149824.08,149824.05,0.7491672,10.343611,8.54015,8.540134
250759.14,0.015787141,0.49279544,37000.0,151467.4,149824.08,149824.05,0.7491672,10.343263,8.54015,8.540138
250759.14,0.014789336,0.4895529,37000.0,151467.36,149824.08,149824.08,0.7491672,10.343617,8.54015,8.540135
250759.14,0.015041109,0.4919413,37000.0,151467.38,149824.06,149824.03,0.7491672,10.343238,8.54015,8.540142
250759.14,0.014554959,0.5039711,37000.0,151467.38,149824.05,149824.06,0.7491672,10.343624,8.54015,8.54014
250759.14,0.016610071,0.49676213,37000.0,151467.36,149824.06,149824.05,0.7491672,10.343482,8.54015,8.540133
250759.14,0.01552468,0.4952795,37000.0,151467.31,149824.06,149824.08,0.7491672,10.343104,8.54015,8.540136
250759.14,0.016838318,0.48974758,37000.0,151467.36,149824.06,149824.06,0.7491672,10.34331,8.54015,8.540134
250759.14,0.014448135,0.4904432,37000.0,151467.36,149824.02,149824.03,0.7491672,10.343122,8.54015,8.540139
250759.14,0.014612485,0.492581,37000.0,151467.36,149824.06,149824.05,0.7491672,10.343046,8.54015,8.540139
250759.14,0.015720984,0.4897216,37000.0,151467.39,149824.08,149824.05,0.7491672,10.343658,8.54015,8.540141
250759.14,0.016191643,0.49567413,37000.0,151467.39,149824.06,149824.06,0.7491672,10.342974,8.54015,8.540137
250759.14,0.014527075,0.49411246,37000.0,151467.38,149824.05,149824.06,0.7491672,10.343436,8.540151,8.540146
250759.14,0.016897324,0.4986525,37000.0,151467.42,149824.06,149824.06,0.7491672,10.343287,8.54015,8.540133
250759.14,0.01837106,0.49854985,37000.0,151467.34,149824.05,149824.06,0.7491672,10.343448,8.54015,8.540145
250759.14,0.015161064,0.49801353,37000.0,151467.36,149824.05,149824.05,0.7491672,10.343713,8.54015,8.540143
250759.14,0.014733335,0.49395546,37000.0,151467.42,149824.06,149824.05,0.7491672,10.343308,8.540149,8.54015
250759.14,0.01477934,0.49128535,37000.0,151467.33,149824.03,149824.08,0.7491672,10.343066,8.54015,8.540131
250759.14,0.015751615,0.4906918,37000.0,151467.4,149824.05,149824.1,0.7491672,10.3433275,8.54015,8.54014
250759.14,0.017804895,0.49765283,37000.0,151467.39,149824.06,149824.06,0.7491672,10.343399,8.540151,8.540144
250759.14,0.016897732,0.495491,37000.0,151467.33,149824.05,149824.06,0.7491672,10.343325,8.54015,8.540133
250759.14,0.019615922,0.49490544,37000.0,151467.38,149824.08,149824.08,0.7491672,10.34361,8.54015,8.540142
250759.14,0.016931279,0.4943273,37000.0,151467.4,149824.05,149824.03,0.7491672,10.343705,8.54015,8.540145
250759.14,0.014634136,0.49296787,37000.0,151467.34,149824.06,149824.05,0.7491672,10.343184,8.540151,8.540141
250759.14,0.016625741,0.49367315,37000.0,151467.38,149824.05,149824.05,0.7491672,10.343189,8.540149,8.540134
250759.14,0.015515033,0.50103223,37000.0,151467.36,149824.05,149824.06,0.7491672,10.343354,8.540151,8.540151
250759.14,0.015817795,0.49073526,37000.0,151467.4,149824.06,149824.06,0.7491672,10.34371,8.54015,8.540144
250759.14,0.019565674,0.4959394,37000.0,151467.39,149824.06,149824.03,0.7491672,10.343409,8.540149,8.540135
250759.14,0.018676003,0.49647722,37000.0,151467.4,149824.05,149824.06,0.7491672,10.343638,8.54015,8.540144
250759.14,0.019983308,0.49658355,37000.0,151467.38,149824.05,149824.05,0.7491672,10.343467,8.54015,8.540137
250759.14,0.013929031,0.4875048,37000.0,151467.36,149824.05,149824.05,0.7491672,10.343175,8.540151,8.540139
250759.14,0.018622676,0.49747893,37000.0,151467.4,149824.05,149824.05,0.7491672,10.343601,8.540149,8.540148
250759.14,0.017244555,0.50682706,37000.0,151467.36,149824.06,149824.06,0.7491672,10.343447,8.54015,8.540146
250759.14,0.016578749,0.5009505,37000.0,151467.4,149824.05,149824.08,0.7491672,10.343563,8.540149,8.540142
250759.14,0.016600605,0.49985045,37000.0,151467.36,149824.06,149824.05,0.7491672,10.3433075,8.540149,8.540138
250759.14,0.015704988,0.490746,37000.0,151467.38,149824.06,149824.05,0.7491672,10.343522,8.54015,8.540134
250759.14,0.018878218,0.4995057,37000.0,151467.39,149824.06,149824.06,0.7491672,10.34343,8.54015,8.540136
250759.14,0.017151726,0.4959268,37000.0,151467.4,149824.06,149824.05,0.7491672,10.343446,8.540149,8.540139
250759.14,0.01709067,0.49441078,37000.0,151467.4,149824.05,149824.06,0.7491672,10.34381,8.540149,8.540131
250759.14,0.01827681,0.4911646,37000.0,151467.34,149824.06,149824.05,0.7491672,10.343136,8.54015,8.540124
250759.14,0.01752014,0.49732065,37000.0,151467.38,149824.06,149824.06,0.7491672,10.34355,8.54015,8.5401325
250759.14,0.015736775,0.50328714,37000.0,151467.4,149824.06,149824.05,0.7491672,10.343468,8.540151,8.540144
250759.14,0.017791692,0.5040132,37000.0,151467.38,149824.05,149824.05,0.7491672,10.343343,8.54015,8.54014
250759.14,0.018038968,0.5058851,37000.0,151467.33,149824.05,149824.06,0.7491672,10.343105,8.54015,8.540144
250759.14,0.016663074,0.5073974,37000.0,151467.36,149824.05,149824.05,0.7491672,10.343498,8.54015,8.540144
250759.14,0.019647542,0.50538266,37000.0,151467.34,149824.05,149824.03,0.7491672,10.343551,8.54015,8.54015
250759.14,0.0170803,0.5062829,37000.0,151467.42,149824.05,149824.03,0.7491672,10.343384,8.54015,8.540145
250759.14,0.017335277,0.5053216,37000.0,151467.33,149824.03,149824.05,0.7491672,10.343363,8.54015,8.540145
250759.14,0.016296934,0.5066661,37000.0,151467.4,149824.05,149824.08,0.7491672,10.343966,8.54015,8.54015
250759.14,0.018609574,0.51244277,37000.0,151467.4,149824.06,149824.05,0.7491672,10.343636,8.54015,8.540149
250759.14,0.018352631,0.5106354,37000.0,151467.45,149824.05,149824.05,0.7491672,10.344027,8.540149,8.54015
250759.14,0.01631848,0.5159629,37000.0,151467.4,149824.05,149824.03,0.7491672,10.34389,8.54015,8.540151
250759.14,0.01523387,0.5038676,37000.0,151467.39,149824.05,149824.05,0.7491672,10.34346,8.540149,8.540129
250759.14,0.014099524,0.4996951,37000.0,151467.36,149824.08,149824.05,0.7491672,10.343397,8.540149,8.540138
250759.14,0.017934747,0.50121695,37000.0,151467.39,149824.06,149824.06,0.7491672,10.343326,8.54015,8.540141
250759.14,0.018889043,0.5095734,37000.0,151467.42,149824.05,149824.06,0.7491672,10.343376,8.540149,8.540146
250759.14,0.018892223,0.51242423,37000.0,151467.39,149824.06,149824.06,0.7491672,10.343773,8.540149,8.540159
250759.14,0.017434249,0.50577635,37000.0,151467.4,149824.06,149824.05,0.7491672,10.34342,8.54015,8.540136
250759.14,0.017296206,0.51422065,37000.0,151467.36,149824.06,149824.05,0.7491672,10.343148,8.540151,8.540156
250759.14,0.017114809,0.5156389,37000.0,151467.39,149824.06,149824.05,0.7491672,10.343425,8.54015,8.54015
250759.14,0.01801358,0.51334035,37000.0,151467.45,149824.06,149824.05,0.7491672,10.343816,8.54015,8.540146
250759.14,0.015069567,0.50622195,37000.0,151467.42,149824.03,149824.08,0.7491672,10.343801,8.54015,8.540151
250759.14,0.016415372,0.5159033,37000.0,151467.38,149824.05,149824.05,0.7491672,10.343081,8.540149,8.5401535
250759.14,0.016094647,0.5088852,37000.0,151467.36,149824.05,149824.05,0.7491672,10.343504,8.54015,8.540147
250759.14,0.016772484,0.5073453,37000.0,151467.34,149824.05,149824.06,0.7491672,10.343271,8.54015,8.540144
250759.14,0.019886805,0.51689476,37000.0,151467.31,149824.06,149824.03,0.7491672,10.343323,8.54015,8.540142
250759.14,0.018280301,0.515425,37000.0,151467.42,149824.05,149824.05,0.7491672,10.343226,8.540149,8.54015
250759.14,0.018721431,0.5138061,37000.0,151467.44,149824.03,149824.06,0.7491672,10.343379,8.540149,8.540147
250759.14,0.01536181,0.51703733,37000.0,151467.34,149824.06,149824.06,0.7491672,10.343157,8.54015,8.540152
250759.14,0.016441144,0.50774956,37000.0,151467.33,149824.05,149824.06,0.7491672,10.343555,8.54015,8.540149
250759.14,0.0158429,0.50635874,37000.0,151467.42,149824.05,149824.05,0.7491672,10.343347,8.54015,8.540148
250759.14,0.019382691,0.50330186,37000.0,151467.4,149824.03,149824.06,0.7491672,10.343779,8.540151,8.540138
250759.14,0.017406397,0.5003538,37000.0,151467.33,149824.03,149824.03,0.7491672,10.343102,8.540149,8.54014
250759.14,0.01801811,0.503123,37000.0,151467.34,149824.06,149824.08,0.7491672,10.343461,8.54015,8.540147
250759.14,0.01635788,0.49880233,37000.0,151467.36,149824.06,149824.06,0.7491672,10.343383,8.54015,8.540141
250759.14,0.017143253,0.50460523,37000.0,151467.38,149824.05,149824.06,0.7491672,10.343275,8.54015,8.540132
250759.14,0.017395772,0.50778544,37000.0,151467.36,149824.05,149824.06,0.7491672,10.343388,8.54015,8.540134
250759.14,0.018747753,0.5021435,37000.0,151467.4,149824.03,149824.06,0.7491672,10.343801,8.54015,8.54014
250759.14,0.016390694,0.5029029,37000.0,151467.36,149824.06,149824.03,0.7491672,10.343266,8.540151,8.540147
250759.14,0.017977932,0.5079244,37000.0,151467.34,149824.03,149824.06,0.7491672,10.343308,8.540149,8.540146
250759.14,0.017517626,0.50783366,37000.0,151467.36,149824.06,149824.08,0.7491672,10.343355,8.54015,8.540135
250759.14,0.017607542,0.50544655,37000.0,151467.36,149824.06,149824.05,0.7491672,10.3433895,8.540151,8.540143
250759.14,0.01883247,0.50539464,37000.0,151467.36,149824.05,149824.06,0.7491672,10.343386,8.540149,8.540149
250759.14,0.016192466,0.5065347,37000.0,151467.38,149824.06,149824.06,0.7491672,10.343398,8.54015,8.540143
250759.14,0.018243957,0.50670785,37000.0,151467.36,149824.05,149824.06,0.7491672,10.343396,8.540149,8.540136
250759.14,0.013899761,0.49819094,37000.0,151467.38,149824.05,149824.06,0.7491672,10.343497,8.54015,8.540142
250759.14,0.016535258,0.49731675,37000.0,151467.42,149824.05,149824.08,0.7491672,10.3434515,8.54015,8.540142
250759.14,0.016778613,0.50278246,37000.0,151467.39,149824.03,149824.05,0.7491672,10.343115,8.540149,8.540144
250759.14,0.01722186,0.50580853,37000.0,151467.39,149824.06,149824.06,0.7491672,10.343665,8.54015,8.540149
250759.14,0.018353257,0.50228035,37000.0,151467.33,149824.05,149824.05,0.7491672,10.342904,8.540149,8.540153
250759.14,0.016975477,0.51354396,37000.0,151467.4,149824.1,149824.06,0.7491672,10.343307,8.54015,8.540149
250759.14,0.017251248,0.51986766,37000.0,151467.4,149824.06,149824.05,0.7491672,10.343621,8.540151,8.54015
250759.14,0.015499767,0.49218714,37000.0,151467.31,149824.03,149824.08,0.7491672,10.3434925,8.54015,8.540146
250759.14,0.018270684,0.5067297,37000.0,151467.39,149824.06,149824.06,0.7491672,10.343225,8.540149,8.5401535
250759.14,0.017794454,0.5080373,37000.0,151467.36,149824.06,149824.05,0.7491672,10.3432665,8.540149,8.540137
250759.14,0.017536322,0.5120699,37000.0,151467.36,149824.03,149824.05,0.7491672,10.34395,8.540149,8.540151
250759.14,0.016481366,0.5101847,37000.0,151467.4,149824.05,149824.06,0.7491672,10.343439,8.540149,8.540149
250759.14,0.015956584,0.51119965,37000.0,151467.34,149824.08,149824.08,0.7491672,10.343427,8.54015,8.540146
250759.14,0.017250953,0.50316846,37000.0,151467.38,149824.05,149824.05,0.7491672,10.343458,8.54015,8.540142
250759.14,0.015283688,0.5055036,37000.0,151467.34,149824.03,149824.06,0.7491672,10.343324,8.54015,8.540152
250759.14,0.017104588,0.5085739,37000.0,151467.45,149824.06,149824.06,0.7491672,10.343476,8.54015,8.540152
250759.14,0.01751903,0.506617,37000.0,151467.34,149824.06,149824.06,0.7491672,10.3432665,8.54015,8.54015
250759.14,0.018585686,0.5103337,37000.0,151467.39,149824.05,149824.05,0.7491672,10.343711,8.54015,8.540158
250759.14,0.016071603,0.5030722,37000.0,151467.44,149824.05,149824.06,0.7491672,10.343596,8.540151,8.540129
250759.14,0.017661992,0.50900304,37000.0,151467.38,149824.03,149824.08,0.7491672,10.343117,8.54015,8.540149
250759.14,0.017012201,0.5109617,37000.0,151467.38,149824.03,149824.05,0.7491672,10.343414,8.540151,8.540149
250759.14,0.017278949,0.506238,37000.0,151467.4,149824.06,149824.05,0.7491672,10.343621,8.540151,8.540143
250759.14,0.015364016,0.50656784,37000.0,151467.42,149824.06,149824.05,0.7491672,10.343318,8.54015,8.540142
250759.14,0.012591852,0.4966237,37000.0,151467.38,149824.06,149824.06,0.7491672,10.343509,8.54015,8.54014
250759.14,0.0181996,0.5081305,37000.0,151467.34,149824.05,149824.05,0.7491672,10.343575,8.54015,8.540139
250759.14,0.018192831,0.509668,37000.0,151467.36,149824.06,149824.05,0.7491672,10.342979,8.540151,8.540146
250759.14,0.017468845,0.51174265,37000.0,151467.34,149824.06,149824.06,0.7491672,10.343303,8.54015,8.540161
250759.14,0.015741115,0.50875926,37000.0,151467.38,149824.06,149824.03,0.7491672,10.343437,8.54015,8.540152
250759.14,0.017622331,0.52174604,37000.0,151467.3,149824.06,149824.05,0.7491672,10.34348,8.540151,8.540151
250759.14,0.016394148,0.50942713,37000.0,151467.34,149824.05,149824.03,0.7491672,10.343335,8.540148,8.540139
250759.14,0.015697151,0.5069527,37000.0,151467.39,149824.06,149824.06,0.7491672,10.34331,8.54015,8.540143
250759.14,0.013746145,0.5064025,37000.0,151467.42,149824.05,149824.05,0.7491672,10.343568,8.54015,8.540154
250759.14,0.016952768,0.5071466,37000.0,151467.33,149824.05,149824.03,0.7491672,10.342948,8.540149,8.540151
250759.14,0.01866917,0.5061265,37000.0,151467.38,149824.06,149824.05,0.7491672,10.343137,8.54015,8.54014
250759.14,0.017615872,0.50972116,37000.0,151467.38,149824.08,149824.06,0.7491672,10.34316,8.540151,8.540146
250759.14,0.016726227,0.5152986,37000.0,151467.4,149824.05,149824.06,0.7491672,10.343373,8.54015,8.540142
250759.14,0.017649489,0.51066977,37000.0,151467.38,149824.06,149824.05,0.7491672,10.343516,8.540151,8.540147
250759.14,0.015435603,0.5046119,37000.0,151467.42,149824.06,149824.06,0.7491672,10.3435,8.540149,8.540141
250759.14,0.017408386,0.50515485,37000.0,151467.4,149824.05,149824.05,0.7491672,10.343421,8.540149,8.54015
250759.14,0.01521163,0.5203953,37000.0,151467.36,149824.03,149824.06,0.7491672,10.343471,8.54015,8.540151
250759.14,0.015316389,0.50944847,37000.0,151467.36,149824.06,149824.06,0.7491672,10.34318,8.54015,8.540154
250759.14,0.014596611,0.50704014,37000.0,151467.38,149824.03,149824.08,0.7491672,10.343722,8.54015,8.540143
250759.14,0.01796143,0.5136896,37000.0,151467.34,149824.05,149824.05,0.7491672,10.343658,8.54015,8.540149
250759.14,0.016123058,0.5102858,37000.0,151467.33,149824.05,149824.05,0.7491672,10.343268,8.54015,8.540153
250759.14,0.017222809,0.51152843,37000.0,151467.39,149824.06,149824.05,0.7491672,10.343397,8.54015,8.540149
250759.14,0.01650656,0.5071627,37000.0,151467.44,149824.05,149824.06,0.7491672,10.343483,8.54015,8.540146
250759.14,0.015866512,0.5075837,37000.0,151467.31,149824.03,149824.06,0.7491672,10.343124,8.540149,8.540137
250759.14,0.016374076,0.50877666,37000.0,151467.34,149824.05,149824.05,0.7491672,10.3435755,8.540149,8.540151
250759.14,0.018126229,0.51232684,37000.0,151467.4,149824.06,149824.05,0.7491672,10.343331,8.54015,8.540151
250759.14,0.016909767,0.5191399,37000.0,151467.39,149824.05,149824.06,0.7491672,10.343686,8.540151,8.540155
250759.14,0.01952674,0.5228345,37000.0,151467.36,149824.08,149824.06,0.7491672,10.343269,8.540151,8.540152
250759.14,0.018645274,0.5135927,37000.0,151467.38,149824.05,149824.06,0.7491672,10.343325,8.54015,8.540152
250759.14,0.015977815,0.5054687,37000.0,151467.38,149824.06,149824.06,0.7491672,10.343594,8.540149,8.540157
250759.14,0.017774884,0.5029981,37000.0,151467.39,149824.06,149824.06,0.7491672,10.343505,8.540149,8.540134
250759.14,0.016145553,0.5056439,37000.0,151467.36,149824.05,149824.1,0.7491672,10.343266,8.54015,8.540141
250759.14,0.01761889,0.50842696,37000.0,151467.45,149824.08,149824.05,0.7491672,10.343539,8.540151,8.540155
250759.14,0.014531807,0.5052315,37000.0,151467.4,149824.06,149824.05,0.7491672,10.343214,8.540151,8.540146
250759.14,0.014376377,0.51115,37000.0,151467.4,149824.05,149824.06,0.7491672,10.343279,8.540149,8.540154
250759.14,0.016597698,0.51204365,37000.0,151467.33,149824.06,149824.06,0.7491672,10.343345,8.540151,8.5401535
250759.14,0.017740138,0.5127417,37000.0,151467.38,149824.06,149824.05,0.7491672,10.343184,8.540151,8.540151
250759.14,0.015305346,0.5091219,37000.0,151467.36,149824.06,149824.06,0.7491672,10.342945,8.540151,8.5401535
250759.14,0.01817319,0.5127818,37000.0,151467.38,149824.06,149824.08,0.7491672,10.343599,8.540148,8.540157
250759.14,0.015046577,0.50499916,37000.0,151467.36,149824.05,149824.03,0.7491672,10.343189,8.540149,8.540159
250759.14,0.017031442,0.5109921,37000.0,151467.39,149824.06,149824.05,0.7491672,10.34373,8.54015,8.540148
250759.14,0.015085202,0.51217985,37000.0,151467.39,149824.05,149824.05,0.7491672,10.343377,8.54015,8.540152
250759.14,0.015666926,0.50865805,37000.0,151467.4,149824.06,149824.06,0.7491672,10.343719,8.54015,8.540145
250759.14,0.017024595,0.51343495,37000.0,151467.34,149824.03,149824.06,0.7491672,10.343116,8.540149,8.540156
250759.14,0.017473802,0.5155543,37000.0,151467.34,149824.05,149824.06,0.7491672,10.343067,8.54015,8.54015
250759.14,0.018101675,0.5115314,37000.0,151467.4,149824.05,149824.06,0.7491672,10.343495,8.54015,8.540154
250759.14,0.016529934,0.51110077,37000.0,151467.42,149824.05,149824.08,0.7491672,10.343443,8.540151,8.540149
250759.14,0.014985698,0.52692074,37000.0,151467.4,149824.06,149824.03,0.7491672,10.343669,8.54015,8.5401535
250759.14,0.018933835,0.52769774,37000.0,151467.42,149824.06,149824.03,0.7491672,10.343887,8.54015,8.540159
250759.14,0.017576037,0.5174684,37000.0,151467.38,149824.06,149824.03,0.7491672,10.3434,8.540151,8.540174
250759.14,0.015579272,0.51624376,37000.0,151467.47,149824.06,149824.06,0.7491672,10.343664,8.54015,8.540177
250759.14,0.0172668,0.51850677,37000.0,151467.3,149824.06,149824.05,0.7491672,10.343172,8.54015,8.540177
250759.14,0.017375031,0.51360506,37000.0,151467.33,149824.05,149824.06,0.7491672,10.343374,8.54015,8.540163
250759.14,0.015092353,0.5229852,37000.0,151467.34,149824.05,149824.06,0.7491672,10.343541,8.54015,8.540158
250759.14,0.017819775,0.5227977,37000.0,151467.39,149824.05,149824.05,0.7491672,10.34327,8.540149,8.540171
250759.14,0.016997911,0.51557815,37000.0,151467.42,149824.05,149824.06,0.7491672,10.343475,8.54015,8.540163
250759.14,0.01797351,0.5253799,37000.0,151467.4,149824.05,149824.03,0.7491672,10.343471,8.54015,8.540173
250759.14,0.018180618,0.5227158,37000.0,151467.31,149824.03,149824.06,0.7491672,10.342837,8.540149,8.540177
250759.14,0.01529993,0.51672435,37000.0,151467.34,149824.05,149824.05,0.7491672,10.343514,8.54015,8.540164
250759.14,0.016658999,0.5182472,37000.0,151467.36,149824.03,149824.06,0.7491672,10.343387,8.54015,8.540167
250759.14,0.018626325,0.5184664,37000.0,151467.39,149824.06,149824.03,0.7491672,10.343286,8.540149,8.540184
250759.14,0.015275749,0.5150371,37000.0,151467.42,149824.08,149824.05,0.7491672,10.34369,8.54015,8.540172
250759.14,0.016599322,0.5194385,37000.0,151467.39,149824.06,149824.05,0.7491672,10.343374,8.540149,8.540169
250759.14,0.015093122,0.5143357,37000.0,151467.42,149824.08,149824.05,0.7491672,10.343629,8.540151,8.540178
250759.14,0.01957885,0.5164631,37000.0,151467.39,149824.08,149824.06,0.7491672,10.343174,8.540149,8.540173
250759.14,0.02001108,0.51890004,37000.0,151467.4,149824.05,149824.05,0.7491672,10.343373,8.54015,8.54017
250759.14,0.017741311,0.51081526,37000.0,151467.42,149824.06,149824.05,0.7491672,10.343441,8.540149,8.540156
250759.14,0.017092466,0.5149992,37000.0,151467.33,149824.05,149824.06,0.7491672,10.343419,8.54015,8.540173
250759.14,0.015050825,0.5108933,37000.0,151467.42,149824.05,149824.05,0.7491672,10.343621,8.54015,8.540171
250759.14,0.019395333,0.531552,37000.0,151467.38,149824.05,149824.06,0.7491672,10.343721,8.540149,8.540156
250759.14,0.019009655,0.5313462,37000.0,151467.31,149824.05,149824.03,0.7491672,10.343359,8.540149,8.540155
250759.14,0.017721722,0.515304,37000.0,151467.39,149824.08,149824.03,0.7491672,10.343397,8.54015,8.540164
250759.14,0.015976472,0.5143063,37000.0,151467.45,149824.06,149824.03,0.7491672,10.343444,8.540151,8.540174
250759.14,0.015556945,0.5139232,37000.0,151467.33,149824.05,149824.05,0.7491672,10.343272,8.540151,8.540166
250759.14,0.016571665,0.5169546,37000.0,151467.38,149824.06,149824.05,0.7491672,10.343509,8.54015,8.540183
250759.14,0.016878352,0.51805556,37000.0,151467.34,149824.06,149824.05,0.7491672,10.343085,8.54015,8.540175
250759.14,0.019639483,0.52035224,37000.0,151467.42,149824.05,149824.02,0.7491672,10.343605,8.54015,8.540176
250759.14,0.020786365,0.5197604,37000.0,151467.39,149824.06,149824.06,0.7491672,10.343741,8.54015,8.540181
250759.14,0.017914122,0.51829094,37000.0,151467.38,149824.05,149824.05,0.7491672,10.343539,8.54015,8.540177
250759.14,0.018149883,0.5227737,37000.0,151467.36,149824.06,149824.05,0.7491672,10.343575,8.54015,8.54018
250759.14,0.01866282,0.5154779,37000.0,151467.4,149824.05,149824.05,0.7491672,10.343429,8.54015,8.540162
250759.14,0.018263964,0.5140318,37000.0,151467.38,149824.05,149824.05,0.7491672,10.343161,8.54015,8.540175
250759.14,0.014363838,0.51066315,37000.0,151467.38,149824.05,149824.06,0.7491672,10.3432865,8.54015,8.540171
250759.14,0.014638025,0.50836045,37000.0,151467.47,149824.05,149824.06,0.7491672,10.343883,8.54015,8.540155
250759.14,0.017459562,0.52378756,37000.0,151467.4,149824.05,149824.02,0.7491672,10.343381,8.540149,8.540169
250759.14,0.018352658,0.5281489,37000.0,151467.33,149824.05,149824.03,0.7491672,10.343623,8.540151,8.540161
250759.14,0.018022105,0.532488,37000.0,151467.4,149824.06,149824.06,0.7491672,10.343716,8.54015,8.540155
250759.14,0.015354798,0.5148274,37000.0,151467.39,149824.06,149824.05,0.7491672,10.343389,8.54015,8.540176
250759.14,0.02068552,0.52254766,37000.0,151467.4,149824.05,149824.06,0.7491672,10.343146,8.54015,8.540171
250759.14,0.019470336,0.5211169,37000.0,151467.33,149824.06,149824.03,0.7491672,10.343153,8.540151,8.540173
250759.14,0.018023564,0.52032405,37000.0,151467.39,149824.05,149824.03,0.7491672,10.343679,8.54015,8.540186
250759.14,0.017132869,0.51856554,37000.0,151467.44,149824.05,149824.06,0.7491672,10.344051,8.540149,8.540182
250759.14,0.016280772,0.5190255,37000.0,151467.34,149824.06,149824.05,0.7491672,10.343778,8.54015,8.540163
250759.14,0.01619088,0.5231215,37000.0,151467.4,149824.05,149824.05,0.7491672,10.343579,8.54015,8.540172
250759.14,0.017538093,0.521309,37000.0,151467.38,149824.05,149824.06,0.7491672,10.343264,8.54015,8.540173
250759.14,0.019222194,0.52244776,37000.0,151467.42,149824.06,149824.08,0.7491672,10.343902,8.540149,8.540177
250759.14,0.018191636,0.5167301,37000.0,151467.39,149824.06,149824.06,0.7491672,10.343506,8.54015,8.540172
250759.14,0.017426793,0.52667505,37000.0,151467.39,149824.06,149824.05,0.7491672,10.343695,8.540149,8.540158
250759.14,0.017408295,0.5235899,37000.0,151467.42,149824.05,149824.03,0.7491672,10.343258,8.54015,8.540172
250759.14,0.021509321,0.5253749,37000.0,151467.39,149824.05,149824.06,0.7491672,10.343423,8.54015,8.540175
250759.14,0.018514296,0.52136034,37000.0,151467.39,149824.06,149824.05,0.7491672,10.343307,8.54015,8.540162
250759.14,0.01810322,0.5202357,37000.0,151467.38,149824.05,149824.03,0.7491672,10.343361,8.540149,8.540173
250759.14,0.016783576,0.5205476,37000.0,151467.36,149824.06,149824.03,0.7491672,10.343374,8.540149,8.540183
250759.14,0.0175868,0.5200752,37000.0,151467.4,149824.06,149824.06,0.7491672,10.343665,8.54015,8.540182
250759.14,0.018497648,0.5154687,37000.0,151467.36,149824.03,149824.05,0.7491672,10.343124,8.54015,8.540169
250759.14,0.018812958,0.5218652,37000.0,151467.42,149824.06,149824.05,0.7491672,10.343498,8.540151,8.540178
250759.14,0.014720892,0.518731,37000.0,151467.39,149824.08,149824.05,0.7491672,10.343308,8.54015,8.54017
250759.14,0.020317541,0.51939183,37000.0,151467.38,149824.02,149824.06,0.7491672,10.343475,8.54015,8.540179
250759.14,0.01863417,0.5250282,37000.0,151467.39,149824.06,149824.05,0.7491672,10.343234,8.54015,8.540155
250759.14,0.018523613,0.5264508,37000.0,151467.33,149824.05,149824.05,0.7491672,10.343194,8.540149,8.540158
250759.14,0.019103957,0.527711,37000.0,151467.36,149824.08,149824.03,0.7491672,10.343271,8.540151,8.540159
250759.14,0.016543666,0.524897,37000.0,151467.36,149824.08,149824.05,0.7491672,10.343442,8.54015,8.540163
250759.14,0.018766735,0.5215689,37000.0,151467.39,149824.06,149824.05,0.7491672,10.343589,8.54015,8.540163
250759.14,0.016317103,0.5228449,37000.0,151467.44,149824.06,149824.08,0.7491672,10.343482,8.54015,8.540158
250759.14,0.019108089,0.5248729,37000.0,151467.4,149824.06,149824.05,0.7491672,10.343418,8.54015,8.540159
250759.14,0.01819965,0.52361,37000.0,151467.38,149824.05,149824.08,0.7491672,10.34347,8.54015,8.540162
250759.14,0.018062774,0.5196389,37000.0,151467.33,149824.06,149824.05,0.7491672,10.3430805,8.54015,8.540163
250759.14,0.016679037,0.5277747,37000.0,151467.36,149824.06,149824.03,0.7491672,10.343209,8.540151,8.540156
250759.14,0.017509915,0.5285503,37000.0,151467.4,149824.05,149824.06,0.7491672,10.343685,8.54015,8.540158
250759.14,0.017335488,0.53046924,37000.0,151467.34,149824.06,149824.08,0.7491672,10.343267,8.54015,8.540154
250759.14,0.015102991,0.5241049,37000.0,151467.39,149824.06,149824.05,0.7491672,10.343456,8.540151,8.540155
250759.14,0.016545206,0.5266427,37000.0,151467.34,149824.05,149824.05,0.7491672,10.343425,8.54015,8.5401535
250759.14,0.016976256,0.52147585,37000.0,151467.36,149824.03,149824.05,0.7491672,10.343956,8.540149,8.540169
250759.14,0.017182149,0.52342045,37000.0,151467.45,149824.05,149824.05,0.7491672,10.34374,8.54015,8.540163
250759.14,0.017497797,0.52641284,37000.0,151467.42,149824.05,149824.05,0.7491672,10.343458,8.540149,8.540163
250759.14,0.018172981,0.51834446,37000.0,151467.34,149824.05,149824.05,0.7491672,10.343165,8.540149,8.540168
250759.14,0.016167646,0.5274085,37000.0,151467.34,149824.06,149824.05,0.7491672,10.343222,8.540151,8.540164
250759.14,0.016687248,0.52410847,37000.0,151467.34,149824.05,149824.05,0.7491672,10.343198,8.540149,8.540163
250759.14,0.019249633,0.52292985,37000.0,151467.4,149824.06,149824.03,0.7491672,10.343343,8.54015,8.540158
250759.14,0.013438178,0.5167986,37000.0,151467.38,149824.06,149824.05,0.7491672,10.343496,8.54015,8.540168
250759.14,0.01966552,0.5196707,37000.0,151467.44,149824.03,149824.05,0.7491672,10.343706,8.54015,8.540166
250759.14,0.02062118,0.5200759,37000.0,151467.4,149824.06,149824.05,0.7491672,10.343608,8.54015,8.540175
250759.14,0.017023785,0.51845,37000.0,151467.34,149824.08,149824.05,0.7491672,10.343473,8.540149,8.540171
250759.14,0.019626861,0.5276102,37000.0,151467.33,149824.05,149824.06,0.7491672,10.34313,8.54015,8.540163
250759.14,0.018206788,0.50978285,37000.0,151467.31,149824.03,149824.05,0.7491672,10.343042,8.540149,8.540162
250759.14,0.016377486,0.5121374,37000.0,151467.39,149824.05,149824.05,0.7491672,10.343384,8.540149,8.54016
250759.14,0.017980382,0.5139593,37000.0,151467.36,149824.06,149824.05,0.7491672,10.343295,8.54015,8.540166
250759.14,0.01855906,0.51917726,37000.0,151467.42,149824.08,149824.05,0.7491672,10.343907,8.54015,8.540188
250759.14,0.018884977,0.5242191,37000.0,151467.4,149824.05,149824.05,0.7491672,10.343979,8.540149,8.54018
250759.14,0.01699429,0.5212327,37000.0,151467.36,149824.03,149824.05,0.7491672,10.34354,8.54015,8.540165
250759.14,0.018298611,0.5230843,37000.0,151467.39,149824.08,149824.06,0.7491672,10.343454,8.54015,8.540169
250759.14,0.017262956,0.515956,37000.0,151467.38,149824.05,149824.05,0.7491672,10.343246,8.540149,8.5401745
250759.14,0.01850011,0.5225337,37000.0,151467.31,149824.05,149824.05,0.7491672,10.343279,8.540149,8.540173
250759.14,0.016747128,0.5164185,37000.0,151467.36,149824.05,149824.06,0.7491672,10.3432455,8.540149,8.540192
250759.14,0.019415207,0.525029,37000.0,151467.34,149824.05,149824.05,0.7491672,10.343126,8.540151,8.540167
250759.14,0.014385937,0.51600957,37000.0,151467.39,149824.06,149824.05,0.7491672,10.343359,8.54015,8.540169
250759.14,0.02054423,0.5277455,37000.0,151467.39,149824.05,149824.08,0.7491672,10.34332,8.54015,8.540158
250759.14,0.019150589,0.5451336,37000.0,151467.39,149824.03,149824.06,0.7491672,10.34341,8.540149,8.540152
250759.14,0.018167732,0.5227163,37000.0,151467.39,149824.05,149824.05,0.7491672,10.343257,8.540151,8.540163
250759.14,0.01819763,0.5278858,37000.0,151467.39,149824.06,149824.06,0.7491672,10.343405,8.540149,8.540162
250759.14,0.019400354,0.52434045,37000.0,151467.39,149824.05,149824.05,0.7491672,10.343626,8.54015,8.540163
250759.14,0.016256256,0.5187539,37000.0,151467.38,149824.06,149824.06,0.7491672,10.343325,8.54015,8.540165
250759.14,0.021109466,0.5306271,37000.0,151467.39,149824.06,149824.06,0.7491672,10.343437,8.54015,8.540158
250759.14,0.016269263,0.5328218,37000.0,151467.36,149824.05,149824.05,0.7491672,10.343467,8.54015,8.540153
250759.14,0.019521473,0.528981,37000.0,151467.38,149824.06,149824.05,0.7491672,10.343549,8.54015,8.540158
250759.14,0.01891088,0.5254929,37000.0,151467.39,149824.06,149824.05,0.7491672,10.343624,8.540151,8.540166
250759.14,0.01947542,0.52917737,37000.0,151467.47,149824.06,149824.06,0.7491672,10.343605,8.54015,8.540168
250759.14,0.017520417,0.52010775,37000.0,151467.36,149824.05,149824.06,0.7491672,10.343064,8.54015,8.540151
250759.14,0.017991053,0.52243197,37000.0,151467.44,149824.06,149824.06,0.7491672,10.343769,8.540149,8.540155
250759.14,0.016861824,0.52731943,37000.0,151467.38,149824.06,149824.06,0.7491672,10.343453,8.54015,8.540159
250759.14,0.017909234,0.52353173,37000.0,151467.4,149824.06,149824.05,0.7491672,10.343336,8.540149,8.540163
250759.14,0.020031007,0.52624625,37000.0,151467.4,149824.05,149824.06,0.7491672,10.343506,8.540149,8.540165
250759.14,0.01863049,0.5295152,37000.0,151467.36,149824.03,149824.06,0.7491672,10.34321,8.54015,8.540161
250759.14,0.019944888,0.52054095,37000.0,151467.36,149824.03,149824.06,0.7491672,10.342971,8.54015,8.540143
250759.14,0.017107502,0.5275925,37000.0,151467.31,149824.06,149824.08,0.7491672,10.343147,8.540151,8.540158
250759.14,0.020279216,0.53150356,37000.0,151467.39,149824.06,149824.06,0.7491672,10.343579,8.540149,8.540155
250759.14,0.017985553,0.525255,37000.0,151467.38,149824.06,149824.06,0.7491672,10.34342,8.54015,8.540161
250759.14,0.01641363,0.52325076,37000.0,151467.33,149824.05,149824.05,0.7491672,10.343431,8.54015,8.540155
250759.14,0.017400883,0.5299495,37000.0,151467.38,149824.03,149824.05,0.7491672,10.34324,8.540149,8.5401535
250759.14,0.01264981,0.519532,37000.0,151467.34,149824.05,149824.06,0.7491672,10.343112,8.54015,8.540155
250759.14,0.014503079,0.5247608,37000.0,151467.38,149824.08,149824.05,0.7491672,10.343208,8.54015,8.540156
250759.14,0.018324738,0.5201964,37000.0,151467.39,149824.05,149824.05,0.7491672,10.343348,8.54015,8.540153
250759.14,0.016546775,0.520312,37000.0,151467.34,149824.06,149824.05,0.7491672,10.343043,8.540149,8.540154
250759.14,0.016315605,0.5292292,37000.0,151467.4,149824.05,149824.05,0.7491672,10.343498,8.54015,8.540156
250759.14,0.021306325,0.52825224,37000.0,151467.4,149824.06,149824.05,0.7491672,10.343667,8.540149,8.540164
250759.14,0.018898027,0.522011,37000.0,151467.38,149824.03,149824.06,0.7491672,10.343658,8.540149,8.5401535
250759.14,0.019444618,0.52320486,37000.0,151467.36,149824.08,149824.05,0.7491672,10.343238,8.54015,8.540161
250759.14,0.016693672,0.5193684,37000.0,151467.44,149824.06,149824.06,0.7491672,10.343782,8.540149,8.540153
250759.14,0.017414154,0.5250834,37000.0,151467.34,149824.06,149824.05,0.7491672,10.343182,8.540149,8.540172
250759.14,0.02068694,0.52947146,37000.0,151467.39,149824.06,149824.06,0.7491672,10.343661,8.54015,8.54016
250759.14,0.018122619,0.5301592,37000.0,151467.38,149824.05,149824.05,0.7491672,10.343124,8.540149,8.540158
250759.14,0.015904319,0.52580976,37000.0,151467.42,149824.06,149824.05,0.7491672,10.343623,8.540149,8.540155
250759.14,0.01697557,0.52114624,37000.0,151467.36,149824.05,149824.06,0.7491672,10.343656,8.540149,8.5401535
250759.14,0.018722404,0.5161125,37000.0,151467.44,149824.06,149824.06,0.7491672,10.343904,8.54015,8.540151
250759.14,0.018711748,0.5365407,37000.0,151467.36,149824.08,149824.03,0.7491672,10.343449,8.540149,8.540156
250759.14,0.020188585,0.5347848,37000.0,151467.39,149824.08,149824.05,0.7491672,10.343203,8.54015,8.540157
250759.14,0.016342685,0.53174824,37000.0,151467.36,149824.08,149824.08,0.7491672,10.343181,8.54015,8.54016
250759.14,0.015421817,0.52024055,37000.0,151467.38,149824.06,149824.05,0.7491672,10.343495,8.54015,8.540171
250759.14,0.018009411,0.5285458,37000.0,151467.4,149824.06,149824.06,0.7491672,10.343259,8.540149,8.540165
250759.14,0.01796942,0.5190921,37000.0,151467.42,149824.06,149824.05,0.7491672,10.34364,8.54015,8.540146
250759.14,0.01595609,0.523548,37000.0,151467.36,149824.05,149824.08,0.7491672,10.343204,8.540151,8.540164
250759.14,0.018214935,0.5198696,37000.0,151467.4,149824.05,149824.05,0.7491672,10.343452,8.54015,8.540152
250759.14,0.0179443,0.52660877,37000.0,151467.39,149824.02,149824.03,0.7491672,10.343483,8.540149,8.54016
250759.14,0.017061863,0.52618057,37000.0,151467.4,149824.06,149824.03,0.7491672,10.343441,8.54015,8.540176
250759.14,0.021173665,0.52595365,37000.0,151467.4,149824.05,149824.05,0.7491672,10.343362,8.540151,8.540158
250759.14,0.02020758,0.5291411,37000.0,151467.38,149824.06,149824.06,0.7491672,10.343638,8.54015,8.540181
250759.14,0.019469496,0.5229468,37000.0,151467.4,149824.05,149824.06,0.7491672,10.3435335,8.540149,8.540167
250759.14,0.016689975,0.51878536,37000.0,151467.39,149824.05,149824.06,0.7491672,10.343426,8.54015,8.540151
250759.14,0.01951537,0.51740557,37000.0,151467.42,149824.05,149824.08,0.7491672,10.343316,8.540149,8.540152
250759.14,0.01811335,0.52049345,37000.0,151467.42,149824.05,149824.03,0.7491672,10.34342,8.54015,8.540145
250759.14,0.018859109,0.5233232,37000.0,151467.31,149824.05,149824.06,0.7491672,10.343394,8.54015,8.540156
250759.14,0.017287312,0.520054,37000.0,151467.38,149824.05,149824.05,0.7491672,10.343151,8.54015,8.540161
250759.14,0.017989343,0.5221475,37000.0,151467.39,149824.03,149824.05,0.7491672,10.343605,8.54015,8.540165
250759.14,0.020055018,0.52663004,37000.0,151467.33,149824.08,149824.1,0.7491672,10.3431015,8.540151,8.540159
250759.14,0.021273645,0.53092945,37000.0,151467.44,149824.05,149824.05,0.7491672,10.343588,8.54015,8.540175
250759.14,0.017335925,0.5243805,37000.0,151467.38,149824.03,149824.05,0.7491672,10.343013,8.540149,8.540156
250759.14,0.018262198,0.5206121,37000.0,151467.36,149824.08,149824.05,0.7491672,10.343245,8.540151,8.5401535
250759.14,0.017212063,0.5262386,37000.0,151467.39,149824.06,149824.06,0.7491672,10.343737,8.540149,8.540169
250759.14,0.016155131,0.519487,37000.0,151467.39,149824.06,149824.06,0.7491672,10.34342,8.540149,8.5401535
250759.14,0.02126631,0.5280946,37000.0,151467.4,149824.06,149824.06,0.7491672,10.343315,8.54015,8.540157
250759.14,0.016052999,0.51987195,37000.0,151467.39,149824.06,149824.05,0.7491672,10.34346,8.54015,8.540158
250759.14,0.017775772,0.52761984,37000.0,151467.39,149824.05,149824.03,0.7491672,10.343305,8.54015,8.540161
250759.14,0.018511426,0.52858067,37000.0,151467.39,149824.05,149824.05,0.7491672,10.343704,8.540151,8.540164
250759.14,0.017381722,0.533988,37000.0,151467.38,149824.08,149824.05,0.7491672,10.343267,8.540151,8.540151
250759.14,0.016796302,0.526309,37000.0,151467.31,149824.05,149824.05,0.7491672,10.343193,8.540151,8.540144
250759.14,0.017687086,0.5300094,37000.0,151467.33,149824.06,149824.05,0.7491672,10.343436,8.540149,8.540163
250759.14,0.020304894,0.5215411,37000.0,151467.38,149824.05,149824.06,0.7491672,10.343465,8.540149,8.540151
250759.14,0.017896835,0.5204807,37000.0,151467.34,149824.06,149824.06,0.7491672,10.34345,8.54015,8.540153
250759.14,0.017926805,0.52108514,37000.0,151467.36,149824.06,149824.05,0.7491672,10.343126,8.540148,8.540153
250759.14,0.020570418,0.53209984,37000.0,151467.36,149824.08,149824.05,0.7491672,10.343437,8.54015,8.540157
250759.14,0.016816678,0.5252379,37000.0,151467.38,149824.06,149824.08,0.7491672,10.343175,8.54015,8.5401535
250759.14,0.019195972,0.51768386,37000.0,151467.3,149824.05,149824.05,0.7491672,10.342971,8.540149,8.54015
250759.14,0.021444341,0.52355427,37000.0,151467.31,149824.06,149824.05,0.7491672,10.342766,8.54015,8.540152
250759.14,0.017234743,0.51665765,37000.0,151467.34,149824.05,149824.06,0.7491672,10.343344,8.54015,8.540153
250759.14,0.016068926,0.5175405,37000.0,151467.36,149824.03,149824.06,0.7491672,10.34351,8.540149,8.5401535
250759.14,0.020616684,0.5262501,37000.0,151467.36,149824.06,149824.05,0.7491672,10.343603,8.54015,8.540148
250759.14,0.018927565,0.5325524,37000.0,151467.39,149824.06,149824.05,0.7491672,10.343287,8.54015,8.540156
250759.14,0.017116286,0.5295846,37000.0,151467.34,149824.06,149824.05,0.7491672,10.343132,8.540151,8.540163
250759.14,0.017433396,0.5263128,37000.0,151467.38,149824.06,149824.06,0.7491672,10.3431425,8.54015,8.5401745
250759.14,0.018072259,0.5197306,37000.0,151467.39,149824.06,149824.06,0.7491672,10.343919,8.54015,8.540158
250759.14,0.016741702,0.51866,37000.0,151467.38,149824.05,149824.08,0.7491672,10.343482,8.54015,8.540144
250759.14,0.015640818,0.5181034,37000.0,151467.39,149824.08,149824.03,0.7491672,10.343453,8.540149,8.540154
250759.14,0.015872201,0.5196203,37000.0,151467.36,149824.06,149824.05,0.7491672,10.343594,8.540149,8.540163
250759.14,0.019408155,0.52498984,37000.0,151467.36,149824.05,149824.03,0.7491672,10.343528,8.540149,8.54017
250759.14,0.016598718,0.5259341,37000.0,151467.42,149824.06,149824.03,0.7491672,10.343254,8.54015,8.540173
250759.14,0.01564368,0.52060366,37000.0,151467.33,149824.03,149824.05,0.7491672,10.343075,8.54015,8.540161
250759.14,0.018333461,0.53522575,37000.0,151467.36,149824.06,149824.08,0.7491672,10.343139,8.54015,8.5401535
250759.14,0.017406667,0.53044665,37000.0,151467.39,149824.03,149824.08,0.7491672,10.343254,8.54015,8.540155
250759.14,0.019875452,0.5271795,37000.0,151467.33,149824.05,149824.05,0.7491672,10.343212,8.54015,8.540153
250759.14,0.020163614,0.5264207,37000.0,151467.45,149824.05,149824.05,0.7491672,10.343528,8.54015,8.540182
250759.14,0.02070512,0.52497494,37000.0,151467.34,149824.06,149824.08,0.7491672,10.3431425,8.54015,8.540168
250759.14,0.018533617,0.5273555,37000.0,151467.38,149824.05,149824.05,0.7491672,10.343622,8.54015,8.540165
250759.14,0.018078486,0.52489716,37000.0,151467.33,149824.06,149824.05,0.7491672,10.343496,8.540148,8.5401535
250759.14,0.0168193,0.52861273,37000.0,151467.4,149824.05,149824.06,0.7491672,10.34357,8.54015,8.540156
250759.14,0.017322015,0.5261932,37000.0,151467.36,149824.06,149824.05,0.7491672,10.34333,8.540149,8.540164
250759.14,0.019147718,0.5274536,37000.0,151467.38,149824.05,149824.06,0.7491672,10.343107,8.540149,8.540159
250759.14,0.020469332,0.5340506,37000.0,151467.39,149824.06,149824.03,0.7491672,10.343895,8.54015,8.540159
250759.14,0.018990487,0.5249771,37000.0,151467.34,149824.03,149824.05,0.7491672,10.343298,8.54015,8.540158
250759.14,0.019931206,0.5253768,37000.0,151467.39,149824.06,149824.06,0.7491672,10.343234,8.540151,8.540166
250759.14,0.015976077,0.5273156,37000.0,151467.34,149824.06,149824.05,0.7491672,10.343414,8.54015,8.540167
250759.14,0.018547948,0.53023934,37000.0,151467.38,149824.06,149824.05,0.7491672,10.343222,8.54015,8.5402
250759.14,0.020593682,0.5332941,37000.0,151467.34,149824.05,149824.05,0.7491672,10.343293,8.540149,8.540197
250759.14,0.017584702,0.5331168,37000.0,151467.34,149824.06,149824.06,0.7491672,10.343452,8.54015,8.54016
250759.14,0.020163167,0.53681535,37000.0,151467.36,149824.06,149824.05,0.7491672,10.342869,8.540149,8.540158
250759.14,0.021582816,0.5318565,37000.0,151467.36,149824.06,149824.05,0.7491672,10.343327,8.54015,8.540194
250759.14,0.018272525,0.53502,37000.0,151467.42,149824.05,149824.05,0.7491672,10.343397,8.540149,8.540153
250759.14,0.019436298,0.53882366,37000.0,151467.39,149824.05,149824.06,0.7491672,10.34373,8.540149,8.540157
250759.14,0.01957081,0.54054135,37000.0,151467.42,149824.06,149824.06,0.7491672,10.343751,8.54015,8.540155
250759.14,0.01807094,0.53504837,37000.0,151467.39,149824.05,149824.05,0.7491672,10.343489,8.54015,8.540177
250759.14,0.019877858,0.53775114,37000.0,151467.39,149824.05,149824.06,0.7491672,10.343308,8.540149,8.540152
250759.14,0.01807399,0.55855465,37000.0,151467.33,149824.05,149824.05,0.7491672,10.343111,8.540149,8.540151
250759.14,0.019072933,0.5336875,37000.0,151467.38,149824.05,149824.03,0.7491672,10.343355,8.540149,8.540173
250759.14,0.02152973,0.5349302,37000.0,151467.39,149824.06,149824.06,0.7491672,10.343811,8.54015,8.540175
250759.14,0.019911557,0.5359781,37000.0,151467.39,149824.08,149824.06,0.7491672,10.34342,8.54015,8.540156
250759.14,0.018157238,0.5335082,37000.0,151467.38,149824.1,149824.06,0.7491672,10.343885,8.54015,8.540164
250759.14,0.017574161,0.5351635,37000.0,151467.38,149824.05,149824.02,0.7491672,10.343336,8.540149,8.540154
250759.14,0.02061538,0.5415936,37000.0,151467.38,149824.05,149824.08,0.7491672,10.343529,8.54015,8.540151
250759.14,0.02112804,0.537018,37000.0,151467.39,149824.08,149824.06,0.7491672,10.343356,8.540149,8.540159
250759.14,0.01856234,0.5326788,37000.0,151467.4,149824.06,149824.05,0.7491672,10.343515,8.54015,8.540179
250759.14,0.020470211,0.54438645,37000.0,151467.38,149824.06,149824.06,0.7491672,10.343249,8.540149,8.540153
250759.14,0.01939748,0.54630107,37000.0,151467.34,149824.06,149824.05,0.7491672,10.343217,8.540149,8.540155
250759.14,0.018200474,0.54039764,37000.0,151467.34,149824.05,149824.08,0.7491672,10.343482,8.54015,8.540151
250759.14,0.01675507,0.5394306,37000.0,151467.38,149824.06,149824.05,0.7491672,10.343428,8.54015,8.540151
250759.14,0.021923011,0.54344386,37000.0,151467.44,149824.05,149824.05,0.7491672,10.343777,8.54015,8.540156
250759.14,0.022747315,0.5440483,37000.0,151467.34,149824.06,149824.05,0.7491672,10.343429,8.540149,8.540154
250759.14,0.021055281,0.5482679,37000.0,151467.34,149824.06,149824.06,0.7491672,10.342832,8.54015,8.540151
250759.14,0.01727887,0.5363717,37000.0,151467.33,149824.06,149824.06,0.7491672,10.342997,8.540149,8.540157
250759.14,0.01940231,0.5371602,37000.0,151467.33,149824.05,149824.03,0.7491672,10.343339,8.540149,8.540163
250759.14,0.020385649,0.53329617,37000.0,151467.38,149824.05,149824.05,0.7491672,10.343224,8.540151,8.540166
250759.14,0.02007134,0.5416774,37000.0,151467.33,149824.06,149824.05,0.7491672,10.343109,8.54015,8.54015
250759.14,0.019082872,0.5293888,37000.0,151467.44,149824.05,149824.03,0.7491672,10.343788,8.540149,8.540187
250759.14,0.01720366,0.5315135,37000.0,151467.38,149824.03,149824.03,0.7491672,10.34355,8.540151,8.540151
250759.14,0.021691002,0.53840226,37000.0,151467.36,149824.06,149824.06,0.7491672,10.343106,8.540149,8.540162
250759.14,0.019150725,0.5375372,37000.0,151467.38,149824.05,149824.05,0.7491672,10.343245,8.54015,8.540162
250759.14,0.016390849,0.5320254,37000.0,151467.38,149824.05,149824.05,0.7491672,10.343584,8.540149,8.540162
250759.14,0.016690033,0.53669417,37000.0,151467.4,149824.06,149824.05,0.7491672,10.3435755,8.540149,8.540162
250759.14,0.019754672,0.53748995,37000.0,151467.36,149824.05,149824.06,0.7491672,10.343457,8.540151,8.5401535
250759.14,0.020844182,0.5315806,37000.0,151467.4,149824.05,149824.05,0.7491672,10.343391,8.54015,8.540189
250759.14,0.019019173,0.53195184,37000.0,151467.42,149824.08,149824.06,0.7491672,10.343625,8.540149,8.540196
250759.14,0.0194179,0.53686166,37000.0,151467.34,149824.06,149824.06,0.7491672,10.343353,8.54015,8.540156
250759.14,0.01629955,0.5330895,37000.0,151467.34,149824.06,149824.06,0.7491672,10.343446,8.54015,8.540158
250759.14,0.016946802,0.5410892,37000.0,151467.39,149824.08,149824.08,0.7491672,10.343416,8.54015,8.540152
250759.14,0.018187404,0.53018314,37000.0,151467.39,149824.05,149824.05,0.7491672,10.343513,8.540151,8.540186
250759.14,0.01830756,0.5296588,37000.0,151467.39,149824.05,149824.05,0.7491672,10.343352,8.54015,8.540173
250759.14,0.01779246,0.5268965,37000.0,151467.38,149824.05,149824.03,0.7491672,10.34329,8.54015,8.540165
250759.14,0.018316142,0.53417426,37000.0,151467.44,149824.05,149824.03,0.7491672,10.343887,8.54015,8.540165
250759.14,0.018090736,0.5361144,37000.0,151467.47,149824.05,149824.05,0.7491672,10.3437805,8.54015,8.540155
250759.14,0.021319516,0.53774333,37000.0,151467.36,149824.06,149824.06,0.7491672,10.343701,8.540149,8.540163
250759.14,0.01799394,0.52850276,37000.0,151467.38,149824.05,149824.05,0.7491672,10.343536,8.54015,8.540153
250759.14,0.021825708,0.5421176,37000.0,151467.33,149824.03,149824.1,0.7491672,10.34341,8.54015,8.540159
250759.14,0.018569726,0.5338512,37000.0,151467.44,149824.06,149824.08,0.7491672,10.343846,8.54015,8.540166
250759.14,0.017969666,0.53513306,37000.0,151467.36,149824.05,149824.05,0.7491672,10.3432,8.540149,8.540152
250759.14,0.018899035,0.53604513,37000.0,151467.36,149824.05,149824.06,0.7491672,10.343015,8.540149,8.540154
250759.14,0.019185636,0.53559643,37000.0,151467.39,149824.06,149824.05,0.7491672,10.343508,8.540151,8.540155
250759.14,0.017113868,0.5315784,37000.0,151467.42,149824.06,149824.05,0.7491672,10.343902,8.54015,8.540159
250759.14,0.018704804,0.5469551,37000.0,151467.38,149824.05,149824.06,0.7491672,10.343605,8.54015,8.540151
250759.14,0.019318495,0.53967446,37000.0,151467.38,149824.06,149824.03,0.7491672,10.3436985,8.54015,8.540155
250759.14,0.014817593,0.5384906,37000.0,151467.38,149824.06,149824.06,0.7491672,10.3435335,8.54015,8.5401535
250759.14,0.016715849,0.53101265,37000.0,151467.42,149824.05,149824.06,0.7491672,10.343561,8.54015,8.540155
250759.14,0.01736589,0.5270586,37000.0,151467.31,149824.05,149824.05,0.7491672,10.343132,8.540149,8.540166
250759.14,0.022270929,0.53030604,37000.0,151467.39,149824.06,149824.06,0.7491672,10.343202,8.54015,8.540158
250759.14,0.02212462,0.5275886,37000.0,151467.42,149824.05,149824.06,0.7491672,10.343371,8.54015,8.540147
250759.14,0.020293683,0.5340984,37000.0,151467.39,149824.05,149824.06,0.7491672,10.34342,8.540149,8.540148
250759.14,0.019665409,0.5325828,37000.0,151467.36,149824.05,149824.06,0.7491672,10.343375,8.540149,8.540188
250759.14,0.018532142,0.5402754,37000.0,151467.34,149824.06,149824.06,0.7491672,10.34344,8.54015,8.5401535
250759.14,0.016896022,0.5379325,37000.0,151467.39,149824.05,149824.03,0.7491672,10.343387,8.540151,8.540157
250759.14,0.015158693,0.53067213,37000.0,151467.38,149824.08,149824.06,0.7491672,10.343435,8.54015,8.540162
250759.14,0.015187312,0.5296013,37000.0,151467.36,149824.05,149824.05,0.7491672,10.343212,8.54015,8.540172
250759.14,0.016743362,0.52982605,37000.0,151467.38,149824.06,149824.05,0.7491672,10.343276,8.54015,8.540169
250759.14,0.018638948,0.5461688,37000.0,151467.4,149824.05,149824.06,0.7491672,10.343329,8.54015,8.540152
250759.14,0.019544749,0.5368467,37000.0,151467.38,149824.05,149824.06,0.7491672,10.343486,8.540149,8.540156
250759.14,0.018816607,0.53646225,37000.0,151467.38,149824.05,149824.05,0.7491672,10.343577,8.540151,8.540157
250759.14,0.015608662,0.52326524,37000.0,151467.4,149824.06,149824.05,0.7491672,10.34379,8.54015,8.540166
250759.14,0.0163005,0.52536994,37000.0,151467.42,149824.06,149824.06,0.7491672,10.34376,8.54015,8.540162
250759.14,0.014797287,0.52555007,37000.0,151467.44,149824.05,149824.05,0.7491672,10.343768,8.54015,8.540179
250759.14,0.018160574,0.5468465,37000.0,151467.33,149824.06,149824.05,0.7491672,10.343191,8.54015,8.540153
250759.14,0.0200129,0.5419829,37000.0,151467.4,149824.05,149824.05,0.7491672,10.343889,8.54015,8.540154
250759.14,0.02080151,0.5432044,37000.0,151467.38,149824.03,149824.05,0.7491672,10.3432045,8.540149,8.540152
250759.14,0.01806804,0.5429995,37000.0,151467.33,149824.05,149824.08,0.7491672,10.343047,8.54015,8.540153
250759.14,0.016638823,0.53311664,37000.0,151467.39,149824.06,149824.05,0.7491672,10.343461,8.540151,8.5401535
250759.14,0.018929567,0.5349197,37000.0,151467.38,149824.05,149824.06,0.7491672,10.343101,8.54015,8.540153
250759.14,0.018563418,0.54423743,37000.0,151467.42,149824.06,149824.05,0.7491672,10.34316,8.54015,8.540155
250759.14,0.019672062,0.5350632,37000.0,151467.44,149824.06,149824.05,0.7491672,10.343527,8.54015,8.540156
250759.14,0.015976371,0.53472334,37000.0,151467.45,149824.06,149824.06,0.7491672,10.343469,8.54015,8.540151
250759.14,0.016492762,0.53932095,37000.0,151467.4,149824.06,149824.06,0.7491672,10.343494,8.54015,8.540154
250759.14,0.01790602,0.53791493,37000.0,151467.38,149824.03,149824.05,0.7491672,10.343287,8.54015,8.540155
250759.14,0.016576475,0.53534377,37000.0,151467.4,149824.06,149824.08,0.7491672,10.343357,8.54015,8.540149
250759.14,0.020365007,0.54460037,37000.0,151467.4,149824.06,149824.05,0.7491672,10.343422,8.540149,8.540153
250759.14,0.022595268,0.544345,37000.0,151467.33,149824.06,149824.06,0.7491672,10.3432865,8.540149,8.540153
250759.14,0.02114226,0.54408824,37000.0,151467.42,149824.08,149824.05,0.7491672,10.343562,8.54015,8.5401535
250759.14,0.018918216,0.542047,37000.0,151467.34,149824.06,149824.03,0.7491672,10.343242,8.54015,8.540156
250759.14,0.01964893,0.545937,37000.0,151467.34,149824.06,149824.05,0.7491672,10.343764,8.540151,8.540153
250759.14,0.018720979,0.5362103,37000.0,151467.44,149824.06,149824.06,0.7491672,10.343574,8.540149,8.5401535
250759.14,0.015225281,0.53059465,37000.0,151467.4,149824.06,149824.08,0.7491672,10.343768,8.54015,8.540155
250759.14,0.01877306,0.53781104,37000.0,151467.4,149824.03,149824.08,0.7491672,10.343395,8.54015,8.540156
250759.14,0.022094885,0.53838843,37000.0,151467.39,149824.08,149824.05,0.7491672,10.343302,8.540151,8.540151
250759.14,0.020201735,0.54099447,37000.0,151467.4,149824.06,149824.06,0.7491672,10.343455,8.54015,8.540153
250759.14,0.019153511,0.53588223,37000.0,151467.38,149824.06,149824.06,0.7491672,10.343389,8.540151,8.540155
250759.14,0.018567719,0.5428266,37000.0,151467.36,149824.06,149824.05,0.7491672,10.343335,8.54015,8.540151
250759.14,0.01957074,0.5446044,37000.0,151467.36,149824.03,149824.05,0.7491672,10.343336,8.54015,8.540152
250759.14,0.014612612,0.53396314,37000.0,151467.36,149824.05,149824.05,0.7491672,10.343156,8.540149,8.540154
250759.14,0.02169322,0.5375297,37000.0,151467.34,149824.06,149824.06,0.7491672,10.343361,8.540149,8.540156
250759.14,0.02177875,0.54079825,37000.0,151467.34,149824.06,149824.06,0.7491672,10.343259,8.54015,8.540158
250759.14,0.019645575,0.5374863,37000.0,151467.34,149824.06,149824.05,0.7491672,10.343269,8.54015,8.5401535
250759.14,0.020676274,0.543092,37000.0,151467.4,149824.06,149824.06,0.7491672,10.343615,8.54015,8.540153
250759.14,0.017961498,0.5424343,37000.0,151467.39,149824.05,149824.05,0.7491672,10.343476,8.54015,8.540151
250759.14,0.019085176,0.5302398,37000.0,151467.4,149824.03,149824.06,0.7491672,10.343797,8.540149,8.540185
250759.14,0.01748086,0.5305278,37000.0,151467.39,149824.03,149824.06,0.7491672,10.343394,8.54015,8.540171
250759.14,0.016786786,0.5338921,37000.0,151467.38,149824.05,149824.06,0.7491672,10.343183,8.54015,8.5401535
250759.14,0.01819748,0.53655833,37000.0,151467.4,149824.05,149824.05,0.7491672,10.343657,8.540151,8.540168
250759.14,0.019979844,0.5259923,37000.0,151467.4,149824.03,149824.06,0.7491672,10.343603,8.540149,8.540143
250759.14,0.019666616,0.53207225,37000.0,151467.38,149824.05,149824.05,0.7491672,10.343745,8.540149,8.540181
250759.14,0.019101245,0.5298511,37000.0,151467.42,149824.05,149824.05,0.7491672,10.343301,8.54015,8.540167
250759.14,0.019718839,0.53283924,37000.0,151467.45,149824.06,149824.06,0.7491672,10.343798,8.540149,8.540163
250759.14,0.019101068,0.5351423,37000.0,151467.38,149824.08,149824.03,0.7491672,10.343487,8.54015,8.540173
250759.14,0.01688463,0.5364636,37000.0,151467.4,149824.06,149824.06,0.7491672,10.343255,8.54015,8.540153
250759.14,0.018411187,0.541637,37000.0,151467.4,149824.05,149824.06,0.7491672,10.343589,8.54015,8.540153
250759.14,0.022038998,0.5435521,37000.0,151467.39,149824.05,149824.05,0.7491672,10.343353,8.54015,8.540129
250759.14,0.019649863,0.53372306,37000.0,151467.44,149824.05,149824.06,0.7491672,10.343297,8.54015,8.540138
250759.14,0.018443722,0.5314642,37000.0,151467.39,149824.1,149824.05,0.7491672,10.343201,8.54015,8.54014
250759.14,0.017354256,0.53885233,37000.0,151467.39,149824.05,149824.05,0.7491672,10.343499,8.540149,8.540147
250759.14,0.016724061,0.5433922,37000.0,151467.44,149824.05,149824.03,0.7491672,10.343806,8.54015,8.540146
250759.14,0.021663371,0.5394477,37000.0,151467.34,149824.05,149824.05,0.7491672,10.343829,8.540149,8.540134
250759.14,0.022990042,0.553147,37000.0,151467.38,149824.06,149824.02,0.7491672,10.343542,8.54015,8.54015
250759.14,0.019271653,0.5377674,37000.0,151467.36,149824.06,149824.05,0.7491672,10.343661,8.54015,8.540132
250759.14,0.016858723,0.5382168,37000.0,151467.42,149824.06,149824.06,0.7491672,10.343823,8.54015,8.540137
250759.14,0.020752786,0.54595214,37000.0,151467.34,149824.06,149824.05,0.7491672,10.343022,8.540149,8.540108
250759.14,0.015766578,0.5418881,37000.0,151467.36,149824.05,149824.03,0.7491672,10.343172,8.540149,8.540139
250759.14,0.022189705,0.5478994,37000.0,151467.42,149824.1,149824.05,0.7491672,10.343482,8.54015,8.540146
250759.14,0.021500532,0.5462627,37000.0,151467.39,149824.06,149824.03,0.7491672,10.343676,8.54015,8.540149
250759.14,0.021486482,0.5520066,37000.0,151467.36,149824.06,149824.03,0.7491672,10.343577,8.540151,8.540147
250759.14,0.017399639,0.54926574,37000.0,151467.4,149824.06,149824.05,0.7491672,10.343373,8.54015,8.540147
250759.14,0.01600276,0.5423085,37000.0,151467.42,149824.06,149824.05,0.7491672,10.343751,8.54015,8.540143
250759.14,0.020492947,0.54476994,37000.0,151467.39,149824.05,149824.05,0.7491672,10.34354,8.54015,8.540121
250759.14,0.021598155,0.54431695,37000.0,151467.34,149824.05,149824.05,0.7491672,10.343266,8.540149,8.540153
250759.14,0.020014562,0.54767394,37000.0,151467.31,149824.06,149824.06,0.7491672,10.342881,8.54015,8.540149
250759.14,0.018138235,0.5375465,37000.0,151467.42,149824.03,149824.06,0.7491672,10.343465,8.540149,8.540141
250759.14,0.017578712,0.5429708,37000.0,151467.39,149824.05,149824.05,0.7491672,10.343515,8.54015,8.540132
250759.14,0.019533042,0.5388015,37000.0,151467.4,149824.05,149824.06,0.7491672,10.3437195,8.54015,8.540143
250759.14,0.018804424,0.5404295,37000.0,151467.42,149824.05,149824.05,0.7491672,10.343669,8.540149,8.54013
250759.14,0.020907238,0.5426267,37000.0,151467.42,149824.06,149824.06,0.7491672,10.343385,8.540149,8.540097
250759.14,0.021966124,0.5350485,37000.0,151467.4,149824.05,149824.06,0.7491672,10.343489,8.54015,8.540132
250759.14,0.020865962,0.53466076,37000.0,151467.42,149824.06,149824.05,0.7491672,10.343581,8.54015,8.540133
250759.14,0.018837184,0.5423816,37000.0,151467.38,149824.05,149824.06,0.7491672,10.3433485,8.54015,8.54013
250759.14,0.020674564,0.54586196,37000.0,151467.38,149824.08,149824.06,0.7491672,10.343391,8.540151,8.540147
250759.14,0.016964456,0.5366952,37000.0,151467.36,149824.06,149824.05,0.7491672,10.343458,8.54015,8.540156
250759.14,0.019901112,0.5437461,37000.0,151467.38,149824.06,149824.05,0.7491672,10.343277,8.540149,8.540149
250759.14,0.023521127,0.5514019,37000.0,151467.39,149824.05,149824.05,0.7491672,10.343692,8.540151,8.540149
250759.14,0.01642847,0.54105186,37000.0,151467.39,149824.05,149824.06,0.7491672,10.343255,8.54015,8.5401535
250759.14,0.019961106,0.5424425,37000.0,151467.38,149824.06,149824.03,0.7491672,10.343558,8.540151,8.540139
250759.14,0.018415663,0.54406184,37000.0,151467.39,149824.06,149824.05,0.7491672,10.343541,8.54015,8.540149
250759.14,0.018773628,0.5428436,37000.0,151467.38,149824.06,149824.06,0.7491672,10.343174,8.54015,8.540135
250759.14,0.0177217,0.5411221,37000.0,151467.38,149824.06,149824.06,0.7491672,10.3433895,8.540149,8.540155
250759.14,0.019551098,0.5450685,37000.0,151467.39,149824.06,149824.06,0.7491672,10.34335,8.540149,8.540146
250759.14,0.020362733,0.5428448,37000.0,151467.39,149824.08,149824.06,0.7491672,10.343246,8.54015,8.540151
250759.14,0.02028703,0.55073905,37000.0,151467.39,149824.05,149824.06,0.7491672,10.343284,8.540149,8.540151
250759.14,0.019648666,0.54666144,37000.0,151467.42,149824.06,149824.06,0.7491672,10.343834,8.54015,8.540139
250759.14,0.019008078,0.54775006,37000.0,151467.39,149824.03,149824.05,0.7491672,10.343764,8.54015,8.5401535
250759.14,0.019165568,0.550498,37000.0,151467.4,149824.06,149824.06,0.7491672,10.343549,8.540151,8.540153
250759.14,0.01901039,0.54363364,37000.0,151467.34,149824.05,149824.05,0.7491672,10.343227,8.540149,8.540118
250759.14,0.019278958,0.53843915,37000.0,151467.4,149824.05,149824.06,0.7491672,10.34353,8.54015,8.540131
250759.14,0.020214338,0.5494665,37000.0,151467.38,149824.06,149824.06,0.7491672,10.343337,8.540149,8.54014
250759.14,0.02029998,0.53702545,37000.0,151467.38,149824.06,149824.03,0.7491672,10.34357,8.54015,8.540128
250759.14,0.019616593,0.5387266,37000.0,151467.36,149824.05,149824.06,0.7491672,10.343552,8.54015,8.54013
250759.14,0.020639932,0.5431031,37000.0,151467.39,149824.06,149824.06,0.7491672,10.3433895,8.54015,8.540128
250759.14,0.020231742,0.53808326,37000.0,151467.36,149824.08,149824.03,0.7491672,10.343599,8.540149,8.540145
250759.14,0.019550435,0.539169,37000.0,151467.34,149824.06,149824.05,0.7491672,10.343713,8.540151,8.540139
250759.14,0.017644037,0.53875935,37000.0,151467.42,149824.05,149824.08,0.7491672,10.343458,8.540149,8.540131
250759.14,0.017187394,0.54203767,37000.0,151467.39,149824.06,149824.05,0.7491672,10.343343,8.540149,8.540139
250759.14,0.017873067,0.5442602,37000.0,151467.42,149824.05,149824.06,0.7491672,10.343826,8.54015,8.54015
250759.14,0.01514044,0.45621789,37000.0,151467.36,149824.05,149824.06,0.7491672,10.343231,8.540149,8.540146
250759.14,0.013857236,0.44910762,37000.0,151467.36,149824.02,149824.05,0.7491672,10.34311,8.540149,8.54015
250759.14,0.013744559,0.48163447,37000.0,151467.38,149824.06,149824.05,0.7491672,10.343141,8.54015,8.540151
250759.14,0.013405517,0.44531095,37000.0,151467.4,149824.03,149824.05,0.7491672,10.343283,8.540149,8.540136
250759.14,0.0147061,0.45462218,37000.0,151467.44,149824.03,149824.06,0.7491672,10.343478,8.54015,8.540139
250759.14,0.01449467,0.4739616,37000.0,151467.36,149824.05,149824.06,0.7491672,10.343376,8.540151,8.540156
250759.14,0.013835757,0.44009227,37000.0,151467.38,149824.08,149824.06,0.7491672,10.343114,8.54015,8.540145
250759.14,0.013049305,0.43128273,37000.0,151467.39,149824.06,149824.08,0.7491672,10.3434925,8.540151,8.540156
250759.14,0.013699586,0.43014896,37000.0,151467.27,149824.08,149824.05,0.7491672,10.342998,8.540149,8.54014
250759.14,0.013155042,0.43289635,37000.0,151467.39,149824.06,149824.06,0.7491672,10.343399,8.540149,8.540158
250759.14,0.014220055,0.45361766,37000.0,151467.39,149824.08,149824.05,0.7491672,10.343088,8.54015,8.540133
250759.14,0.014232267,0.4314972,37000.0,151467.39,149824.05,149824.06,0.7491672,10.343737,8.54015,8.540144
250759.14,0.013581729,0.41171825,37000.0,151467.36,149824.06,149824.08,0.7491672,10.343577,8.54015,8.540119
250759.14,0.013028624,0.4434255,37000.0,151467.39,149824.03,149824.05,0.7491672,10.343506,8.54015,8.540138
250759.14,0.013476233,0.45762506,37000.0,151467.39,149824.05,149824.06,0.7491672,10.34301,8.54015,8.5401535
250759.14,0.014026678,0.42553577,37000.0,151467.36,149824.06,149824.05,0.7491672,10.343551,8.54015,8.540121
250759.14,0.0130172325,0.41352546,37000.0,151467.39,149824.06,149824.06,0.7491672,10.3434305,8.540149,8.540136
250759.14,0.014711243,0.44783875,37000.0,151467.38,149824.06,149824.06,0.7491672,10.34329,8.54015,8.540136
250759.14,0.0139128715,0.42738503,37000.0,151467.38,149824.06,149824.05,0.7491672,10.343253,8.54015,8.540132
250759.14,0.013223375,0.4193156,37000.0,151467.39,149824.05,149824.05,0.7491672,10.343587,8.540149,8.54013
250759.14,0.013536544,0.43458235,37000.0,151467.36,149824.05,149824.03,0.7491672,10.343322,8.54015,8.540143
250759.14,0.013629477,0.44439477,37000.0,151467.4,149824.05,149824.06,0.7491672,10.3435545,8.54015,8.540157
250759.14,0.013832544,0.41617963,37000.0,151467.38,149824.06,149824.05,0.7491672,10.343502,8.54015,8.540137
250759.14,0.01455686,0.45895603,37000.0,151467.4,149824.05,149824.06,0.7491672,10.343721,8.54015,8.540154
250759.14,0.01362106,0.41867864,37000.0,151467.39,149824.06,149824.03,0.7491672,10.343532,8.540149,8.540149
250759.14,0.012956777,0.4382267,37000.0,151467.36,149824.05,149824.05,0.7491672,10.343455,8.540149,8.540132
250759.14,0.0129611865,0.42379984,37000.0,151467.36,149824.06,149824.05,0.7491672,10.343369,8.54015,8.540127
250759.14,0.014548493,0.4202111,37000.0,151467.39,149824.06,149824.05,0.7491672,10.343302,8.540151,8.540139
250759.14,0.014607693,0.4442691,37000.0,151467.4,149824.05,149824.05,0.7491672,10.343433,8.54015,8.540143
250759.14,0.014013353,0.44340098,37000.0,151467.4,149824.06,149824.03,0.7491672,10.343527,8.54015,8.540133
250759.14,0.0132047385,0.4478851,37000.0,151467.42,149824.05,149824.05,0.7491672,10.343501,8.54015,8.540131
250759.14,0.01433597,0.41758284,37000.0,151467.39,149824.05,149824.06,0.7491672,10.343664,8.540151,8.540145
250759.14,0.015187804,0.4483169,37000.0,151467.42,149824.05,149824.05,0.7491672,10.343483,8.540149,8.540145
250759.14,0.013382926,0.44290176,37000.0,151467.34,149824.05,149824.06,0.7491672,10.343402,8.54015,8.54015
250759.14,0.013549919,0.42751527,37000.0,151467.36,149824.08,149824.06,0.7491672,10.343207,8.54015,8.540131
250759.14,0.012687382,0.43714842,37000.0,151467.44,149824.06,149824.05,0.7491672,10.34347,8.54015,8.540136
250759.14,0.0132833645,0.4403854,37000.0,151467.38,149824.03,149824.06,0.7491672,10.343402,8.54015,8.540126
250759.14,0.01356995,0.434368,37000.0,151467.36,149824.06,149824.08,0.7491672,10.343411,8.540148,8.540134
250759.14,0.012859582,0.4386363,37000.0,151467.38,149824.05,149824.06,0.7491672,10.343317,8.54015,8.540136
250759.14,0.012203113,0.4253685,37000.0,151467.33,149824.05,149824.08,0.7491672,10.343151,8.540149,8.540145
250759.14,0.014213178,0.42046005,37000.0,151467.4,149824.03,149824.06,0.7491672,10.34363,8.54015,8.54014
250759.14,0.013924185,0.4106871,37000.0,151467.34,149824.06,149824.06,0.7491672,10.343393,8.54015,8.540122
250759.14,0.011467497,0.41119343,37000.0,151467.36,149824.06,149824.05,0.7491672,10.343523,8.540149,8.540124
250759.14,0.0135425925,0.45572466,37000.0,151467.33,149824.05,149824.06,0.7491672,10.34302,8.54015,8.540132
250759.14,0.014035582,0.45849967,37000.0,151467.38,149824.08,149824.05,0.7491672,10.343393,8.540149,8.540147
250759.14,0.012718034,0.41186115,37000.0,151467.34,149824.06,149824.03,0.7491672,10.34375,8.540149,8.540139
250759.14,0.012888072,0.4295804,37000.0,151467.28,149824.06,149824.06,0.7491672,10.3428335,8.540149,8.540135
250759.14,0.014367128,0.41540158,37000.0,151467.36,149824.06,149824.05,0.7491672,10.3436365,8.540149,8.540132
250759.14,0.014086905,0.41136616,37000.0,151467.44,149824.06,149824.06,0.7491672,10.34355,8.540151,8.540136
250759.14,0.0129528735,0.42189157,37000.0,151467.28,149824.06,149824.08,0.7491672,10.343126,8.54015,8.540147
250759.14,0.014769161,0.45938164,37000.0,151467.4,149824.06,149824.06,0.7491672,10.343381,8.54015,8.540135
250759.14,0.013449926,0.4284388,37000.0,151467.36,149824.05,149824.05,0.7491672,10.343429,8.540151,8.540131
250759.14,0.014079182,0.45089987,37000.0,151467.38,149824.06,149824.03,0.7491672,10.343496,8.540151,8.540127
250759.14,0.014393937,0.4587585,37000.0,151467.39,149824.05,149824.06,0.7491672,10.343333,8.54015,8.540135
250759.14,0.013460629,0.42631558,37000.0,151467.33,149824.08,149824.05,0.7491672,10.3436775,8.54015,8.540139
250759.14,0.013349032,0.42933562,37000.0,151467.36,149824.06,149824.03,0.7491672,10.343552,8.54015,8.540134
250759.14,0.012871854,0.47259796,37000.0,151467.45,149824.06,149824.05,0.7491672,10.343412,8.54015,8.540135
250759.14,0.014398874,0.46638367,37000.0,151467.39,149824.05,149824.03,0.7491672,10.343554,8.54015,8.540133
250759.14,0.013445362,0.47394177,37000.0,151467.44,149824.05,149824.06,0.7491672,10.34346,8.54015,8.540122
250759.14,0.014547854,0.4747341,37000.0,151467.39,149824.06,149824.06,0.7491672,10.343457,8.54015,8.540133
250759.14,0.0145093165,0.49117514,37000.0,151467.38,149824.03,149824.06,0.7491672,10.343522,8.54015,8.540138
250759.14,0.014706234,0.47651747,37000.0,151467.44,149824.06,149824.06,0.7491672,10.343268,8.540149,8.540133
250759.14,0.014756629,0.4671614,37000.0,151467.42,149824.05,149824.05,0.7491672,10.34369,8.54015,8.54012
250759.14,0.013089955,0.4778706,37000.0,151467.38,149824.03,149824.03,0.7491672,10.343566,8.540151,8.540139
250759.14,0.014461873,0.49120927,37000.0,151467.4,149824.08,149824.06,0.7491672,10.343215,8.540151,8.54015
250759.14,0.015014555,0.49353138,37000.0,151467.33,149824.08,149824.08,0.7491672,10.342999,8.540149,8.540102
250759.14,0.016294105,0.51135343,37000.0,151467.42,149824.06,149824.05,0.7491672,10.34344,8.54015,8.540145
250759.14,0.015643585,0.5163056,37000.0,151467.38,149824.08,149824.06,0.7491672,10.343285,8.54015,8.540148
250759.14,0.015169668,0.47467953,37000.0,151467.44,149824.06,149824.03,0.7491672,10.3439,8.54015,8.540122
250759.14,0.01583066,0.498138,37000.0,151467.38,149824.06,149824.06,0.7491672,10.343115,8.54015,8.540113
250759.14,0.015290325,0.4976834,37000.0,151467.4,149824.05,149824.05,0.7491672,10.343605,8.540149,8.540128
250759.14,0.013939261,0.45980915,37000.0,151467.36,149824.05,149824.05,0.7491672,10.343312,8.540149,8.540129
250759.14,0.012959909,0.47827524,37000.0,151467.44,149824.06,149824.06,0.7491672,10.343841,8.54015,8.540128
250759.14,0.015385906,0.5004935,37000.0,151467.36,149824.05,149824.06,0.7491672,10.343,8.54015,8.5401325
250759.14,0.01321879,0.49243093,37000.0,151467.45,149824.06,149824.06,0.7491672,10.343563,8.540151,8.540145
250759.14,0.016767945,0.51612926,37000.0,151467.36,149824.06,149824.05,0.7491672,10.343215,8.54015,8.540144
250759.14,0.0163157,0.4977914,37000.0,151467.42,149824.05,149824.05,0.7491672,10.343784,8.540149,8.54012
250759.14,0.017445736,0.5106887,37000.0,151467.39,149824.05,149824.06,0.7491672,10.343376,8.54015,8.540125
250759.14,0.015429885,0.49930096,37000.0,151467.4,149824.05,149824.05,0.7491672,10.343521,8.540149,8.540142
250759.14,0.014824917,0.46912578,37000.0,151467.36,149824.05,149824.06,0.7491672,10.343385,8.54015,8.540148
250759.14,0.014990494,0.48808086,37000.0,151467.4,149824.06,149824.05,0.7491672,10.343465,8.54015,8.540145
250759.14,0.014236695,0.46245342,37000.0,151467.36,149824.06,149824.06,0.7491672,10.343233,8.540149,8.5401325
250759.14,0.016139984,0.5062627,37000.0,151467.36,149824.06,149824.03,0.7491672,10.343377,8.540149,8.540145
250759.14,0.01695999,0.49270713,37000.0,151467.39,149824.06,149824.05,0.7491672,10.343574,8.540151,8.540113
250759.14,0.015743058,0.5004382,37000.0,151467.33,149824.03,149824.05,0.7491672,10.343151,8.54015,8.540138
250759.14,0.016204642,0.4948413,37000.0,151467.36,149824.05,149824.05,0.7491672,10.343097,8.540149,8.540147
250759.14,0.015854077,0.50323945,37000.0,151467.4,149824.06,149824.05,0.7491672,10.343644,8.540148,8.540125
250759.14,0.014484241,0.49750054,37000.0,151467.38,149824.03,149824.05,0.7491672,10.343686,8.540149,8.540149
250759.14,0.014699609,0.49610382,37000.0,151467.4,149824.03,149824.05,0.7491672,10.343614,8.54015,8.540135
250759.14,0.0140754245,0.505751,37000.0,151467.4,149824.06,149824.06,0.7491672,10.34343,8.540149,8.540122
250759.14,0.014027887,0.5036096,37000.0,151467.39,149824.03,149824.05,0.7491672,10.343357,8.540149,8.540123
250759.14,0.014289974,0.4603709,37000.0,151467.36,149824.05,149824.03,0.7491672,10.343693,8.54015,8.540125
250759.14,0.014024038,0.47951558,37000.0,151467.38,149824.08,149824.05,0.7491672,10.343552,8.540151,8.540127
250759.14,0.016833764,0.5049253,37000.0,151467.42,149824.03,149824.05,0.7491672,10.343384,8.54015,8.540118
250759.14,0.014689793,0.50258493,37000.0,151467.4,149824.06,149824.06,0.7491672,10.343535,8.54015,8.540144
250759.14,0.015059758,0.50254965,37000.0,151467.4,149824.06,149824.03,0.7491672,10.343473,8.54015,8.540143
250759.14,0.0149387065,0.5000344,37000.0,151467.39,149824.05,149824.05,0.7491672,10.343203,8.540149,8.540122
250759.14,0.015315621,0.4839688,37000.0,151467.44,149824.05,149824.06,0.7491672,10.343437,8.540149,8.540138
250759.14,0.014744866,0.46767855,37000.0,151467.38,149824.05,149824.03,0.7491672,10.343481,8.54015,8.540145
250759.14,0.015825674,0.51551485,37000.0,151467.39,149824.05,149824.06,0.7491672,10.343338,8.540151,8.540138
250759.14,0.014104815,0.46247673,37000.0,151467.42,149824.08,149824.03,0.7491672,10.343438,8.54015,8.540145
250759.14,0.016069721,0.4886769,37000.0,151467.36,149824.06,149824.05,0.7491672,10.343445,8.540149,8.5401325
250759.14,0.015074388,0.5061002,37000.0,151467.38,149824.03,149824.06,0.7491672,10.343365,8.540151,8.540148
250759.14,0.015896773,0.5109291,37000.0,151467.33,149824.06,149824.05,0.7491672,10.34298,8.54015,8.540113
250759.14,0.015493681,0.4698558,37000.0,151467.38,149824.05,149824.05,0.7491672,10.343511,8.540151,8.54012
250759.14,0.016751083,0.53447247,37000.0,151467.36,149824.05,149824.06,0.7491672,10.343357,8.54015,8.540147
250759.14,0.015401727,0.49134988,37000.0,151467.44,149824.06,149824.06,0.7491672,10.343711,8.54015,8.540122
250759.14,0.015587735,0.5050346,37000.0,151467.4,149824.05,149824.06,0.7491672,10.343247,8.54015,8.540136
250759.14,0.015258983,0.5201269,37000.0,151467.38,149824.05,149824.06,0.7491672,10.343315,8.54015,8.540147
250759.14,0.015358987,0.51944333,37000.0,151467.34,149824.03,149824.03,0.7491672,10.343341,8.540148,8.540146
250759.14,0.016620878,0.52397645,37000.0,151467.34,149824.05,149824.05,0.7491672,10.343236,8.54015,8.540145
250759.14,0.014244523,0.49442822,37000.0,151467.39,149824.05,149824.05,0.7491672,10.343463,8.540149,8.540142
250759.14,0.014641115,0.49879795,37000.0,151467.39,149824.06,149824.05,0.7491672,10.343265,8.54015,8.540123
250759.14,0.016788663,0.5102614,37000.0,151467.42,149824.06,149824.05,0.7491672,10.344132,8.54015,8.540113
250759.14,0.0143867405,0.49831426,37000.0,151467.3,149824.05,149824.05,0.7491672,10.343392,8.54015,8.540116
250759.14,0.015113197,0.5011215,37000.0,151467.31,149824.05,149824.05,0.7491672,10.34362,8.540149,8.540131
250759.14,0.015957788,0.5171089,37000.0,151467.39,149824.05,149824.03,0.7491672,10.343552,8.540149,8.540123
250759.14,0.015583321,0.50911075,37000.0,151467.38,149824.06,149824.06,0.7491672,10.343082,8.54015,8.540128
250759.14,0.013573664,0.4873804,37000.0,151467.38,149824.06,149824.08,0.7491672,10.343423,8.540151,8.54014
250759.14,0.01675717,0.54715174,37000.0,151467.42,149824.06,149824.05,0.7491672,10.343639,8.540149,8.540138
250759.14,0.014992982,0.5142875,37000.0,151467.39,149824.06,149824.06,0.7491672,10.34346,8.54015,8.540118
250759.14,0.015398203,0.5253416,37000.0,151467.36,149824.08,149824.08,0.7491672,10.343501,8.54015,8.540134
250759.14,0.016147448,0.5133752,37000.0,151467.4,149824.06,149824.05,0.7491672,10.343298,8.540151,8.540136
250759.14,0.014978115,0.5097816,37000.0,151467.34,149824.06,149824.06,0.7491672,10.343403,8.54015,8.540148
250759.14,0.016283354,0.51457596,37000.0,151467.38,149824.05,149824.06,0.7491672,10.343079,8.540149,8.540128
250759.14,0.016983928,0.53018516,37000.0,151467.4,149824.06,149824.05,0.7491672,10.343587,8.54015,8.540136
250759.14,0.014537245,0.5131496,37000.0,151467.36,149824.06,149824.05,0.7491672,10.343393,8.54015,8.54012
250759.14,0.014678799,0.4972428,37000.0,151467.3,149824.05,149824.05,0.7491672,10.343391,8.54015,8.540128
250759.14,0.015152607,0.5136598,37000.0,151467.39,149824.06,149824.06,0.7491672,10.343266,8.54015,8.540121
250759.14,0.016070547,0.5249531,37000.0,151467.39,149824.06,149824.06,0.7491672,10.343318,8.54015,8.540138
250759.14,0.015128036,0.5008255,37000.0,151467.39,149824.08,149824.05,0.7491672,10.343512,8.54015,8.540128
250759.14,0.017419918,0.5248377,37000.0,151467.33,149824.06,149824.03,0.7491672,10.34327,8.54015,8.540097
250759.14,0.016625943,0.5094361,37000.0,151467.36,149824.08,149824.06,0.7491672,10.343361,8.540149,8.540116
250759.14,0.016271973,0.50908154,37000.0,151467.39,149824.06,149824.06,0.7491672,10.343635,8.54015,8.540105
250759.14,0.015843896,0.5232942,37000.0,151467.38,149824.06,149824.06,0.7491672,10.343111,8.54015,8.540113
250759.14,0.016131312,0.52226615,37000.0,151467.31,149824.05,149824.03,0.7491672,10.343481,8.540151,8.5401
250759.14,0.014351815,0.50038886,37000.0,151467.34,149824.05,149824.05,0.7491672,10.343561,8.54015,8.54011
250759.14,0.013828202,0.48362237,37000.0,151467.39,149824.08,149824.06,0.7491672,10.343473,8.540151,8.54014
250759.14,0.017385503,0.5371814,37000.0,151467.4,149824.06,149824.05,0.7491672,10.343572,8.540149,8.540124
250759.14,0.03753279,0.6643901,37000.0,151467.31,149824.05,149824.05,0.7491672,10.343148,8.54015,8.540142
250759.14,0.0165904,0.52693594,37000.0,151467.33,149824.05,149824.06,0.7491672,10.343402,8.540149,8.540117
250759.14,0.01617191,0.52902913,37000.0,151467.39,149824.05,149824.06,0.7491672,10.3434305,8.54015,8.540137
250759.14,0.016567338,0.52941203,37000.0,151467.38,149824.05,149824.05,0.7491672,10.343386,8.54015,8.540134
250759.14,0.016246067,0.512955,37000.0,151467.39,149824.03,149824.06,0.7491672,10.343628,8.540149,8.540127
250759.14,0.014373893,0.5086533,37000.0,151467.36,149824.05,149824.05,0.7491672,10.343707,8.540151,8.540117
250759.14,0.016013198,0.5137722,37000.0,151467.34,149824.05,149824.05,0.7491672,10.34348,8.54015,8.540121
250759.14,0.016869457,0.5120981,37000.0,151467.38,149824.05,149824.06,0.7491672,10.343549,8.540149,8.540123
250759.14,0.01645709,0.5225002,37000.0,151467.4,149824.05,149824.08,0.7491672,10.343348,8.54015,8.540145
250759.14,0.015587043,0.51824754,37000.0,151467.33,149824.08,149824.06,0.7491672,10.343346,8.540149,8.540149
250759.14,0.016197942,0.52730715,37000.0,151467.38,149824.06,149824.05,0.7491672,10.343447,8.54015,8.540148
250759.14,0.015638355,0.50853014,37000.0,151467.38,149824.05,149824.05,0.7491672,10.343317,8.540148,8.54012
250759.14,0.015363472,0.5213477,37000.0,151467.34,149824.06,149824.05,0.7491672,10.343207,8.54015,8.540111
250759.14,0.014755056,0.49028623,37000.0,151467.38,149824.05,149824.06,0.7491672,10.343613,8.54015,8.540133
250759.14,0.016492514,0.510629,37000.0,151467.4,149824.05,149824.05,0.7491672,10.343531,8.54015,8.540132
250759.14,0.0143596055,0.5032032,37000.0,151467.39,149824.05,149824.06,0.7491672,10.343583,8.540151,8.540146
250759.14,0.015466454,0.5051112,37000.0,151467.4,149824.06,149824.05,0.7491672,10.343412,8.54015,8.540124
250759.14,0.015540691,0.4963003,37000.0,151467.38,149824.06,149824.05,0.7491672,10.343391,8.54015,8.540143
250759.14,0.013591323,0.47811106,37000.0,151467.4,149824.05,149824.05,0.7491672,10.343731,8.540149,8.540125
250759.14,0.012578277,0.45499605,37000.0,151467.3,149824.06,149824.06,0.7491672,10.3430395,8.540149,8.540142
250759.14,0.014585262,0.50507444,37000.0,151467.38,149824.06,149824.03,0.7491672,10.343502,8.540149,8.540141
250759.14,0.01619508,0.50771815,37000.0,151467.36,149824.06,149824.05,0.7491672,10.343231,8.54015,8.54014
250759.14,0.013575273,0.48148414,37000.0,151467.39,149824.05,149824.06,0.7491672,10.343508,8.54015,8.540145
250759.14,0.015665852,0.49889085,37000.0,151467.38,149824.03,149824.06,0.7491672,10.343602,8.54015,8.540147
250759.14,0.015505912,0.50882584,37000.0,151467.38,149824.05,149824.05,0.7491672,10.343242,8.54015,8.54014
250759.14,0.016151542,0.48961768,37000.0,151467.34,149824.06,149824.08,0.7491672,10.343593,8.54015,8.540094
250759.14,0.016112955,0.4993188,37000.0,151467.39,149824.03,149824.06,0.7491672,10.3435955,8.54015,8.540131
250759.14,0.015332801,0.5039365,37000.0,151467.38,149824.05,149824.05,0.7491672,10.343359,8.54015,8.540142
250759.14,0.015594807,0.51932365,37000.0,151467.36,149824.08,149824.05,0.7491672,10.34338,8.540151,8.540148
250759.14,0.017430844,0.51298,37000.0,151467.39,149824.05,149824.06,0.7491672,10.343386,8.540151,8.5401325
250759.14,0.017441839,0.5129342,37000.0,151467.33,149824.05,149824.06,0.7491672,10.343355,8.540151,8.540146
250759.14,0.01585512,0.4619206,37000.0,151467.4,149824.06,149824.05,0.7491672,10.343547,8.54015,8.540152
250759.14,0.016454142,0.4913647,37000.0,151467.36,149824.05,149824.05,0.7491672,10.343422,8.54015,8.540152
250759.14,0.016044961,0.5076535,37000.0,151467.36,149824.06,149824.05,0.7491672,10.343237,8.54015,8.540149
250759.14,0.014682739,0.50160766,37000.0,151467.3,149824.05,149824.05,0.7491672,10.342836,8.54015,8.540147
250759.14,0.016566975,0.5115708,37000.0,151467.39,149824.05,149824.06,0.7491672,10.343254,8.54015,8.540152
250759.14,0.013765207,0.47224548,37000.0,151467.34,149824.05,149824.06,0.7491672,10.343088,8.540148,8.540141
250759.14,0.01775709,0.5246711,37000.0,151467.42,149824.06,149824.06,0.7491672,10.34378,8.54015,8.540151
250759.14,0.015164984,0.51618916,37000.0,151467.36,149824.06,149824.03,0.7491672,10.343187,8.54015,8.540134
250759.14,0.014122979,0.5031282,37000.0,151467.44,149824.06,149824.05,0.7491672,10.343322,8.540151,8.54015
250759.14,0.013554533,0.45304692,37000.0,151467.44,149824.06,149824.05,0.7491672,10.343425,8.54015,8.540144
250759.14,0.0154456645,0.5015544,37000.0,151467.3,149824.05,149824.06,0.7491672,10.343138,8.54015,8.540145
250759.14,0.015155095,0.48646986,37000.0,151467.4,149824.05,149824.06,0.7491672,10.343262,8.54015,8.540145
250759.14,0.01601449,0.5071451,37000.0,151467.4,149824.06,149824.06,0.7491672,10.343434,8.540151,8.540143
250759.14,0.0146796,0.48464832,37000.0,151467.4,149824.03,149824.06,0.7491672,10.342985,8.54015,8.540146
250759.14,0.014377117,0.49688768,37000.0,151467.38,149824.05,149824.06,0.7491672,10.343318,8.54015,8.540149
250759.14,0.016376257,0.48897845,37000.0,151467.36,149824.05,149824.06,0.7491672,10.343198,8.540149,8.540147
250759.14,0.017285045,0.51069546,37000.0,151467.38,149824.06,149824.05,0.7491672,10.343395,8.540151,8.540144
250759.14,0.016035767,0.4763716,37000.0,151467.4,149824.06,149824.06,0.7491672,10.343154,8.540151,8.540148
250759.14,0.015235831,0.49677092,37000.0,151467.4,149824.06,149824.05,0.7491672,10.34356,8.540149,8.540136
250759.14,0.012790118,0.46244913,37000.0,151467.38,149824.06,149824.06,0.7491672,10.343712,8.540149,8.540138
250759.14,0.014199313,0.46479952,37000.0,151467.36,149824.05,149824.05,0.7491672,10.343113,8.540149,8.540146
250759.14,0.01528784,0.484997,37000.0,151467.34,149824.05,149824.05,0.7491672,10.343622,8.540151,8.540149
250759.14,0.015392398,0.4922432,37000.0,151467.34,149824.03,149824.08,0.7491672,10.343306,8.54015,8.540144
250759.14,0.015550368,0.48578084,37000.0,151467.36,149824.06,149824.05,0.7491672,10.343165,8.54015,8.540142
250759.14,0.015110338,0.48979324,37000.0,151467.33,149824.05,149824.05,0.7491672,10.343258,8.540151,8.540137
250759.14,0.015091661,0.49588716,37000.0,151467.39,149824.06,149824.06,0.7491672,10.343469,8.540148,8.5401535
250759.14,0.0122809885,0.45453945,37000.0,151467.4,149824.08,149824.03,0.7491672,10.343621,8.54015,8.540139
250759.14,0.016352262,0.48372304,37000.0,151467.36,149824.06,149824.06,0.7491672,10.343532,8.540151,8.540141
250759.14,0.015873374,0.502359,37000.0,151467.39,149824.06,149824.08,0.7491672,10.343166,8.540149,8.540142
250759.14,0.015510199,0.4935307,37000.0,151467.34,149824.06,149824.06,0.7491672,10.343528,8.54015,8.540136
250759.14,0.016289601,0.5022672,37000.0,151467.36,149824.05,149824.05,0.7491672,10.343209,8.54015,8.540145
250759.14,0.016283534,0.4918184,37000.0,151467.36,149824.05,149824.05,0.7491672,10.343454,8.540151,8.540142
250759.14,0.014666298,0.49853545,37000.0,151467.36,149824.06,149824.06,0.7491672,10.343303,8.54015,8.54014
250759.14,0.0137713505,0.484014,37000.0,151467.4,149824.05,149824.05,0.7491672,10.343732,8.54015,8.5401325
250759.14,0.015069507,0.4669125,37000.0,151467.42,149824.08,149824.06,0.7491672,10.343488,8.54015,8.540137
250759.14,0.015728159,0.49439818,37000.0,151467.31,149824.05,149824.05,0.7491672,10.343052,8.54015,8.540136
250759.14,0.015108674,0.4792905,37000.0,151467.34,149824.05,149824.06,0.7491672,10.343306,8.540149,8.540142
250759.14,0.015547721,0.48655108,37000.0,151467.39,149824.05,149824.05,0.7491672,10.343336,8.540149,8.540141
250759.14,0.0148423035,0.50033975,37000.0,151467.39,149824.05,149824.03,0.7491672,10.343634,8.540149,8.54014
250759.14,0.015314798,0.48745692,37000.0,151467.36,149824.06,149824.05,0.7491672,10.343197,8.540151,8.540151
250759.14,0.016104119,0.51398313,37000.0,151467.36,149824.05,149824.05,0.7491672,10.3432665,8.540148,8.540143
250759.14,0.015953034,0.5123056,37000.0,151467.39,149824.03,149824.08,0.7491672,10.343235,8.540149,8.540134
250759.14,0.015246517,0.50134236,37000.0,151467.38,149824.03,149824.06,0.7491672,10.343505,8.540149,8.540146
250759.14,0.016229767,0.51900846,37000.0,151467.31,149824.05,149824.06,0.7491672,10.343285,8.54015,8.540141
250759.14,0.016102016,0.50904626,37000.0,151467.38,149824.08,149824.05,0.7491672,10.34371,8.54015,8.540134
250759.14,0.013537643,0.46600038,37000.0,151467.36,149824.06,149824.06,0.7491672,10.343133,8.540151,8.540131
250759.14,0.016747277,0.5145454,37000.0,151467.3,149824.06,149824.06,0.7491672,10.343066,8.54015,8.540151
250759.14,0.015736306,0.4870541,37000.0,151467.39,149824.05,149824.08,0.7491672,10.343635,8.540151,8.54015
250759.14,0.01577308,0.51029915,37000.0,151467.36,149824.06,149824.08,0.7491672,10.343651,8.540149,8.54015
250759.14,0.015748085,0.52726203,37000.0,151467.33,149824.05,149824.05,0.7491672,10.343315,8.54015,8.54014
250759.14,0.01463099,0.49573228,37000.0,151467.36,149824.05,149824.05,0.7491672,10.34348,8.54015,8.540139
250759.14,0.012467995,0.46316484,37000.0,151467.42,149824.06,149824.05,0.7491672,10.343478,8.54015,8.540143
250759.14,0.017100794,0.5097141,37000.0,151467.39,149824.06,149824.05,0.7491672,10.343305,8.54015,8.540143
250759.14,0.016514156,0.50889844,37000.0,151467.38,149824.06,149824.06,0.7491672,10.343495,8.54015,8.540133
250759.14,0.015918164,0.50044316,37000.0,151467.45,149824.05,149824.05,0.7491672,10.343749,8.54015,8.54015
250759.14,0.016290132,0.5103202,37000.0,151467.4,149824.03,149824.06,0.7491672,10.343588,8.54015,8.540147
250759.14,0.013598688,0.49247947,37000.0,151467.36,149824.05,149824.05,0.7491672,10.343389,8.540149,8.54015
250759.14,0.014203146,0.48873436,37000.0,151467.39,149824.05,149824.05,0.7491672,10.343698,8.540151,8.540142
250759.14,0.0114566,0.45655107,37000.0,151467.34,149824.06,149824.05,0.7491672,10.343083,8.540149,8.540145
250759.14,0.015594439,0.50720984,37000.0,151467.4,149824.06,149824.03,0.7491672,10.343554,8.540151,8.540154
250759.14,0.014152945,0.4456905,37000.0,151467.4,149824.08,149824.05,0.7491672,10.343461,8.54015,8.5401325
250759.14,0.016250545,0.5124469,37000.0,151467.38,149824.06,149824.06,0.7491672,10.343503,8.540151,8.5401535
250759.14,0.015941015,0.4968282,37000.0,151467.38,149824.03,149824.05,0.7491672,10.343347,8.54015,8.540135
250759.14,0.016128076,0.5085085,37000.0,151467.36,149824.05,149824.05,0.7491672,10.34303,8.540149,8.540144
250759.14,0.016083598,0.5068857,37000.0,151467.38,149824.06,149824.05,0.7491672,10.343398,8.540149,8.540135
250759.14,0.016216649,0.50659746,37000.0,151467.4,149824.08,149824.06,0.7491672,10.343391,8.54015,8.540138
250759.14,0.015629558,0.48950246,37000.0,151467.4,149824.03,149824.06,0.7491672,10.343354,8.54015,8.540147
250759.14,0.014730394,0.49337724,37000.0,151467.28,149824.06,149824.05,0.7491672,10.342874,8.54015,8.540136
250759.14,0.01748875,0.53656673,37000.0,151467.39,149824.05,149824.05,0.7491672,10.343804,8.54015,8.540151
250759.14,0.014404509,0.52183986,37000.0,151467.33,149824.08,149824.06,0.7491672,10.343086,8.540151,8.540151
250759.14,0.015205503,0.50958776,37000.0,151467.4,149824.06,149824.05,0.7491672,10.343545,8.540151,8.540149
250759.14,0.01692235,0.5201278,37000.0,151467.34,149824.05,149824.05,0.7491672,10.34358,8.54015,8.540143
250759.14,0.014545722,0.51452297,37000.0,151467.39,149824.05,149824.03,0.7491672,10.343633,8.540149,8.5401535
250759.14,0.014515178,0.5039826,37000.0,151467.38,149824.06,149824.05,0.7491672,10.343281,8.540151,8.540139
250759.14,0.020905245,0.60856164,37000.0,151467.42,149824.06,149824.06,0.7491672,10.343607,8.54015,8.540124
250759.14,0.017691467,0.5314564,37000.0,151467.38,149824.06,149824.05,0.7491672,10.343532,8.540149,8.540139
250759.14,0.016209712,0.5204154,37000.0,151467.33,149824.06,149824.06,0.7491672,10.342991,8.540149,8.540144
250759.14,0.025172265,0.5956819,37000.0,151467.36,149824.05,149824.08,0.7491672,10.343524,8.54015,8.540145
250759.14,0.015210527,0.49293393,37000.0,151467.36,149824.06,149824.05,0.7491672,10.343571,8.540151,8.540138
250759.14,0.01608795,0.4841583,37000.0,151467.38,149824.03,149824.06,0.7491672,10.343289,8.540151,8.5401325
250759.14,0.016571239,0.4979753,37000.0,151467.34,149824.06,149824.03,0.7491672,10.343496,8.540151,8.540149
250759.14,0.01557913,0.5017952,37000.0,151467.34,149824.05,149824.06,0.7491672,10.343175,8.54015,8.540139
250759.14,0.015541455,0.51070565,37000.0,151467.36,149824.06,149824.05,0.7491672,10.34339,8.54015,8.540138
250759.14,0.015522022,0.50619745,37000.0,151467.38,149824.06,149824.03,0.7491672,10.343464,8.54015,8.540149
250759.14,0.014798591,0.49302468,37000.0,151467.36,149824.05,149824.05,0.7491672,10.343217,8.540151,8.540138
250759.14,0.015047186,0.49797422,37000.0,151467.38,149824.05,149824.05,0.7491672,10.34354,8.54015,8.540137
250759.14,0.017241271,0.50026876,37000.0,151467.44,149824.05,149824.08,0.7491672,10.3436985,8.540149,8.540133
250759.14,0.01645516,0.5093723,37000.0,151467.36,149824.03,149824.06,0.7491672,10.343307,8.54015,8.54014
250759.14,0.014674397,0.47707394,37000.0,151467.39,149824.06,149824.06,0.7491672,10.343485,8.54015,8.540149
250759.14,0.016421948,0.50600994,37000.0,151467.34,149824.06,149824.08,0.7491672,10.343373,8.540149,8.540142
250759.14,0.014315509,0.50374067,37000.0,151467.42,149824.06,149824.05,0.7491672,10.3437605,8.54015,8.540141
250759.14,0.01519085,0.4732352,37000.0,151467.44,149824.08,149824.05,0.7491672,10.343838,8.54015,8.540146
250759.14,0.017668623,0.5163386,37000.0,151467.33,149824.06,149824.02,0.7491672,10.3434105,8.54015,8.540146
250759.14,0.017610803,0.51288855,37000.0,151467.28,149824.05,149824.06,0.7491672,10.34315,8.540149,8.54014
250759.14,0.013914296,0.49470758,37000.0,151467.39,149824.05,149824.03,0.7491672,10.343434,8.54015,8.540144
250759.14,0.014129681,0.4924177,37000.0,151467.38,149824.08,149824.03,0.7491672,10.343667,8.54015,8.540148
250759.14,0.014979705,0.48067337,37000.0,151467.44,149824.05,149824.05,0.7491672,10.343348,8.540149,8.540136
250759.14,0.01562825,0.5015054,37000.0,151467.4,149824.06,149824.05,0.7491672,10.343436,8.54015,8.540132
250759.14,0.016732534,0.4997866,37000.0,151467.38,149824.08,149824.05,0.7491672,10.343352,8.540151,8.540132
250759.14,0.017287973,0.49437582,37000.0,151467.4,149824.08,149824.05,0.7491672,10.343668,8.54015,8.540137
250759.14,0.015228794,0.4830156,37000.0,151467.39,149824.03,149824.05,0.7491672,10.343674,8.540149,8.540141
250759.14,0.016078537,0.49665803,37000.0,151467.39,149824.05,149824.03,0.7491672,10.343391,8.54015,8.540119
250759.14,0.0147950705,0.5030744,37000.0,151467.33,149824.06,149824.06,0.7491672,10.343013,8.540149,8.5401325
250759.14,0.01553853,0.46780956,37000.0,151467.4,149824.05,149824.06,0.7491672,10.343461,8.54015,8.540138
250759.14,0.015211531,0.4900187,37000.0,151467.34,149824.06,149824.06,0.7491672,10.343062,8.540149,8.540135
250759.14,0.015420948,0.4867332,37000.0,151467.38,149824.05,149824.03,0.7491672,10.343147,8.540149,8.540133
250759.14,0.015666801,0.4715993,37000.0,151467.36,149824.08,149824.06,0.7491672,10.343126,8.54015,8.540142
250759.14,0.014725691,0.49544394,37000.0,151467.36,149824.06,149824.06,0.7491672,10.343076,8.540149,8.540142
250759.14,0.014944161,0.48747998,37000.0,151467.3,149824.06,149824.03,0.7491672,10.343084,8.540151,8.540136
250759.14,0.015685,0.50959355,37000.0,151467.44,149824.05,149824.05,0.7491672,10.34388,8.540149,8.540136
250759.14,0.017960189,0.5189015,37000.0,151467.36,149824.06,149824.06,0.7491672,10.34369,8.540151,8.54014
250759.14,0.01644059,0.5108291,37000.0,151467.4,149824.08,149824.06,0.7491672,10.343794,8.54015,8.540137
250759.14,0.016652454,0.5129388,37000.0,151467.38,149824.03,149824.06,0.7491672,10.343251,8.540149,8.540137
250759.14,0.016622098,0.5025631,37000.0,151467.38,149824.05,149824.06,0.7491672,10.34334,8.540149,8.54014
250759.14,0.01698013,0.50427157,37000.0,151467.39,149824.06,149824.06,0.7491672,10.343569,8.54015,8.540126
250759.14,0.016496144,0.5082512,37000.0,151467.42,149824.08,149824.08,0.7491672,10.343619,8.54015,8.540135
250759.14,0.014681709,0.47247326,37000.0,151467.34,149824.03,149824.05,0.7491672,10.343311,8.540149,8.540139
250759.14,0.016384294,0.50423986,37000.0,151467.36,149824.08,149824.05,0.7491672,10.343277,8.540151,8.540141
250759.14,0.015876189,0.5252152,37000.0,151467.36,149824.06,149824.06,0.7491672,10.343238,8.54015,8.540133
250759.14,0.015951356,0.49695373,37000.0,151467.38,149824.06,149824.05,0.7491672,10.343285,8.540151,8.54014
250759.14,0.016827343,0.5278933,37000.0,151467.39,149824.06,149824.08,0.7491672,10.343592,8.54015,8.540125
250759.14,0.016492039,0.51434755,37000.0,151467.42,149824.03,149824.08,0.7491672,10.343323,8.54015,8.540134
250759.14,0.01709441,0.52821237,37000.0,151467.33,149824.06,149824.05,0.7491672,10.343333,8.540149,8.540131
250759.14,0.015021744,0.51299816,37000.0,151467.36,149824.08,149824.05,0.7491672,10.343285,8.54015,8.540141
250759.14,0.017496478,0.527102,37000.0,151467.4,149824.05,149824.03,0.7491672,10.343588,8.540149,8.540145
250759.14,0.018632866,0.5174815,37000.0,151467.44,149824.06,149824.06,0.7491672,10.343977,8.54015,8.540135
250759.14,0.017488128,0.526854,37000.0,151467.39,149824.06,149824.05,0.7491672,10.343364,8.54015,8.540134
250759.14,0.01717966,0.53176284,37000.0,151467.44,149824.06,149824.06,0.7491672,10.343602,8.540149,8.540138
250759.14,0.016963439,0.5363912,37000.0,151467.39,149824.05,149824.06,0.7491672,10.343353,8.540149,8.540127
250759.14,0.017613087,0.5338657,37000.0,151467.3,149824.06,149824.06,0.7491672,10.343156,8.540149,8.540142
250759.14,0.016591024,0.52242064,37000.0,151467.33,149824.06,149824.06,0.7491672,10.343363,8.540151,8.5401325
250759.14,0.016092263,0.5089664,37000.0,151467.36,149824.05,149824.06,0.7491672,10.343427,8.540151,8.540137
250759.14,0.018172136,0.51498026,37000.0,151467.42,149824.06,149824.05,0.7491672,10.343607,8.540151,8.540139
250759.14,0.014722426,0.49997243,37000.0,151467.34,149824.08,149824.06,0.7491672,10.342939,8.54015,8.540141
250759.14,0.014928835,0.52215576,37000.0,151467.28,149824.06,149824.03,0.7491672,10.343132,8.540151,8.54015
250759.14,0.017252335,0.5045246,37000.0,151467.34,149824.05,149824.05,0.7491672,10.343188,8.54015,8.540138
250759.14,0.01635796,0.5179509,37000.0,151467.31,149824.06,149824.06,0.7491672,10.343071,8.54015,8.540143
250759.14,0.015470219,0.5132151,37000.0,151467.34,149824.05,149824.06,0.7491672,10.343397,8.540149,8.540134
250759.14,0.016041797,0.52445495,37000.0,151467.34,149824.05,149824.05,0.7491672,10.343456,8.540151,8.540143
250759.14,0.01711542,0.5197827,37000.0,151467.44,149824.06,149824.06,0.7491672,10.343735,8.540149,8.540133
250759.14,0.017776366,0.5339616,37000.0,151467.33,149824.06,149824.05,0.7491672,10.343422,8.54015,8.5401325
250759.14,0.016855214,0.49834833,37000.0,151467.34,149824.08,149824.06,0.7491672,10.343055,8.54015,8.540149
250759.14,0.014636304,0.5052805,37000.0,151467.4,149824.05,149824.05,0.7491672,10.34328,8.540149,8.540141
250759.14,0.017138233,0.5262654,37000.0,151467.38,149824.05,149824.06,0.7491672,10.343398,8.540149,8.540143
250759.14,0.015541693,0.50160384,37000.0,151467.4,149824.03,149824.06,0.7491672,10.343383,8.540149,8.540137
250759.14,0.017285248,0.530518,37000.0,151467.33,149824.08,149824.05,0.7491672,10.343202,8.54015,8.540138
250759.14,0.015284587,0.4869867,37000.0,151467.4,149824.05,149824.05,0.7491672,10.343611,8.540149,8.540137
250759.14,0.01612252,0.5168859,37000.0,151467.39,149824.03,149824.06,0.7491672,10.343566,8.54015,8.540126
250759.14,0.015567366,0.51639587,37000.0,151467.36,149824.03,149824.03,0.7491672,10.343244,8.540149,8.540136
250759.14,0.016843379,0.5097093,37000.0,151467.36,149824.05,149824.06,0.7491672,10.343632,8.540151,8.540134
250759.14,0.015733855,0.5183975,37000.0,151467.42,149824.05,149824.05,0.7491672,10.343753,8.54015,8.540133
250759.14,0.016844109,0.52596796,37000.0,151467.39,149824.06,149824.06,0.7491672,10.343299,8.540149,8.540154
250759.14,0.01523382,0.5136397,37000.0,151467.36,149824.06,149824.08,0.7491672,10.343249,8.540151,8.540127
250759.14,0.016576737,0.52244145,37000.0,151467.33,149824.06,149824.03,0.7491672,10.343058,8.54015,8.540147
250759.14,0.018304706,0.5328353,37000.0,151467.39,149824.06,149824.08,0.7491672,10.343369,8.540151,8.540144
250759.14,0.014479895,0.51577276,37000.0,151467.39,149824.08,149824.06,0.7491672,10.343236,8.54015,8.540153
250759.14,0.015489715,0.5273655,37000.0,151467.33,149824.08,149824.03,0.7491672,10.343175,8.540151,8.540148
250759.14,0.014026863,0.502152,37000.0,151467.34,149824.06,149824.05,0.7491672,10.343264,8.54015,8.540138
250759.14,0.015487389,0.51488507,37000.0,151467.34,149824.05,149824.06,0.7491672,10.343618,8.54015,8.540129
250759.14,0.017839888,0.5170631,37000.0,151467.39,149824.05,149824.08,0.7491672,10.343465,8.54015,8.540138
250759.14,0.016569512,0.5196713,37000.0,151467.42,149824.06,149824.06,0.7491672,10.343793,8.540151,8.540132
250759.14,0.015059425,0.50175315,37000.0,151467.39,149824.05,149824.05,0.7491672,10.343185,8.540151,8.540139
250759.14,0.015528292,0.5005912,37000.0,151467.4,149824.05,149824.05,0.7491672,10.343582,8.540151,8.540134
250759.14,0.015896223,0.49883842,37000.0,151467.36,149824.03,149824.05,0.7491672,10.343284,8.54015,8.540136
250759.14,0.017697696,0.527345,37000.0,151467.4,149824.05,149824.05,0.7491672,10.343493,8.54015,8.540135
250759.14,0.017500794,0.52727556,37000.0,151467.39,149824.05,149824.05,0.7491672,10.343798,8.540151,8.540142
250759.14,0.015856458,0.51563126,37000.0,151467.39,149824.08,149824.06,0.7491672,10.343424,8.540151,8.540133
250759.14,0.016905949,0.5181735,37000.0,151467.39,149824.06,149824.05,0.7491672,10.343376,8.540151,8.540137
250759.14,0.015449854,0.51087046,37000.0,151467.38,149824.06,149824.05,0.7491672,10.343752,8.540149,8.540137
250759.14,0.017739544,0.53218734,37000.0,151467.42,149824.06,149824.05,0.7491672,10.343547,8.54015,8.540123
250759.14,0.01576458,0.49988723,37000.0,151467.4,149824.06,149824.06,0.7491672,10.343672,8.540149,8.540088
250759.14,0.019721907,0.5472623,37000.0,151467.38,149824.06,149824.06,0.7491672,10.34324,8.54015,8.540149
250759.14,0.017220642,0.5174719,37000.0,151467.36,149824.05,149824.05,0.7491672,10.343393,8.54015,8.540136
250759.14,0.01413941,0.47739545,37000.0,151467.34,149824.06,149824.06,0.7491672,10.3436985,8.54015,8.54014
250759.14,0.016219579,0.5208781,37000.0,151467.38,149824.05,149824.06,0.7491672,10.343598,8.540149,8.540136
250759.14,0.016270027,0.5260061,37000.0,151467.42,149824.05,149824.06,0.7491672,10.343724,8.54015,8.540143
250759.14,0.016170783,0.53007,37000.0,151467.38,149824.06,149824.05,0.7491672,10.343681,8.54015,8.540136
250759.14,0.015886374,0.52918303,37000.0,151467.39,149824.05,149824.05,0.7491672,10.343469,8.540148,8.5401325
250759.14,0.015384035,0.51727813,37000.0,151467.38,149824.05,149824.05,0.7491672,10.343398,8.540149,8.54014
250759.14,0.017304078,0.5284768,37000.0,151467.39,149824.06,149824.05,0.7491672,10.3435335,8.54015,8.540135
250759.14,0.01447649,0.5295627,37000.0,151467.36,149824.05,149824.06,0.7491672,10.343505,8.54015,8.540147
250759.14,0.014694833,0.52565974,37000.0,151467.34,149824.06,149824.05,0.7491672,10.343688,8.54015,8.540139
250759.14,0.015824623,0.5336296,37000.0,151467.4,149824.05,149824.05,0.7491672,10.343787,8.54015,8.540139
250759.14,0.015823517,0.5195403,37000.0,151467.34,149824.05,149824.05,0.7491672,10.343243,8.54015,8.540112
250759.14,0.016152201,0.52435017,37000.0,151467.31,149824.08,149824.05,0.7491672,10.343173,8.540149,8.54014
250759.14,0.015919706,0.5277603,37000.0,151467.39,149824.05,149824.05,0.7491672,10.3432255,8.54015,8.540143
250759.14,0.015305547,0.5196766,37000.0,151467.42,149824.06,149824.06,0.7491672,10.343505,8.54015,8.540159
250759.14,0.015305206,0.51438147,37000.0,151467.34,149824.02,149824.05,0.7491672,10.343161,8.54015,8.540166
250759.14,0.015324692,0.5385821,37000.0,151467.36,149824.05,149824.03,0.7491672,10.343279,8.54015,8.540149
250759.14,0.015237237,0.5059273,37000.0,151467.42,149824.06,149824.05,0.7491672,10.343441,8.540148,8.540137
250759.14,0.017442662,0.5164461,37000.0,151467.4,149824.05,149824.05,0.7491672,10.343751,8.540149,8.540142
250759.14,0.016946174,0.52713233,37000.0,151467.34,149824.06,149824.05,0.7491672,10.343357,8.540148,8.540143
250759.14,0.01754286,0.523733,37000.0,151467.38,149824.05,149824.06,0.7491672,10.343347,8.540149,8.5401325
250759.14,0.017155249,0.5355168,37000.0,151467.42,149824.03,149824.05,0.7491672,10.343444,8.540149,8.54013
250759.14,0.018258266,0.53992945,37000.0,151467.38,149824.05,149824.05,0.7491672,10.343055,8.54015,8.540136
250759.14,0.017770939,0.528468,37000.0,151467.38,149824.05,149824.05,0.7491672,10.3432045,8.54015,8.540111
250759.14,0.018942254,0.54028946,37000.0,151467.4,149824.06,149824.03,0.7491672,10.343528,8.540151,8.540121
250759.14,0.017239809,0.5169679,37000.0,151467.36,149824.05,149824.05,0.7491672,10.343415,8.540151,8.540152
250759.14,0.016528726,0.53031397,37000.0,151467.38,149824.06,149824.05,0.7491672,10.343533,8.540151,8.540129
250759.14,0.015669584,0.508451,37000.0,151467.36,149824.06,149824.06,0.7491672,10.3433,8.540149,8.540137
250759.14,0.015789462,0.51501733,37000.0,151467.36,149824.06,149824.03,0.7491672,10.343165,8.54015,8.540152
250759.14,0.017178588,0.53352356,37000.0,151467.44,149824.08,149824.03,0.7491672,10.343896,8.54015,8.540168
250759.14,0.017828543,0.5440482,37000.0,151467.36,149824.06,149824.05,0.7491672,10.343497,8.540151,8.5401945
250759.14,0.016112631,0.52752465,37000.0,151467.42,149824.08,149824.05,0.7491672,10.343415,8.540151,8.540179
250759.14,0.015064367,0.5166738,37000.0,151467.34,149824.03,149824.03,0.7491672,10.34321,8.54015,8.540172
250759.14,0.0174412,0.52719057,37000.0,151467.36,149824.06,149824.05,0.7491672,10.343264,8.54015,8.540172
250759.14,0.018685186,0.5291128,37000.0,151467.3,149824.03,149824.05,0.7491672,10.342958,8.54015,8.54017
250759.14,0.01898038,0.53922427,37000.0,151467.39,149824.06,149824.03,0.7491672,10.343217,8.54015,8.540188
250759.14,0.01923542,0.54661536,37000.0,151467.34,149824.06,149824.06,0.7491672,10.343228,8.540149,8.540175
250759.14,0.016470443,0.5338973,37000.0,151467.4,149824.06,149824.05,0.7491672,10.343214,8.540149,8.540177
250759.14,0.017778434,0.52689636,37000.0,151467.42,149824.05,149824.05,0.7491672,10.343453,8.540149,8.540176
250759.14,0.016895572,0.5339331,37000.0,151467.34,149824.05,149824.06,0.7491672,10.343044,8.540149,8.540202
250759.14,0.018543404,0.5334918,37000.0,151467.4,149824.06,149824.05,0.7491672,10.343541,8.540149,8.54016
250759.14,0.017868906,0.5325039,37000.0,151467.38,149824.08,149824.03,0.7491672,10.343413,8.540151,8.54016
250759.14,0.017994918,0.54293954,37000.0,151467.39,149824.05,149824.03,0.7491672,10.343733,8.54015,8.540204
250759.14,0.017689098,0.53142786,37000.0,151467.33,149824.05,149824.06,0.7491672,10.343349,8.540151,8.540193
250759.14,0.01725943,0.519942,37000.0,151467.31,149824.05,149824.08,0.7491672,10.343428,8.540151,8.540179
250759.14,0.015419783,0.5184448,37000.0,151467.39,149824.06,149824.05,0.7491672,10.343425,8.54015,8.540164
250759.14,0.01792676,0.5512645,37000.0,151467.38,149824.03,149824.06,0.7491672,10.343193,8.540151,8.540178
250759.14,0.015961466,0.54177606,37000.0,151467.36,149824.06,149824.08,0.7491672,10.343378,8.54015,8.540188
250759.14,0.019734446,0.5469265,37000.0,151467.36,149824.06,149824.05,0.7491672,10.343326,8.540151,8.540171
250759.14,0.015089809,0.5474099,37000.0,151467.3,149824.06,149824.05,0.7491672,10.342871,8.540148,8.540156
250759.14,0.01590301,0.5409256,37000.0,151467.4,149824.06,149824.05,0.7491672,10.34349,8.540149,8.540184
250759.14,0.017354973,0.54654145,37000.0,151467.31,149824.05,149824.03,0.7491672,10.343329,8.54015,8.540199
250759.14,0.01726613,0.5431663,37000.0,151467.36,149824.03,149824.05,0.7491672,10.343648,8.54015,8.540162
250759.14,0.015483644,0.5223317,37000.0,151467.34,149824.08,149824.05,0.7491672,10.343227,8.540149,8.540187
250759.14,0.018048052,0.54331887,37000.0,151467.39,149824.06,149824.06,0.7491672,10.343704,8.540149,8.540195
250759.14,0.0171294,0.5410074,37000.0,151467.45,149824.08,149824.06,0.7491672,10.343583,8.540149,8.540199
250759.14,0.015302124,0.51766926,37000.0,151467.33,149824.03,149824.03,0.7491672,10.343241,8.54015,8.540189
250759.14,0.015953029,0.5272416,37000.0,151467.38,149824.05,149824.05,0.7491672,10.343287,8.54015,8.540162
250759.14,0.016099226,0.52089095,37000.0,151467.4,149824.03,149824.06,0.7491672,10.343406,8.540149,8.540184
250759.14,0.017505055,0.53339314,37000.0,151467.39,149824.06,149824.05,0.7491672,10.343382,8.54015,8.540178
250759.14,0.018099478,0.5302557,37000.0,151467.36,149824.06,149824.03,0.7491672,10.34313,8.54015,8.540193
250759.14,0.017753154,0.52293104,37000.0,151467.38,149824.05,149824.05,0.7491672,10.3434515,8.54015,8.540204
250759.14,0.018236712,0.5428387,37000.0,151467.34,149824.05,149824.05,0.7491672,10.343481,8.540149,8.540198
250759.14,0.017608998,0.5384321,37000.0,151467.38,149824.06,149824.05,0.7491672,10.343275,8.54015,8.540188
250759.14,0.01631354,0.5271209,37000.0,151467.4,149824.05,149824.03,0.7491672,10.343435,8.540151,8.540173
250759.14,0.01625874,0.53099275,37000.0,151467.45,149824.05,149824.06,0.7491672,10.343273,8.54015,8.540171
250759.14,0.017667806,0.53672373,37000.0,151467.38,149824.06,149824.03,0.7491672,10.343288,8.540151,8.540164
250759.14,0.018526405,0.535313,37000.0,151467.34,149824.06,149824.03,0.7491672,10.343053,8.540151,8.540165
250759.14,0.016467165,0.50546986,37000.0,151467.39,149824.06,149824.06,0.7491672,10.343707,8.540149,8.54016
250759.14,0.018779375,0.5419303,37000.0,151467.39,149824.05,149824.08,0.7491672,10.34327,8.540151,8.540172
250759.14,0.017124167,0.5267529,37000.0,151467.36,149824.03,149824.05,0.7491672,10.343052,8.54015,8.540178
250759.14,0.015987003,0.5220752,37000.0,151467.38,149824.05,149824.03,0.7491672,10.343438,8.54015,8.540182
250759.14,0.014762524,0.5265224,37000.0,151467.39,149824.05,149824.06,0.7491672,10.343994,8.54015,8.54018
250759.14,0.017057624,0.53914934,37000.0,151467.4,149824.06,149824.06,0.7491672,10.343555,8.54015,8.540184
250759.14,0.018515762,0.536432,37000.0,151467.4,149824.05,149824.06,0.7491672,10.34351,8.540149,8.54016
250759.14,0.019950232,0.5486829,37000.0,151467.44,149824.05,149824.05,0.7491672,10.343644,8.540149,8.540194
250759.14,0.015387474,0.5282506,37000.0,151467.42,149824.03,149824.05,0.7491672,10.343435,8.54015,8.540175
250759.14,0.01809329,0.5249456,37000.0,151467.42,149824.06,149824.06,0.7491672,10.343214,8.54015,8.540185
250759.14,0.01696864,0.53153104,37000.0,151467.31,149824.05,149824.03,0.7491672,10.343494,8.54015,8.540171
250759.14,0.013792797,0.49868774,37000.0,151467.33,149824.05,149824.06,0.7491672,10.343379,8.54015,8.540191
250759.14,0.016366564,0.49500728,37000.0,151467.4,149824.08,149824.03,0.7491672,10.34337,8.540149,8.540196
250759.14,0.016187001,0.5230275,37000.0,151467.34,149824.06,149824.05,0.7491672,10.343348,8.540149,8.5401745
250759.14,0.017037544,0.5231042,37000.0,151467.34,149824.06,149824.06,0.7491672,10.343322,8.540149,8.540199
250759.14,0.01731856,0.527063,37000.0,151467.42,149824.03,149824.05,0.7491672,10.343432,8.54015,8.540198
250759.14,0.017981153,0.52923733,37000.0,151467.4,149824.05,149824.06,0.7491672,10.343668,8.54015,8.540193
250759.14,0.018132562,0.53599983,37000.0,151467.45,149824.03,149824.05,0.7491672,10.343654,8.540149,8.540197
250759.14,0.01738506,0.52041525,37000.0,151467.39,149824.03,149824.05,0.7491672,10.343043,8.540149,8.540155
250759.14,0.016835986,0.5053447,37000.0,151467.36,149824.06,149824.03,0.7491672,10.343219,8.540149,8.540176
250759.14,0.01734431,0.53509706,37000.0,151467.42,149824.06,149824.05,0.7491672,10.343688,8.540149,8.540178
250759.14,0.016530178,0.5116195,37000.0,151467.42,149824.05,149824.05,0.7491672,10.34346,8.54015,8.540165
250759.14,0.019348446,0.5424498,37000.0,151467.3,149824.06,149824.06,0.7491672,10.343501,8.54015,8.540176
250759.14,0.018936083,0.5330095,37000.0,151467.44,149824.06,149824.06,0.7491672,10.343589,8.54015,8.540176
250759.14,0.018696552,0.51426804,37000.0,151467.39,149824.05,149824.05,0.7491672,10.343167,8.540149,8.540168
250759.14,0.015409922,0.52007115,37000.0,151467.36,149824.08,149824.05,0.7491672,10.343404,8.540151,8.540187
250759.14,0.018112885,0.54336995,37000.0,151467.4,149824.06,149824.03,0.7491672,10.34356,8.540149,8.540169
250759.14,0.01580308,0.48829427,37000.0,151467.34,149824.05,149824.06,0.7491672,10.343375,8.54015,8.540171
250759.14,0.01725244,0.53651917,37000.0,151467.39,149824.05,149824.03,0.7491672,10.343319,8.54015,8.540163
250759.14,0.017813917,0.534559,37000.0,151467.36,149824.06,149824.05,0.7491672,10.343726,8.540149,8.540178
250759.14,0.018574152,0.5369701,37000.0,151467.4,149824.05,149824.06,0.7491672,10.343551,8.54015,8.54017
250759.14,0.018626818,0.54129744,37000.0,151467.42,149824.08,149824.03,0.7491672,10.343514,8.54015,8.540197
250759.14,0.017400261,0.5273845,37000.0,151467.4,149824.03,149824.05,0.7491672,10.343555,8.54015,8.540189
250759.14,0.016880607,0.5225537,37000.0,151467.39,149824.03,149824.05,0.7491672,10.343314,8.54015,8.540179
250759.14,0.016263874,0.50828,37000.0,151467.38,149824.05,149824.06,0.7491672,10.343611,8.540148,8.540185
250759.14,0.0139800925,0.47665936,37000.0,151467.39,149824.06,149824.03,0.7491672,10.3436,8.540151,8.540159
250759.14,0.01684454,0.5216367,37000.0,151467.34,149824.06,149824.05,0.7491672,10.343163,8.540149,8.540185
250759.14,0.0154986745,0.49858308,37000.0,151467.44,149824.05,149824.05,0.7491672,10.343605,8.54015,8.540201
250759.14,0.019368783,0.536067,37000.0,151467.33,149824.05,149824.03,0.7491672,10.343069,8.540151,8.540185
250759.14,0.017606998,0.5354985,37000.0,151467.38,149824.03,149824.05,0.7491672,10.343615,8.540149,8.540177
250759.14,0.017568637,0.51926357,37000.0,151467.33,149824.03,149824.05,0.7491672,10.342897,8.540151,8.540177
250759.14,0.01713391,0.5235622,37000.0,151467.36,149824.06,149824.05,0.7491672,10.343631,8.54015,8.540181
250759.14,0.016179256,0.5104388,37000.0,151467.31,149824.05,149824.05,0.7491672,10.343178,8.540151,8.540157
250759.14,0.016430227,0.537989,37000.0,151467.33,149824.06,149824.08,0.7491672,10.343466,8.540149,8.540169
250759.14,0.01818902,0.53655154,37000.0,151467.34,149824.08,149824.06,0.7491672,10.343268,8.54015,8.540175
250759.14,0.017318413,0.547959,37000.0,151467.38,149824.06,149824.05,0.7491672,10.343497,8.540149,8.540175
250759.14,0.017762909,0.54119956,37000.0,151467.4,149824.05,149824.05,0.7491672,10.343414,8.540149,8.5401745
250759.14,0.017655808,0.55498475,37000.0,151467.33,149824.05,149824.06,0.7491672,10.343308,8.540149,8.540153
250759.14,0.013019878,0.51114887,37000.0,151467.33,149824.06,149824.02,0.7491672,10.343059,8.54015,8.540209
250759.14,0.017543599,0.5235176,37000.0,151467.36,149824.06,149824.03,0.7491672,10.343627,8.540151,8.540198
250759.14,0.018720832,0.5361578,37000.0,151467.4,149824.06,149824.05,0.7491672,10.343666,8.54015,8.540196
250759.14,0.018236592,0.53709763,37000.0,151467.4,149824.06,149824.05,0.7491672,10.343535,8.54015,8.540205
250759.14,0.015961977,0.51447767,37000.0,151467.36,149824.08,149824.06,0.7491672,10.343349,8.54015,8.540193
250759.14,0.016637139,0.5148935,37000.0,151467.42,149824.06,149824.05,0.7491672,10.343415,8.54015,8.540173
250759.14,0.016149724,0.52070844,37000.0,151467.28,149824.08,149824.1,0.7491672,10.343054,8.540151,8.540167
250759.14,0.0168706,0.5281566,37000.0,151467.39,149824.06,149824.05,0.7491672,10.343566,8.54015,8.540164
250759.14,0.017416388,0.5236638,37000.0,151467.38,149824.06,149824.03,0.7491672,10.343481,8.540149,8.540162
250759.14,0.016272772,0.5194717,37000.0,151467.36,149824.06,149824.03,0.7491672,10.34323,8.540151,8.540158
250759.14,0.017360538,0.5320529,37000.0,151467.39,149824.02,149824.06,0.7491672,10.343398,8.54015,8.540157
250759.14,0.018243227,0.54101384,37000.0,151467.33,149824.05,149824.05,0.7491672,10.343191,8.540149,8.54016
250759.14,0.015973102,0.522668,37000.0,151467.44,149824.05,149824.03,0.7491672,10.343486,8.540149,8.540193
250759.14,0.015497526,0.498502,37000.0,151467.38,149824.08,149824.05,0.7491672,10.343439,8.54015,8.540182
250759.14,0.017615734,0.5359536,37000.0,151467.39,149824.06,149824.06,0.7491672,10.343522,8.54015,8.54018
250759.14,0.013670359,0.52798444,37000.0,151467.44,149824.05,149824.06,0.7491672,10.343634,8.540151,8.540159
250759.14,0.01660949,0.54844147,37000.0,151467.38,149824.05,149824.03,0.7491672,10.343399,8.54015,8.540171
250759.14,0.016992277,0.530681,37000.0,151467.34,149824.05,149824.05,0.7491672,10.343135,8.540149,8.540182
250759.14,0.019769484,0.5504649,37000.0,151467.39,149824.05,149824.05,0.7491672,10.343379,8.54015,8.540185
250759.14,0.019016689,0.53468305,37000.0,151467.36,149824.06,149824.05,0.7491672,10.343265,8.540151,8.540191
250759.14,0.018778754,0.54798,37000.0,151467.39,149824.05,149824.03,0.7491672,10.343492,8.54015,8.540184
250759.14,0.016860407,0.543098,37000.0,151467.34,149824.05,149824.05,0.7491672,10.343199,8.54015,8.540167
250759.14,0.018452805,0.560561,37000.0,151467.39,149824.05,149824.03,0.7491672,10.3434725,8.54015,8.540161
250759.14,0.016123999,0.5404501,37000.0,151467.34,149824.08,149824.06,0.7491672,10.343332,8.54015,8.540191
250759.14,0.015512703,0.5179022,37000.0,151467.34,149824.06,149824.05,0.7491672,10.34335,8.540149,8.540191
250759.14,0.015439582,0.53200614,37000.0,151467.42,149824.06,149824.06,0.7491672,10.343543,8.54015,8.540174
250759.14,0.017822802,0.5345799,37000.0,151467.39,149824.05,149824.06,0.7491672,10.343011,8.54015,8.540181
250759.14,0.016932355,0.5486398,37000.0,151467.4,149824.06,149824.03,0.7491672,10.343596,8.54015,8.540184
250759.14,0.017778175,0.5324955,37000.0,151467.42,149824.06,149824.05,0.7491672,10.343519,8.54015,8.540183
250759.14,0.016598674,0.549974,37000.0,151467.38,149824.03,149824.06,0.7491672,10.343514,8.54015,8.540187
250759.14,0.015710158,0.5402283,37000.0,151467.36,149824.06,149824.08,0.7491672,10.343216,8.54015,8.540157
250759.14,0.020109542,0.5544057,37000.0,151467.39,149824.06,149824.05,0.7491672,10.343469,8.540151,8.540153
250759.14,0.018916873,0.5525923,37000.0,151467.44,149824.05,149824.05,0.7491672,10.343631,8.54015,8.540159
250759.14,0.016255118,0.5299868,37000.0,151467.38,149824.03,149824.05,0.7491672,10.3432665,8.54015,8.540149
250759.14,0.018002842,0.5548945,37000.0,151467.34,149824.06,149824.08,0.7491672,10.343503,8.54015,8.54015
250759.14,0.016963778,0.5515831,37000.0,151467.34,149824.05,149824.05,0.7491672,10.34354,8.540149,8.5401535
250759.14,0.017560437,0.55942374,37000.0,151467.4,149824.05,149824.08,0.7491672,10.343392,8.540151,8.540153
250759.14,0.01657162,0.5327291,37000.0,151467.38,149824.08,149824.06,0.7491672,10.343417,8.540151,8.540154
250759.14,0.018996365,0.5450262,37000.0,151467.39,149824.05,149824.06,0.7491672,10.343531,8.540149,8.540147
250759.14,0.018675579,0.55584353,37000.0,151467.4,149824.06,149824.05,0.7491672,10.343735,8.54015,8.540153
250759.14,0.020179704,0.56511843,37000.0,151467.42,149824.05,149824.03,0.7491672,10.343492,8.540149,8.54015
250759.14,0.017894533,0.54640734,37000.0,151467.4,149824.06,149824.03,0.7491672,10.343216,8.540149,8.540155
250759.14,0.017090838,0.5341402,37000.0,151467.39,149824.06,149824.08,0.7491672,10.343315,8.540151,8.540152
250759.14,0.018148713,0.56644315,37000.0,151467.36,149824.05,149824.03,0.7491672,10.343364,8.540149,8.540152
250759.14,0.017324198,0.52197754,37000.0,151467.34,149824.08,149824.05,0.7491672,10.343219,8.54015,8.540152
250759.14,0.01735754,0.54938996,37000.0,151467.38,149824.05,149824.06,0.7491672,10.343208,8.54015,8.540152
250759.14,0.019550396,0.5595445,37000.0,151467.44,149824.05,149824.05,0.7491672,10.343507,8.54015,8.540151
250759.14,0.018186333,0.53448206,37000.0,151467.38,149824.05,149824.06,0.7491672,10.343403,8.54015,8.540158
250759.14,0.016125195,0.5256377,37000.0,151467.4,149824.03,149824.08,0.7491672,10.343472,8.54015,8.54015
250759.14,0.014494862,0.5097602,37000.0,151467.44,149824.06,149824.03,0.7491672,10.343781,8.54015,8.540173
250759.14,0.01732029,0.53893715,37000.0,151467.47,149824.05,149824.05,0.7491672,10.343798,8.54015,8.540148
250759.14,0.018930847,0.5541595,37000.0,151467.38,149824.03,149824.05,0.7491672,10.343165,8.540149,8.540147
250759.14,0.017468253,0.5334739,37000.0,151467.38,149824.05,149824.06,0.7491672,10.343356,8.54015,8.540171
250759.14,0.018024534,0.5395964,37000.0,151467.39,149824.08,149824.05,0.7491672,10.343678,8.54015,8.540175
250759.14,0.018560614,0.54794,37000.0,151467.44,149824.05,149824.06,0.7491672,10.3435545,8.540149,8.540145
250759.14,0.017855475,0.55608994,37000.0,151467.38,149824.05,149824.05,0.7491672,10.34335,8.54015,8.540154
250759.14,0.016948715,0.5341135,37000.0,151467.38,149824.03,149824.06,0.7491672,10.343607,8.54015,8.540152
250759.14,0.017748443,0.53885746,37000.0,151467.36,149824.05,149824.05,0.7491672,10.343103,8.54015,8.540151
250759.14,0.01791173,0.5449813,37000.0,151467.39,149824.05,149824.05,0.7491672,10.343373,8.54015,8.540152
250759.14,0.018214548,0.54143286,37000.0,151467.39,149824.05,149824.05,0.7491672,10.3434305,8.540149,8.540156
250759.14,0.019633494,0.5601931,37000.0,151467.39,149824.06,149824.06,0.7491672,10.343333,8.54015,8.540151
250759.14,0.01861651,0.54251003,37000.0,151467.36,149824.05,149824.03,0.7491672,10.343462,8.54015,8.540154
250759.14,0.017255725,0.53497213,37000.0,151467.36,149824.06,149824.05,0.7491672,10.343205,8.54015,8.540155
250759.14,0.018338272,0.56267494,37000.0,151467.34,149824.05,149824.06,0.7491672,10.343354,8.54015,8.540152
250759.14,0.017442435,0.5370666,37000.0,151467.39,149824.06,149824.03,0.7491672,10.343234,8.54015,8.5401535
250759.14,0.019814799,0.56146234,37000.0,151467.38,149824.05,149824.05,0.7491672,10.343324,8.540151,8.540165
250759.14,0.01790507,0.55464536,37000.0,151467.3,149824.05,149824.05,0.7491672,10.343015,8.54015,8.540172
250759.14,0.0192197,0.56660885,37000.0,151467.34,149824.06,149824.03,0.7491672,10.343148,8.54015,8.54015
250759.14,0.018491272,0.54996693,37000.0,151467.34,149824.05,149824.06,0.7491672,10.343188,8.54015,8.540153
250759.14,0.018814817,0.5706103,37000.0,151467.31,149824.05,149824.05,0.7491672,10.343548,8.540149,8.540149
250759.14,0.016922222,0.5362199,37000.0,151467.39,149824.05,149824.05,0.7491672,10.343539,8.54015,8.54015
250759.14,0.017497906,0.5353758,37000.0,151467.39,149824.05,149824.06,0.7491672,10.343388,8.540149,8.540147
250759.14,0.017296242,0.5649431,37000.0,151467.36,149824.08,149824.03,0.7491672,10.3437195,8.54015,8.540151
250759.14,0.01753863,0.5522857,37000.0,151467.36,149824.06,149824.05,0.7491672,10.343494,8.54015,8.540151
250759.14,0.017305981,0.54634607,37000.0,151467.36,149824.03,149824.06,0.7491672,10.3438015,8.54015,8.540149
250759.14,0.016880035,0.5655589,37000.0,151467.36,149824.06,149824.06,0.7491672,10.343229,8.540149,8.540151
250759.14,0.017492622,0.55797327,37000.0,151467.34,149824.05,149824.05,0.7491672,10.343194,8.54015,8.540149
250759.14,0.016749073,0.5564443,37000.0,151467.36,149824.06,149824.06,0.7491672,10.343759,8.540149,8.540163
250759.14,0.01606142,0.543837,37000.0,151467.33,149824.03,149824.03,0.7491672,10.3433695,8.540149,8.540149
250759.14,0.017260808,0.5460567,37000.0,151467.36,149824.06,149824.06,0.7491672,10.343192,8.540149,8.540152
250759.14,0.01842563,0.5368965,37000.0,151467.38,149824.06,149824.06,0.7491672,10.34358,8.54015,8.540149
250759.14,0.014759916,0.5201213,37000.0,151467.4,149824.06,149824.06,0.7491672,10.343762,8.540149,8.540151
250759.14,0.019041613,0.55385995,37000.0,151467.34,149824.03,149824.03,0.7491672,10.343223,8.54015,8.540148
250759.14,0.018858902,0.55186033,37000.0,151467.38,149824.08,149824.06,0.7491672,10.343285,8.540151,8.540155
250759.14,0.017037176,0.54090756,37000.0,151467.38,149824.05,149824.05,0.7491672,10.34329,8.54015,8.540155
250759.14,0.017855175,0.5409347,37000.0,151467.34,149824.05,149824.06,0.7491672,10.343507,8.540149,8.540149
250759.14,0.017045695,0.55073446,37000.0,151467.39,149824.06,149824.06,0.7491672,10.343625,8.54015,8.5401535
250759.14,0.014327889,0.51477844,37000.0,151467.34,149824.05,149824.06,0.7491672,10.343256,8.54015,8.540151
250759.14,0.018182259,0.5397525,37000.0,151467.34,149824.05,149824.06,0.7491672,10.343207,8.540149,8.540149
250759.14,0.016746493,0.5397747,37000.0,151467.36,149824.05,149824.05,0.7491672,10.343386,8.54015,8.54016
250759.14,0.01763448,0.5453963,37000.0,151467.33,149824.05,149824.06,0.7491672,10.343196,8.540149,8.540145
250759.14,0.017963037,0.54004246,37000.0,151467.4,149824.05,149824.02,0.7491672,10.343701,8.54015,8.540147
250759.14,0.01908595,0.5467116,37000.0,151467.4,149824.05,149824.06,0.7491672,10.343699,8.54015,8.540152
250759.14,0.019771669,0.5516532,37000.0,151467.39,149824.05,149824.06,0.7491672,10.343354,8.540148,8.540152
250759.14,0.018019669,0.56401205,37000.0,151467.38,149824.06,149824.06,0.7491672,10.343242,8.540151,8.540149
250759.14,0.01847185,0.54484797,37000.0,151467.36,149824.06,149824.05,0.7491672,10.343765,8.54015,8.540152
250759.14,0.018027911,0.5647824,37000.0,151467.36,149824.06,149824.05,0.7491672,10.343662,8.54015,8.540153
250759.14,0.017054616,0.5674427,37000.0,151467.42,149824.06,149824.03,0.7491672,10.343799,8.54015,8.54015
250759.14,0.017137107,0.5447175,37000.0,151467.39,149824.03,149824.06,0.7491672,10.343349,8.54015,8.54015
250759.14,0.015506366,0.5544923,37000.0,151467.36,149824.06,149824.05,0.7491672,10.343395,8.54015,8.540151
250759.14,0.015768616,0.5682263,37000.0,151467.44,149824.08,149824.06,0.7491672,10.343379,8.54015,8.54015
250759.14,0.017075278,0.56268555,37000.0,151467.34,149824.05,149824.05,0.7491672,10.343208,8.54015,8.540152
250759.14,0.0186503,0.5699407,37000.0,151467.31,149824.03,149824.08,0.7491672,10.343208,8.54015,8.540152
250759.14,0.018354053,0.54705954,37000.0,151467.44,149824.05,149824.06,0.7491672,10.343378,8.54015,8.540151
250759.14,0.014755374,0.48990598,37000.0,151467.34,149824.06,149824.08,0.7491672,10.343331,8.540149,8.540151
250759.14,0.017191565,0.5464563,37000.0,151467.31,149824.06,149824.05,0.7491672,10.343004,8.54015,8.540149
250759.14,0.017610295,0.5713131,37000.0,151467.36,149824.06,149824.05,0.7491672,10.3435,8.54015,8.540151
250759.14,0.017613681,0.5509738,37000.0,151467.33,149824.06,149824.06,0.7491672,10.343299,8.54015,8.540153
250759.14,0.015424352,0.561561,37000.0,151467.39,149824.06,149824.08,0.7491672,10.343552,8.54015,8.540154
250759.14,0.014418711,0.56154555,37000.0,151467.4,149824.06,149824.03,0.7491672,10.343495,8.54015,8.54015
250759.14,0.016125105,0.5443282,37000.0,151467.34,149824.05,149824.03,0.7491672,10.343533,8.540149,8.540151
250759.14,0.017663395,0.547989,37000.0,151467.38,149824.05,149824.05,0.7491672,10.343456,8.54015,8.54015
250759.14,0.017409645,0.5398496,37000.0,151467.42,149824.05,149824.08,0.7491672,10.34382,8.540149,8.540155
250759.14,0.015996467,0.5352951,37000.0,151467.36,149824.06,149824.06,0.7491672,10.343236,8.54015,8.540153
250759.14,0.020552384,0.5528293,37000.0,151467.34,149824.06,149824.05,0.7491672,10.343202,8.54015,8.54015
250759.14,0.017932354,0.5451222,37000.0,151467.45,149824.03,149824.06,0.7491672,10.34366,8.54015,8.540147
250759.14,0.016654503,0.5390752,37000.0,151467.39,149824.06,149824.05,0.7491672,10.343619,8.54015,8.540153
250759.14,0.016360722,0.53551286,37000.0,151467.38,149824.06,149824.06,0.7491672,10.343269,8.540151,8.540155
250759.14,0.016383769,0.53065497,37000.0,151467.4,149824.03,149824.06,0.7491672,10.343284,8.540149,8.540152
250759.14,0.017085858,0.5323181,37000.0,151467.4,149824.08,149824.05,0.7491672,10.343417,8.54015,8.54015
250759.14,0.017486615,0.54902977,37000.0,151467.34,149824.05,149824.06,0.7491672,10.343297,8.54015,8.540149
250759.14,0.017688707,0.53788334,37000.0,151467.34,149824.05,149824.06,0.7491672,10.343823,8.54015,8.540153
250759.14,0.01675428,0.54417235,37000.0,151467.36,149824.05,149824.06,0.7491672,10.343213,8.540149,8.540151
250759.14,0.016977055,0.5337469,37000.0,151467.36,149824.06,149824.05,0.7491672,10.343399,8.540151,8.540152
250759.14,0.01860049,0.57044894,37000.0,151467.38,149824.03,149824.06,0.7491672,10.343471,8.540149,8.540151
250759.14,0.016100867,0.5471592,37000.0,151467.36,149824.06,149824.05,0.7491672,10.343373,8.540151,8.540147
250759.14,0.016551489,0.5215455,37000.0,151467.39,149824.05,149824.05,0.7491672,10.343435,8.540149,8.540151
250759.14,0.018408358,0.55397993,37000.0,151467.44,149824.06,149824.05,0.7491672,10.343708,8.540151,8.540149
250759.14,0.018287893,0.54234827,37000.0,151467.38,149824.05,149824.05,0.7491672,10.343679,8.54015,8.540153
250759.14,0.019419452,0.5524989,37000.0,151467.4,149824.06,149824.06,0.7491672,10.343646,8.54015,8.540153
250759.14,0.018540232,0.54081315,37000.0,151467.4,149824.05,149824.06,0.7491672,10.34342,8.54015,8.540152
250759.14,0.016687276,0.519713,37000.0,151467.39,149824.06,149824.06,0.7491672,10.343381,8.54015,8.540148
250759.14,0.016428519,0.5271887,37000.0,151467.36,149824.06,149824.05,0.7491672,10.343216,8.54015,8.540149
250759.14,0.01749634,0.53386915,37000.0,151467.42,149824.05,149824.06,0.7491672,10.343488,8.540151,8.540152
250759.14,0.016096517,0.51796216,37000.0,151467.4,149824.02,149824.06,0.7491672,10.343502,8.540149,8.540121
250759.14,0.017673753,0.5372456,37000.0,151467.4,149824.03,149824.06,0.7491672,10.3435135,8.54015,8.540155
250759.14,0.018945217,0.55474764,37000.0,151467.31,149824.05,149824.06,0.7491672,10.343268,8.54015,8.540141
250759.14,0.018448954,0.5207116,37000.0,151467.39,149824.05,149824.06,0.7491672,10.343273,8.54015,8.540155
250759.14,0.018430747,0.55217427,37000.0,151467.36,149824.05,149824.06,0.7491672,10.343116,8.540149,8.540178
250759.14,0.01690222,0.54885566,37000.0,151467.38,149824.06,149824.06,0.7491672,10.343606,8.540151,8.540163
250759.14,0.016307618,0.524846,37000.0,151467.4,149824.05,149824.05,0.7491672,10.343509,8.54015,8.540145
250759.14,0.017329313,0.5453213,37000.0,151467.39,149824.03,149824.05,0.7491672,10.343623,8.54015,8.540157
250759.14,0.017972374,0.5390106,37000.0,151467.4,149824.05,149824.05,0.7491672,10.34355,8.540148,8.540151
250759.14,0.017348245,0.53516424,37000.0,151467.39,149824.06,149824.05,0.7491672,10.3436775,8.540151,8.540144
250759.14,0.018037234,0.5354213,37000.0,151467.34,149824.06,149824.06,0.7491672,10.343413,8.54015,8.540145
250759.14,0.018380513,0.5405136,37000.0,151467.38,149824.05,149824.08,0.7491672,10.343675,8.54015,8.540152
250759.14,0.017080171,0.5543806,37000.0,151467.34,149824.03,149824.08,0.7491672,10.343436,8.54015,8.540136
250759.14,0.01893618,0.55777824,37000.0,151467.36,149824.06,149824.05,0.7491672,10.343339,8.54015,8.54013
250759.14,0.016759086,0.5217092,37000.0,151467.39,149824.06,149824.06,0.7491672,10.343512,8.54015,8.540141
250759.14,0.018050164,0.56393826,37000.0,151467.31,149824.05,149824.05,0.7491672,10.34292,8.540149,8.54014
250759.14,0.01761176,0.5480172,37000.0,151467.42,149824.08,149824.08,0.7491672,10.343352,8.540149,8.540148
250759.14,0.0176011,0.5217623,37000.0,151467.4,149824.03,149824.06,0.7491672,10.343347,8.54015,8.54013
250759.14,0.017295996,0.53313965,37000.0,151467.44,149824.05,149824.06,0.7491672,10.343622,8.540149,8.540135
250759.14,0.01766806,0.55073196,37000.0,151467.45,149824.05,149824.06,0.7491672,10.343628,8.54015,8.540141
250759.14,0.017417766,0.55563575,37000.0,151467.38,149824.08,149824.05,0.7491672,10.343573,8.540149,8.540149
250759.14,0.016164672,0.54095876,37000.0,151467.34,149824.06,149824.06,0.7491672,10.34315,8.540149,8.540134
250759.14,0.020007927,0.56135076,37000.0,151467.36,149824.05,149824.05,0.7491672,10.343145,8.54015,8.540141
250759.14,0.016980316,0.510756,37000.0,151467.33,149824.06,149824.06,0.7491672,10.343203,8.54015,8.540142
250759.14,0.01780078,0.54685205,37000.0,151467.33,149824.05,149824.06,0.7491672,10.343405,8.54015,8.540134
250759.14,0.020066882,0.5679128,37000.0,151467.36,149824.03,149824.06,0.7491672,10.34315,8.540151,8.540149
250759.14,0.018214785,0.5481532,37000.0,151467.33,149824.06,149824.06,0.7491672,10.34331,8.54015,8.540131
250759.14,0.014055873,0.5436541,37000.0,151467.39,149824.05,149824.05,0.7491672,10.3432,8.540149,8.540145
250759.14,0.0178372,0.54093987,37000.0,151467.34,149824.05,149824.05,0.7491672,10.342995,8.54015,8.540142
250759.14,0.017816396,0.5289049,37000.0,151467.38,149824.03,149824.08,0.7491672,10.343505,8.540149,8.540148
250759.14,0.018951364,0.54848737,37000.0,151467.44,149824.05,149824.06,0.7491672,10.3437805,8.54015,8.540138
250759.14,0.018938022,0.5675221,37000.0,151467.33,149824.06,149824.06,0.7491672,10.343152,8.54015,8.540145
250759.14,0.017966049,0.5485861,37000.0,151467.34,149824.06,149824.06,0.7491672,10.343458,8.540149,8.54015
250759.14,0.016114436,0.5221671,37000.0,151467.38,149824.06,149824.1,0.7491672,10.343417,8.54015,8.540145
250759.14,0.01865828,0.554925,37000.0,151467.42,149824.08,149824.06,0.7491672,10.343835,8.540149,8.540145
250759.14,0.017380333,0.5545075,37000.0,151467.38,149824.05,149824.06,0.7491672,10.343507,8.540151,8.540134
250759.14,0.017670592,0.5503523,37000.0,151467.45,149824.06,149824.05,0.7491672,10.343446,8.540149,8.540148
250759.14,0.017828848,0.54632616,37000.0,151467.36,149824.08,149824.05,0.7491672,10.343214,8.54015,8.540152
250759.14,0.017542029,0.54880816,37000.0,151467.4,149824.06,149824.05,0.7491672,10.343335,8.540151,8.540151
250759.14,0.018437669,0.55888575,37000.0,151467.44,149824.06,149824.03,0.7491672,10.3440275,8.540149,8.540151
250759.14,0.016131552,0.5423219,37000.0,151467.4,149824.06,149824.06,0.7491672,10.343787,8.54015,8.540156
250759.14,0.018370843,0.54638344,37000.0,151467.36,149824.05,149824.06,0.7491672,10.343445,8.54015,8.540144
250759.14,0.017825754,0.53215885,37000.0,151467.39,149824.08,149824.05,0.7491672,10.343615,8.540148,8.540134
250759.14,0.016990257,0.52600104,37000.0,151467.36,149824.03,149824.05,0.7491672,10.343353,8.540148,8.540146
250759.14,0.018255958,0.54754835,37000.0,151467.44,149824.08,149824.05,0.7491672,10.343766,8.54015,8.540141
250759.14,0.01846151,0.54908717,37000.0,151467.38,149824.08,149824.06,0.7491672,10.343638,8.54015,8.540135
250759.14,0.019028058,0.55275565,37000.0,151467.38,149824.05,149824.06,0.7491672,10.343216,8.540149,8.540143
250759.14,0.017580163,0.5588533,37000.0,151467.39,149824.06,149824.06,0.7491672,10.343393,8.54015,8.540148
250759.14,0.019899715,0.5596644,37000.0,151467.33,149824.1,149824.03,0.7491672,10.342961,8.54015,8.540133
250759.14,0.018386543,0.54565006,37000.0,151467.45,149824.03,149824.05,0.7491672,10.343503,8.540149,8.54014
250759.14,0.016799487,0.5404628,37000.0,151467.42,149824.06,149824.06,0.7491672,10.343341,8.540149,8.540143
250759.14,0.018248558,0.5613934,37000.0,151467.45,149824.05,149824.06,0.7491672,10.343714,8.54015,8.540129
250759.14,0.018973965,0.567124,37000.0,151467.44,149824.06,149824.05,0.7491672,10.343461,8.54015,8.540141
250759.14,0.018136257,0.5541105,37000.0,151467.38,149824.06,149824.06,0.7491672,10.343444,8.540149,8.540145
250759.14,0.019396067,0.55817986,37000.0,151467.38,149824.05,149824.02,0.7491672,10.34334,8.540151,8.54013
250759.14,0.018942531,0.56176865,37000.0,151467.38,149824.06,149824.05,0.7491672,10.343459,8.54015,8.54015
250759.14,0.015786016,0.5350688,37000.0,151467.45,149824.03,149824.06,0.7491672,10.343967,8.54015,8.540149
250759.14,0.017799087,0.53141963,37000.0,151467.4,149824.06,149824.06,0.7491672,10.3435135,8.540149,8.540125
250759.14,0.01759094,0.5323124,37000.0,151467.33,149824.05,149824.05,0.7491672,10.343379,8.540151,8.540132
250759.14,0.017488608,0.52078235,37000.0,151467.33,149824.05,149824.06,0.7491672,10.3433075,8.540149,8.540132
250759.14,0.019544072,0.5651984,37000.0,151467.38,149824.05,149824.06,0.7491672,10.343345,8.54015,8.540126
250759.14,0.018095348,0.558382,37000.0,151467.4,149824.05,149824.06,0.7491672,10.343249,8.54015,8.540142
250759.14,0.019923424,0.54322416,37000.0,151467.36,149824.08,149824.06,0.7491672,10.343128,8.540149,8.5401325
250759.14,0.020597763,0.55651724,37000.0,151467.33,149824.05,149824.06,0.7491672,10.343247,8.54015,8.540137
250759.14,0.01889305,0.55831593,37000.0,151467.34,149824.06,149824.03,0.7491672,10.343354,8.54015,8.5401325
250759.14,0.017012049,0.5579367,37000.0,151467.36,149824.06,149824.06,0.7491672,10.343558,8.540151,8.540141
250759.14,0.0171855,0.5595935,37000.0,151467.33,149824.06,149824.08,0.7491672,10.343172,8.54015,8.5401535
250759.14,0.019461485,0.5602836,37000.0,151467.38,149824.05,149824.05,0.7491672,10.343321,8.54015,8.540133
250759.14,0.019517303,0.5535348,37000.0,151467.42,149824.06,149824.03,0.7491672,10.3436,8.540149,8.540132
250759.14,0.020842234,0.56152135,37000.0,151467.4,149824.05,149824.06,0.7491672,10.34343,8.540149,8.540127
250759.14,0.017411102,0.5395171,37000.0,151467.33,149824.05,149824.03,0.7491672,10.3433,8.54015,8.540141
250759.14,0.01822487,0.544351,37000.0,151467.38,149824.05,149824.06,0.7491672,10.343281,8.540149,8.540126
250759.14,0.018212482,0.5457071,37000.0,151467.4,149824.06,149824.05,0.7491672,10.343346,8.54015,8.540135
250759.14,0.017484142,0.52931553,37000.0,151467.42,149824.05,149824.08,0.7491672,10.3436575,8.54015,8.540137
250759.14,0.017083848,0.52259916,37000.0,151467.42,149824.05,149824.05,0.7491672,10.343687,8.54015,8.540138
250759.14,0.017024184,0.5341887,37000.0,151467.44,149824.06,149824.05,0.7491672,10.343506,8.540149,8.540138
250759.14,0.018606521,0.54305065,37000.0,151467.33,149824.06,149824.06,0.7491672,10.343158,8.540149,8.540145
250759.14,0.018771129,0.5561464,37000.0,151467.3,149824.06,149824.05,0.7491672,10.343026,8.54015,8.540143
250759.14,0.016504582,0.51276124,37000.0,151467.4,149824.05,149824.05,0.7491672,10.343471,8.54015,8.540136
250759.14,0.01757225,0.5378378,37000.0,151467.36,149824.05,149824.05,0.7491672,10.343254,8.540149,8.540142
250759.14,0.019656477,0.54850286,37000.0,151467.34,149824.05,149824.06,0.7491672,10.343362,8.54015,8.540128
250759.14,0.021195516,0.56603426,37000.0,151467.42,149824.05,149824.05,0.7491672,10.343589,8.54015,8.540135
250759.14,0.01908468,0.5354174,37000.0,151467.38,149824.06,149824.05,0.7491672,10.343557,8.540149,8.540143
250759.14,0.015653493,0.5403357,37000.0,151467.36,149824.05,149824.06,0.7491672,10.343287,8.54015,8.540141
250759.14,0.018893372,0.55850315,37000.0,151467.34,149824.05,149824.03,0.7491672,10.343597,8.54015,8.540134
250759.14,0.018595096,0.5615374,37000.0,151467.42,149824.05,149824.03,0.7491672,10.343719,8.54015,8.540131
250759.14,0.01944297,0.54592705,37000.0,151467.39,149824.05,149824.05,0.7491672,10.343531,8.54015,8.540131
250759.14,0.020695733,0.54964155,37000.0,151467.4,149824.06,149824.05,0.7491672,10.343537,8.54015,8.540141
250759.14,0.016843902,0.5194942,37000.0,151467.39,149824.05,149824.06,0.7491672,10.343351,8.54015,8.540139
250759.14,0.017417183,0.5391342,37000.0,151467.44,149824.05,149824.05,0.7491672,10.343705,8.540149,8.540133
250759.14,0.019554272,0.5516164,37000.0,151467.45,149824.06,149824.06,0.7491672,10.343467,8.54015,8.54014
250759.14,0.01802336,0.54674923,37000.0,151467.34,149824.05,149824.05,0.7491672,10.343364,8.540149,8.540152
250759.14,0.016760569,0.54991895,37000.0,151467.36,149824.05,149824.06,0.7491672,10.343107,8.540148,8.54014
250759.14,0.017616842,0.5458692,37000.0,151467.4,149824.06,149824.06,0.7491672,10.343636,8.54015,8.540141
250759.14,0.01693572,0.5446858,37000.0,151467.39,149824.06,149824.06,0.7491672,10.3434305,8.54015,8.540137
250759.14,0.015581509,0.5495104,37000.0,151467.44,149824.05,149824.05,0.7491672,10.3434725,8.540149,8.540151
250759.14,0.019500038,0.5568623,37000.0,151467.39,149824.06,149824.08,0.7491672,10.343632,8.540151,8.540137
250759.14,0.02003342,0.5462554,37000.0,151467.44,149824.05,149824.05,0.7491672,10.343739,8.54015,8.540138
250759.14,0.020018639,0.5568339,37000.0,151467.39,149824.05,149824.05,0.7491672,10.343366,8.54015,8.540137
250759.14,0.020370342,0.5591518,37000.0,151467.39,149824.08,149824.06,0.7491672,10.343475,8.540152,8.540135
250759.14,0.019329492,0.5453579,37000.0,151467.38,149824.05,149824.06,0.7491672,10.343475,8.54015,8.540138
250759.14,0.016938029,0.52458143,37000.0,151467.38,149824.05,149824.05,0.7491672,10.343359,8.540149,8.540142
250759.14,0.017243357,0.5440654,37000.0,151467.36,149824.05,149824.05,0.7491672,10.343105,8.54015,8.540126
250759.14,0.016130434,0.54424876,37000.0,151467.39,149824.06,149824.05,0.7491672,10.343675,8.54015,8.540144
250759.14,0.017736776,0.55978185,37000.0,151467.38,149824.08,149824.06,0.7491672,10.343424,8.54015,8.540152
250759.14,0.018370766,0.54866374,37000.0,151467.36,149824.03,149824.06,0.7491672,10.3433485,8.54015,8.540141
250759.14,0.020041136,0.54930776,37000.0,151467.4,149824.05,149824.05,0.7491672,10.343583,8.540151,8.5401535
250759.14,0.01844598,0.5521616,37000.0,151467.34,149824.08,149824.06,0.7491672,10.343343,8.54015,8.540152
250759.14,0.019350117,0.5684229,37000.0,151467.34,149824.05,149824.06,0.7491672,10.343224,8.540151,8.540149
250759.14,0.018967059,0.57770324,37000.0,151467.33,149824.1,149824.05,0.7491672,10.3435135,8.540149,8.54015
250759.14,0.017011063,0.5564867,37000.0,151467.34,149824.06,149824.05,0.7491672,10.343202,8.54015,8.540142
250759.14,0.018687753,0.5594608,37000.0,151467.42,149824.05,149824.06,0.7491672,10.343532,8.540149,8.540142
250759.14,0.01988073,0.5679037,37000.0,151467.38,149824.08,149824.05,0.7491672,10.343237,8.54015,8.540148
250759.14,0.01964707,0.5648471,37000.0,151467.39,149824.05,149824.05,0.7491672,10.343452,8.540149,8.540144
250759.14,0.01841494,0.54884005,37000.0,151467.44,149824.05,149824.08,0.7491672,10.343514,8.54015,8.540157
250759.14,0.017101448,0.56360793,37000.0,151467.36,149824.06,149824.05,0.7491672,10.343363,8.54015,8.540152
250759.14,0.016567178,0.5724014,37000.0,151467.44,149824.06,149824.06,0.7491672,10.343567,8.540149,8.540146
250759.14,0.01739635,0.5755464,37000.0,151467.36,149824.05,149824.06,0.7491672,10.343418,8.54015,8.540148
250759.14,0.016239604,0.5729748,37000.0,151467.39,149824.05,149824.06,0.7491672,10.343394,8.54015,8.540152
250759.14,0.015895989,0.56906086,37000.0,151467.33,149824.05,149824.06,0.7491672,10.343201,8.54015,8.540149
250759.14,0.019209296,0.5369451,37000.0,151467.38,149824.06,149824.05,0.7491672,10.343793,8.54015,8.540137
250759.14,0.01878374,0.5696379,37000.0,151467.44,149824.06,149824.05,0.7491672,10.343381,8.54015,8.540152
250759.14,0.018726066,0.570261,37000.0,151467.42,149824.05,149824.06,0.7491672,10.343815,8.54015,8.540152
250759.14,0.019048018,0.5718087,37000.0,151467.33,149824.05,149824.06,0.7491672,10.343471,8.540149,8.540151
250759.14,0.01866046,0.5614194,37000.0,151467.36,149824.06,149824.05,0.7491672,10.343386,8.54015,8.540149
250759.14,0.01999819,0.57527655,37000.0,151467.48,149824.03,149824.05,0.7491672,10.343934,8.54015,8.540149
250759.14,0.019644236,0.5759793,37000.0,151467.39,149824.05,149824.06,0.7491672,10.343444,8.540149,8.540148
250759.14,0.018210288,0.5669443,37000.0,151467.39,149824.06,149824.03,0.7491672,10.343442,8.54015,8.540145
250759.14,0.018918214,0.577796,37000.0,151467.4,149824.05,149824.05,0.7491672,10.343472,8.54015,8.540148
250759.14,0.019734355,0.55349123,37000.0,151467.42,149824.06,149824.06,0.7491672,10.343612,8.540151,8.540148
250759.14,0.020906402,0.559907,37000.0,151467.4,149824.06,149824.05,0.7491672,10.343029,8.54015,8.5401535
250759.14,0.020441301,0.5578449,37000.0,151467.4,149824.05,149824.03,0.7491672,10.343254,8.54015,8.54014
250759.14,0.018185882,0.5512285,37000.0,151467.39,149824.05,149824.05,0.7491672,10.343637,8.54015,8.540147
250759.14,0.018294409,0.54612845,37000.0,151467.36,149824.05,149824.03,0.7491672,10.343354,8.54015,8.540143
250759.14,0.019657096,0.5641055,37000.0,151467.39,149824.05,149824.06,0.7491672,10.343462,8.54015,8.540149
250759.14,0.017795613,0.56201816,37000.0,151467.45,149824.05,149824.08,0.7491672,10.343666,8.54015,8.5401535
250759.14,0.018916592,0.5681022,37000.0,151467.38,149824.06,149824.06,0.7491672,10.343341,8.54015,8.540151
250759.14,0.019833678,0.54796505,37000.0,151467.36,149824.06,149824.03,0.7491672,10.343032,8.54015,8.540132
250759.14,0.018514715,0.55889297,37000.0,151467.38,149824.06,149824.05,0.7491672,10.343244,8.540149,8.540143
250759.14,0.019152595,0.5716433,37000.0,151467.39,149824.08,149824.03,0.7491672,10.343468,8.54015,8.540148
250759.14,0.018479807,0.5649989,37000.0,151467.4,149824.08,149824.06,0.7491672,10.343321,8.54015,8.540146
250759.14,0.02088753,0.57664603,37000.0,151467.36,149824.06,149824.05,0.7491672,10.343257,8.54015,8.540138
250759.14,0.018160615,0.5620134,37000.0,151467.39,149824.05,149824.05,0.7491672,10.343425,8.54015,8.540135
250759.14,0.019467374,0.55660003,37000.0,151467.42,149824.06,149824.06,0.7491672,10.343444,8.540149,8.540132
250759.14,0.019178972,0.5703672,37000.0,151467.36,149824.05,149824.05,0.7491672,10.343379,8.54015,8.540141
250759.14,0.01927254,0.56489444,37000.0,151467.36,149824.05,149824.05,0.7491672,10.343503,8.54015,8.540125
250759.14,0.019223759,0.557611,37000.0,151467.33,149824.06,149824.03,0.7491672,10.343084,8.540149,8.540148
250759.14,0.020806966,0.57637477,37000.0,151467.34,149824.06,149824.06,0.7491672,10.342983,8.54015,8.540148
250759.14,0.022335464,0.57664376,37000.0,151467.36,149824.05,149824.05,0.7491672,10.343745,8.54015,8.540105
250759.14,0.021209748,0.5817576,37000.0,151467.44,149824.05,149824.05,0.7491672,10.343664,8.54015,8.540149
250759.14,0.01755402,0.54873174,37000.0,151467.39,149824.05,149824.03,0.7491672,10.343335,8.54015,8.540145
250759.14,0.016935127,0.52814627,37000.0,151467.44,149824.06,149824.05,0.7491672,10.3434,8.54015,8.540139
250759.14,0.01872621,0.5624085,37000.0,151467.42,149824.05,149824.06,0.7491672,10.343676,8.540149,8.540145
250759.14,0.018424954,0.5544666,37000.0,151467.39,149824.05,149824.05,0.7491672,10.343401,8.54015,8.540131
250759.14,0.017942261,0.5474425,37000.0,151467.36,149824.06,149824.06,0.7491672,10.3431015,8.54015,8.540135
250759.14,0.018092945,0.5538828,37000.0,151467.36,149824.06,149824.06,0.7491672,10.34329,8.54015,8.540136
250759.14,0.020244997,0.56037843,37000.0,151467.36,149824.05,149824.05,0.7491672,10.343246,8.54015,8.540145
250759.14,0.017610867,0.53517234,37000.0,151467.38,149824.05,149824.05,0.7491672,10.343321,8.540149,8.540169
250759.14,0.017807089,0.5630426,37000.0,151467.36,149824.05,149824.08,0.7491672,10.3430195,8.54015,8.540177
250759.14,0.017741216,0.5614265,37000.0,151467.4,149824.06,149824.05,0.7491672,10.343345,8.54015,8.54015
250759.14,0.018923102,0.55690664,37000.0,151467.31,149824.05,149824.08,0.7491672,10.343277,8.54015,8.540126
250759.14,0.017311735,0.5548644,37000.0,151467.34,149824.08,149824.05,0.7491672,10.343375,8.54015,8.540184
250759.14,0.017218508,0.5648799,37000.0,151467.39,149824.05,149824.05,0.7491672,10.34359,8.540151,8.54015
250759.14,0.019348085,0.56343657,37000.0,151467.38,149824.05,149824.06,0.7491672,10.3435955,8.540149,8.540148
250759.14,0.020085212,0.5812298,37000.0,151467.4,149824.05,149824.03,0.7491672,10.343445,8.54015,8.5401535
250759.14,0.019297143,0.562037,37000.0,151467.38,149824.06,149824.03,0.7491672,10.343118,8.54015,8.54015
250759.14,0.020010926,0.58335555,37000.0,151467.39,149824.05,149824.06,0.7491672,10.343402,8.540149,8.540149
250759.14,0.018710935,0.56857145,37000.0,151467.38,149824.03,149824.05,0.7491672,10.343031,8.540149,8.540153
250759.14,0.018351238,0.5811143,37000.0,151467.4,149824.05,149824.05,0.7491672,10.343174,8.54015,8.540147
250759.14,0.01723313,0.5521251,37000.0,151467.34,149824.06,149824.06,0.7491672,10.343234,8.540149,8.540166
250759.14,0.015791409,0.57339615,37000.0,151467.31,149824.06,149824.06,0.7491672,10.343508,8.54015,8.540149
250759.14,0.0190866,0.573738,37000.0,151467.31,149824.06,149824.06,0.7491672,10.34333,8.54015,8.540152
250759.14,0.020816075,0.5658198,37000.0,151467.36,149824.05,149824.06,0.7491672,10.343427,8.54015,8.540147
250759.14,0.020068955,0.57168084,37000.0,151467.45,149824.05,149824.05,0.7491672,10.343537,8.54015,8.54015
250759.14,0.019458592,0.5658333,37000.0,151467.3,149824.05,149824.08,0.7491672,10.343292,8.54015,8.5401535
250759.14,0.020301022,0.5570995,37000.0,151467.4,149824.03,149824.05,0.7491672,10.343356,8.540149,8.540145
250759.14,0.02028588,0.57320386,37000.0,151467.4,149824.08,149824.06,0.7491672,10.343471,8.54015,8.540151
250759.14,0.018619439,0.55623996,37000.0,151467.38,149824.03,149824.05,0.7491672,10.343864,8.540149,8.540149
250759.14,0.017994575,0.56202096,37000.0,151467.36,149824.05,149824.03,0.7491672,10.343429,8.54015,8.5401535
250759.14,0.018874077,0.57057613,37000.0,151467.38,149824.05,149824.06,0.7491672,10.343819,8.54015,8.540148
250759.14,0.019419685,0.5540595,37000.0,151467.38,149824.03,149824.06,0.7491672,10.343286,8.540149,8.540142
250759.14,0.018947346,0.5629766,37000.0,151467.4,149824.05,149824.05,0.7491672,10.343254,8.540149,8.540147
250759.14,0.017125096,0.55194837,37000.0,151467.4,149824.05,149824.08,0.7491672,10.343286,8.540151,8.540141
250759.14,0.019316198,0.5566559,37000.0,151467.33,149824.06,149824.06,0.7491672,10.343075,8.540151,8.540149
250759.14,0.020378,0.5759761,37000.0,151467.33,149824.06,149824.05,0.7491672,10.34347,8.540151,8.54015
250759.14,0.018968774,0.55963224,37000.0,151467.38,149824.05,149824.06,0.7491672,10.3434725,8.54015,8.540142
250759.14,0.020168414,0.560338,37000.0,151467.4,149824.05,149824.06,0.7491672,10.343333,8.540151,8.540149
250759.14,0.022507653,0.58264095,37000.0,151467.42,149824.05,149824.05,0.7491672,10.343331,8.540149,8.540151
250759.14,0.01930249,0.5708027,37000.0,151467.36,149824.05,149824.06,0.7491672,10.34339,8.54015,8.54016
250759.14,0.017565286,0.57129604,37000.0,151467.36,149824.08,149824.06,0.7491672,10.343201,8.54015,8.540147
250759.14,0.019086318,0.556663,37000.0,151467.38,149824.03,149824.05,0.7491672,10.343347,8.54015,8.540144
250759.14,0.019608459,0.56722695,37000.0,151467.38,149824.06,149824.05,0.7491672,10.3433695,8.540151,8.540145
250759.14,0.019319367,0.56363153,37000.0,151467.4,149824.03,149824.05,0.7491672,10.343352,8.54015,8.540174
250759.14,0.019289479,0.5659036,37000.0,151467.39,149824.05,149824.06,0.7491672,10.343326,8.54015,8.540158
250759.14,0.016626272,0.5497064,37000.0,151467.39,149824.05,149824.06,0.7491672,10.343328,8.54015,8.5401745
250759.14,0.021579223,0.58287275,37000.0,151467.38,149824.05,149824.06,0.7491672,10.343267,8.54015,8.540149
250759.14,0.020437509,0.56306356,37000.0,151467.4,149824.06,149824.05,0.7491672,10.343587,8.54015,8.54015
250759.14,0.01973523,0.5736624,37000.0,151467.36,149824.06,149824.05,0.7491672,10.343084,8.54015,8.540146
250759.14,0.018128382,0.55911106,37000.0,151467.31,149824.03,149824.05,0.7491672,10.34329,8.540151,8.54014
250759.14,0.018450923,0.5597326,37000.0,151467.36,149824.06,149824.05,0.7491672,10.343293,8.54015,8.540146
250759.14,0.020496435,0.5639985,37000.0,151467.42,149824.05,149824.03,0.7491672,10.343499,8.54015,8.540151
250759.14,0.02001833,0.5720198,37000.0,151467.38,149824.08,149824.05,0.7491672,10.343028,8.54015,8.54015
250759.14,0.017579786,0.543511,37000.0,151467.34,149824.05,149824.05,0.7491672,10.343169,8.54015,8.540151
250759.14,0.01734427,0.546439,37000.0,151467.33,149824.06,149824.03,0.7491672,10.343619,8.540149,8.54015
250759.14,0.019415183,0.5623304,37000.0,151467.38,149824.06,149824.06,0.7491672,10.343444,8.540151,8.540149
250759.14,0.018425036,0.5521101,37000.0,151467.42,149824.06,149824.05,0.7491672,10.343784,8.540149,8.540146
250759.14,0.02073383,0.5692468,37000.0,151467.44,149824.06,149824.08,0.7491672,10.3435335,8.54015,8.540145
250759.14,0.021897672,0.5785114,37000.0,151467.39,149824.06,149824.05,0.7491672,10.343502,8.540149,8.540149
250759.14,0.019733615,0.5766578,37000.0,151467.36,149824.05,149824.08,0.7491672,10.343285,8.54015,8.540152
250759.14,0.017492224,0.5586379,37000.0,151467.34,149824.05,149824.06,0.7491672,10.343391,8.540149,8.540151
250759.14,0.017985005,0.5545872,37000.0,151467.38,149824.06,149824.06,0.7491672,10.343415,8.540151,8.540147
250759.14,0.016651599,0.5414558,37000.0,151467.47,149824.05,149824.08,0.7491672,10.343785,8.54015,8.540149
250759.14,0.016694056,0.5579099,37000.0,151467.36,149824.06,149824.06,0.7491672,10.34341,8.54015,8.54015
250759.14,0.020109907,0.5753493,37000.0,151467.4,149824.06,149824.05,0.7491672,10.343484,8.540149,8.540153
250759.14,0.02120583,0.5704956,37000.0,151467.36,149824.06,149824.06,0.7491672,10.343361,8.540151,8.540153
250759.14,0.020935368,0.57321125,37000.0,151467.38,149824.06,149824.06,0.7491672,10.343344,8.54015,8.540142
250759.14,0.02018895,0.5690277,37000.0,151467.31,149824.05,149824.06,0.7491672,10.343412,8.540149,8.540127
250759.14,0.019098232,0.5594356,37000.0,151467.4,149824.03,149824.06,0.7491672,10.343175,8.540149,8.540146
250759.14,0.018873647,0.57035816,37000.0,151467.45,149824.06,149824.03,0.7491672,10.343712,8.54015,8.540146
250759.14,0.02118354,0.5824837,37000.0,151467.36,149824.05,149824.05,0.7491672,10.343408,8.54015,8.540149
250759.14,0.018769883,0.56589174,37000.0,151467.4,149824.05,149824.02,0.7491672,10.343254,8.540151,8.540151
250759.14,0.020167172,0.56467843,37000.0,151467.38,149824.05,149824.05,0.7491672,10.34352,8.540148,8.540154
250759.14,0.018372964,0.54846096,37000.0,151467.39,149824.06,149824.06,0.7491672,10.343141,8.54015,8.540142
250759.14,0.01979489,0.56925064,37000.0,151467.42,149824.05,149824.06,0.7491672,10.34372,8.54015,8.540102
250759.14,0.020016715,0.5627088,37000.0,151467.36,149824.08,149824.05,0.7491672,10.343419,8.540149,8.540155
250759.14,0.021223214,0.581261,37000.0,151467.39,149824.06,149824.05,0.7491672,10.343226,8.540151,8.540147
250759.14,0.01975969,0.5701562,37000.0,151467.42,149824.06,149824.03,0.7491672,10.343294,8.54015,8.540152
250759.14,0.019039908,0.5631352,37000.0,151467.39,149824.03,149824.05,0.7491672,10.343442,8.54015,8.540151
250759.14,0.020071395,0.5651781,37000.0,151467.38,149824.06,149824.06,0.7491672,10.3432865,8.54015,8.540141
250759.14,0.018407995,0.57753736,37000.0,151467.42,149824.05,149824.05,0.7491672,10.343392,8.540149,8.540145
250759.14,0.019342821,0.5724472,37000.0,151467.4,149824.06,149824.06,0.7491672,10.343448,8.540151,8.540145
250759.14,0.021796472,0.5747227,37000.0,151467.39,149824.06,149824.06,0.7491672,10.3435335,8.540149,8.540141
250759.14,0.019286772,0.57219964,37000.0,151467.38,149824.06,149824.06,0.7491672,10.343358,8.540151,8.540144
250759.14,0.02078019,0.570011,37000.0,151467.39,149824.06,149824.05,0.7491672,10.343234,8.540151,8.540143
250759.14,0.020647695,0.58077747,37000.0,151467.42,149824.08,149824.05,0.7491672,10.343424,8.54015,8.540144
250759.14,0.017717358,0.56373477,37000.0,151467.39,149824.08,149824.06,0.7491672,10.343396,8.540149,8.540143
250759.14,0.020007886,0.5876934,37000.0,151467.4,149824.05,149824.03,0.7491672,10.343596,8.540148,8.540145
250759.14,0.019638905,0.5682937,37000.0,151467.36,149824.06,149824.05,0.7491672,10.343324,8.540151,8.540143
250759.14,0.020273611,0.5704653,37000.0,151467.36,149824.06,149824.05,0.7491672,10.3432865,8.54015,8.54014
250759.14,0.02239007,0.58207965,37000.0,151467.4,149824.03,149824.06,0.7491672,10.3433275,8.54015,8.540144
250759.14,0.0242628,0.5948388,37000.0,151467.4,149824.05,149824.05,0.7491672,10.34313,8.54015,8.540142
250759.14,0.020107731,0.5600619,37000.0,151467.4,149824.08,149824.05,0.7491672,10.34341,8.54015,8.54014
250759.14,0.019712323,0.5664565,37000.0,151467.36,149824.05,149824.06,0.7491672,10.343703,8.54015,8.540142
250759.14,0.01768008,0.5500131,37000.0,151467.38,149824.06,149824.05,0.7491672,10.343372,8.54015,8.540143
250759.14,0.020986117,0.57520825,37000.0,151467.4,149824.06,149824.06,0.7491672,10.343559,8.54015,8.540141
250759.14,0.022066528,0.5967172,37000.0,151467.39,149824.06,149824.05,0.7491672,10.343572,8.540149,8.540141
250759.14,0.02076529,0.5794575,37000.0,151467.4,149824.06,149824.08,0.7491672,10.343253,8.540148,8.540141
250759.14,0.018056402,0.56800896,37000.0,151467.38,149824.08,149824.06,0.7491672,10.343302,8.540149,8.54014
250759.14,0.018984068,0.5492292,37000.0,151467.4,149824.05,149824.08,0.7491672,10.343242,8.540148,8.54014
250759.14,0.01721622,0.5322667,37000.0,151467.4,149824.05,149824.08,0.7491672,10.343414,8.54015,8.540142
250759.14,0.02032771,0.5916218,37000.0,151467.44,149824.06,149824.05,0.7491672,10.343349,8.540148,8.540142
250759.14,0.020645123,0.57760346,37000.0,151467.4,149824.06,149824.06,0.7491672,10.343395,8.540149,8.540138
250759.14,0.018639974,0.563598,37000.0,151467.39,149824.06,149824.08,0.7491672,10.343185,8.540148,8.540141
