snr_gt,snr_raw,snr_denoised,frequency_hz_true,frequency_hz_raw,frequency_hz_denoised,frequency_hz_signal,amplitude_true,amplitude_raw,amplitude_denoised,amplitude_signal
1.7974057e+25,0.9055375,0.6363913,310000.0,151467.4,149824.06,149824.05,18.959988,10.343467,8.540185,8.540153
1.7974057e+25,0.8929267,0.64317405,310000.0,151467.42,149824.05,149824.03,18.959988,10.343457,8.540186,8.5401535
1.7974057e+25,0.93072474,0.62438977,310000.0,151467.4,149824.06,149824.05,18.959988,10.343505,8.540185,8.5401535
1.7974057e+25,0.9409382,0.670641,310000.0,151467.39,149824.06,149824.03,18.959988,10.34341,8.540186,8.540153
1.7974057e+25,0.8956532,0.6244647,310000.0,151467.45,149824.05,149824.05,18.959988,10.343457,8.540185,8.5401535
1.7974057e+25,0.91381377,0.67137825,310000.0,151467.42,149824.03,149824.06,18.959988,10.343474,8.540186,8.5401535
1.7974057e+25,0.8974831,0.63748395,310000.0,151467.34,149824.05,149824.05,18.959988,10.343511,8.540185,8.5401535
1.7974057e+25,0.91957116,0.65415424,310000.0,151467.38,149824.05,149824.06,18.959988,10.343284,8.540186,8.5401535
1.7974057e+25,0.9280569,0.6553644,310000.0,151467.4,149824.05,149824.05,18.959988,10.3434725,8.540186,8.5401535
1.7974057e+25,0.92530245,0.66142434,310000.0,151467.39,149824.05,149824.03,18.959988,10.34345,8.540186,8.5401535
1.7974057e+25,0.95581895,0.66991407,310000.0,151467.38,149824.05,149824.06,18.959988,10.343337,8.540186,8.5401535
1.7974057e+25,0.88392866,0.62700826,310000.0,151467.36,149824.05,149824.05,18.959988,10.343078,8.540184,8.540153
1.7974057e+25,0.919553,0.6429755,310000.0,151467.39,149824.03,149824.05,18.959988,10.34337,8.540185,8.5401535
1.7974057e+25,0.93161136,0.6632357,310000.0,151467.39,149824.03,149824.05,18.959988,10.343481,8.540185,8.5401535
1.7974057e+25,0.9197804,0.6731363,310000.0,151467.33,149824.05,149824.05,18.959988,10.343107,8.540186,8.5401535
1.7974057e+25,0.9504376,0.64523965,310000.0,151467.36,149824.08,149824.03,18.959988,10.343253,8.540186,8.5401535
1.7974057e+25,0.93463814,0.6378444,310000.0,151467.42,149824.05,149824.03,18.959988,10.343594,8.540186,8.5401535
1.7974057e+25,0.9209152,0.6288885,310000.0,151467.36,149824.03,149824.06,18.959988,10.343354,8.540185,8.5401535
1.7974057e+25,0.9165699,0.6668829,310000.0,151467.34,149824.03,149824.06,18.959988,10.343509,8.540186,8.5401535
1.7974057e+25,0.9358862,0.67633563,310000.0,151467.4,149824.05,149824.05,18.959988,10.343642,8.540185,8.5401535
1.7974057e+25,0.92305946,0.6593549,310000.0,151467.39,149824.03,149824.05,18.959988,10.343572,8.540186,8.5401535
1.7974057e+25,0.97130257,0.6736589,310000.0,151467.36,149824.05,149824.03,18.959988,10.343417,8.540186,8.540153
1.7974057e+25,0.9779419,0.6782309,310000.0,151467.4,149824.06,149824.05,18.959988,10.3433895,8.540186,8.5401535
1.7974057e+25,0.9518482,0.6826291,310000.0,151467.36,149824.03,149824.03,18.959988,10.343224,8.540185,8.540153
1.7974057e+25,0.93859804,0.6695139,310000.0,151467.39,149824.06,149824.05,18.959988,10.343334,8.540187,8.540153
1.7974057e+25,0.90479773,0.6439269,310000.0,151467.36,149824.06,149824.06,18.959988,10.343423,8.540186,8.5401535
1.7974057e+25,0.92476654,0.6638912,310000.0,151467.38,149824.05,149824.05,18.959988,10.343421,8.540186,8.5401535
1.7974057e+25,0.9582496,0.67940605,310000.0,151467.38,149824.06,149824.05,18.959988,10.343321,8.540186,8.5401535
1.7974057e+25,0.9073047,0.6548385,310000.0,151467.38,149824.05,149824.05,18.959988,10.343138,8.540186,8.5401535
1.7974057e+25,0.9496824,0.67110074,310000.0,151467.34,149824.05,149824.05,18.959988,10.343318,8.540186,8.5401535
1.7974057e+25,0.96937984,0.6724859,310000.0,151467.42,149824.05,149824.06,18.959988,10.343431,8.540186,8.540153
1.7974057e+25,0.88779527,0.63736427,310000.0,151467.34,149824.03,149824.06,18.959988,10.343144,8.540184,8.5401535
1.7974057e+25,0.8913388,0.66762775,310000.0,151467.34,149824.05,149824.06,18.959988,10.343498,8.540186,8.5401535
1.7974057e+25,0.9279798,0.6697791,310000.0,151467.4,149824.03,149824.06,18.959988,10.343434,8.540186,8.540153
1.7974057e+25,0.907739,0.6547573,310000.0,151467.36,149824.03,149824.03,18.959988,10.343254,8.540186,8.540153
1.7974057e+25,0.9485893,0.66935223,310000.0,151467.45,149824.06,149824.05,18.959988,10.343747,8.540187,8.5401535
1.7974057e+25,0.938696,0.6689404,310000.0,151467.39,149824.06,149824.05,18.959988,10.343365,8.540186,8.540153
1.7974057e+25,0.93866163,0.6744561,310000.0,151467.4,149824.03,149824.05,18.959988,10.343554,8.540186,8.5401535
1.7974057e+25,0.8977346,0.66877836,310000.0,151467.38,149824.05,149824.05,18.959988,10.343389,8.540185,8.540153
1.7974057e+25,0.95136064,0.67613626,310000.0,151467.36,149824.05,149824.05,18.959988,10.343054,8.540186,8.540153
1.7974057e+25,0.9835697,0.6787749,310000.0,151467.36,149824.03,149824.06,18.959988,10.343358,8.540186,8.540153
1.7974057e+25,0.95720965,0.67949265,310000.0,151467.42,149824.05,149824.05,18.959988,10.3435135,8.540186,8.540153
1.7974057e+25,0.9620827,0.67924833,310000.0,151467.38,149824.03,149824.06,18.959988,10.343434,8.540185,8.5401535
1.7974057e+25,0.9210787,0.6605545,310000.0,151467.44,149824.06,149824.05,18.959988,10.34362,8.540186,8.540153
1.7974057e+25,0.9655834,0.67858666,310000.0,151467.36,149824.06,149824.06,18.959988,10.343485,8.540186,8.5401535
1.7974057e+25,0.92602175,0.6770694,310000.0,151467.36,149824.05,149824.05,18.959988,10.343367,8.540186,8.5401535
1.7974057e+25,0.88860005,0.64290327,310000.0,151467.39,149824.05,149824.05,18.959988,10.34367,8.540184,8.540153
1.7974057e+25,0.97724813,0.67805517,310000.0,151467.36,149824.06,149824.05,18.959988,10.34341,8.540186,8.5401535
1.7974057e+25,0.9191335,0.63192344,310000.0,151467.38,149824.05,149824.06,18.959988,10.343387,8.540185,8.5401535
1.7974057e+25,0.90232944,0.65604424,310000.0,151467.39,149824.05,149824.05,18.959988,10.343495,8.540186,8.540152
1.7974057e+25,0.9063596,0.6457184,310000.0,151467.39,149824.05,149824.05,18.959988,10.343387,8.540186,8.540153
1.7974057e+25,0.91517997,0.64265525,310000.0,151467.38,149824.06,149824.05,18.959988,10.3436165,8.540185,8.540153
1.7974057e+25,0.92123604,0.66473037,310000.0,151467.39,149824.06,149824.06,18.959988,10.343237,8.540187,8.5401535
1.7974057e+25,0.9392768,0.67310375,310000.0,151467.38,149824.06,149824.06,18.959988,10.343127,8.540186,8.540153
1.7974057e+25,0.9228718,0.66829574,310000.0,151467.36,149824.06,149824.06,18.959988,10.343261,8.540187,8.5401535
1.7974057e+25,0.9481209,0.6740033,310000.0,151467.38,149824.06,149824.06,18.959988,10.343397,8.540186,8.5401535
1.7974057e+25,0.90469074,0.6239285,310000.0,151467.4,149824.03,149824.06,18.959988,10.3435135,8.540184,8.540153
1.7974057e+25,0.91207045,0.65596527,310000.0,151467.42,149824.05,149824.06,18.959988,10.343639,8.540186,8.5401535
1.7974057e+25,0.9612111,0.6754317,310000.0,151467.38,149824.03,149824.06,18.959988,10.343141,8.540186,8.5401535
1.7974057e+25,0.93567634,0.66888857,310000.0,151467.39,149824.06,149824.06,18.959988,10.343405,8.540186,8.540153
1.7974057e+25,0.9374927,0.67084783,310000.0,151467.38,149824.03,149824.06,18.959988,10.343514,8.540186,8.540153
1.7974057e+25,0.9706929,0.69018084,310000.0,151467.36,149824.05,149824.08,18.959988,10.343386,8.540186,8.54015
1.7974057e+25,0.91354865,0.64050555,310000.0,151467.38,149824.06,149824.05,18.959988,10.34355,8.540185,8.540151
1.7974057e+25,0.95358336,0.68400145,310000.0,151467.42,149824.06,149824.05,18.959988,10.343402,8.540186,8.54015
1.7974057e+25,0.9284942,0.6610578,310000.0,151467.36,149824.08,149824.05,18.959988,10.343232,8.540185,8.540151
1.7974057e+25,0.95629275,0.67881465,310000.0,151467.39,149824.05,149824.06,18.959988,10.343469,8.540186,8.540151
1.7974057e+25,0.91229296,0.68471473,310000.0,151467.38,149824.06,149824.05,18.959988,10.343477,8.540186,8.54015
1.7974057e+25,0.9159234,0.64777356,310000.0,151467.36,149824.06,149824.05,18.959988,10.34308,8.540186,8.54015
1.7974057e+25,0.9763938,0.6849541,310000.0,151467.36,149824.05,149824.03,18.959988,10.343263,8.540186,8.54015
1.7974057e+25,0.98190504,0.6905437,310000.0,151467.36,149824.05,149824.08,18.959988,10.343234,8.540185,8.540151
1.7974057e+25,0.9670735,0.6879536,310000.0,151467.39,149824.03,149824.05,18.959988,10.343474,8.540186,8.540151
1.7974057e+25,0.96576345,0.6806043,310000.0,151467.42,149824.03,149824.05,18.959988,10.343696,8.540186,8.54015
1.7974057e+25,0.9219881,0.6810782,310000.0,151467.36,149824.05,149824.05,18.959988,10.34345,8.540186,8.54015
1.7974057e+25,0.8955141,0.6332934,310000.0,151467.34,149824.05,149824.05,18.959988,10.343084,8.540185,8.540151
1.7974057e+25,0.8983788,0.65973073,310000.0,151467.38,149824.05,149824.06,18.959988,10.343524,8.540185,8.54015
1.7974057e+25,0.9281306,0.6738718,310000.0,151467.31,149824.06,149824.05,18.959988,10.34332,8.540186,8.54015
1.7974057e+25,0.9444904,0.6780087,310000.0,151467.4,149824.05,149824.06,18.959988,10.3435,8.540186,8.540151
1.7974057e+25,0.9166838,0.6488381,310000.0,151467.34,149824.06,149824.08,18.959988,10.342911,8.540186,8.54015
1.7974057e+25,0.96318734,0.6846005,310000.0,151467.38,149824.05,149824.06,18.959988,10.343402,8.540186,8.54015
1.7974057e+25,0.94583714,0.6773489,310000.0,151467.36,149824.06,149824.05,18.959988,10.3434725,8.540187,8.54015
1.7974057e+25,0.90643805,0.6579947,310000.0,151467.33,149824.05,149824.06,18.959988,10.343067,8.540185,8.54015
1.7974057e+25,0.971496,0.67433214,310000.0,151467.4,149824.06,149824.06,18.959988,10.343465,8.540186,8.540151
1.7974057e+25,0.9528947,0.68510824,310000.0,151467.33,149824.06,149824.03,18.959988,10.3432865,8.540187,8.54015
1.7974057e+25,0.92488855,0.6726338,310000.0,151467.39,149824.05,149824.05,18.959988,10.343217,8.540186,8.54015
1.7974057e+25,0.9114967,0.6549426,310000.0,151467.36,149824.08,149824.06,18.959988,10.343468,8.540186,8.540151
1.7974057e+25,0.9303277,0.6831396,310000.0,151467.39,149824.03,149824.06,18.959988,10.343594,8.540185,8.54015
1.7974057e+25,0.900668,0.63573587,310000.0,151467.34,149824.05,149824.05,18.959988,10.343324,8.540185,8.54015
1.7974057e+25,0.95416266,0.6596739,310000.0,151467.36,149824.08,149824.06,18.959988,10.343436,8.540185,8.54015
1.7974057e+25,0.94289947,0.67117083,310000.0,151467.38,149824.05,149824.06,18.959988,10.343323,8.540185,8.540151
1.7974057e+25,0.9128315,0.6668543,310000.0,151467.36,149824.05,149824.06,18.959988,10.343521,8.540186,8.54015
1.7974057e+25,0.89543813,0.630706,310000.0,151467.38,149824.06,149824.06,18.959988,10.343469,8.540185,8.540151
1.7974057e+25,0.9548068,0.684317,310000.0,151467.4,149824.06,149824.05,18.959988,10.343507,8.540186,8.540151
1.7974057e+25,0.9526333,0.6770899,310000.0,151467.44,149824.06,149824.06,18.959988,10.343448,8.540186,8.540151
1.7974057e+25,0.9406541,0.67494595,310000.0,151467.39,149824.06,149824.03,18.959988,10.343077,8.540187,8.54015
1.7974057e+25,0.9588536,0.687137,310000.0,151467.34,149824.05,149824.03,18.959988,10.343104,8.540186,8.54015
1.7974057e+25,0.92539334,0.6635707,310000.0,151467.28,149824.05,149824.05,18.959988,10.342869,8.540186,8.54015
1.7974057e+25,0.9310168,0.6786638,310000.0,151467.42,149824.03,149824.05,18.959988,10.34354,8.540186,8.540151
1.7974057e+25,0.910368,0.6330858,310000.0,151467.4,149824.03,149824.06,18.959988,10.343112,8.540184,8.54015
1.7974057e+25,0.9216303,0.6561542,310000.0,151467.4,149824.03,149824.08,18.959988,10.343424,8.540185,8.54015
1.7974057e+25,0.9543713,0.6766385,310000.0,151467.38,149824.06,149824.06,18.959988,10.343318,8.540186,8.540151
1.7974057e+25,0.92459244,0.678257,310000.0,151467.38,149824.03,149824.06,18.959988,10.343218,8.540186,8.54015
1.7974057e+25,0.9809436,0.6900947,310000.0,151467.39,149824.05,149824.05,18.959988,10.343359,8.540186,8.54015
1.7974057e+25,0.9671565,0.6865561,310000.0,151467.36,149824.03,149824.06,18.959988,10.343425,8.540186,8.54015
1.7974057e+25,0.95665425,0.67960274,310000.0,151467.36,149824.05,149824.05,18.959988,10.34294,8.540186,8.54015
1.7974057e+25,0.9366012,0.65813977,310000.0,151467.4,149824.06,149824.03,18.959988,10.343519,8.540186,8.540151
1.7974057e+25,0.93121994,0.6526506,310000.0,151467.36,149824.06,149824.06,18.959988,10.343179,8.540185,8.54015
1.7974057e+25,0.9386904,0.6768071,310000.0,151467.36,149824.05,149824.08,18.959988,10.343473,8.540186,8.54015
1.7974057e+25,0.95105726,0.6738856,310000.0,151467.38,149824.06,149824.05,18.959988,10.343131,8.540186,8.540151
1.7974057e+25,0.92737234,0.67338943,310000.0,151467.34,149824.06,149824.05,18.959988,10.343245,8.540186,8.54015
1.7974057e+25,0.96532136,0.6889458,310000.0,151467.33,149824.06,149824.06,18.959988,10.343301,8.540186,8.540151
1.7974057e+25,0.94279164,0.67489475,310000.0,151467.44,149824.05,149824.06,18.959988,10.343751,8.540186,8.54015
1.7974057e+25,0.95145017,0.6888348,310000.0,151467.36,149824.05,149824.06,18.959988,10.343336,8.540186,8.54015
1.7974057e+25,0.93658906,0.66379327,310000.0,151467.34,149824.06,149824.06,18.959988,10.343309,8.540186,8.54015
1.7974057e+25,0.93481725,0.6452844,310000.0,151467.4,149824.05,149824.06,18.959988,10.343612,8.540185,8.54015
1.7974057e+25,0.95912963,0.6732218,310000.0,151467.34,149824.05,149824.05,18.959988,10.343462,8.540186,8.540151
1.7974057e+25,0.95165765,0.6852016,310000.0,151467.36,149824.05,149824.03,18.959988,10.343144,8.540186,8.54015
1.7974057e+25,0.9448148,0.65794384,310000.0,151467.39,149824.05,149824.06,18.959988,10.3435755,8.540185,8.540151
1.7974057e+25,0.9671818,0.6798295,310000.0,151467.39,149824.06,149824.05,18.959988,10.343252,8.540187,8.540151
1.7974057e+25,0.9575989,0.6765133,310000.0,151467.34,149824.05,149824.05,18.959988,10.343359,8.540186,8.540151
1.7974057e+25,0.9360479,0.6822318,310000.0,151467.39,149824.06,149824.06,18.959988,10.343536,8.540186,8.54015
1.7974057e+25,0.9273797,0.66651195,310000.0,151467.38,149824.06,149824.05,18.959988,10.34329,8.540186,8.54015
1.7974057e+25,0.9211473,0.6331895,310000.0,151467.39,149824.03,149824.05,18.959988,10.34337,8.540184,8.54015
1.7974057e+25,0.9638475,0.6840509,310000.0,151467.42,149824.05,149824.06,18.959988,10.343234,8.540186,8.54015
1.7974057e+25,0.93970144,0.68127674,310000.0,151467.38,149824.05,149824.06,18.959988,10.3435545,8.540186,8.540149
1.7974057e+25,0.922167,0.67854124,310000.0,151467.34,149824.06,149824.05,18.959988,10.343158,8.540187,8.54015
1.7974057e+25,0.96901846,0.6899656,310000.0,151467.42,149824.05,149824.05,18.959988,10.343569,8.540186,8.54015
1.7974057e+25,0.9307612,0.6709814,310000.0,151467.4,149824.05,149824.05,18.959988,10.343344,8.540186,8.540151
1.7974057e+25,0.9451612,0.6830587,310000.0,151467.36,149824.05,149824.06,18.959988,10.343325,8.540186,8.540151
1.7974057e+25,0.95506847,0.6908315,310000.0,151467.31,149824.03,149824.05,18.959988,10.342972,8.540186,8.540149
1.7974057e+25,0.9821518,0.68411964,310000.0,151467.38,149824.06,149824.06,18.959988,10.343398,8.540186,8.54015
1.7974057e+25,0.92284024,0.67270285,310000.0,151467.36,149824.05,149824.05,18.959988,10.343162,8.540186,8.540151
1.7974057e+25,0.9337657,0.6491413,310000.0,151467.39,149824.05,149824.05,18.959988,10.34335,8.540185,8.540151
1.7974057e+25,0.94706345,0.6786447,310000.0,151467.4,149824.06,149824.06,18.959988,10.343711,8.540186,8.54015
1.7974057e+25,0.94402045,0.6759278,310000.0,151467.38,149824.05,149824.06,18.959988,10.343605,8.540186,8.54015
1.7974057e+25,0.93580127,0.6882598,310000.0,151467.38,149824.05,149824.05,18.959988,10.34324,8.540186,8.540151
1.7974057e+25,0.93423486,0.6648321,310000.0,151467.38,149824.05,149824.05,18.959988,10.343426,8.540185,8.540151
1.7974057e+25,0.9181523,0.6650477,310000.0,151467.39,149824.05,149824.05,18.959988,10.343737,8.540186,8.54015
1.7974057e+25,0.9110073,0.6447662,310000.0,151467.36,149824.05,149824.08,18.959988,10.343147,8.540184,8.540151
1.7974057e+25,0.91539806,0.6671025,310000.0,151467.39,149824.05,149824.05,18.959988,10.343557,8.540186,8.54015
1.7974057e+25,0.9265501,0.674214,310000.0,151467.38,149824.05,149824.06,18.959988,10.343105,8.540186,8.54015
1.7974057e+25,0.9711997,0.68287516,310000.0,151467.34,149824.05,149824.03,18.959988,10.343337,8.540187,8.540151
1.7974057e+25,0.91030246,0.6574711,310000.0,151467.36,149824.03,149824.08,18.959988,10.343372,8.540186,8.54015
1.7974057e+25,0.94706017,0.66900736,310000.0,151467.42,149824.05,149824.05,18.959988,10.343451,8.540187,8.54015
1.7974057e+25,0.9416502,0.65026283,310000.0,151467.38,149824.05,149824.06,18.959988,10.34325,8.540185,8.54015
1.7974057e+25,0.9349141,0.66593647,310000.0,151467.34,149824.05,149824.05,18.959988,10.34345,8.540186,8.54015
1.7974057e+25,0.92216873,0.6750893,310000.0,151467.34,149824.05,149824.06,18.959988,10.343336,8.540186,8.540151
1.7974057e+25,0.914068,0.6367777,310000.0,151467.36,149824.06,149824.06,18.959988,10.343361,8.540185,8.54015
1.7974057e+25,0.9571761,0.6744078,310000.0,151467.38,149824.06,149824.05,18.959988,10.343335,8.540186,8.54015
1.7974057e+25,0.9490119,0.68152994,310000.0,151467.38,149824.05,149824.06,18.959988,10.343394,8.540186,8.54015
1.7974057e+25,0.95329505,0.66634923,310000.0,151467.39,149824.05,149824.06,18.959988,10.343453,8.540186,8.54015
1.7974057e+25,0.92919666,0.66390413,310000.0,151467.38,149824.03,149824.06,18.959988,10.343584,8.540186,8.54015
1.7974057e+25,0.8888394,0.6470797,310000.0,151467.4,149824.05,149824.08,18.959988,10.343936,8.540185,8.54015
1.7974057e+25,0.91219515,0.6686038,310000.0,151467.34,149824.05,149824.05,18.959988,10.343084,8.540186,8.54015
1.7974057e+25,0.9677725,0.68245393,310000.0,151467.38,149824.06,149824.06,18.959988,10.34337,8.540186,8.540151
1.7974057e+25,0.93305147,0.6613471,310000.0,151467.39,149824.05,149824.06,18.959988,10.343571,8.540186,8.54015
1.7974057e+25,0.9489591,0.666808,310000.0,151467.38,149824.06,149824.05,18.959988,10.3433895,8.540186,8.54015
1.7974057e+25,0.93447363,0.6518161,310000.0,151467.36,149824.05,149824.03,18.959988,10.343323,8.540186,8.54015
1.7974057e+25,0.9660501,0.6749123,310000.0,151467.39,149824.05,149824.03,18.959988,10.343617,8.540187,8.54015
1.7974057e+25,0.947425,0.67836356,310000.0,151467.39,149824.06,149824.03,18.959988,10.34386,8.540186,8.54015
1.7974057e+25,0.947684,0.682571,310000.0,151467.4,149824.06,149824.05,18.959988,10.343313,8.540186,8.54015
1.7974057e+25,0.9314823,0.63498956,310000.0,151467.38,149824.05,149824.06,18.959988,10.343438,8.540185,8.54015
1.7974057e+25,0.9201815,0.6576482,310000.0,151467.4,149824.03,149824.06,18.959988,10.34319,8.540187,8.54015
1.7974057e+25,0.96592087,0.6872812,310000.0,151467.34,149824.03,149824.05,18.959988,10.343282,8.540186,8.54015
1.7974057e+25,0.9212911,0.6766641,310000.0,151467.42,149824.06,149824.05,18.959988,10.343561,8.540186,8.54015
1.7974057e+25,0.94548446,0.6706007,310000.0,151467.42,149824.05,149824.03,18.959988,10.343741,8.540186,8.540151
1.7974057e+25,0.96728575,0.6795035,310000.0,151467.42,149824.06,149824.05,18.959988,10.343622,8.540187,8.54015
1.7974057e+25,0.9149293,0.6350398,310000.0,151467.39,149824.06,149824.03,18.959988,10.343301,8.540185,8.54015
1.7974057e+25,0.92225647,0.63870406,310000.0,151467.36,149824.05,149824.03,18.959988,10.343323,8.540184,8.540151
1.7974057e+25,0.92610395,0.6340276,310000.0,151467.34,149824.08,149824.03,18.959988,10.343553,8.540185,8.540151
1.7974057e+25,0.9142087,0.6609633,310000.0,151467.34,149824.06,149824.06,18.959988,10.34323,8.540185,8.540151
1.7974057e+25,0.96020395,0.6824314,310000.0,151467.33,149824.06,149824.05,18.959988,10.343248,8.540186,8.540151
1.7974057e+25,0.92105937,0.6775267,310000.0,151467.4,149824.05,149824.06,18.959988,10.343531,8.540186,8.54015
1.7974057e+25,0.9098173,0.67135745,310000.0,151467.4,149824.05,149824.05,18.959988,10.343587,8.540186,8.54015
1.7974057e+25,0.91587293,0.65616053,310000.0,151467.34,149824.05,149824.03,18.959988,10.343213,8.540185,8.54015
1.7974057e+25,0.90583044,0.6539267,310000.0,151467.39,149824.03,149824.06,18.959988,10.343378,8.540185,8.540151
1.7974057e+25,0.89988786,0.63999224,310000.0,151467.39,149824.05,149824.06,18.959988,10.343558,8.540184,8.54015
1.7974057e+25,0.9367338,0.66433924,310000.0,151467.4,149824.05,149824.05,18.959988,10.343377,8.540185,8.540151
1.7974057e+25,0.9188627,0.64398694,310000.0,151467.36,149824.06,149824.06,18.959988,10.343329,8.540185,8.540151
1.7974057e+25,0.99373984,0.6908355,310000.0,151467.38,149824.06,149824.06,18.959988,10.343475,8.540186,8.54015
1.7974057e+25,0.9270463,0.6478726,310000.0,151467.4,149824.05,149824.03,18.959988,10.343743,8.540186,8.540151
1.7974057e+25,0.96601146,0.6810997,310000.0,151467.39,149824.06,149824.05,18.959988,10.343418,8.540186,8.540151
1.7974057e+25,0.9309566,0.65558475,310000.0,151467.4,149824.03,149824.06,18.959988,10.343374,8.540185,8.540151
1.7974057e+25,0.92291605,0.6741484,310000.0,151467.36,149824.05,149824.03,18.959988,10.343056,8.540185,8.540151
1.7974057e+25,0.9333059,0.6768768,310000.0,151467.38,149824.05,149824.03,18.959988,10.343192,8.540186,8.540151
1.7974057e+25,0.9277762,0.6733741,310000.0,151467.42,149824.06,149824.06,18.959988,10.343287,8.540186,8.540151
1.7974057e+25,0.88136744,0.6466112,310000.0,151467.33,149824.06,149824.06,18.959988,10.34321,8.540185,8.540152
1.7974057e+25,0.91400594,0.6481343,310000.0,151467.36,149824.06,149824.08,18.959988,10.343585,8.540185,8.54015
1.7974057e+25,0.92837155,0.63740516,310000.0,151467.34,149824.05,149824.06,18.959988,10.343352,8.540185,8.54015
1.7974057e+25,0.9177509,0.67535335,310000.0,151467.36,149824.03,149824.05,18.959988,10.343195,8.540185,8.540151
1.7974057e+25,0.90980935,0.64654607,310000.0,151467.44,149824.06,149824.05,18.959988,10.343574,8.540184,8.540151
1.7974057e+25,0.9181917,0.6892727,310000.0,151467.45,149824.05,149824.06,18.959988,10.343835,8.540186,8.540151
1.7974057e+25,0.9294307,0.66551226,310000.0,151467.36,149824.05,149824.06,18.959988,10.34308,8.540186,8.540151
1.7974057e+25,0.91350824,0.674574,310000.0,151467.39,149824.05,149824.06,18.959988,10.343622,8.540186,8.540151
1.7974057e+25,0.91711086,0.6450376,310000.0,151467.38,149824.06,149824.06,18.959988,10.343209,8.540185,8.540151
1.7974057e+25,0.9075033,0.65106463,310000.0,151467.39,149824.08,149824.06,18.959988,10.343069,8.540185,8.540151
1.7974057e+25,0.96209884,0.67635447,310000.0,151467.38,149824.06,149824.08,18.959988,10.343482,8.540186,8.540151
1.7974057e+25,0.9445213,0.687062,310000.0,151467.39,149824.06,149824.06,18.959988,10.343489,8.540186,8.540151
1.7974057e+25,0.9388837,0.6818193,310000.0,151467.4,149824.05,149824.06,18.959988,10.343785,8.540186,8.540151
1.7974057e+25,0.97310317,0.69484437,310000.0,151467.39,149824.06,149824.05,18.959988,10.343492,8.540186,8.540151
1.7974057e+25,0.91084045,0.6467378,310000.0,151467.42,149824.05,149824.06,18.959988,10.343447,8.540185,8.54015
1.7974057e+25,0.9164816,0.679199,310000.0,151467.34,149824.05,149824.06,18.959988,10.343082,8.540186,8.540151
1.7974057e+25,0.9448291,0.6585496,310000.0,151467.39,149824.03,149824.06,18.959988,10.343285,8.540183,8.540151
1.7974057e+25,0.9520857,0.6769546,310000.0,151467.39,149824.03,149824.06,18.959988,10.343217,8.540186,8.54015
1.7974057e+25,0.9506799,0.6817009,310000.0,151467.36,149824.05,149824.05,18.959988,10.343132,8.540186,8.540151
1.7974057e+25,0.9557417,0.6666126,310000.0,151467.38,149824.05,149824.05,18.959988,10.343549,8.540185,8.540151
1.7974057e+25,0.89658386,0.665806,310000.0,151467.4,149824.03,149824.06,18.959988,10.34333,8.540185,8.540151
1.7974057e+25,0.9376068,0.6719905,310000.0,151467.34,149824.06,149824.05,18.959988,10.343022,8.540185,8.540151
1.7974057e+25,0.96025866,0.6866993,310000.0,151467.44,149824.03,149824.06,18.959988,10.343624,8.540186,8.54015
1.7974057e+25,0.92794335,0.6839097,310000.0,151467.38,149824.06,149824.06,18.959988,10.343365,8.540186,8.540151
1.7974057e+25,0.9301339,0.6901467,310000.0,151467.33,149824.06,149824.06,18.959988,10.343048,8.540186,8.540151
1.7974057e+25,0.8956371,0.6427568,310000.0,151467.38,149824.05,149824.05,18.959988,10.343486,8.540186,8.540151
1.7974057e+25,0.94383717,0.691136,310000.0,151467.42,149824.05,149824.06,18.959988,10.34341,8.540186,8.540151
1.7974057e+25,0.9096075,0.69898355,310000.0,151467.33,149824.03,149824.08,18.959988,10.343065,8.540183,8.540151
1.7974057e+25,0.93245167,0.6684178,310000.0,151467.42,149824.05,149824.05,18.959988,10.343341,8.540186,8.54015
1.7974057e+25,0.919526,0.65030617,310000.0,151467.38,149824.06,149824.06,18.959988,10.343256,8.540185,8.540151
1.7974057e+25,0.904855,0.65689677,310000.0,151467.36,149824.05,149824.06,18.959988,10.343267,8.540186,8.540151
1.7974057e+25,0.9438761,0.649834,310000.0,151467.38,149824.06,149824.05,18.959988,10.343371,8.540185,8.540152
1.7974057e+25,0.9307366,0.68104994,310000.0,151467.36,149824.05,149824.06,18.959988,10.34334,8.540186,8.540151
1.7974057e+25,0.90585583,0.66779345,310000.0,151467.34,149824.05,149824.06,18.959988,10.343211,8.540186,8.54015
1.7974057e+25,0.91753346,0.67082983,310000.0,151467.34,149824.05,149824.06,18.959988,10.343474,8.540186,8.54015
1.7974057e+25,0.92487174,0.68205965,310000.0,151467.36,149824.03,149824.06,18.959988,10.343114,8.540186,8.540152
1.7974057e+25,0.9122332,0.64904934,310000.0,151467.39,149824.05,149824.05,18.959988,10.3434,8.540185,8.54015
1.7974057e+25,0.9036007,0.6420985,310000.0,151467.39,149824.03,149824.08,18.959988,10.343275,8.540186,8.540151
1.7974057e+25,0.9561243,0.6914599,310000.0,151467.38,149824.06,149824.08,18.959988,10.343358,8.540186,8.540151
1.7974057e+25,0.9104329,0.63776654,310000.0,151467.34,149824.05,149824.06,18.959988,10.343263,8.540185,8.540151
1.7974057e+25,0.91934854,0.67296875,310000.0,151467.4,149824.03,149824.06,18.959988,10.343372,8.540185,8.540151
1.7974057e+25,0.93763953,0.66472167,310000.0,151467.38,149824.06,149824.06,18.959988,10.343311,8.540185,8.540151
1.7974057e+25,0.9185393,0.65199167,310000.0,151467.36,149824.06,149824.05,18.959988,10.343262,8.540185,8.54015
1.7974057e+25,0.9605162,0.6908733,310000.0,151467.44,149824.05,149824.05,18.959988,10.343571,8.540186,8.540151
1.7974057e+25,0.93272257,0.6859412,310000.0,151467.4,149824.05,149824.06,18.959988,10.343528,8.540185,8.540151
1.7974057e+25,0.9616221,0.6829795,310000.0,151467.38,149824.06,149824.05,18.959988,10.343603,8.540186,8.540151
1.7974057e+25,0.91945624,0.63661283,310000.0,151467.4,149824.06,149824.06,18.959988,10.343591,8.540184,8.540151
1.7974057e+25,0.92356575,0.67198956,310000.0,151467.34,149824.06,149824.06,18.959988,10.343215,8.540186,8.540151
1.7974057e+25,0.9363921,0.66646725,310000.0,151467.38,149824.05,149824.08,18.959988,10.343361,8.540185,8.540151
1.7974057e+25,0.9056078,0.66805935,310000.0,151467.42,149824.05,149824.06,18.959988,10.343528,8.540186,8.540151
1.7974057e+25,0.92785895,0.661852,310000.0,151467.38,149824.05,149824.06,18.959988,10.343379,8.540185,8.540151
1.7974057e+25,0.8852051,0.67657566,310000.0,151467.39,149824.05,149824.06,18.959988,10.343538,8.540186,8.540151
1.7974057e+25,0.91202575,0.7346889,310000.0,151467.39,149824.05,149824.06,18.959988,10.343533,8.540183,8.54015
1.7974057e+25,0.9045501,0.66757643,310000.0,151467.38,149824.03,149824.06,18.959988,10.34323,8.540186,8.540151
1.7974057e+25,0.90719897,0.66227406,310000.0,151467.33,149824.05,149824.06,18.959988,10.343051,8.540186,8.540151
1.7974057e+25,0.8962299,0.6638752,310000.0,151467.39,149824.06,149824.06,18.959988,10.343142,8.540185,8.540151
1.7974057e+25,0.8964157,0.66423374,310000.0,151467.42,149824.05,149824.06,18.959988,10.343592,8.540185,8.540151
1.7974057e+25,0.90060306,0.66059977,310000.0,151467.44,149824.05,149824.06,18.959988,10.343784,8.540186,8.540151
1.7974057e+25,0.9373737,0.67264587,310000.0,151467.36,149824.03,149824.08,18.959988,10.342951,8.540186,8.540151
1.7974057e+25,0.9303701,0.6484093,310000.0,151467.39,149824.03,149824.06,18.959988,10.343555,8.540185,8.540151
1.7974057e+25,0.95672673,0.6866942,310000.0,151467.39,149824.05,149824.06,18.959988,10.343564,8.540186,8.540151
1.7974057e+25,0.90071946,0.66003317,310000.0,151467.42,149824.03,149824.05,18.959988,10.343317,8.540183,8.54015
1.7974057e+25,0.92125756,0.6882577,310000.0,151467.36,149824.03,149824.06,18.959988,10.343542,8.540185,8.540151
1.7974057e+25,0.92192185,0.6421255,310000.0,151467.34,149824.05,149824.05,18.959988,10.343086,8.540185,8.54015
1.7974057e+25,0.93240917,0.67836696,310000.0,151467.36,149824.05,149824.06,18.959988,10.343163,8.540186,8.540151
1.7974057e+25,0.92104286,0.67080307,310000.0,151467.39,149824.05,149824.05,18.959988,10.34341,8.540186,8.54015
1.7974057e+25,0.9152794,0.6406007,310000.0,151467.42,149824.05,149824.11,18.959988,10.343694,8.540184,8.540151
1.7974057e+25,0.9176768,0.6469457,310000.0,151467.44,149824.06,149824.06,18.959988,10.343863,8.540185,8.540151
1.7974057e+25,0.96946436,0.6948391,310000.0,151467.39,149824.03,149824.06,18.959988,10.343408,8.540186,8.540151
1.7974057e+25,0.93512374,0.6878794,310000.0,151467.34,149824.03,149824.05,18.959988,10.343263,8.540185,8.540151
1.7974057e+25,0.970198,0.6929225,310000.0,151467.36,149824.05,149824.05,18.959988,10.343051,8.540186,8.540151
1.7974057e+25,0.9265857,0.6564696,310000.0,151467.42,149824.06,149824.06,18.959988,10.343656,8.540185,8.540151
1.7974057e+25,0.9227908,0.6434053,310000.0,151467.38,149824.05,149824.05,18.959988,10.343565,8.540185,8.540151
1.7974057e+25,0.928228,0.6760441,310000.0,151467.38,149824.05,149824.05,18.959988,10.3433695,8.540186,8.54015
1.7974057e+25,0.9441833,0.68512356,310000.0,151467.3,149824.05,149824.06,18.959988,10.343323,8.540186,8.540151
1.7974057e+25,0.94810146,0.6879603,310000.0,151467.38,149824.06,149824.05,18.959988,10.343323,8.540186,8.540151
1.7974057e+25,0.9614761,0.6885036,310000.0,151467.4,149824.06,149824.06,18.959988,10.343366,8.540185,8.54015
1.7974057e+25,0.95718306,0.68496287,310000.0,151467.36,149824.06,149824.06,18.959988,10.343274,8.540187,8.540151
1.7974057e+25,0.95381254,0.694825,310000.0,151467.38,149824.03,149824.06,18.959988,10.343106,8.540186,8.540151
1.7974057e+25,0.9264172,0.6622838,310000.0,151467.34,149824.06,149824.03,18.959988,10.342996,8.540186,8.54015
1.7974057e+25,0.9304185,0.6535852,310000.0,151467.42,149824.06,149824.06,18.959988,10.343648,8.540186,8.54015
1.7974057e+25,0.9079956,0.64318836,310000.0,151467.34,149824.05,149824.06,18.959988,10.343423,8.540185,8.54015
1.7974057e+25,0.9150726,0.63655305,310000.0,151467.4,149824.06,149824.06,18.959988,10.343427,8.540184,8.540151
1.7974057e+25,0.91045177,0.6535563,310000.0,151467.4,149824.05,149824.08,18.959988,10.343459,8.540185,8.540151
1.7974057e+25,0.9049599,0.6694371,310000.0,151467.44,149824.06,149824.06,18.959988,10.34375,8.540185,8.54015
1.7974057e+25,0.9415869,0.6900476,310000.0,151467.38,149824.03,149824.05,18.959988,10.343384,8.540185,8.540151
1.7974057e+25,0.9481018,0.68276304,310000.0,151467.39,149824.06,149824.05,18.959988,10.34319,8.540186,8.54015
1.7974057e+25,0.9147529,0.6453777,310000.0,151467.38,149824.05,149824.06,18.959988,10.343696,8.540185,8.540151
1.7974057e+25,0.93540114,0.68184763,310000.0,151467.38,149824.05,149824.05,18.959988,10.343376,8.540187,8.540151
1.7974057e+25,0.919096,0.684531,310000.0,151467.39,149824.05,149824.05,18.959988,10.343676,8.540186,8.54015
1.7974057e+25,0.9104051,0.6899598,310000.0,151467.39,149824.03,149824.03,18.959988,10.343104,8.540186,8.540151
1.7974057e+25,0.9059369,0.69230294,310000.0,151467.36,149824.03,149824.05,18.959988,10.343232,8.540186,8.540152
1.7974057e+25,0.9113378,0.69037527,310000.0,151467.42,149824.06,149824.06,18.959988,10.34369,8.540186,8.540152
1.7974057e+25,0.88360107,0.6640919,310000.0,151467.39,149824.05,149824.05,18.959988,10.343483,8.540185,8.540151
1.7974057e+25,0.9084817,0.67318857,310000.0,151467.38,149824.03,149824.05,18.959988,10.343238,8.540186,8.540152
1.7974057e+25,0.9124169,0.67036766,310000.0,151467.38,149824.06,149824.05,18.959988,10.343536,8.540185,8.540151
1.7974057e+25,0.9232815,0.6828456,310000.0,151467.38,149824.03,149824.08,18.959988,10.343455,8.540186,8.540152
1.7974057e+25,0.9743779,0.6790255,310000.0,151467.4,149824.05,149824.05,18.959988,10.343489,8.540185,8.540151
1.7974057e+25,0.95666707,0.68387747,310000.0,151467.38,149824.06,149824.06,18.959988,10.343415,8.540186,8.540152
1.7974057e+25,0.93796444,0.68089,310000.0,151467.36,149824.05,149824.05,18.959988,10.343232,8.540186,8.540153
1.7974057e+25,0.9339237,0.68130237,310000.0,151467.33,149824.05,149824.06,18.959988,10.34305,8.540186,8.540152
1.7974057e+25,0.8995302,0.6564394,310000.0,151467.39,149824.08,149824.06,18.959988,10.343651,8.540185,8.540152
1.7974057e+25,0.92679894,0.6747134,310000.0,151467.31,149824.05,149824.05,18.959988,10.343416,8.540185,8.540151
1.7974057e+25,0.9554369,0.6953568,310000.0,151467.39,149824.03,149824.05,18.959988,10.343273,8.540186,8.540152
1.7974057e+25,0.9300742,0.6929708,310000.0,151467.34,149824.05,149824.05,18.959988,10.343366,8.540186,8.540151
1.7974057e+25,0.93800944,0.6871528,310000.0,151467.4,149824.06,149824.05,18.959988,10.343561,8.540185,8.540152
1.7974057e+25,0.92680275,0.6548616,310000.0,151467.47,149824.06,149824.05,18.959988,10.343803,8.540185,8.540152
1.7974057e+25,0.95241773,0.7019132,310000.0,151467.39,149824.05,149824.06,18.959988,10.343217,8.540185,8.540152
1.7974057e+25,0.93523824,0.6834606,310000.0,151467.38,149824.05,149824.05,18.959988,10.343305,8.540186,8.540152
1.7974057e+25,0.9670493,0.6990496,310000.0,151467.39,149824.05,149824.05,18.959988,10.343475,8.540186,8.540153
1.7974057e+25,0.9248345,0.69305223,310000.0,151467.44,149824.06,149824.05,18.959988,10.3437395,8.540187,8.540152
1.7974057e+25,0.95727843,0.6933489,310000.0,151467.38,149824.05,149824.05,18.959988,10.343419,8.540186,8.540153
1.7974057e+25,0.926137,0.66010994,310000.0,151467.42,149824.05,149824.05,18.959988,10.343487,8.540186,8.540152
1.7974057e+25,0.9248159,0.6915452,310000.0,151467.38,149824.05,149824.05,18.959988,10.343373,8.540186,8.540153
1.7974057e+25,0.9394672,0.69658154,310000.0,151467.34,149824.05,149824.05,18.959988,10.343427,8.540186,8.540151
1.7974057e+25,0.9305061,0.68577933,310000.0,151467.38,149824.06,149824.05,18.959988,10.343369,8.540186,8.540152
1.7974057e+25,0.9007273,0.68210953,310000.0,151467.38,149824.05,149824.03,18.959988,10.343586,8.540186,8.540151
1.7974057e+25,0.9517464,0.67203295,310000.0,151467.44,149824.02,149824.05,18.959988,10.343695,8.540185,8.540152
1.7974057e+25,0.93675274,0.6632884,310000.0,151467.36,149824.05,149824.03,18.959988,10.343368,8.540186,8.540151
1.7974057e+25,0.9253019,0.67268,310000.0,151467.39,149824.1,149824.03,18.959988,10.343358,8.540186,8.540152
1.7974057e+25,0.9230858,0.66876835,310000.0,151467.39,149824.05,149824.06,18.959988,10.343559,8.540185,8.540152
1.7974057e+25,0.9206327,0.6847332,310000.0,151467.31,149824.03,149824.06,18.959988,10.34285,8.540186,8.540153
1.7974057e+25,0.92179334,0.66595954,310000.0,151467.4,149824.05,149824.05,18.959988,10.343613,8.540185,8.540153
1.7974057e+25,0.9312923,0.64733845,310000.0,151467.42,149824.05,149824.05,18.959988,10.343845,8.540185,8.540152
1.7974057e+25,0.92156255,0.65108216,310000.0,151467.4,149824.05,149824.05,18.959988,10.343531,8.540184,8.540152
1.7974057e+25,0.9315492,0.66588783,310000.0,151467.38,149824.05,149824.05,18.959988,10.34327,8.540186,8.540152
1.7974057e+25,0.94148076,0.6682492,310000.0,151467.42,149824.05,149824.03,18.959988,10.343642,8.540186,8.540152
1.7974057e+25,0.9389456,0.6601151,310000.0,151467.42,149824.05,149824.05,18.959988,10.343661,8.540186,8.540153
1.7974057e+25,0.9307695,0.6683041,310000.0,151467.38,149824.03,149824.05,18.959988,10.34321,8.540185,8.540152
1.7974057e+25,0.90074307,0.6637517,310000.0,151467.4,149824.06,149824.05,18.959988,10.343321,8.540185,8.540152
1.7974057e+25,0.92461985,0.66433644,310000.0,151467.38,149824.05,149824.03,18.959988,10.343367,8.540186,8.540151
1.7974057e+25,0.9304071,0.67125046,310000.0,151467.44,149824.05,149824.05,18.959988,10.343571,8.540186,8.540152
1.7974057e+25,0.9342247,0.6813218,310000.0,151467.36,149824.05,149824.05,18.959988,10.343303,8.540186,8.540152
1.7974057e+25,0.9118155,0.6606185,310000.0,151467.36,149824.03,149824.03,18.959988,10.343183,8.540186,8.540152
1.7974057e+25,0.9160735,0.67686266,310000.0,151467.34,149824.05,149824.06,18.959988,10.343145,8.540185,8.540152
1.7974057e+25,0.9285533,0.67368937,310000.0,151467.38,149824.06,149824.05,18.959988,10.343387,8.540186,8.540151
1.7974057e+25,0.9107827,0.65488935,310000.0,151467.39,149824.03,149824.06,18.959988,10.343317,8.540185,8.540152
1.7974057e+25,0.90544623,0.6622302,310000.0,151467.34,149824.05,149824.03,18.959988,10.343202,8.540185,8.540153
1.7974057e+25,0.92437917,0.6591196,310000.0,151467.39,149824.03,149824.05,18.959988,10.343119,8.540185,8.540152
1.7974057e+25,0.92451733,0.67971355,310000.0,151467.38,149824.06,149824.06,18.959988,10.343501,8.540186,8.540152
1.7974057e+25,0.92060775,0.68057466,310000.0,151467.4,149824.05,149824.06,18.959988,10.343465,8.540186,8.540152
1.7974057e+25,0.92328644,0.6799985,310000.0,151467.34,149824.05,149824.06,18.959988,10.343199,8.540186,8.540152
1.7974057e+25,0.9355537,0.6591394,310000.0,151467.4,149824.06,149824.05,18.959988,10.343554,8.540185,8.540152
1.7974057e+25,0.9322341,0.6691239,310000.0,151467.38,149824.03,149824.05,18.959988,10.343161,8.540185,8.540152
1.7974057e+25,0.93345857,0.69052595,310000.0,151467.42,149824.05,149824.05,18.959988,10.343356,8.540186,8.540152
1.7974057e+25,0.9266114,0.6676942,310000.0,151467.38,149824.08,149824.05,18.959988,10.343621,8.540186,8.540152
1.7974057e+25,0.9025027,0.6807308,310000.0,151467.36,149824.06,149824.06,18.959988,10.343545,8.540186,8.540153
1.7974057e+25,0.9262489,0.6738203,310000.0,151467.36,149824.05,149824.08,18.959988,10.343298,8.540186,8.540152
1.7974057e+25,0.9691069,0.70026267,310000.0,151467.39,149824.06,149824.06,18.959988,10.343278,8.540186,8.540152
1.7974057e+25,0.9362977,0.6996123,310000.0,151467.39,149824.05,149824.05,18.959988,10.343183,8.540186,8.540152
1.7974057e+25,0.89752346,0.7143037,310000.0,151467.38,149824.06,149824.05,18.959988,10.343334,8.540183,8.540152
1.7974057e+25,0.91194147,0.6746008,310000.0,151467.36,149824.08,149824.03,18.959988,10.343116,8.540185,8.540152
1.7974057e+25,0.9313778,0.68607664,310000.0,151467.36,149824.05,149824.05,18.959988,10.343275,8.540186,8.540152
1.7974057e+25,0.9426883,0.6779411,310000.0,151467.4,149824.06,149824.05,18.959988,10.34376,8.540186,8.540152
1.7974057e+25,0.93590164,0.6832771,310000.0,151467.44,149824.05,149824.05,18.959988,10.34368,8.540186,8.540152
1.7974057e+25,0.9338797,0.6792004,310000.0,151467.4,149824.06,149824.03,18.959988,10.343593,8.540186,8.540152
1.7974057e+25,0.91827554,0.6738384,310000.0,151467.39,149824.05,149824.05,18.959988,10.343317,8.540185,8.540152
1.7974057e+25,0.929184,0.6612384,310000.0,151467.38,149824.05,149824.05,18.959988,10.343515,8.540185,8.540153
1.7974057e+25,0.91472083,0.6944715,310000.0,151467.38,149824.06,149824.05,18.959988,10.3433895,8.540185,8.540153
1.7974057e+25,0.9276293,0.6809308,310000.0,151467.31,149824.05,149824.05,18.959988,10.343236,8.540186,8.540152
1.7974057e+25,0.9251418,0.6948782,310000.0,151467.34,149824.05,149824.05,18.959988,10.3433,8.540186,8.540153
1.7974057e+25,0.9356519,0.68728864,310000.0,151467.39,149824.06,149824.03,18.959988,10.343472,8.540186,8.540152
1.7974057e+25,0.93455637,0.6897346,310000.0,151467.4,149824.05,149824.06,18.959988,10.343467,8.540186,8.540152
1.7974057e+25,0.93697935,0.675292,310000.0,151467.39,149824.08,149824.06,18.959988,10.343509,8.540185,8.540153
1.7974057e+25,0.9078476,0.67927206,310000.0,151467.34,149824.03,149824.05,18.959988,10.343122,8.540186,8.540152
1.7974057e+25,0.9111494,0.64760333,310000.0,151467.4,149824.08,149824.05,18.959988,10.343502,8.540185,8.540152
1.7974057e+25,0.88970375,0.6581129,310000.0,151467.4,149824.05,149824.06,18.959988,10.343702,8.540184,8.540153
1.7974057e+25,0.9296238,0.67101854,310000.0,151467.34,149824.03,149824.03,18.959988,10.343206,8.540185,8.540151
1.7974057e+25,0.9383102,0.6857839,310000.0,151467.34,149824.03,149824.06,18.959988,10.343204,8.540186,8.540152
1.7974057e+25,0.92959076,0.6713792,310000.0,151467.34,149824.03,149824.06,18.959988,10.343261,8.540185,8.540152
1.7974057e+25,0.9380958,0.6944485,310000.0,151467.36,149824.06,149824.06,18.959988,10.343471,8.540186,8.540152
1.7974057e+25,0.9041546,0.67055285,310000.0,151467.31,149824.06,149824.05,18.959988,10.34318,8.540186,8.540151
1.7974057e+25,0.907936,0.65902406,310000.0,151467.38,149824.05,149824.03,18.959988,10.343751,8.540186,8.540152
1.7974057e+25,0.93197304,0.68133837,310000.0,151467.34,149824.05,149824.03,18.959988,10.34308,8.540186,8.540152
1.7974057e+25,0.9188587,0.6456108,310000.0,151467.39,149824.06,149824.05,18.959988,10.343497,8.540185,8.540152
1.7974057e+25,0.9258562,0.6835926,310000.0,151467.31,149824.06,149824.06,18.959988,10.343326,8.540186,8.540152
1.7974057e+25,0.9306318,0.67930156,310000.0,151467.4,149824.06,149824.05,18.959988,10.343518,8.540186,8.540152
1.7974057e+25,0.93081987,0.6576257,310000.0,151467.34,149824.06,149824.03,18.959988,10.342963,8.540184,8.540152
1.7974057e+25,0.9204489,0.67512685,310000.0,151467.4,149824.08,149824.05,18.959988,10.343482,8.540187,8.540153
1.7974057e+25,0.93433076,0.6859444,310000.0,151467.38,149824.03,149824.05,18.959988,10.343408,8.540186,8.540152
1.7974057e+25,0.95619583,0.6903974,310000.0,151467.4,149824.05,149824.06,18.959988,10.343397,8.540186,8.540152
1.7974057e+25,0.92247355,0.6855154,310000.0,151467.38,149824.05,149824.06,18.959988,10.343684,8.540186,8.540151
1.7974057e+25,0.92504066,0.6874545,310000.0,151467.38,149824.06,149824.05,18.959988,10.343266,8.540187,8.540149
1.7974057e+25,0.9202506,0.69810086,310000.0,151467.38,149824.06,149824.03,18.959988,10.343177,8.540186,8.540149
1.7974057e+25,0.91246057,0.6636661,310000.0,151467.39,149824.05,149824.06,18.959988,10.343604,8.540185,8.540148
1.7974057e+25,0.91001374,0.6785648,310000.0,151467.39,149824.05,149824.05,18.959988,10.343526,8.540186,8.540148
1.7974057e+25,0.9063462,0.64559615,310000.0,151467.38,149824.05,149824.05,18.959988,10.343405,8.540185,8.540149
1.7974057e+25,0.9102415,0.6633174,310000.0,151467.39,149824.06,149824.05,18.959988,10.343465,8.540186,8.540148
1.7974057e+25,0.9278206,0.6563672,310000.0,151467.4,149824.05,149824.06,18.959988,10.343738,8.540185,8.540148
1.7974057e+25,0.9441694,0.689586,310000.0,151467.38,149824.05,149824.05,18.959988,10.34344,8.540186,8.540147
1.7974057e+25,0.9424612,0.68917763,310000.0,151467.31,149824.05,149824.03,18.959988,10.343031,8.540186,8.540149
1.7974057e+25,0.91614294,0.6518529,310000.0,151467.4,149824.05,149824.03,18.959988,10.343527,8.540186,8.540148
1.7974057e+25,0.9222892,0.6808286,310000.0,151467.36,149824.05,149824.05,18.959988,10.3432455,8.540185,8.540148
1.7974057e+25,0.9328974,0.67543507,310000.0,151467.36,149824.03,149824.05,18.959988,10.343354,8.540186,8.540147
1.7974057e+25,0.91276586,0.67449194,310000.0,151467.42,149824.05,149824.03,18.959988,10.343665,8.540185,8.540148
1.7974057e+25,0.93436295,0.70026016,310000.0,151467.38,149824.05,149824.05,18.959988,10.343369,8.540186,8.540147
1.7974057e+25,0.9273384,0.689905,310000.0,151467.39,149824.03,149824.05,18.959988,10.343253,8.540186,8.540149
1.7974057e+25,0.92788243,0.67676353,310000.0,151467.33,149824.05,149824.05,18.959988,10.3431,8.540186,8.540149
1.7974057e+25,0.9329672,0.6661915,310000.0,151467.39,149824.05,149824.06,18.959988,10.343723,8.540185,8.540149
1.7974057e+25,0.93774587,0.67232096,310000.0,151467.4,149824.05,149824.06,18.959988,10.3434305,8.540185,8.540149
1.7974057e+25,0.93909764,0.69465744,310000.0,151467.34,149824.05,149824.06,18.959988,10.343518,8.540186,8.540148
1.7974057e+25,0.91422755,0.6458226,310000.0,151467.4,149824.06,149824.05,18.959988,10.343497,8.540184,8.540148
1.7974057e+25,0.92960066,0.6808555,310000.0,151467.4,149824.05,149824.05,18.959988,10.343196,8.540186,8.540147
1.7974057e+25,0.9101156,0.6658006,310000.0,151467.39,149824.05,149824.05,18.959988,10.343354,8.540186,8.540148
1.7974057e+25,0.9708935,0.69585156,310000.0,151467.39,149824.06,149824.03,18.959988,10.343363,8.540186,8.540148
1.7974057e+25,0.9310291,0.6841523,310000.0,151467.36,149824.05,149824.1,18.959988,10.34309,8.540186,8.540148
1.7974057e+25,0.93102646,0.68042374,310000.0,151467.34,149824.05,149824.05,18.959988,10.343378,8.540186,8.540149
1.7974057e+25,0.91709524,0.67048657,310000.0,151467.39,149824.05,149824.05,18.959988,10.34337,8.540185,8.540149
1.7974057e+25,0.9344793,0.6847548,310000.0,151467.4,149824.06,149824.06,18.959988,10.343385,8.540186,8.540148
1.7974057e+25,0.9307932,0.6754545,310000.0,151467.38,149824.03,149824.08,18.959988,10.34348,8.540186,8.540149
1.7974057e+25,0.94149864,0.6748398,310000.0,151467.36,149824.05,149824.03,18.959988,10.343511,8.540186,8.540148
1.7974057e+25,0.934947,0.6872945,310000.0,151467.42,149824.06,149824.06,18.959988,10.3437605,8.540185,8.540149
1.7974057e+25,0.93395513,0.6803008,310000.0,151467.4,149824.06,149824.05,18.959988,10.343372,8.540186,8.540148
1.7974057e+25,0.9204983,0.6444999,310000.0,151467.38,149824.05,149824.05,18.959988,10.34317,8.540185,8.540148
1.7974057e+25,0.9344934,0.6625352,310000.0,151467.4,149824.06,149824.05,18.959988,10.343506,8.540186,8.540147
1.7974057e+25,0.9186683,0.68217736,310000.0,151467.36,149824.05,149824.05,18.959988,10.343008,8.540185,8.540148
1.7974057e+25,0.9355242,0.6842216,310000.0,151467.39,149824.05,149824.05,18.959988,10.343065,8.540186,8.540148
1.7974057e+25,0.9210996,0.6876477,310000.0,151467.36,149824.05,149824.05,18.959988,10.343452,8.540186,8.540148
1.7974057e+25,0.931225,0.6778288,310000.0,151467.34,149824.06,149824.05,18.959988,10.343245,8.540186,8.540148
1.7974057e+25,0.9226244,0.65816545,310000.0,151467.39,149824.06,149824.06,18.959988,10.343491,8.540185,8.540149
1.7974057e+25,0.92880017,0.67153186,310000.0,151467.39,149824.03,149824.05,18.959988,10.343593,8.540185,8.540148
1.7974057e+25,0.9218594,0.66044897,310000.0,151467.33,149824.06,149824.05,18.959988,10.343103,8.540185,8.540147
1.7974057e+25,0.93132645,0.6916128,310000.0,151467.4,149824.05,149824.05,18.959988,10.34371,8.540185,8.540148
1.7974057e+25,0.9306386,0.65051025,310000.0,151467.4,149824.05,149824.05,18.959988,10.343641,8.540186,8.540148
1.7974057e+25,0.9337535,0.67374575,310000.0,151467.39,149824.08,149824.05,18.959988,10.343183,8.540186,8.540148
1.7974057e+25,0.9349041,0.658387,310000.0,151467.36,149824.05,149824.03,18.959988,10.343263,8.540185,8.540149
1.7974057e+25,0.94169384,0.68695784,310000.0,151467.4,149824.05,149824.05,18.959988,10.343254,8.540186,8.540148
1.7974057e+25,0.9099546,0.6540116,310000.0,151467.45,149824.05,149824.05,18.959988,10.343884,8.540186,8.540148
1.7974057e+25,0.92427,0.6793046,310000.0,151467.38,149824.05,149824.05,18.959988,10.343134,8.540186,8.540149
1.7974057e+25,0.92273784,0.6823247,310000.0,151467.4,149824.05,149824.03,18.959988,10.343319,8.540187,8.540147
1.7974057e+25,0.9434228,0.67872995,310000.0,151467.34,149824.05,149824.06,18.959988,10.343348,8.540186,8.540149
1.7974057e+25,0.9297349,0.667239,310000.0,151467.42,149824.05,149824.06,18.959988,10.343373,8.540185,8.540148
1.7974057e+25,0.9298198,0.68527716,310000.0,151467.34,149824.05,149824.05,18.959988,10.34329,8.540186,8.540149
1.7974057e+25,0.9322099,0.69342464,310000.0,151467.38,149824.05,149824.05,18.959988,10.343474,8.540186,8.540148
1.7974057e+25,0.93434834,0.690602,310000.0,151467.4,149824.03,149824.05,18.959988,10.343484,8.540186,8.540149
1.7974057e+25,0.91403383,0.658462,310000.0,151467.4,149824.06,149824.03,18.959988,10.343798,8.540186,8.540148
1.7974057e+25,0.93419087,0.66498053,310000.0,151467.4,149824.06,149824.05,18.959988,10.343355,8.540186,8.540148
1.7974057e+25,0.9258284,0.66931117,310000.0,151467.4,149824.05,149824.05,18.959988,10.343773,8.540186,8.540148
1.7974057e+25,0.9484873,0.667218,310000.0,151467.38,149824.06,149824.06,18.959988,10.343398,8.540186,8.540148
1.7974057e+25,0.9370072,0.68697745,310000.0,151467.34,149824.06,149824.05,18.959988,10.34315,8.540186,8.540147
1.7974057e+25,0.9002443,0.65244967,310000.0,151467.4,149824.05,149824.05,18.959988,10.343531,8.540184,8.540147
1.7974057e+25,0.928442,0.6994221,310000.0,151467.34,149824.05,149824.03,18.959988,10.342944,8.540186,8.540148
1.7974057e+25,0.93438023,0.6697891,310000.0,151467.42,149824.05,149824.05,18.959988,10.343536,8.540185,8.540148
1.7974057e+25,0.93211806,0.6871528,310000.0,151467.34,149824.05,149824.03,18.959988,10.343388,8.540186,8.540148
1.7974057e+25,0.9402214,0.7027808,310000.0,151467.4,149824.05,149824.05,18.959988,10.343597,8.540187,8.540148
1.7974057e+25,0.96943676,0.69772136,310000.0,151467.39,149824.05,149824.06,18.959988,10.343416,8.540186,8.540148
1.7974057e+25,0.94192547,0.6946692,310000.0,151467.39,149824.06,149824.03,18.959988,10.343543,8.540186,8.540149
1.7974057e+25,0.9194854,0.6734769,310000.0,151467.42,149824.05,149824.05,18.959988,10.343631,8.540186,8.540147
1.7974057e+25,0.9572291,0.69568133,310000.0,151467.39,149824.06,149824.05,18.959988,10.343353,8.540186,8.540147
1.7974057e+25,0.9293198,0.6722502,310000.0,151467.4,149824.05,149824.06,18.959988,10.3434725,8.540186,8.540148
1.7974057e+25,0.95161897,0.6991833,310000.0,151467.33,149824.06,149824.03,18.959988,10.342996,8.540186,8.540148
1.7974057e+25,0.9137563,0.6698582,310000.0,151467.38,149824.06,149824.05,18.959988,10.343413,8.540185,8.540149
1.7974057e+25,0.9341278,0.65425974,310000.0,151467.39,149824.05,149824.05,18.959988,10.343613,8.540184,8.540149
1.7974057e+25,0.9206523,0.6704704,310000.0,151467.45,149824.05,149824.03,18.959988,10.343618,8.540185,8.540148
1.7974057e+25,0.92505807,0.6647677,310000.0,151467.45,149824.05,149824.06,18.959988,10.343785,8.540183,8.540148
1.7974057e+25,0.9272114,0.6602792,310000.0,151467.33,149824.06,149824.08,18.959988,10.343075,8.540185,8.540147
1.7974057e+25,0.9641185,0.69808006,310000.0,151467.38,149824.05,149824.06,18.959988,10.343116,8.540186,8.540149
1.7974057e+25,0.9339332,0.6710803,310000.0,151467.42,149824.05,149824.05,18.959988,10.343487,8.540186,8.540148
1.7974057e+25,0.93742824,0.6812897,310000.0,151467.34,149824.03,149824.06,18.959988,10.343122,8.540186,8.540149
1.7974057e+25,0.92839944,0.68748194,310000.0,151467.44,149824.03,149824.05,18.959988,10.343741,8.540186,8.540148
1.7974057e+25,0.95393723,0.68990284,310000.0,151467.4,149824.06,149824.06,18.959988,10.343393,8.540186,8.540148
1.7974057e+25,0.9297292,0.69122964,310000.0,151467.38,149824.05,149824.05,18.959988,10.343434,8.540186,8.540148
1.7974057e+25,0.9288359,0.6897534,310000.0,151467.36,149824.06,149824.03,18.959988,10.343328,8.540186,8.540148
1.7974057e+25,0.93467444,0.6850634,310000.0,151467.38,149824.05,149824.03,18.959988,10.343592,8.540186,8.540148
1.7974057e+25,0.9148283,0.680228,310000.0,151467.42,149824.05,149824.05,18.959988,10.343501,8.540186,8.540148
1.7974057e+25,0.94430804,0.6946722,310000.0,151467.38,149824.06,149824.08,18.959988,10.343207,8.540186,8.540148
1.7974057e+25,0.9234581,0.6642445,310000.0,151467.36,149824.06,149824.08,18.959988,10.343086,8.540186,8.540147
1.7974057e+25,0.9328558,0.65294904,310000.0,151467.44,149824.05,149824.05,18.959988,10.343554,8.540184,8.540147
1.7974057e+25,0.91583955,0.6909549,310000.0,151467.42,149824.05,149824.05,18.959988,10.343634,8.540184,8.540148
1.7974057e+25,0.93482083,0.6520571,310000.0,151467.39,149824.05,149824.05,18.959988,10.343369,8.540184,8.540148
1.7974057e+25,0.92523104,0.6656876,310000.0,151467.39,149824.06,149824.05,18.959988,10.3433275,8.540186,8.540147
1.7974057e+25,0.93279326,0.6948961,310000.0,151467.38,149824.05,149824.05,18.959988,10.343259,8.540186,8.540149
1.7974057e+25,0.9405908,0.6901506,310000.0,151467.4,149824.05,149824.05,18.959988,10.343297,8.540186,8.540149
1.7974057e+25,0.9378977,0.6479514,310000.0,151467.4,149824.05,149824.03,18.959988,10.343338,8.540185,8.540148
1.7974057e+25,0.9342112,0.6888158,310000.0,151467.42,149824.03,149824.06,18.959988,10.343334,8.540186,8.540148
1.7974057e+25,0.9360241,0.69285786,310000.0,151467.33,149824.03,149824.03,18.959988,10.343283,8.540186,8.540148
1.7974057e+25,0.9174426,0.6649709,310000.0,151467.39,149824.05,149824.05,18.959988,10.343646,8.540185,8.540148
1.7974057e+25,0.9233209,0.6458648,310000.0,151467.4,149824.05,149824.05,18.959988,10.343397,8.540184,8.540148
1.7974057e+25,0.9178957,0.66014314,310000.0,151467.33,149824.06,149824.05,18.959988,10.343276,8.540186,8.540148
1.7974057e+25,0.9227433,0.65561396,310000.0,151467.42,149824.06,149824.03,18.959988,10.343592,8.540185,8.540148
1.7974057e+25,0.9393509,0.67645675,310000.0,151467.39,149824.06,149824.05,18.959988,10.343502,8.540186,8.540148
1.7974057e+25,0.914523,0.6466355,310000.0,151467.42,149824.06,149824.05,18.959988,10.343585,8.540185,8.540147
1.7974057e+25,0.9436413,0.69679147,310000.0,151467.4,149824.05,149824.03,18.959988,10.343612,8.540186,8.540149
1.7974057e+25,0.93926716,0.69829565,310000.0,151467.39,149824.05,149824.05,18.959988,10.343402,8.540185,8.540147
1.7974057e+25,0.9401037,0.6775236,310000.0,151467.4,149824.05,149824.03,18.959988,10.34337,8.540186,8.540148
1.7974057e+25,0.92498815,0.67542005,310000.0,151467.39,149824.06,149824.03,18.959988,10.343336,8.540186,8.540149
1.7974057e+25,0.93187344,0.6706375,310000.0,151467.38,149824.06,149824.05,18.959988,10.343318,8.540185,8.540149
1.7974057e+25,0.9358474,0.6924412,310000.0,151467.4,149824.03,149824.05,18.959988,10.343696,8.540186,8.540149
1.7974057e+25,0.9115642,0.67372245,310000.0,151467.39,149824.05,149824.05,18.959988,10.343213,8.540185,8.540148
1.7974057e+25,0.9307424,0.68711615,310000.0,151467.42,149824.05,149824.06,18.959988,10.343463,8.540186,8.540149
1.7974057e+25,0.93800265,0.6845986,310000.0,151467.27,149824.05,149824.05,18.959988,10.343067,8.540186,8.540148
1.7974057e+25,0.9245664,0.6655562,310000.0,151467.36,149824.06,149824.05,18.959988,10.343362,8.540184,8.540149
1.7974057e+25,0.92519546,0.6780363,310000.0,151467.38,149824.03,149824.05,18.959988,10.343627,8.540186,8.540149
1.7974057e+25,0.9089121,0.6632709,310000.0,151467.34,149824.06,149824.05,18.959988,10.343107,8.540184,8.540149
1.7974057e+25,0.89406437,0.6541729,310000.0,151467.34,149824.03,149824.08,18.959988,10.343121,8.540186,8.540149
1.7974057e+25,0.89470375,0.6908329,310000.0,151467.42,149824.06,149824.06,18.959988,10.343486,8.540186,8.540148
1.7974057e+25,0.92433745,0.68663096,310000.0,151467.38,149824.05,149824.08,18.959988,10.343412,8.540186,8.54015
1.7974057e+25,0.9305517,0.6979301,310000.0,151467.4,149824.05,149824.06,18.959988,10.343407,8.540186,8.540149
1.7974057e+25,0.9357801,0.689323,310000.0,151467.38,149824.06,149824.05,18.959988,10.342934,8.540186,8.540149
1.7974057e+25,0.93529415,0.6698975,310000.0,151467.39,149824.06,149824.06,18.959988,10.343312,8.540186,8.540148
1.7974057e+25,0.9085706,0.6821849,310000.0,151467.34,149824.05,149824.06,18.959988,10.343084,8.540186,8.54015
1.7974057e+25,0.93272984,0.6530105,310000.0,151467.36,149824.05,149824.05,18.959988,10.343437,8.540184,8.54015
1.7974057e+25,0.93101656,0.6849486,310000.0,151467.4,149824.05,149824.06,18.959988,10.343293,8.540186,8.540149
1.7974057e+25,0.9320611,0.6908719,310000.0,151467.39,149824.06,149824.06,18.959988,10.343315,8.540186,8.540149
1.7974057e+25,0.93043244,0.68024695,310000.0,151467.42,149824.05,149824.05,18.959988,10.34357,8.540186,8.540149
1.7974057e+25,0.9362921,0.70190626,310000.0,151467.33,149824.05,149824.05,18.959988,10.343517,8.540186,8.540149
1.7974057e+25,0.9313461,0.6997838,310000.0,151467.38,149824.03,149824.05,18.959988,10.343156,8.540186,8.540149
1.7974057e+25,0.9343817,0.6873038,310000.0,151467.39,149824.05,149824.06,18.959988,10.3435,8.540186,8.54015
1.7974057e+25,0.92432505,0.6842518,310000.0,151467.4,149824.05,149824.06,18.959988,10.343321,8.540186,8.540149
1.7974057e+25,0.9261881,0.68170327,310000.0,151467.4,149824.06,149824.08,18.959988,10.343583,8.540185,8.540149
1.7974057e+25,0.9322069,0.67721146,310000.0,151467.36,149824.08,149824.08,18.959988,10.343303,8.540185,8.540149
1.7974057e+25,0.91620886,0.65603876,310000.0,151467.36,149824.03,149824.06,18.959988,10.343419,8.540185,8.540149
1.7974057e+25,0.89633983,0.668482,310000.0,151467.39,149824.05,149824.06,18.959988,10.343578,8.540185,8.54015
1.7974057e+25,0.9432738,0.6965501,310000.0,151467.4,149824.06,149824.05,18.959988,10.343254,8.540186,8.540149
1.7974057e+25,0.94046825,0.6984723,310000.0,151467.39,149824.03,149824.03,18.959988,10.343569,8.540186,8.540149
1.7974057e+25,0.8871683,0.71896744,310000.0,151467.36,149824.05,149824.06,18.959988,10.34339,8.540183,8.540149
1.7974057e+25,0.91618645,0.6928239,310000.0,151467.36,149824.05,149824.1,18.959988,10.343188,8.540186,8.540149
1.7974057e+25,0.93715864,0.69055367,310000.0,151467.38,149824.05,149824.1,18.959988,10.343161,8.540186,8.540149
1.7974057e+25,0.89740896,0.68436056,310000.0,151467.4,149824.03,149824.03,18.959988,10.343608,8.540186,8.540149
1.7974057e+25,0.9386662,0.7026246,310000.0,151467.39,149824.05,149824.08,18.959988,10.343293,8.540186,8.540149
1.7974057e+25,0.946657,0.6975365,310000.0,151467.38,149824.03,149824.06,18.959988,10.3431835,8.540186,8.540149
1.7974057e+25,0.9437784,0.6983727,310000.0,151467.36,149824.03,149824.08,18.959988,10.343202,8.540186,8.540148
1.7974057e+25,0.9438198,0.68415874,310000.0,151467.31,149824.05,149824.08,18.959988,10.343121,8.540186,8.540149
1.7974057e+25,0.9298783,0.669232,310000.0,151467.39,149824.06,149824.05,18.959988,10.343377,8.540184,8.540149
1.7974057e+25,0.91419446,0.65662175,310000.0,151467.44,149824.06,149824.08,18.959988,10.343436,8.540185,8.54015
1.7974057e+25,0.93592715,0.68841517,310000.0,151467.36,149824.06,149824.05,18.959988,10.343199,8.540186,8.540149
1.7974057e+25,0.93615174,0.6693028,310000.0,151467.31,149824.03,149824.06,18.959988,10.343183,8.540186,8.540149
1.7974057e+25,0.9294349,0.6952005,310000.0,151467.36,149824.05,149824.05,18.959988,10.343063,8.540186,8.54015
1.7974057e+25,0.93897575,0.6787569,310000.0,151467.39,149824.02,149824.03,18.959988,10.343581,8.540185,8.540149
1.7974057e+25,0.9402771,0.6780968,310000.0,151467.38,149824.06,149824.08,18.959988,10.343462,8.540186,8.540149
1.7974057e+25,0.9207622,0.6576209,310000.0,151467.4,149824.05,149824.05,18.959988,10.343301,8.540185,8.540149
1.7974057e+25,0.9352245,0.6587747,310000.0,151467.34,149824.05,149824.02,18.959988,10.343281,8.540185,8.540149
1.7974057e+25,0.9490447,0.70481074,310000.0,151467.42,149824.03,149824.06,18.959988,10.343678,8.540185,8.540149
1.7974057e+25,0.92349195,0.67842174,310000.0,151467.33,149824.05,149824.05,18.959988,10.343243,8.540186,8.540149
1.7974057e+25,0.9346777,0.700093,310000.0,151467.31,149824.05,149824.05,18.959988,10.343025,8.540186,8.540149
1.7974057e+25,0.91688144,0.69385976,310000.0,151467.38,149824.06,149824.05,18.959988,10.343247,8.540186,8.540149
1.7974057e+25,0.92299706,0.6949921,310000.0,151467.42,149824.05,149824.06,18.959988,10.343574,8.540186,8.540149
1.7974057e+25,0.9208711,0.6516837,310000.0,151467.4,149824.05,149824.08,18.959988,10.343626,8.540185,8.540149
1.7974057e+25,0.9319198,0.69317466,310000.0,151467.31,149824.03,149824.05,18.959988,10.343153,8.540186,8.540149
1.7974057e+25,0.9085411,0.6542067,310000.0,151467.38,149824.06,149824.06,18.959988,10.343272,8.540185,8.540149
1.7974057e+25,0.92754376,0.6543157,310000.0,151467.4,149824.05,149824.06,18.959988,10.343465,8.540185,8.540149
1.7974057e+25,0.9418108,0.68383163,310000.0,151467.36,149824.06,149824.05,18.959988,10.343488,8.540186,8.540149
1.7974057e+25,0.9430362,0.6830378,310000.0,151467.39,149824.06,149824.06,18.959988,10.343266,8.540186,8.540149
1.7974057e+25,0.9046033,0.6543312,310000.0,151467.39,149824.03,149824.06,18.959988,10.3435335,8.540185,8.54015
1.7974057e+25,0.9352275,0.68970746,310000.0,151467.34,149824.05,149824.05,18.959988,10.343314,8.540185,8.540149
1.7974057e+25,0.9328187,0.6774664,310000.0,151467.33,149824.03,149824.08,18.959988,10.343457,8.540185,8.540149
1.7974057e+25,0.924585,0.6520349,310000.0,151467.38,149824.05,149824.05,18.959988,10.343283,8.540185,8.540149
1.7974057e+25,0.9221893,0.66021216,310000.0,151467.39,149824.06,149824.06,18.959988,10.343243,8.540185,8.540149
1.7974057e+25,0.9327306,0.6715235,310000.0,151467.36,149824.06,149824.06,18.959988,10.343506,8.540186,8.540149
1.7974057e+25,0.943492,0.6794603,310000.0,151467.39,149824.06,149824.06,18.959988,10.343374,8.540186,8.540149
1.7974057e+25,0.9424478,0.6941748,310000.0,151467.38,149824.03,149824.06,18.959988,10.343442,8.540186,8.540149
1.7974057e+25,0.88681775,0.65364313,310000.0,151467.36,149824.03,149824.05,18.959988,10.3431225,8.540183,8.54015
1.7974057e+25,0.92418957,0.65528506,310000.0,151467.4,149824.05,149824.08,18.959988,10.34351,8.540184,8.540149
1.7974057e+25,0.9257082,0.67216295,310000.0,151467.39,149824.05,149824.08,18.959988,10.343611,8.540185,8.540149
1.7974057e+25,0.9090558,0.6816069,310000.0,151467.39,149824.05,149824.06,18.959988,10.343212,8.540186,8.540149
1.7974057e+25,0.92480654,0.65694386,310000.0,151467.36,149824.06,149824.06,18.959988,10.34343,8.540185,8.540149
1.7974057e+25,0.93410814,0.6965179,310000.0,151467.39,149824.03,149824.06,18.959988,10.343467,8.540186,8.54015
1.7974057e+25,0.9331272,0.6555897,310000.0,151467.36,149824.05,149824.06,18.959988,10.343389,8.540185,8.540149
1.7974057e+25,0.9286873,0.6822066,310000.0,151467.38,149824.03,149824.06,18.959988,10.34308,8.540186,8.540149
1.7974057e+25,0.9279995,0.6732711,310000.0,151467.39,149824.05,149824.06,18.959988,10.343539,8.540185,8.540149
1.7974057e+25,0.9490235,0.6952884,310000.0,151467.36,149824.06,149824.08,18.959988,10.343073,8.540186,8.540149
1.7974057e+25,0.93623513,0.68875146,310000.0,151467.4,149824.06,149824.05,18.959988,10.343489,8.540186,8.540149
1.7974057e+25,0.9322226,0.65191907,310000.0,151467.4,149824.05,149824.06,18.959988,10.3436575,8.540185,8.540149
1.7974057e+25,0.93327266,0.6580441,310000.0,151467.42,149824.05,149824.05,18.959988,10.343643,8.540185,8.540149
1.7974057e+25,0.8920647,0.648879,310000.0,151467.45,149824.06,149824.02,18.959988,10.343739,8.540185,8.540149
1.7974057e+25,0.91229796,0.65090007,310000.0,151467.36,149824.05,149824.05,18.959988,10.343274,8.540184,8.540149
1.7974057e+25,0.9343628,0.68137497,310000.0,151467.38,149824.05,149824.06,18.959988,10.343426,8.540186,8.540148
1.7974057e+25,0.94274473,0.6954849,310000.0,151467.33,149824.05,149824.06,18.959988,10.342919,8.540186,8.540149
1.7974057e+25,0.92441565,0.71987844,310000.0,151467.42,149824.05,149824.06,18.959988,10.343384,8.540183,8.540149
1.7974057e+25,0.9342442,0.6705551,310000.0,151467.38,149824.06,149824.08,18.959988,10.343263,8.540185,8.54015
1.7974057e+25,0.9462292,0.69414115,310000.0,151467.36,149824.06,149824.06,18.959988,10.343271,8.540186,8.540149
1.7974057e+25,0.92833835,0.66323805,310000.0,151467.42,149824.06,149824.08,18.959988,10.343814,8.540185,8.540149
1.7974057e+25,0.9206425,0.65104437,310000.0,151467.38,149824.06,149824.06,18.959988,10.343307,8.540185,8.540149
1.7974057e+25,0.9170958,0.67436206,310000.0,151467.42,149824.06,149824.06,18.959988,10.343509,8.540186,8.540149
1.7974057e+25,0.92949665,0.686875,310000.0,151467.39,149824.03,149824.08,18.959988,10.343331,8.540185,8.540149
1.7974057e+25,0.91741055,0.6553113,310000.0,151467.38,149824.03,149824.08,18.959988,10.343539,8.540184,8.54015
1.7974057e+25,0.9257431,0.6567361,310000.0,151467.4,149824.05,149824.06,18.959988,10.343651,8.540186,8.540149
1.7974057e+25,0.93786454,0.6539445,310000.0,151467.38,149824.05,149824.08,18.959988,10.343339,8.540184,8.540149
1.7974057e+25,0.92979205,0.68482465,310000.0,151467.38,149824.03,149824.06,18.959988,10.343438,8.540186,8.540149
1.7974057e+25,0.9214557,0.6769486,310000.0,151467.36,149824.03,149824.06,18.959988,10.343305,8.540186,8.540149
1.7974057e+25,0.9287672,0.6829203,310000.0,151467.39,149824.03,149824.08,18.959988,10.343445,8.540186,8.540149
1.7974057e+25,0.94027245,0.6713369,310000.0,151467.4,149824.03,149824.06,18.959988,10.343593,8.540185,8.540149
1.7974057e+25,0.9182015,0.65644765,310000.0,151467.38,149824.05,149824.06,18.959988,10.34374,8.540184,8.540149
1.7974057e+25,0.93268204,0.6608172,310000.0,151467.38,149824.06,149824.03,18.959988,10.343281,8.540185,8.540149
1.7974057e+25,0.928748,0.6556343,310000.0,151467.36,149824.06,149824.06,18.959988,10.343718,8.540185,8.540149
1.7974057e+25,0.9345161,0.68648237,310000.0,151467.39,149824.06,149824.06,18.959988,10.343247,8.540186,8.540149
1.7974057e+25,0.92652273,0.67468506,310000.0,151467.38,149824.05,149824.06,18.959988,10.343478,8.540186,8.540149
1.7974057e+25,0.940092,0.68282706,310000.0,151467.33,149824.05,149824.06,18.959988,10.343164,8.540186,8.540149
1.7974057e+25,0.9437357,0.6785487,310000.0,151467.38,149824.05,149824.06,18.959988,10.343634,8.540186,8.540149
1.7974057e+25,0.9135831,0.6491725,310000.0,151467.42,149824.06,149824.03,18.959988,10.343253,8.540185,8.540149
1.7974057e+25,0.9234965,0.6815799,310000.0,151467.33,149824.05,149824.08,18.959988,10.342989,8.540184,8.540149
1.7974057e+25,0.93803257,0.6900818,310000.0,151467.38,149824.06,149824.05,18.959988,10.3433895,8.540186,8.54015
1.7974057e+25,0.93194765,0.67314595,310000.0,151467.39,149824.05,149824.05,18.959988,10.34344,8.540185,8.540149
1.7974057e+25,0.92506224,0.6793375,310000.0,151467.39,149824.06,149824.03,18.959988,10.3435955,8.540186,8.540149
1.7974057e+25,0.9379172,0.67983335,310000.0,151467.42,149824.05,149824.08,18.959988,10.343702,8.540186,8.540149
1.7974057e+25,0.9415996,0.6913597,310000.0,151467.36,149824.06,149824.06,18.959988,10.343203,8.540187,8.540149
1.7974057e+25,0.93734616,0.659635,310000.0,151467.38,149824.05,149824.05,18.959988,10.3433,8.540186,8.540149
1.7974057e+25,0.93135625,0.67170215,310000.0,151467.34,149824.05,149824.05,18.959988,10.343323,8.540185,8.540148
1.7974057e+25,0.93670154,0.69099814,310000.0,151467.39,149824.03,149824.05,18.959988,10.343376,8.540186,8.540149
1.7974057e+25,0.9366877,0.67606264,310000.0,151467.34,149824.06,149824.03,18.959988,10.34315,8.540186,8.540149
1.7974057e+25,0.92962664,0.6719715,310000.0,151467.33,149824.06,149824.05,18.959988,10.3433695,8.540186,8.540149
1.7974057e+25,0.9333931,0.68043685,310000.0,151467.39,149824.05,149824.06,18.959988,10.343586,8.540186,8.540149
1.7974057e+25,0.92763084,0.6620068,310000.0,151467.38,149824.06,149824.05,18.959988,10.34368,8.540185,8.540148
1.7974057e+25,0.9275013,0.6724724,310000.0,151467.39,149824.05,149824.03,18.959988,10.343488,8.540185,8.540149
1.7974057e+25,0.9299589,0.6637813,310000.0,151467.38,149824.06,149824.06,18.959988,10.343352,8.540185,8.540149
1.7974057e+25,0.95807713,0.6962707,310000.0,151467.33,149824.05,149824.06,18.959988,10.343161,8.540186,8.540148
1.7974057e+25,0.94358367,0.68289685,310000.0,151467.4,149824.05,149824.05,18.959988,10.343318,8.540187,8.540149
1.7974057e+25,0.9279799,0.65218526,310000.0,151467.42,149824.06,149824.06,18.959988,10.343479,8.540185,8.540149
1.7974057e+25,0.9175417,0.6897437,310000.0,151467.38,149824.03,149824.06,18.959988,10.343133,8.540186,8.540148
1.7974057e+25,0.9140536,0.68345577,310000.0,151467.4,149824.06,149824.05,18.959988,10.343563,8.540186,8.540147
1.7974057e+25,0.92188007,0.68529534,310000.0,151467.38,149824.05,149824.06,18.959988,10.343484,8.540185,8.540148
1.7974057e+25,0.91847205,0.6831113,310000.0,151467.38,149824.06,149824.06,18.959988,10.343302,8.540185,8.540146
1.7974057e+25,0.928496,0.6803667,310000.0,151467.33,149824.1,149824.06,18.959988,10.343573,8.540186,8.540148
1.7974057e+25,0.91337603,0.6737097,310000.0,151467.39,149824.06,149824.05,18.959988,10.34349,8.540185,8.540147
1.7974057e+25,0.9147033,0.68626255,310000.0,151467.38,149824.06,149824.05,18.959988,10.343365,8.540186,8.540147
1.7974057e+25,0.9417749,0.66937363,310000.0,151467.4,149824.03,149824.06,18.959988,10.343458,8.540184,8.540147
1.7974057e+25,0.91532815,0.6848571,310000.0,151467.31,149824.05,149824.05,18.959988,10.343134,8.540186,8.540147
1.7974057e+25,0.9361451,0.66302687,310000.0,151467.42,149824.06,149824.06,18.959988,10.343336,8.540185,8.540148
1.7974057e+25,0.9309282,0.68766606,310000.0,151467.4,149824.06,149824.05,18.959988,10.343421,8.540185,8.540146
1.7974057e+25,0.93925387,0.69260305,310000.0,151467.39,149824.05,149824.06,18.959988,10.343369,8.540186,8.540147
1.7974057e+25,0.9480708,0.6744969,310000.0,151467.39,149824.05,149824.05,18.959988,10.343493,8.540185,8.540147
1.7974057e+25,0.92266846,0.6723889,310000.0,151467.45,149824.05,149824.05,18.959988,10.343533,8.540186,8.540147
1.7974057e+25,0.921341,0.6664151,310000.0,151467.33,149824.06,149824.05,18.959988,10.34307,8.540185,8.540147
1.7974057e+25,0.93855023,0.6762841,310000.0,151467.36,149824.03,149824.05,18.959988,10.343293,8.540184,8.540147
1.7974057e+25,0.93796045,0.69057727,310000.0,151467.36,149824.06,149824.05,18.959988,10.34337,8.540185,8.540147
1.7974057e+25,0.92258555,0.6606613,310000.0,151467.33,149824.05,149824.06,18.959988,10.343142,8.540185,8.540147
1.7974057e+25,0.9443541,0.70147043,310000.0,151467.38,149824.05,149824.05,18.959988,10.343534,8.540186,8.540147
1.7974057e+25,0.9332881,0.65936416,310000.0,151467.39,149824.05,149824.06,18.959988,10.343328,8.540185,8.540147
1.7974057e+25,0.91411453,0.68814063,310000.0,151467.4,149824.06,149824.05,18.959988,10.343331,8.540184,8.540147
1.7974057e+25,0.9267128,0.70048326,310000.0,151467.31,149824.05,149824.06,18.959988,10.3431835,8.540186,8.540146
1.7974057e+25,0.95820075,0.6922891,310000.0,151467.4,149824.06,149824.05,18.959988,10.343648,8.540187,8.540147
1.7974057e+25,0.93582165,0.6860738,310000.0,151467.38,149824.05,149824.05,18.959988,10.343375,8.540185,8.540147
1.7974057e+25,0.9487217,0.7093593,310000.0,151467.4,149824.05,149824.06,18.959988,10.343579,8.540185,8.540147
1.7974057e+25,0.945811,0.7096817,310000.0,151467.42,149824.05,149824.05,18.959988,10.343636,8.540186,8.540148
1.7974057e+25,0.95197463,0.7032412,310000.0,151467.39,149824.03,149824.03,18.959988,10.3432665,8.540186,8.540146
1.7974057e+25,0.93163526,0.6801339,310000.0,151467.38,149824.05,149824.05,18.959988,10.3435135,8.540185,8.540147
1.7974057e+25,0.91380674,0.7563137,310000.0,151467.39,149824.05,149824.06,18.959988,10.343703,8.540182,8.540147
1.7974057e+25,0.9236762,0.6647661,310000.0,151467.39,149824.06,149824.05,18.959988,10.343548,8.540185,8.540147
1.7974057e+25,0.9217601,0.65555537,310000.0,151467.42,149824.06,149824.05,18.959988,10.343822,8.540185,8.540146
1.7974057e+25,0.9352925,0.65645385,310000.0,151467.34,149824.03,149824.06,18.959988,10.343304,8.540185,8.540146
1.7974057e+25,0.92033815,0.6927225,310000.0,151467.34,149824.03,149824.05,18.959988,10.34348,8.540186,8.540148
1.7974057e+25,0.9286466,0.6815829,310000.0,151467.39,149824.03,149824.08,18.959988,10.343434,8.540185,8.540147
1.7974057e+25,0.9324829,0.6751502,310000.0,151467.34,149824.06,149824.06,18.959988,10.343138,8.540185,8.540146
1.7974057e+25,0.9217356,0.6773088,310000.0,151467.38,149824.03,149824.06,18.959988,10.34321,8.540186,8.540148
1.7974057e+25,0.94014585,0.6986794,310000.0,151467.39,149824.05,149824.05,18.959988,10.343284,8.540186,8.540147
1.7974057e+25,0.9312959,0.66945016,310000.0,151467.36,149824.05,149824.03,18.959988,10.343094,8.540185,8.540146
1.7974057e+25,0.94287133,0.6709723,310000.0,151467.39,149824.08,149824.06,18.959988,10.343464,8.540185,8.540148
1.7974057e+25,0.93391603,0.6786568,310000.0,151467.38,149824.08,149824.05,18.959988,10.343108,8.540186,8.540147
1.7974057e+25,0.94245803,0.6962486,310000.0,151467.39,149824.05,149824.06,18.959988,10.343254,8.540186,8.540147
1.7974057e+25,0.930312,0.6812309,310000.0,151467.36,149824.06,149824.05,18.959988,10.343359,8.540185,8.540147
1.7974057e+25,0.9338114,0.68588537,310000.0,151467.39,149824.06,149824.06,18.959988,10.343348,8.540186,8.540148
1.7974057e+25,0.9395968,0.69944775,310000.0,151467.33,149824.06,149824.03,18.959988,10.34329,8.540187,8.540146
1.7974057e+25,0.94164234,0.7015579,310000.0,151467.33,149824.03,149824.05,18.959988,10.343354,8.540186,8.540146
1.7974057e+25,0.9282419,0.68952405,310000.0,151467.39,149824.03,149824.06,18.959988,10.343239,8.540186,8.540146
1.7974057e+25,0.93232405,0.69844216,310000.0,151467.4,149824.05,149824.05,18.959988,10.343268,8.540186,8.540147
1.7974057e+25,0.93029696,0.6810254,310000.0,151467.38,149824.06,149824.06,18.959988,10.343579,8.540185,8.540147
1.7974057e+25,0.9311168,0.65779644,310000.0,151467.31,149824.05,149824.06,18.959988,10.343554,8.540185,8.540147
1.7974057e+25,0.9483356,0.70321,310000.0,151467.39,149824.03,149824.05,18.959988,10.343324,8.540186,8.540147
1.7974057e+25,0.9284786,0.6863186,310000.0,151467.44,149824.02,149824.06,18.959988,10.343543,8.540185,8.540147
1.7974057e+25,0.93893903,0.68173206,310000.0,151467.39,149824.08,149824.06,18.959988,10.34339,8.540186,8.540147
1.7974057e+25,0.9317758,0.66798,310000.0,151467.36,149824.05,149824.05,18.959988,10.3434925,8.540185,8.540147
1.7974057e+25,0.92323524,0.65648824,310000.0,151467.39,149824.03,149824.05,18.959988,10.343179,8.540184,8.540147
1.7974057e+25,0.94140464,0.7075926,310000.0,151467.31,149824.06,149824.08,18.959988,10.342937,8.540186,8.540148
1.7974057e+25,0.9208989,0.6580686,310000.0,151467.38,149824.08,149824.03,18.959988,10.3433275,8.540185,8.540147
1.7974057e+25,0.9254639,0.6775894,310000.0,151467.38,149824.05,149824.05,18.959988,10.343341,8.540186,8.540147
1.7974057e+25,0.9342151,0.65849704,310000.0,151467.39,149824.05,149824.05,18.959988,10.343404,8.540185,8.540147
1.7974057e+25,0.93749344,0.67684263,310000.0,151467.4,149824.06,149824.05,18.959988,10.343429,8.540185,8.540147
1.7974057e+25,0.924282,0.6691434,310000.0,151467.42,149824.06,149824.06,18.959988,10.3437805,8.540185,8.540148
1.7974057e+25,0.9357983,0.6711406,310000.0,151467.36,149824.06,149824.05,18.959988,10.343216,8.540185,8.540147
1.7974057e+25,0.94708633,0.700422,310000.0,151467.38,149824.05,149824.05,18.959988,10.343746,8.540186,8.540147
1.7974057e+25,0.9378879,0.66924804,310000.0,151467.38,149824.05,149824.06,18.959988,10.34349,8.540185,8.540147
1.7974057e+25,0.9349991,0.66290677,310000.0,151467.4,149824.05,149824.06,18.959988,10.343611,8.540185,8.540147
1.7974057e+25,0.9271336,0.6967201,310000.0,151467.38,149824.06,149824.06,18.959988,10.343197,8.540186,8.540147
1.7974057e+25,0.93663734,0.70519936,310000.0,151467.36,149824.06,149824.05,18.959988,10.343286,8.540186,8.540147
1.7974057e+25,0.93906087,0.7028267,310000.0,151467.36,149824.03,149824.06,18.959988,10.343367,8.540186,8.540147
1.7974057e+25,0.9459162,0.70704466,310000.0,151467.39,149824.05,149824.06,18.959988,10.343551,8.540185,8.540147
1.7974057e+25,0.9217849,0.6881628,310000.0,151467.34,149824.05,149824.06,18.959988,10.343474,8.540186,8.540147
1.7974057e+25,0.9252326,0.67899585,310000.0,151467.4,149824.05,149824.06,18.959988,10.343392,8.540185,8.540147
1.7974057e+25,0.9147725,0.8141235,310000.0,151467.42,149824.05,149824.05,18.959988,10.343708,8.540182,8.540147
1.7974057e+25,0.9271375,0.6891314,310000.0,151467.4,149824.06,149824.05,18.959988,10.343559,8.540184,8.540147
1.7974057e+25,0.9458168,0.66890925,310000.0,151467.42,149824.05,149824.05,18.959988,10.343803,8.540186,8.540146
1.7974057e+25,0.92219263,0.67786896,310000.0,151467.36,149824.06,149824.06,18.959988,10.342985,8.540185,8.540147
1.7974057e+25,0.9162987,0.672678,310000.0,151467.39,149824.06,149824.06,18.959988,10.3434105,8.540185,8.540147
1.7974057e+25,0.91113085,0.66104835,310000.0,151467.4,149824.06,149824.03,18.959988,10.343627,8.540184,8.540147
1.7974057e+25,0.92350185,0.6871021,310000.0,151467.38,149824.05,149824.06,18.959988,10.343438,8.540185,8.540147
1.7974057e+25,0.920223,0.6710712,310000.0,151467.39,149824.06,149824.03,18.959988,10.343395,8.540185,8.540146
1.7974057e+25,0.89703214,0.6579,310000.0,151467.38,149824.05,149824.05,18.959988,10.343374,8.540185,8.540147
1.7974057e+25,0.9420576,0.6794041,310000.0,151467.38,149824.05,149824.05,18.959988,10.343757,8.540185,8.540147
1.7974057e+25,0.9314949,0.65700024,310000.0,151467.39,149824.03,149824.06,18.959988,10.343705,8.540184,8.540148
1.7974057e+25,0.92678887,0.69526243,310000.0,151467.4,149824.06,149824.05,18.959988,10.343543,8.540186,8.540147
1.7974057e+25,0.92987007,0.66053164,310000.0,151467.36,149824.03,149824.05,18.959988,10.343266,8.540185,8.540147
1.7974057e+25,0.9206484,0.660838,310000.0,151467.4,149824.06,149824.05,18.959988,10.343863,8.540184,8.540147
1.7974057e+25,0.9261366,0.7006114,310000.0,151467.4,149824.05,149824.05,18.959988,10.343499,8.540186,8.540147
1.7974057e+25,0.916887,0.65856093,310000.0,151467.4,149824.05,149824.05,18.959988,10.343422,8.540184,8.540147
1.7974057e+25,0.9403127,0.69664025,310000.0,151467.4,149824.05,149824.05,18.959988,10.343715,8.540186,8.540147
1.7974057e+25,0.9379907,0.6792985,310000.0,151467.38,149824.02,149824.05,18.959988,10.343284,8.540185,8.540147
1.7974057e+25,0.9441284,0.66600287,310000.0,151467.39,149824.08,149824.06,18.959988,10.343816,8.540186,8.540148
1.7974057e+25,0.9422747,0.68535024,310000.0,151467.34,149824.06,149824.06,18.959988,10.343313,8.540185,8.540147
1.7974057e+25,0.93243206,0.6911275,310000.0,151467.38,149824.05,149824.06,18.959988,10.343329,8.540185,8.540148
1.7974057e+25,0.9268962,0.70540535,310000.0,151467.4,149824.05,149824.06,18.959988,10.343588,8.540186,8.540148
1.7974057e+25,0.93988526,0.6787301,310000.0,151467.4,149824.03,149824.05,18.959988,10.343542,8.540185,8.540146
1.7974057e+25,0.9337651,0.6675459,310000.0,151467.42,149824.05,149824.05,18.959988,10.343755,8.540185,8.540147
1.7974057e+25,0.9263973,0.6749056,310000.0,151467.34,149824.06,149824.05,18.959988,10.343083,8.540185,8.540148
1.7974057e+25,0.9101342,0.68610287,310000.0,151467.4,149824.06,149824.05,18.959988,10.3433485,8.540185,8.540146
1.7974057e+25,0.9310057,0.663312,310000.0,151467.39,149824.05,149824.05,18.959988,10.343726,8.540185,8.540147
1.7974057e+25,0.94091046,0.69601446,310000.0,151467.38,149824.05,149824.05,18.959988,10.343229,8.540186,8.540147
1.7974057e+25,0.92302704,0.6789088,310000.0,151467.38,149824.05,149824.06,18.959988,10.343639,8.540186,8.540147
1.7974057e+25,0.9534068,0.7036211,310000.0,151467.34,149824.05,149824.05,18.959988,10.343214,8.540186,8.540147
1.7974057e+25,0.937009,0.66243595,310000.0,151467.38,149824.05,149824.06,18.959988,10.343396,8.540185,8.540147
1.7974057e+25,0.9128345,0.67054546,310000.0,151467.39,149824.06,149824.05,18.959988,10.34335,8.540185,8.540147
1.7974057e+25,0.93599784,0.68336964,310000.0,151467.36,149824.06,149824.06,18.959988,10.343352,8.540186,8.540147
1.7974057e+25,0.9382488,0.65872276,310000.0,151467.38,149824.05,149824.06,18.959988,10.3433485,8.540185,8.540147
1.7974057e+25,0.93619096,0.65514886,310000.0,151467.42,149824.05,149824.05,18.959988,10.343595,8.540185,8.540147
1.7974057e+25,0.94487196,0.6956807,310000.0,151467.39,149824.05,149824.06,18.959988,10.34298,8.540186,8.540147
1.7974057e+25,0.9387638,0.67412215,310000.0,151467.42,149824.05,149824.05,18.959988,10.343787,8.540184,8.540146
1.7974057e+25,0.9339033,0.6558778,310000.0,151467.38,149824.03,149824.05,18.959988,10.343521,8.540184,8.540147
1.7974057e+25,0.9367471,0.6964092,310000.0,151467.39,149824.03,149824.06,18.959988,10.343275,8.540186,8.540148
1.7974057e+25,0.94534445,0.6665609,310000.0,151467.39,149824.06,149824.06,18.959988,10.343497,8.540185,8.540147
1.7974057e+25,0.93831176,0.6906512,310000.0,151467.4,149824.06,149824.06,18.959988,10.343386,8.540186,8.540147
1.7974057e+25,0.9302026,0.6593322,310000.0,151467.38,149824.03,149824.06,18.959988,10.343281,8.540185,8.540146
1.7974057e+25,0.91090214,0.6900217,310000.0,151467.34,149824.05,149824.06,18.959988,10.343396,8.540186,8.540152
1.7974057e+25,0.9202353,0.6821236,310000.0,151467.44,149824.06,149824.06,18.959988,10.343623,8.540185,8.540153
1.7974057e+25,0.91428906,0.66920483,310000.0,151467.34,149824.05,149824.05,18.959988,10.343569,8.540184,8.540153
1.7974057e+25,0.90762854,0.65845823,310000.0,151467.38,149824.06,149824.06,18.959988,10.343193,8.540184,8.540152
1.7974057e+25,0.9261627,0.7044295,310000.0,151467.31,149824.03,149824.05,18.959988,10.343189,8.540186,8.540153
1.7974057e+25,0.92514676,0.7049564,310000.0,151467.38,149824.06,149824.05,18.959988,10.343339,8.540187,8.540152
1.7974057e+25,0.900084,0.6949307,310000.0,151467.36,149824.08,149824.05,18.959988,10.343023,8.540186,8.540152
1.7974057e+25,0.8924157,0.6796566,310000.0,151467.36,149824.03,149824.06,18.959988,10.3431015,8.540186,8.540152
1.7974057e+25,0.91255885,0.6710487,310000.0,151467.36,149824.03,149824.05,18.959988,10.343296,8.540185,8.540153
1.7974057e+25,0.92390245,0.6596195,310000.0,151467.39,149824.06,149824.03,18.959988,10.343511,8.540185,8.540152
1.7974057e+25,0.9403858,0.69245404,310000.0,151467.34,149824.06,149824.03,18.959988,10.34323,8.540185,8.540152
1.7974057e+25,0.9354667,0.6830839,310000.0,151467.36,149824.05,149824.06,18.959988,10.343219,8.540186,8.540153
1.7974057e+25,0.9218259,0.6753371,310000.0,151467.4,149824.05,149824.05,18.959988,10.343531,8.540185,8.540153
1.7974057e+25,0.90332603,0.68785065,310000.0,151467.4,149824.08,149824.06,18.959988,10.343483,8.540186,8.540153
1.7974057e+25,0.9116284,0.67852116,310000.0,151467.36,149824.05,149824.05,18.959988,10.343526,8.540185,8.540152
1.7974057e+25,0.9323489,0.68811464,310000.0,151467.4,149824.06,149824.05,18.959988,10.343643,8.540186,8.540152
1.7974057e+25,0.93110955,0.708189,310000.0,151467.34,149824.05,149824.06,18.959988,10.343462,8.540185,8.540153
1.7974057e+25,0.9432663,0.69563806,310000.0,151467.38,149824.06,149824.06,18.959988,10.343331,8.540186,8.540153
1.7974057e+25,0.93000233,0.69717306,310000.0,151467.39,149824.08,149824.06,18.959988,10.34332,8.540186,8.540151
1.7974057e+25,0.93119514,0.67894125,310000.0,151467.34,149824.06,149824.05,18.959988,10.343471,8.540186,8.540153
1.7974057e+25,0.90880466,0.68106335,310000.0,151467.38,149824.05,149824.08,18.959988,10.343253,8.540185,8.540153
1.7974057e+25,0.9375759,0.70358956,310000.0,151467.4,149824.05,149824.03,18.959988,10.343502,8.540186,8.540152
1.7974057e+25,0.8984826,0.66035044,310000.0,151467.34,149824.05,149824.05,18.959988,10.343216,8.540184,8.540153
1.7974057e+25,0.9281343,0.66946054,310000.0,151467.42,149824.05,149824.08,18.959988,10.343552,8.540185,8.540153
1.7974057e+25,0.941705,0.6878991,310000.0,151467.39,149824.05,149824.05,18.959988,10.343402,8.540185,8.5401535
1.7974057e+25,0.93425125,0.6650864,310000.0,151467.4,149824.06,149824.06,18.959988,10.343777,8.540186,8.540152
1.7974057e+25,0.9264019,0.69808114,310000.0,151467.44,149824.06,149824.06,18.959988,10.343731,8.540186,8.540153
1.7974057e+25,0.93979245,0.70278645,310000.0,151467.38,149824.05,149824.06,18.959988,10.343041,8.540186,8.540153
1.7974057e+25,0.9287245,0.7006008,310000.0,151467.34,149824.05,149824.05,18.959988,10.34291,8.540186,8.540153
1.7974057e+25,0.9310003,0.70442903,310000.0,151467.4,149824.05,149824.06,18.959988,10.343865,8.540186,8.540152
1.7974057e+25,0.93838644,0.69745845,310000.0,151467.38,149824.05,149824.06,18.959988,10.343095,8.540186,8.5401535
1.7974057e+25,0.9326028,0.69824743,310000.0,151467.4,149824.05,149824.06,18.959988,10.343496,8.540187,8.540153
1.7974057e+25,0.9391367,0.69888073,310000.0,151467.4,149824.06,149824.06,18.959988,10.34358,8.540186,8.540153
1.7974057e+25,0.9350033,0.70036614,310000.0,151467.38,149824.05,149824.05,18.959988,10.343524,8.540186,8.540153
1.7974057e+25,0.9501577,0.7151809,310000.0,151467.38,149824.05,149824.06,18.959988,10.343295,8.540185,8.540153
1.7974057e+25,0.926705,0.6651889,310000.0,151467.34,149824.06,149824.05,18.959988,10.343391,8.540185,8.540153
1.7974057e+25,0.9463919,0.6601275,310000.0,151467.39,149824.06,149824.05,18.959988,10.343264,8.540185,8.540153
1.7974057e+25,0.9427619,0.6661094,310000.0,151467.4,149824.05,149824.06,18.959988,10.343415,8.540185,8.540153
1.7974057e+25,0.95024747,0.7085162,310000.0,151467.38,149824.05,149824.06,18.959988,10.343321,8.540186,8.540153
1.7974057e+25,0.9315089,0.66264635,310000.0,151467.39,149824.05,149824.03,18.959988,10.343292,8.540184,8.540153
1.7974057e+25,0.93618673,0.6844214,310000.0,151467.4,149824.05,149824.05,18.959988,10.343266,8.540185,8.540153
1.7974057e+25,0.93768626,0.66717494,310000.0,151467.4,149824.06,149824.08,18.959988,10.3434515,8.540186,8.540153
1.7974057e+25,0.9228158,0.68213,310000.0,151467.42,149824.06,149824.05,18.959988,10.343744,8.540186,8.540152
1.7974057e+25,0.94236434,0.71298593,310000.0,151467.38,149824.05,149824.05,18.959988,10.343155,8.540186,8.540152
1.7974057e+25,0.94811594,0.6997083,310000.0,151467.44,149824.06,149824.03,18.959988,10.343604,8.540186,8.540153
1.7974057e+25,0.94230634,0.6803789,310000.0,151467.39,149824.06,149824.06,18.959988,10.343397,8.540185,8.540153
1.7974057e+25,0.92374235,0.68089163,310000.0,151467.4,149824.06,149824.05,18.959988,10.343497,8.540185,8.540153
1.7974057e+25,0.93734294,0.6927483,310000.0,151467.38,149824.05,149824.06,18.959988,10.343233,8.540186,8.540153
1.7974057e+25,0.9492604,0.6750637,310000.0,151467.39,149824.05,149824.08,18.959988,10.343503,8.540185,8.540153
1.7974057e+25,0.92538345,0.7008126,310000.0,151467.39,149824.05,149824.06,18.959988,10.343542,8.540186,8.5401535
1.7974057e+25,0.922292,0.6959525,310000.0,151467.34,149824.05,149824.06,18.959988,10.343235,8.540186,8.540152
1.7974057e+25,0.92191845,0.66462415,310000.0,151467.39,149824.05,149824.05,18.959988,10.343361,8.540184,8.540152
1.7974057e+25,0.9286657,0.67733717,310000.0,151467.34,149824.05,149824.05,18.959988,10.343296,8.540186,8.540153
1.7974057e+25,0.9188661,0.6582587,310000.0,151467.44,149824.06,149824.05,18.959988,10.343588,8.540185,8.540152
1.7974057e+25,0.95153046,0.68592095,310000.0,151467.39,149824.08,149824.03,18.959988,10.3434725,8.540185,8.540152
1.7974057e+25,0.93947077,0.6965713,310000.0,151467.42,149824.06,149824.05,18.959988,10.343508,8.540186,8.540153
1.7974057e+25,0.92922187,0.66405463,310000.0,151467.39,149824.06,149824.05,18.959988,10.3432665,8.540185,8.540153
1.7974057e+25,0.94025874,0.7018232,310000.0,151467.39,149824.05,149824.05,18.959988,10.343322,8.540185,8.540153
1.7974057e+25,0.9465628,0.7017769,310000.0,151467.38,149824.03,149824.08,18.959988,10.3433895,8.540186,8.540153
1.7974057e+25,0.945192,0.6881634,310000.0,151467.39,149824.08,149824.05,18.959988,10.343398,8.540185,8.540153
1.7974057e+25,0.9488009,0.70574373,310000.0,151467.39,149824.06,149824.05,18.959988,10.343465,8.540186,8.540152
1.7974057e+25,0.9402346,0.68272614,310000.0,151467.39,149824.03,149824.06,18.959988,10.343536,8.540185,8.540153
1.7974057e+25,0.9452713,0.6836858,310000.0,151467.42,149824.05,149824.08,18.959988,10.343723,8.540185,8.5401535
1.7974057e+25,0.9428215,0.68093234,310000.0,151467.36,149824.05,149824.05,18.959988,10.3435755,8.540185,8.540153
1.7974057e+25,0.95759547,0.6905982,310000.0,151467.38,149824.06,149824.05,18.959988,10.343422,8.540186,8.540152
1.7974057e+25,0.9274497,0.679414,310000.0,151467.42,149824.06,149824.05,18.959988,10.343326,8.540186,8.540153
1.7974057e+25,0.92665386,0.6748854,310000.0,151467.36,149824.06,149824.06,18.959988,10.343356,8.540185,8.540152
1.7974057e+25,0.942858,0.70150733,310000.0,151467.4,149824.03,149824.05,18.959988,10.343398,8.540186,8.540153
1.7974057e+25,0.9273133,0.67576,310000.0,151467.33,149824.08,149824.05,18.959988,10.343071,8.540186,8.540152
1.7974057e+25,0.92866343,0.6874649,310000.0,151467.38,149824.03,149824.08,18.959988,10.343205,8.540186,8.5401535
1.7974057e+25,0.9472201,0.6938369,310000.0,151467.36,149824.06,149824.06,18.959988,10.343341,8.540185,8.540153
1.7974057e+25,0.9275022,0.67126006,310000.0,151467.4,149824.08,149824.03,18.959988,10.343204,8.540185,8.540153
1.7974057e+25,0.93471956,0.7018674,310000.0,151467.38,149824.05,149824.06,18.959988,10.343646,8.540186,8.5401535
1.7974057e+25,0.920787,0.80884457,310000.0,151467.38,149824.06,149824.06,18.959988,10.343196,8.540182,8.540153
1.7974057e+25,0.93725896,0.6847049,310000.0,151467.39,149824.06,149824.03,18.959988,10.343455,8.540184,8.540153
1.7974057e+25,0.9315341,0.6903525,310000.0,151467.39,149824.08,149824.06,18.959988,10.343064,8.540186,8.540153
1.7974057e+25,0.93399864,0.67853856,310000.0,151467.38,149824.05,149824.05,18.959988,10.343289,8.540184,8.540152
1.7974057e+25,0.951514,0.70542526,310000.0,151467.39,149824.06,149824.06,18.959988,10.3433895,8.540186,8.540153
1.7974057e+25,0.9276449,0.6793855,310000.0,151467.4,149824.06,149824.05,18.959988,10.343608,8.540186,8.540152
1.7974057e+25,0.93506646,0.6826776,310000.0,151467.36,149824.05,149824.05,18.959988,10.343268,8.540185,8.540152
1.7974057e+25,0.9431053,0.6859425,310000.0,151467.44,149824.03,149824.05,18.959988,10.343563,8.540187,8.540153
1.7974057e+25,0.94954693,0.7064068,310000.0,151467.36,149824.05,149824.06,18.959988,10.343562,8.540186,8.540152
1.7974057e+25,0.9225555,0.6676717,310000.0,151467.36,149824.05,149824.05,18.959988,10.343557,8.540185,8.540152
1.7974057e+25,0.9301048,0.6942996,310000.0,151467.36,149824.06,149824.05,18.959988,10.343306,8.540187,8.540153
1.7974057e+25,0.9305692,0.701446,310000.0,151467.38,149824.05,149824.05,18.959988,10.343237,8.540186,8.540152
1.7974057e+25,0.9380802,0.6975478,310000.0,151467.31,149824.05,149824.05,18.959988,10.343278,8.540186,8.5401535
1.7974057e+25,0.9307086,0.67321473,310000.0,151467.36,149824.06,149824.05,18.959988,10.343361,8.540186,8.540152
1.7974057e+25,0.9356148,0.6880734,310000.0,151467.38,149824.05,149824.08,18.959988,10.343167,8.540186,8.540152
1.7974057e+25,0.92266685,0.6898022,310000.0,151467.34,149824.05,149824.08,18.959988,10.343181,8.540186,8.540153
1.7974057e+25,0.91486144,0.6673875,310000.0,151467.38,149824.03,149824.05,18.959988,10.343389,8.540185,8.540153
1.7974057e+25,0.91783714,0.69478714,310000.0,151467.38,149824.05,149824.03,18.959988,10.343385,8.540185,8.540153
1.7974057e+25,0.9355523,0.67451304,310000.0,151467.36,149824.05,149824.06,18.959988,10.343519,8.540186,8.5401535
1.7974057e+25,0.9244792,0.68561774,310000.0,151467.4,149824.06,149824.06,18.959988,10.343329,8.540185,8.540153
1.7974057e+25,0.92770654,0.69582105,310000.0,151467.31,149824.05,149824.05,18.959988,10.343228,8.540186,8.540152
1.7974057e+25,0.92242223,0.68729305,310000.0,151467.39,149824.06,149824.05,18.959988,10.343419,8.540185,8.540152
1.7974057e+25,0.92795414,0.66879565,310000.0,151467.4,149824.05,149824.05,18.959988,10.343618,8.540185,8.540153
1.7974057e+25,0.95088184,0.67799544,310000.0,151467.38,149824.06,149824.05,18.959988,10.343638,8.540186,8.540152
1.7974057e+25,0.9480974,0.6758549,310000.0,151467.4,149824.05,149824.05,18.959988,10.343423,8.540184,8.540153
1.7974057e+25,0.92744356,0.68045694,310000.0,151467.36,149824.05,149824.06,18.959988,10.343091,8.540185,8.540153
1.7974057e+25,0.92160326,0.70832425,310000.0,151467.34,149824.05,149824.05,18.959988,10.3431425,8.540186,8.540152
1.7974057e+25,0.93355304,0.68502355,310000.0,151467.44,149824.06,149824.06,18.959988,10.3437,8.540185,8.540152
1.7974057e+25,0.9353285,0.67650425,310000.0,151467.4,149824.06,149824.05,18.959988,10.343585,8.540185,8.5401535
1.7974057e+25,0.9373599,0.6748937,310000.0,151467.39,149824.05,149824.06,18.959988,10.343456,8.540186,8.540152
1.7974057e+25,0.9215275,0.7015505,310000.0,151467.36,149824.05,149824.05,18.959988,10.343441,8.540186,8.540148
1.7974057e+25,0.92067516,0.68477285,310000.0,151467.34,149824.05,149824.05,18.959988,10.3432045,8.540185,8.540148
1.7974057e+25,0.9236593,0.6922342,310000.0,151467.39,149824.03,149824.05,18.959988,10.343229,8.540185,8.540149
1.7974057e+25,0.922025,0.7079723,310000.0,151467.38,149824.05,149824.06,18.959988,10.343608,8.540185,8.540149
1.7974057e+25,0.9125656,0.68960446,310000.0,151467.36,149824.05,149824.06,18.959988,10.343189,8.540186,8.540148
1.7974057e+25,0.8934818,0.66555727,310000.0,151467.38,149824.06,149824.05,18.959988,10.343818,8.540184,8.540149
1.7974057e+25,0.91471916,0.6723694,310000.0,151467.36,149824.05,149824.05,18.959988,10.343553,8.540186,8.540149
1.7974057e+25,0.92173356,0.6722548,310000.0,151467.38,149824.05,149824.05,18.959988,10.343136,8.540185,8.540149
1.7974057e+25,0.9197946,0.6684676,310000.0,151467.38,149824.03,149824.03,18.959988,10.343425,8.540185,8.540149
1.7974057e+25,0.92690957,0.7074104,310000.0,151467.39,149824.03,149824.05,18.959988,10.343334,8.540186,8.540149
1.7974057e+25,0.93752086,0.70644397,310000.0,151467.39,149824.05,149824.05,18.959988,10.343622,8.540186,8.540148
1.7974057e+25,0.93479526,0.6870131,310000.0,151467.34,149824.05,149824.03,18.959988,10.343333,8.540185,8.540149
1.7974057e+25,0.928084,0.68508536,310000.0,151467.34,149824.06,149824.06,18.959988,10.343219,8.540186,8.540148
1.7974057e+25,0.93918914,0.6982445,310000.0,151467.39,149824.05,149824.06,18.959988,10.343164,8.540186,8.54015
1.7974057e+25,0.9342018,0.71157527,310000.0,151467.42,149824.05,149824.05,18.959988,10.3434515,8.540186,8.540148
1.7974057e+25,0.93908876,0.66592455,310000.0,151467.39,149824.05,149824.06,18.959988,10.343401,8.540185,8.540149
1.7974057e+25,0.9390052,0.69782114,310000.0,151467.38,149824.05,149824.05,18.959988,10.343468,8.540185,8.540149
1.7974057e+25,0.9273654,0.67259806,310000.0,151467.38,149824.05,149824.03,18.959988,10.343231,8.540184,8.540149
1.7974057e+25,0.9430932,0.7074379,310000.0,151467.4,149824.05,149824.05,18.959988,10.34359,8.540186,8.540149
1.7974057e+25,0.94435775,0.6674154,310000.0,151467.44,149824.06,149824.05,18.959988,10.343623,8.540185,8.540149
1.7974057e+25,0.93856883,0.6637547,310000.0,151467.34,149824.05,149824.06,18.959988,10.343111,8.540184,8.540149
1.7974057e+25,0.92498434,0.7512191,310000.0,151467.36,149824.06,149824.05,18.959988,10.343568,8.540183,8.540149
1.7974057e+25,0.949797,0.706925,310000.0,151467.34,149824.05,149824.05,18.959988,10.343325,8.540186,8.540148
1.7974057e+25,0.939937,0.6784619,310000.0,151467.4,149824.05,149824.05,18.959988,10.343477,8.540186,8.540149
1.7974057e+25,0.95552593,0.68987733,310000.0,151467.4,149824.05,149824.06,18.959988,10.343774,8.540185,8.540149
1.7974057e+25,0.9293453,0.6649057,310000.0,151467.39,149824.06,149824.08,18.959988,10.343502,8.540185,8.540149
1.7974057e+25,0.93391573,0.697752,310000.0,151467.42,149824.05,149824.05,18.959988,10.343338,8.540183,8.540149
1.7974057e+25,0.9481857,0.6824888,310000.0,151467.4,149824.05,149824.06,18.959988,10.34357,8.540186,8.540149
1.7974057e+25,0.93970513,0.7124359,310000.0,151467.39,149824.03,149824.05,18.959988,10.343301,8.540185,8.540149
1.7974057e+25,0.94516355,0.6764783,310000.0,151467.38,149824.05,149824.05,18.959988,10.343263,8.540184,8.540149
1.7974057e+25,0.95795256,0.7029949,310000.0,151467.38,149824.05,149824.06,18.959988,10.343726,8.540186,8.540149
1.7974057e+25,0.9355915,0.67622054,310000.0,151467.34,149824.05,149824.05,18.959988,10.343405,8.540185,8.540149
1.7974057e+25,0.95013446,0.69871944,310000.0,151467.44,149824.05,149824.06,18.959988,10.3435755,8.540186,8.540149
1.7974057e+25,0.938574,0.6952428,310000.0,151467.42,149824.03,149824.05,18.959988,10.343471,8.540186,8.540149
1.7974057e+25,0.9377697,0.70562,310000.0,151467.39,149824.05,149824.05,18.959988,10.343408,8.540186,8.540148
1.7974057e+25,0.94677395,0.704961,310000.0,151467.36,149824.05,149824.05,18.959988,10.343077,8.540186,8.540149
1.7974057e+25,0.9321934,0.68216366,310000.0,151467.34,149824.06,149824.05,18.959988,10.343179,8.540185,8.540149
1.7974057e+25,0.9402061,0.67021006,310000.0,151467.4,149824.06,149824.05,18.959988,10.343449,8.540184,8.540148
1.7974057e+25,0.94009084,0.6905617,310000.0,151467.45,149824.02,149824.05,18.959988,10.343668,8.540185,8.540148
1.7974057e+25,0.9370253,0.686185,310000.0,151467.4,149824.02,149824.1,18.959988,10.343663,8.540185,8.54015
1.7974057e+25,0.9559561,0.710274,310000.0,151467.36,149824.06,149824.06,18.959988,10.34319,8.540186,8.540149
1.7974057e+25,0.93868405,0.67513174,310000.0,151467.42,149824.05,149824.06,18.959988,10.34369,8.540185,8.540149
1.7974057e+25,0.943126,0.7057932,310000.0,151467.39,149824.05,149824.05,18.959988,10.34347,8.540186,8.540149
1.7974057e+25,0.9311683,0.6722965,310000.0,151467.39,149824.06,149824.05,18.959988,10.343234,8.540185,8.540149
1.7974057e+25,0.92470163,0.6906672,310000.0,151467.38,149824.05,149824.03,18.959988,10.343463,8.540186,8.540149
1.7974057e+25,0.9315812,0.6941636,310000.0,151467.4,149824.05,149824.05,18.959988,10.343295,8.540186,8.540149
1.7974057e+25,0.955338,0.7046983,310000.0,151467.39,149824.05,149824.05,18.959988,10.343517,8.540186,8.540149
1.7974057e+25,0.94203955,0.68907213,310000.0,151467.4,149824.06,149824.06,18.959988,10.343569,8.540187,8.540148
1.7974057e+25,0.92587686,0.6669895,310000.0,151467.42,149824.05,149824.06,18.959988,10.343655,8.540185,8.540149
1.7974057e+25,0.9285348,0.68161565,310000.0,151467.38,149824.06,149824.05,18.959988,10.343528,8.540185,8.540148
1.7974057e+25,0.9399349,0.69270784,310000.0,151467.39,149824.03,149824.03,18.959988,10.343454,8.540186,8.540148
1.7974057e+25,0.94263715,0.682158,310000.0,151467.38,149824.05,149824.06,18.959988,10.343465,8.540185,8.540149
1.7974057e+25,0.9373694,0.6651381,310000.0,151467.39,149824.05,149824.05,18.959988,10.34342,8.540185,8.540148
1.7974057e+25,0.94726163,0.69109267,310000.0,151467.34,149824.02,149824.06,18.959988,10.343081,8.540184,8.540149
1.7974057e+25,0.9399826,0.6935195,310000.0,151467.4,149824.05,149824.03,18.959988,10.343737,8.540186,8.540148
1.7974057e+25,0.95046365,0.66967154,310000.0,151467.39,149824.03,149824.06,18.959988,10.343649,8.540184,8.540149
1.7974057e+25,0.9257656,0.6859649,310000.0,151467.38,149824.06,149824.05,18.959988,10.343741,8.540186,8.540147
1.7974057e+25,0.9426254,0.6865656,310000.0,151467.42,149824.03,149824.05,18.959988,10.343528,8.540185,8.540148
1.7974057e+25,0.92545027,0.6624148,310000.0,151467.36,149824.08,149824.05,18.959988,10.343358,8.540185,8.540148
1.7974057e+25,0.9430651,0.6990814,310000.0,151467.36,149824.05,149824.05,18.959988,10.343182,8.540186,8.540148
1.7974057e+25,0.9423819,0.6804973,310000.0,151467.38,149824.06,149824.05,18.959988,10.343102,8.540186,8.540149
1.7974057e+25,0.9373876,0.71010864,310000.0,151467.36,149824.06,149824.06,18.959988,10.343568,8.540186,8.540149
1.7974057e+25,0.9473737,0.7069697,310000.0,151467.36,149824.05,149824.05,18.959988,10.34339,8.540186,8.540149
1.7974057e+25,0.94805783,0.6877014,310000.0,151467.36,149824.05,149824.06,18.959988,10.343404,8.540186,8.540148
1.7974057e+25,0.93374974,0.6872736,310000.0,151467.45,149824.05,149824.05,18.959988,10.343799,8.540185,8.540149
1.7974057e+25,0.9494721,0.69731927,310000.0,151467.38,149824.05,149824.05,18.959988,10.343123,8.540186,8.540149
1.7974057e+25,0.95957214,0.70639014,310000.0,151467.33,149824.03,149824.08,18.959988,10.343164,8.540186,8.540149
1.7974057e+25,0.9544438,0.7076452,310000.0,151467.4,149824.05,149824.05,18.959988,10.343389,8.540186,8.540148
1.7974057e+25,0.94357413,0.6817764,310000.0,151467.39,149824.03,149824.05,18.959988,10.34324,8.540185,8.540148
1.7974057e+25,0.9328655,0.68700933,310000.0,151467.38,149824.08,149824.05,18.959988,10.343223,8.540185,8.540149
1.7974057e+25,0.94781524,0.6956323,310000.0,151467.36,149824.03,149824.03,18.959988,10.343253,8.540186,8.540149
1.7974057e+25,0.94568914,0.68578094,310000.0,151467.31,149824.06,149824.06,18.959988,10.343186,8.540186,8.540148
1.7974057e+25,0.948365,0.70622975,310000.0,151467.36,149824.05,149824.05,18.959988,10.343306,8.540186,8.540149
1.7974057e+25,0.9110042,0.66196287,310000.0,151467.4,149824.05,149824.06,18.959988,10.343497,8.540184,8.540148
1.7974057e+25,0.9328485,0.7140907,310000.0,151467.38,149824.03,149824.05,18.959988,10.343105,8.540185,8.540149
1.7974057e+25,0.93710184,0.662104,310000.0,151467.4,149824.05,149824.05,18.959988,10.343728,8.540184,8.540148
1.7974057e+25,0.94471806,0.6865247,310000.0,151467.42,149824.0,149824.03,18.959988,10.343561,8.540184,8.540148
1.7974057e+25,0.92852694,0.6680378,310000.0,151467.36,149824.05,149824.05,18.959988,10.3433485,8.540185,8.540148
1.7974057e+25,0.93645424,0.7136508,310000.0,151467.38,149824.06,149824.06,18.959988,10.343215,8.540185,8.540149
1.7974057e+25,0.93409574,0.69967294,310000.0,151467.39,149824.05,149824.06,18.959988,10.343289,8.540187,8.540149
1.7974057e+25,0.9399869,0.69185776,310000.0,151467.4,149824.06,149824.05,18.959988,10.343578,8.540185,8.540149
1.7974057e+25,0.94620216,0.69685495,310000.0,151467.38,149824.05,149824.05,18.959988,10.3432,8.540186,8.540149
1.7974057e+25,0.9321172,0.7016889,310000.0,151467.4,149824.06,149824.06,18.959988,10.343745,8.540186,8.54015
1.7974057e+25,0.94672245,0.6958253,310000.0,151467.33,149824.05,149824.05,18.959988,10.343226,8.540185,8.540148
1.7974057e+25,0.93433344,0.6783949,310000.0,151467.4,149824.06,149824.03,18.959988,10.343426,8.540185,8.540149
1.7974057e+25,0.9376231,0.6757508,310000.0,151467.4,149824.05,149824.05,18.959988,10.343408,8.540185,8.540149
1.7974057e+25,0.9274196,0.6735476,310000.0,151467.4,149824.05,149824.05,18.959988,10.343524,8.540185,8.540148
1.7974057e+25,0.932457,0.6622631,310000.0,151467.38,149824.06,149824.06,18.959988,10.343238,8.540184,8.540148
1.7974057e+25,0.93432283,0.697925,310000.0,151467.4,149824.06,149824.08,18.959988,10.343656,8.540186,8.540148
1.7974057e+25,0.9392654,0.6877899,310000.0,151467.39,149824.06,149824.06,18.959988,10.343455,8.540185,8.540148
1.7974057e+25,0.9371058,0.66759795,310000.0,151467.38,149824.03,149824.05,18.959988,10.343496,8.540184,8.540148
1.7974057e+25,0.9421766,0.6833171,310000.0,151467.38,149824.06,149824.05,18.959988,10.343354,8.540185,8.540149
1.7974057e+25,0.9405528,0.66251326,310000.0,151467.34,149824.06,149824.05,18.959988,10.343519,8.540185,8.540149
1.7974057e+25,0.9202667,0.68390197,310000.0,151467.39,149824.06,149824.06,18.959988,10.343562,8.540186,8.540149
1.7974057e+25,0.9230514,0.6946753,310000.0,151467.39,149824.03,149824.06,18.959988,10.343332,8.540185,8.540149
1.7974057e+25,0.9470255,0.69280463,310000.0,151467.39,149824.05,149824.03,18.959988,10.343261,8.540186,8.540148
1.7974057e+25,0.93552244,0.7062338,310000.0,151467.38,149824.03,149824.05,18.959988,10.343204,8.540186,8.540149
1.7974057e+25,0.94504625,0.6951429,310000.0,151467.38,149824.05,149824.05,18.959988,10.343123,8.540186,8.540149
1.7974057e+25,0.9398712,0.66115063,310000.0,151467.42,149824.05,149824.05,18.959988,10.343612,8.540184,8.540148
1.7974057e+25,0.9447303,0.7038572,310000.0,151467.34,149824.06,149824.05,18.959988,10.343229,8.540186,8.540149
1.7974057e+25,0.936521,0.7010535,310000.0,151467.3,149824.05,149824.03,18.959988,10.343078,8.540183,8.540148
1.7974057e+25,0.94635993,0.6963473,310000.0,151467.36,149824.05,149824.08,18.959988,10.343226,8.540186,8.540149
1.7974057e+25,0.95546365,0.6966699,310000.0,151467.36,149824.05,149824.05,18.959988,10.343345,8.540186,8.540148
1.7974057e+25,0.9387317,0.6819089,310000.0,151467.31,149824.05,149824.06,18.959988,10.3432455,8.540185,8.540149
1.7974057e+25,0.94815844,0.7043614,310000.0,151467.36,149824.05,149824.03,18.959988,10.343542,8.540187,8.540149
1.7974057e+25,0.93870765,0.7036796,310000.0,151467.36,149824.06,149824.05,18.959988,10.343573,8.540186,8.540149
1.7974057e+25,0.9404942,0.69332916,310000.0,151467.38,149824.06,149824.05,18.959988,10.343405,8.540185,8.540149
1.7974057e+25,0.94575495,0.6958316,310000.0,151467.4,149824.06,149824.05,18.959988,10.34351,8.540185,8.540149
1.7974057e+25,0.9352719,0.6832147,310000.0,151467.34,149824.06,149824.05,18.959988,10.3435755,8.540185,8.540149
1.7974057e+25,0.9452076,0.71033144,310000.0,151467.42,149824.06,149824.03,18.959988,10.343489,8.540186,8.540148
1.7974057e+25,0.9113821,0.66359305,310000.0,151467.38,149824.06,149824.06,18.959988,10.343566,8.540184,8.540149
1.7974057e+25,0.9343499,0.7084714,310000.0,151467.38,149824.03,149824.06,18.959988,10.343227,8.540186,8.540149
1.7974057e+25,0.9341557,0.6875219,310000.0,151467.39,149824.05,149824.06,18.959988,10.343402,8.540185,8.540149
1.7974057e+25,0.93873215,0.6921791,310000.0,151467.38,149824.05,149824.05,18.959988,10.34348,8.540186,8.54015
1.7974057e+25,0.9417415,0.7115333,310000.0,151467.4,149824.05,149824.06,18.959988,10.343296,8.540186,8.540149
1.7974057e+25,0.94492,0.70909166,310000.0,151467.38,149824.03,149824.05,18.959988,10.343322,8.540186,8.540149
1.7974057e+25,0.929366,0.663597,310000.0,151467.38,149824.03,149824.06,18.959988,10.343362,8.540184,8.540149
1.7974057e+25,0.9394966,0.68310255,310000.0,151467.36,149824.05,149824.06,18.959988,10.343237,8.540185,8.540149
1.7974057e+25,0.9412029,0.6781196,310000.0,151467.38,149824.03,149824.08,18.959988,10.3434,8.540185,8.540149
1.7974057e+25,0.9402958,0.7086543,310000.0,151467.31,149824.05,149824.05,18.959988,10.343472,8.540186,8.540149
1.7974057e+25,0.95010656,0.6845728,310000.0,151467.44,149824.05,149824.05,18.959988,10.343657,8.540185,8.540149
1.7974057e+25,0.93166757,0.71031094,310000.0,151467.39,149824.05,149824.05,18.959988,10.3435,8.540185,8.540149
1.7974057e+25,0.9394847,0.70711416,310000.0,151467.3,149824.03,149824.08,18.959988,10.343135,8.540186,8.54015
1.7974057e+25,0.943328,0.6674244,310000.0,151467.4,149824.06,149824.06,18.959988,10.343608,8.540185,8.540148
1.7974057e+25,0.9506245,0.6940627,310000.0,151467.36,149824.05,149824.03,18.959988,10.343099,8.540185,8.540148
1.7974057e+25,0.9289547,0.70315623,310000.0,151467.33,149824.06,149824.08,18.959988,10.343261,8.540186,8.540149
1.7974057e+25,0.93955,0.71165705,310000.0,151467.36,149824.05,149824.08,18.959988,10.34314,8.540186,8.540149
1.7974057e+25,0.9352705,0.69258785,310000.0,151467.38,149824.05,149824.06,18.959988,10.343313,8.540186,8.540149
1.7974057e+25,0.9090614,0.7000683,310000.0,151467.36,149824.03,149824.05,18.959988,10.34344,8.540185,8.540149
1.7974057e+25,0.93185264,0.7003412,310000.0,151467.39,149824.06,149824.05,18.959988,10.343419,8.540186,8.54015
1.7974057e+25,0.93522304,0.7099317,310000.0,151467.38,149824.06,149824.05,18.959988,10.343189,8.540186,8.540151
1.7974057e+25,0.9386464,0.7090772,310000.0,151467.39,149824.05,149824.08,18.959988,10.343513,8.540186,8.540149
1.7974057e+25,0.9235458,0.68621397,310000.0,151467.39,149824.05,149824.08,18.959988,10.343283,8.540186,8.54015
1.7974057e+25,0.93481684,0.69269073,310000.0,151467.38,149824.08,149824.06,18.959988,10.34325,8.540186,8.540149
1.7974057e+25,0.9273428,0.6632872,310000.0,151467.38,149824.06,149824.06,18.959988,10.3435135,8.540185,8.54015
1.7974057e+25,0.89904,0.70609856,310000.0,151467.38,149824.05,149824.06,18.959988,10.343416,8.540184,8.540149
1.7974057e+25,0.94306886,0.70173764,310000.0,151467.42,149824.05,149824.03,18.959988,10.343658,8.540186,8.54015
1.7974057e+25,0.95000815,0.70733887,310000.0,151467.39,149824.05,149824.08,18.959988,10.343466,8.540186,8.54015
1.7974057e+25,0.9460978,0.6635372,310000.0,151467.33,149824.06,149824.05,18.959988,10.343418,8.540185,8.54015
1.7974057e+25,0.9402849,0.68991816,310000.0,151467.38,149824.06,149824.06,18.959988,10.343682,8.540185,8.540149
1.7974057e+25,0.95174766,0.6763646,310000.0,151467.42,149824.06,149824.05,18.959988,10.343592,8.540186,8.540149
1.7974057e+25,0.9368816,0.70861137,310000.0,151467.39,149824.03,149824.06,18.959988,10.343222,8.540186,8.54015
1.7974057e+25,0.9335472,0.66323,310000.0,151467.34,149824.05,149824.05,18.959988,10.3433075,8.540184,8.540149
1.7974057e+25,0.9602684,0.70642227,310000.0,151467.34,149824.03,149824.05,18.959988,10.343463,8.540186,8.540149
1.7974057e+25,0.942252,0.67219603,310000.0,151467.39,149824.06,149824.06,18.959988,10.343265,8.540185,8.540149
1.7974057e+25,0.9432108,0.696275,310000.0,151467.36,149824.06,149824.08,18.959988,10.343012,8.540186,8.540149
1.7974057e+25,0.9517227,0.69919926,310000.0,151467.33,149824.05,149824.05,18.959988,10.34306,8.540185,8.540149
1.7974057e+25,0.93512625,0.6949261,310000.0,151467.4,149824.05,149824.06,18.959988,10.343449,8.540185,8.54015
1.7974057e+25,0.9277702,0.66516674,310000.0,151467.34,149824.05,149824.05,18.959988,10.343357,8.540184,8.540149
1.7974057e+25,0.95052177,0.6945547,310000.0,151467.39,149824.06,149824.08,18.959988,10.343254,8.540185,8.540149
1.7974057e+25,0.93839395,0.689533,310000.0,151467.39,149824.06,149824.03,18.959988,10.343356,8.540184,8.540149
1.7974057e+25,0.94136316,0.7020729,310000.0,151467.34,149824.05,149824.06,18.959988,10.343158,8.540186,8.540149
1.7974057e+25,0.93219024,0.70159906,310000.0,151467.4,149824.06,149824.06,18.959988,10.343475,8.540186,8.540149
1.7974057e+25,0.9409189,0.6803872,310000.0,151467.3,149824.06,149824.06,18.959988,10.3431015,8.540185,8.540149
1.7974057e+25,0.9392655,0.6962732,310000.0,151467.36,149824.03,149824.06,18.959988,10.343554,8.540186,8.540149
1.7974057e+25,0.93296844,0.68276054,310000.0,151467.4,149824.06,149824.05,18.959988,10.343408,8.540185,8.54015
1.7974057e+25,0.94753915,0.6922124,310000.0,151467.38,149824.03,149824.06,18.959988,10.343568,8.540186,8.54015
1.7974057e+25,0.9436805,0.7002076,310000.0,151467.39,149824.03,149824.03,18.959988,10.343165,8.540186,8.540149
1.7974057e+25,0.9462287,0.6869483,310000.0,151467.44,149824.05,149824.08,18.959988,10.343798,8.540186,8.54015
1.7974057e+25,0.9428856,0.68933934,310000.0,151467.39,149824.05,149824.05,18.959988,10.343591,8.540187,8.54015
1.7974057e+25,0.93302256,0.6666456,310000.0,151467.42,149824.05,149824.08,18.959988,10.343626,8.540185,8.54015
1.7974057e+25,0.9322449,0.6852752,310000.0,151467.42,149824.05,149824.08,18.959988,10.343773,8.540184,8.54015
1.7974057e+25,0.9362748,0.68043923,310000.0,151467.33,149824.05,149824.06,18.959988,10.343156,8.540185,8.540149
1.7974057e+25,0.9430637,0.6968506,310000.0,151467.4,149824.06,149824.06,18.959988,10.3433485,8.540186,8.54015
1.7974057e+25,0.94405496,0.68569684,310000.0,151467.36,149824.06,149824.05,18.959988,10.343087,8.540185,8.540149
1.7974057e+25,0.9387012,0.6836353,310000.0,151467.38,149824.05,149824.06,18.959988,10.343464,8.540186,8.54015
1.7974057e+25,0.95032763,0.70436823,310000.0,151467.36,149824.05,149824.05,18.959988,10.343075,8.540186,8.540149
1.7974057e+25,0.94523627,0.6971691,310000.0,151467.36,149824.05,149824.05,18.959988,10.343288,8.540186,8.540149
1.7974057e+25,0.9468713,0.70877844,310000.0,151467.39,149824.06,149824.05,18.959988,10.343412,8.540186,8.540149
1.7974057e+25,0.94352806,0.69425315,310000.0,151467.39,149824.05,149824.06,18.959988,10.343398,8.540186,8.54015
1.7974057e+25,0.9542973,0.68115604,310000.0,151467.38,149824.06,149824.05,18.959988,10.343277,8.540186,8.540149
1.7974057e+25,0.9525019,0.7063505,310000.0,151467.4,149824.06,149824.06,18.959988,10.343456,8.540186,8.540149
1.7974057e+25,0.9489815,0.6999847,310000.0,151467.38,149824.05,149824.03,18.959988,10.343273,8.540186,8.54015
1.7974057e+25,0.9554926,0.71058017,310000.0,151467.34,149824.06,149824.05,18.959988,10.343191,8.540186,8.540148
1.7974057e+25,0.95446485,0.7090538,310000.0,151467.4,149824.03,149824.05,18.959988,10.343555,8.540186,8.540149
1.7974057e+25,0.9417488,0.69374776,310000.0,151467.39,149824.05,149824.06,18.959988,10.34339,8.540186,8.540149
1.7974057e+25,0.9334871,0.68546575,310000.0,151467.36,149824.06,149824.03,18.959988,10.343648,8.540186,8.540149
1.7974057e+25,0.9471027,0.6964746,310000.0,151467.33,149824.03,149824.08,18.959988,10.343185,8.540185,8.540149
1.7974057e+25,0.9526654,0.6849775,310000.0,151467.36,149824.06,149824.05,18.959988,10.343574,8.540186,8.540149
1.7974057e+25,0.9357407,0.67460763,310000.0,151467.39,149824.03,149824.06,18.959988,10.343136,8.540185,8.540149
1.7974057e+25,0.94672674,0.7020674,310000.0,151467.38,149824.05,149824.06,18.959988,10.343459,8.540186,8.54015
1.7974057e+25,0.9466669,0.7036436,310000.0,151467.36,149824.05,149824.05,18.959988,10.343448,8.540186,8.540149
1.7974057e+25,0.94497347,0.690028,310000.0,151467.34,149824.03,149824.08,18.959988,10.343193,8.540186,8.540149
1.7974057e+25,0.9529411,0.6820533,310000.0,151467.36,149824.05,149824.06,18.959988,10.343589,8.540185,8.54015
1.7974057e+25,0.93938696,0.69274414,310000.0,151467.36,149824.05,149824.05,18.959988,10.343675,8.540185,8.540149
1.7974057e+25,0.9456584,0.6764937,310000.0,151467.36,149824.06,149824.06,18.959988,10.343333,8.540185,8.54015
1.7974057e+25,0.95305675,0.7005906,310000.0,151467.39,149824.05,149824.06,18.959988,10.343397,8.540186,8.540149
1.7974057e+25,0.9420735,0.6924269,310000.0,151467.39,149824.05,149824.06,18.959988,10.343594,8.540186,8.540149
1.7974057e+25,0.9467961,0.69752896,310000.0,151467.36,149824.03,149824.05,18.959988,10.343498,8.540186,8.54015
1.7974057e+25,0.9398535,0.68367785,310000.0,151467.36,149824.05,149824.06,18.959988,10.343285,8.540186,8.540149
1.7974057e+25,0.9362858,0.6886614,310000.0,151467.38,149824.06,149824.06,18.959988,10.343365,8.540185,8.54015
1.7974057e+25,0.94326663,0.68483835,310000.0,151467.44,149824.05,149824.05,18.959988,10.343831,8.540185,8.54015
1.7974057e+25,0.95063084,0.70128256,310000.0,151467.39,149824.05,149824.06,18.959988,10.343794,8.540186,8.540149
1.7974057e+25,0.95021445,0.694271,310000.0,151467.39,149824.05,149824.03,18.959988,10.343692,8.540185,8.540149
1.7974057e+25,0.94576347,0.6872207,310000.0,151467.39,149824.06,149824.05,18.959988,10.343533,8.540186,8.540149
1.7974057e+25,0.9313391,0.69960344,310000.0,151467.31,149824.05,149824.06,18.959988,10.343183,8.540187,8.54015
1.7974057e+25,0.9404683,0.67263573,310000.0,151467.39,149824.06,149824.06,18.959988,10.343082,8.540185,8.540149
1.7974057e+25,0.9388483,0.71206075,310000.0,151467.38,149824.05,149824.06,18.959988,10.343687,8.540186,8.540149
1.7974057e+25,0.94892263,0.6958364,310000.0,151467.4,149824.06,149824.06,18.959988,10.343303,8.540185,8.540149
1.7974057e+25,0.94482964,0.6643798,310000.0,151467.42,149824.06,149824.06,18.959988,10.3435755,8.540185,8.540149
1.7974057e+25,0.945062,0.69478947,310000.0,151467.38,149824.05,149824.06,18.959988,10.3432665,8.540186,8.540149
1.7974057e+25,0.9410193,0.69310033,310000.0,151467.4,149824.05,149824.05,18.959988,10.34343,8.540185,8.540149
1.7974057e+25,0.9377011,0.6759369,310000.0,151467.39,149824.05,149824.06,18.959988,10.3433895,8.540185,8.540149
1.7974057e+25,0.922546,0.66746044,310000.0,151467.4,149824.05,149824.06,18.959988,10.343646,8.540185,8.540149
1.7974057e+25,0.94922537,0.6983824,310000.0,151467.36,149824.05,149824.06,18.959988,10.343292,8.540186,8.54015
1.7974057e+25,0.9370621,0.6909957,310000.0,151467.39,149824.05,149824.06,18.959988,10.343447,8.540187,8.54015
1.7974057e+25,0.9446161,0.67103595,310000.0,151467.39,149824.05,149824.06,18.959988,10.343426,8.540185,8.540149
1.7974057e+25,0.9311355,0.6617355,310000.0,151467.42,149824.06,149824.05,18.959988,10.343596,8.540185,8.54015
1.7974057e+25,0.94560814,0.699064,310000.0,151467.33,149824.06,149824.06,18.959988,10.3431015,8.540186,8.54015
1.7974057e+25,0.9423429,0.70844436,310000.0,151467.34,149824.05,149824.08,18.959988,10.3434725,8.540186,8.540151
1.7974057e+25,0.91648614,0.6972169,310000.0,151467.36,149824.03,149824.08,18.959988,10.343177,8.540186,8.540149
1.7974057e+25,0.95063984,0.68069506,310000.0,151467.42,149824.06,149824.05,18.959988,10.343693,8.540185,8.540148
1.7974057e+25,0.9306749,0.6715154,310000.0,151467.39,149824.05,149824.05,18.959988,10.343587,8.540184,8.540149
1.7974057e+25,0.9039012,0.6693043,310000.0,151467.4,149824.05,149824.03,18.959988,10.343338,8.540185,8.540149
1.7974057e+25,0.93061787,0.66984636,310000.0,151467.31,149824.06,149824.03,18.959988,10.343207,8.540185,8.54015
1.7974057e+25,0.943768,0.7039913,310000.0,151467.4,149824.05,149824.06,18.959988,10.343409,8.540185,8.54015
1.7974057e+25,0.9448611,0.6999656,310000.0,151467.38,149824.06,149824.06,18.959988,10.343363,8.540186,8.540149
1.7974057e+25,0.9271329,0.6757038,310000.0,151467.39,149824.05,149824.05,18.959988,10.343336,8.540186,8.54015
1.7974057e+25,0.9427778,0.6922407,310000.0,151467.4,149824.06,149824.05,18.959988,10.343789,8.540185,8.54015
1.7974057e+25,0.9493979,0.7010721,310000.0,151467.42,149824.05,149824.06,18.959988,10.343533,8.540187,8.54015
1.7974057e+25,0.9295041,0.8235247,310000.0,151467.42,149824.05,149824.08,18.959988,10.343678,8.540182,8.54015
1.7974057e+25,0.93940663,0.6989486,310000.0,151467.4,149824.05,149824.06,18.959988,10.343455,8.540186,8.54015
1.7974057e+25,0.9376103,0.6787576,310000.0,151467.38,149824.06,149824.06,18.959988,10.343309,8.540184,8.540149
1.7974057e+25,0.927067,0.66574717,310000.0,151467.42,149824.05,149824.03,18.959988,10.343617,8.540186,8.54015
1.7974057e+25,0.95567924,0.69972765,310000.0,151467.4,149824.03,149824.06,18.959988,10.343614,8.540186,8.540149
1.7974057e+25,0.948078,0.6728355,310000.0,151467.38,149824.05,149824.05,18.959988,10.343395,8.540185,8.54015
1.7974057e+25,0.9453455,0.70531845,310000.0,151467.33,149824.05,149824.06,18.959988,10.34323,8.540186,8.540149
1.7974057e+25,0.94772106,0.7073594,310000.0,151467.39,149824.05,149824.05,18.959988,10.343342,8.540186,8.540149
1.7974057e+25,0.9355926,0.68060726,310000.0,151467.38,149824.05,149824.06,18.959988,10.34309,8.540186,8.54015
1.7974057e+25,0.92824596,0.6821759,310000.0,151467.39,149824.05,149824.06,18.959988,10.343635,8.540185,8.540149
1.7974057e+25,0.9372715,0.69058096,310000.0,151467.38,149824.05,149824.08,18.959988,10.343137,8.540187,8.540149
1.7974057e+25,0.9431986,0.69357854,310000.0,151467.38,149824.06,149824.05,18.959988,10.343492,8.540186,8.540149
1.7974057e+25,0.9401591,0.7175447,310000.0,151467.39,149824.03,149824.06,18.959988,10.343219,8.540185,8.540149
1.7974057e+25,0.9474443,0.7146639,310000.0,151467.34,149824.06,149824.06,18.959988,10.343299,8.540186,8.54015
1.7974057e+25,0.9586736,0.71009237,310000.0,151467.4,149824.05,149824.06,18.959988,10.343532,8.540186,8.540149
1.7974057e+25,0.9569888,0.68690634,310000.0,151467.4,149824.03,149824.06,18.959988,10.343603,8.540185,8.540149
1.7974057e+25,0.94211197,0.68599975,310000.0,151467.4,149824.06,149824.06,18.959988,10.343573,8.540185,8.54015
1.7974057e+25,0.9236978,0.7038568,310000.0,151467.39,149824.05,149824.08,18.959988,10.343461,8.540186,8.54015
1.7974057e+25,0.9389784,0.7199537,310000.0,151467.36,149824.06,149824.05,18.959988,10.34337,8.540186,8.54015
1.7974057e+25,0.9389552,0.6928816,310000.0,151467.36,149824.06,149824.05,18.959988,10.343497,8.540185,8.540149
1.7974057e+25,0.93665725,0.7213615,310000.0,151467.38,149824.03,149824.05,18.959988,10.34321,8.540185,8.540149
1.7974057e+25,0.9373566,0.7100844,310000.0,151467.38,149824.05,149824.05,18.959988,10.343534,8.540186,8.540149
1.7974057e+25,0.8998551,0.69825065,310000.0,151467.39,149824.06,149824.05,18.959988,10.343377,8.540186,8.540149
1.7974057e+25,0.9219495,0.72008204,310000.0,151467.39,149824.05,149824.06,18.959988,10.343354,8.540186,8.54015
1.7974057e+25,0.9265876,0.674053,310000.0,151467.38,149824.03,149824.08,18.959988,10.343074,8.540184,8.54015
1.7974057e+25,0.9128604,0.6826772,310000.0,151467.38,149824.06,149824.05,18.959988,10.343412,8.540186,8.54015
1.7974057e+25,0.9291188,0.68304336,310000.0,151467.42,149824.03,149824.06,18.959988,10.343774,8.540185,8.54015
1.7974057e+25,0.9188035,0.68879706,310000.0,151467.36,149824.05,149824.03,18.959988,10.343446,8.540184,8.540149
1.7974057e+25,0.93229896,0.7038313,310000.0,151467.42,149824.06,149824.06,18.959988,10.343788,8.540185,8.540149
1.7974057e+25,0.92513496,0.6974083,310000.0,151467.34,149824.06,149824.05,18.959988,10.343752,8.540186,8.54015
1.7974057e+25,0.9296117,0.6916838,310000.0,151467.42,149824.06,149824.06,18.959988,10.343607,8.540185,8.54015
1.7974057e+25,0.9336958,0.68848336,310000.0,151467.4,149824.05,149824.06,18.959988,10.34337,8.540184,8.540149
1.7974057e+25,0.9443856,0.71213144,310000.0,151467.34,149824.05,149824.05,18.959988,10.343309,8.540186,8.540149
1.7974057e+25,0.9382911,0.706657,310000.0,151467.4,149824.05,149824.05,18.959988,10.343511,8.540186,8.54015
1.7974057e+25,0.9365466,0.71541476,310000.0,151467.39,149824.03,149824.06,18.959988,10.34348,8.540186,8.540149
1.7974057e+25,0.92618954,0.6902507,310000.0,151467.31,149824.06,149824.05,18.959988,10.342989,8.540185,8.54015
1.7974057e+25,0.94085586,0.7025708,310000.0,151467.44,149824.05,149824.03,18.959988,10.34359,8.540186,8.54015
1.7974057e+25,0.9371316,0.76586086,310000.0,151467.42,149824.05,149824.05,18.959988,10.343552,8.540183,8.540149
1.7974057e+25,0.9486081,0.69966596,310000.0,151467.4,149824.03,149824.05,18.959988,10.343546,8.540186,8.540149
1.7974057e+25,0.9565834,0.7174302,310000.0,151467.39,149824.03,149824.05,18.959988,10.343411,8.540186,8.540149
1.7974057e+25,0.9466094,0.7206204,310000.0,151467.42,149824.05,149824.06,18.959988,10.3435755,8.540186,8.540149
1.7974057e+25,0.9339787,0.6745433,310000.0,151467.39,149824.06,149824.05,18.959988,10.343528,8.540184,8.54015
1.7974057e+25,0.9278882,0.68610865,310000.0,151467.38,149824.06,149824.06,18.959988,10.343274,8.540186,8.540149
1.7974057e+25,0.9376264,0.6711357,310000.0,151467.33,149824.06,149824.05,18.959988,10.34324,8.540185,8.540149
1.7974057e+25,0.91471463,0.66755176,310000.0,151467.3,149824.05,149824.05,18.959988,10.343255,8.540184,8.540149
1.7974057e+25,0.93566394,0.7012593,310000.0,151467.36,149824.03,149824.06,18.959988,10.343192,8.540186,8.540149
1.7974057e+25,0.9441854,0.6944429,310000.0,151467.36,149824.03,149824.03,18.959988,10.343315,8.540185,8.540149
1.7974057e+25,0.9502008,0.7084151,310000.0,151467.34,149824.06,149824.06,18.959988,10.342974,8.540186,8.54015
1.7974057e+25,0.93755066,0.70449,310000.0,151467.39,149824.05,149824.03,18.959988,10.343255,8.540186,8.54015
1.7974057e+25,0.9336669,0.6973786,310000.0,151467.4,149824.05,149824.05,18.959988,10.343804,8.540187,8.54015
1.7974057e+25,0.9439879,0.7065045,310000.0,151467.34,149824.05,149824.05,18.959988,10.343202,8.540186,8.54015
1.7974057e+25,0.92981315,0.6757338,310000.0,151467.34,149824.06,149824.05,18.959988,10.343506,8.540185,8.540149
1.7974057e+25,0.93321407,0.6911306,310000.0,151467.4,149824.05,149824.03,18.959988,10.343711,8.540184,8.54015
1.7974057e+25,0.9492078,0.7038826,310000.0,151467.36,149824.05,149824.06,18.959988,10.343141,8.540186,8.54015
1.7974057e+25,0.95131856,0.71524245,310000.0,151467.39,149824.05,149824.05,18.959988,10.34357,8.540186,8.54015
1.7974057e+25,0.93787783,0.7199742,310000.0,151467.36,149824.06,149824.06,18.959988,10.34345,8.540186,8.540149
1.7974057e+25,0.94345987,0.6836449,310000.0,151467.36,149824.05,149824.03,18.959988,10.343497,8.540185,8.54015
1.7974057e+25,0.93575865,0.66966397,310000.0,151467.39,149824.05,149824.06,18.959988,10.343304,8.540184,8.540149
1.7974057e+25,0.931736,0.71543247,310000.0,151467.36,149824.05,149824.05,18.959988,10.343702,8.540186,8.54015
1.7974057e+25,0.9379093,0.72184056,310000.0,151467.36,149824.03,149824.05,18.959988,10.343282,8.540185,8.540149
1.7974057e+25,0.93756574,0.7081672,310000.0,151467.42,149824.05,149824.05,18.959988,10.343407,8.540185,8.54015
1.7974057e+25,0.9344366,0.7047254,310000.0,151467.39,149824.05,149824.05,18.959988,10.343282,8.540185,8.540149
1.7974057e+25,0.9281105,0.6813739,310000.0,151467.36,149824.05,149824.06,18.959988,10.343225,8.540184,8.54015
1.7974057e+25,0.9332873,0.680941,310000.0,151467.33,149824.05,149824.03,18.959988,10.34368,8.540185,8.54015
1.7974057e+25,0.9317134,0.7071924,310000.0,151467.42,149824.05,149824.03,18.959988,10.343474,8.540186,8.54015
1.7974057e+25,0.9426638,0.670115,310000.0,151467.39,149824.08,149824.05,18.959988,10.343532,8.540184,8.54015
1.7974057e+25,0.9315068,0.7108283,310000.0,151467.38,149824.06,149824.05,18.959988,10.343477,8.540185,8.54015
1.7974057e+25,0.9439812,0.7094923,310000.0,151467.39,149824.05,149824.05,18.959988,10.343382,8.540186,8.54015
1.7974057e+25,0.94005597,0.68155223,310000.0,151467.4,149824.05,149824.05,18.959988,10.343409,8.540185,8.54015
1.7974057e+25,0.94676834,0.69827354,310000.0,151467.39,149824.03,149824.06,18.959988,10.343175,8.540185,8.54015
1.7974057e+25,0.94808257,0.7154021,310000.0,151467.42,149824.05,149824.03,18.959988,10.343585,8.540186,8.54015
1.7974057e+25,0.9379404,0.6961416,310000.0,151467.4,149824.08,149824.06,18.959988,10.34368,8.540186,8.54015
1.7974057e+25,0.94065374,0.71181345,310000.0,151467.4,149824.05,149824.05,18.959988,10.343424,8.540185,8.540149
1.7974057e+25,0.93184936,0.69279915,310000.0,151467.36,149824.05,149824.05,18.959988,10.3434725,8.540185,8.54015
1.7974057e+25,0.9306671,0.6887283,310000.0,151467.33,149824.05,149824.05,18.959988,10.342972,8.540185,8.54015
1.7974057e+25,0.9463917,0.68328506,310000.0,151467.4,149824.05,149824.05,18.959988,10.343318,8.540185,8.54015
1.7974057e+25,0.9290197,0.6682789,310000.0,151467.39,149824.05,149824.03,18.959988,10.343681,8.540185,8.54015
1.7974057e+25,0.9452578,0.71519154,310000.0,151467.39,149824.05,149824.03,18.959988,10.343384,8.540186,8.54015
1.7974057e+25,0.9379743,0.675319,310000.0,151467.44,149824.08,149824.06,18.959988,10.343496,8.540185,8.540149
1.7974057e+25,0.93581474,0.6704905,310000.0,151467.38,149824.05,149824.05,18.959988,10.343266,8.540185,8.54015
1.7974057e+25,0.9316437,0.6806242,310000.0,151467.34,149824.06,149824.05,18.959988,10.343285,8.540186,8.54015
1.7974057e+25,0.93432486,0.68176895,310000.0,151467.39,149824.06,149824.05,18.959988,10.343698,8.540185,8.540149
1.7974057e+25,0.95295393,0.7145885,310000.0,151467.36,149824.05,149824.03,18.959988,10.343287,8.540186,8.54015
1.7974057e+25,0.94652206,0.70143646,310000.0,151467.36,149824.05,149824.03,18.959988,10.343362,8.540186,8.54015
1.7974057e+25,0.9427613,0.6923907,310000.0,151467.4,149824.03,149824.03,18.959988,10.343439,8.540185,8.540149
1.7974057e+25,0.9352188,0.6869844,310000.0,151467.39,149824.05,149824.05,18.959988,10.343499,8.540186,8.540149
1.7974057e+25,0.9436592,0.7100614,310000.0,151467.36,149824.05,149824.05,18.959988,10.343378,8.540186,8.54015
1.7974057e+25,0.9502533,0.69841266,310000.0,151467.39,149824.05,149824.06,18.959988,10.34342,8.540186,8.54015
1.7974057e+25,0.943218,0.7064376,310000.0,151467.38,149824.05,149824.05,18.959988,10.343486,8.540186,8.540149
1.7974057e+25,0.94438183,0.7149491,310000.0,151467.39,149824.05,149824.03,18.959988,10.343347,8.540186,8.540149
1.7974057e+25,0.93953496,0.6834051,310000.0,151467.33,149824.08,149824.03,18.959988,10.343186,8.540185,8.540149
1.7974057e+25,0.922754,0.68257767,310000.0,151467.39,149824.05,149824.05,18.959988,10.343346,8.540185,8.54015
1.7974057e+25,0.9464847,0.7077686,310000.0,151467.4,149824.05,149824.03,18.959988,10.343372,8.540186,8.54015
1.7974057e+25,0.94467217,0.70276034,310000.0,151467.4,149824.05,149824.05,18.959988,10.343502,8.540185,8.540149
1.7974057e+25,0.9474332,0.71306086,310000.0,151467.38,149824.05,149824.05,18.959988,10.343469,8.540186,8.540149
1.7974057e+25,0.94234514,0.71539605,310000.0,151467.39,149824.05,149824.05,18.959988,10.343463,8.540186,8.54015
1.7974057e+25,0.93495804,0.71023387,310000.0,151467.36,149824.05,149824.05,18.959988,10.343191,8.540186,8.54015
1.7974057e+25,0.93859386,0.6719924,310000.0,151467.38,149824.05,149824.03,18.959988,10.343299,8.540185,8.54015
1.7974057e+25,0.93787354,0.67448854,310000.0,151467.42,149824.06,149824.03,18.959988,10.34359,8.540184,8.540149
1.7974057e+25,0.951632,0.72305876,310000.0,151467.39,149824.05,149824.05,18.959988,10.343309,8.540185,8.54015
1.7974057e+25,0.95678836,0.7210418,310000.0,151467.33,149824.06,149824.05,18.959988,10.34318,8.540185,8.54015
1.7974057e+25,0.9456072,0.6949873,310000.0,151467.4,149824.03,149824.06,18.959988,10.343518,8.540185,8.54015
1.7974057e+25,0.934751,0.70439243,310000.0,151467.34,149824.06,149824.05,18.959988,10.342991,8.540186,8.540149
1.7974057e+25,0.93281597,0.7210691,310000.0,151467.31,149824.05,149824.03,18.959988,10.342999,8.540186,8.540149
1.7974057e+25,0.9409081,0.680641,310000.0,151467.4,149824.06,149824.08,18.959988,10.343563,8.540185,8.540149
1.7974057e+25,0.9430842,0.70283973,310000.0,151467.38,149824.05,149824.05,18.959988,10.343436,8.540185,8.54015
1.7974057e+25,0.9374123,0.70652866,310000.0,151467.36,149824.06,149824.03,18.959988,10.343456,8.540186,8.54015
1.7974057e+25,0.946095,0.70537555,310000.0,151467.4,149824.06,149824.05,18.959988,10.343536,8.540186,8.540149
1.7974057e+25,0.9373468,0.70937836,310000.0,151467.36,149824.05,149824.05,18.959988,10.343546,8.540186,8.540149
1.7974057e+25,0.93282694,0.7110303,310000.0,151467.4,149824.06,149824.05,18.959988,10.343699,8.540186,8.54015
1.7974057e+25,0.93950135,0.6714444,310000.0,151467.39,149824.05,149824.05,18.959988,10.343589,8.540184,8.54015
1.7974057e+25,0.95206493,0.7135238,310000.0,151467.39,149824.03,149824.03,18.959988,10.343563,8.540186,8.54015
1.7974057e+25,0.9510796,0.6999439,310000.0,151467.36,149824.06,149824.06,18.959988,10.34322,8.540186,8.540149
1.7974057e+25,0.94756323,0.6965781,310000.0,151467.39,149824.05,149824.05,18.959988,10.34345,8.540185,8.540149
1.7974057e+25,0.9335932,0.6826587,310000.0,151467.42,149824.05,149824.05,18.959988,10.343523,8.540186,8.54015
1.7974057e+25,0.93145883,0.67719346,310000.0,151467.39,149824.06,149824.05,18.959988,10.343475,8.540185,8.540149
1.7974057e+25,0.9270828,0.68482214,310000.0,151467.38,149824.05,149824.02,18.959988,10.343061,8.540185,8.54015
1.7974057e+25,0.9332828,0.68088716,310000.0,151467.38,149824.06,149824.05,18.959988,10.343412,8.540185,8.54015
1.7974057e+25,0.92495203,0.67392397,310000.0,151467.36,149824.03,149824.03,18.959988,10.3434725,8.540184,8.54015
1.7974057e+25,0.9196805,0.68524164,310000.0,151467.39,149824.05,149824.05,18.959988,10.343095,8.540185,8.540149
1.7974057e+25,0.94984055,0.6824845,310000.0,151467.39,149824.03,149824.03,18.959988,10.3433275,8.540185,8.540149
1.7974057e+25,0.94472617,0.714584,310000.0,151467.34,149824.05,149824.05,18.959988,10.343178,8.540186,8.540149
1.7974057e+25,0.9412114,0.69441867,310000.0,151467.36,149824.03,149824.03,18.959988,10.343265,8.540186,8.54015
1.7974057e+25,0.9335623,0.67806494,310000.0,151467.4,149824.06,149824.05,18.959988,10.34336,8.540185,8.54015
1.7974057e+25,0.94744253,0.705132,310000.0,151467.39,149824.06,149824.08,18.959988,10.343445,8.540186,8.540149
1.7974057e+25,0.9440779,0.7177306,310000.0,151467.39,149824.03,149824.05,18.959988,10.3431015,8.540186,8.54015
1.7974057e+25,0.9339867,0.6975614,310000.0,151467.4,149824.05,149824.05,18.959988,10.343627,8.540186,8.54015
1.7974057e+25,0.920277,0.6842445,310000.0,151467.39,149824.06,149824.05,18.959988,10.343307,8.540186,8.540148
1.7974057e+25,0.9364679,0.70801234,310000.0,151467.4,149824.06,149824.06,18.959988,10.343605,8.540185,8.540149
1.7974057e+25,0.93229836,0.6947047,310000.0,151467.38,149824.06,149824.05,18.959988,10.343347,8.540185,8.54015
1.7974057e+25,0.9132658,0.67697245,310000.0,151467.39,149824.05,149824.06,18.959988,10.34369,8.540185,8.540149
1.7974057e+25,0.93011546,0.70903707,310000.0,151467.4,149824.05,149824.05,18.959988,10.343164,8.540184,8.54015
1.7974057e+25,0.925918,0.7029277,310000.0,151467.42,149824.08,149824.05,18.959988,10.3436575,8.540186,8.540149
1.7974057e+25,0.9367288,0.6728161,310000.0,151467.4,149824.05,149824.05,18.959988,10.343225,8.540185,8.540149
1.7974057e+25,0.9260605,0.71289504,310000.0,151467.34,149824.03,149824.05,18.959988,10.343056,8.540186,8.54015
1.7974057e+25,0.9431657,0.7051998,310000.0,151467.33,149824.06,149824.03,18.959988,10.342897,8.540186,8.540149
1.7974057e+25,0.9218817,0.683164,310000.0,151467.36,149824.05,149824.06,18.959988,10.343464,8.540185,8.540149
1.7974057e+25,0.9332123,0.67574793,310000.0,151467.4,149824.05,149824.05,18.959988,10.343484,8.540185,8.540149
1.7974057e+25,0.9400446,0.6985769,310000.0,151467.39,149824.02,149824.06,18.959988,10.343609,8.540184,8.540149
1.7974057e+25,0.9371916,0.7120604,310000.0,151467.39,149824.05,149824.08,18.959988,10.343258,8.540186,8.54015
1.7974057e+25,0.9302471,0.6793419,310000.0,151467.4,149824.05,149824.06,18.959988,10.343522,8.540185,8.540149
1.7974057e+25,0.92656213,0.6978256,310000.0,151467.38,149824.05,149824.05,18.959988,10.343358,8.540187,8.540149
1.7974057e+25,0.93391913,0.71325827,310000.0,151467.4,149824.03,149824.05,18.959988,10.343515,8.540186,8.540149
1.7974057e+25,0.9419244,0.7011211,310000.0,151467.39,149824.06,149824.06,18.959988,10.343469,8.540186,8.54015
1.7974057e+25,0.93623525,0.68070555,310000.0,151467.33,149824.06,149824.05,18.959988,10.343272,8.540184,8.540149
1.7974057e+25,0.93919486,0.69518864,310000.0,151467.39,149824.05,149824.05,18.959988,10.343356,8.540185,8.54015
1.7974057e+25,0.92545825,0.6857118,310000.0,151467.38,149824.05,149824.05,18.959988,10.343145,8.540185,8.540149
1.7974057e+25,0.93250877,0.6898454,310000.0,151467.38,149824.05,149824.06,18.959988,10.343487,8.540185,8.54015
1.7974057e+25,0.9297822,0.6973597,310000.0,151467.33,149824.05,149824.05,18.959988,10.343474,8.540185,8.540149
1.7974057e+25,0.9308496,0.67186105,310000.0,151467.44,149824.05,149824.03,18.959988,10.343306,8.540186,8.54015
1.7974057e+25,0.94080013,0.71347433,310000.0,151467.36,149824.06,149824.06,18.959988,10.343453,8.540186,8.540149
1.7974057e+25,0.9359167,0.7092863,310000.0,151467.38,149824.06,149824.06,18.959988,10.343384,8.540185,8.54015
1.7974057e+25,0.9421149,0.7074364,310000.0,151467.38,149824.06,149824.06,18.959988,10.343273,8.540186,8.540149
1.7974057e+25,0.93947506,0.7054723,310000.0,151467.36,149824.03,149824.06,18.959988,10.34361,8.540186,8.540149
1.7974057e+25,0.936473,0.6857509,310000.0,151467.45,149824.05,149824.05,18.959988,10.3435545,8.540185,8.54015
1.7974057e+25,0.9312058,0.6838255,310000.0,151467.33,149824.06,149824.05,18.959988,10.343259,8.540186,8.540149
1.7974057e+25,0.9356759,0.69399107,310000.0,151467.36,149824.06,149824.05,18.959988,10.343216,8.540186,8.54015
1.7974057e+25,0.93070245,0.70884126,310000.0,151467.39,149824.06,149824.05,18.959988,10.343312,8.540186,8.540149
1.7974057e+25,0.932571,0.6970166,310000.0,151467.34,149824.05,149824.06,18.959988,10.343214,8.540185,8.54015
1.7974057e+25,0.9424917,0.6825408,310000.0,151467.39,149824.05,149824.08,18.959988,10.34343,8.540185,8.540151
1.7974057e+25,0.94753563,0.7211778,310000.0,151467.4,149824.06,149824.06,18.959988,10.34344,8.540186,8.540149
1.7974057e+25,0.9325252,0.69884956,310000.0,151467.38,149824.05,149824.05,18.959988,10.343583,8.540185,8.54015
1.7974057e+25,0.92578334,0.67013735,310000.0,151467.39,149824.05,149824.05,18.959988,10.343598,8.540185,8.540149
1.7974057e+25,0.9400603,0.7037464,310000.0,151467.34,149824.05,149824.06,18.959988,10.343029,8.540187,8.540149
1.7974057e+25,0.9362706,0.67172307,310000.0,151467.33,149824.05,149824.05,18.959988,10.34317,8.540185,8.540149
1.7974057e+25,0.93175536,0.718068,310000.0,151467.39,149824.08,149824.06,18.959988,10.343168,8.540183,8.540149
1.7974057e+25,0.9371247,0.70442057,310000.0,151467.38,149824.05,149824.05,18.959988,10.343155,8.540186,8.54015
1.7974057e+25,0.94220275,0.7130798,310000.0,151467.38,149824.05,149824.06,18.959988,10.343385,8.540185,8.540149
1.7974057e+25,0.9487865,0.707597,310000.0,151467.39,149824.05,149824.06,18.959988,10.343677,8.540186,8.54015
1.7974057e+25,0.92718333,0.69708186,310000.0,151467.4,149824.03,149824.05,18.959988,10.343388,8.540186,8.540149
1.7974057e+25,0.92352134,0.6964935,310000.0,151467.4,149824.05,149824.06,18.959988,10.343475,8.540186,8.540149
1.7974057e+25,0.9472503,0.7098773,310000.0,151467.38,149824.05,149824.05,18.959988,10.343311,8.540186,8.54015
1.7974057e+25,0.9512292,0.71989053,310000.0,151467.33,149824.05,149824.06,18.959988,10.343358,8.540186,8.54015
1.7974057e+25,0.93873173,0.7062198,310000.0,151467.34,149824.03,149824.05,18.959988,10.343136,8.540186,8.54015
1.7974057e+25,0.94682455,0.7121718,310000.0,151467.38,149824.05,149824.03,18.959988,10.343284,8.540186,8.540149
1.7974057e+25,0.9503066,0.71896744,310000.0,151467.39,149824.05,149824.05,18.959988,10.343586,8.540186,8.54015
1.7974057e+25,0.93172747,0.67129046,310000.0,151467.42,149824.06,149824.05,18.959988,10.343684,8.540185,8.540149
1.7974057e+25,0.8986097,0.6815651,310000.0,151467.39,149824.03,149824.05,18.959988,10.343111,8.540185,8.54015
1.7974057e+25,0.93329394,0.6865245,310000.0,151467.44,149824.05,149824.06,18.959988,10.343697,8.540184,8.540148
1.7974057e+25,0.9372073,0.703918,310000.0,151467.36,149824.05,149824.06,18.959988,10.343318,8.540186,8.540149
1.7974057e+25,0.92165375,0.7080593,310000.0,151467.39,149824.05,149824.06,18.959988,10.34344,8.540184,8.540149
1.7974057e+25,0.9382589,0.67234594,310000.0,151467.34,149824.05,149824.05,18.959988,10.34349,8.540184,8.54015
1.7974057e+25,0.92794514,0.68113244,310000.0,151467.39,149824.05,149824.06,18.959988,10.343446,8.540185,8.540149
1.7974057e+25,0.930336,0.6925132,310000.0,151467.4,149824.06,149824.05,18.959988,10.343557,8.540186,8.540149
1.7974057e+25,0.93330365,0.7125499,310000.0,151467.31,149824.05,149824.05,18.959988,10.342876,8.540186,8.540149
1.7974057e+25,0.93207246,0.6743442,310000.0,151467.39,149824.05,149824.06,18.959988,10.343587,8.540185,8.540149
1.7974057e+25,0.92665875,0.6965798,310000.0,151467.36,149824.05,149824.05,18.959988,10.343199,8.540185,8.540149
1.7974057e+25,0.9167113,0.673981,310000.0,151467.39,149824.03,149824.03,18.959988,10.343691,8.540185,8.540149
1.7974057e+25,0.94408786,0.7144213,310000.0,151467.39,149824.05,149824.05,18.959988,10.343394,8.540186,8.540149
1.7974057e+25,0.93180543,0.69696665,310000.0,151467.4,149824.08,149824.06,18.959988,10.3432255,8.540186,8.54015
1.7974057e+25,0.93320423,0.70118296,310000.0,151467.36,149824.06,149824.06,18.959988,10.3434,8.540186,8.54015
1.7974057e+25,0.92011184,0.6833711,310000.0,151467.4,149824.03,149824.05,18.959988,10.343401,8.540186,8.540149
1.7974057e+25,0.9347742,0.7151328,310000.0,151467.4,149824.06,149824.03,18.959988,10.34347,8.540186,8.540149
1.7974057e+25,0.9471695,0.7204261,310000.0,151467.42,149824.05,149824.05,18.959988,10.343482,8.540186,8.540149
1.7974057e+25,0.93482804,0.7098624,310000.0,151467.38,149824.03,149824.06,18.959988,10.343148,8.540186,8.540149
1.7974057e+25,0.92903787,0.712055,310000.0,151467.4,149824.06,149824.05,18.959988,10.343534,8.540186,8.540148
1.7974057e+25,0.9336327,0.67109466,310000.0,151467.4,149824.06,149824.06,18.959988,10.3434925,8.540185,8.540149
1.7974057e+25,0.9380709,0.7054086,310000.0,151467.36,149824.05,149824.05,18.959988,10.343353,8.540186,8.54015
1.7974057e+25,0.9294633,0.7164893,310000.0,151467.39,149824.06,149824.06,18.959988,10.343492,8.540186,8.540149
1.7974057e+25,0.9349256,0.7162989,310000.0,151467.39,149824.06,149824.06,18.959988,10.343421,8.540186,8.540149
1.7974057e+25,0.9406473,0.71313745,310000.0,151467.4,149824.05,149824.05,18.959988,10.3434105,8.540186,8.540149
1.7974057e+25,0.9362067,0.68867296,310000.0,151467.36,149824.06,149824.05,18.959988,10.343438,8.540186,8.540149
1.7974057e+25,0.9220893,0.68571323,310000.0,151467.4,149824.05,149824.05,18.959988,10.343769,8.540185,8.540149
1.7974057e+25,0.92896175,0.7119705,310000.0,151467.36,149824.05,149824.06,18.959988,10.3431635,8.540185,8.54015
1.7974057e+25,0.9396565,0.7182257,310000.0,151467.34,149824.05,149824.08,18.959988,10.343189,8.540186,8.54015
1.7974057e+25,0.9135126,0.6737635,310000.0,151467.34,149824.06,149824.06,18.959988,10.343061,8.540185,8.540149
1.7974057e+25,0.93727005,0.7021689,310000.0,151467.36,149824.03,149824.05,18.959988,10.343586,8.540186,8.540149
1.7974057e+25,0.94604456,0.7029302,310000.0,151467.38,149824.05,149824.05,18.959988,10.343433,8.540186,8.540149
1.7974057e+25,0.92997736,0.6760547,310000.0,151467.42,149824.05,149824.05,18.959988,10.3434515,8.540185,8.540149
1.7974057e+25,0.9387297,0.6990075,310000.0,151467.4,149824.03,149824.06,18.959988,10.343806,8.540185,8.540149
1.7974057e+25,0.93054533,0.69685405,310000.0,151467.42,149824.05,149824.06,18.959988,10.343425,8.540186,8.540149
1.7974057e+25,0.938025,0.6813921,310000.0,151467.38,149824.05,149824.05,18.959988,10.343404,8.540185,8.540149
1.7974057e+25,0.9456059,0.71138597,310000.0,151467.39,149824.05,149824.06,18.959988,10.343264,8.540186,8.540149
1.7974057e+25,0.9268148,0.6895919,310000.0,151467.4,149824.05,149824.06,18.959988,10.343618,8.540186,8.540149
1.7974057e+25,0.93973017,0.71741307,310000.0,151467.39,149824.05,149824.05,18.959988,10.343489,8.540186,8.540149
1.7974057e+25,0.93766,0.7043394,310000.0,151467.38,149824.03,149824.06,18.959988,10.343443,8.540186,8.540149
1.7974057e+25,0.9342279,0.70714927,310000.0,151467.39,149824.05,149824.05,18.959988,10.343417,8.540186,8.540149
1.7974057e+25,0.9374596,0.70176214,310000.0,151467.38,149824.05,149824.08,18.959988,10.343532,8.540186,8.54015
1.7974057e+25,0.93329734,0.7081895,310000.0,151467.36,149824.05,149824.06,18.959988,10.343619,8.540186,8.540149
1.7974057e+25,0.9372125,0.69728875,310000.0,151467.42,149824.08,149824.05,18.959988,10.343614,8.540186,8.540149
1.7974057e+25,0.9231056,0.68475574,310000.0,151467.36,149824.05,149824.06,18.959988,10.343547,8.540185,8.540149
1.7974057e+25,0.9332626,0.7048784,310000.0,151467.36,149824.05,149824.05,18.959988,10.343001,8.540186,8.54015
1.7974057e+25,0.924669,0.67435944,310000.0,151467.39,149824.05,149824.03,18.959988,10.343584,8.540185,8.540149
1.7974057e+25,0.9458393,0.7010141,310000.0,151467.38,149824.06,149824.08,18.959988,10.343233,8.540185,8.54015
1.7974057e+25,0.95043296,0.6747064,310000.0,151467.42,149824.05,149824.03,18.959988,10.343375,8.540184,8.54015
1.7974057e+25,0.9427016,0.7214614,310000.0,151467.39,149824.03,149824.05,18.959988,10.3433,8.540184,8.54015
1.7974057e+25,0.9167681,0.6911645,310000.0,151467.38,149824.06,149824.08,18.959988,10.343388,8.540185,8.540146
1.7974057e+25,0.9292698,0.7153918,310000.0,151467.39,149824.06,149824.06,18.959988,10.343098,8.540186,8.540147
1.7974057e+25,0.91346633,0.6977445,310000.0,151467.38,149824.06,149824.05,18.959988,10.343446,8.540185,8.540146
1.7974057e+25,0.9326317,0.70882577,310000.0,151467.4,149824.05,149824.06,18.959988,10.343572,8.540186,8.540146
1.7974057e+25,0.9199283,0.6930922,310000.0,151467.44,149824.05,149824.05,18.959988,10.343676,8.540185,8.540146
1.7974057e+25,0.940699,0.6772525,310000.0,151467.4,149824.06,149824.03,18.959988,10.343889,8.540186,8.540147
1.7974057e+25,0.94003654,0.6831466,310000.0,151467.4,149824.05,149824.05,18.959988,10.343486,8.540185,8.540147
1.7974057e+25,0.9364479,0.70756423,310000.0,151467.38,149824.06,149824.06,18.959988,10.343491,8.540186,8.540147
1.7974057e+25,0.95058346,0.7267463,310000.0,151467.42,149824.05,149824.05,18.959988,10.343555,8.540186,8.540147
1.7974057e+25,0.9411132,0.6870705,310000.0,151467.4,149824.06,149824.05,18.959988,10.343424,8.540186,8.540146
1.7974057e+25,0.94177645,0.69951814,310000.0,151467.38,149824.03,149824.05,18.959988,10.343428,8.540185,8.540147
1.7974057e+25,0.9399256,0.71797305,310000.0,151467.4,149824.05,149824.05,18.959988,10.343328,8.540186,8.540147
1.7974057e+25,0.92710257,0.70530933,310000.0,151467.38,149824.05,149824.06,18.959988,10.343212,8.540186,8.540147
1.7974057e+25,0.9442276,0.7107655,310000.0,151467.38,149824.08,149824.06,18.959988,10.343421,8.540186,8.540147
1.7974057e+25,0.93565613,0.70918745,310000.0,151467.33,149824.03,149824.05,18.959988,10.343312,8.540186,8.540146
1.7974057e+25,0.93394923,0.69337964,310000.0,151467.44,149824.05,149824.06,18.959988,10.343583,8.540186,8.540148
1.7974057e+25,0.9338925,0.69808644,310000.0,151467.38,149824.08,149824.03,18.959988,10.343234,8.540185,8.540146
1.7974057e+25,0.9362444,0.693167,310000.0,151467.38,149824.03,149824.05,18.959988,10.343187,8.540186,8.540146
1.7974057e+25,0.9406044,0.72155803,310000.0,151467.38,149824.06,149824.06,18.959988,10.34319,8.540185,8.540146
1.7974057e+25,0.94432473,0.6951361,310000.0,151467.33,149824.06,149824.05,18.959988,10.343181,8.540185,8.540147
1.7974057e+25,0.92393863,0.67308056,310000.0,151467.44,149824.06,149824.08,18.959988,10.343787,8.540185,8.540147
1.7974057e+25,0.93674195,0.7013467,310000.0,151467.39,149824.05,149824.06,18.959988,10.343191,8.540186,8.540146
1.7974057e+25,0.9338259,0.6871637,310000.0,151467.33,149824.06,149824.06,18.959988,10.343309,8.540185,8.540147
1.7974057e+25,0.93926257,0.7136256,310000.0,151467.39,149824.05,149824.08,18.959988,10.343427,8.540186,8.540146
1.7974057e+25,0.9455053,0.713327,310000.0,151467.4,149824.06,149824.08,18.959988,10.343396,8.540186,8.540147
1.7974057e+25,0.9487974,0.71704274,310000.0,151467.33,149824.05,149824.06,18.959988,10.343128,8.540186,8.540147
1.7974057e+25,0.9355396,0.703492,310000.0,151467.39,149824.05,149824.06,18.959988,10.343676,8.540185,8.540146
1.7974057e+25,0.9310466,0.6842478,310000.0,151467.38,149824.03,149824.05,18.959988,10.343201,8.540185,8.540147
1.7974057e+25,0.926518,0.68772924,310000.0,151467.42,149824.06,149824.06,18.959988,10.343583,8.540185,8.540146
1.7974057e+25,0.9238386,0.67447084,310000.0,151467.38,149824.05,149824.05,18.959988,10.3432,8.540184,8.540148
1.7974057e+25,0.9244489,0.69205296,310000.0,151467.3,149824.06,149824.05,18.959988,10.343061,8.540186,8.540146
1.7974057e+25,0.9330282,0.70789206,310000.0,151467.39,149824.05,149824.06,18.959988,10.343026,8.540186,8.540147
1.7974057e+25,0.91164607,0.6994952,310000.0,151467.34,149824.05,149824.08,18.959988,10.343109,8.540185,8.540147
1.7974057e+25,0.9182642,0.67553735,310000.0,151467.39,149824.05,149824.05,18.959988,10.343324,8.540184,8.540147
1.7974057e+25,0.9351621,0.6998785,310000.0,151467.31,149824.05,149824.05,18.959988,10.343,8.540186,8.540146
1.7974057e+25,0.94726163,0.7205496,310000.0,151467.39,149824.05,149824.05,18.959988,10.343428,8.540186,8.540146
1.7974057e+25,0.92188716,0.6816231,310000.0,151467.33,149824.05,149824.05,18.959988,10.343275,8.540185,8.540147
1.7974057e+25,0.93730474,0.68418103,310000.0,151467.4,149824.06,149824.06,18.959988,10.343567,8.540185,8.540147
1.7974057e+25,0.9413429,0.69775385,310000.0,151467.4,149824.1,149824.06,18.959988,10.343333,8.540186,8.540146
1.7974057e+25,0.93662065,0.71425515,310000.0,151467.42,149824.05,149824.08,18.959988,10.343423,8.540186,8.540147
1.7974057e+25,0.93149704,0.70764583,310000.0,151467.36,149824.05,149824.05,18.959988,10.34315,8.540186,8.540146
1.7974057e+25,0.9331419,0.6915203,310000.0,151467.4,149824.06,149824.06,18.959988,10.343182,8.540185,8.540146
1.7974057e+25,0.9357136,0.7213436,310000.0,151467.34,149824.05,149824.05,18.959988,10.343175,8.540186,8.540146
1.7974057e+25,0.939121,0.68294996,310000.0,151467.38,149824.06,149824.06,18.959988,10.343159,8.540185,8.540147
1.7974057e+25,0.93262655,0.719165,310000.0,151467.38,149824.03,149824.08,18.959988,10.343293,8.540186,8.540147
1.7974057e+25,0.9474967,0.69266516,310000.0,151467.39,149824.05,149824.03,18.959988,10.343511,8.540185,8.540147
1.7974057e+25,0.93457276,0.6899524,310000.0,151467.39,149824.06,149824.05,18.959988,10.343519,8.540186,8.540147
1.7974057e+25,0.9529853,0.7229816,310000.0,151467.36,149824.06,149824.06,18.959988,10.343234,8.540186,8.540146
1.7974057e+25,0.9306787,0.7063843,310000.0,151467.39,149824.05,149824.05,18.959988,10.343646,8.540186,8.540146
1.7974057e+25,0.93803567,0.69276226,310000.0,151467.34,149824.03,149824.05,18.959988,10.343002,8.540185,8.540146
1.7974057e+25,0.9369054,0.71382016,310000.0,151467.44,149824.06,149824.06,18.959988,10.343668,8.540186,8.540148
1.7974057e+25,0.9367017,0.70941174,310000.0,151467.4,149824.05,149824.08,18.959988,10.34336,8.540186,8.540147
1.7974057e+25,0.93902576,0.697401,310000.0,151467.34,149824.06,149824.06,18.959988,10.343221,8.540185,8.540148
1.7974057e+25,0.94091815,0.70360786,310000.0,151467.39,149824.06,149824.03,18.959988,10.34339,8.540186,8.540147
1.7974057e+25,0.94010115,0.6986744,310000.0,151467.34,149824.03,149824.05,18.959988,10.343149,8.540186,8.540146
1.7974057e+25,0.9472715,0.7022938,310000.0,151467.38,149824.05,149824.06,18.959988,10.343277,8.540186,8.540146
1.7974057e+25,0.945582,0.7154676,310000.0,151467.36,149824.05,149824.08,18.959988,10.34327,8.540186,8.540146
1.7974057e+25,0.9288265,0.6857953,310000.0,151467.36,149824.05,149824.05,18.959988,10.343187,8.540186,8.540146
1.7974057e+25,0.94210035,0.69605386,310000.0,151467.38,149824.03,149824.08,18.959988,10.343306,8.540185,8.540146
1.7974057e+25,0.93731123,0.6931813,310000.0,151467.42,149824.03,149824.06,18.959988,10.343547,8.540185,8.540146
1.7974057e+25,0.94191426,0.68808085,310000.0,151467.39,149824.05,149824.06,18.959988,10.343212,8.540185,8.540146
1.7974057e+25,0.94337887,0.7210399,310000.0,151467.4,149824.06,149824.06,18.959988,10.343437,8.540185,8.540148
1.7974057e+25,0.9525157,0.68865734,310000.0,151467.38,149824.06,149824.05,18.959988,10.343321,8.540185,8.540147
1.7974057e+25,0.94834226,0.7096539,310000.0,151467.39,149824.05,149824.05,18.959988,10.343545,8.540185,8.540146
1.7974057e+25,0.9337566,0.678754,310000.0,151467.39,149824.06,149824.08,18.959988,10.343445,8.540185,8.540147
1.7974057e+25,0.92473936,0.71464455,310000.0,151467.4,149824.03,149824.05,18.959988,10.34361,8.540184,8.540146
1.7974057e+25,0.9498018,0.7137255,310000.0,151467.38,149824.05,149824.05,18.959988,10.343436,8.540186,8.540146
1.7974057e+25,0.93944424,0.69354963,310000.0,151467.44,149824.06,149824.08,18.959988,10.343662,8.540185,8.540147
1.7974057e+25,0.9354275,0.7005338,310000.0,151467.38,149824.05,149824.08,18.959988,10.343555,8.540186,8.540147
1.7974057e+25,0.9513163,0.7181091,310000.0,151467.4,149824.05,149824.06,18.959988,10.343553,8.540186,8.540147
1.7974057e+25,0.94160545,0.7165404,310000.0,151467.38,149824.05,149824.05,18.959988,10.343539,8.540186,8.540145
1.7974057e+25,0.9467398,0.7005311,310000.0,151467.36,149824.03,149824.08,18.959988,10.343297,8.540186,8.540146
1.7974057e+25,0.9260897,0.6765065,310000.0,151467.38,149824.06,149824.05,18.959988,10.343454,8.540185,8.540146
1.7974057e+25,0.9562168,0.71261495,310000.0,151467.42,149824.06,149824.06,18.959988,10.343675,8.540186,8.540146
1.7974057e+25,0.9263951,0.68368816,310000.0,151467.31,149824.06,149824.08,18.959988,10.34317,8.540184,8.540146
1.7974057e+25,0.9239895,0.6791206,310000.0,151467.33,149824.06,149824.06,18.959988,10.34313,8.540185,8.540147
1.7974057e+25,0.92282856,0.68244004,310000.0,151467.39,149824.05,149824.05,18.959988,10.34365,8.540185,8.540147
1.7974057e+25,0.9443067,0.7214454,310000.0,151467.39,149824.06,149824.08,18.959988,10.343386,8.540185,8.540146
1.7974057e+25,0.948315,0.7192394,310000.0,151467.33,149824.06,149824.05,18.959988,10.343064,8.540186,8.540145
1.7974057e+25,0.9319304,0.6900162,310000.0,151467.31,149824.06,149824.06,18.959988,10.343321,8.540185,8.540147
1.7974057e+25,0.94380516,0.69051087,310000.0,151467.42,149824.05,149824.08,18.959988,10.343588,8.540185,8.540146
1.7974057e+25,0.9166994,0.6793892,310000.0,151467.34,149824.05,149824.05,18.959988,10.343464,8.540185,8.540147
1.7974057e+25,0.93515027,0.67984647,310000.0,151467.4,149824.05,149824.06,18.959988,10.343488,8.540185,8.540147
1.7974057e+25,0.94835055,0.70595765,310000.0,151467.4,149824.03,149824.06,18.959988,10.34367,8.540185,8.540147
1.7974057e+25,0.9456987,0.69394547,310000.0,151467.42,149824.08,149824.05,18.959988,10.343681,8.540186,8.540147
1.7974057e+25,0.9298438,0.67812073,310000.0,151467.34,149824.05,149824.05,18.959988,10.343288,8.540185,8.540146
1.7974057e+25,0.92606866,0.6892735,310000.0,151467.38,149824.05,149824.06,18.959988,10.343381,8.540185,8.540147
1.7974057e+25,0.9407442,0.67882943,310000.0,151467.38,149824.08,149824.06,18.959988,10.343442,8.540184,8.540146
1.7974057e+25,0.94194216,0.6886487,310000.0,151467.4,149824.06,149824.06,18.959988,10.343257,8.540186,8.540147
1.7974057e+25,0.9487903,0.7209122,310000.0,151467.36,149824.06,149824.05,18.959988,10.343418,8.540186,8.540146
1.7974057e+25,0.9475715,0.6968534,310000.0,151467.42,149824.06,149824.06,18.959988,10.343482,8.540185,8.540146
1.7974057e+25,0.93595374,0.71763635,310000.0,151467.39,149824.03,149824.06,18.959988,10.343332,8.540186,8.540147
1.7974057e+25,0.94417554,0.7187709,310000.0,151467.36,149824.06,149824.05,18.959988,10.343076,8.540186,8.540147
1.7974057e+25,0.9390762,0.7014544,310000.0,151467.39,149824.03,149824.06,18.959988,10.34354,8.540186,8.540147
1.7974057e+25,0.91483414,0.7066301,310000.0,151467.38,149824.05,149824.03,18.959988,10.343077,8.540185,8.540146
1.7974057e+25,0.9382478,0.7044222,310000.0,151467.36,149824.06,149824.05,18.959988,10.343283,8.540186,8.540146
1.7974057e+25,0.93224233,0.6903582,310000.0,151467.38,149824.05,149824.06,18.959988,10.343253,8.540185,8.540146
1.7974057e+25,0.92376125,0.72154814,310000.0,151467.4,149824.03,149824.08,18.959988,10.343627,8.540184,8.540147
1.7974057e+25,0.9162948,0.69905424,310000.0,151467.33,149824.05,149824.06,18.959988,10.343226,8.540184,8.540152
1.7974057e+25,0.9118988,0.67919475,310000.0,151467.39,149824.06,149824.05,18.959988,10.343705,8.540185,8.540151
1.7974057e+25,0.91282225,0.6793275,310000.0,151467.4,149824.06,149824.06,18.959988,10.343618,8.540184,8.540151
1.7974057e+25,0.9102177,0.69393677,310000.0,151467.34,149824.05,149824.06,18.959988,10.343369,8.540184,8.540151
1.7974057e+25,0.9312918,0.7008717,310000.0,151467.44,149824.06,149824.05,18.959988,10.34368,8.540186,8.540151
1.7974057e+25,0.928948,0.7076156,310000.0,151467.36,149824.08,149824.06,18.959988,10.3434725,8.540186,8.540151
1.7974057e+25,0.90532243,0.70658743,310000.0,151467.42,149824.03,149824.05,18.959988,10.343381,8.540186,8.540152
1.7974057e+25,0.91374356,0.6907094,310000.0,151467.31,149824.05,149824.08,18.959988,10.343357,8.540184,8.540152
1.7974057e+25,0.93983597,0.72182006,310000.0,151467.36,149824.05,149824.05,18.959988,10.343107,8.540186,8.540151
1.7974057e+25,0.940191,0.70902663,310000.0,151467.39,149824.03,149824.06,18.959988,10.343407,8.540185,8.540151
1.7974057e+25,0.9415033,0.7043583,310000.0,151467.38,149824.03,149824.06,18.959988,10.34336,8.540185,8.54015
1.7974057e+25,0.9307079,0.71169376,310000.0,151467.34,149824.05,149824.06,18.959988,10.343472,8.540185,8.540151
1.7974057e+25,0.93989927,0.6908638,310000.0,151467.39,149824.06,149824.06,18.959988,10.343223,8.540185,8.540151
1.7974057e+25,0.9362162,0.71573853,310000.0,151467.34,149824.05,149824.06,18.959988,10.343153,8.540186,8.540151
1.7974057e+25,0.9320775,0.6852865,310000.0,151467.39,149824.05,149824.06,18.959988,10.343662,8.540185,8.540151
1.7974057e+25,0.9312779,0.7111118,310000.0,151467.34,149824.05,149824.05,18.959988,10.343312,8.540186,8.540151
1.7974057e+25,0.93648034,0.70861006,310000.0,151467.36,149824.03,149824.05,18.959988,10.343271,8.540186,8.540151
1.7974057e+25,0.9487453,0.7138255,310000.0,151467.31,149824.05,149824.06,18.959988,10.342952,8.540186,8.540151
1.7974057e+25,0.92921746,0.7582931,310000.0,151467.44,149824.05,149824.06,18.959988,10.343371,8.540183,8.540152
1.7974057e+25,0.9291868,0.72322875,310000.0,151467.39,149824.05,149824.06,18.959988,10.343275,8.540186,8.540152
1.7974057e+25,0.9282403,0.70257443,310000.0,151467.42,149824.05,149824.05,18.959988,10.343736,8.540186,8.540151
1.7974057e+25,0.9175832,0.6909197,310000.0,151467.38,149824.06,149824.06,18.959988,10.343388,8.540185,8.540151
1.7974057e+25,0.94166714,0.70858836,310000.0,151467.34,149824.05,149824.06,18.959988,10.343261,8.540186,8.54015
1.7974057e+25,0.947043,0.7300203,310000.0,151467.34,149824.03,149824.06,18.959988,10.343163,8.540186,8.540151
1.7974057e+25,0.93608123,0.7260449,310000.0,151467.36,149824.03,149824.06,18.959988,10.343192,8.540186,8.540151
1.7974057e+25,0.9531527,0.7305058,310000.0,151467.42,149824.05,149824.05,18.959988,10.343181,8.540185,8.540152
1.7974057e+25,0.9412031,0.6851448,310000.0,151467.42,149824.05,149824.05,18.959988,10.343653,8.540185,8.540151
1.7974057e+25,0.9276909,0.710751,310000.0,151467.34,149824.06,149824.08,18.959988,10.343228,8.540186,8.540152
1.7974057e+25,0.9136182,0.74714804,310000.0,151467.4,149824.06,149824.06,18.959988,10.343294,8.540184,8.540152
1.7974057e+25,0.93337846,0.6878028,310000.0,151467.38,149824.05,149824.06,18.959988,10.343372,8.540185,8.54015
1.7974057e+25,0.93966126,0.6818788,310000.0,151467.38,149824.06,149824.05,18.959988,10.343446,8.540185,8.540151
1.7974057e+25,0.9329452,0.6920356,310000.0,151467.33,149824.03,149824.06,18.959988,10.343172,8.540185,8.540151
1.7974057e+25,0.9432417,0.70048475,310000.0,151467.39,149824.06,149824.06,18.959988,10.343863,8.540186,8.540151
1.7974057e+25,0.94624966,0.7129788,310000.0,151467.36,149824.03,149824.05,18.959988,10.34318,8.540186,8.540151
1.7974057e+25,0.94085604,0.7133414,310000.0,151467.44,149824.05,149824.08,18.959988,10.343904,8.540186,8.540152
1.7974057e+25,0.9467945,0.7253728,310000.0,151467.36,149824.05,149824.06,18.959988,10.343132,8.540186,8.540151
1.7974057e+25,0.94266665,0.7236171,310000.0,151467.33,149824.03,149824.06,18.959988,10.342974,8.540186,8.54015
1.7974057e+25,0.93041265,0.6882688,310000.0,151467.39,149824.06,149824.06,18.959988,10.343261,8.540184,8.540152
1.7974057e+25,0.93221664,0.68740946,310000.0,151467.39,149824.06,149824.06,18.959988,10.343061,8.540185,8.540152
1.7974057e+25,0.94318014,0.72686607,310000.0,151467.38,149824.03,149824.05,18.959988,10.34361,8.540186,8.540152
1.7974057e+25,0.9428293,0.7260115,310000.0,151467.38,149824.05,149824.06,18.959988,10.3433895,8.540186,8.540152
1.7974057e+25,0.94382954,0.7158621,310000.0,151467.38,149824.05,149824.05,18.959988,10.343208,8.540186,8.540151
1.7974057e+25,0.93905735,0.6872142,310000.0,151467.34,149824.06,149824.05,18.959988,10.343182,8.540185,8.540151
1.7974057e+25,0.92843854,0.7086361,310000.0,151467.36,149824.05,149824.08,18.959988,10.343154,8.540185,8.540151
1.7974057e+25,0.9361087,0.6816667,310000.0,151467.38,149824.05,149824.05,18.959988,10.34345,8.540185,8.540152
1.7974057e+25,0.9375702,0.72468734,310000.0,151467.38,149824.05,149824.08,18.959988,10.343331,8.540186,8.540151
1.7974057e+25,0.91106945,0.6989132,310000.0,151467.4,149824.05,149824.06,18.959988,10.343281,8.540184,8.540152
1.7974057e+25,0.932024,0.7070077,310000.0,151467.42,149824.03,149824.06,18.959988,10.343328,8.540186,8.540151
1.7974057e+25,0.9091751,0.6859047,310000.0,151467.31,149824.06,149824.06,18.959988,10.342936,8.540185,8.540151
1.7974057e+25,0.92609364,0.69458103,310000.0,151467.36,149824.05,149824.06,18.959988,10.343632,8.540186,8.540151
1.7974057e+25,0.93278193,0.713298,310000.0,151467.39,149824.05,149824.06,18.959988,10.343667,8.540186,8.540151
1.7974057e+25,0.9415256,0.72880244,310000.0,151467.38,149824.05,149824.06,18.959988,10.343145,8.540186,8.540152
1.7974057e+25,0.941059,0.71795535,310000.0,151467.36,149824.05,149824.06,18.959988,10.343333,8.540186,8.540151
1.7974057e+25,0.9344627,0.6989153,310000.0,151467.38,149824.05,149824.08,18.959988,10.343387,8.540186,8.540152
1.7974057e+25,0.9412136,0.7078819,310000.0,151467.38,149824.05,149824.06,18.959988,10.343453,8.540185,8.540152
1.7974057e+25,0.9398753,0.72721153,310000.0,151467.34,149824.06,149824.05,18.959988,10.343382,8.540186,8.540151
1.7974057e+25,0.93542683,0.7190685,310000.0,151467.38,149824.05,149824.08,18.959988,10.343433,8.540187,8.540151
1.7974057e+25,0.94240326,0.72149247,310000.0,151467.39,149824.05,149824.06,18.959988,10.3434725,8.540186,8.54015
1.7974057e+25,0.93402153,0.68012065,310000.0,151467.42,149824.05,149824.06,18.959988,10.343536,8.540184,8.540151
1.7974057e+25,0.944613,0.70524085,310000.0,151467.39,149824.02,149824.05,18.959988,10.343702,8.540185,8.540152
1.7974057e+25,0.93219256,0.68537134,310000.0,151467.34,149824.03,149824.06,18.959988,10.3432665,8.540185,8.540152
1.7974057e+25,0.9281099,0.68341005,310000.0,151467.44,149824.06,149824.06,18.959988,10.343603,8.540185,8.540151
1.7974057e+25,0.94826293,0.70994884,310000.0,151467.39,149824.05,149824.06,18.959988,10.343465,8.540186,8.540152
1.7974057e+25,0.93889296,0.721889,310000.0,151467.38,149824.05,149824.08,18.959988,10.343546,8.540186,8.540151
1.7974057e+25,0.9456776,0.6986536,310000.0,151467.42,149824.06,149824.06,18.959988,10.343388,8.540185,8.540151
1.7974057e+25,0.9264972,0.7002497,310000.0,151467.44,149824.06,149824.03,18.959988,10.3436,8.540186,8.54015
1.7974057e+25,0.9345136,0.70206714,310000.0,151467.39,149824.05,149824.06,18.959988,10.343352,8.540185,8.540151
1.7974057e+25,0.9325923,0.71339726,310000.0,151467.39,149824.05,149824.06,18.959988,10.343358,8.540186,8.540151
1.7974057e+25,0.93440694,0.6960379,310000.0,151467.33,149824.06,149824.05,18.959988,10.343554,8.540185,8.540152
1.7974057e+25,0.9376096,0.72844994,310000.0,151467.36,149824.05,149824.06,18.959988,10.3431015,8.540185,8.540152
1.7974057e+25,0.9064503,0.70207345,310000.0,151467.42,149824.03,149824.05,18.959988,10.34344,8.540184,8.540151
1.7974057e+25,0.9411914,0.7147523,310000.0,151467.38,149824.06,149824.06,18.959988,10.343369,8.540186,8.540151
1.7974057e+25,0.9247861,0.69955325,310000.0,151467.44,149824.06,149824.03,18.959988,10.343576,8.540185,8.540152
1.7974057e+25,0.95131606,0.7117016,310000.0,151467.44,149824.06,149824.06,18.959988,10.343755,8.540186,8.540151
1.7974057e+25,0.9353285,0.6968655,310000.0,151467.38,149824.03,149824.06,18.959988,10.343272,8.540186,8.540152
1.7974057e+25,0.927407,0.6790176,310000.0,151467.36,149824.06,149824.06,18.959988,10.343433,8.540184,8.540151
1.7974057e+25,0.9171146,0.6827778,310000.0,151467.42,149824.06,149824.06,18.959988,10.343804,8.540186,8.540151
1.7974057e+25,0.9189099,0.7161195,310000.0,151467.36,149824.05,149824.05,18.959988,10.343313,8.540186,8.540151
1.7974057e+25,0.9219087,0.6824757,310000.0,151467.42,149824.05,149824.06,18.959988,10.343471,8.540185,8.540151
1.7974057e+25,0.9282747,0.6802481,310000.0,151467.42,149824.05,149824.08,18.959988,10.34363,8.540185,8.54015
1.7974057e+25,0.93898326,0.7007771,310000.0,151467.36,149824.06,149824.06,18.959988,10.343592,8.540185,8.540151
1.7974057e+25,0.94907624,0.7232951,310000.0,151467.36,149824.05,149824.05,18.959988,10.343607,8.540185,8.540152
1.7974057e+25,0.93886036,0.7048393,310000.0,151467.36,149824.06,149824.08,18.959988,10.34342,8.540185,8.540151
1.7974057e+25,0.9283043,0.6801169,310000.0,151467.42,149824.05,149824.06,18.959988,10.343598,8.540185,8.540151
1.7974057e+25,0.93458,0.6977262,310000.0,151467.4,149824.05,149824.06,18.959988,10.343522,8.540185,8.540152
1.7974057e+25,0.9384203,0.72341144,310000.0,151467.39,149824.05,149824.05,18.959988,10.343292,8.540185,8.54015
1.7974057e+25,0.941434,0.7205003,310000.0,151467.3,149824.05,149824.05,18.959988,10.343139,8.540186,8.540151
1.7974057e+25,0.9270663,0.68291515,310000.0,151467.42,149824.06,149824.06,18.959988,10.343659,8.540185,8.54015
1.7974057e+25,0.9270822,0.7123103,310000.0,151467.4,149824.06,149824.06,18.959988,10.343682,8.540186,8.540152
1.7974057e+25,0.93564916,0.71604884,310000.0,151467.31,149824.05,149824.08,18.959988,10.34299,8.540186,8.540152
1.7974057e+25,0.93528813,0.704425,310000.0,151467.36,149824.05,149824.06,18.959988,10.343462,8.540186,8.540151
1.7974057e+25,0.9414301,0.68178374,310000.0,151467.4,149824.03,149824.05,18.959988,10.343685,8.540184,8.540151
1.7974057e+25,0.94884604,0.7183733,310000.0,151467.33,149824.05,149824.08,18.959988,10.343302,8.540186,8.540151
1.7974057e+25,0.9316715,0.6895887,310000.0,151467.38,149824.05,149824.06,18.959988,10.343145,8.540184,8.540151
1.7974057e+25,0.94166714,0.705052,310000.0,151467.38,149824.08,149824.08,18.959988,10.343309,8.540186,8.540151
1.7974057e+25,0.9446304,0.7292305,310000.0,151467.42,149824.05,149824.06,18.959988,10.343581,8.540185,8.540151
1.7974057e+25,0.94114906,0.72125393,310000.0,151467.4,149824.05,149824.06,18.959988,10.343333,8.540185,8.540152
1.7974057e+25,0.9514981,0.73091155,310000.0,151467.4,149824.05,149824.06,18.959988,10.343497,8.540186,8.540152
1.7974057e+25,0.9363529,0.69587964,310000.0,151467.38,149824.05,149824.06,18.959988,10.3436165,8.540185,8.540151
1.7974057e+25,0.9455026,0.695825,310000.0,151467.34,149824.05,149824.05,18.959988,10.343148,8.540186,8.540151
1.7974057e+25,0.94995236,0.7161772,310000.0,151467.4,149824.06,149824.06,18.959988,10.343453,8.540186,8.540152
1.7974057e+25,0.94071645,0.7158348,310000.0,151467.34,149824.05,149824.06,18.959988,10.343155,8.540186,8.540152
1.7974057e+25,0.9391794,0.7215579,310000.0,151467.38,149824.05,149824.05,18.959988,10.343353,8.540186,8.540151
1.7974057e+25,0.9229967,0.7057344,310000.0,151467.36,149824.03,149824.06,18.959988,10.343443,8.540185,8.540151
1.7974057e+25,0.93442965,0.71592355,310000.0,151467.4,149824.05,149824.08,18.959988,10.343557,8.540186,8.540151
1.7974057e+25,0.9310724,0.7131523,310000.0,151467.39,149824.03,149824.06,18.959988,10.343349,8.540186,8.540152
1.7974057e+25,0.9472647,0.7117259,310000.0,151467.38,149824.06,149824.08,18.959988,10.343334,8.540186,8.540151
1.7974057e+25,0.94145864,0.70130527,310000.0,151467.38,149824.03,149824.05,18.959988,10.343301,8.540185,8.540151
1.7974057e+25,0.9323813,0.71925867,310000.0,151467.34,149824.05,149824.06,18.959988,10.343134,8.540186,8.540151
1.7974057e+25,0.94036233,0.7096549,310000.0,151467.39,149824.03,149824.06,18.959988,10.343323,8.540185,8.540152
1.7974057e+25,0.94770557,0.7159349,310000.0,151467.38,149824.05,149824.06,18.959988,10.343382,8.540186,8.54015
1.7974057e+25,0.9496665,0.7108084,310000.0,151467.36,149824.06,149824.03,18.959988,10.343496,8.540185,8.54015
1.7974057e+25,0.9414108,0.72100335,310000.0,151467.36,149824.06,149824.05,18.959988,10.343544,8.540186,8.540151
1.7974057e+25,0.9245647,0.68978894,310000.0,151467.33,149824.06,149824.05,18.959988,10.343399,8.540184,8.54015
1.7974057e+25,0.93539023,0.71266294,310000.0,151467.38,149824.05,149824.06,18.959988,10.343254,8.540187,8.54015
1.7974057e+25,0.9212024,0.6856808,310000.0,151467.4,149824.06,149824.02,18.959988,10.343531,8.540185,8.54015
1.7974057e+25,0.9385401,0.6960166,310000.0,151467.44,149824.06,149824.05,18.959988,10.343664,8.540185,8.54015
1.7974057e+25,0.9306577,0.68575746,310000.0,151467.4,149824.06,149824.05,18.959988,10.343543,8.540186,8.54015
1.7974057e+25,0.9342608,0.7158704,310000.0,151467.36,149824.03,149824.05,18.959988,10.343026,8.540186,8.54015
1.7974057e+25,0.9445262,0.70818347,310000.0,151467.34,149824.03,149824.06,18.959988,10.343189,8.540185,8.540151
1.7974057e+25,0.9396032,0.6902367,310000.0,151467.44,149824.05,149824.05,18.959988,10.343541,8.540186,8.54015
1.7974057e+25,0.92152977,0.68142384,310000.0,151467.44,149824.06,149824.06,18.959988,10.343553,8.540185,8.54015
1.7974057e+25,0.9212576,0.69370973,310000.0,151467.38,149824.05,149824.06,18.959988,10.343539,8.540185,8.540151
1.7974057e+25,0.9277651,0.71332514,310000.0,151467.34,149824.03,149824.06,18.959988,10.343179,8.540185,8.540151
1.7974057e+25,0.9430168,0.7133942,310000.0,151467.4,149824.08,149824.05,18.959988,10.343629,8.540185,8.540151
1.7974057e+25,0.9446105,0.7123737,310000.0,151467.39,149824.06,149824.06,18.959988,10.343665,8.540187,8.540151
1.7974057e+25,0.9386407,0.701449,310000.0,151467.34,149824.05,149824.05,18.959988,10.343232,8.540185,8.54015
1.7974057e+25,0.9383481,0.71848243,310000.0,151467.4,149824.05,149824.06,18.959988,10.343428,8.540187,8.540151
1.7974057e+25,0.94203013,0.7114047,310000.0,151467.42,149824.03,149824.06,18.959988,10.3434925,8.540185,8.54015
1.7974057e+25,0.9354254,0.6964452,310000.0,151467.39,149824.03,149824.06,18.959988,10.3433075,8.540185,8.540151
1.7974057e+25,0.924635,0.7241358,310000.0,151467.36,149824.03,149824.05,18.959988,10.343242,8.540186,8.54015
1.7974057e+25,0.9374337,0.68356943,310000.0,151467.38,149824.03,149824.06,18.959988,10.343614,8.540186,8.540151
1.7974057e+25,0.93844897,0.70117,310000.0,151467.39,149824.08,149824.05,18.959988,10.343671,8.540185,8.540151
1.7974057e+25,0.94295216,0.72776634,310000.0,151467.38,149824.05,149824.06,18.959988,10.343209,8.540185,8.540151
1.7974057e+25,0.94183326,0.6914552,310000.0,151467.38,149824.08,149824.06,18.959988,10.343044,8.540186,8.540151
1.7974057e+25,0.93307763,0.6933859,310000.0,151467.38,149824.06,149824.05,18.959988,10.343419,8.540186,8.54015
1.7974057e+25,0.9462143,0.697966,310000.0,151467.39,149824.06,149824.06,18.959988,10.343428,8.540185,8.540151
1.7974057e+25,0.93681264,0.7069831,310000.0,151467.38,149824.06,149824.03,18.959988,10.343574,8.540185,8.54015
1.7974057e+25,0.94935685,0.69669646,310000.0,151467.36,149824.03,149824.06,18.959988,10.343591,8.540186,8.540151
1.7974057e+25,0.9424258,0.7175519,310000.0,151467.33,149824.06,149824.06,18.959988,10.343385,8.540186,8.540152
1.7974057e+25,0.9316529,0.72002536,310000.0,151467.39,149824.05,149824.05,18.959988,10.343429,8.540186,8.54015
1.7974057e+25,0.9489034,0.71962327,310000.0,151467.34,149824.06,149824.06,18.959988,10.343439,8.540187,8.54015
1.7974057e+25,0.9343742,0.6813977,310000.0,151467.34,149824.05,149824.06,18.959988,10.343441,8.540185,8.540151
1.7974057e+25,0.93413603,0.71529955,310000.0,151467.33,149824.06,149824.05,18.959988,10.343429,8.540186,8.54015
1.7974057e+25,0.9362858,0.7146574,310000.0,151467.33,149824.05,149824.02,18.959988,10.343761,8.540186,8.54015
1.7974057e+25,0.94151723,0.6803242,310000.0,151467.39,149824.06,149824.06,18.959988,10.343377,8.540184,8.540151
1.7974057e+25,0.93728524,0.7012105,310000.0,151467.34,149824.03,149824.06,18.959988,10.343339,8.540185,8.54015
1.7974057e+25,0.94292295,0.70917207,310000.0,151467.33,149824.06,149824.05,18.959988,10.343101,8.540186,8.54015
1.7974057e+25,0.93539983,0.6776879,310000.0,151467.42,149824.05,149824.06,18.959988,10.343519,8.540185,8.54015
1.7974057e+25,0.93838227,0.70679724,310000.0,151467.36,149824.03,149824.03,18.959988,10.3429365,8.540186,8.54015
1.7974057e+25,0.9309332,0.6878633,310000.0,151467.4,149824.05,149824.06,18.959988,10.343301,8.540185,8.54015
1.7974057e+25,0.9281406,0.7173851,310000.0,151467.39,149824.06,149824.05,18.959988,10.343253,8.540186,8.54015
1.7974057e+25,0.94599134,0.7134223,310000.0,151467.36,149824.05,149824.03,18.959988,10.343252,8.540185,8.54015
1.7974057e+25,0.9157942,0.6926784,310000.0,151467.36,149824.06,149824.05,18.959988,10.343312,8.540185,8.54015
1.7974057e+25,0.9278496,0.6976072,310000.0,151467.4,149824.05,149824.06,18.959988,10.343485,8.540185,8.54015
1.7974057e+25,0.92296594,0.7000926,310000.0,151467.38,149824.03,149824.05,18.959988,10.343704,8.540185,8.54015
1.7974057e+25,0.94448745,0.7224112,310000.0,151467.38,149824.06,149824.06,18.959988,10.343508,8.540186,8.540151
1.7974057e+25,0.9338311,0.7019653,310000.0,151467.38,149824.05,149824.05,18.959988,10.343635,8.540186,8.540151
1.7974057e+25,0.9467632,0.70421493,310000.0,151467.39,149824.06,149824.06,18.959988,10.343725,8.540186,8.540151
1.7974057e+25,0.94095045,0.71871275,310000.0,151467.42,149824.05,149824.06,18.959988,10.343435,8.540186,8.540151
1.7974057e+25,0.9457096,0.7274949,310000.0,151467.39,149824.05,149824.05,18.959988,10.3434105,8.540186,8.540151
1.7974057e+25,0.9376568,0.7196109,310000.0,151467.4,149824.05,149824.06,18.959988,10.343649,8.540185,8.54015
1.7974057e+25,0.9366904,0.72284317,310000.0,151467.4,149824.05,149824.06,18.959988,10.343651,8.540185,8.54015
1.7974057e+25,0.94149435,0.7199946,310000.0,151467.39,149824.03,149824.03,18.959988,10.343619,8.540186,8.54015
1.7974057e+25,0.94616675,0.71665657,310000.0,151467.39,149824.06,149824.05,18.959988,10.343389,8.540186,8.54015
1.7974057e+25,0.9437986,0.6878006,310000.0,151467.38,149824.05,149824.06,18.959988,10.343363,8.540185,8.540151
1.7974057e+25,0.9346128,0.7001279,310000.0,151467.38,149824.05,149824.06,18.959988,10.343461,8.540185,8.540151
1.7974057e+25,0.93570733,0.69848484,310000.0,151467.34,149824.05,149824.06,18.959988,10.343273,8.540185,8.54015
1.7974057e+25,0.941766,0.7132431,310000.0,151467.36,149824.05,149824.06,18.959988,10.343123,8.540186,8.540151
1.7974057e+25,0.944068,0.6822794,310000.0,151467.34,149824.05,149824.05,18.959988,10.343186,8.540186,8.540151
1.7974057e+25,0.9459817,0.72356254,310000.0,151467.39,149824.06,149824.06,18.959988,10.343362,8.540186,8.540151
1.7974057e+25,0.9404228,0.6930983,310000.0,151467.4,149824.05,149824.08,18.959988,10.343677,8.540185,8.540152
1.7974057e+25,0.94185674,0.698196,310000.0,151467.38,149824.08,149824.06,18.959988,10.343146,8.540187,8.54015
1.7974057e+25,0.9472762,0.7163796,310000.0,151467.44,149824.06,149824.06,18.959988,10.343506,8.540186,8.540151
1.7974057e+25,0.9529464,0.7064977,310000.0,151467.45,149824.05,149824.05,18.959988,10.343885,8.540186,8.54015
1.7974057e+25,0.93331486,0.71609926,310000.0,151467.39,149824.05,149824.05,18.959988,10.343555,8.540187,8.54015
1.7974057e+25,0.9405303,0.7195878,310000.0,151467.39,149824.06,149824.06,18.959988,10.343349,8.540186,8.540151
1.7974057e+25,0.93357897,0.7100392,310000.0,151467.4,149824.05,149824.05,18.959988,10.343367,8.540186,8.54015
1.7974057e+25,0.93939334,0.7222821,310000.0,151467.38,149824.06,149824.03,18.959988,10.343252,8.540186,8.540151
1.7974057e+25,0.92482287,0.7120773,310000.0,151467.39,149824.06,149824.05,18.959988,10.343526,8.540186,8.54015
1.7974057e+25,0.9204727,0.6914206,310000.0,151467.33,149824.06,149824.05,18.959988,10.343313,8.540185,8.540151
1.7974057e+25,0.9322552,0.71296555,310000.0,151467.36,149824.06,149824.03,18.959988,10.343176,8.540186,8.54015
1.7974057e+25,0.91702753,0.7069344,310000.0,151467.34,149824.06,149824.05,18.959988,10.343191,8.540186,8.54015
1.7974057e+25,0.9297398,0.70300764,310000.0,151467.34,149824.05,149824.05,18.959988,10.343292,8.540186,8.540151
1.7974057e+25,0.9223076,0.69438386,310000.0,151467.4,149824.05,149824.05,18.959988,10.343626,8.540185,8.540151
1.7974057e+25,0.93682855,0.69197685,310000.0,151467.38,149824.06,149824.05,18.959988,10.3433275,8.540185,8.54015
1.7974057e+25,0.9261377,0.7097494,310000.0,151467.33,149824.05,149824.06,18.959988,10.343135,8.540186,8.54015
1.7974057e+25,0.9366644,0.7273883,310000.0,151467.4,149824.05,149824.03,18.959988,10.343567,8.540186,8.54015
1.7974057e+25,0.9490642,0.71776146,310000.0,151467.38,149824.05,149824.06,18.959988,10.343347,8.540186,8.540151
1.7974057e+25,0.9355895,0.68128055,310000.0,151467.42,149824.05,149824.06,18.959988,10.343633,8.540186,8.54015
1.7974057e+25,0.9404267,0.7195705,310000.0,151467.36,149824.06,149824.06,18.959988,10.343604,8.540186,8.540151
1.7974057e+25,0.93887526,0.7281938,310000.0,151467.4,149824.06,149824.03,18.959988,10.343508,8.540186,8.54015
1.7974057e+25,0.9108435,0.68076515,310000.0,151467.39,149824.05,149824.05,18.959988,10.343618,8.540185,8.54015
1.7974057e+25,0.9209317,0.7015602,310000.0,151467.39,149824.06,149824.05,18.959988,10.343192,8.540186,8.540151
1.7974057e+25,0.930319,0.676584,310000.0,151467.4,149824.06,149824.03,18.959988,10.3435,8.540184,8.54015
1.7974057e+25,0.92373735,0.6808203,310000.0,151467.36,149824.05,149824.05,18.959988,10.34365,8.540184,8.54015
1.7974057e+25,0.94201714,0.6829765,310000.0,151467.38,149824.06,149824.06,18.959988,10.3434725,8.540184,8.54015
1.7974057e+25,0.9311117,0.6887688,310000.0,151467.38,149824.05,149824.08,18.959988,10.343317,8.540184,8.54015
1.7974057e+25,0.9393364,0.6849547,310000.0,151467.38,149824.06,149824.06,18.959988,10.343346,8.540185,8.54015
1.7974057e+25,0.9373999,0.68920285,310000.0,151467.38,149824.05,149824.05,18.959988,10.343469,8.540185,8.54015
1.7974057e+25,0.92288375,0.7020484,310000.0,151467.34,149824.05,149824.05,18.959988,10.343329,8.540185,8.540149
1.7974057e+25,0.9060213,0.83446795,310000.0,151467.39,149824.05,149824.08,18.959988,10.343184,8.540181,8.54015
1.7974057e+25,0.9087617,0.73709047,310000.0,151467.38,149824.05,149824.05,18.959988,10.343104,8.540184,8.540151
1.7974057e+25,0.9106032,0.70473725,310000.0,151467.38,149824.05,149824.05,18.959988,10.343475,8.540184,8.54015
1.7974057e+25,0.9090259,0.69039816,310000.0,151467.38,149824.06,149824.03,18.959988,10.343536,8.540185,8.54015
1.7974057e+25,0.94539756,0.7044826,310000.0,151467.39,149824.03,149824.06,18.959988,10.343358,8.540185,8.54015
1.7974057e+25,0.93312544,0.71580386,310000.0,151467.38,149824.06,149824.05,18.959988,10.343496,8.540186,8.54015
1.7974057e+25,0.93269867,0.7064017,310000.0,151467.38,149824.08,149824.06,18.959988,10.343263,8.540185,8.540151
1.7974057e+25,0.9436075,0.7159794,310000.0,151467.36,149824.05,149824.05,18.959988,10.3432865,8.540186,8.54015
1.7974057e+25,0.9347562,0.73072845,310000.0,151467.39,149824.03,149824.05,18.959988,10.343368,8.540185,8.540151
1.7974057e+25,0.9148182,0.67565316,310000.0,151467.4,149824.05,149824.06,18.959988,10.343731,8.540185,8.540151
1.7974057e+25,0.92673296,0.7056794,310000.0,151467.38,149824.05,149824.06,18.959988,10.343385,8.540186,8.540151
1.7974057e+25,0.93897665,0.7134287,310000.0,151467.39,149824.06,149824.08,18.959988,10.343384,8.540186,8.540151
1.7974057e+25,0.94545615,0.69918895,310000.0,151467.42,149824.05,149824.08,18.959988,10.34342,8.540186,8.540151
1.7974057e+25,0.9267223,0.68912876,310000.0,151467.36,149824.05,149824.06,18.959988,10.343053,8.540185,8.540151
1.7974057e+25,0.92978436,0.71386313,310000.0,151467.33,149824.05,149824.05,18.959988,10.342986,8.540186,8.54015
1.7974057e+25,0.9324808,0.7105456,310000.0,151467.42,149824.06,149824.08,18.959988,10.343508,8.540186,8.540151
1.7974057e+25,0.9326256,0.71576995,310000.0,151467.39,149824.05,149824.08,18.959988,10.343137,8.540185,8.540151
1.7974057e+25,0.935573,0.72318476,310000.0,151467.34,149824.03,149824.03,18.959988,10.343135,8.540186,8.540149
1.7974057e+25,0.92575735,0.6788487,310000.0,151467.31,149824.06,149824.06,18.959988,10.342944,8.540184,8.540152
1.7974057e+25,0.92834985,0.68915033,310000.0,151467.39,149824.06,149824.05,18.959988,10.343566,8.540185,8.54015
1.7974057e+25,0.92319393,0.6973278,310000.0,151467.33,149824.03,149824.06,18.959988,10.343341,8.540185,8.540151
1.7974057e+25,0.92777824,0.70528114,310000.0,151467.4,149824.06,149824.05,18.959988,10.343643,8.540186,8.54015
1.7974057e+25,0.9221734,0.70159197,310000.0,151467.36,149824.03,149824.05,18.959988,10.343563,8.540185,8.54015
1.7974057e+25,0.9379361,0.7086598,310000.0,151467.38,149824.05,149824.06,18.959988,10.343372,8.540186,8.540151
1.7974057e+25,0.92989594,0.67850655,310000.0,151467.39,149824.05,149824.06,18.959988,10.343282,8.540185,8.540151
1.7974057e+25,0.93626016,0.7021584,310000.0,151467.36,149824.03,149824.03,18.959988,10.343756,8.540186,8.54015
1.7974057e+25,0.9445561,0.71512854,310000.0,151467.36,149824.05,149824.03,18.959988,10.343387,8.540186,8.54015
1.7974057e+25,0.9365626,0.69613343,310000.0,151467.36,149824.06,149824.06,18.959988,10.343549,8.540185,8.54015
1.7974057e+25,0.93218607,0.69615674,310000.0,151467.31,149824.06,149824.06,18.959988,10.343272,8.540185,8.54015
1.7974057e+25,0.9311003,0.726878,310000.0,151467.38,149824.06,149824.03,18.959988,10.343405,8.540186,8.540146
1.7974057e+25,0.93974125,0.7207947,310000.0,151467.38,149824.05,149824.03,18.959988,10.343424,8.540186,8.540148
1.7974057e+25,0.9345737,0.7026684,310000.0,151467.38,149824.06,149824.05,18.959988,10.343392,8.540185,8.540147
1.7974057e+25,0.93056554,0.6971071,310000.0,151467.44,149824.05,149824.05,18.959988,10.343643,8.540186,8.540147
1.7974057e+25,0.9290049,0.7186602,310000.0,151467.38,149824.05,149824.05,18.959988,10.343236,8.540185,8.540148
1.7974057e+25,0.9290731,0.71322757,310000.0,151467.4,149824.06,149824.05,18.959988,10.343506,8.540185,8.540147
1.7974057e+25,0.92112017,0.70405614,310000.0,151467.34,149824.06,149824.05,18.959988,10.343616,8.540186,8.540147
1.7974057e+25,0.9202529,0.70857716,310000.0,151467.4,149824.05,149824.05,18.959988,10.343677,8.540185,8.540147
1.7974057e+25,0.93600756,0.71941537,310000.0,151467.34,149824.05,149824.06,18.959988,10.3433,8.540186,8.540148
1.7974057e+25,0.93672985,0.725732,310000.0,151467.36,149824.05,149824.03,18.959988,10.343286,8.540186,8.540147
1.7974057e+25,0.9347689,0.72924495,310000.0,151467.36,149824.05,149824.05,18.959988,10.343506,8.540186,8.540147
1.7974057e+25,0.9126129,0.7337649,310000.0,151467.42,149824.06,149824.08,18.959988,10.343789,8.540183,8.540147
1.7974057e+25,0.9436863,0.722441,310000.0,151467.33,149824.05,149824.05,18.959988,10.343212,8.540186,8.540147
1.7974057e+25,0.9304037,0.70317054,310000.0,151467.4,149824.05,149824.03,18.959988,10.343346,8.540186,8.540147
1.7974057e+25,0.94494647,0.6821571,310000.0,151467.38,149824.06,149824.05,18.959988,10.343494,8.540185,8.540148
1.7974057e+25,0.9381662,0.72195333,310000.0,151467.4,149824.06,149824.03,18.959988,10.343557,8.540186,8.540147
1.7974057e+25,0.94723904,0.71005857,310000.0,151467.36,149824.06,149824.05,18.959988,10.34324,8.540186,8.540146
1.7974057e+25,0.9491565,0.7329413,310000.0,151467.38,149824.05,149824.03,18.959988,10.343312,8.540186,8.540147
1.7974057e+25,0.92868245,0.6961451,310000.0,151467.44,149824.05,149824.08,18.959988,10.343775,8.540185,8.540147
1.7974057e+25,0.93254375,0.7084306,310000.0,151467.36,149824.06,149824.05,18.959988,10.343219,8.540186,8.540147
1.7974057e+25,0.94615513,0.7140043,310000.0,151467.4,149824.08,149824.05,18.959988,10.343689,8.540186,8.540146
1.7974057e+25,0.93665683,0.730721,310000.0,151467.4,149824.03,149824.03,18.959988,10.34341,8.540186,8.540147
1.7974057e+25,0.9302997,0.7100849,310000.0,151467.36,149824.03,149824.03,18.959988,10.343702,8.540186,8.540147
1.7974057e+25,0.9304287,0.6944817,310000.0,151467.34,149824.06,149824.02,18.959988,10.343173,8.540185,8.540147
1.7974057e+25,0.93060607,0.71475315,310000.0,151467.3,149824.06,149824.06,18.959988,10.343279,8.540186,8.540147
1.7974057e+25,0.9342741,0.7124834,310000.0,151467.38,149824.03,149824.05,18.959988,10.343375,8.540185,8.540147
1.7974057e+25,0.94244957,0.72889626,310000.0,151467.36,149824.03,149824.05,18.959988,10.342984,8.540186,8.540148
1.7974057e+25,0.927525,0.69028276,310000.0,151467.38,149824.06,149824.05,18.959988,10.3432665,8.540185,8.540148
1.7974057e+25,0.93244565,0.71997124,310000.0,151467.36,149824.05,149824.08,18.959988,10.343433,8.540186,8.540147
1.7974057e+25,0.93185127,0.72251326,310000.0,151467.36,149824.05,149824.06,18.959988,10.343466,8.540186,8.540147
1.7974057e+25,0.9349998,0.68939406,310000.0,151467.4,149824.06,149824.06,18.959988,10.343573,8.540185,8.540148
1.7974057e+25,0.9334728,0.7201628,310000.0,151467.34,149824.05,149824.05,18.959988,10.343241,8.540186,8.540147
1.7974057e+25,0.94237906,0.7222507,310000.0,151467.39,149824.05,149824.08,18.959988,10.343053,8.540185,8.540148
1.7974057e+25,0.9392134,0.7097142,310000.0,151467.39,149824.06,149824.05,18.959988,10.343407,8.540186,8.540147
1.7974057e+25,0.9420665,0.7017369,310000.0,151467.38,149824.06,149824.06,18.959988,10.343204,8.540186,8.540148
1.7974057e+25,0.9191579,0.7156563,310000.0,151467.36,149824.06,149824.03,18.959988,10.343531,8.540186,8.540148
1.7974057e+25,0.9338306,0.7247183,310000.0,151467.44,149824.05,149824.06,18.959988,10.343839,8.540186,8.540146
1.7974057e+25,0.9435282,0.7240018,310000.0,151467.34,149824.05,149824.06,18.959988,10.343156,8.540186,8.540148
1.7974057e+25,0.9407578,0.70593023,310000.0,151467.34,149824.06,149824.05,18.959988,10.343142,8.540186,8.540147
1.7974057e+25,0.9197479,0.7988942,310000.0,151467.39,149824.05,149824.08,18.959988,10.343533,8.540182,8.540147
1.7974057e+25,0.92591804,0.72769403,310000.0,151467.4,149824.06,149824.06,18.959988,10.343336,8.540186,8.540146
1.7974057e+25,0.9525411,0.733509,310000.0,151467.36,149824.05,149824.06,18.959988,10.343402,8.540185,8.540147
1.7974057e+25,0.9418466,0.71045834,310000.0,151467.39,149824.08,149824.05,18.959988,10.343241,8.540186,8.540147
1.7974057e+25,0.9413868,0.7654657,310000.0,151467.44,149824.06,149824.08,18.959988,10.343558,8.540183,8.540148
1.7974057e+25,0.9264236,0.7205351,310000.0,151467.39,149824.05,149824.06,18.959988,10.343403,8.540186,8.540148
1.7974057e+25,0.9487843,0.7152724,310000.0,151467.39,149824.05,149824.05,18.959988,10.343238,8.540186,8.540146
1.7974057e+25,0.94279087,0.69003636,310000.0,151467.39,149824.06,149824.03,18.959988,10.343424,8.540186,8.540147
1.7974057e+25,0.94558847,0.72378457,310000.0,151467.4,149824.06,149824.06,18.959988,10.343655,8.540186,8.540147
1.7974057e+25,0.9331329,0.71898395,310000.0,151467.34,149824.05,149824.06,18.959988,10.343604,8.540185,8.540146
1.7974057e+25,0.92884105,0.6932673,310000.0,151467.4,149824.06,149824.05,18.959988,10.34328,8.540185,8.540146
1.7974057e+25,0.92834777,0.68792945,310000.0,151467.4,149824.05,149824.06,18.959988,10.343688,8.540184,8.540147
1.7974057e+25,0.93733203,0.7316017,310000.0,151467.38,149824.06,149824.03,18.959988,10.343212,8.540186,8.540146
1.7974057e+25,0.9415224,0.7206796,310000.0,151467.34,149824.05,149824.06,18.959988,10.3433695,8.540186,8.540146
1.7974057e+25,0.9349727,0.7327583,310000.0,151467.33,149824.05,149824.05,18.959988,10.343079,8.540186,8.540147
1.7974057e+25,0.9501745,0.7201417,310000.0,151467.4,149824.03,149824.06,18.959988,10.343327,8.540187,8.540147
1.7974057e+25,0.94839346,0.7356513,310000.0,151467.38,149824.05,149824.05,18.959988,10.343134,8.540186,8.540147
1.7974057e+25,0.94404966,0.7030037,310000.0,151467.44,149824.06,149824.08,18.959988,10.343787,8.540186,8.540147
1.7974057e+25,0.9339302,0.7175497,310000.0,151467.38,149824.06,149824.03,18.959988,10.343638,8.540186,8.540147
1.7974057e+25,0.92145854,0.6954924,310000.0,151467.44,149824.03,149824.05,18.959988,10.343453,8.540184,8.540147
1.7974057e+25,0.9213882,0.73832655,310000.0,151467.44,149824.05,149824.05,18.959988,10.343688,8.540183,8.540148
1.7974057e+25,0.9347413,0.72105783,310000.0,151467.4,149824.06,149824.05,18.959988,10.343575,8.540186,8.540148
1.7974057e+25,0.936028,0.72094065,310000.0,151467.38,149824.05,149824.05,18.959988,10.34336,8.540186,8.540147
1.7974057e+25,0.93624544,0.6831739,310000.0,151467.4,149824.08,149824.06,18.959988,10.343424,8.540185,8.540147
1.7974057e+25,0.9405731,0.7078899,310000.0,151467.42,149824.05,149824.03,18.959988,10.343429,8.540186,8.540147
1.7974057e+25,0.9372354,0.73357487,310000.0,151467.39,149824.03,149824.06,18.959988,10.3433695,8.540186,8.540148
1.7974057e+25,0.9483058,0.72036284,310000.0,151467.36,149824.05,149824.06,18.959988,10.343477,8.540186,8.540147
1.7974057e+25,0.93840057,0.71503025,310000.0,151467.3,149824.06,149824.05,18.959988,10.343035,8.540186,8.540147
1.7974057e+25,0.9541162,0.7121957,310000.0,151467.39,149824.06,149824.06,18.959988,10.343246,8.540186,8.540148
1.7974057e+25,0.9341726,0.72741663,310000.0,151467.39,149824.06,149824.02,18.959988,10.343828,8.540185,8.540146
1.7974057e+25,0.93117857,0.68364984,310000.0,151467.38,149824.08,149824.08,18.959988,10.34358,8.540186,8.540147
1.7974057e+25,0.9249064,0.70106983,310000.0,151467.42,149824.05,149824.05,18.959988,10.343748,8.540184,8.540147
1.7974057e+25,0.9419797,0.71560407,310000.0,151467.36,149824.05,149824.06,18.959988,10.343131,8.540186,8.540147
1.7974057e+25,0.9417307,0.72805446,310000.0,151467.39,149824.03,149824.06,18.959988,10.343372,8.540186,8.540147
1.7974057e+25,0.93097126,0.69971013,310000.0,151467.4,149824.08,149824.05,18.959988,10.343428,8.540186,8.540147
1.7974057e+25,0.9433974,0.7231459,310000.0,151467.42,149824.05,149824.03,18.959988,10.343531,8.540186,8.540146
1.7974057e+25,0.94819844,0.72252303,310000.0,151467.39,149824.05,149824.06,18.959988,10.343561,8.540186,8.540147
1.7974057e+25,0.94114935,0.7250012,310000.0,151467.38,149824.05,149824.08,18.959988,10.343101,8.540186,8.540147
1.7974057e+25,0.9374975,0.7074307,310000.0,151467.38,149824.03,149824.05,18.959988,10.34336,8.540186,8.540147
1.7974057e+25,0.9350041,0.70991427,310000.0,151467.38,149824.05,149824.08,18.959988,10.34315,8.540186,8.540147
1.7974057e+25,0.94242805,0.7038512,310000.0,151467.36,149824.05,149824.05,18.959988,10.343127,8.540186,8.540147
1.7974057e+25,0.94714,0.7083629,310000.0,151467.33,149824.06,149824.05,18.959988,10.34323,8.540186,8.540147
1.7974057e+25,0.90142053,0.692678,310000.0,151467.39,149824.06,149824.06,18.959988,10.343455,8.540186,8.540148
1.7974057e+25,0.9459831,0.72970635,310000.0,151467.33,149824.03,149824.06,18.959988,10.343235,8.540186,8.540147
1.7974057e+25,0.9387734,0.7169516,310000.0,151467.34,149824.05,149824.03,18.959988,10.343197,8.540185,8.540148
4.2492194,0.0033176895,0.0010005328,70000.0,151467.44,149824.05,149824.08,0.019309817,10.343647,8.540184,8.54015
4.2492194,0.0033308663,0.0009476113,70000.0,151467.39,149824.05,149824.08,0.019309817,10.343429,8.540185,8.54015
4.2492194,0.0029832763,0.0058244336,70000.0,151467.42,149824.05,149824.06,0.019309817,10.343574,8.540176,8.540151
4.2492194,0.0033658314,0.0009141682,70000.0,151467.39,149824.06,149824.05,0.019309817,10.343447,8.540184,8.54015
4.2492194,0.0033734522,0.0030795604,70000.0,151467.39,149824.02,149824.06,0.019309817,10.343668,8.540179,8.54015
4.2492194,0.0032382328,0.0010084077,70000.0,151467.42,149824.05,149824.05,0.019309817,10.343575,8.540184,8.54015
4.2492194,0.0034520999,0.004189627,70000.0,151467.34,149824.05,149824.08,0.019309817,10.343221,8.540179,8.540151
4.2492194,0.0034181727,0.0032479286,70000.0,151467.38,149824.05,149824.03,0.019309817,10.343317,8.540179,8.54015
4.2492194,0.0035538294,0.00096351356,70000.0,151467.39,149824.05,149824.05,0.019309817,10.343409,8.540185,8.540151
4.2492194,0.0033456741,0.0018333977,70000.0,151467.31,149824.05,149824.05,0.019309817,10.343109,8.540182,8.540149
4.2492194,0.0036718193,0.0037499159,70000.0,151467.44,149824.05,149824.05,0.019309817,10.3434725,8.54018,8.54015
4.2492194,0.0038615875,0.009117024,70000.0,151467.4,149824.03,149824.05,0.019309817,10.343573,8.5401745,8.54015
4.2492194,0.003518758,0.0012264744,70000.0,151467.45,149824.03,149824.06,0.019309817,10.343594,8.540183,8.540149
4.2492194,0.0033234768,0.0018215032,70000.0,151467.39,149824.06,149824.08,0.019309817,10.34361,8.540182,8.54015
4.2492194,0.003599179,0.0045152376,70000.0,151467.31,149824.05,149824.06,0.019309817,10.342907,8.540178,8.540149
4.2492194,0.0030440816,0.0019450815,70000.0,151467.39,149824.06,149824.05,0.019309817,10.343526,8.540181,8.54015
4.2492194,0.0036000253,0.0016451837,70000.0,151467.36,149824.02,149824.05,0.019309817,10.343146,8.540182,8.54015
4.2492194,0.003785527,0.003704507,70000.0,151467.33,149824.05,149824.08,0.019309817,10.343089,8.540178,8.540149
4.2492194,0.0035835686,0.0044695633,70000.0,151467.4,149824.05,149824.05,0.019309817,10.343357,8.540177,8.54015
4.2492194,0.0033404708,0.0029013625,70000.0,151467.4,149824.05,149824.05,0.019309817,10.343198,8.54018,8.54015
4.2492194,0.0033104753,0.002579383,70000.0,151467.38,149824.03,149824.06,0.019309817,10.342962,8.540181,8.540151
4.2492194,0.0034018445,0.0009707357,70000.0,151467.38,149824.05,149824.05,0.019309817,10.343464,8.540184,8.54015
4.2492194,0.003635347,0.0013538068,70000.0,151467.36,149824.05,149824.05,0.019309817,10.34341,8.540183,8.540148
4.2492194,0.0034621863,0.002073812,70000.0,151467.42,149824.05,149824.06,0.019309817,10.343473,8.540183,8.54015
4.2492194,0.0033900514,0.0045956043,70000.0,151467.33,149824.05,149824.06,0.019309817,10.34317,8.540177,8.54015
4.2492194,0.0035639287,0.0010126055,70000.0,151467.42,149824.06,149824.06,0.019309817,10.3435,8.540186,8.540149
4.2492194,0.0036020991,0.00242491,70000.0,151467.42,149824.05,149824.05,0.019309817,10.343698,8.540181,8.540149
4.2492194,0.0034201795,0.0011050997,70000.0,151467.39,149824.05,149824.06,0.019309817,10.343576,8.540184,8.540151
4.2492194,0.0034235462,0.0012315799,70000.0,151467.36,149824.03,149824.05,0.019309817,10.34325,8.540183,8.54015
4.2492194,0.0035270092,0.0050459704,70000.0,151467.36,149824.06,149824.05,0.019309817,10.343531,8.540177,8.540149
4.2492194,0.0036477142,0.0031815937,70000.0,151467.38,149824.05,149824.05,0.019309817,10.343501,8.540179,8.54015
4.2492194,0.003548585,0.0069867596,70000.0,151467.4,149824.06,149824.05,0.019309817,10.343369,8.540175,8.54015
4.2492194,0.0035024695,0.0021643096,70000.0,151467.42,149824.03,149824.08,0.019309817,10.343417,8.540182,8.54015
4.2492194,0.0036578712,0.0037179864,70000.0,151467.4,149824.06,149824.05,0.019309817,10.343629,8.540178,8.540149
4.2492194,0.0035874774,0.002863564,70000.0,151467.44,149824.03,149824.05,0.019309817,10.3436,8.540181,8.540151
4.2492194,0.003307685,0.003464875,70000.0,151467.33,149824.08,149824.06,0.019309817,10.3434925,8.54018,8.54015
4.2492194,0.0033911741,0.0009921999,70000.0,151467.4,149824.06,149824.05,0.019309817,10.34359,8.540185,8.540151
4.2492194,0.003984316,0.0016819804,70000.0,151467.42,149824.05,149824.06,0.019309817,10.343461,8.540182,8.540151
4.2492194,0.0040109986,0.0010951809,70000.0,151467.4,149824.06,149824.05,0.019309817,10.343435,8.540184,8.54015
4.2492194,0.004034577,0.0047797575,70000.0,151467.34,149824.05,149824.05,0.019309817,10.343171,8.540178,8.54015
4.2492194,0.0032422666,0.006116255,70000.0,151467.38,149824.03,149824.06,0.019309817,10.343354,8.540176,8.54015
4.2492194,0.0036285874,0.0010169483,70000.0,151467.34,149824.08,149824.08,0.019309817,10.343136,8.540184,8.54015
4.2492194,0.002993605,0.003770327,70000.0,151467.4,149824.05,149824.06,0.019309817,10.343406,8.540178,8.540151
4.2492194,0.0034104371,0.004468946,70000.0,151467.39,149824.05,149824.05,0.019309817,10.343394,8.540178,8.540149
4.2492194,0.003006334,0.0009695731,70000.0,151467.36,149824.03,149824.08,0.019309817,10.343391,8.540183,8.54015
4.2492194,0.0029049208,0.000952984,70000.0,151467.38,149824.03,149824.05,0.019309817,10.343805,8.540184,8.540149
4.2492194,0.0033365851,0.0035856897,70000.0,151467.39,149824.06,149824.06,0.019309817,10.343139,8.540181,8.540149
4.2492194,0.0033449575,0.002769623,70000.0,151467.38,149824.05,149824.05,0.019309817,10.343257,8.54018,8.540148
4.2492194,0.0037274063,0.003295247,70000.0,151467.36,149824.06,149824.06,0.019309817,10.343133,8.540179,8.540149
4.2492194,0.0035509868,0.0020060916,70000.0,151467.39,149824.05,149824.06,0.019309817,10.343571,8.540181,8.540151
4.2492194,0.0037284761,0.00099613,70000.0,151467.38,149824.05,149824.05,0.019309817,10.342933,8.540184,8.540149
4.2492194,0.0033301618,0.0017395577,70000.0,151467.44,149824.06,149824.05,0.019309817,10.343446,8.540182,8.540149
4.2492194,0.0032516068,0.0009426602,70000.0,151467.42,149824.06,149824.05,0.019309817,10.343409,8.540184,8.540149
4.2492194,0.0037034207,0.002433845,70000.0,151467.36,149824.06,149824.08,0.019309817,10.34304,8.540182,8.54015
4.2492194,0.0033151277,0.0016544376,70000.0,151467.38,149824.03,149824.06,0.019309817,10.343183,8.540183,8.54015
4.2492194,0.0034271094,0.0019493687,70000.0,151467.38,149824.05,149824.06,0.019309817,10.343561,8.540182,8.540148
4.2492194,0.0031872834,0.0027815013,70000.0,151467.42,149824.03,149824.06,0.019309817,10.343497,8.54018,8.540151
4.2492194,0.004045151,0.0009816925,70000.0,151467.4,149824.03,149824.06,0.019309817,10.343433,8.540185,8.540151
4.2492194,0.0038284452,0.0044927336,70000.0,151467.42,149824.05,149824.05,0.019309817,10.343479,8.540178,8.540149
4.2492194,0.0035756994,0.0010476705,70000.0,151467.34,149824.05,149824.06,0.019309817,10.343355,8.540184,8.54015
4.2492194,0.0032580607,0.0038753697,70000.0,151467.39,149824.06,149824.06,0.019309817,10.343534,8.54018,8.540151
4.2492194,0.0034720253,0.00094427797,70000.0,151467.36,149824.05,149824.05,0.019309817,10.343515,8.540184,8.54015
4.2492194,0.0034982024,0.0010954876,70000.0,151467.4,149824.03,149824.06,0.019309817,10.343544,8.540185,8.54015
4.2492194,0.003960647,0.0034036315,70000.0,151467.39,149824.05,149824.06,0.019309817,10.343292,8.540181,8.540151
4.2492194,0.0034850952,0.0037940294,70000.0,151467.39,149824.05,149824.06,0.019309817,10.343364,8.540178,8.540151
4.2492194,0.0034471583,0.0009507949,70000.0,151467.45,149824.05,149824.06,0.019309817,10.343916,8.540185,8.540149
4.2492194,0.003644618,0.000869314,70000.0,151467.34,149824.05,149824.06,0.019309817,10.3431225,8.540185,8.54015
4.2492194,0.0038052963,0.0017447573,70000.0,151467.31,149824.03,149824.03,0.019309817,10.343505,8.540181,8.54015
4.2492194,0.0032578434,0.0026633684,70000.0,151467.36,149824.05,149824.06,0.019309817,10.343413,8.54018,8.540149
4.2492194,0.003205564,0.002383125,70000.0,151467.38,149824.05,149824.06,0.019309817,10.343505,8.540182,8.54015
4.2492194,0.0032823526,0.0049540503,70000.0,151467.42,149824.05,149824.05,0.019309817,10.343504,8.540178,8.54015
4.2492194,0.0034860391,0.0028313508,70000.0,151467.39,149824.05,149824.05,0.019309817,10.343242,8.54018,8.540149
4.2492194,0.0034796766,0.0016165331,70000.0,151467.36,149824.06,149824.05,0.019309817,10.343356,8.540182,8.540149
4.2492194,0.004080033,0.005225288,70000.0,151467.36,149824.05,149824.06,0.019309817,10.342916,8.540176,8.54015
4.2492194,0.0031444724,0.004591323,70000.0,151467.4,149824.03,149824.05,0.019309817,10.343465,8.540177,8.540149
4.2492194,0.0027343708,0.004872532,70000.0,151467.31,149824.03,149824.05,0.019309817,10.343013,8.540176,8.540149
4.2492194,0.0032362074,0.0030227373,70000.0,151467.31,149824.05,149824.05,0.019309817,10.343245,8.540181,8.54015
4.2492194,0.0031167557,0.0065193875,70000.0,151467.39,149824.05,149824.06,0.019309817,10.343436,8.540176,8.540151
4.2492194,0.002992225,0.004934989,70000.0,151467.31,149824.03,149824.06,0.019309817,10.343373,8.540177,8.540149
4.2492194,0.0030880603,0.004021825,70000.0,151467.34,149824.06,149824.06,0.019309817,10.343214,8.540179,8.54015
4.2492194,0.0034720008,0.0076516233,70000.0,151467.34,149824.05,149824.06,0.019309817,10.343005,8.5401745,8.540149
4.2492194,0.0036019695,0.004146023,70000.0,151467.34,149824.05,149824.05,0.019309817,10.343214,8.540179,8.54015
4.2492194,0.0036358547,0.0052239,70000.0,151467.38,149824.03,149824.05,0.019309817,10.343414,8.540176,8.54015
4.2492194,0.0038441129,0.0010480174,70000.0,151467.38,149824.05,149824.08,0.019309817,10.34348,8.540185,8.54015
4.2492194,0.0032659401,0.005092812,70000.0,151467.33,149824.05,149824.06,0.019309817,10.342951,8.540178,8.540151
4.2492194,0.003376837,0.0023635968,70000.0,151467.39,149824.05,149824.06,0.019309817,10.343179,8.540182,8.540149
4.2492194,0.0032104014,0.0022183738,70000.0,151467.36,149824.05,149824.03,0.019309817,10.343296,8.540181,8.540151
4.2492194,0.0034504274,0.0015431948,70000.0,151467.39,149824.05,149824.06,0.019309817,10.343303,8.540182,8.54015
4.2492194,0.0034707647,0.003054689,70000.0,151467.45,149824.05,149824.05,0.019309817,10.344042,8.54018,8.540149
4.2492194,0.0034124926,0.0013988736,70000.0,151467.34,149824.06,149824.03,0.019309817,10.343011,8.540182,8.54015
4.2492194,0.0036905855,0.0050013205,70000.0,151467.38,149824.06,149824.05,0.019309817,10.343314,8.540178,8.54015
4.2492194,0.003780317,0.00375865,70000.0,151467.4,149824.02,149824.06,0.019309817,10.343572,8.540179,8.540151
4.2492194,0.0037008896,0.0010945024,70000.0,151467.36,149824.03,149824.06,0.019309817,10.343651,8.540184,8.54015
4.2492194,0.004066526,0.0010703979,70000.0,151467.4,149824.03,149824.05,0.019309817,10.343699,8.540183,8.54015
4.2492194,0.003655765,0.0021828704,70000.0,151467.34,149824.06,149824.05,0.019309817,10.343081,8.540182,8.540151
4.2492194,0.0035436186,0.0009826466,70000.0,151467.39,149824.03,149824.05,0.019309817,10.343409,8.540184,8.540149
4.2492194,0.003321342,0.001917402,70000.0,151467.34,149824.06,149824.06,0.019309817,10.343339,8.540183,8.54015
4.2492194,0.0035580718,0.0017510017,70000.0,151467.38,149824.06,149824.05,0.019309817,10.343315,8.540182,8.54015
4.2492194,0.0039061266,0.0010900167,70000.0,151467.34,149824.05,149824.06,0.019309817,10.343496,8.540185,8.540149
4.2492194,0.004356643,0.002436654,70000.0,151467.4,149824.05,149824.08,0.019309817,10.34337,8.540181,8.540151
4.2492194,0.0038299714,0.0059685195,70000.0,151467.39,149824.05,149824.05,0.019309817,10.343559,8.540176,8.540149
4.2492194,0.0032438862,0.002517131,70000.0,151467.38,149824.06,149824.05,0.019309817,10.343453,8.540181,8.54015
4.2492194,0.0034658015,0.0015496195,70000.0,151467.44,149824.03,149824.06,0.019309817,10.343858,8.540183,8.540149
4.2492194,0.002900129,0.004511986,70000.0,151467.39,149824.06,149824.06,0.019309817,10.343467,8.540178,8.540151
4.2492194,0.0036020163,0.0010877892,70000.0,151467.39,149824.06,149824.06,0.019309817,10.343366,8.540185,8.54015
4.2492194,0.0036787186,0.0014097893,70000.0,151467.4,149824.05,149824.05,0.019309817,10.343708,8.540183,8.54015
4.2492194,0.0035616513,0.0011557323,70000.0,151467.3,149824.06,149824.05,0.019309817,10.34316,8.540184,8.54015
4.2492194,0.0036571042,0.004486117,70000.0,151467.39,149824.05,149824.05,0.019309817,10.343437,8.540178,8.54015
4.2492194,0.0036875939,0.0059657297,70000.0,151467.42,149824.06,149824.06,0.019309817,10.343522,8.540176,8.54015
4.2492194,0.0034681004,0.0013239568,70000.0,151467.38,149824.05,149824.05,0.019309817,10.34322,8.540183,8.54015
4.2492194,0.004044174,0.0009948141,70000.0,151467.38,149824.05,149824.06,0.019309817,10.34328,8.540185,8.54015
4.2492194,0.0041377074,0.0015675344,70000.0,151467.36,149824.03,149824.05,0.019309817,10.343337,8.540182,8.54015
4.2492194,0.0041211173,0.0016939653,70000.0,151467.39,149824.03,149824.06,0.019309817,10.343172,8.540182,8.54015
4.2492194,0.0040728226,0.001070073,70000.0,151467.38,149824.05,149824.06,0.019309817,10.343106,8.540183,8.540149
4.2492194,0.0037908556,0.0023460716,70000.0,151467.38,149824.05,149824.03,0.019309817,10.34379,8.540182,8.54015
4.2492194,0.0029812278,0.002226833,70000.0,151467.45,149824.08,149824.06,0.019309817,10.343558,8.540182,8.54015
4.2492194,0.0036024186,0.0038493024,70000.0,151467.42,149824.03,149824.05,0.019309817,10.343322,8.54018,8.54015
4.2492194,0.0038145015,0.0010685564,70000.0,151467.31,149824.05,149824.05,0.019309817,10.343343,8.540184,8.540149
4.2492194,0.0034001993,0.0009832587,70000.0,151467.36,149824.05,149824.05,0.019309817,10.343329,8.540184,8.540149
4.2492194,0.00398301,0.0010158127,70000.0,151467.33,149824.05,149824.05,0.019309817,10.343209,8.540186,8.54015
4.2492194,0.0039000672,0.0016410727,70000.0,151467.39,149824.03,149824.08,0.019309817,10.343309,8.540182,8.54015
4.2492194,0.0032633396,0.0022711053,70000.0,151467.4,149824.05,149824.05,0.019309817,10.343637,8.540181,8.54015
4.2492194,0.0037697523,0.0027326602,70000.0,151467.39,149824.06,149824.06,0.019309817,10.343082,8.540182,8.540151
4.2492194,0.003950547,0.0012523877,70000.0,151467.39,149824.05,149824.06,0.019309817,10.343386,8.540184,8.54015
4.2492194,0.003649812,0.0023403289,70000.0,151467.31,149824.03,149824.05,0.019309817,10.343121,8.540181,8.540149
4.2492194,0.0038917498,0.0010770401,70000.0,151467.42,149824.05,149824.06,0.019309817,10.343417,8.540185,8.540149
4.2492194,0.004288914,0.0040864614,70000.0,151467.34,149824.06,149824.05,0.019309817,10.34305,8.540179,8.540151
4.2492194,0.003721573,0.0013030751,70000.0,151467.4,149824.06,149824.05,0.019309817,10.343568,8.540184,8.54015
4.2492194,0.004007199,0.0011254979,70000.0,151467.36,149824.03,149824.05,0.019309817,10.343296,8.540184,8.54015
4.2492194,0.004252264,0.0009815596,70000.0,151467.4,149824.03,149824.05,0.019309817,10.343691,8.540184,8.54015
4.2492194,0.0039273,0.0014279443,70000.0,151467.39,149824.05,149824.08,0.019309817,10.343651,8.540183,8.540151
4.2492194,0.0043348586,0.0016875535,70000.0,151467.38,149824.05,149824.08,0.019309817,10.343477,8.540183,8.54015
4.2492194,0.0037259276,0.0010087941,70000.0,151467.38,149824.05,149824.05,0.019309817,10.343509,8.540184,8.540151
4.2492194,0.0040695947,0.0068026935,70000.0,151467.38,149824.03,149824.05,0.019309817,10.343671,8.540176,8.54015
4.2492194,0.0036619282,0.0075734705,70000.0,151467.39,149824.05,149824.06,0.019309817,10.3433485,8.5401745,8.54015
4.2492194,0.0040811114,0.0018036269,70000.0,151467.36,149824.03,149824.03,0.019309817,10.343164,8.540183,8.54015
4.2492194,0.0034380695,0.0051288744,70000.0,151467.45,149824.06,149824.06,0.019309817,10.343588,8.540177,8.540149
4.2492194,0.0034486395,0.0009623662,70000.0,151467.39,149824.03,149824.06,0.019309817,10.343388,8.540184,8.54015
4.2492194,0.0042418824,0.0010678252,70000.0,151467.4,149824.03,149824.03,0.019309817,10.343582,8.540184,8.540149
4.2492194,0.0035028146,0.0047233426,70000.0,151467.4,149824.06,149824.05,0.019309817,10.343359,8.540177,8.540149
4.2492194,0.0032390766,0.0025327343,70000.0,151467.36,149824.05,149824.06,0.019309817,10.343463,8.540182,8.54015
4.2492194,0.004237641,0.0021037608,70000.0,151467.39,149824.05,149824.05,0.019309817,10.343449,8.540183,8.54015
4.2492194,0.0038497003,0.0067110863,70000.0,151467.45,149824.03,149824.06,0.019309817,10.343873,8.540175,8.54015
4.2492194,0.0036583177,0.0013274311,70000.0,151467.39,149824.05,149824.06,0.019309817,10.343556,8.540184,8.54015
4.2492194,0.0040139398,0.0009949284,70000.0,151467.44,149824.05,149824.05,0.019309817,10.34374,8.540185,8.54015
4.2492194,0.004675684,0.005707675,70000.0,151467.38,149824.02,149824.08,0.019309817,10.343377,8.540176,8.540152
4.2492194,0.003922045,0.0026002112,70000.0,151467.4,149824.05,149824.06,0.019309817,10.34367,8.540181,8.540149
4.2492194,0.0035371385,0.0046323286,70000.0,151467.4,149824.05,149824.06,0.019309817,10.343852,8.540177,8.540151
4.2492194,0.003736275,0.0053648637,70000.0,151467.4,149824.06,149824.06,0.019309817,10.343467,8.540177,8.54015
4.2492194,0.0034297053,0.005305759,70000.0,151467.4,149824.03,149824.06,0.019309817,10.343566,8.540176,8.54015
4.2492194,0.00444414,0.0009612293,70000.0,151467.42,149824.05,149824.05,0.019309817,10.343592,8.540186,8.54015
4.2492194,0.0035540124,0.0010061205,70000.0,151467.38,149824.05,149824.06,0.019309817,10.343322,8.540184,8.54015
4.2492194,0.0038513858,0.0023201443,70000.0,151467.4,149824.06,149824.06,0.019309817,10.343527,8.540181,8.540149
4.2492194,0.004665783,0.004910531,70000.0,151467.39,149824.06,149824.06,0.019309817,10.343309,8.540179,8.54015
4.2492194,0.0036736315,0.0010012977,70000.0,151467.33,149824.05,149824.06,0.019309817,10.343157,8.540184,8.54015
4.2492194,0.004320868,0.0010928651,70000.0,151467.34,149824.05,149824.08,0.019309817,10.343162,8.540184,8.540151
4.2492194,0.0040362556,0.0015095967,70000.0,151467.33,149824.06,149824.06,0.019309817,10.343419,8.540183,8.540151
4.2492194,0.004149638,0.001088417,70000.0,151467.38,149824.06,149824.06,0.019309817,10.3435545,8.540185,8.54015
4.2492194,0.004129927,0.002307983,70000.0,151467.34,149824.06,149824.08,0.019309817,10.343489,8.540182,8.540151
4.2492194,0.0043786755,0.0010490908,70000.0,151467.34,149824.06,149824.06,0.019309817,10.343188,8.540185,8.54015
4.2492194,0.003948203,0.0009820561,70000.0,151467.34,149824.08,149824.06,0.019309817,10.342931,8.540184,8.54015
4.2492194,0.004353102,0.0013590022,70000.0,151467.34,149824.03,149824.05,0.019309817,10.343648,8.540184,8.54015
4.2492194,0.003921099,0.0015556221,70000.0,151467.4,149824.03,149824.05,0.019309817,10.343673,8.540183,8.54015
4.2492194,0.004176886,0.0023920967,70000.0,151467.4,149824.03,149824.06,0.019309817,10.343642,8.540181,8.54015
4.2492194,0.0037807035,0.0049580038,70000.0,151467.42,149824.03,149824.06,0.019309817,10.34357,8.540176,8.540149
4.2492194,0.0037658687,0.0012147274,70000.0,151467.39,149824.03,149824.05,0.019309817,10.343449,8.540186,8.540151
4.2492194,0.0038572738,0.0010922316,70000.0,151467.36,149824.06,149824.05,0.019309817,10.343656,8.540184,8.540149
4.2492194,0.0040430776,0.001033348,70000.0,151467.4,149824.05,149824.05,0.019309817,10.343696,8.540185,8.54015
4.2492194,0.0039342837,0.0016265255,70000.0,151467.34,149824.05,149824.06,0.019309817,10.343222,8.540183,8.54015
4.2492194,0.0038091505,0.0029922433,70000.0,151467.4,149824.05,149824.06,0.019309817,10.343374,8.54018,8.54015
4.2492194,0.0039584334,0.0035310772,70000.0,151467.38,149824.06,149824.06,0.019309817,10.343492,8.540181,8.54015
4.2492194,0.00452852,0.0010685311,70000.0,151467.3,149824.05,149824.05,0.019309817,10.343396,8.540185,8.540149
4.2492194,0.003777323,0.0010288075,70000.0,151467.36,149824.05,149824.05,0.019309817,10.343448,8.540185,8.54015
4.2492194,0.004306803,0.0010491433,70000.0,151467.42,149824.05,149824.05,0.019309817,10.343291,8.540185,8.540149
4.2492194,0.0042161625,0.0011391456,70000.0,151467.36,149824.05,149824.06,0.019309817,10.343391,8.540185,8.54015
4.2492194,0.0041603446,0.006385487,70000.0,151467.36,149824.05,149824.05,0.019309817,10.34321,8.540176,8.540149
4.2492194,0.0033904146,0.003335508,70000.0,151467.4,149824.05,149824.05,0.019309817,10.3433695,8.540178,8.54015
4.2492194,0.0035138028,0.0014365142,70000.0,151467.39,149824.05,149824.05,0.019309817,10.343459,8.540184,8.54015
4.2492194,0.003985675,0.003050196,70000.0,151467.38,149824.03,149824.08,0.019309817,10.343244,8.540181,8.54015
4.2492194,0.004613796,0.0010371136,70000.0,151467.36,149824.05,149824.03,0.019309817,10.343157,8.540184,8.540151
4.2492194,0.004182233,0.0010508584,70000.0,151467.36,149824.03,149824.06,0.019309817,10.343104,8.540184,8.540151
4.2492194,0.0037134332,0.0049489266,70000.0,151467.39,149824.03,149824.06,0.019309817,10.343135,8.540176,8.540151
4.2492194,0.0039285165,0.0010955716,70000.0,151467.31,149824.06,149824.06,0.019309817,10.343371,8.540185,8.540151
4.2492194,0.0038489713,0.0016861182,70000.0,151467.4,149824.06,149824.05,0.019309817,10.343459,8.540183,8.540149
4.2492194,0.0040490194,0.0015819944,70000.0,151467.31,149824.06,149824.05,0.019309817,10.343059,8.540182,8.540149
4.2492194,0.0037483857,0.0040703113,70000.0,151467.44,149824.08,149824.06,0.019309817,10.343732,8.54018,8.540149
4.2492194,0.0034199634,0.0016418011,70000.0,151467.34,149824.05,149824.06,0.019309817,10.343168,8.540182,8.54015
4.2492194,0.0043137753,0.001034567,70000.0,151467.39,149824.05,149824.06,0.019309817,10.343486,8.540185,8.54015
4.2492194,0.004116649,0.0031794207,70000.0,151467.4,149824.05,149824.08,0.019309817,10.343355,8.540181,8.540149
4.2492194,0.0040013734,0.0013428071,70000.0,151467.44,149824.05,149824.06,0.019309817,10.343807,8.540183,8.54015
4.2492194,0.0036266923,0.0011118352,70000.0,151467.39,149824.05,149824.03,0.019309817,10.343191,8.540183,8.54015
4.2492194,0.0037787266,0.007322282,70000.0,151467.39,149824.05,149824.06,0.019309817,10.343225,8.540175,8.54015
4.2492194,0.0039387993,0.0021275072,70000.0,151467.39,149824.05,149824.06,0.019309817,10.3430195,8.540182,8.540149
4.2492194,0.0034267884,0.00097111607,70000.0,151467.42,149824.05,149824.06,0.019309817,10.343482,8.540184,8.540149
4.2492194,0.0037776218,0.0027230447,70000.0,151467.38,149824.05,149824.06,0.019309817,10.343633,8.54018,8.54015
4.2492194,0.0036175996,0.000988206,70000.0,151467.39,149824.06,149824.06,0.019309817,10.34368,8.540184,8.540149
4.2492194,0.003828415,0.0035501516,70000.0,151467.38,149824.06,149824.05,0.019309817,10.3434105,8.540179,8.540151
4.2492194,0.003757735,0.0012852018,70000.0,151467.36,149824.06,149824.05,0.019309817,10.343068,8.540184,8.540149
4.2492194,0.0043824166,0.006236187,70000.0,151467.34,149824.05,149824.05,0.019309817,10.343113,8.540176,8.540149
4.2492194,0.0040031164,0.0029016167,70000.0,151467.34,149824.02,149824.05,0.019309817,10.343166,8.540181,8.540149
4.2492194,0.0036860628,0.008211109,70000.0,151467.44,149824.06,149824.05,0.019309817,10.343625,8.540175,8.540149
4.2492194,0.0026021078,0.0015299415,70000.0,151467.39,149824.05,149824.05,0.019309817,10.343719,8.540183,8.540149
4.2492194,0.0033348356,0.00094285177,70000.0,151467.38,149824.06,149824.05,0.019309817,10.343074,8.540185,8.540151
4.2492194,0.0033630724,0.003947059,70000.0,151467.39,149824.05,149824.06,0.019309817,10.343418,8.540179,8.540149
4.2492194,0.002903013,0.0009982035,70000.0,151467.42,149824.06,149824.03,0.019309817,10.3432255,8.540185,8.540149
4.2492194,0.003801096,0.0041014166,70000.0,151467.38,149824.05,149824.08,0.019309817,10.343486,8.540178,8.540151
4.2492194,0.0036823226,0.005280118,70000.0,151467.39,149824.03,149824.06,0.019309817,10.343341,8.540178,8.54015
4.2492194,0.0036726673,0.0015055557,70000.0,151467.38,149824.05,149824.08,0.019309817,10.343324,8.540183,8.540151
4.2492194,0.003322694,0.0023573742,70000.0,151467.36,149824.06,149824.05,0.019309817,10.343385,8.540181,8.540151
4.2492194,0.0041512484,0.0009721737,70000.0,151467.44,149824.05,149824.05,0.019309817,10.343517,8.540184,8.54015
4.2492194,0.0037111528,0.0025521612,70000.0,151467.4,149824.03,149824.06,0.019309817,10.343552,8.540182,8.54015
4.2492194,0.003667201,0.0066231634,70000.0,151467.39,149824.05,149824.06,0.019309817,10.343391,8.540176,8.54015
4.2492194,0.0037281683,0.001051033,70000.0,151467.36,149824.06,149824.05,0.019309817,10.343129,8.540185,8.540149
4.2492194,0.0035451578,0.0016549124,70000.0,151467.34,149824.03,149824.05,0.019309817,10.343268,8.540183,8.540149
4.2492194,0.0035310003,0.003186262,70000.0,151467.42,149824.06,149824.06,0.019309817,10.343416,8.54018,8.54015
4.2492194,0.0038354164,0.0015265163,70000.0,151467.36,149824.03,149824.06,0.019309817,10.343393,8.540183,8.54015
4.2492194,0.0044241752,0.003164487,70000.0,151467.39,149824.08,149824.06,0.019309817,10.343303,8.540181,8.540148
4.2492194,0.0038853616,0.0064600487,70000.0,151467.38,149824.06,149824.06,0.019309817,10.343404,8.540176,8.540151
4.2492194,0.003242466,0.0010903312,70000.0,151467.34,149824.06,149824.05,0.019309817,10.343232,8.540184,8.540151
4.2492194,0.003438759,0.006520388,70000.0,151467.4,149824.06,149824.06,0.019309817,10.343294,8.540177,8.54015
4.2492194,0.003940488,0.0011559756,70000.0,151467.38,149824.05,149824.05,0.019309817,10.343244,8.540184,8.54015
4.2492194,0.0038441832,0.0011895889,70000.0,151467.36,149824.05,149824.06,0.019309817,10.343007,8.540187,8.54015
4.2492194,0.0034900291,0.0046941843,70000.0,151467.31,149824.03,149824.05,0.019309817,10.343187,8.540178,8.54015
4.2492194,0.0033477782,0.0015877493,70000.0,151467.38,149824.03,149824.05,0.019309817,10.343139,8.540182,8.54015
4.2492194,0.003446409,0.001887519,70000.0,151467.38,149824.05,149824.03,0.019309817,10.343331,8.540182,8.540151
4.2492194,0.0033008344,0.00094347936,70000.0,151467.36,149824.03,149824.05,0.019309817,10.343244,8.540184,8.540151
4.2492194,0.004434863,0.0013358293,70000.0,151467.44,149824.06,149824.03,0.019309817,10.343632,8.540184,8.540151
4.2492194,0.0033934533,0.0036559536,70000.0,151467.45,149824.05,149824.06,0.019309817,10.343535,8.54018,8.540149
4.2492194,0.0036589855,0.0010453786,70000.0,151467.42,149824.03,149824.05,0.019309817,10.343557,8.540183,8.54015
4.2492194,0.003500847,0.000994286,70000.0,151467.38,149824.05,149824.06,0.019309817,10.343109,8.540184,8.540151
4.2492194,0.0029798483,0.0040329103,70000.0,151467.42,149824.06,149824.03,0.019309817,10.3434105,8.54018,8.54015
4.2492194,0.0032407993,0.00360716,70000.0,151467.39,149824.06,149824.06,0.019309817,10.343345,8.54018,8.54015
4.2492194,0.004016334,0.0042193085,70000.0,151467.38,149824.05,149824.06,0.019309817,10.34342,8.540179,8.540149
4.2492194,0.004117785,0.00168353,70000.0,151467.38,149824.05,149824.06,0.019309817,10.343305,8.540182,8.540151
4.2492194,0.0035937196,0.0028670703,70000.0,151467.4,149824.05,149824.05,0.019309817,10.343527,8.540181,8.54015
4.2492194,0.003507862,0.0016452608,70000.0,151467.33,149824.02,149824.05,0.019309817,10.342895,8.540183,8.54015
4.2492194,0.003644455,0.0010442149,70000.0,151467.34,149824.08,149824.05,0.019309817,10.343035,8.540185,8.54015
4.2492194,0.003737619,0.0031736305,70000.0,151467.38,149824.03,149824.06,0.019309817,10.343409,8.54018,8.540149
4.2492194,0.0038768607,0.0021091944,70000.0,151467.36,149824.06,149824.05,0.019309817,10.3435135,8.540181,8.54015
4.2492194,0.0040619164,0.0010251203,70000.0,151467.38,149824.05,149824.06,0.019309817,10.343442,8.540184,8.54015
4.2492194,0.0037082073,0.0051133726,70000.0,151467.38,149824.02,149824.05,0.019309817,10.343692,8.540178,8.54015
4.2492194,0.0036416412,0.0035804173,70000.0,151467.42,149824.05,149824.05,0.019309817,10.343748,8.54018,8.540148
4.2492194,0.0035455169,0.0014570245,70000.0,151467.39,149824.06,149824.05,0.019309817,10.343579,8.540184,8.540151
4.2492194,0.0038157285,0.005781463,70000.0,151467.34,149824.06,149824.05,0.019309817,10.34329,8.540176,8.54015
4.2492194,0.004211311,0.0011880827,70000.0,151467.36,149824.06,149824.06,0.019309817,10.343612,8.540185,8.540149
4.2492194,0.0037065442,0.0011320062,70000.0,151467.36,149824.05,149824.05,0.019309817,10.343285,8.540184,8.540151
4.2492194,0.0040702494,0.0011745148,70000.0,151467.36,149824.05,149824.06,0.019309817,10.343016,8.540185,8.54015
4.2492194,0.0039622714,0.0011232442,70000.0,151467.4,149824.06,149824.08,0.019309817,10.343563,8.540185,8.540149
4.2492194,0.00398503,0.002196672,70000.0,151467.38,149824.05,149824.05,0.019309817,10.343597,8.540182,8.54015
4.2492194,0.0036201796,0.00108973,70000.0,151467.36,149824.05,149824.06,0.019309817,10.343102,8.540185,8.54015
4.2492194,0.003926221,0.0018922893,70000.0,151467.36,149824.03,149824.06,0.019309817,10.343335,8.540182,8.540151
4.2492194,0.0037907918,0.0051762606,70000.0,151467.34,149824.06,149824.05,0.019309817,10.34315,8.540177,8.54015
4.2492194,0.0042088307,0.0037212297,70000.0,151467.4,149824.06,149824.06,0.019309817,10.343394,8.540179,8.540151
4.2492194,0.003451892,0.001821201,70000.0,151467.34,149824.05,149824.06,0.019309817,10.343409,8.540182,8.54015
4.2492194,0.0033358298,0.003710715,70000.0,151467.39,149824.05,149824.06,0.019309817,10.343637,8.540178,8.540149
4.2492194,0.0034287523,0.0012227723,70000.0,151467.39,149824.05,149824.06,0.019309817,10.34326,8.540184,8.54015
4.2492194,0.0036601466,0.0060954434,70000.0,151467.39,149824.06,149824.05,0.019309817,10.343505,8.540176,8.54015
4.2492194,0.0037160611,0.001069656,70000.0,151467.38,149824.05,149824.08,0.019309817,10.343159,8.540185,8.54015
4.2492194,0.0035178305,0.0050019403,70000.0,151467.38,149824.03,149824.05,0.019309817,10.34347,8.540177,8.54015
4.2492194,0.003813478,0.0011361085,70000.0,151467.36,149824.03,149824.08,0.019309817,10.3432255,8.540183,8.54015
4.2492194,0.003944896,0.001117081,70000.0,151467.34,149824.05,149824.05,0.019309817,10.343199,8.540185,8.54015
4.2492194,0.004062436,0.0051800334,70000.0,151467.42,149824.03,149824.08,0.019309817,10.343467,8.540177,8.54015
4.2492194,0.003563889,0.0020970958,70000.0,151467.4,149824.05,149824.05,0.019309817,10.343697,8.540181,8.54015
4.2492194,0.0035511195,0.0017342726,70000.0,151467.39,149824.03,149824.05,0.019309817,10.34344,8.540183,8.540149
4.2492194,0.0036614225,0.0010233875,70000.0,151467.39,149824.03,149824.06,0.019309817,10.343491,8.540184,8.540151
4.2492194,0.0031716235,0.0061357,70000.0,151467.36,149824.06,149824.06,0.019309817,10.343146,8.540177,8.54015
4.2492194,0.003560942,0.003909157,70000.0,151467.36,149824.05,149824.08,0.019309817,10.343493,8.540178,8.540151
4.2492194,0.003916714,0.0010363369,70000.0,151467.34,149824.06,149824.05,0.019309817,10.343371,8.540185,8.54015
4.2492194,0.0040359437,0.0013491162,70000.0,151467.38,149824.05,149824.06,0.019309817,10.343388,8.540184,8.540149
4.2492194,0.0038098108,0.0059749787,70000.0,151467.39,149824.05,149824.06,0.019309817,10.343424,8.540176,8.54015
4.2492194,0.0034122972,0.0012446411,70000.0,151467.34,149824.05,149824.05,0.019309817,10.3435135,8.540184,8.540149
4.2492194,0.0032772478,0.0029435356,70000.0,151467.38,149824.03,149824.05,0.019309817,10.3435,8.540181,8.54015
4.2492194,0.0035771523,0.0011273975,70000.0,151467.36,149824.05,149824.08,0.019309817,10.343013,8.540183,8.54015
4.2492194,0.0037988622,0.0010053255,70000.0,151467.39,149824.05,149824.06,0.019309817,10.343411,8.540185,8.54015
4.2492194,0.0037607388,0.0014545961,70000.0,151467.38,149824.05,149824.06,0.019309817,10.343134,8.540183,8.54015
4.2492194,0.0038680292,0.0016133119,70000.0,151467.4,149824.05,149824.05,0.019309817,10.34346,8.540183,8.54015
4.2492194,0.0038384295,0.0051862276,70000.0,151467.4,149824.06,149824.06,0.019309817,10.343307,8.540177,8.54015
4.2492194,0.0031032956,0.0026028876,70000.0,151467.38,149824.03,149824.06,0.019309817,10.343382,8.540181,8.540151
4.2492194,0.0036788466,0.0011881801,70000.0,151467.39,149824.06,149824.05,0.019309817,10.343441,8.540184,8.54015
4.2492194,0.0038267833,0.0023688439,70000.0,151467.38,149824.05,149824.03,0.019309817,10.343434,8.540181,8.540149
4.2492194,0.0033949176,0.0012445676,70000.0,151467.38,149824.08,149824.06,0.019309817,10.343304,8.540184,8.540149
4.2492194,0.0038899716,0.0031723417,70000.0,151467.36,149824.03,149824.05,0.019309817,10.343396,8.54018,8.54015
4.2492194,0.0033447682,0.0010854021,70000.0,151467.39,149824.05,149824.06,0.019309817,10.343385,8.540184,8.54015
4.2492194,0.0037895008,0.0033180995,70000.0,151467.36,149824.06,149824.06,0.019309817,10.343141,8.54018,8.540151
4.2492194,0.0033098885,0.0014478255,70000.0,151467.36,149824.03,149824.06,0.019309817,10.343679,8.540183,8.54015
4.2492194,0.003801879,0.0030174248,70000.0,151467.4,149824.05,149824.06,0.019309817,10.343335,8.540181,8.540148
4.2492194,0.0035534748,0.0012142338,70000.0,151467.4,149824.03,149824.06,0.019309817,10.343415,8.540185,8.54015
4.2492194,0.003769612,0.0011929332,70000.0,151467.38,149824.05,149824.05,0.019309817,10.34382,8.540184,8.540151
4.2492194,0.0036073595,0.0027746372,70000.0,151467.4,149824.06,149824.03,0.019309817,10.343336,8.540181,8.54015
4.2492194,0.003395791,0.0027810908,70000.0,151467.36,149824.05,149824.06,0.019309817,10.343343,8.54018,8.54015
4.2492194,0.0041271225,0.0017201,70000.0,151467.33,149824.03,149824.06,0.019309817,10.343133,8.540183,8.540149
4.2492194,0.0038700919,0.0010961893,70000.0,151467.39,149824.05,149824.06,0.019309817,10.343607,8.540184,8.54015
4.2492194,0.003530982,0.0010859609,70000.0,151467.36,149824.06,149824.05,0.019309817,10.343605,8.540184,8.54015
4.2492194,0.0035332395,0.0036381567,70000.0,151467.39,149824.05,149824.05,0.019309817,10.343261,8.540179,8.54015
4.2492194,0.0031580438,0.0011286744,70000.0,151467.36,149824.08,149824.06,0.019309817,10.343598,8.540185,8.54015
4.2492194,0.003432842,0.0041083833,70000.0,151467.39,149824.05,149824.06,0.019309817,10.343423,8.540178,8.54015
4.2492194,0.003791185,0.0047381334,70000.0,151467.33,149824.06,149824.06,0.019309817,10.343317,8.540177,8.54015
4.2492194,0.0030118406,0.0033448045,70000.0,151467.31,149824.05,149824.06,0.019309817,10.3432865,8.540179,8.54015
4.2492194,0.0038651829,0.00497296,70000.0,151467.34,149824.02,149824.06,0.019309817,10.3431425,8.540178,8.54015
4.2492194,0.003760966,0.0028587221,70000.0,151467.44,149824.06,149824.1,0.019309817,10.343582,8.54018,8.540151
4.2492194,0.0035829712,0.002017436,70000.0,151467.3,149824.06,149824.05,0.019309817,10.343161,8.540182,8.540149
4.2492194,0.004084061,0.0010228738,70000.0,151467.36,149824.03,149824.06,0.019309817,10.343417,8.540184,8.540151
4.2492194,0.0032383339,0.0020336325,70000.0,151467.34,149824.06,149824.03,0.019309817,10.343271,8.540182,8.54015
4.2492194,0.0029641408,0.005936557,70000.0,151467.39,149824.06,149824.08,0.019309817,10.343475,8.540176,8.540149
4.2492194,0.003828882,0.003200016,70000.0,151467.4,149824.06,149824.03,0.019309817,10.343393,8.540181,8.54015
4.2492194,0.0033882973,0.0035690572,70000.0,151467.38,149824.05,149824.05,0.019309817,10.343233,8.54018,8.54015
4.2492194,0.0053444724,0.004214836,70000.0,151467.31,149824.06,149824.05,0.019309817,10.343328,8.540179,8.54015
4.2492194,0.004207136,0.0013929682,70000.0,151467.44,149824.05,149824.05,0.019309817,10.343725,8.540183,8.540149
4.2492194,0.0036051776,0.0012965071,70000.0,151467.33,149824.05,149824.05,0.019309817,10.343483,8.540184,8.540151
4.2492194,0.0034734844,0.0025644256,70000.0,151467.38,149824.06,149824.05,0.019309817,10.343474,8.540181,8.540149
4.2492194,0.0035974039,0.0019426417,70000.0,151467.47,149824.05,149824.05,0.019309817,10.343986,8.540182,8.54015
4.2492194,0.0034961957,0.0037731868,70000.0,151467.31,149824.05,149824.05,0.019309817,10.342911,8.540179,8.540149
4.2492194,0.003233441,0.0052997023,70000.0,151467.38,149824.08,149824.08,0.019309817,10.343551,8.540177,8.54015
4.2492194,0.0034211683,0.0020580746,70000.0,151467.4,149824.03,149824.06,0.019309817,10.343565,8.540181,8.54015
4.2492194,0.0038251004,0.0051572807,70000.0,151467.34,149824.05,149824.06,0.019309817,10.343684,8.540177,8.54015
4.2492194,0.0038084646,0.0011336709,70000.0,151467.34,149824.03,149824.06,0.019309817,10.343208,8.540184,8.54015
4.2492194,0.004187662,0.0020748659,70000.0,151467.38,149824.05,149824.03,0.019309817,10.343563,8.540181,8.540149
4.2492194,0.0037602838,0.000979077,70000.0,151467.31,149824.08,149824.03,0.019309817,10.343157,8.540185,8.54015
4.2492194,0.0069486173,0.0010444686,70000.0,151467.39,149824.06,149824.05,0.019309817,10.343381,8.540184,8.54015
4.2492194,0.0035118295,0.0020195718,70000.0,151467.38,149824.03,149824.03,0.019309817,10.343497,8.540181,8.54015
4.2492194,0.0038969757,0.0010250893,70000.0,151467.34,149824.06,149824.06,0.019309817,10.343449,8.540184,8.54015
4.2492194,0.004364201,0.0018880394,70000.0,151467.36,149824.05,149824.06,0.019309817,10.3432455,8.540182,8.54015
4.2492194,0.0039530243,0.0037373584,70000.0,151467.39,149824.05,149824.05,0.019309817,10.343467,8.540179,8.540149
4.2492194,0.0039509297,0.0013520698,70000.0,151467.36,149824.03,149824.06,0.019309817,10.343085,8.540183,8.54015
4.2492194,0.003882391,0.0038417813,70000.0,151467.42,149824.06,149824.05,0.019309817,10.343707,8.54018,8.540149
4.2492194,0.00391683,0.0056788954,70000.0,151467.33,149824.05,149824.06,0.019309817,10.343081,8.540176,8.540149
4.2492194,0.0037318675,0.0057582036,70000.0,151467.36,149824.05,149824.06,0.019309817,10.343388,8.540176,8.540149
4.2492194,0.004285606,0.0038927214,70000.0,151467.45,149824.05,149824.06,0.019309817,10.343588,8.540179,8.54015
4.2492194,0.0040264903,0.0009947438,70000.0,151467.36,149824.05,149824.06,0.019309817,10.3432455,8.540185,8.54015
4.2492194,0.003494887,0.0039250683,70000.0,151467.34,149824.03,149824.05,0.019309817,10.34321,8.54018,8.540149
4.2492194,0.0034197262,0.004740934,70000.0,151467.4,149824.03,149824.08,0.019309817,10.343454,8.540177,8.540149
4.2492194,0.0037535783,0.004257715,70000.0,151467.4,149824.05,149824.05,0.019309817,10.343387,8.540179,8.54015
4.2492194,0.0035396377,0.0053153485,70000.0,151467.47,149824.05,149824.06,0.019309817,10.343854,8.540177,8.54015
4.2492194,0.0037982315,0.0012227871,70000.0,151467.34,149824.06,149824.03,0.019309817,10.343302,8.540183,8.54015
4.2492194,0.0041000703,0.0014780674,70000.0,151467.42,149824.05,149824.06,0.019309817,10.343788,8.540183,8.540151
4.2492194,0.004103072,0.0018212493,70000.0,151467.4,149824.06,149824.05,0.019309817,10.343213,8.540183,8.54015
4.2492194,0.003935889,0.0010378065,70000.0,151467.38,149824.06,149824.05,0.019309817,10.343412,8.540185,8.540151
4.2492194,0.003663339,0.0057346057,70000.0,151467.3,149824.06,149824.05,0.019309817,10.343031,8.540176,8.54015
4.2492194,0.0035538608,0.0021427362,70000.0,151467.36,149824.06,149824.05,0.019309817,10.343131,8.540182,8.54015
4.2492194,0.002594559,0.003123637,70000.0,151467.4,149824.08,149824.03,0.019309817,10.3436165,8.54018,8.54015
4.2492194,0.003828594,0.0041205743,70000.0,151467.33,149824.06,149824.05,0.019309817,10.343504,8.540179,8.540149
4.2492194,0.006636102,0.0011639877,70000.0,151467.38,149824.06,149824.05,0.019309817,10.343579,8.540184,8.540149
4.2492194,0.004147791,0.0011808024,70000.0,151467.33,149824.05,149824.05,0.019309817,10.342926,8.540184,8.54015
4.2492194,0.0038979214,0.0010969755,70000.0,151467.36,149824.06,149824.05,0.019309817,10.343395,8.540185,8.540149
4.2492194,0.0037049283,0.0012978703,70000.0,151467.38,149824.06,149824.05,0.019309817,10.343224,8.540183,8.54015
4.2492194,0.0033987213,0.0015668079,70000.0,151467.33,149824.05,149824.06,0.019309817,10.343428,8.540182,8.54015
4.2492194,0.0037644096,0.0042198086,70000.0,151467.39,149824.05,149824.06,0.019309817,10.343499,8.540177,8.540149
4.2492194,0.0040175724,0.006346132,70000.0,151467.39,149824.05,149824.05,0.019309817,10.343571,8.540176,8.54015
4.2492194,0.0039245468,0.0071287886,70000.0,151467.39,149824.05,149824.05,0.019309817,10.343405,8.540175,8.540149
4.2492194,0.0033135458,0.0028146317,70000.0,151467.4,149824.03,149824.06,0.019309817,10.343476,8.54018,8.540149
4.2492194,0.0035664407,0.001035797,70000.0,151467.36,149824.05,149824.05,0.019309817,10.343266,8.540185,8.540149
4.2492194,0.0041582556,0.0016013288,70000.0,151467.44,149824.06,149824.05,0.019309817,10.343775,8.540183,8.540149
4.2492194,0.0039296835,0.0012145436,70000.0,151467.36,149824.05,149824.06,0.019309817,10.343155,8.540184,8.540151
4.2492194,0.0034870417,0.0016511057,70000.0,151467.38,149824.05,149824.05,0.019309817,10.343802,8.540182,8.54015
4.2492194,0.0029606703,0.005771247,70000.0,151467.44,149824.06,149824.03,0.019309817,10.343522,8.540176,8.54015
4.2492194,0.0035035037,0.002039182,70000.0,151467.38,149824.05,149824.06,0.019309817,10.34345,8.540181,8.540151
4.2492194,0.003777595,0.0014340434,70000.0,151467.36,149824.05,149824.06,0.019309817,10.343473,8.540183,8.54015
4.2492194,0.0035723832,0.003201934,70000.0,151467.38,149824.05,149824.08,0.019309817,10.343725,8.54018,8.54015
4.2492194,0.0031467837,0.0017884122,70000.0,151467.38,149824.05,149824.08,0.019309817,10.343764,8.540183,8.540151
4.2492194,0.0037722436,0.0009887591,70000.0,151467.38,149824.06,149824.03,0.019309817,10.343161,8.540185,8.540149
4.2492194,0.0030928196,0.004044333,70000.0,151467.38,149824.05,149824.05,0.019309817,10.343691,8.540179,8.540149
4.2492194,0.0036793272,0.0009843244,70000.0,151467.4,149824.05,149824.03,0.019309817,10.343285,8.540184,8.540149
4.2492194,0.003622963,0.0020332627,70000.0,151467.4,149824.05,149824.06,0.019309817,10.343734,8.540183,8.54015
4.2492194,0.0042310916,0.0012093534,70000.0,151467.4,149824.05,149824.05,0.019309817,10.343338,8.540184,8.540151
4.2492194,0.0035229665,0.0028917121,70000.0,151467.39,149824.06,149824.05,0.019309817,10.343308,8.54018,8.540149
4.2492194,0.003552818,0.001084754,70000.0,151467.31,149824.06,149824.05,0.019309817,10.343269,8.540184,8.540149
4.2492194,0.0038509967,0.0018496246,70000.0,151467.45,149824.06,149824.05,0.019309817,10.343575,8.540182,8.54015
4.2492194,0.0037592247,0.001060803,70000.0,151467.34,149824.03,149824.06,0.019309817,10.343207,8.540184,8.54015
4.2492194,0.0038450258,0.0012801869,70000.0,151467.31,149824.05,149824.06,0.019309817,10.343538,8.540185,8.540151
4.2492194,0.0033431512,0.008924648,70000.0,151467.42,149824.05,149824.06,0.019309817,10.34339,8.540174,8.54015
4.2492194,0.003336794,0.0038585986,70000.0,151467.33,149824.05,149824.05,0.019309817,10.343351,8.540178,8.54015
4.2492194,0.004039543,0.0046882727,70000.0,151467.39,149824.05,149824.05,0.019309817,10.34373,8.540176,8.540149
4.2492194,0.003933755,0.001025285,70000.0,151467.39,149824.05,149824.05,0.019309817,10.343289,8.540184,8.540149
4.2492194,0.003464948,0.0015481333,70000.0,151467.36,149824.06,149824.05,0.019309817,10.343263,8.540182,8.54015
4.2492194,0.0034392297,0.005350296,70000.0,151467.36,149824.06,149824.05,0.019309817,10.343745,8.540176,8.54015
4.2492194,0.0032047464,0.0009864192,70000.0,151467.36,149824.06,149824.08,0.019309817,10.343467,8.540184,8.54015
4.2492194,0.0034351514,0.007480646,70000.0,151467.38,149824.05,149824.05,0.019309817,10.34348,8.5401745,8.540149
4.2492194,0.0036611673,0.0023484381,70000.0,151467.33,149824.05,149824.05,0.019309817,10.343255,8.540182,8.54015
4.2492194,0.0033237922,0.0025555124,70000.0,151467.44,149824.05,149824.05,0.019309817,10.343651,8.540181,8.54015
4.2492194,0.0039667026,0.0010723535,70000.0,151467.42,149824.08,149824.06,0.019309817,10.343597,8.540185,8.54015
4.2492194,0.0038496107,0.0016579266,70000.0,151467.39,149824.08,149824.05,0.019309817,10.343229,8.540183,8.54015
4.2492194,0.003701656,0.0023797317,70000.0,151467.34,149824.05,149824.06,0.019309817,10.343263,8.540182,8.540151
4.2492194,0.0036522828,0.0036039865,70000.0,151467.45,149824.06,149824.05,0.019309817,10.343461,8.54018,8.540151
4.2492194,0.003788245,0.001258073,70000.0,151467.38,149824.05,149824.05,0.019309817,10.343159,8.540183,8.54015
4.2492194,0.0033102033,0.004856065,70000.0,151467.34,149824.05,149824.06,0.019309817,10.343167,8.540177,8.54015
4.2492194,0.0038881788,0.005790821,70000.0,151467.42,149824.05,149824.05,0.019309817,10.343143,8.540176,8.540149
4.2492194,0.0034763492,0.0013906992,70000.0,151467.42,149824.05,149824.06,0.019309817,10.343591,8.540184,8.54015
4.2492194,0.0042072036,0.0017570937,70000.0,151467.36,149824.03,149824.08,0.019309817,10.343185,8.540182,8.54015
4.2492194,0.0041137906,0.0047032796,70000.0,151467.34,149824.05,149824.05,0.019309817,10.343242,8.540178,8.540151
4.2492194,0.0036378074,0.007624276,70000.0,151467.38,149824.05,149824.06,0.019309817,10.343268,8.5401745,8.54015
4.2492194,0.003611004,0.00095212617,70000.0,151467.31,149824.05,149824.05,0.019309817,10.343447,8.540184,8.54015
4.2492194,0.003487401,0.0034233406,70000.0,151467.38,149824.06,149824.05,0.019309817,10.344013,8.54018,8.54015
4.2492194,0.0036354198,0.0013532187,70000.0,151467.38,149824.06,149824.05,0.019309817,10.34322,8.540183,8.540149
4.2492194,0.0037533934,0.0011116294,70000.0,151467.4,149824.06,149824.05,0.019309817,10.343466,8.540184,8.540151
4.2492194,0.0036635073,0.0039280774,70000.0,151467.34,149824.06,149824.05,0.019309817,10.343055,8.540177,8.540149
4.2492194,0.0038013807,0.0011640459,70000.0,151467.33,149824.06,149824.06,0.019309817,10.342979,8.540186,8.540149
4.2492194,0.0037707086,0.004420391,70000.0,151467.36,149824.06,149824.06,0.019309817,10.34374,8.540177,8.54015
4.2492194,0.0035449262,0.0009868812,70000.0,151467.33,149824.05,149824.08,0.019309817,10.343212,8.540184,8.54015
4.2492194,0.003397299,0.0016237639,70000.0,151467.36,149824.06,149824.03,0.019309817,10.343746,8.540183,8.540151
4.2492194,0.0035943033,0.0009633626,70000.0,151467.36,149824.05,149824.05,0.019309817,10.343551,8.540184,8.54015
4.2492194,0.0032189619,0.0032809002,70000.0,151467.39,149824.06,149824.05,0.019309817,10.343168,8.540181,8.540149
4.2492194,0.0033747319,0.0053384565,70000.0,151467.39,149824.03,149824.05,0.019309817,10.3435955,8.540176,8.54015
4.2492194,0.003454421,0.0042505455,70000.0,151467.36,149824.05,149824.08,0.019309817,10.343491,8.540178,8.540149
4.2492194,0.004273097,0.0014691879,70000.0,151467.39,149824.03,149824.05,0.019309817,10.343461,8.540184,8.540149
4.2492194,0.0040336126,0.000957981,70000.0,151467.36,149824.05,149824.06,0.019309817,10.343244,8.540184,8.54015
4.2492194,0.00399868,0.0016014273,70000.0,151467.34,149824.05,149824.05,0.019309817,10.343043,8.540183,8.540149
4.2492194,0.003843272,0.002600642,70000.0,151467.4,149824.05,149824.03,0.019309817,10.343796,8.540181,8.540148
4.2492194,0.0034077743,0.0032514932,70000.0,151467.38,149824.03,149824.06,0.019309817,10.343787,8.540179,8.540151
4.2492194,0.003577749,0.0013048957,70000.0,151467.38,149824.03,149824.06,0.019309817,10.343284,8.540184,8.540149
4.2492194,0.00340069,0.0057094377,70000.0,151467.39,149824.05,149824.06,0.019309817,10.343075,8.540177,8.540151
4.2492194,0.0036444732,0.010853782,70000.0,151467.34,149824.06,149824.03,0.019309817,10.343478,8.540172,8.540151
4.2492194,0.0037597797,0.0009336863,70000.0,151467.4,149824.03,149824.06,0.019309817,10.343427,8.540184,8.54015
4.2492194,0.0036476331,0.0009841739,70000.0,151467.36,149824.05,149824.06,0.019309817,10.343057,8.540184,8.540149
4.2492194,0.0034769522,0.0015221088,70000.0,151467.39,149824.05,149824.08,0.019309817,10.3436365,8.540182,8.540151
4.2492194,0.003716395,0.0009807002,70000.0,151467.36,149824.06,149824.05,0.019309817,10.34312,8.540185,8.540149
4.2492194,0.0035523812,0.0009572755,70000.0,151467.36,149824.05,149824.08,0.019309817,10.343444,8.540184,8.54015
4.2492194,0.003764102,0.0046282625,70000.0,151467.39,149824.06,149824.06,0.019309817,10.343462,8.540179,8.54015
4.2492194,0.0035589146,0.0019025635,70000.0,151467.36,149824.06,149824.05,0.019309817,10.343071,8.540182,8.54015
4.2492194,0.0035465832,0.0032029352,70000.0,151467.38,149824.05,149824.08,0.019309817,10.34349,8.54018,8.540151
4.2492194,0.0034593611,0.001542962,70000.0,151467.31,149824.05,149824.05,0.019309817,10.343276,8.540183,8.54015
4.2492194,0.003120222,0.00491002,70000.0,151467.38,149824.06,149824.05,0.019309817,10.343976,8.540178,8.540151
4.2492194,0.0031552943,0.0042470596,70000.0,151467.3,149824.06,149824.06,0.019309817,10.343158,8.540178,8.540149
4.2492194,0.0038889335,0.0042175613,70000.0,151467.42,149824.05,149824.05,0.019309817,10.343528,8.540178,8.540149
4.2492194,0.0030103817,0.0058458713,70000.0,151467.39,149824.03,149824.06,0.019309817,10.343672,8.540175,8.54015
4.2492194,0.0033839939,0.005109054,70000.0,151467.36,149824.06,149824.05,0.019309817,10.343254,8.540178,8.54015
4.2492194,0.0035891603,0.002139278,70000.0,151467.34,149824.05,149824.06,0.019309817,10.343319,8.540182,8.54015
4.2492194,0.0032558825,0.0015456385,70000.0,151467.39,149824.03,149824.05,0.019309817,10.343167,8.540182,8.54015
4.2492194,0.0037058336,0.0019519503,70000.0,151467.38,149824.05,149824.06,0.019309817,10.343134,8.540182,8.54015
4.2492194,0.0037175368,0.0054331305,70000.0,151467.42,149824.06,149824.05,0.019309817,10.343434,8.540178,8.540149
4.2492194,0.003923158,0.0110042,70000.0,151467.4,149824.06,149824.05,0.019309817,10.343751,8.540173,8.540149
4.2492194,0.0033867417,0.0050449413,70000.0,151467.42,149824.05,149824.06,0.019309817,10.343475,8.540178,8.54015
4.2492194,0.0035017913,0.0021160294,70000.0,151467.36,149824.05,149824.05,0.019309817,10.343135,8.540181,8.540149
4.2492194,0.0038229765,0.0034166304,70000.0,151467.42,149824.05,149824.05,0.019309817,10.343428,8.54018,8.540149
4.2492194,0.0030413691,0.005663737,70000.0,151467.44,149824.06,149824.05,0.019309817,10.34378,8.540177,8.540151
4.2492194,0.0035204585,0.0020137986,70000.0,151467.31,149824.06,149824.05,0.019309817,10.343094,8.540182,8.54015
4.2492194,0.0035508664,0.0044166096,70000.0,151467.33,149824.05,149824.06,0.019309817,10.343339,8.540179,8.540151
4.2492194,0.003735268,0.0014048908,70000.0,151467.38,149824.05,149824.06,0.019309817,10.343362,8.540182,8.540151
4.2492194,0.003482399,0.0020241654,70000.0,151467.4,149824.06,149824.03,0.019309817,10.343564,8.540182,8.54015
4.2492194,0.0038203439,0.001126487,70000.0,151467.36,149824.05,149824.05,0.019309817,10.343217,8.540185,8.540149
4.2492194,0.0035447392,0.0011418122,70000.0,151467.31,149824.03,149824.06,0.019309817,10.343264,8.540184,8.54015
4.2492194,0.0034294887,0.0038902196,70000.0,151467.42,149824.05,149824.08,0.019309817,10.343647,8.540179,8.540149
4.2492194,0.003624423,0.0044004894,70000.0,151467.28,149824.06,149824.05,0.019309817,10.343149,8.540177,8.54015
4.2492194,0.004055552,0.0011168,70000.0,151467.34,149824.06,149824.06,0.019309817,10.343105,8.540186,8.54015
4.2492194,0.0038965375,0.0012635213,70000.0,151467.39,149824.05,149824.06,0.019309817,10.343543,8.540183,8.54015
4.2492194,0.0033477908,0.0054621156,70000.0,151467.33,149824.03,149824.05,0.019309817,10.343293,8.540176,8.54015
4.2492194,0.0034471173,0.0045731547,70000.0,151467.3,149824.06,149824.06,0.019309817,10.343351,8.540178,8.540149
4.2492194,0.0030919574,0.004475098,70000.0,151467.39,149824.06,149824.05,0.019309817,10.343636,8.540179,8.54015
4.2492194,0.00341633,0.0010466271,70000.0,151467.34,149824.06,149824.06,0.019309817,10.34329,8.540185,8.540151
4.2492194,0.0028476347,0.0016392742,70000.0,151467.4,149824.05,149824.06,0.019309817,10.343688,8.540183,8.54015
4.2492194,0.004129552,0.0022032736,70000.0,151467.39,149824.05,149824.05,0.019309817,10.343146,8.540182,8.54015
4.2492194,0.004391152,0.0048706634,70000.0,151467.39,149824.06,149824.05,0.019309817,10.343387,8.540178,8.540149
4.2492194,0.004238184,0.0011326305,70000.0,151467.38,149824.03,149824.06,0.019309817,10.343455,8.540186,8.54015
4.2492194,0.0041098287,0.001648765,70000.0,151467.34,149824.06,149824.06,0.019309817,10.343455,8.540183,8.540151
4.2492194,0.0035359715,0.0040847883,70000.0,151467.38,149824.06,149824.05,0.019309817,10.343485,8.540179,8.54015
4.2492194,0.0038020173,0.0014808577,70000.0,151467.38,149824.06,149824.08,0.019309817,10.343531,8.540183,8.540151
4.2492194,0.0033407914,0.006331982,70000.0,151467.4,149824.05,149824.06,0.019309817,10.343456,8.540176,8.54015
4.2492194,0.003550995,0.0067158444,70000.0,151467.42,149824.06,149824.06,0.019309817,10.34379,8.540175,8.54015
4.2492194,0.003874437,0.002724165,70000.0,151467.36,149824.06,149824.08,0.019309817,10.343389,8.540179,8.54015
4.2492194,0.0037764956,0.004638876,70000.0,151467.39,149824.05,149824.05,0.019309817,10.343381,8.540178,8.54015
4.2492194,0.0033813708,0.0043419655,70000.0,151467.4,149824.06,149824.05,0.019309817,10.343282,8.540179,8.54015
4.2492194,0.003217371,0.0073349397,70000.0,151467.39,149824.05,149824.05,0.019309817,10.343669,8.5401745,8.540149
4.2492194,0.0040629962,0.0046068244,70000.0,151467.36,149824.05,149824.05,0.019309817,10.343641,8.540179,8.54015
4.2492194,0.0036478434,0.0051105986,70000.0,151467.36,149824.05,149824.05,0.019309817,10.3432665,8.540178,8.54015
4.2492194,0.0037321907,0.003042571,70000.0,151467.4,149824.05,149824.06,0.019309817,10.343467,8.54018,8.540149
4.2492194,0.0035293768,0.0031519425,70000.0,151467.38,149824.05,149824.05,0.019309817,10.343285,8.54018,8.54015
4.2492194,0.0040621627,0.0012296226,70000.0,151467.42,149824.06,149824.06,0.019309817,10.343734,8.540183,8.540149
4.2492194,0.0035396435,0.0020096817,70000.0,151467.38,149824.05,149824.05,0.019309817,10.343426,8.540182,8.540149
4.2492194,0.0036754482,0.0067966026,70000.0,151467.42,149824.03,149824.06,0.019309817,10.343569,8.540175,8.54015
4.2492194,0.0036360295,0.0021730254,70000.0,151467.38,149824.03,149824.06,0.019309817,10.343291,8.540181,8.540151
4.2492194,0.0038972301,0.003021429,70000.0,151467.4,149824.05,149824.05,0.019309817,10.343494,8.54018,8.54015
4.2492194,0.0040438846,0.0018546773,70000.0,151467.38,149824.05,149824.06,0.019309817,10.34338,8.540182,8.540149
4.2492194,0.0035095403,0.0042737,70000.0,151467.4,149824.05,149824.05,0.019309817,10.343283,8.540179,8.54015
4.2492194,0.003980873,0.0058709285,70000.0,151467.38,149824.06,149824.05,0.019309817,10.343503,8.540176,8.54015
4.2492194,0.0039369436,0.010043396,70000.0,151467.34,149824.03,149824.05,0.019309817,10.343262,8.5401745,8.54015
4.2492194,0.0040245047,0.0023648003,70000.0,151467.39,149824.06,149824.05,0.019309817,10.3435335,8.540182,8.540149
4.2492194,0.0037633039,0.0011402911,70000.0,151467.36,149824.06,149824.05,0.019309817,10.343079,8.540184,8.540149
4.2492194,0.0032951112,0.0026708934,70000.0,151467.33,149824.05,149824.08,0.019309817,10.343143,8.540181,8.540149
4.2492194,0.0038912515,0.0014890027,70000.0,151467.34,149824.03,149824.06,0.019309817,10.343539,8.540182,8.54015
4.2492194,0.004105219,0.0009915631,70000.0,151467.31,149824.03,149824.06,0.019309817,10.343103,8.540185,8.54015
4.2492194,0.00416941,0.0010571573,70000.0,151467.33,149824.05,149824.05,0.019309817,10.342958,8.540185,8.54015
4.2492194,0.002964362,0.0032757658,70000.0,151467.28,149824.06,149824.05,0.019309817,10.343249,8.540179,8.54015
4.2492194,0.0035508077,0.005330724,70000.0,151467.36,149824.06,149824.06,0.019309817,10.343535,8.540177,8.54015
4.2492194,0.0031338513,0.0037234533,70000.0,151467.38,149824.06,149824.06,0.019309817,10.343588,8.540179,8.540149
4.2492194,0.002891099,0.007194807,70000.0,151467.34,149824.03,149824.05,0.019309817,10.343645,8.5401745,8.54015
4.2492194,0.003649463,0.0030799112,70000.0,151467.36,149824.05,149824.05,0.019309817,10.343454,8.54018,8.540149
4.2492194,0.0037759708,0.001244603,70000.0,151467.34,149824.08,149824.05,0.019309817,10.343228,8.540183,8.54015
4.2492194,0.004073263,0.0040231966,70000.0,151467.39,149824.03,149824.06,0.019309817,10.343534,8.540179,8.54015
4.2492194,0.0037628047,0.0014172685,70000.0,151467.39,149824.03,149824.05,0.019309817,10.343649,8.540182,8.54015
4.2492194,0.0033874635,0.0010325843,70000.0,151467.39,149824.05,149824.03,0.019309817,10.34363,8.540186,8.540149
4.2492194,0.0036481705,0.0024508296,70000.0,151467.34,149824.05,149824.05,0.019309817,10.343192,8.54018,8.540149
4.2492194,0.0033941695,0.0059791123,70000.0,151467.38,149824.06,149824.05,0.019309817,10.343769,8.540177,8.540149
4.2492194,0.0034512896,0.0025382685,70000.0,151467.38,149824.03,149824.03,0.019309817,10.343444,8.540181,8.54015
4.2492194,0.003557573,0.0015869614,70000.0,151467.42,149824.05,149824.05,0.019309817,10.3440275,8.540182,8.54015
4.2492194,0.003191824,0.0010878631,70000.0,151467.39,149824.06,149824.06,0.019309817,10.343331,8.540184,8.540149
4.2492194,0.0035001417,0.006106275,70000.0,151467.33,149824.06,149824.05,0.019309817,10.343024,8.540176,8.540149
4.2492194,0.0030659104,0.003529624,70000.0,151467.4,149824.06,149824.03,0.019309817,10.343351,8.540179,8.54015
4.2492194,0.0031843516,0.001630403,70000.0,151467.36,149824.05,149824.05,0.019309817,10.34348,8.540182,8.54015
4.2492194,0.004128599,0.0009882249,70000.0,151467.38,149824.08,149824.06,0.019309817,10.34346,8.540184,8.54015
4.2492194,0.003879544,0.0030589083,70000.0,151467.31,149824.06,149824.05,0.019309817,10.343025,8.54018,8.54015
4.2492194,0.0034789434,0.0019771438,70000.0,151467.33,149824.05,149824.03,0.019309817,10.343318,8.540182,8.54015
4.2492194,0.003324004,0.0010528653,70000.0,151467.33,149824.06,149824.05,0.019309817,10.343235,8.540185,8.54015
4.2492194,0.0034541064,0.0041951407,70000.0,151467.39,149824.06,149824.03,0.019309817,10.343659,8.540179,8.54015
4.2492194,0.0037513091,0.0023748449,70000.0,151467.34,149824.06,149824.06,0.019309817,10.343521,8.540181,8.540149
4.2492194,0.0034061274,0.0027355943,70000.0,151467.38,149824.06,149824.05,0.019309817,10.343276,8.540181,8.54015
4.2492194,0.0038221513,0.002314773,70000.0,151467.34,149824.05,149824.06,0.019309817,10.34319,8.540181,8.540149
4.2492194,0.003546438,0.0014316621,70000.0,151467.39,149824.05,149824.08,0.019309817,10.343328,8.540182,8.540151
4.2492194,0.0035643706,0.0016504816,70000.0,151467.39,149824.05,149824.06,0.019309817,10.343209,8.540182,8.54015
4.2492194,0.003270217,0.0063311593,70000.0,151467.36,149824.06,149824.06,0.019309817,10.343305,8.540175,8.540151
4.2492194,0.0035329594,0.0026965989,70000.0,151467.39,149824.06,149824.05,0.019309817,10.343313,8.540181,8.54015
4.2492194,0.0037751198,0.0016179209,70000.0,151467.38,149824.03,149824.08,0.019309817,10.3431225,8.540182,8.540151
4.2492194,0.0034517734,0.0027352716,70000.0,151467.44,149824.05,149824.05,0.019309817,10.34333,8.540182,8.540151
4.2492194,0.003789591,0.00411611,70000.0,151467.47,149824.05,149824.03,0.019309817,10.344031,8.540178,8.54015
4.2492194,0.003472686,0.0037415149,70000.0,151467.4,149824.06,149824.06,0.019309817,10.343941,8.540179,8.54015
4.2492194,0.0036588977,0.003975353,70000.0,151467.44,149824.06,149824.08,0.019309817,10.343482,8.54018,8.540149
4.2492194,0.0033923045,0.0019324627,70000.0,151467.4,149824.05,149824.05,0.019309817,10.343612,8.540182,8.540149
4.2492194,0.0033313723,0.005183684,70000.0,151467.4,149824.06,149824.03,0.019309817,10.343611,8.540176,8.54015
4.2492194,0.003876179,0.0027897456,70000.0,151467.38,149824.03,149824.03,0.019309817,10.3435755,8.54018,8.54015
4.2492194,0.0034972432,0.0075996094,70000.0,151467.33,149824.03,149824.06,0.019309817,10.343053,8.540176,8.54015
4.2492194,0.0034512628,0.0011242239,70000.0,151467.31,149824.03,149824.05,0.019309817,10.343655,8.540183,8.540148
4.2492194,0.0036659765,0.0053615402,70000.0,151467.38,149824.05,149824.06,0.019309817,10.34348,8.540178,8.54015
4.2492194,0.0036915422,0.0037338291,70000.0,151467.42,149824.06,149824.05,0.019309817,10.34362,8.540178,8.54015
4.2492194,0.0036917203,0.000993639,70000.0,151467.39,149824.05,149824.06,0.019309817,10.343552,8.540184,8.540148
4.2492194,0.0036415397,0.0017910493,70000.0,151467.33,149824.05,149824.05,0.019309817,10.343377,8.540182,8.540151
4.2492194,0.003869462,0.002397161,70000.0,151467.42,149824.05,149824.06,0.019309817,10.343823,8.540181,8.54015
4.2492194,0.0037945297,0.0012205468,70000.0,151467.36,149824.05,149824.08,0.019309817,10.343406,8.540183,8.540151
4.2492194,0.0035403382,0.0034739631,70000.0,151467.4,149824.08,149824.05,0.019309817,10.343483,8.540178,8.540151
4.2492194,0.003820122,0.0039648977,70000.0,151467.38,149824.06,149824.06,0.019309817,10.343509,8.54018,8.54015
4.2492194,0.0036435635,0.0024234017,70000.0,151467.34,149824.05,149824.06,0.019309817,10.343433,8.540182,8.54015
4.2492194,0.004260404,0.0011066666,70000.0,151467.39,149824.05,149824.05,0.019309817,10.343378,8.540184,8.54015
4.2492194,0.004330268,0.0010852887,70000.0,151467.39,149824.05,149824.05,0.019309817,10.343249,8.540184,8.540149
4.2492194,0.003852961,0.0020500105,70000.0,151467.38,149824.03,149824.06,0.019309817,10.343489,8.540181,8.540151
4.2492194,0.0033943504,0.0029027173,70000.0,151467.36,149824.06,149824.06,0.019309817,10.343698,8.540181,8.54015
4.2492194,0.0038580853,0.0034351046,70000.0,151467.44,149824.05,149824.03,0.019309817,10.343542,8.540181,8.540149
4.2492194,0.0046793176,0.0014570659,70000.0,151467.36,149824.05,149824.05,0.019309817,10.343187,8.540182,8.540151
4.2492194,0.0041935463,0.0017436654,70000.0,151467.39,149824.03,149824.06,0.019309817,10.343243,8.540183,8.54015
4.2492194,0.0041366434,0.0037563483,70000.0,151467.36,149824.06,149824.05,0.019309817,10.343025,8.54018,8.54015
4.2492194,0.0035531407,0.0012042648,70000.0,151467.31,149824.05,149824.08,0.019309817,10.343275,8.540184,8.54015
4.2492194,0.0036659103,0.0053189113,70000.0,151467.33,149824.05,149824.05,0.019309817,10.343057,8.540176,8.540149
4.2492194,0.004043061,0.0036520723,70000.0,151467.39,149824.06,149824.06,0.019309817,10.343209,8.540179,8.540151
4.2492194,0.0030915667,0.0074318526,70000.0,151467.39,149824.06,149824.05,0.019309817,10.343311,8.5401745,8.540151
4.2492194,0.003806682,0.0020234562,70000.0,151467.33,149824.03,149824.05,0.019309817,10.343081,8.540182,8.54015
4.2492194,0.0032945976,0.00692984,70000.0,151467.36,149824.06,149824.06,0.019309817,10.343635,8.540175,8.54015
4.2492194,0.0036734592,0.008004296,70000.0,151467.39,149824.08,149824.05,0.019309817,10.343192,8.5401745,8.540151
4.2492194,0.0037184423,0.0026799948,70000.0,151467.36,149824.05,149824.06,0.019309817,10.343242,8.54018,8.540149
4.2492194,0.0040102154,0.0013555469,70000.0,151467.33,149824.03,149824.05,0.019309817,10.343089,8.540183,8.54015
4.2492194,0.0033800902,0.001879863,70000.0,151467.4,149824.05,149824.05,0.019309817,10.343609,8.540182,8.540151
4.2492194,0.0036648863,0.003587089,70000.0,151467.4,149824.06,149824.05,0.019309817,10.343197,8.54018,8.54015
4.2492194,0.0035634763,0.0036801195,70000.0,151467.44,149824.05,149824.05,0.019309817,10.343519,8.540178,8.54015
4.2492194,0.0033108725,0.0020981054,70000.0,151467.4,149824.05,149824.06,0.019309817,10.343532,8.540181,8.540149
4.2492194,0.0032110275,0.0023323267,70000.0,151467.34,149824.05,149824.08,0.019309817,10.343226,8.540181,8.540149
4.2492194,0.0034172484,0.00555316,70000.0,151467.45,149824.05,149824.03,0.019309817,10.34372,8.540176,8.54015
4.2492194,0.003694825,0.0014688405,70000.0,151467.4,149824.03,149824.06,0.019309817,10.3435,8.540183,8.54015
4.2492194,0.003225745,0.0052355547,70000.0,151467.42,149824.06,149824.06,0.019309817,10.343295,8.540177,8.54015
4.2492194,0.0035557977,0.010674952,70000.0,151467.44,149824.06,149824.06,0.019309817,10.343855,8.540174,8.54015
4.2492194,0.0038616022,0.0014155562,70000.0,151467.44,149824.03,149824.03,0.019309817,10.343584,8.540183,8.54015
4.2492194,0.0035838028,0.0030390504,70000.0,151467.34,149824.06,149824.06,0.019309817,10.34333,8.540179,8.54015
4.2492194,0.004121619,0.0012938926,70000.0,151467.34,149824.06,149824.08,0.019309817,10.343514,8.540183,8.54015
4.2492194,0.0035391634,0.0022802788,70000.0,151467.33,149824.06,149824.06,0.019309817,10.3433275,8.540181,8.540151
4.2492194,0.0033643872,0.004472832,70000.0,151467.34,149824.05,149824.03,0.019309817,10.34318,8.540177,8.54015
4.2492194,0.003742147,0.0042543337,70000.0,151467.39,149824.03,149824.08,0.019309817,10.343619,8.540177,8.54015
4.2492194,0.003574413,0.005414112,70000.0,151467.38,149824.06,149824.06,0.019309817,10.343433,8.540177,8.54015
4.2492194,0.003556383,0.008410394,70000.0,151467.39,149824.03,149824.06,0.019309817,10.343369,8.5401745,8.54015
4.2492194,0.003234011,0.0041744947,70000.0,151467.33,149824.03,149824.05,0.019309817,10.343084,8.540178,8.540151
4.2492194,0.0042152693,0.0025467724,70000.0,151467.36,149824.05,149824.05,0.019309817,10.343255,8.540182,8.54015
4.2492194,0.009969358,0.0010738608,70000.0,151467.36,149824.03,149824.08,0.019309817,10.343137,8.540186,8.540151
4.2492194,0.0037824162,0.009399277,70000.0,151467.4,149824.05,149824.06,0.019309817,10.343641,8.540174,8.540149
4.2492194,0.003389877,0.003210831,70000.0,151467.39,149824.06,149824.05,0.019309817,10.343216,8.54018,8.54015
4.2492194,0.0031679203,0.003232879,70000.0,151467.36,149824.05,149824.05,0.019309817,10.343262,8.54018,8.54015
4.2492194,0.0034332562,0.0031620807,70000.0,151467.39,149824.05,149824.05,0.019309817,10.343457,8.54018,8.540149
4.2492194,0.0037772227,0.0033965113,70000.0,151467.39,149824.05,149824.05,0.019309817,10.343458,8.54018,8.54015
4.2492194,0.0030869097,0.0011980264,70000.0,151467.31,149824.06,149824.05,0.019309817,10.343001,8.540184,8.54015
4.2492194,0.0033592249,0.00898281,70000.0,151467.36,149824.06,149824.05,0.019309817,10.343165,8.540174,8.540149
4.2492194,0.0031661347,0.0017867809,70000.0,151467.33,149824.06,149824.05,0.019309817,10.343321,8.540183,8.54015
4.2492194,0.0035922767,0.003402657,70000.0,151467.42,149824.05,149824.03,0.019309817,10.343626,8.54018,8.540151
4.2492194,0.0039034486,0.001521467,70000.0,151467.38,149824.05,149824.05,0.019309817,10.343419,8.540183,8.540149
4.2492194,0.0037683877,0.0011705116,70000.0,151467.39,149824.05,149824.06,0.019309817,10.343289,8.540184,8.540149
4.2492194,0.0041921646,0.0055839266,70000.0,151467.38,149824.06,149824.08,0.019309817,10.343163,8.540177,8.540149
4.2492194,0.004650148,0.0010718697,70000.0,151467.36,149824.06,149824.05,0.019309817,10.343544,8.540185,8.54015
4.2492194,0.0049944418,0.0046241274,70000.0,151467.39,149824.05,149824.05,0.019309817,10.343394,8.540177,8.54015
4.2492194,0.0040643797,0.0051742084,70000.0,151467.39,149824.05,149824.06,0.019309817,10.3432865,8.540177,8.54015
4.2492194,0.0037992129,0.0013236379,70000.0,151467.34,149824.03,149824.05,0.019309817,10.343614,8.540183,8.540149
4.2492194,0.0034679312,0.0012713657,70000.0,151467.38,149824.05,149824.05,0.019309817,10.343514,8.540184,8.54015
4.2492194,0.0037765172,0.005745618,70000.0,151467.36,149824.05,149824.05,0.019309817,10.34367,8.540176,8.540149
4.2492194,0.003853179,0.0021148708,70000.0,151467.34,149824.06,149824.06,0.019309817,10.34355,8.540181,8.54015
4.2492194,0.003875141,0.00609245,70000.0,151467.31,149824.05,149824.06,0.019309817,10.343049,8.540176,8.540151
4.2492194,0.003882575,0.006031185,70000.0,151467.45,149824.05,149824.05,0.019309817,10.343938,8.540176,8.54015
4.2492194,0.003645095,0.0032818972,70000.0,151467.4,149824.06,149824.06,0.019309817,10.343285,8.54018,8.54015
4.2492194,0.0031434805,0.0033735943,70000.0,151467.4,149824.05,149824.08,0.019309817,10.343366,8.540179,8.54015
4.2492194,0.0032499507,0.0018488896,70000.0,151467.4,149824.05,149824.05,0.019309817,10.343399,8.540183,8.540151
4.2492194,0.0033992466,0.0018939496,70000.0,151467.39,149824.05,149824.06,0.019309817,10.343851,8.540181,8.54015
4.2492194,0.0041234028,0.001316143,70000.0,151467.38,149824.03,149824.06,0.019309817,10.3433895,8.540183,8.54015
4.2492194,0.0037186693,0.0052835476,70000.0,151467.42,149824.05,149824.03,0.019309817,10.34339,8.540177,8.54015
4.2492194,0.0032952104,0.0017879026,70000.0,151467.38,149824.05,149824.06,0.019309817,10.34378,8.540181,8.540149
4.2492194,0.0029994417,0.0048831454,70000.0,151467.42,149824.05,149824.05,0.019309817,10.343851,8.540177,8.54015
4.2492194,0.0029810574,0.0023378388,70000.0,151467.36,149824.05,149824.08,0.019309817,10.343194,8.540182,8.540151
4.2492194,0.003614776,0.007363274,70000.0,151467.33,149824.05,149824.06,0.019309817,10.343108,8.5401745,8.54015
4.2492194,0.0035102428,0.001003097,70000.0,151467.39,149824.05,149824.08,0.019309817,10.343448,8.540184,8.54015
4.2492194,0.0037261844,0.0009827666,70000.0,151467.33,149824.03,149824.06,0.019309817,10.343363,8.540185,8.54015
4.2492194,0.0033299224,0.0047176178,70000.0,151467.44,149824.02,149824.06,0.019309817,10.34362,8.540178,8.54015
4.2492194,0.003689692,0.0022792674,70000.0,151467.39,149824.03,149824.05,0.019309817,10.343368,8.540182,8.54015
4.2492194,0.0034332569,0.0033093446,70000.0,151467.38,149824.05,149824.03,0.019309817,10.343284,8.540179,8.54015
4.2492194,0.00411207,0.0025257675,70000.0,151467.33,149824.03,149824.06,0.019309817,10.343251,8.540182,8.540151
4.2492194,0.0044629257,0.00432506,70000.0,151467.4,149824.05,149824.05,0.019309817,10.343389,8.540179,8.540149
4.2492194,0.0029753072,0.000967695,70000.0,151467.38,149824.02,149824.05,0.019309817,10.343532,8.540184,8.54015
4.2492194,0.0034992269,0.0014028122,70000.0,151467.42,149824.05,149824.06,0.019309817,10.343425,8.540183,8.54015
4.2492194,0.0035737865,0.0020252992,70000.0,151467.38,149824.05,149824.05,0.019309817,10.343269,8.540181,8.54015
4.2492194,0.0035722335,0.0010147712,70000.0,151467.34,149824.06,149824.06,0.019309817,10.343316,8.540185,8.540149
4.2492194,0.0042440053,0.0028651839,70000.0,151467.42,149824.03,149824.06,0.019309817,10.343335,8.540181,8.540152
4.2492194,0.0036931725,0.002106362,70000.0,151467.34,149824.03,149824.06,0.019309817,10.343428,8.540182,8.54015
4.2492194,0.003644352,0.0028510063,70000.0,151467.36,149824.05,149824.06,0.019309817,10.343441,8.54018,8.54015
4.2492194,0.0036523284,0.0011637862,70000.0,151467.38,149824.08,149824.05,0.019309817,10.343247,8.540184,8.540148
4.2492194,0.0036714089,0.0030201937,70000.0,151467.4,149824.08,149824.08,0.019309817,10.343471,8.54018,8.54015
4.2492194,0.0035880152,0.00197667,70000.0,151467.4,149824.03,149824.06,0.019309817,10.343587,8.540183,8.54015
4.2492194,0.003922452,0.005496111,70000.0,151467.45,149824.05,149824.05,0.019309817,10.343703,8.540177,8.54015
4.2492194,0.004040744,0.0010412371,70000.0,151467.38,149824.05,149824.03,0.019309817,10.343304,8.540185,8.540149
4.2492194,0.0037284906,0.0046583745,70000.0,151467.36,149824.03,149824.06,0.019309817,10.343436,8.540177,8.54015
4.2492194,0.0034759752,0.0045136316,70000.0,151467.36,149824.03,149824.06,0.019309817,10.343334,8.540179,8.540151
4.2492194,0.0034843234,0.0009825487,70000.0,151467.38,149824.05,149824.06,0.019309817,10.343354,8.540185,8.540149
4.2492194,0.0035941496,0.0040307483,70000.0,151467.31,149824.05,149824.08,0.019309817,10.343087,8.540179,8.540151
4.2492194,0.0037895297,0.0053967433,70000.0,151467.42,149824.06,149824.05,0.019309817,10.343671,8.540178,8.54015
4.2492194,0.0034543234,0.004649408,70000.0,151467.39,149824.06,149824.05,0.019309817,10.343432,8.540177,8.540149
4.2492194,0.0031139492,0.0045813546,70000.0,151467.39,149824.06,149824.05,0.019309817,10.343398,8.540177,8.540149
4.2492194,0.0034850303,0.00231558,70000.0,151467.42,149824.05,149824.06,0.019309817,10.343696,8.540181,8.540151
4.2492194,0.0036090955,0.003529838,70000.0,151467.39,149824.05,149824.03,0.019309817,10.343454,8.540179,8.540151
4.2492194,0.003547675,0.0009820977,70000.0,151467.34,149824.05,149824.05,0.019309817,10.343342,8.540184,8.54015
4.2492194,0.004149003,0.0011043783,70000.0,151467.36,149824.06,149824.05,0.019309817,10.343207,8.540186,8.540149
4.2492194,0.0038137645,0.0069013047,70000.0,151467.36,149824.05,149824.05,0.019309817,10.343184,8.5401745,8.54015
4.2492194,0.0036786902,0.0010022318,70000.0,151467.39,149824.05,149824.08,0.019309817,10.343558,8.540184,8.540151
4.2492194,0.0031322218,0.001901256,70000.0,151467.31,149824.05,149824.06,0.019309817,10.343341,8.540181,8.54015
4.2492194,0.0037751286,0.0043280274,70000.0,151467.38,149824.06,149824.06,0.019309817,10.343471,8.540177,8.540149
4.2492194,0.0036618712,0.0016715324,70000.0,151467.38,149824.06,149824.08,0.019309817,10.343491,8.540182,8.54015
4.2492194,0.004348674,0.0011299601,70000.0,151467.33,149824.06,149824.05,0.019309817,10.34313,8.540185,8.540151
4.2492194,0.004207564,0.0028898662,70000.0,151467.36,149824.05,149824.05,0.019309817,10.343595,8.540181,8.540149
4.2492194,0.0038092076,0.0010662251,70000.0,151467.31,149824.03,149824.05,0.019309817,10.343121,8.540183,8.54015
4.2492194,0.0039108563,0.0010367695,70000.0,151467.39,149824.05,149824.06,0.019309817,10.3433075,8.540185,8.540151
4.2492194,0.003924205,0.0016465439,70000.0,151467.36,149824.05,149824.08,0.019309817,10.3430195,8.540183,8.54015
4.2492194,0.0034650576,0.006711394,70000.0,151467.34,149824.05,149824.06,0.019309817,10.343063,8.540176,8.54015
4.2492194,0.003281499,0.005595258,70000.0,151467.42,149824.03,149824.05,0.019309817,10.34356,8.540177,8.540149
4.2492194,0.004022047,0.0011053637,70000.0,151467.36,149824.03,149824.05,0.019309817,10.343386,8.540184,8.540151
4.2492194,0.0038902937,0.00143854,70000.0,151467.31,149824.06,149824.06,0.019309817,10.34336,8.540184,8.54015
4.2492194,0.003371466,0.0045404434,70000.0,151467.31,149824.05,149824.05,0.019309817,10.343582,8.540177,8.54015
4.2492194,0.0038816158,0.0017384945,70000.0,151467.38,149824.05,149824.05,0.019309817,10.343644,8.540182,8.54015
4.2492194,0.0035836902,0.0016650852,70000.0,151467.38,149824.05,149824.03,0.019309817,10.343261,8.540183,8.54015
4.2492194,0.0032631066,0.0031517844,70000.0,151467.38,149824.05,149824.06,0.019309817,10.343629,8.540181,8.540151
4.2492194,0.0035790266,0.0044061504,70000.0,151467.4,149824.05,149824.06,0.019309817,10.343691,8.540179,8.54015
4.2492194,0.0036632884,0.0017126439,70000.0,151467.36,149824.05,149824.05,0.019309817,10.343302,8.540183,8.54015
4.2492194,0.0032142538,0.0055851564,70000.0,151467.39,149824.05,149824.05,0.019309817,10.343236,8.540176,8.54015
4.2492194,0.0033347043,0.001032715,70000.0,151467.33,149824.08,149824.08,0.019309817,10.343658,8.540184,8.54015
4.2492194,0.0035664483,0.0015217031,70000.0,151467.34,149824.06,149824.06,0.019309817,10.3436365,8.540183,8.540151
4.2492194,0.003522673,0.005651149,70000.0,151467.39,149824.03,149824.05,0.019309817,10.343714,8.540176,8.540149
4.2492194,0.0032577957,0.0014150603,70000.0,151467.36,149824.03,149824.05,0.019309817,10.343365,8.540183,8.540151
4.2492194,0.0037067067,0.00444341,70000.0,151467.45,149824.06,149824.08,0.019309817,10.343725,8.540178,8.540151
4.2492194,0.0043017687,0.0013449151,70000.0,151467.42,149824.05,149824.03,0.019309817,10.343568,8.540184,8.540149
4.2492194,0.004039358,0.002608701,70000.0,151467.36,149824.06,149824.03,0.019309817,10.343428,8.54018,8.54015
4.2492194,0.0038635766,0.0036669574,70000.0,151467.45,149824.03,149824.08,0.019309817,10.343398,8.54018,8.54015
4.2492194,0.0041017123,0.0031592702,70000.0,151467.42,149824.05,149824.06,0.019309817,10.343384,8.54018,8.54015
4.2492194,0.0036086966,0.0054515614,70000.0,151467.33,149824.03,149824.05,0.019309817,10.342986,8.540177,8.540149
4.2492194,0.004116994,0.0051256204,70000.0,151467.38,149824.08,149824.05,0.019309817,10.343437,8.540177,8.54015
4.2492194,0.00344757,0.004297894,70000.0,151467.33,149824.03,149824.05,0.019309817,10.343525,8.540178,8.540149
4.2492194,0.0035374116,0.00812981,70000.0,151467.38,149824.05,149824.06,0.019309817,10.343423,8.5401745,8.54015
4.2492194,0.0038694455,0.0010091272,70000.0,151467.36,149824.05,149824.05,0.019309817,10.343375,8.540184,8.540149
4.2492194,0.003358478,0.0035560029,70000.0,151467.34,149824.05,149824.05,0.019309817,10.343511,8.540179,8.54015
4.2492194,0.003397335,0.0013946387,70000.0,151467.42,149824.06,149824.05,0.019309817,10.343551,8.540183,8.540148
4.2492194,0.0032458452,0.0009681924,70000.0,151467.4,149824.05,149824.06,0.019309817,10.343839,8.540183,8.540149
4.2492194,0.0035855474,0.0030774034,70000.0,151467.36,149824.05,149824.08,0.019309817,10.343162,8.540181,8.54015
4.2492194,0.0044367546,0.0010613246,70000.0,151467.4,149824.05,149824.06,0.019309817,10.343425,8.540184,8.540149
4.2492194,0.003481108,0.0012699229,70000.0,151467.39,149824.03,149824.03,0.019309817,10.343796,8.540183,8.54015
4.2492194,0.0031666085,0.0022518185,70000.0,151467.34,149824.03,149824.05,0.019309817,10.343285,8.540181,8.540149
4.2492194,0.0034716048,0.0036905324,70000.0,151467.31,149824.05,149824.08,0.019309817,10.343091,8.540179,8.540152
4.2492194,0.0038300736,0.0009868541,70000.0,151467.34,149824.06,149824.05,0.019309817,10.343575,8.540184,8.54015
4.2492194,0.0037362715,0.0028765341,70000.0,151467.33,149824.06,149824.08,0.019309817,10.34321,8.54018,8.54015
4.2492194,0.003554807,0.0009819084,70000.0,151467.36,149824.03,149824.05,0.019309817,10.342984,8.540184,8.54015
4.2492194,0.0035919843,0.00096918514,70000.0,151467.38,149824.05,149824.08,0.019309817,10.3433,8.540185,8.54015
4.2492194,0.0037528942,0.0014793759,70000.0,151467.4,149824.06,149824.05,0.019309817,10.343609,8.540183,8.540149
4.2492194,0.003861415,0.0076087606,70000.0,151467.38,149824.05,149824.08,0.019309817,10.343424,8.5401745,8.540151
4.2492194,0.0031271998,0.0015648437,70000.0,151467.36,149824.05,149824.05,0.019309817,10.34345,8.540182,8.54015
4.2492194,0.0036785784,0.0034207373,70000.0,151467.36,149824.05,149824.08,0.019309817,10.3432255,8.540179,8.540151
4.2492194,0.0034162323,0.0014704472,70000.0,151467.34,149824.05,149824.05,0.019309817,10.34313,8.540184,8.54015
4.2492194,0.0035005487,0.0010696057,70000.0,151467.36,149824.05,149824.06,0.019309817,10.343411,8.540183,8.540149
4.2492194,0.003465601,0.003881043,70000.0,151467.34,149824.05,149824.06,0.019309817,10.343132,8.540179,8.54015
4.2492194,0.0037166297,0.005626899,70000.0,151467.42,149824.06,149824.08,0.019309817,10.34368,8.540177,8.540151
4.2492194,0.0035309994,0.0064823986,70000.0,151467.42,149824.05,149824.03,0.019309817,10.343541,8.540176,8.540149
4.2492194,0.0032340742,0.0057727373,70000.0,151467.36,149824.05,149824.05,0.019309817,10.343478,8.540175,8.540149
4.2492194,0.0028265736,0.0024859211,70000.0,151467.36,149824.05,149824.05,0.019309817,10.343304,8.540182,8.54015
4.2492194,0.0031712842,0.00297074,70000.0,151467.39,149824.05,149824.08,0.019309817,10.343492,8.54018,8.540151
4.2492194,0.0036066978,0.004396387,70000.0,151467.39,149824.06,149824.06,0.019309817,10.343904,8.540177,8.540151
4.2492194,0.0030284708,0.0027066448,70000.0,151467.4,149824.05,149824.06,0.019309817,10.343399,8.540179,8.54015
4.2492194,0.0033443545,0.0035335636,70000.0,151467.4,149824.06,149824.05,0.019309817,10.3434725,8.540179,8.540149
4.2492194,0.0034819834,0.0014670114,70000.0,151467.4,149824.05,149824.06,0.019309817,10.343638,8.540183,8.54015
4.2492194,0.0034925817,0.003312616,70000.0,151467.44,149824.05,149824.06,0.019309817,10.343599,8.54018,8.54015
4.2492194,0.003089187,0.0044019255,70000.0,151467.39,149824.05,149824.06,0.019309817,10.343345,8.540178,8.54015
4.2492194,0.0035337782,0.0041302526,70000.0,151467.31,149824.03,149824.05,0.019309817,10.343429,8.540178,8.54015
4.2492194,0.0037929541,0.0014873793,70000.0,151467.39,149824.06,149824.05,0.019309817,10.343547,8.540183,8.54015
4.2492194,0.0036636386,0.0018756231,70000.0,151467.36,149824.05,149824.03,0.019309817,10.343288,8.540182,8.540149
4.2492194,0.00347599,0.0012056443,70000.0,151467.4,149824.05,149824.05,0.019309817,10.343415,8.540184,8.54015
4.2492194,0.0037935919,0.0057860874,70000.0,151467.4,149824.05,149824.03,0.019309817,10.343682,8.540177,8.54015
4.2492194,0.0036687371,0.0050143218,70000.0,151467.39,149824.05,149824.05,0.019309817,10.342915,8.540177,8.54015
4.2492194,0.0033742215,0.0021437414,70000.0,151467.31,149824.05,149824.06,0.019309817,10.3432,8.540181,8.54015
4.2492194,0.0036131227,0.0015482773,70000.0,151467.39,149824.05,149824.06,0.019309817,10.34346,8.540183,8.540149
4.2492194,0.0037753582,0.0036280265,70000.0,151467.33,149824.06,149824.03,0.019309817,10.343144,8.540179,8.54015
4.2492194,0.0037716846,0.0011287661,70000.0,151467.33,149824.06,149824.05,0.019309817,10.343154,8.540184,8.540149
4.2492194,0.0035711844,0.001563652,70000.0,151467.34,149824.05,149824.06,0.019309817,10.343375,8.540183,8.540149
4.2492194,0.003803576,0.0047154706,70000.0,151467.36,149824.08,149824.03,0.019309817,10.3435755,8.540178,8.540151
4.2492194,0.0040904507,0.001026247,70000.0,151467.42,149824.05,149824.06,0.019309817,10.343366,8.540184,8.540151
4.2492194,0.0033928351,0.0011373918,70000.0,151467.33,149824.06,149824.05,0.019309817,10.343131,8.540185,8.540151
4.2492194,0.0035737737,0.0011329228,70000.0,151467.45,149824.05,149824.06,0.019309817,10.343588,8.540184,8.54015
4.2492194,0.003996303,0.005223544,70000.0,151467.44,149824.03,149824.06,0.019309817,10.343525,8.540178,8.54015
4.2492194,0.0035040532,0.0010821534,70000.0,151467.39,149824.05,149824.08,0.019309817,10.343333,8.540183,8.540149
4.2492194,0.0032949436,0.0045946506,70000.0,151467.36,149824.05,149824.08,0.019309817,10.34339,8.540178,8.540151
4.2492194,0.0034592184,0.007511983,70000.0,151467.4,149824.05,149824.05,0.019309817,10.343662,8.5401745,8.54015
4.2492194,0.0039959834,0.001568739,70000.0,151467.33,149824.06,149824.05,0.019309817,10.34322,8.540183,8.54015
4.2492194,0.0038809672,0.0009957392,70000.0,151467.39,149824.05,149824.06,0.019309817,10.343242,8.540185,8.54015
4.2492194,0.0039726347,0.0010248072,70000.0,151467.38,149824.06,149824.05,0.019309817,10.343102,8.540185,8.54015
4.2492194,0.003962188,0.0013687884,70000.0,151467.33,149824.05,149824.06,0.019309817,10.3427725,8.540183,8.54015
4.2492194,0.0034465403,0.0015570124,70000.0,151467.33,149824.05,149824.06,0.019309817,10.342941,8.540183,8.54015
4.2492194,0.0036618654,0.0028887978,70000.0,151467.4,149824.03,149824.06,0.019309817,10.343396,8.54018,8.54015
4.2492194,0.0034004017,0.0047486676,70000.0,151467.36,149824.03,149824.06,0.019309817,10.3431635,8.540177,8.540151
4.2492194,0.003614043,0.000966039,70000.0,151467.39,149824.06,149824.05,0.019309817,10.3433,8.540184,8.54015
4.2492194,0.0033636368,0.005847367,70000.0,151467.36,149824.05,149824.03,0.019309817,10.343286,8.540176,8.54015
4.2492194,0.0036282968,0.0009867286,70000.0,151467.39,149824.06,149824.08,0.019309817,10.343736,8.540186,8.54015
4.2492194,0.0032673983,0.0012420657,70000.0,151467.42,149824.05,149824.05,0.019309817,10.343521,8.540183,8.54015
4.2492194,0.004171878,0.0009854432,70000.0,151467.36,149824.08,149824.06,0.019309817,10.343203,8.540185,8.540149
4.2492194,0.004357784,0.00096454174,70000.0,151467.38,149824.06,149824.05,0.019309817,10.343409,8.540185,8.540149
4.2492194,0.0036141055,0.0013365824,70000.0,151467.48,149824.05,149824.05,0.019309817,10.343839,8.540184,8.540151
4.2492194,0.0040194932,0.003488851,70000.0,151467.36,149824.05,149824.05,0.019309817,10.3433895,8.54018,8.54015
4.2492194,0.0037848845,0.004321775,70000.0,151467.4,149824.05,149824.06,0.019309817,10.343229,8.540178,8.540151
4.2492194,0.00309664,0.00091750146,70000.0,151467.38,149824.03,149824.05,0.019309817,10.343349,8.540184,8.54015
4.2492194,0.0034669144,0.00093780545,70000.0,151467.39,149824.05,149824.06,0.019309817,10.343277,8.540185,8.54015
4.2492194,0.0038718428,0.0030774162,70000.0,151467.4,149824.03,149824.06,0.019309817,10.343315,8.54018,8.54015
4.2492194,0.0031805625,0.0023815567,70000.0,151467.38,149824.05,149824.05,0.019309817,10.343415,8.540181,8.540151
4.2492194,0.0034415848,0.001395837,70000.0,151467.4,149824.03,149824.08,0.019309817,10.343254,8.540183,8.54015
4.2492194,0.0039338996,0.001282089,70000.0,151467.38,149824.05,149824.06,0.019309817,10.343434,8.540184,8.54015
4.2492194,0.003787377,0.0012489303,70000.0,151467.38,149824.05,149824.06,0.019309817,10.343566,8.540184,8.54015
4.2492194,0.0034944592,0.0048756604,70000.0,151467.39,149824.06,149824.06,0.019309817,10.343564,8.540177,8.540149
4.2492194,0.0031443385,0.0056067184,70000.0,151467.34,149824.05,149824.05,0.019309817,10.343117,8.540176,8.540151
4.2492194,0.0036539051,0.0037469156,70000.0,151467.33,149824.03,149824.08,0.019309817,10.343475,8.540178,8.540148
4.2492194,0.003674002,0.002612831,70000.0,151467.36,149824.05,149824.05,0.019309817,10.343424,8.540181,8.54015
4.2492194,0.002970298,0.0014789448,70000.0,151467.34,149824.05,149824.06,0.019309817,10.343366,8.540183,8.54015
4.2492194,0.0033644054,0.0033794953,70000.0,151467.34,149824.05,149824.06,0.019309817,10.343415,8.54018,8.540149
4.2492194,0.0038350832,0.005137036,70000.0,151467.38,149824.06,149824.05,0.019309817,10.34376,8.540177,8.540151
4.2492194,0.0035677454,0.0040255575,70000.0,151467.39,149824.05,149824.06,0.019309817,10.343453,8.540179,8.540149
4.2492194,0.0037786243,0.0045982306,70000.0,151467.38,149824.05,149824.08,0.019309817,10.343693,8.540178,8.540151
4.2492194,0.0041676434,0.0056666457,70000.0,151467.38,149824.05,149824.06,0.019309817,10.343534,8.540176,8.540149
4.2492194,0.0036193645,0.006900108,70000.0,151467.39,149824.05,149824.03,0.019309817,10.3434,8.540175,8.54015
4.2492194,0.0036047033,0.0014228174,70000.0,151467.4,149824.05,149824.06,0.019309817,10.343611,8.540183,8.540151
4.2492194,0.0030023414,0.001733709,70000.0,151467.44,149824.06,149824.03,0.019309817,10.34366,8.540183,8.54015
4.2492194,0.0031523244,0.005683349,70000.0,151467.44,149824.06,149824.06,0.019309817,10.343711,8.540175,8.54015
4.2492194,0.0033923367,0.0009095127,70000.0,151467.39,149824.06,149824.06,0.019309817,10.343433,8.540185,8.54015
4.2492194,0.004051146,0.0009514042,70000.0,151467.42,149824.06,149824.06,0.019309817,10.343543,8.540185,8.540149
4.2492194,0.0040202383,0.0021442967,70000.0,151467.4,149824.05,149824.06,0.019309817,10.343334,8.540181,8.54015
4.2492194,0.0038570436,0.0011734506,70000.0,151467.4,149824.03,149824.05,0.019309817,10.343073,8.540184,8.540149
4.2492194,0.0032977005,0.0051753493,70000.0,151467.38,149824.06,149824.06,0.019309817,10.343682,8.540176,8.540149
4.2492194,0.003475475,0.00471747,70000.0,151467.4,149824.06,149824.05,0.019309817,10.3438015,8.540178,8.540149
4.2492194,0.0031210012,0.00353642,70000.0,151467.34,149824.06,149824.06,0.019309817,10.343571,8.540178,8.54015
4.2492194,0.0037172406,0.0012319577,70000.0,151467.44,149824.05,149824.05,0.019309817,10.343711,8.540184,8.540151
4.2492194,0.0038055917,0.0012722699,70000.0,151467.4,149824.06,149824.05,0.019309817,10.34329,8.540184,8.540151
4.2492194,0.0032876192,0.00092145975,70000.0,151467.38,149824.06,149824.05,0.019309817,10.3433075,8.540184,8.54015
4.2492194,0.0035345457,0.00092681556,70000.0,151467.38,149824.03,149824.06,0.019309817,10.343263,8.540185,8.54015
4.2492194,0.0033494607,0.0010713666,70000.0,151467.44,149824.05,149824.08,0.019309817,10.343402,8.540183,8.540151
4.2492194,0.0038407182,0.0068840096,70000.0,151467.34,149824.06,149824.06,0.019309817,10.343442,8.540175,8.540149
4.2492194,0.003910126,0.004137556,70000.0,151467.45,149824.05,149824.05,0.019309817,10.343681,8.540179,8.54015
4.2492194,0.0035170456,0.007234761,70000.0,151467.36,149824.03,149824.03,0.019309817,10.3433485,8.5401745,8.54015
4.2492194,0.00325252,0.004177857,70000.0,151467.42,149824.05,149824.08,0.019309817,10.343833,8.540178,8.54015
4.2492194,0.0032043804,0.0023700728,70000.0,151467.42,149824.03,149824.05,0.019309817,10.343398,8.540181,8.540151
4.2492194,0.0033383789,0.0034774183,70000.0,151467.36,149824.05,149824.05,0.019309817,10.343068,8.540179,8.540149
4.2492194,0.0033361875,0.0009356448,70000.0,151467.4,149824.06,149824.05,0.019309817,10.343191,8.540185,8.54015
4.2492194,0.003078165,0.001756693,70000.0,151467.34,149824.08,149824.05,0.019309817,10.343508,8.540181,8.54015
4.2492194,0.0035007081,0.00871215,70000.0,151467.39,149824.05,149824.05,0.019309817,10.343681,8.5401745,8.54015
4.2492194,0.0031754007,0.004285996,70000.0,151467.39,149824.08,149824.06,0.019309817,10.343404,8.540179,8.54015
4.2492194,0.0034593295,0.0013466596,70000.0,151467.36,149824.06,149824.05,0.019309817,10.343535,8.540184,8.540149
4.2492194,0.0034695968,0.0015957385,70000.0,151467.42,149824.06,149824.03,0.019309817,10.343779,8.540182,8.54015
4.2492194,0.0033391,0.0038449317,70000.0,151467.38,149824.06,149824.05,0.019309817,10.343228,8.540179,8.54015
4.2492194,0.0035938309,0.0037540554,70000.0,151467.44,149824.05,149824.05,0.019309817,10.343475,8.540178,8.540149
4.2492194,0.0032711246,0.0050796997,70000.0,151467.4,149824.05,149824.05,0.019309817,10.343663,8.540175,8.54015
4.2492194,0.003609288,0.0011441027,70000.0,151467.33,149824.05,149824.03,0.019309817,10.343333,8.540184,8.540149
4.2492194,0.003727856,0.0010248683,70000.0,151467.36,149824.06,149824.05,0.019309817,10.34339,8.540185,8.540149
4.2492194,0.003751298,0.0009174217,70000.0,151467.42,149824.05,149824.05,0.019309817,10.343222,8.540185,8.540149
4.2492194,0.0035909207,0.0057918713,70000.0,151467.33,149824.06,149824.06,0.019309817,10.342871,8.540176,8.540149
4.2492194,0.0035628735,0.0010793137,70000.0,151467.33,149824.03,149824.05,0.019309817,10.343027,8.540184,8.540149
4.2492194,0.0033456874,0.005153347,70000.0,151467.33,149824.05,149824.06,0.019309817,10.343255,8.540177,8.540151
4.2492194,0.0031860974,0.0039009806,70000.0,151467.38,149824.06,149824.08,0.019309817,10.343421,8.54018,8.54015
4.2492194,0.003621256,0.002155717,70000.0,151467.38,149824.05,149824.06,0.019309817,10.343504,8.540181,8.540149
4.2492194,0.0037949444,0.0036825223,70000.0,151467.36,149824.05,149824.06,0.019309817,10.343288,8.540178,8.54015
4.2492194,0.0037695467,0.00094996026,70000.0,151467.4,149824.05,149824.03,0.019309817,10.343544,8.540185,8.540149
4.2492194,0.0032418838,0.0036297876,70000.0,151467.39,149824.06,149824.05,0.019309817,10.343501,8.540179,8.540151
4.2492194,0.0034068986,0.0021742696,70000.0,151467.39,149824.05,149824.05,0.019309817,10.343428,8.540182,8.540149
4.2492194,0.0032703944,0.0038107506,70000.0,151467.36,149824.03,149824.08,0.019309817,10.343273,8.540178,8.540149
4.2492194,0.0037808502,0.0013190082,70000.0,151467.36,149824.05,149824.05,0.019309817,10.343469,8.540183,8.540149
4.2492194,0.0037692653,0.0077530053,70000.0,151467.36,149824.05,149824.06,0.019309817,10.343551,8.5401745,8.54015
4.2492194,0.003297095,0.0024322367,70000.0,151467.42,149824.03,149824.05,0.019309817,10.343587,8.540182,8.54015
4.2492194,0.0035667722,0.0022591113,70000.0,151467.36,149824.03,149824.05,0.019309817,10.343287,8.540181,8.54015
4.2492194,0.0036408217,0.0010593294,70000.0,151467.38,149824.06,149824.05,0.019309817,10.343453,8.540185,8.54015
4.2492194,0.0031589456,0.0013210762,70000.0,151467.38,149824.03,149824.05,0.019309817,10.34336,8.540183,8.540151
4.2492194,0.0028597228,0.0028229577,70000.0,151467.36,149824.03,149824.05,0.019309817,10.343618,8.54018,8.54015
4.2492194,0.002809936,0.0019768206,70000.0,151467.38,149824.03,149824.05,0.019309817,10.343562,8.540182,8.54015
4.2492194,0.003183001,0.0036218634,70000.0,151467.38,149824.03,149824.05,0.019309817,10.343364,8.540179,8.540149
4.2492194,0.0036990447,0.0022117854,70000.0,151467.33,149824.05,149824.05,0.019309817,10.343089,8.540181,8.540151
4.2492194,0.0036188008,0.0027539073,70000.0,151467.39,149824.05,149824.08,0.019309817,10.343613,8.540179,8.54015
4.2492194,0.003393149,0.004444754,70000.0,151467.34,149824.05,149824.05,0.019309817,10.343444,8.540177,8.54015
4.2492194,0.0035476584,0.0011743697,70000.0,151467.4,149824.05,149824.05,0.019309817,10.343332,8.540184,8.54015
4.2492194,0.0035581281,0.0021453544,70000.0,151467.4,149824.06,149824.06,0.019309817,10.343625,8.540182,8.54015
4.2492194,0.00386131,0.004907992,70000.0,151467.38,149824.06,149824.08,0.019309817,10.343303,8.540176,8.540151
4.2492194,0.003614416,0.0036717823,70000.0,151467.34,149824.05,149824.03,0.019309817,10.342939,8.540179,8.54015
4.2492194,0.002966871,0.0043500266,70000.0,151467.42,149824.05,149824.06,0.019309817,10.34335,8.54018,8.54015
4.2492194,0.0036784525,0.0013861565,70000.0,151467.36,149824.06,149824.08,0.019309817,10.343527,8.540183,8.54015
4.2492194,0.0034734663,0.0026812959,70000.0,151467.36,149824.05,149824.06,0.019309817,10.343361,8.540181,8.54015
4.2492194,0.0037080944,0.0031341647,70000.0,151467.34,149824.06,149824.06,0.019309817,10.343437,8.54018,8.54015
4.2492194,0.0033498658,0.0010957454,70000.0,151467.44,149824.05,149824.08,0.019309817,10.343503,8.540186,8.540149
4.2492194,0.0036929345,0.005104218,70000.0,151467.34,149824.06,149824.08,0.019309817,10.342933,8.540176,8.54015
4.2492194,0.0035402426,0.00093735673,70000.0,151467.36,149824.05,149824.05,0.019309817,10.343209,8.540184,8.54015
4.2492194,0.003827236,0.002125393,70000.0,151467.38,149824.05,149824.06,0.019309817,10.343181,8.540181,8.540149
4.2492194,0.003546538,0.0040816762,70000.0,151467.42,149824.03,149824.06,0.019309817,10.343577,8.540179,8.54015
4.2492194,0.0037263297,0.0009860785,70000.0,151467.39,149824.06,149824.03,0.019309817,10.34349,8.540185,8.540149
4.2492194,0.002752338,0.0032017662,70000.0,151467.33,149824.06,149824.05,0.019309817,10.343315,8.54018,8.540149
4.2492194,0.00346165,0.0027553602,70000.0,151467.39,149824.05,149824.05,0.019309817,10.343344,8.540181,8.54015
4.2492194,0.002644966,0.002815098,70000.0,151467.34,149824.06,149824.06,0.019309817,10.343179,8.54018,8.540149
4.2492194,0.002894346,0.0010424737,70000.0,151467.39,149824.03,149824.06,0.019309817,10.343323,8.540184,8.540149
4.2492194,0.0031452037,0.001983663,70000.0,151467.4,149824.05,149824.06,0.019309817,10.343379,8.540182,8.54015
4.2492194,0.0036001166,0.0023172088,70000.0,151467.45,149824.06,149824.06,0.019309817,10.343634,8.540182,8.54015
4.2492194,0.0027666304,0.0033804046,70000.0,151467.4,149824.06,149824.05,0.019309817,10.343774,8.54018,8.540151
4.2492194,0.0036697194,0.0012754027,70000.0,151467.36,149824.05,149824.05,0.019309817,10.343357,8.540184,8.54015
4.2492194,0.0037455715,0.0023624983,70000.0,151467.34,149824.06,149824.06,0.019309817,10.343299,8.540181,8.54015
4.2492194,0.0032247275,0.00103257,70000.0,151467.36,149824.05,149824.03,0.019309817,10.343286,8.540183,8.540151
4.2492194,0.0030570051,0.0009776336,70000.0,151467.34,149824.05,149824.06,0.019309817,10.34322,8.540185,8.54015
4.2492194,0.003710368,0.0041602277,70000.0,151467.34,149824.03,149824.05,0.019309817,10.343461,8.540178,8.54015
4.2492194,0.00361784,0.0018708886,70000.0,151467.4,149824.05,149824.05,0.019309817,10.3437,8.540183,8.540149
4.2492194,0.0034793126,0.00355358,70000.0,151467.39,149824.06,149824.03,0.019309817,10.343477,8.540178,8.540149
4.2492194,0.003038174,0.0011572624,70000.0,151467.42,149824.06,149824.05,0.019309817,10.343633,8.540184,8.540151
4.2492194,0.00360801,0.0015077351,70000.0,151467.31,149824.03,149824.06,0.019309817,10.343202,8.540183,8.540149
4.2492194,0.0033905115,0.0009663646,70000.0,151467.4,149824.03,149824.05,0.019309817,10.343479,8.540185,8.54015
4.2492194,0.003662741,0.005781173,70000.0,151467.42,149824.05,149824.06,0.019309817,10.343488,8.540176,8.54015
4.2492194,0.0034231008,0.0036915366,70000.0,151467.38,149824.05,149824.06,0.019309817,10.343588,8.540179,8.540151
4.2492194,0.0039285016,0.001588575,70000.0,151467.36,149824.05,149824.05,0.019309817,10.343394,8.540183,8.54015
4.2492194,0.0037074054,0.0016534338,70000.0,151467.38,149824.03,149824.05,0.019309817,10.343206,8.540183,8.54015
4.2492194,0.0034758816,0.0030496945,70000.0,151467.36,149824.06,149824.06,0.019309817,10.343138,8.540181,8.54015
4.2492194,0.003764116,0.0009591763,70000.0,151467.36,149824.05,149824.05,0.019309817,10.34315,8.540184,8.54015
4.2492194,0.0034809585,0.0022775412,70000.0,151467.42,149824.06,149824.05,0.019309817,10.343502,8.540182,8.54015
4.2492194,0.0028274732,0.0014041177,70000.0,151467.36,149824.05,149824.05,0.019309817,10.343292,8.540183,8.540151
4.2492194,0.0040703597,0.0009963447,70000.0,151467.39,149824.05,149824.06,0.019309817,10.34332,8.540185,8.54015
4.2492194,0.0035463308,0.0043166224,70000.0,151467.44,149824.05,149824.05,0.019309817,10.34387,8.540179,8.54015
4.2492194,0.0033074194,0.0031055345,70000.0,151467.31,149824.05,149824.06,0.019309817,10.343276,8.540181,8.540149
4.2492194,0.004009756,0.0009713747,70000.0,151467.44,149824.06,149824.05,0.019309817,10.343322,8.540185,8.54015
4.2492194,0.003247334,0.00150744,70000.0,151467.36,149824.06,149824.08,0.019309817,10.343387,8.540183,8.540151
4.2492194,0.0035337445,0.003600072,70000.0,151467.39,149824.03,149824.06,0.019309817,10.343589,8.540179,8.540151
4.2492194,0.0036180099,0.0023312897,70000.0,151467.34,149824.06,149824.06,0.019309817,10.343274,8.540181,8.54015
4.2492194,0.0033510767,0.0011256282,70000.0,151467.39,149824.05,149824.03,0.019309817,10.343766,8.540184,8.54015
4.2492194,0.0033896544,0.0038360718,70000.0,151467.39,149824.06,149824.06,0.019309817,10.343331,8.540179,8.540151
4.2492194,0.0033214292,0.003240972,70000.0,151467.38,149824.05,149824.06,0.019309817,10.34319,8.540179,8.54015
4.2492194,0.0034104707,0.002735715,70000.0,151467.38,149824.06,149824.05,0.019309817,10.343338,8.54018,8.540149
4.2492194,0.0035750673,0.0051700748,70000.0,151467.33,149824.06,149824.05,0.019309817,10.343335,8.540177,8.54015
4.2492194,0.003515943,0.0018241995,70000.0,151467.36,149824.05,149824.05,0.019309817,10.343206,8.540182,8.54015
4.2492194,0.0033637602,0.0013112756,70000.0,151467.39,149824.06,149824.05,0.019309817,10.34356,8.540184,8.540148
4.2492194,0.003230059,0.0035580292,70000.0,151467.38,149824.06,149824.06,0.019309817,10.343359,8.54018,8.540149
4.2492194,0.003584397,0.0018381943,70000.0,151467.38,149824.06,149824.03,0.019309817,10.343464,8.540184,8.540149
4.2492194,0.003602541,0.0035479555,70000.0,151467.36,149824.05,149824.05,0.019309817,10.343332,8.540179,8.54015
4.2492194,0.0034668432,0.0022646345,70000.0,151467.38,149824.06,149824.06,0.019309817,10.343356,8.540182,8.54015
4.2492194,0.0034252717,0.00495754,70000.0,151467.34,149824.06,149824.05,0.019309817,10.343149,8.540177,8.540151
4.2492194,0.0034924773,0.0016351342,70000.0,151467.36,149824.05,149824.06,0.019309817,10.343291,8.540182,8.54015
4.2492194,0.0032993224,0.004691078,70000.0,151467.36,149824.05,149824.06,0.019309817,10.343227,8.540177,8.54015
4.2492194,0.0037890167,0.0021572802,70000.0,151467.36,149824.05,149824.06,0.019309817,10.343271,8.540182,8.540149
4.2492194,0.003198605,0.004125206,70000.0,151467.45,149824.06,149824.06,0.019309817,10.343789,8.540179,8.540151
4.2492194,0.00374116,0.003069265,70000.0,151467.38,149824.03,149824.05,0.019309817,10.343386,8.54018,8.54015
4.2492194,0.0032494063,0.0052412935,70000.0,151467.39,149824.06,149824.06,0.019309817,10.343378,8.540177,8.540151
4.2492194,0.003580398,0.0024434829,70000.0,151467.28,149824.03,149824.05,0.019309817,10.343125,8.540182,8.540149
4.2492194,0.0031531341,0.002239907,70000.0,151467.34,149824.06,149824.05,0.019309817,10.343609,8.540181,8.540149
4.2492194,0.003360818,0.0012371412,70000.0,151467.38,149824.06,149824.06,0.019309817,10.343345,8.540183,8.540151
4.2492194,0.0033994915,0.0017884525,70000.0,151467.39,149824.03,149824.03,0.019309817,10.3432865,8.540181,8.54015
4.2492194,0.0032120855,0.0018075237,70000.0,151467.42,149824.05,149824.06,0.019309817,10.343542,8.540182,8.540151
4.2492194,0.0035088833,0.0052146893,70000.0,151467.42,149824.03,149824.06,0.019309817,10.343442,8.540177,8.54015
4.2492194,0.0035908078,0.002745707,70000.0,151467.36,149824.06,149824.08,0.019309817,10.343383,8.54018,8.54015
4.2492194,0.0036957539,0.0033357495,70000.0,151467.36,149824.06,149824.06,0.019309817,10.343124,8.540179,8.540149
4.2492194,0.0036017243,0.0011400231,70000.0,151467.48,149824.06,149824.06,0.019309817,10.343516,8.540184,8.54015
4.2492194,0.0037127074,0.0045731687,70000.0,151467.31,149824.06,149824.08,0.019309817,10.343333,8.540177,8.540151
4.2492194,0.0034090884,0.0025282244,70000.0,151467.42,149824.05,149824.05,0.019309817,10.343426,8.540181,8.540149
4.2492194,0.0040427195,0.004791744,70000.0,151467.36,149824.03,149824.05,0.019309817,10.3431225,8.540178,8.540149
4.2492194,0.0036332023,0.0033001984,70000.0,151467.34,149824.05,149824.05,0.019309817,10.343128,8.540179,8.540149
4.2492194,0.0039729704,0.0027461261,70000.0,151467.42,149824.05,149824.06,0.019309817,10.34357,8.540181,8.54015
4.2492194,0.0037537694,0.0045309355,70000.0,151467.4,149824.05,149824.06,0.019309817,10.343467,8.540177,8.540151
4.2492194,0.00378087,0.003872439,70000.0,151467.34,149824.06,149824.06,0.019309817,10.343276,8.540178,8.54015
4.2492194,0.0037704092,0.0011623222,70000.0,151467.36,149824.03,149824.05,0.019309817,10.343879,8.540184,8.54015
4.2492194,0.0038180125,0.0010243827,70000.0,151467.4,149824.06,149824.06,0.019309817,10.343786,8.540184,8.540149
4.2492194,0.0035609277,0.0020868888,70000.0,151467.36,149824.06,149824.06,0.019309817,10.343418,8.540181,8.54015
4.2492194,0.0037185566,0.004406333,70000.0,151467.39,149824.05,149824.08,0.019309817,10.343675,8.540176,8.540149
4.2492194,0.0027582464,0.00419096,70000.0,151467.38,149824.05,149824.05,0.019309817,10.343191,8.540178,8.540149
4.2492194,0.0030940413,0.0042473036,70000.0,151467.38,149824.05,149824.06,0.019309817,10.343392,8.540177,8.540149
4.2492194,0.002770293,0.0019345628,70000.0,151467.34,149824.05,149824.06,0.019309817,10.343291,8.540181,8.540149
4.2492194,0.0030189226,0.0034748788,70000.0,151467.38,149824.06,149824.06,0.019309817,10.343292,8.540179,8.54015
4.2492194,0.003249278,0.0013906587,70000.0,151467.38,149824.06,149824.05,0.019309817,10.343441,8.540183,8.54015
4.2492194,0.0031777823,0.001204163,70000.0,151467.36,149824.06,149824.03,0.019309817,10.343253,8.540183,8.54015
4.2492194,0.0036520688,0.0031017736,70000.0,151467.4,149824.03,149824.06,0.019309817,10.343476,8.54018,8.54015
4.2492194,0.0035077382,0.0017187719,70000.0,151467.34,149824.03,149824.06,0.019309817,10.343425,8.540182,8.540151
4.2492194,0.0032954644,0.0010986602,70000.0,151467.42,149824.03,149824.05,0.019309817,10.343583,8.540184,8.54015
4.2492194,0.0029855687,0.010900532,70000.0,151467.39,149824.05,149824.05,0.019309817,10.3437805,8.540173,8.540149
4.2492194,0.0036696452,0.0034297048,70000.0,151467.33,149824.05,149824.05,0.019309817,10.34327,8.54018,8.54015
4.2492194,0.003795427,0.005004285,70000.0,151467.36,149824.05,149824.08,0.019309817,10.343462,8.540176,8.54015
4.2492194,0.0035141844,0.005987393,70000.0,151467.45,149824.06,149824.05,0.019309817,10.3436575,8.540176,8.54015
4.2492194,0.0031398423,0.0013056793,70000.0,151467.38,149824.06,149824.05,0.019309817,10.34353,8.540184,8.54015
4.2492194,0.0035621845,0.0028456603,70000.0,151467.4,149824.08,149824.05,0.019309817,10.343188,8.540181,8.54015
4.2492194,0.003675815,0.0009757176,70000.0,151467.4,149824.06,149824.06,0.019309817,10.343566,8.540184,8.54015
4.2492194,0.0030339314,0.0044079935,70000.0,151467.38,149824.05,149824.05,0.019309817,10.343225,8.540178,8.540149
4.2492194,0.0038001284,0.0050552953,70000.0,151467.34,149824.06,149824.03,0.019309817,10.34341,8.540178,8.540149
4.2492194,0.0031542492,0.0048123426,70000.0,151467.42,149824.06,149824.05,0.019309817,10.343553,8.540177,8.54015
4.2492194,0.0041119372,0.0056179925,70000.0,151467.4,149824.05,149824.05,0.019309817,10.343479,8.540176,8.54015
4.2492194,0.0035684395,0.0048019895,70000.0,151467.44,149824.06,149824.05,0.019309817,10.343662,8.540179,8.54015
4.2492194,0.0033056494,0.0039892397,70000.0,151467.31,149824.06,149824.05,0.019309817,10.3430395,8.540178,8.54015
4.2492194,0.003812039,0.0033122883,70000.0,151467.38,149824.06,149824.06,0.019309817,10.343154,8.54018,8.540149
4.2492194,0.003359916,0.0062502464,70000.0,151467.39,149824.05,149824.06,0.019309817,10.343223,8.5401745,8.54015
4.2492194,0.0038120765,0.0046450086,70000.0,151467.42,149824.06,149824.08,0.019309817,10.343363,8.540178,8.54015
4.2492194,0.0035535416,0.001101055,70000.0,151467.4,149824.02,149824.06,0.019309817,10.343486,8.540183,8.54015
4.2492194,0.0038289889,0.0010070923,70000.0,151467.36,149824.06,149824.06,0.019309817,10.343439,8.540184,8.54015
4.2492194,0.004077859,0.0015328926,70000.0,151467.31,149824.05,149824.06,0.019309817,10.34322,8.540184,8.54015
4.2492194,0.004132145,0.0017428239,70000.0,151467.39,149824.05,149824.06,0.019309817,10.343634,8.540182,8.540149
4.2492194,0.0034386227,0.004506516,70000.0,151467.36,149824.06,149824.08,0.019309817,10.343368,8.540178,8.54015
4.2492194,0.0031989166,0.003929219,70000.0,151467.36,149824.05,149824.06,0.019309817,10.343424,8.540179,8.54015
4.2492194,0.003487012,0.0026210698,70000.0,151467.44,149824.06,149824.08,0.019309817,10.343629,8.540181,8.54015
4.2492194,0.004034557,0.0030172032,70000.0,151467.39,149824.05,149824.05,0.019309817,10.343594,8.540181,8.54015
4.2492194,0.0033170441,0.00590162,70000.0,151467.36,149824.06,149824.06,0.019309817,10.343616,8.540175,8.54015
4.2492194,0.0035863654,0.0042373603,70000.0,151467.4,149824.05,149824.06,0.019309817,10.343479,8.540179,8.54015
4.2492194,0.003678645,0.0028796652,70000.0,151467.39,149824.06,149824.1,0.019309817,10.343264,8.54018,8.540151
4.2492194,0.0037160525,0.0010005407,70000.0,151467.3,149824.02,149824.06,0.019309817,10.342958,8.540184,8.54015
4.2492194,0.0036350475,0.0041922242,70000.0,151467.34,149824.06,149824.05,0.019309817,10.343165,8.540179,8.54015
4.2492194,0.0036370908,0.002411438,70000.0,151467.38,149824.06,149824.06,0.019309817,10.343283,8.540181,8.540149
4.2492194,0.0035737476,0.0023778046,70000.0,151467.39,149824.03,149824.06,0.019309817,10.343443,8.540181,8.54015
4.2492194,0.0033359088,0.0030283788,70000.0,151467.38,149824.06,149824.05,0.019309817,10.343332,8.54018,8.540148
4.2492194,0.0029070792,0.0027355244,70000.0,151467.39,149824.05,149824.05,0.019309817,10.3431835,8.540181,8.54015
4.2492194,0.0029906393,0.0023811834,70000.0,151467.38,149824.03,149824.05,0.019309817,10.343195,8.540181,8.54015
4.2492194,0.0038398132,0.0018027903,70000.0,151467.38,149824.05,149824.05,0.019309817,10.343255,8.540182,8.54015
4.2492194,0.0039006933,0.0036919918,70000.0,151467.39,149824.05,149824.05,0.019309817,10.343675,8.540179,8.540151
4.2492194,0.0038221753,0.0036182217,70000.0,151467.34,149824.05,149824.05,0.019309817,10.343683,8.540179,8.54015
4.2492194,0.0038750053,0.0041457615,70000.0,151467.34,149824.06,149824.05,0.019309817,10.343429,8.54018,8.540149
4.2492194,0.0036157377,0.0014243607,70000.0,151467.4,149824.06,149824.05,0.019309817,10.343463,8.540182,8.54015
4.2492194,0.0029744944,0.0030671223,70000.0,151467.39,149824.06,149824.05,0.019309817,10.34334,8.54018,8.540151
4.2492194,0.0031022374,0.0062050116,70000.0,151467.38,149824.06,149824.05,0.019309817,10.343558,8.540177,8.54015
4.2492194,0.0027215497,0.0021864485,70000.0,151467.33,149824.08,149824.06,0.019309817,10.343267,8.540181,8.54015
4.2492194,0.0031409021,0.0042906255,70000.0,151467.39,149824.06,149824.05,0.019309817,10.343772,8.540178,8.540151
4.2492194,0.0031201625,0.005474824,70000.0,151467.42,149824.03,149824.06,0.019309817,10.343491,8.540176,8.540149
4.2492194,0.0033844972,0.0021648847,70000.0,151467.28,149824.05,149824.03,0.019309817,10.343261,8.540181,8.54015
4.2492194,0.0030178106,0.0044845412,70000.0,151467.38,149824.03,149824.06,0.019309817,10.343247,8.540177,8.54015
4.2492194,0.0032396961,0.0016141626,70000.0,151467.44,149824.06,149824.06,0.019309817,10.343711,8.540184,8.540149
4.2492194,0.0037036259,0.00093880726,70000.0,151467.3,149824.03,149824.05,0.019309817,10.34321,8.540184,8.54015
4.2492194,0.0036938218,0.0012821573,70000.0,151467.31,149824.05,149824.06,0.019309817,10.343054,8.540183,8.540151
4.2492194,0.0037404064,0.0025356216,70000.0,151467.36,149824.06,149824.06,0.019309817,10.343526,8.540181,8.540151
4.2492194,0.003996906,0.0013021209,70000.0,151467.4,149824.05,149824.08,0.019309817,10.343247,8.540183,8.540149
4.2492194,0.0030950771,0.002935119,70000.0,151467.39,149824.05,149824.06,0.019309817,10.343575,8.540181,8.540149
4.2492194,0.0035463003,0.0022774981,70000.0,151467.38,149824.05,149824.06,0.019309817,10.343299,8.540182,8.540149
4.2492194,0.0030720464,0.003407281,70000.0,151467.38,149824.05,149824.05,0.019309817,10.343319,8.54018,8.540149
4.2492194,0.00404118,0.0013001118,70000.0,151467.4,149824.06,149824.05,0.019309817,10.343617,8.540183,8.540151
4.2492194,0.0034105838,0.0010659499,70000.0,151467.34,149824.03,149824.06,0.019309817,10.343027,8.540183,8.540151
4.2492194,0.0030841972,0.004862792,70000.0,151467.38,149824.03,149824.05,0.019309817,10.343477,8.540177,8.54015
4.2492194,0.003266166,0.0015384991,70000.0,151467.42,149824.05,149824.06,0.019309817,10.343355,8.540183,8.54015
4.2492194,0.0035137106,0.003969735,70000.0,151467.39,149824.08,149824.06,0.019309817,10.34321,8.540179,8.54015
4.2492194,0.0038398097,0.0030427945,70000.0,151467.39,149824.06,149824.05,0.019309817,10.34316,8.54018,8.540151
4.2492194,0.0039794547,0.005552558,70000.0,151467.36,149824.05,149824.05,0.019309817,10.343218,8.540177,8.540151
4.2492194,0.0034944392,0.0010015682,70000.0,151467.39,149824.05,149824.06,0.019309817,10.3436775,8.540185,8.54015
4.2492194,0.0038278885,0.004758803,70000.0,151467.36,149824.06,149824.06,0.019309817,10.343672,8.540177,8.540149
4.2492194,0.0039100773,0.0024600993,70000.0,151467.44,149824.05,149824.06,0.019309817,10.343471,8.540181,8.54015
4.2492194,0.0039188326,0.0012194737,70000.0,151467.31,149824.03,149824.05,0.019309817,10.343269,8.540183,8.54015
4.2492194,0.0035440298,0.0031603705,70000.0,151467.38,149824.05,149824.06,0.019309817,10.343266,8.54018,8.540151
4.2492194,0.0040998566,0.0022368624,70000.0,151467.38,149824.05,149824.06,0.019309817,10.34337,8.54018,8.54015
4.2492194,0.003753949,0.005941132,70000.0,151467.4,149824.08,149824.05,0.019309817,10.343819,8.540176,8.54015
4.2492194,0.0036040882,0.0033035604,70000.0,151467.36,149824.06,149824.06,0.019309817,10.343565,8.54018,8.540149
4.2492194,0.003783015,0.0023056322,70000.0,151467.42,149824.05,149824.05,0.019309817,10.343617,8.540182,8.54015
4.2492194,0.0038915845,0.0025376396,70000.0,151467.42,149824.03,149824.05,0.019309817,10.343622,8.540182,8.54015
4.2492194,0.0037216458,0.0014417744,70000.0,151467.39,149824.05,149824.06,0.019309817,10.343488,8.540183,8.54015
4.2492194,0.0035869058,0.001101769,70000.0,151467.31,149824.05,149824.06,0.019309817,10.343079,8.540184,8.54015
4.2492194,0.003740877,0.0033228989,70000.0,151467.34,149824.05,149824.05,0.019309817,10.343345,8.54018,8.540149
4.2492194,0.004168271,0.0029921713,70000.0,151467.39,149824.05,149824.03,0.019309817,10.343459,8.54018,8.540149
4.2492194,0.0039636763,0.0014818745,70000.0,151467.38,149824.03,149824.06,0.019309817,10.343772,8.540182,8.540149
4.2492194,0.0040376494,0.0012568157,70000.0,151467.34,149824.05,149824.08,0.019309817,10.343306,8.540183,8.540151
4.2492194,0.0038326152,0.0014728536,70000.0,151467.45,149824.03,149824.06,0.019309817,10.343761,8.540184,8.54015
4.2492194,0.003463178,0.0030818412,70000.0,151467.34,149824.06,149824.06,0.019309817,10.3431835,8.540181,8.540151
4.2492194,0.0035080286,0.0032116186,70000.0,151467.4,149824.05,149824.06,0.019309817,10.343199,8.540181,8.54015
4.2492194,0.0040265685,0.0013513316,70000.0,151467.39,149824.06,149824.08,0.019309817,10.343452,8.540183,8.54015
4.2492194,0.0036770143,0.0014492924,70000.0,151467.38,149824.05,149824.06,0.019309817,10.343603,8.540183,8.54015
4.2492194,0.0036237922,0.006150004,70000.0,151467.44,149824.05,149824.03,0.019309817,10.343841,8.540175,8.54015
4.2492194,0.0036685502,0.001081811,70000.0,151467.36,149824.06,149824.05,0.019309817,10.343634,8.540184,8.540149
4.2492194,0.004003011,0.004146908,70000.0,151467.38,149824.05,149824.05,0.019309817,10.343339,8.540179,8.54015
4.2492194,0.003980245,0.0016200996,70000.0,151467.38,149824.05,149824.05,0.019309817,10.343274,8.540182,8.54015
4.2492194,0.0034501404,0.00143645,70000.0,151467.4,149824.05,149824.06,0.019309817,10.343491,8.540183,8.54015
4.2492194,0.0034462416,0.0019487602,70000.0,151467.36,149824.05,149824.05,0.019309817,10.34334,8.540181,8.54015
4.2492194,0.0039167325,0.003766902,70000.0,151467.42,149824.05,149824.06,0.019309817,10.343538,8.54018,8.54015
4.2492194,0.004130308,0.003936987,70000.0,151467.4,149824.05,149824.05,0.019309817,10.343238,8.540178,8.540149
4.2492194,0.0033395146,0.0054874285,70000.0,151467.36,149824.05,149824.03,0.019309817,10.343224,8.540176,8.540149
4.2492194,0.0036609643,0.0065129595,70000.0,151467.34,149824.06,149824.06,0.019309817,10.343065,8.540176,8.54015
4.2492194,0.0030256354,0.0030803916,70000.0,151467.38,149824.06,149824.06,0.019309817,10.343473,8.540181,8.54015
4.2492194,0.003835915,0.0019971884,70000.0,151467.34,149824.05,149824.06,0.019309817,10.342988,8.540182,8.54015
4.2492194,0.0035624297,0.0014748791,70000.0,151467.39,149824.05,149824.05,0.019309817,10.343197,8.540183,8.540151
4.2492194,0.0032389457,0.003159236,70000.0,151467.34,149824.06,149824.08,0.019309817,10.343485,8.540179,8.540151
4.2492194,0.0035868976,0.001046201,70000.0,151467.36,149824.05,149824.06,0.019309817,10.343335,8.540184,8.54015
4.2492194,0.0032773328,0.0011826626,70000.0,151467.4,149824.03,149824.05,0.019309817,10.343564,8.540183,8.540149
4.2492194,0.0040662675,0.0040074405,70000.0,151467.36,149824.05,149824.06,0.019309817,10.343104,8.540178,8.54015
4.2492194,0.003497504,0.0010388548,70000.0,151467.39,149824.05,149824.05,0.019309817,10.343401,8.540184,8.540151
4.2492194,0.003372661,0.014735586,70000.0,151467.42,149824.05,149824.08,0.019309817,10.343706,8.540168,8.540151
4.2492194,0.0034245355,0.004368628,70000.0,151467.31,149824.08,149824.06,0.019309817,10.3430805,8.540179,8.540149
4.2492194,0.0038411508,0.0023811203,70000.0,151467.44,149824.05,149824.05,0.019309817,10.343915,8.540181,8.540149
4.2492194,0.0032490126,0.0028914833,70000.0,151467.36,149824.05,149824.08,0.019309817,10.343588,8.54018,8.540151
4.2492194,0.004074409,0.0055684648,70000.0,151467.36,149824.05,149824.06,0.019309817,10.34307,8.540177,8.54015
4.2492194,0.0034687005,0.0038894226,70000.0,151467.38,149824.05,149824.06,0.019309817,10.343524,8.540178,8.540151
4.2492194,0.0035873328,0.0046707815,70000.0,151467.38,149824.05,149824.08,0.019309817,10.343502,8.540177,8.540149
4.2492194,0.003394889,0.0010507957,70000.0,151467.38,149824.08,149824.06,0.019309817,10.3433895,8.540184,8.540149
4.2492194,0.0037434555,0.0009771149,70000.0,151467.38,149824.05,149824.06,0.019309817,10.343567,8.540185,8.540149
4.2492194,0.0036069916,0.0013124287,70000.0,151467.38,149824.05,149824.02,0.019309817,10.343455,8.540183,8.540149
4.2492194,0.0042218794,0.0018855295,70000.0,151467.38,149824.06,149824.06,0.019309817,10.343552,8.540182,8.540149
4.2492194,0.004123195,0.0021646463,70000.0,151467.36,149824.03,149824.05,0.019309817,10.343554,8.540181,8.54015
4.2492194,0.0040229466,0.0013723292,70000.0,151467.39,149824.05,149824.06,0.019309817,10.343624,8.540183,8.54015
4.2492194,0.0036416168,0.0037182474,70000.0,151467.38,149824.06,149824.05,0.019309817,10.343602,8.540179,8.54015
4.2492194,0.003599621,0.0011126004,70000.0,151467.33,149824.05,149824.06,0.019309817,10.343402,8.540184,8.540151
4.2492194,0.0034546684,0.00356073,70000.0,151467.39,149824.06,149824.05,0.019309817,10.343297,8.540178,8.540151
4.2492194,0.004061782,0.0017514118,70000.0,151467.39,149824.05,149824.03,0.019309817,10.343342,8.540182,8.54015
4.2492194,0.0031229495,0.005078324,70000.0,151467.38,149824.08,149824.05,0.019309817,10.343378,8.540176,8.54015
4.2492194,0.003198985,0.004671783,70000.0,151467.39,149824.06,149824.06,0.019309817,10.343467,8.540177,8.540151
4.2492194,0.0035597065,0.0049488754,70000.0,151467.4,149824.03,149824.05,0.019309817,10.343497,8.540177,8.540149
4.2492194,0.0032529775,0.0009720681,70000.0,151467.38,149824.08,149824.06,0.019309817,10.343649,8.540185,8.540152
4.2492194,0.0033071893,0.0013097967,70000.0,151467.39,149824.06,149824.05,0.019309817,10.343302,8.540183,8.540149
4.2492194,0.0039247004,0.0010159955,70000.0,151467.36,149824.05,149824.05,0.019309817,10.343611,8.540184,8.540149
4.2492194,0.0036358112,0.0026632736,70000.0,151467.4,149824.03,149824.06,0.019309817,10.343415,8.540181,8.54015
4.2492194,0.004401626,0.0021273852,70000.0,151467.39,149824.03,149824.06,0.019309817,10.343359,8.540182,8.540149
4.2492194,0.004180162,0.001094643,70000.0,151467.34,149824.06,149824.05,0.019309817,10.343211,8.540183,8.540149
4.2492194,0.004028089,0.0009894914,70000.0,151467.38,149824.06,149824.05,0.019309817,10.343182,8.540184,8.540149
4.2492194,0.0036946444,0.0009559713,70000.0,151467.36,149824.05,149824.05,0.019309817,10.343304,8.540185,8.540149
4.2492194,0.003248076,0.004840549,70000.0,151467.36,149824.05,149824.05,0.019309817,10.343315,8.540177,8.54015
4.2492194,0.004274125,0.0022942,70000.0,151467.44,149824.05,149824.06,0.019309817,10.343471,8.540181,8.540151
4.2492194,0.004231745,0.001004002,70000.0,151467.36,149824.05,149824.05,0.019309817,10.343181,8.540184,8.540149
4.2492194,0.003997368,0.0014609181,70000.0,151467.39,149824.03,149824.06,0.019309817,10.34357,8.540183,8.54015
4.2492194,0.0041799485,0.0010565821,70000.0,151467.36,149824.06,149824.05,0.019309817,10.343458,8.540186,8.540151
4.2492194,0.0038108411,0.0018132648,70000.0,151467.39,149824.05,149824.06,0.019309817,10.343427,8.540182,8.54015
4.2492194,0.003942478,0.0010930594,70000.0,151467.39,149824.05,149824.05,0.019309817,10.343491,8.540183,8.540149
4.2492194,0.0036449928,0.0023632199,70000.0,151467.36,149824.06,149824.03,0.019309817,10.343354,8.540182,8.54015
4.2492194,0.0036851936,0.001022438,70000.0,151467.34,149824.05,149824.05,0.019309817,10.343133,8.540184,8.54015
4.2492194,0.003939035,0.0022748194,70000.0,151467.31,149824.05,149824.05,0.019309817,10.342964,8.540181,8.54015
4.2492194,0.0035625235,0.00385247,70000.0,151467.36,149824.06,149824.08,0.019309817,10.343221,8.540179,8.54015
4.2492194,0.0035177919,0.0066706245,70000.0,151467.34,149824.05,149824.06,0.019309817,10.343197,8.540175,8.54015
4.2492194,0.0035029666,0.0012006718,70000.0,151467.33,149824.03,149824.05,0.019309817,10.343219,8.540184,8.54015
4.2492194,0.0038427585,0.0022514176,70000.0,151467.33,149824.03,149824.06,0.019309817,10.342984,8.540182,8.540149
4.2492194,0.0038061214,0.004459117,70000.0,151467.34,149824.05,149824.08,0.019309817,10.34321,8.540178,8.540152
4.2492194,0.0039123083,0.0064742644,70000.0,151467.39,149824.06,149824.05,0.019309817,10.343642,8.540175,8.54015
4.2492194,0.0026926352,0.0032914642,70000.0,151467.36,149824.05,149824.05,0.019309817,10.343166,8.540181,8.54015
4.2492194,0.003631786,0.006720118,70000.0,151467.4,149824.06,149824.06,0.019309817,10.343354,8.540176,8.54015
4.2492194,0.004178251,0.003523601,70000.0,151467.34,149824.06,149824.06,0.019309817,10.343042,8.54018,8.54015
4.2492194,0.0037596982,0.0012960702,70000.0,151467.44,149824.03,149824.06,0.019309817,10.343571,8.540184,8.54015
4.2492194,0.003550545,0.0051900866,70000.0,151467.33,149824.05,149824.08,0.019309817,10.34336,8.540178,8.540151
4.2492194,0.004112662,0.0010859001,70000.0,151467.38,149824.05,149824.05,0.019309817,10.343165,8.540184,8.54015
4.2492194,0.003480864,0.0014617807,70000.0,151467.36,149824.05,149824.06,0.019309817,10.343287,8.540183,8.54015
4.2492194,0.004018654,0.0011279837,70000.0,151467.34,149824.05,149824.06,0.019309817,10.343353,8.540184,8.54015
4.2492194,0.0037535145,0.005430972,70000.0,151467.36,149824.03,149824.05,0.019309817,10.343026,8.540178,8.54015
4.2492194,0.0039732647,0.0035070423,70000.0,151467.36,149824.06,149824.06,0.019309817,10.343121,8.540179,8.54015
4.2492194,0.004160422,0.0044433125,70000.0,151467.39,149824.06,149824.05,0.019309817,10.343335,8.540179,8.540149
4.2492194,0.0038952061,0.0023335551,70000.0,151467.34,149824.05,149824.05,0.019309817,10.343599,8.540181,8.54015
4.2492194,0.0045121536,0.0016123911,70000.0,151467.33,149824.06,149824.05,0.019309817,10.343134,8.540184,8.540149
4.2492194,0.004294369,0.004008597,70000.0,151467.33,149824.06,149824.06,0.019309817,10.343349,8.54018,8.54015
4.2492194,0.003100509,0.0036842984,70000.0,151467.39,149824.05,149824.05,0.019309817,10.343671,8.540178,8.540151
4.2492194,0.0039963624,0.0010964242,70000.0,151467.4,149824.03,149824.06,0.019309817,10.343449,8.540184,8.54015
4.2492194,0.0041047167,0.0010294047,70000.0,151467.39,149824.05,149824.05,0.019309817,10.343436,8.540185,8.54015
4.2492194,0.0038966972,0.0034431794,70000.0,151467.42,149824.03,149824.05,0.019309817,10.343519,8.54018,8.54015
4.2492194,0.0044834986,0.0033332878,70000.0,151467.34,149824.05,149824.08,0.019309817,10.343602,8.54018,8.540151
4.2492194,0.004526047,0.0020878143,70000.0,151467.39,149824.05,149824.06,0.019309817,10.343843,8.540182,8.540149
4.2492194,0.0031996344,0.0010399143,70000.0,151467.39,149824.05,149824.06,0.019309817,10.343431,8.540184,8.540149
4.2492194,0.003680927,0.0026174316,70000.0,151467.34,149824.06,149824.06,0.019309817,10.343655,8.540181,8.54015
4.2492194,0.004267436,0.00681087,70000.0,151467.45,149824.05,149824.06,0.019309817,10.343745,8.540175,8.54015
4.2492194,0.0041587246,0.0034557113,70000.0,151467.42,149824.05,149824.06,0.019309817,10.344006,8.54018,8.54015
4.2492194,0.004102299,0.0028279459,70000.0,151467.36,149824.03,149824.06,0.019309817,10.343181,8.54018,8.540151
4.2492194,0.0040739053,0.0010171782,70000.0,151467.38,149824.06,149824.05,0.019309817,10.343547,8.540185,8.54015
4.2492194,0.0036129022,0.002003831,70000.0,151467.34,149824.06,149824.06,0.019309817,10.343366,8.540181,8.540149
4.2492194,0.0032917429,0.002610761,70000.0,151467.39,149824.06,149824.05,0.019309817,10.343644,8.54018,8.54015
4.2492194,0.0036093637,0.0034339614,70000.0,151467.45,149824.05,149824.06,0.019309817,10.343621,8.540179,8.54015
4.2492194,0.0039582676,0.002991823,70000.0,151467.44,149824.05,149824.06,0.019309817,10.34347,8.54018,8.54015
4.2492194,0.0037895476,0.0035334527,70000.0,151467.33,149824.06,149824.08,0.019309817,10.343343,8.54018,8.540149
4.2492194,0.0041083544,0.005699022,70000.0,151467.39,149824.05,149824.03,0.019309817,10.343631,8.540176,8.54015
4.2492194,0.003626539,0.005233797,70000.0,151467.36,149824.06,149824.06,0.019309817,10.343516,8.540177,8.54015
4.2492194,0.003501695,0.0033120925,70000.0,151467.4,149824.05,149824.05,0.019309817,10.343436,8.540181,8.54015
4.2492194,0.004448046,0.0014427529,70000.0,151467.39,149824.03,149824.05,0.019309817,10.343195,8.540183,8.540149
4.2492194,0.0044968324,0.0033830581,70000.0,151467.39,149824.06,149824.06,0.019309817,10.343349,8.54018,8.54015
4.2492194,0.0035136344,0.0038564056,70000.0,151467.39,149824.06,149824.08,0.019309817,10.343581,8.540179,8.54015
4.2492194,0.0037091766,0.0011312219,70000.0,151467.34,149824.08,149824.05,0.019309817,10.343448,8.540184,8.540149
4.2492194,0.0035348402,0.0013880987,70000.0,151467.38,149824.03,149824.05,0.019309817,10.34346,8.540183,8.540149
4.2492194,0.0036491137,0.0031475849,70000.0,151467.36,149824.05,149824.06,0.019309817,10.34349,8.54018,8.540151
4.2492194,0.0047942074,0.0014954057,70000.0,151467.3,149824.05,149824.05,0.019309817,10.343284,8.540183,8.540151
4.2492194,0.00458986,0.0010997248,70000.0,151467.34,149824.06,149824.05,0.019309817,10.343181,8.540183,8.54015
4.2492194,0.0044082617,0.0044628736,70000.0,151467.39,149824.05,149824.06,0.019309817,10.343499,8.540179,8.54015
4.2492194,0.0038898687,0.0036261952,70000.0,151467.42,149824.05,149824.05,0.019309817,10.343382,8.540179,8.54015
4.2492194,0.0036360614,0.0009751999,70000.0,151467.39,149824.05,149824.05,0.019309817,10.343293,8.540185,8.540149
4.2492194,0.0032863405,0.0034430132,70000.0,151467.38,149824.06,149824.06,0.019309817,10.343556,8.540179,8.540151
4.2492194,0.0038217444,0.005169364,70000.0,151467.38,149824.05,149824.05,0.019309817,10.343544,8.540177,8.54015
4.2492194,0.0033386361,0.0045745177,70000.0,151467.42,149824.06,149824.06,0.019309817,10.343395,8.540176,8.54015
4.2492194,0.0038344178,0.0031029133,70000.0,151467.38,149824.05,149824.08,0.019309817,10.343229,8.54018,8.540149
4.2492194,0.0033898535,0.0021908833,70000.0,151467.4,149824.06,149824.06,0.019309817,10.343651,8.540181,8.54015
4.2492194,0.004236722,0.0017750426,70000.0,151467.36,149824.05,149824.05,0.019309817,10.343111,8.540182,8.540149
4.2492194,0.0034460598,0.001823192,70000.0,151467.34,149824.05,149824.05,0.019309817,10.343122,8.540181,8.54015
4.2492194,0.0038146991,0.007929387,70000.0,151467.45,149824.03,149824.08,0.019309817,10.343652,8.5401745,8.54015
4.2492194,0.003575383,0.0058937804,70000.0,151467.39,149824.05,149824.06,0.019309817,10.343138,8.540177,8.54015
4.2492194,0.003967942,0.003743031,70000.0,151467.38,149824.06,149824.05,0.019309817,10.343375,8.54018,8.54015
4.2492194,0.004252361,0.0014296632,70000.0,151467.36,149824.05,149824.05,0.019309817,10.343074,8.540183,8.540151
4.2492194,0.0037981342,0.0062421802,70000.0,151467.44,149824.06,149824.05,0.019309817,10.343521,8.540176,8.540149
4.2492194,0.0035526527,0.0033546176,70000.0,151467.39,149824.06,149824.06,0.019309817,10.343731,8.540179,8.540149
4.2492194,0.003199357,0.0014280506,70000.0,151467.38,149824.06,149824.03,0.019309817,10.343403,8.540182,8.54015
4.2492194,0.003920503,0.0032619874,70000.0,151467.31,149824.06,149824.05,0.019309817,10.343523,8.540179,8.54015
4.2492194,0.0040102564,0.0037146823,70000.0,151467.38,149824.06,149824.03,0.019309817,10.343172,8.540179,8.540149
4.2492194,0.004028105,0.0043928213,70000.0,151467.39,149824.06,149824.06,0.019309817,10.343517,8.540177,8.540151
4.2492194,0.004357491,0.0009645026,70000.0,151467.34,149824.06,149824.06,0.019309817,10.3434515,8.540184,8.54015
4.2492194,0.003893202,0.0017940623,70000.0,151467.39,149824.05,149824.08,0.019309817,10.34362,8.540181,8.54015
4.2492194,0.0036807957,0.0033266526,70000.0,151467.45,149824.06,149824.05,0.019309817,10.343722,8.540179,8.540149
4.2492194,0.003868362,0.003509547,70000.0,151467.4,149824.05,149824.05,0.019309817,10.343846,8.54018,8.54015
4.2492194,0.0038392511,0.0021048486,70000.0,151467.42,149824.05,149824.05,0.019309817,10.343591,8.540182,8.540149
4.2492194,0.004110461,0.0010679238,70000.0,151467.39,149824.08,149824.05,0.019309817,10.34347,8.540185,8.540149
4.2492194,0.0044906596,0.0010339989,70000.0,151467.38,149824.03,149824.06,0.019309817,10.343465,8.540184,8.54015
4.2492194,0.0037223923,0.0031275712,70000.0,151467.34,149824.03,149824.06,0.019309817,10.343318,8.540179,8.54015
4.2492194,0.0033916594,0.0018841409,70000.0,151467.39,149824.03,149824.06,0.019309817,10.343503,8.540181,8.54015
4.2492194,0.003818831,0.0009596805,70000.0,151467.38,149824.05,149824.06,0.019309817,10.343168,8.540184,8.540149
4.2492194,0.0036474613,0.0020249055,70000.0,151467.4,149824.03,149824.05,0.019309817,10.343634,8.540182,8.54015
4.2492194,0.0041244915,0.0042818394,70000.0,151467.38,149824.06,149824.06,0.019309817,10.343286,8.540179,8.540149
4.2492194,0.0041317074,0.0011569455,70000.0,151467.36,149824.08,149824.06,0.019309817,10.343358,8.540184,8.54015
4.2492194,0.0034660783,0.0011487344,70000.0,151467.39,149824.05,149824.05,0.019309817,10.343696,8.540183,8.54015
4.2492194,0.0034898648,0.004609416,70000.0,151467.34,149824.03,149824.05,0.019309817,10.343027,8.540177,8.54015
4.2492194,0.0042614844,0.001921408,70000.0,151467.38,149824.05,149824.05,0.019309817,10.343429,8.540181,8.540149
4.2492194,0.0042360434,0.0056904354,70000.0,151467.44,149824.06,149824.05,0.019309817,10.343632,8.540177,8.540151
4.2492194,0.0040469095,0.0030202263,70000.0,151467.42,149824.05,149824.05,0.019309817,10.343539,8.54018,8.540149
4.2492194,0.00440987,0.0012489009,70000.0,151467.39,149824.05,149824.03,0.019309817,10.343591,8.540184,8.540149
4.2492194,0.0039868047,0.0039277426,70000.0,151467.4,149824.06,149824.06,0.019309817,10.343378,8.54018,8.54015
4.2492194,0.003545844,0.0024174694,70000.0,151467.34,149824.03,149824.08,0.019309817,10.343207,8.54018,8.540151
4.2492194,0.0037293446,0.0075007817,70000.0,151467.44,149824.05,149824.06,0.019309817,10.343624,8.5401745,8.540149
4.2492194,0.0043386854,0.0009808675,70000.0,151467.42,149824.06,149824.05,0.019309817,10.343668,8.540185,8.540151
4.2492194,0.004557587,0.004520375,70000.0,151467.39,149824.05,149824.05,0.019309817,10.343546,8.540179,8.540149
4.2492194,0.0036972922,0.001271864,70000.0,151467.39,149824.05,149824.05,0.019309817,10.343364,8.540184,8.54015
4.2492194,0.0038114546,0.0066998038,70000.0,151467.36,149824.06,149824.05,0.019309817,10.34302,8.540176,8.540149
4.2492194,0.0037342543,0.0011602363,70000.0,151467.4,149824.05,149824.08,0.019309817,10.343905,8.540184,8.54015
4.2492194,0.0035384053,0.0033865713,70000.0,151467.36,149824.06,149824.06,0.019309817,10.343139,8.540178,8.540151
4.2492194,0.0038454246,0.0067575914,70000.0,151467.4,149824.06,149824.06,0.019309817,10.343347,8.540176,8.540151
4.2492194,0.0034863707,0.0010099583,70000.0,151467.4,149824.05,149824.03,0.019309817,10.343552,8.540185,8.54015
4.2492194,0.004235616,0.008107676,70000.0,151467.45,149824.05,149824.06,0.019309817,10.343649,8.5401745,8.540148
4.2492194,0.0041830707,0.0017094577,70000.0,151467.34,149824.06,149824.05,0.019309817,10.343184,8.540182,8.540149
4.2492194,0.004356567,0.0077882353,70000.0,151467.34,149824.08,149824.06,0.019309817,10.343218,8.540175,8.54015
4.2492194,0.0039122337,0.0010897673,70000.0,151467.38,149824.05,149824.05,0.019309817,10.343715,8.540185,8.540151
4.2492194,0.0041708057,0.0035503362,70000.0,151467.39,149824.06,149824.05,0.019309817,10.343235,8.54018,8.540149
4.2492194,0.0037993547,0.0009914644,70000.0,151467.36,149824.05,149824.06,0.019309817,10.343318,8.540184,8.54015
4.2492194,0.0038212936,0.0023676495,70000.0,151467.4,149824.08,149824.06,0.019309817,10.343363,8.540182,8.540151
4.2492194,0.0037518283,0.0037511026,70000.0,151467.36,149824.03,149824.06,0.019309817,10.34347,8.540178,8.54015
4.2492194,0.003949804,0.0013244102,70000.0,151467.38,149824.05,149824.03,0.019309817,10.343516,8.540184,8.54015
4.2492194,0.003884156,0.006669859,70000.0,151467.39,149824.05,149824.05,0.019309817,10.343207,8.540176,8.54015
4.2492194,0.0036794443,0.0013870554,70000.0,151467.42,149824.06,149824.06,0.019309817,10.343407,8.540183,8.540151
4.2492194,0.004321203,0.0026764527,70000.0,151467.4,149824.06,149824.06,0.019309817,10.343445,8.540181,8.540149
4.2492194,0.0036557375,0.0010102821,70000.0,151467.42,149824.06,149824.06,0.019309817,10.343794,8.540184,8.54015
4.2492194,0.0037729403,0.0058703776,70000.0,151467.38,149824.08,149824.05,0.019309817,10.343034,8.540177,8.54015
4.2492194,0.0051720473,0.0011845701,70000.0,151467.36,149824.03,149824.08,0.019309817,10.343257,8.540184,8.540151
4.2492194,0.004378239,0.0011002623,70000.0,151467.38,149824.06,149824.06,0.019309817,10.343588,8.540185,8.540149
4.2492194,0.0035103485,0.0029235648,70000.0,151467.4,149824.05,149824.06,0.019309817,10.343969,8.54018,8.54015
4.2492194,0.003249554,0.0039250287,70000.0,151467.4,149824.06,149824.06,0.019309817,10.34309,8.540178,8.540149
4.2492194,0.0038746607,0.003819278,70000.0,151467.39,149824.05,149824.05,0.019309817,10.343315,8.540178,8.54015
4.2492194,0.0039043562,0.0016510596,70000.0,151467.36,149824.05,149824.05,0.019309817,10.343069,8.540182,8.54015
4.2492194,0.004355425,0.005646439,70000.0,151467.44,149824.05,149824.06,0.019309817,10.343524,8.540177,8.54015
4.2492194,0.0039022157,0.0055928305,70000.0,151467.44,149824.05,149824.05,0.019309817,10.343427,8.540176,8.54015
4.2492194,0.0037927749,0.008513526,70000.0,151467.38,149824.02,149824.05,0.019309817,10.343358,8.540173,8.54015
4.2492194,0.0038836384,0.0015304422,70000.0,151467.33,149824.03,149824.06,0.019309817,10.343288,8.540183,8.540151
4.2492194,0.003928199,0.0035479786,70000.0,151467.36,149824.06,149824.06,0.019309817,10.343216,8.540179,8.54015
4.2492194,0.0040454958,0.006338459,70000.0,151467.44,149824.03,149824.05,0.019309817,10.343642,8.540176,8.54015
4.2492194,0.003890385,0.003575567,70000.0,151467.44,149824.03,149824.06,0.019309817,10.343372,8.540179,8.54015
4.2492194,0.004307023,0.0013908593,70000.0,151467.4,149824.06,149824.05,0.019309817,10.343422,8.540183,8.540151
4.2492194,0.0038700358,0.0024063366,70000.0,151467.34,149824.06,149824.05,0.019309817,10.343607,8.540181,8.54015
4.2492194,0.0037187324,0.0036412666,70000.0,151467.36,149824.05,149824.06,0.019309817,10.34344,8.54018,8.54015
4.2492194,0.0037610184,0.000976666,70000.0,151467.4,149824.05,149824.06,0.019309817,10.343526,8.540184,8.54015
4.2492194,0.0037589842,0.0065838182,70000.0,151467.39,149824.03,149824.05,0.019309817,10.343425,8.540175,8.540149
4.2492194,0.003959379,0.0060846014,70000.0,151467.39,149824.05,149824.06,0.019309817,10.343582,8.540176,8.54015
4.2492194,0.0040871566,0.000993356,70000.0,151467.34,149824.05,149824.05,0.019309817,10.34315,8.540185,8.54015
4.2492194,0.004067286,0.0010770585,70000.0,151467.38,149824.06,149824.06,0.019309817,10.343613,8.540184,8.540149
4.2492194,0.003948015,0.0054609617,70000.0,151467.38,149824.05,149824.08,0.019309817,10.343437,8.540177,8.54015
4.2492194,0.0041238395,0.0034995652,70000.0,151467.36,149824.06,149824.05,0.019309817,10.3433895,8.54018,8.540149
4.2492194,0.0037206602,0.0015660498,70000.0,151467.31,149824.05,149824.05,0.019309817,10.3433075,8.540183,8.54015
4.2492194,0.0038714395,0.0016914661,70000.0,151467.34,149824.03,149824.05,0.019309817,10.343058,8.540182,8.540149
4.2492194,0.0035202627,0.0029117633,70000.0,151467.34,149824.06,149824.05,0.019309817,10.343308,8.54018,8.540149
4.2492194,0.003983094,0.0015083237,70000.0,151467.39,149824.03,149824.06,0.019309817,10.343474,8.540183,8.54015
4.2492194,0.0039237575,0.0026364133,70000.0,151467.4,149824.06,149824.05,0.019309817,10.343691,8.54018,8.540149
4.2492194,0.0034908596,0.007608335,70000.0,151467.38,149824.06,149824.06,0.019309817,10.343219,8.540176,8.540149
4.2492194,0.0038581397,0.0011281271,70000.0,151467.42,149824.06,149824.05,0.019309817,10.343846,8.540184,8.54015
4.2492194,0.004123421,0.004723005,70000.0,151467.39,149824.05,149824.08,0.019309817,10.34361,8.540178,8.54015
4.2492194,0.0035730246,0.0017200633,70000.0,151467.39,149824.06,149824.06,0.019309817,10.343738,8.540183,8.54015
4.2492194,0.0037793252,0.001428856,70000.0,151467.34,149824.05,149824.05,0.019309817,10.342953,8.540182,8.54015
4.2492194,0.003680994,0.0012739192,70000.0,151467.4,149824.03,149824.06,0.019309817,10.343904,8.540183,8.540149
4.2492194,0.0035912055,0.0015300325,70000.0,151467.39,149824.05,149824.05,0.019309817,10.343934,8.540183,8.540149
4.2492194,0.0041622673,0.0022588093,70000.0,151467.34,149824.05,149824.06,0.019309817,10.343591,8.540181,8.540149
4.2492194,0.0042827222,0.0012399977,70000.0,151467.38,149824.05,149824.06,0.019309817,10.343036,8.540184,8.54015
4.2492194,0.0032581466,0.000996214,70000.0,151467.33,149824.06,149824.05,0.019309817,10.343452,8.540184,8.54015
4.2492194,0.0043065897,0.0012009257,70000.0,151467.33,149824.05,149824.06,0.019309817,10.343154,8.540184,8.540149
4.2492194,0.0038216885,0.0021481728,70000.0,151467.4,149824.06,149824.06,0.019309817,10.343297,8.540181,8.54015
4.2492194,0.0040245326,0.0032479137,70000.0,151467.31,149824.05,149824.03,0.019309817,10.343451,8.54018,8.540149
4.2492194,0.004213131,0.0010310359,70000.0,151467.42,149824.06,149824.05,0.019309817,10.343256,8.540185,8.54015
4.2492194,0.0037057593,0.009582624,70000.0,151467.39,149824.06,149824.05,0.019309817,10.343639,8.5401745,8.54015
4.2492194,0.004081994,0.003475716,70000.0,151467.33,149824.05,149824.1,0.019309817,10.343293,8.54018,8.54015
4.2492194,0.0043510143,0.0018230354,70000.0,151467.39,149824.06,149824.06,0.019309817,10.343586,8.540183,8.54015
4.2492194,0.0040328857,0.0016057442,70000.0,151467.36,149824.05,149824.03,0.019309817,10.343111,8.540183,8.54015
4.2492194,0.0039674966,0.003492341,70000.0,151467.34,149824.05,149824.05,0.019309817,10.343298,8.540179,8.54015
4.2492194,0.0041134474,0.0020919044,70000.0,151467.39,149824.05,149824.03,0.019309817,10.343311,8.540181,8.540151
4.2492194,0.003965076,0.0032351718,70000.0,151467.4,149824.05,149824.06,0.019309817,10.343148,8.540181,8.540151
4.2492194,0.003838429,0.003900663,70000.0,151467.4,149824.05,149824.08,0.019309817,10.343439,8.54018,8.54015
4.2492194,0.003820496,0.0016998746,70000.0,151467.38,149824.06,149824.08,0.019309817,10.343257,8.540183,8.540149
4.2492194,0.0038569567,0.0010884942,70000.0,151467.39,149824.06,149824.02,0.019309817,10.34345,8.540185,8.540149
4.2492194,0.0040441477,0.0018024221,70000.0,151467.39,149824.05,149824.06,0.019309817,10.343461,8.540182,8.54015
4.2492194,0.0036993925,0.005104103,70000.0,151467.44,149824.05,149824.08,0.019309817,10.343509,8.540177,8.540151
4.2492194,0.004399805,0.0038759115,70000.0,151467.38,149824.05,149824.06,0.019309817,10.343318,8.540179,8.540149
4.2492194,0.004008766,0.0027570603,70000.0,151467.3,149824.05,149824.06,0.019309817,10.343093,8.540181,8.54015
4.2492194,0.004225941,0.0057188543,70000.0,151467.39,149824.05,149824.05,0.019309817,10.343335,8.540176,8.54015
4.2492194,0.003881076,0.0076614353,70000.0,151467.38,149824.05,149824.05,0.019309817,10.343343,8.5401745,8.54015
4.2492194,0.0038501553,0.0037560354,70000.0,151467.44,149824.05,149824.06,0.019309817,10.343744,8.540178,8.54015
4.2492194,0.0041160653,0.0012744825,70000.0,151467.36,149824.05,149824.06,0.019309817,10.343234,8.540184,8.54015
4.2492194,0.003386046,0.00402615,70000.0,151467.38,149824.05,149824.05,0.019309817,10.343461,8.540179,8.540149
4.2492194,0.003959245,0.0015863972,70000.0,151467.33,149824.05,149824.05,0.019309817,10.343486,8.540182,8.540151
4.2492194,0.003760882,0.0038433077,70000.0,151467.42,149824.06,149824.05,0.019309817,10.343381,8.54018,8.540149
4.2492194,0.0043148394,0.004256806,70000.0,151467.36,149824.05,149824.05,0.019309817,10.343315,8.540178,8.540149
4.2492194,0.003410737,0.0035316632,70000.0,151467.33,149824.05,149824.05,0.019309817,10.343111,8.54018,8.540149
4.2492194,0.0040201317,0.003482989,70000.0,151467.36,149824.06,149824.05,0.019309817,10.343185,8.540178,8.54015
4.2492194,0.004403588,0.002128766,70000.0,151467.39,149824.05,149824.05,0.019309817,10.343608,8.540181,8.54015
4.2492194,0.0038612399,0.0009978408,70000.0,151467.33,149824.06,149824.06,0.019309817,10.34351,8.540185,8.54015
4.2492194,0.0033304575,0.0020115327,70000.0,151467.33,149824.08,149824.05,0.019309817,10.343307,8.540182,8.540149
4.2492194,0.0042204564,0.0010086051,70000.0,151467.39,149824.08,149824.06,0.019309817,10.343292,8.540185,8.54015
4.2492194,0.003943263,0.0034748104,70000.0,151467.38,149824.03,149824.05,0.019309817,10.343449,8.540179,8.54015
4.2492194,0.0043261605,0.0036745297,70000.0,151467.38,149824.05,149824.05,0.019309817,10.34333,8.54018,8.54015
4.2492194,0.0041506696,0.0011049643,70000.0,151467.31,149824.08,149824.06,0.019309817,10.343012,8.540185,8.54015
4.2492194,0.0035926627,0.0045786737,70000.0,151467.4,149824.06,149824.06,0.019309817,10.343559,8.540177,8.54015
4.2492194,0.0034277812,0.0014775201,70000.0,151467.4,149824.05,149824.06,0.019309817,10.343208,8.540184,8.54015
4.2492194,0.0038772272,0.0037955442,70000.0,151467.42,149824.05,149824.06,0.019309817,10.343823,8.540179,8.54015
4.2492194,0.0038887053,0.004891006,70000.0,151467.44,149824.05,149824.03,0.019309817,10.343609,8.540177,8.54015
4.2492194,0.0042272303,0.00540875,70000.0,151467.31,149824.06,149824.05,0.019309817,10.343147,8.540177,8.54015
4.2492194,0.004164111,0.007483013,70000.0,151467.33,149824.06,149824.05,0.019309817,10.343507,8.540175,8.54015
4.2492194,0.003351851,0.004835062,70000.0,151467.38,149824.06,149824.05,0.019309817,10.343247,8.540177,8.54015
4.2492194,0.0037595471,0.006001697,70000.0,151467.4,149824.06,149824.05,0.019309817,10.343429,8.540177,8.540149
4.2492194,0.00425934,0.003353742,70000.0,151467.38,149824.05,149824.06,0.019309817,10.343364,8.54018,8.540148
4.2492194,0.0046026167,0.0043440373,70000.0,151467.4,149824.05,149824.06,0.019309817,10.343847,8.540178,8.54015
4.2492194,0.0046763085,0.0010195709,70000.0,151467.38,149824.03,149824.03,0.019309817,10.343374,8.540184,8.54015
4.2492194,0.00440807,0.0068129296,70000.0,151467.4,149824.03,149824.06,0.019309817,10.343425,8.540175,8.540149
4.2492194,0.0038758852,0.005525597,70000.0,151467.4,149824.03,149824.06,0.019309817,10.343282,8.540176,8.540149
4.2492194,0.0037731596,0.0031504524,70000.0,151467.36,149824.06,149824.05,0.019309817,10.34296,8.54018,8.540149
4.2492194,0.0042574806,0.0023281125,70000.0,151467.38,149824.06,149824.05,0.019309817,10.343183,8.540182,8.540149
4.2492194,0.004127825,0.004747813,70000.0,151467.42,149824.03,149824.08,0.019309817,10.344077,8.540177,8.540151
4.2492194,0.0038433243,0.001249143,70000.0,151467.34,149824.05,149824.05,0.019309817,10.34326,8.540184,8.54015
4.2492194,0.0045096967,0.0015637827,70000.0,151467.36,149824.03,149824.05,0.019309817,10.343436,8.540182,8.54015
4.2492194,0.004295222,0.0011787638,70000.0,151467.4,149824.05,149824.06,0.019309817,10.343671,8.540184,8.54015
4.2492194,0.0046263933,0.0013826299,70000.0,151467.38,149824.05,149824.03,0.019309817,10.343471,8.540183,8.540151
4.2492194,0.00394266,0.0032270376,70000.0,151467.3,149824.06,149824.08,0.019309817,10.343105,8.54018,8.54015
4.2492194,0.0036639227,0.0036976025,70000.0,151467.33,149824.05,149824.06,0.019309817,10.343264,8.540179,8.540149
4.2492194,0.0030763785,0.0038868294,70000.0,151467.38,149824.08,149824.05,0.019309817,10.343675,8.540179,8.54015
4.2492194,0.003649822,0.0061503095,70000.0,151467.34,149824.08,149824.03,0.019309817,10.3438015,8.540176,8.54015
4.2492194,0.0039724153,0.0014274694,70000.0,151467.36,149824.06,149824.06,0.019309817,10.343398,8.540183,8.54015
4.2492194,0.0035444435,0.0013367491,70000.0,151467.38,149824.05,149824.05,0.019309817,10.343164,8.540183,8.54015
4.2492194,0.004033824,0.0025138818,70000.0,151467.36,149824.03,149824.05,0.019309817,10.3430805,8.540182,8.54015
4.2492194,0.0031421871,0.0061947852,70000.0,151467.39,149824.06,149824.06,0.019309817,10.343195,8.540176,8.54015
4.2492194,0.0033908258,0.0020917535,70000.0,151467.36,149824.03,149824.08,0.019309817,10.343328,8.540182,8.54015
4.2492194,0.0040906197,0.0010388407,70000.0,151467.38,149824.05,149824.05,0.019309817,10.343381,8.540184,8.54015
4.2492194,0.0040193633,0.001940405,70000.0,151467.33,149824.03,149824.06,0.019309817,10.343366,8.540182,8.54015
4.2492194,0.0043115215,0.0010348767,70000.0,151467.42,149824.05,149824.06,0.019309817,10.343455,8.540184,8.540151
4.2492194,0.0041618715,0.00175909,70000.0,151467.38,149824.03,149824.06,0.019309817,10.343171,8.540182,8.54015
4.2492194,0.003957012,0.002438999,70000.0,151467.44,149824.05,149824.08,0.019309817,10.343621,8.540181,8.54015
4.2492194,0.003608027,0.0034557953,70000.0,151467.38,149824.05,149824.06,0.019309817,10.3434515,8.54018,8.54015
4.2492194,0.003919419,0.0011953235,70000.0,151467.38,149824.06,149824.06,0.019309817,10.343501,8.540183,8.540149
4.2492194,0.0045546875,0.00412991,70000.0,151467.39,149824.06,149824.08,0.019309817,10.34347,8.540178,8.54015
4.2492194,0.0041522705,0.0010184697,70000.0,151467.39,149824.03,149824.06,0.019309817,10.343412,8.540184,8.540149
4.2492194,0.0032978982,0.0009979786,70000.0,151467.36,149824.06,149824.05,0.019309817,10.343622,8.540184,8.54015
4.2492194,0.0041959956,0.0028039343,70000.0,151467.38,149824.03,149824.06,0.019309817,10.34338,8.54018,8.540152
4.2492194,0.0037309227,0.004618031,70000.0,151467.4,149824.05,149824.06,0.019309817,10.34366,8.540177,8.54015
4.2492194,0.0034270484,0.004947238,70000.0,151467.34,149824.06,149824.05,0.019309817,10.343293,8.540177,8.54015
4.2492194,0.0037598792,0.0023579611,70000.0,151467.36,149824.05,149824.05,0.019309817,10.343134,8.540182,8.540149
4.2492194,0.004236409,0.0040836167,70000.0,151467.4,149824.05,149824.08,0.019309817,10.34346,8.540178,8.54015
4.2492194,0.0037313346,0.0030936121,70000.0,151467.45,149824.05,149824.06,0.019309817,10.343513,8.54018,8.54015
4.2492194,0.0034485802,0.001251489,70000.0,151467.38,149824.05,149824.06,0.019309817,10.343252,8.540183,8.54015
4.2492194,0.003948107,0.0015861194,70000.0,151467.4,149824.05,149824.05,0.019309817,10.343442,8.540182,8.540149
4.2492194,0.004045334,0.0015985362,70000.0,151467.33,149824.05,149824.06,0.019309817,10.343357,8.540183,8.540151
4.2492194,0.0038431662,0.004475609,70000.0,151467.4,149824.03,149824.06,0.019309817,10.343643,8.540178,8.54015
4.2492194,0.004359919,0.0010139343,70000.0,151467.34,149824.03,149824.06,0.019309817,10.34325,8.540184,8.54015
4.2492194,0.003399518,0.0010062712,70000.0,151467.36,149824.03,149824.08,0.019309817,10.3432665,8.540184,8.54015
4.2492194,0.0042485762,0.0026700082,70000.0,151467.38,149824.06,149824.05,0.019309817,10.343745,8.54018,8.54015
4.2492194,0.0036448094,0.0023241783,70000.0,151467.34,149824.06,149824.05,0.019309817,10.343345,8.540181,8.54015
4.2492194,0.0039064977,0.0026468593,70000.0,151467.34,149824.05,149824.06,0.019309817,10.34327,8.540181,8.54015
4.2492194,0.0041398327,0.0020865207,70000.0,151467.36,149824.06,149824.05,0.019309817,10.343429,8.540181,8.540149
4.2492194,0.0040150504,0.0029069353,70000.0,151467.36,149824.03,149824.05,0.019309817,10.343779,8.54018,8.540149
4.2492194,0.0038895798,0.0036050102,70000.0,151467.36,149824.03,149824.05,0.019309817,10.343298,8.54018,8.54015
4.2492194,0.004229176,0.00609339,70000.0,151467.38,149824.03,149824.06,0.019309817,10.343539,8.540176,8.540151
4.2492194,0.004514307,0.0022191943,70000.0,151467.38,149824.03,149824.06,0.019309817,10.343335,8.540182,8.54015
4.2492194,0.0042803762,0.0014376775,70000.0,151467.38,149824.03,149824.03,0.019309817,10.343307,8.540183,8.54015
4.2492194,0.004677765,0.0010578092,70000.0,151467.34,149824.03,149824.05,0.019309817,10.343413,8.540185,8.54015
4.2492194,0.0040380335,0.004476589,70000.0,151467.34,149824.06,149824.06,0.019309817,10.343025,8.540179,8.54015
4.2492194,0.00416916,0.0011793858,70000.0,151467.38,149824.05,149824.05,0.019309817,10.34333,8.540184,8.540149
4.2492194,0.004484855,0.0019465687,70000.0,151467.39,149824.05,149824.06,0.019309817,10.34365,8.540182,8.54015
4.2492194,0.003786582,0.0017566996,70000.0,151467.38,149824.05,149824.05,0.019309817,10.343518,8.540182,8.54015
4.2492194,0.0043219975,0.0012150719,70000.0,151467.34,149824.05,149824.05,0.019309817,10.343189,8.540183,8.54015
4.2492194,0.0038420267,0.0026313986,70000.0,151467.36,149824.05,149824.06,0.019309817,10.343518,8.540182,8.54015
4.2492194,0.0041913283,0.0010139699,70000.0,151467.34,149824.05,149824.06,0.019309817,10.343482,8.540185,8.540149
4.2492194,0.003932273,0.0011651805,70000.0,151467.36,149824.05,149824.08,0.019309817,10.343203,8.540183,8.540149
4.2492194,0.0047602,0.0010138291,70000.0,151467.42,149824.05,149824.06,0.019309817,10.343637,8.540185,8.54015
4.2492194,0.0036485903,0.0023220738,70000.0,151467.33,149824.05,149824.1,0.019309817,10.343488,8.540181,8.54015
4.2492194,0.003702948,0.005530511,70000.0,151467.39,149824.05,149824.05,0.019309817,10.343502,8.540177,8.540149
4.2492194,0.0042986847,0.0015144825,70000.0,151467.33,149824.05,149824.06,0.019309817,10.343363,8.540182,8.54015
4.2492194,0.0035976572,0.0020119848,70000.0,151467.34,149824.03,149824.05,0.019309817,10.3431835,8.540182,8.540149
4.2492194,0.004027571,0.0045354282,70000.0,151467.3,149824.05,149824.1,0.019309817,10.343155,8.540178,8.540151
4.2492194,0.0038574238,0.00102544,70000.0,151467.36,149824.05,149824.05,0.019309817,10.343193,8.540184,8.540151
4.2492194,0.0040997523,0.0010403371,70000.0,151467.36,149824.05,149824.06,0.019309817,10.343518,8.540184,8.540148
4.2492194,0.003858364,0.0047998154,70000.0,151467.31,149824.05,149824.05,0.019309817,10.342765,8.540178,8.54015
4.2492194,0.003880689,0.003217981,70000.0,151467.38,149824.03,149824.05,0.019309817,10.343744,8.54018,8.54015
4.2492194,0.003929523,0.005331902,70000.0,151467.38,149824.05,149824.05,0.019309817,10.34335,8.540177,8.540149
4.2492194,0.0033973241,0.0020945715,70000.0,151467.42,149824.06,149824.05,0.019309817,10.343506,8.540182,8.54015
4.2492194,0.0040392685,0.0022299122,70000.0,151467.4,149824.06,149824.05,0.019309817,10.343361,8.540182,8.540151
4.2492194,0.0036629585,0.00133471,70000.0,151467.33,149824.05,149824.06,0.019309817,10.3432255,8.540184,8.540149
4.2492194,0.0033901583,0.0019363782,70000.0,151467.44,149824.03,149824.05,0.019309817,10.343439,8.540182,8.54015
4.2492194,0.0032037997,0.004247357,70000.0,151467.33,149824.05,149824.05,0.019309817,10.343335,8.540179,8.54015
4.2492194,0.0041917926,0.00095749274,70000.0,151467.39,149824.05,149824.06,0.019309817,10.343591,8.540185,8.54015
4.2492194,0.0034902785,0.0010373092,70000.0,151467.34,149824.06,149824.06,0.019309817,10.343097,8.540184,8.540149
4.2492194,0.003827746,0.001085544,70000.0,151467.39,149824.05,149824.05,0.019309817,10.34337,8.540184,8.54015
4.2492194,0.0046709874,0.0010142166,70000.0,151467.38,149824.03,149824.05,0.019309817,10.343426,8.540185,8.54015
4.2492194,0.0048580724,0.0010557952,70000.0,151467.33,149824.05,149824.06,0.019309817,10.343419,8.540185,8.540151
4.2492194,0.0040856786,0.005672399,70000.0,151467.4,149824.05,149824.05,0.019309817,10.3438015,8.540177,8.54015
4.2492194,0.0035136715,0.0017252066,70000.0,151467.36,149824.06,149824.05,0.019309817,10.343051,8.540183,8.540149
4.2492194,0.0032919138,0.006453145,70000.0,151467.42,149824.03,149824.05,0.019309817,10.3435545,8.5401745,8.54015
4.2492194,0.003774898,0.0057309857,70000.0,151467.31,149824.03,149824.05,0.019309817,10.343078,8.540176,8.54015
4.2492194,0.003701306,0.008066812,70000.0,151467.39,149824.03,149824.06,0.019309817,10.343809,8.540175,8.54015
4.2492194,0.0039997827,0.0024305945,70000.0,151467.38,149824.03,149824.05,0.019309817,10.34357,8.540181,8.540151
4.2492194,0.004791311,0.0010033195,70000.0,151467.4,149824.05,149824.06,0.019309817,10.343821,8.540185,8.540149
4.2492194,0.0040221857,0.0060853725,70000.0,151467.39,149824.06,149824.06,0.019309817,10.343521,8.540177,8.540149
4.2492194,0.0039515123,0.0032658342,70000.0,151467.34,149824.05,149824.05,0.019309817,10.3435545,8.540179,8.540149
4.2492194,0.003634313,0.0047144983,70000.0,151467.34,149824.06,149824.05,0.019309817,10.343116,8.540178,8.54015
4.2492194,0.0034251527,0.0024327082,70000.0,151467.33,149824.05,149824.05,0.019309817,10.343189,8.540182,8.54015
4.2492194,0.003564495,0.0014334914,70000.0,151467.36,149824.05,149824.03,0.019309817,10.343281,8.540182,8.540149
4.2492194,0.004505667,0.003947826,70000.0,151467.34,149824.05,149824.06,0.019309817,10.343262,8.540178,8.54015
4.2492194,0.0041047605,0.003163661,70000.0,151467.36,149824.05,149824.06,0.019309817,10.343488,8.54018,8.54015
4.2492194,0.0038875605,0.0014957956,70000.0,151467.39,149824.06,149824.08,0.019309817,10.343458,8.540183,8.540149
4.2492194,0.0040359497,0.0018939431,70000.0,151467.39,149824.06,149824.05,0.019309817,10.342973,8.540183,8.540149
4.2492194,0.0044517927,0.0053028604,70000.0,151467.38,149824.05,149824.05,0.019309817,10.343626,8.540175,8.540149
4.2492194,0.0043694302,0.0037993994,70000.0,151467.34,149824.08,149824.03,0.019309817,10.343193,8.540179,8.54015
4.2492194,0.004532388,0.0010986889,70000.0,151467.42,149824.05,149824.05,0.019309817,10.34342,8.540186,8.540151
4.2492194,0.0037850619,0.0030705775,70000.0,151467.39,149824.05,149824.08,0.019309817,10.343352,8.540179,8.54015
4.2492194,0.004050058,0.0018276414,70000.0,151467.36,149824.06,149824.05,0.019309817,10.343435,8.540183,8.54015
4.2492194,0.0042780214,0.004256869,70000.0,151467.42,149824.06,149824.05,0.019309817,10.34384,8.540179,8.540149
4.2492194,0.0042607957,0.0018994785,70000.0,151467.34,149824.06,149824.06,0.019309817,10.343206,8.540183,8.54015
4.2492194,0.0042159525,0.007448693,70000.0,151467.39,149824.06,149824.06,0.019309817,10.343341,8.540175,8.540149
4.2492194,0.00460707,0.001030733,70000.0,151467.39,149824.05,149824.05,0.019309817,10.343212,8.540185,8.540151
4.2492194,0.0038385587,0.00408982,70000.0,151467.39,149824.03,149824.06,0.019309817,10.34332,8.540178,8.54015
4.2492194,0.003363308,0.0046679894,70000.0,151467.39,149824.05,149824.05,0.019309817,10.343891,8.540177,8.540149
4.2492194,0.003997561,0.005646442,70000.0,151467.42,149824.05,149824.05,0.019309817,10.343846,8.540176,8.54015
4.2492194,0.0035528843,0.0044156355,70000.0,151467.36,149824.06,149824.06,0.019309817,10.343206,8.540177,8.540151
4.2492194,0.0035486396,0.0032724612,70000.0,151467.34,149824.05,149824.05,0.019309817,10.343529,8.54018,8.54015
4.2492194,0.0039334698,0.000972026,70000.0,151467.38,149824.06,149824.06,0.019309817,10.343278,8.540185,8.54015
4.2492194,0.003557562,0.0055685667,70000.0,151467.38,149824.05,149824.05,0.019309817,10.343527,8.540177,8.540151
4.2492194,0.0041947556,0.0009876607,70000.0,151467.39,149824.05,149824.06,0.019309817,10.343497,8.540184,8.54015
4.2492194,0.0041337437,0.007917008,70000.0,151467.38,149824.05,149824.08,0.019309817,10.343872,8.5401745,8.540151
4.2492194,0.004189779,0.0020302588,70000.0,151467.33,149824.06,149824.05,0.019309817,10.342828,8.540182,8.540149
4.2492194,0.0039146785,0.0027775813,70000.0,151467.42,149824.08,149824.05,0.019309817,10.343333,8.54018,8.540149
4.2492194,0.0038257705,0.0010368751,70000.0,151467.31,149824.03,149824.06,0.019309817,10.343371,8.540184,8.54015
4.2492194,0.003774279,0.003337758,70000.0,151467.44,149824.05,149824.06,0.019309817,10.343659,8.54018,8.540149
4.2492194,0.004488804,0.0010788924,70000.0,151467.3,149824.05,149824.08,0.019309817,10.343005,8.540185,8.540149
4.2492194,0.004063277,0.0074535506,70000.0,151467.44,149824.05,149824.06,0.019309817,10.343585,8.540175,8.540149
4.2492194,0.0038894273,0.003030432,70000.0,151467.4,149824.06,149824.06,0.019309817,10.343576,8.540181,8.540151
4.2492194,0.003907812,0.005863162,70000.0,151467.39,149824.05,149824.05,0.019309817,10.343483,8.540177,8.54015
4.2492194,0.0038151476,0.0036792702,70000.0,151467.36,149824.05,149824.05,0.019309817,10.34355,8.540179,8.540149
4.2492194,0.0040357416,0.0070777573,70000.0,151467.39,149824.05,149824.06,0.019309817,10.343568,8.5401745,8.54015
4.2492194,0.0036492457,0.0014903853,70000.0,151467.33,149824.05,149824.05,0.019309817,10.343124,8.540182,8.540149
4.2492194,0.0038091347,0.0013201629,70000.0,151467.45,149824.03,149824.05,0.019309817,10.343223,8.540182,8.540149
4.2492194,0.0039519384,0.0010193912,70000.0,151467.36,149824.03,149824.05,0.019309817,10.343287,8.540185,8.540149
4.2492194,0.0043620104,0.0011739717,70000.0,151467.38,149824.05,149824.06,0.019309817,10.343784,8.540184,8.54015
4.2492194,0.004115032,0.0018651874,70000.0,151467.34,149824.06,149824.03,0.019309817,10.343075,8.540181,8.540149
4.2492194,0.0042164125,0.002612448,70000.0,151467.45,149824.03,149824.06,0.019309817,10.343659,8.540181,8.54015
4.2492194,0.0040442436,0.0015119611,70000.0,151467.4,149824.05,149824.08,0.019309817,10.343524,8.540182,8.540151
4.2492194,0.004374789,0.00279303,70000.0,151467.3,149824.08,149824.06,0.019309817,10.343153,8.54018,8.54015
4.2492194,0.0035553472,0.000979836,70000.0,151467.39,149824.05,149824.05,0.019309817,10.343174,8.540185,8.540149
4.2492194,0.004243616,0.0017519025,70000.0,151467.39,149824.05,149824.05,0.019309817,10.343313,8.540183,8.54015
4.2492194,0.003997655,0.0010086016,70000.0,151467.39,149824.05,149824.05,0.019309817,10.343461,8.540184,8.54015
4.2492194,0.0043616076,0.0015823892,70000.0,151467.42,149824.05,149824.05,0.019309817,10.343687,8.540183,8.540149
4.2492194,0.003911217,0.0013149875,70000.0,151467.38,149824.05,149824.05,0.019309817,10.343298,8.540183,8.54015
4.2492194,0.003689075,0.005451871,70000.0,151467.38,149824.06,149824.08,0.019309817,10.3436365,8.540177,8.540151
4.2492194,0.004169478,0.0032967692,70000.0,151467.39,149824.05,149824.05,0.019309817,10.343735,8.540179,8.54015
4.2492194,0.0041730893,0.0017311934,70000.0,151467.38,149824.06,149824.06,0.019309817,10.343298,8.540183,8.540149
4.2492194,0.004245474,0.0010209207,70000.0,151467.4,149824.03,149824.03,0.019309817,10.343497,8.540184,8.540149
4.2492194,0.004421566,0.0036743707,70000.0,151467.4,149824.03,149824.05,0.019309817,10.34364,8.540179,8.540149
4.2492194,0.0038751434,0.004100753,70000.0,151467.33,149824.05,149824.06,0.019309817,10.3431425,8.540178,8.540149
4.2492194,0.004285769,0.0010120999,70000.0,151467.39,149824.08,149824.06,0.019309817,10.34313,8.540185,8.540151
4.2492194,0.0043162135,0.0057518072,70000.0,151467.36,149824.05,149824.05,0.019309817,10.343251,8.540177,8.540149
4.2492194,0.0041075684,0.0010231405,70000.0,151467.4,149824.05,149824.06,0.019309817,10.343212,8.540185,8.540151
4.2492194,0.0042109075,0.0027106798,70000.0,151467.38,149824.06,149824.06,0.019309817,10.343026,8.540182,8.54015
4.2492194,0.0043437365,0.0011177572,70000.0,151467.33,149824.05,149824.05,0.019309817,10.343089,8.540183,8.54015
4.2492194,0.00347263,0.0012557881,70000.0,151467.33,149824.05,149824.06,0.019309817,10.343295,8.540183,8.540149
4.2492194,0.004394725,0.006956667,70000.0,151467.42,149824.03,149824.08,0.019309817,10.343337,8.540175,8.54015
4.2492194,0.0041228887,0.0029746727,70000.0,151467.4,149824.05,149824.05,0.019309817,10.343307,8.540181,8.540149
4.2492194,0.004039626,0.007958719,70000.0,151467.36,149824.05,149824.08,0.019309817,10.343105,8.5401745,8.54015
4.2492194,0.0041065025,0.0019350688,70000.0,151467.39,149824.06,149824.05,0.019309817,10.343242,8.540182,8.540149
4.2492194,0.0037503857,0.0022464653,70000.0,151467.39,149824.05,149824.05,0.019309817,10.3436985,8.540181,8.540149
4.2492194,0.0039516166,0.0013264607,70000.0,151467.33,149824.05,149824.06,0.019309817,10.343121,8.540184,8.54015
4.2492194,0.0036915415,0.0013188985,70000.0,151467.38,149824.03,149824.08,0.019309817,10.343454,8.540183,8.54015
4.2492194,0.0034412856,0.005576511,70000.0,151467.4,149824.05,149824.06,0.019309817,10.3435545,8.540176,8.540151
4.2492194,0.004037766,0.00094125135,70000.0,151467.33,149824.08,149824.05,0.019309817,10.343163,8.540184,8.54015
4.2492194,0.0042922394,0.0011560112,70000.0,151467.36,149824.05,149824.05,0.019309817,10.343471,8.540186,8.54015
4.2492194,0.0034863946,0.004170535,70000.0,151467.44,149824.05,149824.06,0.019309817,10.343429,8.540179,8.54015
4.2492194,0.003265836,0.003363079,70000.0,151467.33,149824.05,149824.06,0.019309817,10.343558,8.540179,8.54015
4.2492194,0.0037448537,0.0012466765,70000.0,151467.34,149824.06,149824.06,0.019309817,10.343503,8.540184,8.54015
4.2492194,0.0040485514,0.0013861277,70000.0,151467.39,149824.05,149824.05,0.019309817,10.343246,8.540183,8.54015
4.2492194,0.0062762457,0.008320665,70000.0,151467.34,149824.05,149824.06,0.019309817,10.343409,8.5401745,8.54015
4.2492194,0.0046331664,0.0010609514,70000.0,151467.39,149824.05,149824.06,0.019309817,10.343521,8.540185,8.540151
4.2492194,0.003642739,0.0012904973,70000.0,151467.38,149824.05,149824.05,0.019309817,10.343376,8.540183,8.540151
4.2492194,0.004056938,0.0042487085,70000.0,151467.4,149824.06,149824.05,0.019309817,10.343433,8.540179,8.54015
4.2492194,0.0033984724,0.0029431458,70000.0,151467.4,149824.03,149824.06,0.019309817,10.343345,8.54018,8.540149
4.2492194,0.0033222388,0.004142276,70000.0,151467.4,149824.03,149824.08,0.019309817,10.343192,8.540179,8.540149
4.2492194,0.0035084526,0.003841889,70000.0,151467.38,149824.05,149824.05,0.019309817,10.343364,8.540179,8.54015
4.2492194,0.0034826398,0.003973696,70000.0,151467.34,149824.05,149824.06,0.019309817,10.343289,8.540178,8.54015
4.2492194,0.0033458227,0.0039939964,70000.0,151467.4,149824.05,149824.05,0.019309817,10.343526,8.540177,8.540149
4.2492194,0.004230051,0.00207323,70000.0,151467.36,149824.06,149824.06,0.019309817,10.343256,8.540182,8.54015
4.2492194,0.0039813607,0.0017851915,70000.0,151467.4,149824.05,149824.08,0.019309817,10.343294,8.540183,8.540152
4.2492194,0.0037638315,0.0036465412,70000.0,151467.34,149824.05,149824.06,0.019309817,10.343484,8.54018,8.54015
4.2492194,0.0032962665,0.002094899,70000.0,151467.38,149824.06,149824.06,0.019309817,10.343714,8.540181,8.540149
4.2492194,0.003452559,0.007541764,70000.0,151467.42,149824.06,149824.06,0.019309817,10.343379,8.5401745,8.540151
4.2492194,0.0040490553,0.004513938,70000.0,151467.34,149824.05,149824.05,0.019309817,10.343397,8.540177,8.540148
4.2492194,0.003822036,0.0060146023,70000.0,151467.38,149824.08,149824.03,0.019309817,10.343627,8.540176,8.54015
4.2492194,0.0038548913,0.0011323754,70000.0,151467.36,149824.05,149824.05,0.019309817,10.343453,8.540183,8.54015
4.2492194,0.0038129801,0.000942037,70000.0,151467.36,149824.05,149824.06,0.019309817,10.343153,8.540185,8.54015
4.2492194,0.004931744,0.0009557571,70000.0,151467.3,149824.05,149824.05,0.019309817,10.343442,8.540185,8.54015
4.2492194,0.003892139,0.0011180072,70000.0,151467.38,149824.05,149824.08,0.019309817,10.343223,8.540186,8.540151
4.2492194,0.0036886719,0.004469145,70000.0,151467.39,149824.05,149824.06,0.019309817,10.343348,8.540177,8.54015
4.2492194,0.0033351048,0.0022844684,70000.0,151467.34,149824.06,149824.1,0.019309817,10.343242,8.540181,8.54015
4.2492194,0.0038205322,0.0028105932,70000.0,151467.4,149824.06,149824.08,0.019309817,10.343474,8.54018,8.54015
4.2492194,0.0035517546,0.0009873384,70000.0,151467.34,149824.05,149824.05,0.019309817,10.343236,8.540184,8.54015
4.2492194,0.0036843405,0.0010750529,70000.0,151467.38,149824.05,149824.05,0.019309817,10.343452,8.540183,8.54015
4.2492194,0.0039472226,0.0013712866,70000.0,151467.38,149824.05,149824.05,0.019309817,10.343648,8.540182,8.54015
4.2492194,0.0036537691,0.004240379,70000.0,151467.36,149824.06,149824.05,0.019309817,10.343493,8.540177,8.540149
4.2492194,0.004079416,0.001048538,70000.0,151467.34,149824.06,149824.05,0.019309817,10.343304,8.540184,8.540149
4.2492194,0.0038987969,0.004195657,70000.0,151467.38,149824.05,149824.05,0.019309817,10.343162,8.540179,8.54015
4.2492194,0.0045041614,0.005445994,70000.0,151467.39,149824.05,149824.05,0.019309817,10.343238,8.540177,8.540149
4.2492194,0.004476927,0.0012439481,70000.0,151467.38,149824.03,149824.08,0.019309817,10.343645,8.540184,8.54015
4.2492194,0.0038833546,0.0009704484,70000.0,151467.39,149824.06,149824.05,0.019309817,10.3433075,8.540185,8.54015
4.2492194,0.004099942,0.00329192,70000.0,151467.44,149824.06,149824.05,0.019309817,10.343321,8.54018,8.54015
4.2492194,0.003976909,0.0010338452,70000.0,151467.44,149824.05,149824.06,0.019309817,10.343528,8.540184,8.540149
4.2492194,0.0042295856,0.001199504,70000.0,151467.4,149824.06,149824.05,0.019309817,10.343376,8.540184,8.540151
4.2492194,0.004580734,0.0010179342,70000.0,151467.4,149824.05,149824.06,0.019309817,10.343562,8.540185,8.540151
4.2492194,0.0041065845,0.0011575429,70000.0,151467.42,149824.05,149824.06,0.019309817,10.343273,8.540184,8.540149
4.2492194,0.003985982,0.0010039413,70000.0,151467.38,149824.05,149824.06,0.019309817,10.3433895,8.540185,8.54015
4.2492194,0.0043330346,0.0021120724,70000.0,151467.4,149824.03,149824.05,0.019309817,10.343594,8.540182,8.54015
4.2492194,0.0039444175,0.0010269787,70000.0,151467.38,149824.05,149824.06,0.019309817,10.3436165,8.540185,8.54015
4.2492194,0.0040237163,0.008742512,70000.0,151467.44,149824.03,149824.06,0.019309817,10.343607,8.540175,8.54015
4.2492194,0.003943245,0.005028954,70000.0,151467.4,149824.05,149824.05,0.019309817,10.3432255,8.540177,8.54015
4.2492194,0.0040886924,0.005717734,70000.0,151467.42,149824.06,149824.05,0.019309817,10.343482,8.540176,8.54015
4.2492194,0.004163632,0.0040194076,70000.0,151467.4,149824.03,149824.06,0.019309817,10.34356,8.540178,8.54015
4.2492194,0.00372719,0.005794304,70000.0,151467.38,149824.05,149824.05,0.019309817,10.343149,8.540175,8.540149
4.2492194,0.0037904403,0.0026855648,70000.0,151467.38,149824.06,149824.06,0.019309817,10.343294,8.540179,8.540149
4.2492194,0.004074499,0.0025465237,70000.0,151467.36,149824.05,149824.06,0.019309817,10.343209,8.540181,8.540151
4.2492194,0.004438815,0.0018619084,70000.0,151467.34,149824.05,149824.05,0.019309817,10.3429365,8.540182,8.540151
4.2492194,0.0040646126,0.0011457338,70000.0,151467.39,149824.05,149824.06,0.019309817,10.343923,8.540183,8.54015
4.2492194,0.0033177356,0.0010069461,70000.0,151467.36,149824.03,149824.05,0.019309817,10.343116,8.540184,8.54015
4.2492194,0.003858074,0.00092439307,70000.0,151467.36,149824.05,149824.05,0.019309817,10.343342,8.540184,8.54015
4.2492194,0.0034477215,0.0034003556,70000.0,151467.39,149824.05,149824.05,0.019309817,10.34358,8.540179,8.54015
4.2492194,0.00406179,0.0022204688,70000.0,151467.36,149824.08,149824.03,0.019309817,10.3433695,8.540182,8.54015
4.2492194,0.0038792123,0.00093841355,70000.0,151467.38,149824.05,149824.1,0.019309817,10.343407,8.540185,8.540151
4.2492194,0.0038259423,0.0016581854,70000.0,151467.36,149824.05,149824.06,0.019309817,10.3434305,8.540182,8.540151
4.2492194,0.0036692682,0.0031109208,70000.0,151467.39,149824.05,149824.06,0.019309817,10.343309,8.54018,8.54015
4.2492194,0.0037019106,0.0017382201,70000.0,151467.39,149824.06,149824.06,0.019309817,10.343736,8.540182,8.54015
4.2492194,0.0040166005,0.004666052,70000.0,151467.33,149824.03,149824.05,0.019309817,10.342998,8.540178,8.540151
4.2492194,0.0037277495,0.0019045525,70000.0,151467.38,149824.05,149824.03,0.019309817,10.343435,8.540182,8.54015
4.2492194,0.0038216524,0.004077466,70000.0,151467.4,149824.06,149824.05,0.019309817,10.343839,8.540179,8.54015
4.2492194,0.0038425792,0.0039063445,70000.0,151467.4,149824.06,149824.05,0.019309817,10.343424,8.540179,8.54015
4.2492194,0.0050836625,0.0011358786,70000.0,151467.33,149824.05,149824.05,0.019309817,10.34327,8.540185,8.54015
4.2492194,0.004726474,0.0010109814,70000.0,151467.36,149824.03,149824.05,0.019309817,10.343182,8.540184,8.540149
4.2492194,0.0048788325,0.0020548718,70000.0,151467.39,149824.05,149824.06,0.019309817,10.343595,8.540183,8.54015
4.2492194,0.00410194,0.005136288,70000.0,151467.44,149824.06,149824.05,0.019309817,10.343661,8.540177,8.54015
4.2492194,0.004134275,0.0009679879,70000.0,151467.39,149824.05,149824.05,0.019309817,10.343587,8.540185,8.54015
4.2492194,0.003536118,0.0011248344,70000.0,151467.42,149824.03,149824.05,0.019309817,10.343809,8.540184,8.54015
4.2492194,0.003881375,0.0033751861,70000.0,151467.34,149824.06,149824.05,0.019309817,10.343332,8.54018,8.54015
4.2492194,0.0036651432,0.0071647274,70000.0,151467.42,149824.05,149824.06,0.019309817,10.343506,8.540176,8.540149
4.2492194,0.004147198,0.0011414315,70000.0,151467.4,149824.05,149824.06,0.019309817,10.343263,8.540184,8.54015
4.2492194,0.0038577898,0.001110958,70000.0,151467.39,149824.06,149824.05,0.019309817,10.343469,8.540184,8.540149
4.2492194,0.004122128,0.0020841982,70000.0,151467.42,149824.06,149824.06,0.019309817,10.34338,8.540182,8.540151
4.2492194,0.0043973452,0.0010383956,70000.0,151467.39,149824.05,149824.05,0.019309817,10.343316,8.540184,8.540149
4.2492194,0.0034952792,0.007132594,70000.0,151467.42,149824.05,149824.06,0.019309817,10.343302,8.540175,8.54015
4.2492194,0.0040339134,0.0011017658,70000.0,151467.4,149824.03,149824.06,0.019309817,10.34324,8.540185,8.54015
4.2492194,0.0038549732,0.0022445843,70000.0,151467.39,149824.05,149824.05,0.019309817,10.343723,8.540182,8.540149
4.2492194,0.0041234675,0.00094285037,70000.0,151467.4,149824.03,149824.03,0.019309817,10.343481,8.540184,8.54015
4.2492194,0.0043374225,0.00097629015,70000.0,151467.34,149824.06,149824.06,0.019309817,10.343434,8.540184,8.54015
4.2492194,0.0036717833,0.0012580069,70000.0,151467.33,149824.03,149824.08,0.019309817,10.343247,8.540182,8.54015
4.2492194,0.0037402909,0.0011703118,70000.0,151467.31,149824.05,149824.06,0.019309817,10.342882,8.540184,8.540151
4.2492194,0.0036388712,0.0028108393,70000.0,151467.33,149824.03,149824.05,0.019309817,10.343315,8.54018,8.54015
4.2492194,0.004308185,0.003686052,70000.0,151467.38,149824.06,149824.03,0.019309817,10.343132,8.540179,8.540149
4.2492194,0.0036805943,0.0011334782,70000.0,151467.42,149824.06,149824.05,0.019309817,10.343928,8.540184,8.54015
4.2492194,0.003519073,0.0011708806,70000.0,151467.38,149824.06,149824.05,0.019309817,10.343336,8.540183,8.540149
4.2492194,0.004559937,0.0010230511,70000.0,151467.36,149824.05,149824.06,0.019309817,10.343195,8.540185,8.54015
4.2492194,0.0034935342,0.0016873387,70000.0,151467.39,149824.06,149824.05,0.019309817,10.343121,8.540182,8.54015
4.2492194,0.0035328823,0.001052691,70000.0,151467.42,149824.05,149824.08,0.019309817,10.34364,8.540185,8.54015
4.2492194,0.0039247302,0.0040887613,70000.0,151467.47,149824.06,149824.05,0.019309817,10.343854,8.540178,8.540149
4.2492194,0.0042959573,0.00450962,70000.0,151467.38,149824.05,149824.05,0.019309817,10.343498,8.540178,8.54015
4.2492194,0.003593996,0.002547858,70000.0,151467.39,149824.03,149824.05,0.019309817,10.343426,8.54018,8.54015
4.2492194,0.0037281713,0.0013770817,70000.0,151467.4,149824.06,149824.06,0.019309817,10.34324,8.540183,8.54015
4.2492194,0.004072997,0.0051156613,70000.0,151467.38,149824.02,149824.03,0.019309817,10.343365,8.540176,8.54015
4.2492194,0.0043585543,0.0029288882,70000.0,151467.42,149824.05,149824.06,0.019309817,10.343454,8.540181,8.540149
4.2492194,0.0035022113,0.005377647,70000.0,151467.33,149824.08,149824.06,0.019309817,10.343005,8.540177,8.540149
4.2492194,0.0036249075,0.0010825349,70000.0,151467.34,149824.03,149824.08,0.019309817,10.343347,8.540184,8.540151
4.2492194,0.0041271886,0.0015183645,70000.0,151467.34,149824.05,149824.06,0.019309817,10.343117,8.540183,8.54015
4.2492194,0.0030141382,0.0032610334,70000.0,151467.4,149824.06,149824.06,0.019309817,10.343408,8.540179,8.540149
4.2492194,0.0036835573,0.004218769,70000.0,151467.34,149824.05,149824.05,0.019309817,10.343634,8.540179,8.54015
4.2492194,0.004355069,0.0011494759,70000.0,151467.45,149824.06,149824.05,0.019309817,10.343566,8.540184,8.540149
4.2492194,0.003801267,0.0021372016,70000.0,151467.38,149824.05,149824.08,0.019309817,10.34315,8.540181,8.54015
4.2492194,0.0035334409,0.0012125784,70000.0,151467.31,149824.03,149824.06,0.019309817,10.343086,8.540183,8.54015
4.2492194,0.0040296316,0.0019335502,70000.0,151467.39,149824.05,149824.06,0.019309817,10.343421,8.540182,8.54015
4.2492194,0.0039673424,0.0029795957,70000.0,151467.36,149824.05,149824.05,0.019309817,10.343126,8.54018,8.54015
4.2492194,0.0038720332,0.004841595,70000.0,151467.39,149824.06,149824.06,0.019309817,10.343393,8.540177,8.54015
4.2492194,0.0041849674,0.007091342,70000.0,151467.42,149824.05,149824.06,0.019309817,10.343125,8.540175,8.54015
4.2492194,0.0033805533,0.0033231287,70000.0,151467.42,149824.05,149824.05,0.019309817,10.34363,8.54018,8.540149
4.2492194,0.0043531302,0.0011119337,70000.0,151467.39,149824.06,149824.05,0.019309817,10.343338,8.540185,8.540148
4.2492194,0.0042043664,0.002660126,70000.0,151467.36,149824.05,149824.06,0.019309817,10.343201,8.540182,8.54015
4.2492194,0.0044882027,0.0035145762,70000.0,151467.31,149824.06,149824.08,0.019309817,10.343013,8.540179,8.540151
4.2492194,0.0043432936,0.0056883176,70000.0,151467.39,149824.05,149824.05,0.019309817,10.343146,8.540176,8.54015
4.2492194,0.004076222,0.0010915677,70000.0,151467.4,149824.05,149824.05,0.019309817,10.343283,8.540184,8.540151
4.2492194,0.004122923,0.0025022586,70000.0,151467.4,149824.06,149824.06,0.019309817,10.343596,8.540181,8.54015
4.2492194,0.004029545,0.0011901903,70000.0,151467.34,149824.05,149824.06,0.019309817,10.343192,8.540183,8.54015
4.2492194,0.0039231125,0.001409531,70000.0,151467.42,149824.03,149824.05,0.019309817,10.343743,8.540183,8.54015
4.2492194,0.0040060487,0.001259255,70000.0,151467.38,149824.03,149824.05,0.019309817,10.343079,8.540184,8.540149
4.2492194,0.0039653354,0.0021197933,70000.0,151467.4,149824.05,149824.08,0.019309817,10.343588,8.540181,8.540151
4.2492194,0.003899513,0.0042507593,70000.0,151467.4,149824.06,149824.05,0.019309817,10.343326,8.540178,8.540151
4.2492194,0.0046600974,0.0010343664,70000.0,151467.38,149824.05,149824.05,0.019309817,10.343183,8.540185,8.540149
4.2492194,0.0045784507,0.0020001037,70000.0,151467.45,149824.06,149824.05,0.019309817,10.343529,8.540182,8.540149
4.2492194,0.003695241,0.0015875255,70000.0,151467.33,149824.06,149824.06,0.019309817,10.343204,8.540182,8.540149
4.2492194,0.0038476351,0.0014292076,70000.0,151467.44,149824.06,149824.03,0.019309817,10.343599,8.540184,8.54015
4.2492194,0.00393158,0.0018795216,70000.0,151467.34,149824.03,149824.05,0.019309817,10.343237,8.540183,8.54015
4.2492194,0.004655993,0.0012109342,70000.0,151467.39,149824.06,149824.08,0.019309817,10.343281,8.540184,8.540151
4.2492194,0.0039042006,0.006425314,70000.0,151467.38,149824.06,149824.03,0.019309817,10.3433895,8.540175,8.54015
4.2492194,0.0038453168,0.0014139697,70000.0,151467.4,149824.06,149824.05,0.019309817,10.343284,8.540183,8.54015
4.2492194,0.0033751545,0.0011703193,70000.0,151467.36,149824.05,149824.06,0.019309817,10.343257,8.540184,8.54015
4.2492194,0.0044182157,0.0058990717,70000.0,151467.38,149824.05,149824.06,0.019309817,10.343261,8.540177,8.54015
4.2492194,0.0043050633,0.0014767036,70000.0,151467.38,149824.05,149824.05,0.019309817,10.343341,8.540183,8.54015
4.2492194,0.0041835653,0.0029017793,70000.0,151467.44,149824.06,149824.03,0.019309817,10.343492,8.54018,8.54015
4.2492194,0.0042688744,0.0060379053,70000.0,151467.42,149824.05,149824.05,0.019309817,10.343861,8.540176,8.54015
4.2492194,0.0038727417,0.0012595124,70000.0,151467.31,149824.05,149824.05,0.019309817,10.343292,8.540183,8.540149
4.2492194,0.0038253888,0.0033907837,70000.0,151467.36,149824.05,149824.06,0.019309817,10.343503,8.540178,8.540149
4.2492194,0.003989617,0.0012352103,70000.0,151467.39,149824.05,149824.05,0.019309817,10.343481,8.540184,8.54015
4.2492194,0.004415849,0.002942936,70000.0,151467.42,149824.08,149824.08,0.019309817,10.343604,8.540181,8.540151
4.2492194,0.003818897,0.0035562983,70000.0,151467.34,149824.06,149824.05,0.019309817,10.3436775,8.54018,8.540149
4.2492194,0.0039625657,0.0028365063,70000.0,151467.38,149824.06,149824.05,0.019309817,10.343606,8.540181,8.54015
4.2492194,0.004141557,0.0015441311,70000.0,151467.33,149824.05,149824.05,0.019309817,10.34348,8.540183,8.540149
4.2492194,0.0034910073,0.003670674,70000.0,151467.38,149824.06,149824.06,0.019309817,10.343338,8.540179,8.540149
4.2492194,0.0039823754,0.00095546275,70000.0,151467.39,149824.05,149824.08,0.019309817,10.343261,8.540184,8.54015
4.2492194,0.0037636291,0.0012224077,70000.0,151467.45,149824.05,149824.05,0.019309817,10.343667,8.540184,8.54015
4.2492194,0.004137803,0.002179737,70000.0,151467.47,149824.06,149824.06,0.019309817,10.343536,8.540182,8.540149
4.2492194,0.0040490385,0.002857286,70000.0,151467.44,149824.06,149824.06,0.019309817,10.34362,8.540182,8.54015
4.2492194,0.0033722671,0.001062855,70000.0,151467.33,149824.06,149824.08,0.019309817,10.343304,8.540185,8.54015
4.2492194,0.0031699343,0.004352209,70000.0,151467.4,149824.08,149824.06,0.019309817,10.3439,8.540177,8.54015
4.2492194,0.003197598,0.0009688522,70000.0,151467.36,149824.03,149824.06,0.019309817,10.343312,8.540185,8.540149
4.2492194,0.003750681,0.0033481498,70000.0,151467.48,149824.06,149824.06,0.019309817,10.343964,8.540179,8.540151
4.2492194,0.0042670537,0.0013078155,70000.0,151467.4,149824.05,149824.05,0.019309817,10.343443,8.540183,8.540149
4.2492194,0.0042120675,0.0011885221,70000.0,151467.44,149824.08,149824.08,0.019309817,10.343731,8.540185,8.54015
4.2492194,0.0043337666,0.0035582157,70000.0,151467.38,149824.05,149824.05,0.019309817,10.343581,8.54018,8.54015
4.2492194,0.0046709576,0.0063352636,70000.0,151467.39,149824.05,149824.06,0.019309817,10.3433695,8.540175,8.54015
4.2492194,0.004549389,0.0018392556,70000.0,151467.34,149824.05,149824.06,0.019309817,10.343303,8.540182,8.540151
4.2492194,0.0042232363,0.0042021796,70000.0,151467.31,149824.06,149824.06,0.019309817,10.342984,8.540178,8.54015
4.2492194,0.0043099825,0.0010292485,70000.0,151467.42,149824.05,149824.06,0.019309817,10.343583,8.540185,8.540151
4.2492194,0.003924176,0.0020657696,70000.0,151467.39,149824.06,149824.05,0.019309817,10.343311,8.540181,8.54015
4.2492194,0.0038518745,0.0022013977,70000.0,151467.45,149824.06,149824.06,0.019309817,10.343578,8.540181,8.54015
4.2492194,0.0044165473,0.0041243304,70000.0,151467.38,149824.05,149824.05,0.019309817,10.343433,8.540178,8.54015
4.2492194,0.00339476,0.005685455,70000.0,151467.39,149824.03,149824.06,0.019309817,10.343503,8.540177,8.54015
4.2492194,0.0033979074,0.0042380188,70000.0,151467.39,149824.06,149824.06,0.019309817,10.343556,8.540179,8.540151
4.2492194,0.004459721,0.0010455694,70000.0,151467.4,149824.05,149824.06,0.019309817,10.343672,8.540186,8.540149
4.2492194,0.0037120443,0.0070027304,70000.0,151467.44,149824.05,149824.03,0.019309817,10.343467,8.540176,8.540151
4.2492194,0.0042621624,0.0049115913,70000.0,151467.36,149824.05,149824.03,0.019309817,10.343727,8.540177,8.540151
4.2492194,0.0038906166,0.0009928377,70000.0,151467.36,149824.05,149824.05,0.019309817,10.343549,8.540185,8.54015
4.2492194,0.0039962204,0.009477779,70000.0,151467.42,149824.05,149824.05,0.019309817,10.343493,8.540174,8.54015
4.2492194,0.0041781934,0.003961857,70000.0,151467.44,149824.06,149824.05,0.019309817,10.343537,8.540179,8.540149
4.2492194,0.0035978719,0.005591158,70000.0,151467.36,149824.05,149824.06,0.019309817,10.343336,8.540176,8.54015
4.2492194,0.0038218137,0.0019287806,70000.0,151467.47,149824.05,149824.06,0.019309817,10.343472,8.540182,8.540149
4.2492194,0.0039103003,0.0011190065,70000.0,151467.4,149824.06,149824.06,0.019309817,10.343519,8.540185,8.54015
4.2492194,0.003798409,0.00222943,70000.0,151467.45,149824.03,149824.06,0.019309817,10.3435755,8.540181,8.54015
4.2492194,0.0035980935,0.0029428315,70000.0,151467.39,149824.03,149824.05,0.019309817,10.343604,8.54018,8.540149
4.2492194,0.003346837,0.004194184,70000.0,151467.33,149824.03,149824.06,0.019309817,10.343269,8.540179,8.54015
4.2492194,0.0043331543,0.0020464691,70000.0,151467.39,149824.05,149824.05,0.019309817,10.343528,8.540182,8.54015
4.2492194,0.004467331,0.0023088313,70000.0,151467.4,149824.05,149824.06,0.019309817,10.343362,8.54018,8.54015
4.2492194,0.0043228655,0.0030235073,70000.0,151467.36,149824.06,149824.05,0.019309817,10.343641,8.54018,8.540151
4.2492194,0.0044469647,0.0011349848,70000.0,151467.38,149824.03,149824.05,0.019309817,10.343468,8.540184,8.540149
4.2492194,0.003783788,0.0032743975,70000.0,151467.4,149824.06,149824.06,0.019309817,10.343757,8.54018,8.54015
4.2492194,0.0042299074,0.0010436268,70000.0,151467.33,149824.05,149824.05,0.019309817,10.343176,8.540184,8.540149
4.2492194,0.0038433634,0.002660326,70000.0,151467.47,149824.05,149824.05,0.019309817,10.343632,8.540182,8.540149
4.2492194,0.004607597,0.002218061,70000.0,151467.33,149824.05,149824.05,0.019309817,10.343143,8.540183,8.54015
4.2492194,0.0040729535,0.0063014235,70000.0,151467.4,149824.05,149824.05,0.019309817,10.343352,8.540175,8.54015
4.2492194,0.004009065,0.0022429754,70000.0,151467.42,149824.03,149824.05,0.019309817,10.34385,8.540182,8.540149
4.2492194,0.0035861377,0.0016336179,70000.0,151467.34,149824.03,149824.06,0.019309817,10.343441,8.540182,8.540151
4.2492194,0.0042264313,0.0016956156,70000.0,151467.36,149824.05,149824.08,0.019309817,10.343152,8.540182,8.540149
4.2492194,0.003907113,0.005638898,70000.0,151467.39,149824.03,149824.06,0.019309817,10.343658,8.540176,8.540151
4.2492194,0.0040734285,0.0027880196,70000.0,151467.39,149824.06,149824.03,0.019309817,10.343343,8.540181,8.540151
4.2492194,0.004017399,0.004004273,70000.0,151467.33,149824.05,149824.03,0.019309817,10.343414,8.540179,8.54015
4.2492194,0.0038700101,0.0017360252,70000.0,151467.36,149824.06,149824.06,0.019309817,10.343363,8.540182,8.54015
4.2492194,0.0039435127,0.0018081942,70000.0,151467.38,149824.05,149824.05,0.019309817,10.343492,8.540183,8.540149
4.2492194,0.0039076246,0.0023479043,70000.0,151467.39,149824.03,149824.03,0.019309817,10.343572,8.540181,8.540149
4.2492194,0.0036636344,0.0054569966,70000.0,151467.34,149824.03,149824.05,0.019309817,10.343395,8.540176,8.54015
4.2492194,0.008703262,0.00102278,70000.0,151467.39,149824.05,149824.08,0.019309817,10.343384,8.540185,8.540151
4.2492194,0.004039678,0.0016355419,70000.0,151467.31,149824.06,149824.06,0.019309817,10.343386,8.540183,8.540149
4.2492194,0.004140052,0.0024161176,70000.0,151467.36,149824.05,149824.05,0.019309817,10.343183,8.540181,8.54015
4.2492194,0.0043023177,0.0015651686,70000.0,151467.4,149824.05,149824.06,0.019309817,10.343406,8.540183,8.54015
4.2492194,0.0037415472,0.0018359931,70000.0,151467.33,149824.06,149824.05,0.019309817,10.343247,8.540182,8.540149
4.2492194,0.003470854,0.0010177891,70000.0,151467.36,149824.03,149824.05,0.019309817,10.343318,8.540185,8.540151
4.2492194,0.003944474,0.0013223672,70000.0,151467.4,149824.05,149824.06,0.019309817,10.343614,8.540184,8.54015
4.2492194,0.0031664907,0.0030567597,70000.0,151467.38,149824.05,149824.06,0.019309817,10.34329,8.54018,8.540151
4.2492194,0.0040153963,0.0023829949,70000.0,151467.34,149824.06,149824.05,0.019309817,10.343344,8.540181,8.540151
4.2492194,0.0040253145,0.0037871632,70000.0,151467.36,149824.03,149824.06,0.019309817,10.343883,8.540178,8.54015
4.2492194,0.004370243,0.0024383808,70000.0,151467.4,149824.06,149824.05,0.019309817,10.343554,8.540181,8.54015
4.2492194,0.004280328,0.003953085,70000.0,151467.31,149824.06,149824.06,0.019309817,10.343062,8.540179,8.540151
4.2492194,0.0038058097,0.0021437427,70000.0,151467.36,149824.06,149824.06,0.019309817,10.343486,8.540181,8.54015
4.2492194,0.004522938,0.005349516,70000.0,151467.36,149824.06,149824.08,0.019309817,10.34332,8.540178,8.540149
4.2492194,0.0045945267,0.0011209636,70000.0,151467.38,149824.05,149824.05,0.019309817,10.343564,8.540185,8.54015
4.2492194,0.0037341567,0.0022032494,70000.0,151467.38,149824.05,149824.08,0.019309817,10.343236,8.540182,8.540151
4.2492194,0.0040070517,0.004603775,70000.0,151467.36,149824.05,149824.08,0.019309817,10.343714,8.540178,8.540151
4.2492194,0.0040806225,0.006340326,70000.0,151467.42,149824.05,149824.05,0.019309817,10.343565,8.540176,8.54015
4.2492194,0.0035205954,0.006617682,70000.0,151467.36,149824.06,149824.08,0.019309817,10.343314,8.540175,8.54015
4.2492194,0.0039035724,0.0031648122,70000.0,151467.38,149824.05,149824.03,0.019309817,10.343276,8.54018,8.54015
4.2492194,0.0031747525,0.0047589233,70000.0,151467.38,149824.03,149824.06,0.019309817,10.343662,8.540177,8.54015
4.2492194,0.0040053483,0.008479524,70000.0,151467.42,149824.08,149824.05,0.019309817,10.34363,8.540175,8.54015
4.2492194,0.004215327,0.004691078,70000.0,151467.38,149824.03,149824.06,0.019309817,10.343683,8.540178,8.540149
4.2492194,0.00419773,0.001157826,70000.0,151467.38,149824.06,149824.05,0.019309817,10.343109,8.540186,8.540149
4.2492194,0.003864898,0.0023293481,70000.0,151467.44,149824.05,149824.05,0.019309817,10.343447,8.540183,8.54015
4.2492194,0.0045262277,0.0010528486,70000.0,151467.38,149824.06,149824.06,0.019309817,10.34319,8.540185,8.540151
4.2492194,0.0040615695,0.0046089767,70000.0,151467.45,149824.05,149824.06,0.019309817,10.343638,8.540178,8.540151
4.2492194,0.0041915397,0.0011904661,70000.0,151467.38,149824.05,149824.05,0.019309817,10.343293,8.540185,8.540149
4.2492194,0.003553035,0.0067921155,70000.0,151467.38,149824.05,149824.05,0.019309817,10.343121,8.540175,8.54015
4.2492194,0.0036737039,0.000999182,70000.0,151467.4,149824.05,149824.05,0.019309817,10.343414,8.540185,8.540149
4.2492194,0.0037537743,0.0019788647,70000.0,151467.39,149824.03,149824.06,0.019309817,10.34339,8.540181,8.54015
4.2492194,0.004241915,0.0029896814,70000.0,151467.33,149824.05,149824.05,0.019309817,10.343327,8.540182,8.54015
4.2492194,0.004005115,0.0011593116,70000.0,151467.38,149824.05,149824.05,0.019309817,10.343329,8.540184,8.54015
4.2492194,0.0038670867,0.00356187,70000.0,151467.4,149824.06,149824.05,0.019309817,10.343423,8.54018,8.540149
4.2492194,0.004086651,0.007182687,70000.0,151467.38,149824.02,149824.06,0.019309817,10.343196,8.5401745,8.540151
4.2492194,0.0035454943,0.0025225026,70000.0,151467.34,149824.06,149824.06,0.019309817,10.343294,8.540181,8.54015
4.2492194,0.003823844,0.001313824,70000.0,151467.44,149824.03,149824.06,0.019309817,10.343768,8.540184,8.54015
4.2492194,0.003718116,0.0010833645,70000.0,151467.4,149824.03,149824.06,0.019309817,10.343273,8.540184,8.54015
4.2492194,0.004300515,0.0061992165,70000.0,151467.38,149824.06,149824.05,0.019309817,10.343066,8.540177,8.540151
4.2492194,0.0043232576,0.002154011,70000.0,151467.42,149824.06,149824.08,0.019309817,10.343427,8.540182,8.540151
4.2492194,0.003826298,0.0013593715,70000.0,151467.36,149824.05,149824.06,0.019309817,10.343676,8.540183,8.54015
4.2492194,0.0034992052,0.005339256,70000.0,151467.34,149824.05,149824.05,0.019309817,10.343296,8.540178,8.54015
4.2492194,0.0032589687,0.0049276412,70000.0,151467.38,149824.06,149824.06,0.019309817,10.343485,8.540177,8.540149
4.2492194,0.004224223,0.002251263,70000.0,151467.36,149824.06,149824.08,0.019309817,10.343698,8.540182,8.540149
4.2492194,0.0038150274,0.001121117,70000.0,151467.33,149824.03,149824.03,0.019309817,10.3431015,8.540184,8.54015
4.2492194,0.003739325,0.0010186377,70000.0,151467.38,149824.08,149824.08,0.019309817,10.343283,8.540186,8.54015
4.2492194,0.0037243199,0.0020249996,70000.0,151467.44,149824.08,149824.06,0.019309817,10.3434105,8.540181,8.54015
4.2492194,0.004037293,0.0056311167,70000.0,151467.44,149824.05,149824.05,0.019309817,10.343581,8.540176,8.540149
4.2492194,0.004079167,0.0011532217,70000.0,151467.38,149824.05,149824.06,0.019309817,10.343629,8.540183,8.54015
4.2492194,0.004196485,0.002486274,70000.0,151467.39,149824.05,149824.05,0.019309817,10.343649,8.540182,8.540149
4.2492194,0.0038149108,0.0019943449,70000.0,151467.39,149824.05,149824.06,0.019309817,10.343567,8.540182,8.54015
4.2492194,0.0033996003,0.0024059308,70000.0,151467.38,149824.03,149824.06,0.019309817,10.343524,8.540181,8.540149
4.2492194,0.003610283,0.00384009,70000.0,151467.4,149824.03,149824.05,0.019309817,10.34362,8.54018,8.54015
4.2492194,0.0041043824,0.001126488,70000.0,151467.39,149824.05,149824.03,0.019309817,10.343435,8.540185,8.54015
4.2492194,0.003858427,0.0043972,70000.0,151467.31,149824.05,149824.08,0.019309817,10.343145,8.540178,8.54015
4.2492194,0.0035389848,0.0046426565,70000.0,151467.36,149824.06,149824.05,0.019309817,10.343326,8.540177,8.54015
4.2492194,0.0040063704,0.0009768897,70000.0,151467.38,149824.05,149824.06,0.019309817,10.3433695,8.540184,8.54015
4.2492194,0.0043139593,0.0012009273,70000.0,151467.34,149824.05,149824.05,0.019309817,10.343143,8.540184,8.540149
4.2492194,0.004201605,0.0021172422,70000.0,151467.39,149824.05,149824.05,0.019309817,10.343339,8.540181,8.540151
4.2492194,0.003554599,0.0009955353,70000.0,151467.36,149824.06,149824.06,0.019309817,10.343549,8.540185,8.540151
4.2492194,0.0035420205,0.0058045685,70000.0,151467.44,149824.06,149824.08,0.019309817,10.343265,8.540177,8.54015
4.2492194,0.0041738516,0.0011488463,70000.0,151467.4,149824.05,149824.06,0.019309817,10.343333,8.540186,8.54015
4.2492194,0.0033491668,0.001813351,70000.0,151467.38,149824.05,149824.06,0.019309817,10.343388,8.540182,8.54015
4.2492194,0.00368927,0.00305239,70000.0,151467.39,149824.03,149824.06,0.019309817,10.343247,8.540181,8.540151
4.2492194,0.0037259725,0.0010233975,70000.0,151467.45,149824.05,149824.05,0.019309817,10.343513,8.540184,8.54015
4.2492194,0.0041883267,0.0014874367,70000.0,151467.39,149824.03,149824.06,0.019309817,10.343214,8.540184,8.54015
4.2492194,0.0034873215,0.0032245968,70000.0,151467.4,149824.05,149824.05,0.019309817,10.343363,8.54018,8.54015
4.2492194,0.0037841594,0.0031221497,70000.0,151467.39,149824.05,149824.06,0.019309817,10.343492,8.540181,8.54015
4.2492194,0.003863354,0.001741856,70000.0,151467.38,149824.05,149824.08,0.019309817,10.343623,8.540183,8.540151
4.2492194,0.0042651338,0.001118168,70000.0,151467.44,149824.05,149824.06,0.019309817,10.343422,8.540185,8.540149
4.2492194,0.004120516,0.0010080882,70000.0,151467.33,149824.06,149824.06,0.019309817,10.343276,8.540185,8.54015
4.2492194,0.00378458,0.0039487,70000.0,151467.34,149824.05,149824.05,0.019309817,10.34327,8.540178,8.54015
4.2492194,0.0037958643,0.0015556309,70000.0,151467.39,149824.06,149824.06,0.019309817,10.343424,8.540184,8.540149
4.2492194,0.004361035,0.0018975269,70000.0,151467.4,149824.03,149824.03,0.019309817,10.34349,8.540182,8.54015
4.2492194,0.0037768595,0.005423248,70000.0,151467.45,149824.06,149824.05,0.019309817,10.343787,8.540177,8.540151
4.2492194,0.0040541445,0.0010355343,70000.0,151467.36,149824.05,149824.05,0.019309817,10.343678,8.540185,8.540149
4.2492194,0.0038903712,0.0019130743,70000.0,151467.36,149824.06,149824.05,0.019309817,10.343334,8.540182,8.540151
4.2492194,0.0041076555,0.0011695285,70000.0,151467.42,149824.05,149824.05,0.019309817,10.343604,8.540183,8.540149
4.2492194,0.0037409922,0.0035581107,70000.0,151467.44,149824.05,149824.06,0.019309817,10.343427,8.540179,8.540149
4.2492194,0.0034127568,0.0023366536,70000.0,151467.39,149824.06,149824.05,0.019309817,10.343312,8.540182,8.540149
4.2492194,0.0038547327,0.0045554214,70000.0,151467.44,149824.06,149824.05,0.019309817,10.3437195,8.540179,8.54015
4.2492194,0.003845139,0.0010246186,70000.0,151467.39,149824.08,149824.06,0.019309817,10.34349,8.540185,8.54015
4.2492194,0.004053637,0.0011512823,70000.0,151467.39,149824.05,149824.06,0.019309817,10.343255,8.540183,8.54015
4.2492194,0.0039662565,0.001060635,70000.0,151467.4,149824.08,149824.06,0.019309817,10.343702,8.540186,8.540149
4.2492194,0.0034626727,0.0055903164,70000.0,151467.31,149824.05,149824.08,0.019309817,10.343206,8.540176,8.540151
4.2492194,0.003526723,0.0036881096,70000.0,151467.38,149824.05,149824.05,0.019309817,10.343428,8.54018,8.54015
4.2492194,0.0040201275,0.000963826,70000.0,151467.4,149824.03,149824.06,0.019309817,10.343428,8.540185,8.54015
4.2492194,0.0041087326,0.0009508748,70000.0,151467.34,149824.06,149824.05,0.019309817,10.343226,8.540185,8.54015
4.2492194,0.003987514,0.0026515706,70000.0,151467.42,149824.03,149824.06,0.019309817,10.343446,8.54018,8.54015
1.796399e+25,0.83045423,0.63961184,310000.0,151467.36,149824.05,149824.05,18.954678,10.343482,8.540184,8.5401535
1.796399e+25,0.8430681,0.625551,310000.0,151467.39,149824.05,149824.05,18.954678,10.3429785,8.540184,8.540154
1.796399e+25,0.8660678,0.6361624,310000.0,151467.4,149824.06,149824.03,18.954678,10.343548,8.540185,8.540154
1.796399e+25,0.86606115,0.7739622,310000.0,151467.36,149824.06,149824.06,18.954678,10.343284,8.540183,8.540154
1.796399e+25,0.838134,0.7334776,310000.0,151467.39,149824.03,149824.05,18.954678,10.343595,8.540183,8.5401535
1.796399e+25,0.84477645,0.6229257,310000.0,151467.36,149824.08,149824.06,18.954678,10.34353,8.540185,8.5401535
1.796399e+25,0.83931535,0.6805905,310000.0,151467.39,149824.05,149824.05,18.954678,10.343551,8.540184,8.540154
1.796399e+25,0.8743612,0.62821764,310000.0,151467.4,149824.03,149824.06,18.954678,10.343418,8.540184,8.540154
1.796399e+25,0.8598935,0.64407176,310000.0,151467.33,149824.05,149824.05,18.954678,10.343321,8.540185,8.5401535
1.796399e+25,0.85561997,0.63189095,310000.0,151467.4,149824.05,149824.03,18.954678,10.343514,8.540185,8.5401535
1.796399e+25,0.85665655,0.6241357,310000.0,151467.39,149824.05,149824.05,18.954678,10.343353,8.540185,8.5401535
1.796399e+25,0.84322685,0.826853,310000.0,151467.42,149824.05,149824.05,18.954678,10.3434725,8.540181,8.5401535
1.796399e+25,0.8630027,0.8410615,310000.0,151467.42,149824.05,149824.06,18.954678,10.343633,8.54018,8.540154
1.796399e+25,0.8628281,0.62486374,310000.0,151467.4,149824.06,149824.02,18.954678,10.343271,8.540185,8.5401535
1.796399e+25,0.8684866,0.6241364,310000.0,151467.4,149824.05,149824.08,18.954678,10.343642,8.540185,8.540154
1.796399e+25,0.8747171,0.8328802,310000.0,151467.38,149824.05,149824.05,18.954678,10.343527,8.54018,8.540154
1.796399e+25,0.856148,0.76781666,310000.0,151467.39,149824.05,149824.06,18.954678,10.343291,8.540183,8.5401535
1.796399e+25,0.8550078,0.86887896,310000.0,151467.34,149824.06,149824.06,18.954678,10.34326,8.540178,8.540154
1.796399e+25,0.87363875,0.62692547,310000.0,151467.39,149824.05,149824.06,18.954678,10.343483,8.540184,8.5401535
1.796399e+25,0.8457442,0.65284294,310000.0,151467.44,149824.06,149824.06,18.954678,10.343517,8.540185,8.5401535
1.796399e+25,0.8670644,0.6460665,310000.0,151467.4,149824.05,149824.06,18.954678,10.343291,8.540186,8.5401535
1.796399e+25,0.83468145,0.6240709,310000.0,151467.44,149824.05,149824.05,18.954678,10.343834,8.540185,8.5401535
1.796399e+25,0.8310906,0.66191286,310000.0,151467.4,149824.06,149824.05,18.954678,10.343409,8.540184,8.5401535
1.796399e+25,0.8656861,0.6546745,310000.0,151467.39,149824.03,149824.05,18.954678,10.343332,8.540184,8.5401535
1.796399e+25,0.8543707,0.64569855,310000.0,151467.33,149824.03,149824.05,18.954678,10.343352,8.540185,8.540154
1.796399e+25,0.848902,0.6275939,310000.0,151467.44,149824.05,149824.06,18.954678,10.343884,8.540184,8.540154
1.796399e+25,0.8156875,0.67604,310000.0,151467.31,149824.05,149824.05,18.954678,10.343325,8.540183,8.5401535
1.796399e+25,0.8511478,0.8609833,310000.0,151467.4,149824.06,149824.08,18.954678,10.343718,8.540179,8.540154
1.796399e+25,0.8753597,0.70223755,310000.0,151467.34,149824.05,149824.05,18.954678,10.3434305,8.540184,8.540154
1.796399e+25,0.8553255,0.7007045,310000.0,151467.36,149824.05,149824.03,18.954678,10.343103,8.540184,8.540154
1.796399e+25,0.8580888,0.646551,310000.0,151467.36,149824.05,149824.06,18.954678,10.343325,8.540186,8.540154
1.796399e+25,0.85119414,0.86549246,310000.0,151467.34,149824.06,149824.06,18.954678,10.343363,8.540178,8.5401535
1.796399e+25,0.8658235,0.63877296,310000.0,151467.4,149824.06,149824.05,18.954678,10.343708,8.540184,8.5401535
1.796399e+25,0.8386681,0.6307127,310000.0,151467.44,149824.05,149824.05,18.954678,10.343422,8.540184,8.540154
1.796399e+25,0.84043473,0.7505617,310000.0,151467.39,149824.06,149824.06,18.954678,10.343571,8.540183,8.540154
1.796399e+25,0.8496181,0.6301819,310000.0,151467.39,149824.05,149824.05,18.954678,10.342899,8.540184,8.5401535
1.796399e+25,0.8698471,0.6260898,310000.0,151467.39,149824.05,149824.05,18.954678,10.343231,8.540184,8.540154
1.796399e+25,0.8500402,0.6373791,310000.0,151467.4,149824.05,149824.06,18.954678,10.343598,8.540186,8.5401535
1.796399e+25,0.84056354,0.6262434,310000.0,151467.42,149824.05,149824.05,18.954678,10.343705,8.540185,8.540154
1.796399e+25,0.8612906,0.6747776,310000.0,151467.4,149824.06,149824.05,18.954678,10.343442,8.540183,8.5401535
1.796399e+25,0.86731553,0.6936566,310000.0,151467.39,149824.05,149824.05,18.954678,10.343436,8.540182,8.5401535
1.796399e+25,0.85220504,0.63888854,310000.0,151467.39,149824.03,149824.05,18.954678,10.343286,8.540185,8.5401535
1.796399e+25,0.8583139,0.65895927,310000.0,151467.44,149824.05,149824.05,18.954678,10.3434,8.540186,8.5401535
1.796399e+25,0.83047724,0.8281625,310000.0,151467.42,149824.05,149824.05,18.954678,10.343368,8.54018,8.5401535
1.796399e+25,0.8523925,0.650862,310000.0,151467.39,149824.08,149824.03,18.954678,10.343208,8.540185,8.540154
1.796399e+25,0.8640838,0.8139205,310000.0,151467.38,149824.06,149824.03,18.954678,10.343583,8.540181,8.5401535
1.796399e+25,0.83265126,0.69050854,310000.0,151467.36,149824.05,149824.06,18.954678,10.343094,8.540183,8.540154
1.796399e+25,0.8407165,0.73776996,310000.0,151467.44,149824.05,149824.06,18.954678,10.343497,8.540181,8.5401535
1.796399e+25,0.86196,0.63482887,310000.0,151467.44,149824.05,149824.03,18.954678,10.343775,8.540186,8.5401535
1.796399e+25,0.8465335,0.6610202,310000.0,151467.38,149824.05,149824.06,18.954678,10.343276,8.540186,8.5401535
1.796399e+25,0.8464181,0.6627552,310000.0,151467.42,149824.06,149824.05,18.954678,10.343518,8.540184,8.5401535
1.796399e+25,0.8505734,0.68015,310000.0,151467.4,149824.05,149824.05,18.954678,10.343394,8.540184,8.540154
1.796399e+25,0.8478854,0.74173886,310000.0,151467.42,149824.03,149824.05,18.954678,10.343265,8.540183,8.540154
1.796399e+25,0.83758366,0.85524243,310000.0,151467.38,149824.05,149824.05,18.954678,10.343274,8.540179,8.5401535
1.796399e+25,0.85767,0.6502516,310000.0,151467.4,149824.05,149824.03,18.954678,10.34341,8.540186,8.5401535
1.796399e+25,0.83455604,0.7072134,310000.0,151467.38,149824.06,149824.06,18.954678,10.343703,8.540184,8.540154
1.796399e+25,0.8286742,0.7447355,310000.0,151467.42,149824.06,149824.05,18.954678,10.343329,8.540182,8.5401535
1.796399e+25,0.8490673,0.8462351,310000.0,151467.42,149824.05,149824.05,18.954678,10.343464,8.540179,8.540153
1.796399e+25,0.8419365,0.6322415,310000.0,151467.4,149824.06,149824.03,18.954678,10.343699,8.540185,8.5401535
1.796399e+25,0.8443556,0.6752537,310000.0,151467.31,149824.05,149824.05,18.954678,10.343136,8.540184,8.540154
1.796399e+25,0.8277375,0.8223314,310000.0,151467.31,149824.06,149824.05,18.954678,10.342905,8.540181,8.540154
1.796399e+25,0.84558403,0.6356078,310000.0,151467.4,149824.05,149824.05,18.954678,10.343402,8.540186,8.540153
1.796399e+25,0.8412921,0.86764675,310000.0,151467.39,149824.06,149824.06,18.954678,10.3436165,8.540179,8.5401535
1.796399e+25,0.8479667,0.8325893,310000.0,151467.34,149824.06,149824.03,18.954678,10.343676,8.54018,8.5401535
1.796399e+25,0.8422571,0.75062346,310000.0,151467.38,149824.03,149824.03,18.954678,10.343508,8.540182,8.540153
1.796399e+25,0.837516,0.6622003,310000.0,151467.36,149824.05,149824.05,18.954678,10.343715,8.540184,8.5401535
1.796399e+25,0.8394077,0.63979226,310000.0,151467.4,149824.06,149824.06,18.954678,10.343597,8.540185,8.5401535
1.796399e+25,0.8310835,0.6879487,310000.0,151467.42,149824.06,149824.05,18.954678,10.343287,8.540184,8.5401535
1.796399e+25,0.83612525,0.621419,310000.0,151467.36,149824.06,149824.06,18.954678,10.343145,8.540184,8.540154
1.796399e+25,0.84835815,0.6237889,310000.0,151467.34,149824.05,149824.05,18.954678,10.343053,8.540185,8.540154
1.796399e+25,0.8518411,0.62490386,310000.0,151467.34,149824.06,149824.05,18.954678,10.343792,8.540184,8.540154
1.796399e+25,0.8556651,0.634985,310000.0,151467.38,149824.06,149824.08,18.954678,10.343386,8.540184,8.5401535
1.796399e+25,0.8474106,0.8015833,310000.0,151467.44,149824.06,149824.06,18.954678,10.343466,8.540182,8.540153
1.796399e+25,0.8347753,0.6365627,310000.0,151467.39,149824.06,149824.06,18.954678,10.343395,8.540184,8.5401535
1.796399e+25,0.84931195,0.68518066,310000.0,151467.38,149824.05,149824.08,18.954678,10.343252,8.540183,8.540153
1.796399e+25,0.82348305,0.6962687,310000.0,151467.38,149824.06,149824.05,18.954678,10.343181,8.540184,8.5401535
1.796399e+25,0.84984,0.7529722,310000.0,151467.42,149824.06,149824.05,18.954678,10.343198,8.540183,8.5401535
1.796399e+25,0.8518585,0.6303088,310000.0,151467.42,149824.06,149824.05,18.954678,10.34331,8.540184,8.5401535
1.796399e+25,0.84263587,0.65870553,310000.0,151467.39,149824.06,149824.05,18.954678,10.343245,8.540184,8.540154
1.796399e+25,0.85530853,0.6340527,310000.0,151467.36,149824.03,149824.05,18.954678,10.343406,8.540184,8.540154
1.796399e+25,0.8479561,0.81347895,310000.0,151467.34,149824.05,149824.06,18.954678,10.343269,8.540179,8.540154
1.796399e+25,0.84547216,0.6974095,310000.0,151467.38,149824.05,149824.06,18.954678,10.3434725,8.540183,8.5401535
1.796399e+25,0.8549943,0.7040638,310000.0,151467.39,149824.03,149824.05,18.954678,10.34347,8.540183,8.5401535
1.796399e+25,0.84662837,0.62613434,310000.0,151467.39,149824.05,149824.06,18.954678,10.3436165,8.540185,8.5401535
1.796399e+25,0.85741717,0.91206306,310000.0,151467.39,149824.05,149824.05,18.954678,10.343702,8.540176,8.540154
1.796399e+25,0.8784041,0.69336486,310000.0,151467.39,149824.06,149824.08,18.954678,10.343528,8.540184,8.5401535
1.796399e+25,0.8500213,0.62757164,310000.0,151467.36,149824.05,149824.08,18.954678,10.343559,8.540186,8.5401535
1.796399e+25,0.84181523,0.8537938,310000.0,151467.38,149824.03,149824.05,18.954678,10.34373,8.540179,8.5401535
1.796399e+25,0.86529833,0.8441711,310000.0,151467.4,149824.05,149824.05,18.954678,10.343528,8.54018,8.5401535
1.796399e+25,0.8397861,0.6695676,310000.0,151467.38,149824.05,149824.06,18.954678,10.343561,8.540183,8.54015
1.796399e+25,0.8382039,0.63331604,310000.0,151467.44,149824.06,149824.06,18.954678,10.343581,8.540185,8.540151
1.796399e+25,0.85530967,0.6351005,310000.0,151467.39,149824.05,149824.06,18.954678,10.343529,8.540184,8.54015
1.796399e+25,0.83234316,0.64420426,310000.0,151467.38,149824.06,149824.05,18.954678,10.343301,8.540186,8.540151
1.796399e+25,0.8428971,0.75608456,310000.0,151467.34,149824.05,149824.06,18.954678,10.343109,8.540183,8.540151
1.796399e+25,0.8471743,0.6646867,310000.0,151467.38,149824.05,149824.05,18.954678,10.343236,8.540185,8.540151
1.796399e+25,0.8436235,0.6981388,310000.0,151467.39,149824.06,149824.06,18.954678,10.343414,8.540184,8.540152
1.796399e+25,0.8547504,0.665595,310000.0,151467.36,149824.05,149824.06,18.954678,10.343118,8.540185,8.540151
1.796399e+25,0.8666012,0.634842,310000.0,151467.42,149824.05,149824.05,18.954678,10.343756,8.540185,8.54015
1.796399e+25,0.851828,0.6631625,310000.0,151467.42,149824.05,149824.06,18.954678,10.343399,8.540183,8.540151
1.796399e+25,0.8519274,0.67854017,310000.0,151467.31,149824.05,149824.06,18.954678,10.343063,8.540185,8.540151
1.796399e+25,0.8650396,0.6404368,310000.0,151467.38,149824.03,149824.08,18.954678,10.343323,8.540185,8.540151
1.796399e+25,0.8561972,0.64793986,310000.0,151467.4,149824.06,149824.08,18.954678,10.343591,8.540185,8.540152
1.796399e+25,0.86788595,0.648204,310000.0,151467.39,149824.06,149824.05,18.954678,10.343431,8.540186,8.540151
1.796399e+25,0.8578021,0.76877904,310000.0,151467.4,149824.05,149824.06,18.954678,10.343629,8.540182,8.540151
1.796399e+25,0.8586575,0.6327366,310000.0,151467.36,149824.05,149824.05,18.954678,10.343313,8.540184,8.540151
1.796399e+25,0.85386777,0.635817,310000.0,151467.39,149824.05,149824.06,18.954678,10.343543,8.540184,8.540152
1.796399e+25,0.8521067,0.8300012,310000.0,151467.39,149824.05,149824.05,18.954678,10.343209,8.540181,8.540151
1.796399e+25,0.8502294,0.64869297,310000.0,151467.39,149824.08,149824.08,18.954678,10.343411,8.540186,8.540152
1.796399e+25,0.8429126,0.63287634,310000.0,151467.38,149824.06,149824.05,18.954678,10.343408,8.540184,8.540151
1.796399e+25,0.84562564,0.6519831,310000.0,151467.36,149824.06,149824.03,18.954678,10.343397,8.540185,8.540151
1.796399e+25,0.8473727,0.6562276,310000.0,151467.39,149824.06,149824.06,18.954678,10.343189,8.540184,8.54015
1.796399e+25,0.8382995,0.6368836,310000.0,151467.42,149824.05,149824.08,18.954678,10.34342,8.540185,8.540151
1.796399e+25,0.8513351,0.7024646,310000.0,151467.4,149824.06,149824.03,18.954678,10.343494,8.540183,8.540151
1.796399e+25,0.83506405,0.6398826,310000.0,151467.39,149824.05,149824.05,18.954678,10.343419,8.540185,8.54015
1.796399e+25,0.82980174,0.6805054,310000.0,151467.4,149824.05,149824.03,18.954678,10.343528,8.540184,8.540151
1.796399e+25,0.8496567,0.6351823,310000.0,151467.34,149824.05,149824.05,18.954678,10.343601,8.540185,8.540152
1.796399e+25,0.84980994,0.6399938,310000.0,151467.34,149824.05,149824.05,18.954678,10.343369,8.540183,8.540151
1.796399e+25,0.8527218,0.813171,310000.0,151467.34,149824.06,149824.03,18.954678,10.34305,8.540182,8.540151
1.796399e+25,0.8637427,0.6457039,310000.0,151467.42,149824.03,149824.06,18.954678,10.343317,8.540185,8.540151
1.796399e+25,0.8550978,0.63570434,310000.0,151467.42,149824.06,149824.05,18.954678,10.343738,8.540185,8.540151
1.796399e+25,0.8727809,0.643022,310000.0,151467.36,149824.06,149824.06,18.954678,10.343125,8.540185,8.540151
1.796399e+25,0.861677,0.670865,310000.0,151467.38,149824.05,149824.06,18.954678,10.343162,8.540186,8.540151
1.796399e+25,0.8685329,0.6953613,310000.0,151467.34,149824.06,149824.05,18.954678,10.343222,8.540184,8.54015
1.796399e+25,0.85064965,0.6428885,310000.0,151467.31,149824.06,149824.03,18.954678,10.34312,8.540185,8.540151
1.796399e+25,0.84690326,0.8257866,310000.0,151467.39,149824.06,149824.05,18.954678,10.343757,8.54018,8.540151
1.796399e+25,0.84612095,0.69223845,310000.0,151467.4,149824.06,149824.06,18.954678,10.343672,8.540184,8.540152
1.796399e+25,0.8800066,0.64931476,310000.0,151467.38,149824.05,149824.05,18.954678,10.343347,8.540185,8.540152
1.796399e+25,0.8991592,0.67460185,310000.0,151467.36,149824.05,149824.05,18.954678,10.3435545,8.540186,8.540151
1.796399e+25,0.8530739,0.82474697,310000.0,151467.4,149824.05,149824.06,18.954678,10.34356,8.54018,8.540152
1.796399e+25,0.8572515,0.6385702,310000.0,151467.38,149824.05,149824.06,18.954678,10.343355,8.540185,8.540151
1.796399e+25,0.87377936,0.6376905,310000.0,151467.42,149824.05,149824.06,18.954678,10.34354,8.540184,8.540151
1.796399e+25,0.85876936,0.873704,310000.0,151467.39,149824.05,149824.05,18.954678,10.343134,8.540179,8.540151
1.796399e+25,0.85487866,0.6424541,310000.0,151467.39,149824.05,149824.05,18.954678,10.343046,8.540185,8.54015
1.796399e+25,0.86903375,0.6849598,310000.0,151467.42,149824.05,149824.06,18.954678,10.343365,8.540184,8.540151
1.796399e+25,0.90524715,0.63615644,310000.0,151467.42,149824.05,149824.05,18.954678,10.343634,8.540184,8.540151
1.796399e+25,0.86713743,0.6341272,310000.0,151467.38,149824.05,149824.03,18.954678,10.343481,8.540185,8.540151
1.796399e+25,0.844732,0.658257,310000.0,151467.39,149824.05,149824.06,18.954678,10.343419,8.540185,8.540151
1.796399e+25,0.86488086,0.7727552,310000.0,151467.36,149824.06,149824.06,18.954678,10.3432455,8.540182,8.540152
1.796399e+25,0.87109005,0.64945173,310000.0,151467.38,149824.06,149824.06,18.954678,10.343625,8.540185,8.540151
1.796399e+25,0.83995765,0.63795364,310000.0,151467.34,149824.05,149824.06,18.954678,10.343656,8.540184,8.540151
1.796399e+25,0.826786,0.6341094,310000.0,151467.39,149824.05,149824.05,18.954678,10.343686,8.540184,8.540151
1.796399e+25,0.8458583,0.6345796,310000.0,151467.39,149824.03,149824.06,18.954678,10.343773,8.540184,8.54015
1.796399e+25,0.8567056,0.6973869,310000.0,151467.39,149824.05,149824.03,18.954678,10.3437805,8.540184,8.540151
1.796399e+25,0.8644643,0.644743,310000.0,151467.4,149824.05,149824.05,18.954678,10.343598,8.540185,8.540151
1.796399e+25,0.83686894,0.7196922,310000.0,151467.34,149824.05,149824.05,18.954678,10.343362,8.540182,8.540151
1.796399e+25,0.85964257,0.8513212,310000.0,151467.34,149824.03,149824.03,18.954678,10.343307,8.54018,8.540151
1.796399e+25,0.860686,0.6726739,310000.0,151467.45,149824.05,149824.06,18.954678,10.343622,8.540186,8.540152
1.796399e+25,0.86332583,0.6446057,310000.0,151467.38,149824.05,149824.06,18.954678,10.343436,8.540184,8.540151
1.796399e+25,0.8809938,0.6347046,310000.0,151467.42,149824.05,149824.05,18.954678,10.343481,8.540185,8.540152
1.796399e+25,0.86322504,0.81476176,310000.0,151467.39,149824.06,149824.05,18.954678,10.343359,8.540181,8.540151
1.796399e+25,0.85586244,0.72524446,310000.0,151467.33,149824.06,149824.06,18.954678,10.343253,8.540183,8.540151
1.796399e+25,0.8555214,0.6703253,310000.0,151467.39,149824.05,149824.05,18.954678,10.343092,8.540186,8.54015
1.796399e+25,0.8621183,0.6423883,310000.0,151467.34,149824.05,149824.06,18.954678,10.34329,8.540184,8.540151
1.796399e+25,0.85906047,0.63747704,310000.0,151467.34,149824.05,149824.05,18.954678,10.343276,8.540184,8.540151
1.796399e+25,0.852068,0.70838153,310000.0,151467.4,149824.05,149824.03,18.954678,10.343299,8.540184,8.54015
1.796399e+25,0.87152296,0.64503694,310000.0,151467.42,149824.05,149824.05,18.954678,10.343883,8.540184,8.54015
1.796399e+25,0.87063843,0.6526182,310000.0,151467.34,149824.05,149824.06,18.954678,10.343593,8.540184,8.540151
1.796399e+25,0.8605493,0.83187145,310000.0,151467.4,149824.05,149824.05,18.954678,10.343329,8.540181,8.540151
1.796399e+25,0.83681834,0.7519554,310000.0,151467.4,149824.05,149824.06,18.954678,10.343451,8.540182,8.540151
1.796399e+25,0.86429507,0.6326017,310000.0,151467.34,149824.05,149824.05,18.954678,10.343521,8.540185,8.540151
1.796399e+25,0.8609989,0.6884854,310000.0,151467.36,149824.03,149824.06,18.954678,10.343622,8.540184,8.540151
1.796399e+25,0.8390423,0.64341193,310000.0,151467.4,149824.05,149824.05,18.954678,10.343692,8.540184,8.540151
1.796399e+25,0.86626655,0.6653878,310000.0,151467.38,149824.05,149824.05,18.954678,10.343438,8.540186,8.540151
1.796399e+25,0.86874276,0.637403,310000.0,151467.33,149824.03,149824.08,18.954678,10.343064,8.540184,8.540152
1.796399e+25,0.8577385,0.6554796,310000.0,151467.38,149824.06,149824.08,18.954678,10.343334,8.540184,8.54015
1.796399e+25,0.8599636,0.63541716,310000.0,151467.36,149824.05,149824.03,18.954678,10.343039,8.540184,8.54015
1.796399e+25,0.84530056,0.71806985,310000.0,151467.36,149824.03,149824.06,18.954678,10.343111,8.540184,8.540151
1.796399e+25,0.84855,0.6505471,310000.0,151467.31,149824.03,149824.06,18.954678,10.34339,8.540184,8.540151
1.796399e+25,0.83913,0.64325917,310000.0,151467.33,149824.06,149824.06,18.954678,10.343038,8.540184,8.540151
1.796399e+25,0.86291593,0.64583635,310000.0,151467.33,149824.06,149824.05,18.954678,10.34327,8.540186,8.540151
1.796399e+25,0.8639335,0.6343994,310000.0,151467.38,149824.05,149824.08,18.954678,10.343462,8.540185,8.540151
1.796399e+25,0.8453902,0.8680073,310000.0,151467.33,149824.05,149824.06,18.954678,10.343177,8.540179,8.540152
1.796399e+25,0.8663024,0.6329155,310000.0,151467.39,149824.03,149824.03,18.954678,10.343628,8.540185,8.540151
1.796399e+25,0.85701686,0.6331662,310000.0,151467.38,149824.06,149824.05,18.954678,10.343341,8.540185,8.540151
1.796399e+25,0.8672911,0.6463086,310000.0,151467.36,149824.03,149824.05,18.954678,10.343454,8.540185,8.54015
1.796399e+25,0.88431317,0.7248596,310000.0,151467.34,149824.06,149824.05,18.954678,10.343132,8.540183,8.540151
1.796399e+25,0.87035954,0.8503769,310000.0,151467.36,149824.05,149824.05,18.954678,10.343242,8.54018,8.540151
1.796399e+25,0.865077,0.7302968,310000.0,151467.4,149824.05,149824.06,18.954678,10.343128,8.540183,8.540151
1.796399e+25,0.86559564,0.7496618,310000.0,151467.39,149824.06,149824.05,18.954678,10.343212,8.540183,8.540151
1.796399e+25,0.85917026,0.6555575,310000.0,151467.34,149824.05,149824.06,18.954678,10.343245,8.540184,8.540151
1.796399e+25,0.8666294,0.63900995,310000.0,151467.31,149824.05,149824.08,18.954678,10.343363,8.540185,8.540152
1.796399e+25,0.8348053,0.8374564,310000.0,151467.36,149824.05,149824.06,18.954678,10.343338,8.54018,8.540151
1.796399e+25,0.86695844,0.65819955,310000.0,151467.38,149824.06,149824.05,18.954678,10.343466,8.540185,8.540152
1.796399e+25,0.83666605,0.6417997,310000.0,151467.38,149824.06,149824.05,18.954678,10.343378,8.540184,8.540149
1.796399e+25,0.87153023,0.63585126,310000.0,151467.4,149824.05,149824.06,18.954678,10.343438,8.540184,8.540151
1.796399e+25,0.88002515,0.64536655,310000.0,151467.36,149824.03,149824.03,18.954678,10.343538,8.540184,8.540151
1.796399e+25,0.86306953,0.6889911,310000.0,151467.38,149824.03,149824.05,18.954678,10.343576,8.540184,8.540151
1.796399e+25,0.85897297,0.6395494,310000.0,151467.34,149824.03,149824.05,18.954678,10.343429,8.540184,8.54015
1.796399e+25,0.87525594,0.639447,310000.0,151467.38,149824.05,149824.05,18.954678,10.3433275,8.540185,8.54015
1.796399e+25,0.87590665,0.6748662,310000.0,151467.36,149824.05,149824.06,18.954678,10.3431835,8.540186,8.540151
1.796399e+25,0.8515164,0.64878035,310000.0,151467.36,149824.06,149824.05,18.954678,10.343405,8.540184,8.540151
1.796399e+25,0.8582341,0.6467121,310000.0,151467.31,149824.06,149824.05,18.954678,10.3435755,8.540186,8.540151
1.796399e+25,0.85456973,0.6869977,310000.0,151467.44,149824.05,149824.05,18.954678,10.34355,8.540184,8.540151
1.796399e+25,0.85045046,0.7677846,310000.0,151467.4,149824.05,149824.06,18.954678,10.343323,8.540182,8.540151
1.796399e+25,0.8610424,0.64047396,310000.0,151467.33,149824.06,149824.06,18.954678,10.343442,8.540184,8.540151
1.796399e+25,0.85357803,0.8078832,310000.0,151467.42,149824.06,149824.06,18.954678,10.343277,8.540182,8.540152
1.796399e+25,0.86221987,0.6512624,310000.0,151467.34,149824.06,149824.06,18.954678,10.34328,8.540185,8.540151
1.796399e+25,0.85571814,0.6497241,310000.0,151467.31,149824.06,149824.06,18.954678,10.343143,8.540186,8.54015
1.796399e+25,0.86742336,0.6345314,310000.0,151467.38,149824.03,149824.06,18.954678,10.343368,8.540185,8.540152
1.796399e+25,0.84557354,0.640159,310000.0,151467.39,149824.03,149824.08,18.954678,10.343414,8.540185,8.54015
1.796399e+25,0.8565539,0.8378876,310000.0,151467.36,149824.05,149824.05,18.954678,10.3431015,8.54018,8.540151
1.796399e+25,0.84704703,0.63789093,310000.0,151467.38,149824.05,149824.08,18.954678,10.343275,8.540184,8.540148
1.796399e+25,0.8225117,0.7804252,310000.0,151467.39,149824.05,149824.08,18.954678,10.343387,8.540181,8.540148
1.796399e+25,0.8484016,0.67885995,310000.0,151467.34,149824.06,149824.05,18.954678,10.343153,8.540183,8.540148
1.796399e+25,0.8403547,0.6372063,310000.0,151467.33,149824.06,149824.06,18.954678,10.3432665,8.540184,8.540147
1.796399e+25,0.84336793,0.77802634,310000.0,151467.39,149824.03,149824.05,18.954678,10.343479,8.540182,8.540148
1.796399e+25,0.84484446,0.844569,310000.0,151467.42,149824.06,149824.06,18.954678,10.343685,8.540181,8.540148
1.796399e+25,0.84326875,0.67676175,310000.0,151467.39,149824.06,149824.03,18.954678,10.343051,8.540184,8.540148
1.796399e+25,0.8401366,0.7029379,310000.0,151467.36,149824.05,149824.06,18.954678,10.344045,8.540184,8.540147
1.796399e+25,0.83653575,0.7153263,310000.0,151467.4,149824.06,149824.03,18.954678,10.343527,8.540183,8.540147
1.796399e+25,0.85703033,0.6546152,310000.0,151467.39,149824.06,149824.06,18.954678,10.343372,8.540186,8.540147
1.796399e+25,0.84604603,0.6363831,310000.0,151467.39,149824.05,149824.06,18.954678,10.343476,8.540184,8.540148
1.796399e+25,0.858167,0.6481294,310000.0,151467.42,149824.06,149824.05,18.954678,10.343685,8.540184,8.540148
1.796399e+25,0.85579616,0.669682,310000.0,151467.34,149824.03,149824.08,18.954678,10.343535,8.540186,8.540148
1.796399e+25,0.8509359,0.68187046,310000.0,151467.45,149824.06,149824.06,18.954678,10.34366,8.540184,8.540148
1.796399e+25,0.84720796,0.8291573,310000.0,151467.39,149824.06,149824.05,18.954678,10.343047,8.54018,8.540149
1.796399e+25,0.8425737,0.78656536,310000.0,151467.36,149824.05,149824.06,18.954678,10.343131,8.540183,8.540147
1.796399e+25,0.8243958,0.84318805,310000.0,151467.38,149824.05,149824.05,18.954678,10.343352,8.540181,8.540147
1.796399e+25,0.841683,0.7732681,310000.0,151467.36,149824.06,149824.05,18.954678,10.343535,8.540182,8.540147
1.796399e+25,0.84763,0.7626289,310000.0,151467.4,149824.06,149824.06,18.954678,10.343598,8.540182,8.540147
1.796399e+25,0.862638,0.6438541,310000.0,151467.33,149824.05,149824.06,18.954678,10.342939,8.540185,8.540148
1.796399e+25,0.8530677,0.6423966,310000.0,151467.36,149824.06,149824.05,18.954678,10.343133,8.540185,8.540147
1.796399e+25,0.8603707,0.79754853,310000.0,151467.42,149824.05,149824.05,18.954678,10.343363,8.540181,8.540148
1.796399e+25,0.8532667,0.7537612,310000.0,151467.4,149824.03,149824.05,18.954678,10.343445,8.540182,8.540147
1.796399e+25,0.8372837,0.7960781,310000.0,151467.38,149824.03,149824.06,18.954678,10.343661,8.540181,8.540147
1.796399e+25,0.85159653,0.64713836,310000.0,151467.42,149824.05,149824.05,18.954678,10.343462,8.540185,8.540148
1.796399e+25,0.8533201,0.72713953,310000.0,151467.38,149824.06,149824.03,18.954678,10.34333,8.540184,8.540147
1.796399e+25,0.8401506,0.8026899,310000.0,151467.47,149824.06,149824.08,18.954678,10.3436575,8.540182,8.540147
1.796399e+25,0.8449016,0.63530797,310000.0,151467.38,149824.06,149824.05,18.954678,10.343354,8.540185,8.540147
1.796399e+25,0.85171473,0.76823825,310000.0,151467.38,149824.05,149824.06,18.954678,10.343388,8.540182,8.540148
1.796399e+25,0.8478746,0.64092535,310000.0,151467.44,149824.05,149824.06,18.954678,10.34331,8.540185,8.540147
1.796399e+25,0.85807353,0.79723,310000.0,151467.38,149824.05,149824.05,18.954678,10.343668,8.54018,8.540147
1.796399e+25,0.8646247,0.66321427,310000.0,151467.36,149824.06,149824.05,18.954678,10.343045,8.540185,8.540148
1.796399e+25,0.85754937,0.63845,310000.0,151467.38,149824.05,149824.06,18.954678,10.343367,8.540184,8.540148
1.796399e+25,0.8649819,0.6755046,310000.0,151467.4,149824.1,149824.08,18.954678,10.343322,8.540185,8.540147
1.796399e+25,0.8502367,0.6510812,310000.0,151467.36,149824.06,149824.06,18.954678,10.343395,8.540185,8.540148
1.796399e+25,0.8449277,0.69597906,310000.0,151467.39,149824.06,149824.06,18.954678,10.343642,8.540183,8.540146
1.796399e+25,0.8555988,0.78423095,310000.0,151467.38,149824.05,149824.08,18.954678,10.3434105,8.540182,8.540148
1.796399e+25,0.85864407,0.8043055,310000.0,151467.39,149824.03,149824.06,18.954678,10.343437,8.540181,8.540148
1.796399e+25,0.8614642,0.76308024,310000.0,151467.39,149824.05,149824.06,18.954678,10.343579,8.540183,8.540147
1.796399e+25,0.8699623,0.64909685,310000.0,151467.39,149824.05,149824.06,18.954678,10.343594,8.540185,8.540148
1.796399e+25,0.8355327,0.727268,310000.0,151467.4,149824.03,149824.06,18.954678,10.343472,8.540184,8.540148
1.796399e+25,0.8530503,0.6729875,310000.0,151467.39,149824.02,149824.06,18.954678,10.343185,8.540186,8.540148
1.796399e+25,0.83211845,0.6375374,310000.0,151467.36,149824.03,149824.03,18.954678,10.3433895,8.540185,8.540148
1.796399e+25,0.8560221,0.76866496,310000.0,151467.38,149824.06,149824.06,18.954678,10.3435335,8.540182,8.540148
1.796399e+25,0.84914833,0.7388386,310000.0,151467.36,149824.06,149824.05,18.954678,10.34364,8.540183,8.540147
1.796399e+25,0.85965574,0.6485069,310000.0,151467.38,149824.05,149824.05,18.954678,10.34343,8.540186,8.540147
1.796399e+25,0.84658384,0.637436,310000.0,151467.33,149824.05,149824.05,18.954678,10.343018,8.540184,8.540148
1.796399e+25,0.84925437,0.83388025,310000.0,151467.44,149824.05,149824.08,18.954678,10.343535,8.540181,8.540148
1.796399e+25,0.84935755,0.7623965,310000.0,151467.4,149824.03,149824.06,18.954678,10.343377,8.540183,8.540148
1.796399e+25,0.84678334,0.712928,310000.0,151467.36,149824.03,149824.05,18.954678,10.343227,8.540182,8.540148
1.796399e+25,0.85099345,0.6369392,310000.0,151467.33,149824.03,149824.05,18.954678,10.342959,8.540185,8.540147
1.796399e+25,0.86323947,0.8055608,310000.0,151467.4,149824.05,149824.06,18.954678,10.343503,8.540181,8.540147
1.796399e+25,0.8437669,0.7781184,310000.0,151467.36,149824.06,149824.06,18.954678,10.343469,8.540183,8.540147
1.796399e+25,0.8610917,0.6433816,310000.0,151467.36,149824.03,149824.05,18.954678,10.343142,8.540185,8.540147
1.796399e+25,0.8373855,0.87553227,310000.0,151467.47,149824.05,149824.05,18.954678,10.343909,8.540179,8.540148
1.796399e+25,0.8518847,0.64501536,310000.0,151467.28,149824.05,149824.03,18.954678,10.343328,8.540186,8.540148
1.796399e+25,0.840284,0.7281686,310000.0,151467.39,149824.06,149824.05,18.954678,10.343426,8.540183,8.540148
1.796399e+25,0.8488985,0.65427047,310000.0,151467.36,149824.02,149824.05,18.954678,10.343557,8.540185,8.540148
1.796399e+25,0.8459021,0.6394662,310000.0,151467.36,149824.05,149824.06,18.954678,10.343626,8.540184,8.540148
1.796399e+25,0.8552906,0.6839946,310000.0,151467.39,149824.05,149824.06,18.954678,10.343418,8.540184,8.540148
1.796399e+25,0.84666675,0.637593,310000.0,151467.42,149824.05,149824.08,18.954678,10.343368,8.540185,8.540147
1.796399e+25,0.85065836,0.72873765,310000.0,151467.38,149824.06,149824.05,18.954678,10.3432865,8.540183,8.540148
1.796399e+25,0.8481828,0.7301514,310000.0,151467.44,149824.05,149824.06,18.954678,10.343538,8.540182,8.540147
1.796399e+25,0.85269374,0.69908243,310000.0,151467.42,149824.03,149824.06,18.954678,10.3434725,8.540183,8.540147
1.796399e+25,0.8502937,0.86850035,310000.0,151467.34,149824.05,149824.06,18.954678,10.3431015,8.540179,8.540147
1.796399e+25,0.8535856,0.6558087,310000.0,151467.39,149824.05,149824.06,18.954678,10.343399,8.540184,8.540148
1.796399e+25,0.8562559,0.63795286,310000.0,151467.4,149824.03,149824.05,18.954678,10.343602,8.540184,8.540148
1.796399e+25,0.85704637,0.77768105,310000.0,151467.36,149824.03,149824.05,18.954678,10.343616,8.540181,8.540148
1.796399e+25,0.82885003,0.8034323,310000.0,151467.34,149824.06,149824.06,18.954678,10.343319,8.540181,8.540148
1.796399e+25,0.85479,0.838435,310000.0,151467.39,149824.03,149824.06,18.954678,10.343602,8.54018,8.540147
1.796399e+25,0.851293,0.6433863,310000.0,151467.34,149824.08,149824.06,18.954678,10.343305,8.540184,8.540147
1.796399e+25,0.8261565,0.8317191,310000.0,151467.45,149824.05,149824.05,18.954678,10.343616,8.54018,8.540147
1.796399e+25,0.8502643,0.65104854,310000.0,151467.42,149824.06,149824.03,18.954678,10.343441,8.540185,8.540148
1.796399e+25,0.8415592,0.63539755,310000.0,151467.38,149824.05,149824.05,18.954678,10.343308,8.540184,8.540147
1.796399e+25,0.8419828,0.6835111,310000.0,151467.38,149824.06,149824.06,18.954678,10.343574,8.540183,8.540147
1.796399e+25,0.8619999,0.85966873,310000.0,151467.42,149824.08,149824.05,18.954678,10.343342,8.540179,8.540147
1.796399e+25,0.8602514,0.6483645,310000.0,151467.33,149824.03,149824.06,18.954678,10.343349,8.540185,8.540147
1.796399e+25,0.8627833,0.73302346,310000.0,151467.44,149824.03,149824.05,18.954678,10.343934,8.540182,8.540147
1.796399e+25,0.8446813,0.63872755,310000.0,151467.31,149824.06,149824.06,18.954678,10.343199,8.540184,8.540147
1.796399e+25,0.86310285,0.66108143,310000.0,151467.38,149824.05,149824.06,18.954678,10.343315,8.540185,8.540149
1.796399e+25,0.8541389,0.7505085,310000.0,151467.34,149824.05,149824.05,18.954678,10.343231,8.540183,8.540147
1.796399e+25,0.8556816,0.6567576,310000.0,151467.39,149824.05,149824.05,18.954678,10.343396,8.540184,8.540148
1.796399e+25,0.8515415,0.6710773,310000.0,151467.33,149824.05,149824.06,18.954678,10.342947,8.540184,8.540148
1.796399e+25,0.8704143,0.6490038,310000.0,151467.42,149824.05,149824.03,18.954678,10.343611,8.540184,8.540147
1.796399e+25,0.8487038,0.7039975,310000.0,151467.36,149824.05,149824.08,18.954678,10.343685,8.540183,8.540147
1.796399e+25,0.8561974,0.63876027,310000.0,151467.33,149824.06,149824.05,18.954678,10.343152,8.540185,8.540147
1.796399e+25,0.8525908,0.63959634,310000.0,151467.4,149824.08,149824.05,18.954678,10.343296,8.540184,8.540148
1.796399e+25,0.84596896,0.7242601,310000.0,151467.4,149824.05,149824.06,18.954678,10.343931,8.540183,8.540147
1.796399e+25,0.86794704,0.6453884,310000.0,151467.38,149824.05,149824.02,18.954678,10.343398,8.540185,8.540148
1.796399e+25,0.8496879,0.6422326,310000.0,151467.38,149824.05,149824.05,18.954678,10.34352,8.540184,8.540147
1.796399e+25,0.8500642,0.8456534,310000.0,151467.4,149824.05,149824.05,18.954678,10.343979,8.54018,8.540147
1.796399e+25,0.8668363,0.9146438,310000.0,151467.4,149824.05,149824.06,18.954678,10.34333,8.540176,8.540148
1.796399e+25,0.84622127,0.64007455,310000.0,151467.34,149824.05,149824.05,18.954678,10.343341,8.540184,8.540147
1.796399e+25,0.855022,0.8520554,310000.0,151467.38,149824.05,149824.05,18.954678,10.3432665,8.54018,8.540147
1.796399e+25,0.8545281,0.70606303,310000.0,151467.36,149824.05,149824.06,18.954678,10.343402,8.540184,8.540148
1.796399e+25,0.84654355,0.7122854,310000.0,151467.34,149824.05,149824.03,18.954678,10.343734,8.540183,8.540146
1.796399e+25,0.8553219,0.81212604,310000.0,151467.4,149824.06,149824.06,18.954678,10.343744,8.540182,8.540148
1.796399e+25,0.86454654,0.76519185,310000.0,151467.31,149824.06,149824.06,18.954678,10.343318,8.540182,8.540148
1.796399e+25,0.85120803,0.6682591,310000.0,151467.38,149824.05,149824.03,18.954678,10.343464,8.540184,8.540147
1.796399e+25,0.85448724,0.6373036,310000.0,151467.34,149824.06,149824.03,18.954678,10.34308,8.540185,8.540147
1.796399e+25,0.8467218,0.63997084,310000.0,151467.38,149824.06,149824.06,18.954678,10.343173,8.540184,8.540148
1.796399e+25,0.8529999,0.6388505,310000.0,151467.4,149824.03,149824.05,18.954678,10.343334,8.540185,8.540147
1.796399e+25,0.85706985,0.70511925,310000.0,151467.39,149824.06,149824.05,18.954678,10.343603,8.540183,8.540147
1.796399e+25,0.84891367,0.646022,310000.0,151467.34,149824.05,149824.06,18.954678,10.3433695,8.540184,8.540147
1.796399e+25,0.8568345,0.6414968,310000.0,151467.38,149824.03,149824.05,18.954678,10.343029,8.540184,8.540147
1.796399e+25,0.860012,0.6356475,310000.0,151467.39,149824.06,149824.05,18.954678,10.343326,8.540185,8.540147
1.796399e+25,0.8543232,0.65410864,310000.0,151467.38,149824.05,149824.06,18.954678,10.343429,8.540184,8.540147
1.796399e+25,0.8567894,0.65419114,310000.0,151467.4,149824.05,149824.06,18.954678,10.343367,8.540184,8.540147
1.796399e+25,0.8617498,0.7743348,310000.0,151467.36,149824.05,149824.06,18.954678,10.343356,8.540182,8.540147
1.796399e+25,0.8639798,0.6634355,310000.0,151467.39,149824.05,149824.05,18.954678,10.343519,8.540186,8.540147
1.796399e+25,0.8545204,0.6431507,310000.0,151467.36,149824.05,149824.06,18.954678,10.343295,8.540184,8.540147
1.796399e+25,0.856974,0.638716,310000.0,151467.4,149824.06,149824.06,18.954678,10.343215,8.540185,8.540147
1.796399e+25,0.8520378,0.7776206,310000.0,151467.45,149824.03,149824.05,18.954678,10.343651,8.540182,8.540148
1.796399e+25,0.8508638,0.6502615,310000.0,151467.39,149824.05,149824.05,18.954678,10.343224,8.540184,8.540148
1.796399e+25,0.8605011,0.6419429,310000.0,151467.33,149824.05,149824.05,18.954678,10.34304,8.540184,8.540147
1.796399e+25,0.85037065,0.86696434,310000.0,151467.34,149824.05,149824.06,18.954678,10.343386,8.540179,8.540147
1.796399e+25,0.85263115,0.7379798,310000.0,151467.36,149824.05,149824.06,18.954678,10.343362,8.540183,8.540147
1.796399e+25,0.8383122,0.6560502,310000.0,151467.38,149824.03,149824.06,18.954678,10.343036,8.540185,8.540148
1.796399e+25,0.85199684,0.65113693,310000.0,151467.42,149824.06,149824.06,18.954678,10.343737,8.540186,8.540148
1.796399e+25,0.8481312,0.73066175,310000.0,151467.39,149824.06,149824.06,18.954678,10.343523,8.540183,8.540148
1.796399e+25,0.84939265,0.65643364,310000.0,151467.39,149824.06,149824.03,18.954678,10.343546,8.540185,8.540148
1.796399e+25,0.8475346,0.78057015,310000.0,151467.39,149824.03,149824.05,18.954678,10.343217,8.540182,8.540148
1.796399e+25,0.85269624,0.64134234,310000.0,151467.36,149824.05,149824.06,18.954678,10.34354,8.540185,8.540147
1.796399e+25,0.8589391,0.8399877,310000.0,151467.38,149824.05,149824.06,18.954678,10.343498,8.54018,8.540147
1.796399e+25,0.8554769,0.64922345,310000.0,151467.34,149824.06,149824.06,18.954678,10.34316,8.540186,8.540148
1.796399e+25,0.86037266,0.81601655,310000.0,151467.4,149824.05,149824.06,18.954678,10.34345,8.540182,8.540148
1.796399e+25,0.847923,0.90477127,310000.0,151467.42,149824.1,149824.05,18.954678,10.343377,8.540177,8.540148
1.796399e+25,0.8572982,0.7253483,310000.0,151467.38,149824.05,149824.06,18.954678,10.343303,8.540182,8.540147
1.796399e+25,0.83880955,0.6367783,310000.0,151467.38,149824.06,149824.06,18.954678,10.343518,8.540184,8.540149
1.796399e+25,0.8614112,0.64903873,310000.0,151467.38,149824.06,149824.06,18.954678,10.3432865,8.540185,8.540147
1.796399e+25,0.8304705,0.7306889,310000.0,151467.42,149824.06,149824.06,18.954678,10.3433485,8.540183,8.540147
1.796399e+25,0.8478455,0.72519517,310000.0,151467.39,149824.05,149824.06,18.954678,10.343316,8.540183,8.540148
1.796399e+25,0.83530664,0.71755344,310000.0,151467.38,149824.06,149824.06,18.954678,10.343506,8.540183,8.5401535
1.796399e+25,0.8438227,0.65360165,310000.0,151467.38,149824.03,149824.06,18.954678,10.343256,8.540186,8.5401535
1.796399e+25,0.8460435,0.68609387,310000.0,151467.34,149824.03,149824.08,18.954678,10.343383,8.540186,8.5401535
1.796399e+25,0.8448255,0.69411373,310000.0,151467.3,149824.06,149824.05,18.954678,10.343182,8.540184,8.5401535
1.796399e+25,0.83126813,0.6457088,310000.0,151467.44,149824.06,149824.06,18.954678,10.343266,8.540185,8.5401535
1.796399e+25,0.85318124,0.78275573,310000.0,151467.34,149824.05,149824.05,18.954678,10.3430395,8.540181,8.5401535
1.796399e+25,0.83601826,0.72390777,310000.0,151467.38,149824.06,149824.06,18.954678,10.343599,8.540183,8.540153
1.796399e+25,0.85639274,0.6500264,310000.0,151467.4,149824.06,149824.05,18.954678,10.343554,8.540186,8.5401535
1.796399e+25,0.84587514,0.64502466,310000.0,151467.39,149824.06,149824.05,18.954678,10.343268,8.540184,8.5401535
1.796399e+25,0.84765065,0.6746159,310000.0,151467.39,149824.05,149824.06,18.954678,10.343636,8.540186,8.5401535
1.796399e+25,0.86058533,0.64523953,310000.0,151467.38,149824.03,149824.06,18.954678,10.343483,8.540185,8.540153
1.796399e+25,0.8508561,0.6542547,310000.0,151467.4,149824.06,149824.06,18.954678,10.3434925,8.540185,8.540154
1.796399e+25,0.8656896,0.65062135,310000.0,151467.36,149824.03,149824.05,18.954678,10.343397,8.540186,8.5401535
1.796399e+25,0.8661053,0.6736258,310000.0,151467.36,149824.06,149824.05,18.954678,10.3434925,8.540184,8.540153
1.796399e+25,0.86149424,0.66311204,310000.0,151467.4,149824.03,149824.08,18.954678,10.343784,8.540184,8.5401535
1.796399e+25,0.85375065,0.7473131,310000.0,151467.38,149824.05,149824.05,18.954678,10.343634,8.540183,8.5401535
1.796399e+25,0.8468408,0.89521223,310000.0,151467.44,149824.05,149824.05,18.954678,10.343614,8.540178,8.5401535
1.796399e+25,0.8338446,0.6678245,310000.0,151467.36,149824.05,149824.06,18.954678,10.343127,8.540186,8.540153
1.796399e+25,0.85246617,0.65636,310000.0,151467.4,149824.05,149824.05,18.954678,10.3437805,8.540183,8.540153
1.796399e+25,0.8812943,0.6703671,310000.0,151467.36,149824.03,149824.05,18.954678,10.343473,8.540184,8.540153
1.796399e+25,0.86985,0.7902116,310000.0,151467.39,149824.06,149824.06,18.954678,10.343547,8.540182,8.5401535
1.796399e+25,0.8636956,0.66567934,310000.0,151467.34,149824.03,149824.06,18.954678,10.343722,8.540185,8.5401535
1.796399e+25,0.8611394,0.6473605,310000.0,151467.39,149824.05,149824.03,18.954678,10.343301,8.540185,8.540153
1.796399e+25,0.8459058,0.64888954,310000.0,151467.4,149824.06,149824.06,18.954678,10.343473,8.540184,8.5401535
1.796399e+25,0.8551008,0.7211814,310000.0,151467.38,149824.02,149824.05,18.954678,10.343316,8.540183,8.5401535
1.796399e+25,0.86404306,0.64284134,310000.0,151467.38,149824.05,149824.06,18.954678,10.3435755,8.540186,8.5401535
1.796399e+25,0.86066747,0.6427617,310000.0,151467.39,149824.05,149824.05,18.954678,10.343588,8.540184,8.5401535
1.796399e+25,0.86558014,0.6888689,310000.0,151467.36,149824.05,149824.05,18.954678,10.343369,8.540186,8.540153
1.796399e+25,0.8443259,0.65789926,310000.0,151467.34,149824.05,149824.06,18.954678,10.34324,8.540186,8.5401535
1.796399e+25,0.85593927,0.66328293,310000.0,151467.38,149824.06,149824.03,18.954678,10.343521,8.540185,8.5401535
1.796399e+25,0.854814,0.7021681,310000.0,151467.42,149824.08,149824.06,18.954678,10.34355,8.540183,8.540153
1.796399e+25,0.8628135,0.6644917,310000.0,151467.42,149824.05,149824.05,18.954678,10.343888,8.540184,8.5401535
1.796399e+25,0.85044086,0.6474106,310000.0,151467.47,149824.05,149824.03,18.954678,10.343632,8.540185,8.5401535
1.796399e+25,0.86353105,0.6465634,310000.0,151467.31,149824.08,149824.06,18.954678,10.343453,8.540186,8.5401535
1.796399e+25,0.8512919,0.6945516,310000.0,151467.4,149824.03,149824.05,18.954678,10.34356,8.540184,8.540153
1.796399e+25,0.8455392,0.681956,310000.0,151467.45,149824.06,149824.06,18.954678,10.343647,8.540184,8.5401535
1.796399e+25,0.8608517,0.6646938,310000.0,151467.39,149824.06,149824.05,18.954678,10.3437805,8.540186,8.5401535
1.796399e+25,0.86082786,0.7382558,310000.0,151467.39,149824.05,149824.06,18.954678,10.343144,8.540183,8.540153
1.796399e+25,0.84799963,0.65565926,310000.0,151467.42,149824.03,149824.06,18.954678,10.343368,8.540184,8.540153
1.796399e+25,0.8668178,0.6440482,310000.0,151467.44,149824.06,149824.08,18.954678,10.34361,8.540185,8.5401535
1.796399e+25,0.8632043,0.65874326,310000.0,151467.44,149824.06,149824.06,18.954678,10.343568,8.540184,8.540153
1.796399e+25,0.86911654,0.6746419,310000.0,151467.38,149824.03,149824.05,18.954678,10.343187,8.540186,8.540153
1.796399e+25,0.8537638,0.6762948,310000.0,151467.42,149824.05,149824.06,18.954678,10.343843,8.540184,8.5401535
1.796399e+25,0.84310645,0.6745783,310000.0,151467.34,149824.05,149824.06,18.954678,10.343378,8.540185,8.540153
1.796399e+25,0.83950746,0.6426549,310000.0,151467.36,149824.05,149824.06,18.954678,10.343521,8.540185,8.5401535
1.796399e+25,0.86719584,0.6562199,310000.0,151467.39,149824.06,149824.05,18.954678,10.343427,8.540185,8.5401535
1.796399e+25,0.85238886,0.6522354,310000.0,151467.34,149824.06,149824.05,18.954678,10.343217,8.540186,8.5401535
1.796399e+25,0.83410984,0.6474258,310000.0,151467.34,149824.05,149824.05,18.954678,10.343176,8.540184,8.5401535
1.796399e+25,0.84927404,0.836597,310000.0,151467.38,149824.06,149824.06,18.954678,10.3434,8.540181,8.5401535
1.796399e+25,0.8484394,0.65595424,310000.0,151467.36,149824.06,149824.08,18.954678,10.34301,8.540185,8.5401535
1.796399e+25,0.8541206,0.65143204,310000.0,151467.31,149824.08,149824.08,18.954678,10.343325,8.540185,8.540153
1.796399e+25,0.8659469,0.6679478,310000.0,151467.34,149824.06,149824.05,18.954678,10.343271,8.540185,8.540153
1.796399e+25,0.88191825,0.6464638,310000.0,151467.39,149824.05,149824.08,18.954678,10.343465,8.540184,8.5401535
1.796399e+25,0.8433011,0.6950958,310000.0,151467.38,149824.03,149824.06,18.954678,10.34339,8.540184,8.540153
1.796399e+25,0.8511673,0.83126104,310000.0,151467.34,149824.05,149824.05,18.954678,10.343072,8.54018,8.5401535
1.796399e+25,0.8570649,0.6454869,310000.0,151467.42,149824.05,149824.05,18.954678,10.343578,8.540185,8.5401535
1.796399e+25,0.86603135,0.6786208,310000.0,151467.39,149824.05,149824.06,18.954678,10.343363,8.540186,8.5401535
1.796399e+25,0.86612,0.89394575,310000.0,151467.33,149824.06,149824.08,18.954678,10.343257,8.540177,8.540153
1.796399e+25,0.86127406,0.64547515,310000.0,151467.38,149824.06,149824.05,18.954678,10.343276,8.540184,8.540153
1.796399e+25,0.8492614,0.65639913,310000.0,151467.42,149824.03,149824.06,18.954678,10.343499,8.540185,8.5401535
1.796399e+25,0.84602684,0.64433795,310000.0,151467.4,149824.05,149824.06,18.954678,10.34348,8.540185,8.5401535
1.796399e+25,0.83871853,0.6421934,310000.0,151467.39,149824.06,149824.06,18.954678,10.343277,8.540185,8.540153
1.796399e+25,0.8641132,0.6616095,310000.0,151467.38,149824.05,149824.08,18.954678,10.343346,8.540185,8.540153
1.796399e+25,0.8684147,0.65191686,310000.0,151467.39,149824.05,149824.05,18.954678,10.343344,8.540184,8.540152
1.796399e+25,0.8372959,0.7510969,310000.0,151467.33,149824.03,149824.05,18.954678,10.342918,8.540182,8.5401535
1.796399e+25,0.8567981,0.76659673,310000.0,151467.39,149824.06,149824.06,18.954678,10.343286,8.540182,8.540153
1.796399e+25,0.85469294,0.6455114,310000.0,151467.4,149824.05,149824.05,18.954678,10.343702,8.540184,8.540153
1.796399e+25,0.8544843,0.78684133,310000.0,151467.36,149824.06,149824.05,18.954678,10.342928,8.540182,8.540153
1.796399e+25,0.843002,0.6437651,310000.0,151467.4,149824.05,149824.06,18.954678,10.343714,8.540185,8.5401535
1.796399e+25,0.8560074,0.68508595,310000.0,151467.39,149824.06,149824.05,18.954678,10.343427,8.540186,8.5401535
1.796399e+25,0.8568195,0.661228,310000.0,151467.39,149824.05,149824.05,18.954678,10.343508,8.540186,8.540153
1.796399e+25,0.8542895,0.67930764,310000.0,151467.44,149824.05,149824.06,18.954678,10.343469,8.540184,8.5401535
1.796399e+25,0.87194955,0.68990314,310000.0,151467.33,149824.03,149824.05,18.954678,10.343364,8.540185,8.540153
1.796399e+25,0.8699191,0.662487,310000.0,151467.38,149824.05,149824.05,18.954678,10.343224,8.540185,8.5401535
1.796399e+25,0.8662865,0.64778364,310000.0,151467.39,149824.05,149824.06,18.954678,10.3433,8.540184,8.540153
1.796399e+25,0.8497418,0.6653818,310000.0,151467.36,149824.05,149824.05,18.954678,10.343413,8.540185,8.5401535
1.796399e+25,0.84923214,0.64480764,310000.0,151467.36,149824.05,149824.05,18.954678,10.343411,8.540185,8.540153
1.796399e+25,0.8777422,0.759224,310000.0,151467.39,149824.06,149824.05,18.954678,10.343245,8.540182,8.5401535
1.796399e+25,0.8534083,0.7344784,310000.0,151467.34,149824.05,149824.05,18.954678,10.343211,8.540182,8.540153
1.796399e+25,0.8569699,0.92005044,310000.0,151467.42,149824.06,149824.08,18.954678,10.343492,8.540177,8.5401535
1.796399e+25,0.8632419,0.6472474,310000.0,151467.36,149824.06,149824.06,18.954678,10.343388,8.540184,8.540154
1.796399e+25,0.85724634,0.6722155,310000.0,151467.31,149824.03,149824.06,18.954678,10.342938,8.540184,8.540153
1.796399e+25,0.8475994,0.874645,310000.0,151467.36,149824.06,149824.05,18.954678,10.3435135,8.540179,8.5401535
1.796399e+25,0.8711676,0.6782002,310000.0,151467.4,149824.03,149824.06,18.954678,10.343478,8.540184,8.540153
1.796399e+25,0.825319,0.6821385,310000.0,151467.36,149824.05,149824.05,18.954678,10.343266,8.540184,8.540153
1.796399e+25,0.853103,0.7803812,310000.0,151467.39,149824.03,149824.05,18.954678,10.343325,8.540182,8.540153
1.796399e+25,0.858656,0.8861515,310000.0,151467.39,149824.05,149824.05,18.954678,10.343143,8.540177,8.540153
1.796399e+25,0.8578939,0.7549402,310000.0,151467.34,149824.03,149824.06,18.954678,10.34323,8.540183,8.540154
1.796399e+25,0.8556339,0.79242325,310000.0,151467.36,149824.06,149824.06,18.954678,10.343326,8.54018,8.5401535
1.796399e+25,0.8549125,0.6746822,310000.0,151467.36,149824.05,149824.06,18.954678,10.343406,8.540184,8.540153
1.796399e+25,0.8569406,0.6505921,310000.0,151467.39,149824.06,149824.06,18.954678,10.343453,8.540185,8.5401535
1.796399e+25,0.87195045,0.6498928,310000.0,151467.36,149824.05,149824.03,18.954678,10.34312,8.540185,8.540153
1.796399e+25,0.8690066,0.6447929,310000.0,151467.4,149824.03,149824.06,18.954678,10.343427,8.540185,8.5401535
1.796399e+25,0.8486561,0.71031356,310000.0,151467.31,149824.03,149824.08,18.954678,10.343297,8.540183,8.540155
1.796399e+25,0.8375776,0.8317576,310000.0,151467.38,149824.05,149824.05,18.954678,10.343248,8.54018,8.5401535
1.796399e+25,0.8594547,0.6468858,310000.0,151467.38,149824.06,149824.06,18.954678,10.343464,8.540185,8.540155
1.796399e+25,0.8394742,0.6608383,310000.0,151467.34,149824.05,149824.05,18.954678,10.343189,8.540184,8.5401535
1.796399e+25,0.84613425,0.66532445,310000.0,151467.3,149824.08,149824.06,18.954678,10.343118,8.540186,8.540154
1.796399e+25,0.86749434,0.65801066,310000.0,151467.42,149824.03,149824.05,18.954678,10.3433895,8.540185,8.5401535
1.796399e+25,0.84432656,0.770441,310000.0,151467.4,149824.06,149824.06,18.954678,10.343454,8.540183,8.540155
1.796399e+25,0.8533408,0.6848956,310000.0,151467.33,149824.08,149824.05,18.954678,10.34325,8.540184,8.540154
1.796399e+25,0.8563394,0.7648894,310000.0,151467.39,149824.06,149824.05,18.954678,10.343425,8.540183,8.540154
1.796399e+25,0.8470991,0.8777662,310000.0,151467.36,149824.05,149824.05,18.954678,10.343518,8.540179,8.540154
1.796399e+25,0.88469654,0.6487237,310000.0,151467.38,149824.05,149824.06,18.954678,10.343255,8.540185,8.540154
1.796399e+25,0.8574465,0.6632164,310000.0,151467.38,149824.06,149824.03,18.954678,10.343456,8.540185,8.5401535
1.796399e+25,0.8500378,0.75954604,310000.0,151467.4,149824.05,149824.06,18.954678,10.343787,8.540183,8.5401535
1.796399e+25,0.84779274,0.76436365,310000.0,151467.4,149824.05,149824.05,18.954678,10.3434925,8.540182,8.5401535
1.796399e+25,0.8490734,0.66640943,310000.0,151467.44,149824.05,149824.05,18.954678,10.343593,8.540185,8.5401535
1.796399e+25,0.85164016,0.6492969,310000.0,151467.34,149824.05,149824.05,18.954678,10.343654,8.540185,8.5401535
1.796399e+25,0.8583831,0.6719116,310000.0,151467.34,149824.03,149824.06,18.954678,10.343069,8.540186,8.540154
1.796399e+25,0.84905934,0.7999816,310000.0,151467.39,149824.06,149824.06,18.954678,10.343708,8.540182,8.540154
1.796399e+25,0.8648441,0.68333304,310000.0,151467.39,149824.05,149824.06,18.954678,10.343484,8.540184,8.540154
1.796399e+25,0.8563642,0.76894015,310000.0,151467.39,149824.06,149824.06,18.954678,10.343366,8.540182,8.5401535
1.796399e+25,0.8498218,0.74117637,310000.0,151467.4,149824.06,149824.06,18.954678,10.343403,8.540183,8.5401535
1.796399e+25,0.8640191,0.65298676,310000.0,151467.33,149824.05,149824.05,18.954678,10.343351,8.540185,8.540154
1.796399e+25,0.85277843,0.7923486,310000.0,151467.38,149824.06,149824.05,18.954678,10.343703,8.540181,8.5401535
1.796399e+25,0.8491067,0.6928623,310000.0,151467.36,149824.05,149824.06,18.954678,10.343238,8.540184,8.5401535
1.796399e+25,0.84338826,0.6714935,310000.0,151467.42,149824.05,149824.08,18.954678,10.3433485,8.540184,8.540154
1.796399e+25,0.84526426,0.6593643,310000.0,151467.42,149824.05,149824.05,18.954678,10.3436365,8.540184,8.5401535
1.796399e+25,0.8546357,0.83892787,310000.0,151467.42,149824.08,149824.06,18.954678,10.3434725,8.540181,8.540154
1.796399e+25,0.8375441,0.71495235,310000.0,151467.38,149824.06,149824.05,18.954678,10.343263,8.540183,8.5401535
1.796399e+25,0.8335371,0.69764984,310000.0,151467.42,149824.06,149824.05,18.954678,10.343606,8.540185,8.540154
1.796399e+25,0.84572285,0.65253794,310000.0,151467.39,149824.05,149824.06,18.954678,10.343265,8.540185,8.540154
1.796399e+25,0.8630595,0.7089072,310000.0,151467.36,149824.03,149824.06,18.954678,10.343207,8.540183,8.540154
1.796399e+25,0.8500619,0.6465667,310000.0,151467.45,149824.05,149824.06,18.954678,10.343365,8.540185,8.5401535
1.796399e+25,0.8717999,0.66314554,310000.0,151467.38,149824.03,149824.05,18.954678,10.343239,8.540185,8.5401535
1.796399e+25,0.845463,0.6738487,310000.0,151467.38,149824.05,149824.05,18.954678,10.343612,8.540185,8.5401535
1.796399e+25,0.87074804,0.69752043,310000.0,151467.42,149824.06,149824.06,18.954678,10.343689,8.540185,8.5401535
1.796399e+25,0.87999254,0.67811,310000.0,151467.34,149824.03,149824.06,18.954678,10.343162,8.540184,8.540154
1.796399e+25,0.876418,0.649736,310000.0,151467.34,149824.06,149824.05,18.954678,10.343149,8.540184,8.540154
1.796399e+25,0.8879001,0.65533185,310000.0,151467.36,149824.05,149824.03,18.954678,10.343376,8.540185,8.540154
1.796399e+25,0.87126404,0.74318796,310000.0,151467.42,149824.06,149824.06,18.954678,10.343371,8.540183,8.5401535
1.796399e+25,0.8607074,0.6563598,310000.0,151467.44,149824.06,149824.05,18.954678,10.344034,8.540185,8.540154
1.796399e+25,0.8532179,0.8915371,310000.0,151467.39,149824.05,149824.06,18.954678,10.343281,8.540177,8.540154
1.796399e+25,0.8664214,0.76318765,310000.0,151467.42,149824.05,149824.05,18.954678,10.343506,8.540182,8.5401535
1.796399e+25,0.8634817,0.6587118,310000.0,151467.36,149824.06,149824.06,18.954678,10.343219,8.540184,8.540154
1.796399e+25,0.8566852,0.77113783,310000.0,151467.38,149824.05,149824.06,18.954678,10.343496,8.540183,8.540155
1.796399e+25,0.86440957,0.6475912,310000.0,151467.38,149824.03,149824.05,18.954678,10.343783,8.540184,8.540153
1.796399e+25,0.8578406,0.715982,310000.0,151467.44,149824.06,149824.05,18.954678,10.3438635,8.540183,8.540154
1.796399e+25,0.84795517,0.7814738,310000.0,151467.4,149824.06,149824.06,18.954678,10.343668,8.54018,8.540154
1.796399e+25,0.8606989,0.65309167,310000.0,151467.39,149824.05,149824.06,18.954678,10.343755,8.540185,8.540154
1.796399e+25,0.8501834,0.65280765,310000.0,151467.38,149824.06,149824.05,18.954678,10.343177,8.540184,8.5401535
1.796399e+25,0.8605212,0.66449976,310000.0,151467.39,149824.05,149824.06,18.954678,10.34342,8.540186,8.540154
1.796399e+25,0.8633748,0.68590677,310000.0,151467.34,149824.08,149824.06,18.954678,10.343202,8.540185,8.540154
1.796399e+25,0.8663285,0.8433636,310000.0,151467.38,149824.03,149824.05,18.954678,10.343424,8.540179,8.540153
1.796399e+25,0.86233693,0.7595675,310000.0,151467.38,149824.08,149824.05,18.954678,10.343194,8.540183,8.5401535
1.796399e+25,0.84769946,0.85743505,310000.0,151467.39,149824.05,149824.05,18.954678,10.343452,8.540179,8.5401535
1.796399e+25,0.853158,0.7066517,310000.0,151467.36,149824.06,149824.05,18.954678,10.343178,8.540184,8.540153
1.796399e+25,0.8528191,0.6578955,310000.0,151467.42,149824.08,149824.05,18.954678,10.3434105,8.540185,8.540154
1.796399e+25,0.865589,0.64892596,310000.0,151467.36,149824.05,149824.05,18.954678,10.343283,8.540185,8.540154
1.796399e+25,0.84679693,0.6510044,310000.0,151467.44,149824.05,149824.06,18.954678,10.343431,8.540185,8.5401535
1.796399e+25,0.8616481,0.6515582,310000.0,151467.42,149824.05,149824.05,18.954678,10.343574,8.540185,8.5401535
1.796399e+25,0.85528785,0.70317245,310000.0,151467.42,149824.05,149824.05,18.954678,10.343859,8.540185,8.5401535
1.796399e+25,0.8562567,0.6681741,310000.0,151467.31,149824.05,149824.05,18.954678,10.343206,8.540185,8.540153
1.796399e+25,0.85601,0.7093551,310000.0,151467.4,149824.06,149824.06,18.954678,10.343587,8.540183,8.540153
1.796399e+25,0.8664744,0.6761864,310000.0,151467.4,149824.03,149824.05,18.954678,10.343555,8.540186,8.5401535
1.796399e+25,0.8613099,0.66316307,310000.0,151467.38,149824.06,149824.06,18.954678,10.343593,8.540183,8.540154
1.796399e+25,0.8526018,0.67950547,310000.0,151467.39,149824.05,149824.06,18.954678,10.343352,8.540183,8.5401535
1.796399e+25,0.8647637,0.66924876,310000.0,151467.33,149824.03,149824.1,18.954678,10.343179,8.540184,8.540154
1.796399e+25,0.8635468,0.6884054,310000.0,151467.38,149824.06,149824.03,18.954678,10.343225,8.540186,8.5401535
1.796399e+25,0.85095793,0.65052295,310000.0,151467.38,149824.06,149824.05,18.954678,10.34334,8.540185,8.5401535
1.796399e+25,0.8546735,0.6706509,310000.0,151467.4,149824.06,149824.06,18.954678,10.343495,8.540185,8.5401535
1.796399e+25,0.85503334,0.6582243,310000.0,151467.42,149824.03,149824.05,18.954678,10.343603,8.540186,8.5401535
1.796399e+25,0.83688104,0.66594845,310000.0,151467.38,149824.05,149824.08,18.954678,10.343463,8.540185,8.540153
1.796399e+25,0.85381895,0.6533692,310000.0,151467.39,149824.05,149824.05,18.954678,10.343238,8.540184,8.540154
1.796399e+25,0.85834605,0.6487885,310000.0,151467.36,149824.05,149824.06,18.954678,10.343334,8.540185,8.540154
1.796399e+25,0.84711426,0.6577206,310000.0,151467.42,149824.06,149824.05,18.954678,10.343806,8.540185,8.5401535
1.796399e+25,0.8363715,0.6492484,310000.0,151467.39,149824.03,149824.06,18.954678,10.343635,8.540185,8.540154
1.796399e+25,0.8358667,0.8036514,310000.0,151467.4,149824.05,149824.05,18.954678,10.343783,8.540181,8.540154
1.796399e+25,0.8527716,0.66712224,310000.0,151467.39,149824.05,149824.05,18.954678,10.343419,8.540184,8.5401535
1.796399e+25,0.84732664,0.80198604,310000.0,151467.33,149824.03,149824.06,18.954678,10.343373,8.540182,8.540153
1.796399e+25,0.8509483,0.6603109,310000.0,151467.31,149824.06,149824.05,18.954678,10.343507,8.540186,8.540154
1.796399e+25,0.8659176,0.6615802,310000.0,151467.4,149824.06,149824.05,18.954678,10.343701,8.540185,8.540154
1.796399e+25,0.8305585,0.76345223,310000.0,151467.38,149824.06,149824.05,18.954678,10.343481,8.540182,8.5401535
1.796399e+25,0.8514519,0.6865148,310000.0,151467.38,149824.06,149824.06,18.954678,10.343173,8.540184,8.5401535
1.796399e+25,0.8464108,0.6643689,310000.0,151467.39,149824.05,149824.06,18.954678,10.343624,8.540184,8.5401535
1.796399e+25,0.8623259,0.6572685,310000.0,151467.44,149824.06,149824.06,18.954678,10.343717,8.540186,8.5401535
1.796399e+25,0.87022,0.6834918,310000.0,151467.36,149824.05,149824.06,18.954678,10.343453,8.540184,8.5401535
1.796399e+25,0.86627626,0.6512365,310000.0,151467.45,149824.05,149824.05,18.954678,10.343445,8.540185,8.540154
1.796399e+25,0.85663515,0.7976898,310000.0,151467.4,149824.06,149824.05,18.954678,10.343801,8.540181,8.5401535
1.796399e+25,0.87033296,0.6470296,310000.0,151467.34,149824.06,149824.05,18.954678,10.343221,8.540185,8.5401535
1.796399e+25,0.85026383,0.9115948,310000.0,151467.4,149824.03,149824.06,18.954678,10.343391,8.540177,8.540155
1.796399e+25,0.8425279,0.79283077,310000.0,151467.36,149824.05,149824.05,18.954678,10.343155,8.540182,8.5401535
1.796399e+25,0.8518312,0.78835064,310000.0,151467.36,149824.03,149824.06,18.954678,10.343253,8.540181,8.540154
1.796399e+25,0.858146,0.6488992,310000.0,151467.38,149824.08,149824.06,18.954678,10.343578,8.540185,8.540154
1.796399e+25,0.854405,0.66565573,310000.0,151467.38,149824.05,149824.08,18.954678,10.343304,8.540184,8.540154
1.796399e+25,0.8648602,0.7007124,310000.0,151467.4,149824.06,149824.06,18.954678,10.343436,8.540184,8.5401535
1.796399e+25,0.8350355,0.65640813,310000.0,151467.36,149824.06,149824.06,18.954678,10.34326,8.540185,8.540154
1.796399e+25,0.84870607,0.679255,310000.0,151467.36,149824.02,149824.06,18.954678,10.343253,8.540186,8.540154
1.796399e+25,0.8576964,0.68467265,310000.0,151467.39,149824.06,149824.06,18.954678,10.343311,8.540184,8.540154
1.796399e+25,0.8604744,0.6601276,310000.0,151467.44,149824.05,149824.05,18.954678,10.3436575,8.540184,8.540147
1.796399e+25,0.84663576,0.6647882,310000.0,151467.34,149824.06,149824.05,18.954678,10.343328,8.540184,8.540146
1.796399e+25,0.83576757,0.84782773,310000.0,151467.36,149824.05,149824.05,18.954678,10.34307,8.540181,8.540147
1.796399e+25,0.84697556,0.6562711,310000.0,151467.4,149824.08,149824.05,18.954678,10.343255,8.540185,8.540146
1.796399e+25,0.8537143,0.8428852,310000.0,151467.34,149824.05,149824.06,18.954678,10.343103,8.54018,8.540146
1.796399e+25,0.8487911,0.8578806,310000.0,151467.42,149824.03,149824.05,18.954678,10.343781,8.54018,8.540146
1.796399e+25,0.8534912,0.6634919,310000.0,151467.39,149824.05,149824.05,18.954678,10.3430805,8.540185,8.540146
1.796399e+25,0.8570919,0.7243642,310000.0,151467.34,149824.05,149824.06,18.954678,10.343371,8.540183,8.540146
1.796399e+25,0.89134985,0.6665711,310000.0,151467.44,149824.06,149824.05,18.954678,10.343326,8.540186,8.540146
1.796399e+25,0.8424906,0.83725154,310000.0,151467.36,149824.06,149824.05,18.954678,10.343594,8.540181,8.540147
1.796399e+25,0.8425176,0.7462524,310000.0,151467.36,149824.06,149824.06,18.954678,10.34352,8.540184,8.540147
1.796399e+25,0.84921193,0.6886452,310000.0,151467.38,149824.05,149824.06,18.954678,10.3434515,8.540186,8.540147
1.796399e+25,0.8656408,0.66156805,310000.0,151467.38,149824.05,149824.06,18.954678,10.3433075,8.540185,8.540147
1.796399e+25,0.85635924,0.7184943,310000.0,151467.39,149824.05,149824.05,18.954678,10.343442,8.540184,8.540146
1.796399e+25,0.8587315,0.6695847,310000.0,151467.36,149824.05,149824.06,18.954678,10.343253,8.540185,8.540147
1.796399e+25,0.8568652,0.8679769,310000.0,151467.45,149824.05,149824.06,18.954678,10.343567,8.54018,8.540147
1.796399e+25,0.85381776,0.8378178,310000.0,151467.42,149824.06,149824.05,18.954678,10.343256,8.540181,8.540147
1.796399e+25,0.84950626,0.65658265,310000.0,151467.36,149824.06,149824.05,18.954678,10.343615,8.540184,8.540146
1.796399e+25,0.8367715,0.65624684,310000.0,151467.39,149824.05,149824.08,18.954678,10.343409,8.540184,8.540147
1.796399e+25,0.85384196,0.68661284,310000.0,151467.36,149824.03,149824.08,18.954678,10.3431425,8.540183,8.540147
1.796399e+25,0.87664217,0.69277704,310000.0,151467.36,149824.06,149824.08,18.954678,10.343393,8.540186,8.540147
1.796399e+25,0.86515725,0.6683462,310000.0,151467.4,149824.05,149824.08,18.954678,10.34318,8.540185,8.540147
1.796399e+25,0.88494605,0.78797823,310000.0,151467.38,149824.05,149824.05,18.954678,10.343397,8.540181,8.540147
1.796399e+25,0.85350245,0.72627133,310000.0,151467.34,149824.05,149824.06,18.954678,10.343238,8.540182,8.540148
1.796399e+25,0.85164475,0.6876748,310000.0,151467.4,149824.06,149824.06,18.954678,10.343096,8.540184,8.540147
1.796399e+25,0.8689674,0.6582852,310000.0,151467.38,149824.05,149824.05,18.954678,10.343277,8.540184,8.540147
1.796399e+25,0.87443924,0.66578287,310000.0,151467.33,149824.05,149824.06,18.954678,10.343315,8.540185,8.540147
1.796399e+25,0.8579252,0.7063133,310000.0,151467.36,149824.05,149824.05,18.954678,10.343393,8.540186,8.540146
1.796399e+25,0.8784546,0.6800463,310000.0,151467.34,149824.05,149824.06,18.954678,10.343224,8.540185,8.540146
1.796399e+25,0.87343687,0.6637686,310000.0,151467.36,149824.06,149824.05,18.954678,10.343234,8.540186,8.540147
1.796399e+25,0.8543433,0.7080365,310000.0,151467.45,149824.05,149824.06,18.954678,10.343615,8.540183,8.540146
1.796399e+25,0.8423917,0.66964096,310000.0,151467.39,149824.05,149824.06,18.954678,10.343473,8.540183,8.540147
1.796399e+25,0.85227984,0.6857791,310000.0,151467.33,149824.06,149824.05,18.954678,10.343517,8.540184,8.540146
1.796399e+25,0.8461495,0.8023153,310000.0,151467.34,149824.06,149824.05,18.954678,10.343392,8.540182,8.540146
1.796399e+25,0.8544222,0.6782354,310000.0,151467.39,149824.08,149824.06,18.954678,10.3432045,8.540186,8.540146
1.796399e+25,0.85811573,0.6644964,310000.0,151467.4,149824.05,149824.06,18.954678,10.343369,8.540185,8.540146
1.796399e+25,0.8622513,0.7575468,310000.0,151467.34,149824.03,149824.06,18.954678,10.343096,8.540183,8.540147
1.796399e+25,0.8485743,0.75439864,310000.0,151467.4,149824.05,149824.05,18.954678,10.343616,8.540183,8.540146
1.796399e+25,0.8534665,0.69668484,310000.0,151467.4,149824.05,149824.05,18.954678,10.343308,8.540183,8.540146
1.796399e+25,0.85462976,0.77103853,310000.0,151467.4,149824.05,149824.06,18.954678,10.343522,8.540182,8.540146
1.796399e+25,0.8502785,0.6552712,310000.0,151467.39,149824.05,149824.05,18.954678,10.343863,8.540184,8.540146
1.796399e+25,0.837748,0.8145001,310000.0,151467.39,149824.05,149824.05,18.954678,10.343842,8.540181,8.540147
1.796399e+25,0.85947204,0.8184841,310000.0,151467.36,149824.05,149824.06,18.954678,10.343201,8.540182,8.540147
1.796399e+25,0.85335374,0.80793065,310000.0,151467.34,149824.06,149824.05,18.954678,10.343306,8.540181,8.540146
1.796399e+25,0.85061723,0.9146826,310000.0,151467.34,149824.08,149824.06,18.954678,10.342938,8.540178,8.540146
1.796399e+25,0.8592372,0.88583845,310000.0,151467.38,149824.06,149824.06,18.954678,10.343728,8.540178,8.540146
1.796399e+25,0.8729895,0.8628486,310000.0,151467.4,149824.05,149824.05,18.954678,10.343214,8.54018,8.540146
1.796399e+25,0.86227506,0.6573088,310000.0,151467.39,149824.05,149824.05,18.954678,10.343476,8.540184,8.540147
1.796399e+25,0.8553854,0.82724166,310000.0,151467.31,149824.03,149824.06,18.954678,10.343003,8.540181,8.540146
1.796399e+25,0.8555967,0.65425277,310000.0,151467.4,149824.05,149824.06,18.954678,10.343522,8.540185,8.540147
1.796399e+25,0.866884,0.65774137,310000.0,151467.39,149824.02,149824.06,18.954678,10.343428,8.540184,8.540147
1.796399e+25,0.8642976,0.867606,310000.0,151467.39,149824.06,149824.05,18.954678,10.343337,8.54018,8.540147
1.796399e+25,0.8472996,0.66513366,310000.0,151467.4,149824.03,149824.05,18.954678,10.343533,8.540184,8.540146
1.796399e+25,0.86829835,0.7787045,310000.0,151467.36,149824.06,149824.06,18.954678,10.343162,8.540182,8.540147
1.796399e+25,0.86033463,0.65915287,310000.0,151467.38,149824.05,149824.05,18.954678,10.34356,8.540185,8.540146
1.796399e+25,0.8437608,0.6684532,310000.0,151467.4,149824.03,149824.05,18.954678,10.343537,8.540185,8.540146
1.796399e+25,0.8606641,0.7979343,310000.0,151467.36,149824.06,149824.05,18.954678,10.343523,8.540182,8.540147
1.796399e+25,0.86195844,0.7409932,310000.0,151467.39,149824.03,149824.05,18.954678,10.343287,8.540182,8.540147
1.796399e+25,0.8645818,0.6609533,310000.0,151467.38,149824.03,149824.05,18.954678,10.34354,8.540184,8.540146
1.796399e+25,0.8521427,0.9038684,310000.0,151467.44,149824.05,149824.05,18.954678,10.34328,8.540177,8.540146
1.796399e+25,0.8502038,0.65666634,310000.0,151467.36,149824.05,149824.05,18.954678,10.34378,8.540184,8.540147
1.796399e+25,0.85702133,0.8866551,310000.0,151467.39,149824.05,149824.08,18.954678,10.343769,8.540179,8.540146
1.796399e+25,0.84886384,0.7711651,310000.0,151467.4,149824.06,149824.05,18.954678,10.343396,8.540183,8.540147
1.796399e+25,0.84626853,0.6553438,310000.0,151467.34,149824.06,149824.05,18.954678,10.343226,8.540185,8.540145
1.796399e+25,0.85233074,0.8430691,310000.0,151467.38,149824.03,149824.03,18.954678,10.343282,8.54018,8.540146
1.796399e+25,0.8591747,0.6520284,310000.0,151467.36,149824.05,149824.05,18.954678,10.343473,8.540185,8.540146
1.796399e+25,0.8493493,0.79593426,310000.0,151467.39,149824.02,149824.08,18.954678,10.343543,8.540182,8.540146
1.796399e+25,0.8709831,0.7064299,310000.0,151467.34,149824.05,149824.05,18.954678,10.343148,8.540184,8.540147
1.796399e+25,0.8743341,0.6567121,310000.0,151467.38,149824.06,149824.03,18.954678,10.343188,8.540186,8.540146
1.796399e+25,0.8545652,0.67307895,310000.0,151467.39,149824.03,149824.05,18.954678,10.34344,8.540185,8.540146
1.796399e+25,0.85880274,0.6687063,310000.0,151467.44,149824.05,149824.05,18.954678,10.343762,8.540184,8.540146
1.796399e+25,0.8582375,0.8036356,310000.0,151467.44,149824.06,149824.06,18.954678,10.343581,8.540182,8.540146
1.796399e+25,0.85951406,0.78599095,310000.0,151467.38,149824.06,149824.03,18.954678,10.343074,8.540182,8.540147
1.796399e+25,0.84933335,0.7012958,310000.0,151467.39,149824.03,149824.06,18.954678,10.343395,8.540183,8.540146
1.796399e+25,0.86027336,0.6921153,310000.0,151467.39,149824.05,149824.05,18.954678,10.343187,8.540186,8.540147
1.796399e+25,0.8704968,0.67682403,310000.0,151467.38,149824.05,149824.05,18.954678,10.34365,8.540184,8.540146
1.796399e+25,0.86607975,0.6950963,310000.0,151467.42,149824.03,149824.06,18.954678,10.343537,8.540183,8.540146
1.796399e+25,0.87723005,0.6618641,310000.0,151467.38,149824.05,149824.06,18.954678,10.343498,8.540185,8.540146
1.796399e+25,0.8566312,0.65225756,310000.0,151467.38,149824.06,149824.06,18.954678,10.343564,8.540184,8.540147
1.796399e+25,0.86197406,0.6687013,310000.0,151467.4,149824.06,149824.06,18.954678,10.343256,8.540186,8.540146
1.796399e+25,0.86689204,0.6523266,310000.0,151467.4,149824.05,149824.05,18.954678,10.34359,8.540184,8.540147
1.796399e+25,0.8640405,0.65179336,310000.0,151467.4,149824.06,149824.06,18.954678,10.343832,8.540184,8.540146
1.796399e+25,0.86223847,0.6531256,310000.0,151467.39,149824.05,149824.06,18.954678,10.343329,8.540185,8.540147
1.796399e+25,0.86238307,0.7736319,310000.0,151467.34,149824.05,149824.05,18.954678,10.343423,8.540182,8.540147
1.796399e+25,0.86396784,0.6536936,310000.0,151467.36,149824.05,149824.05,18.954678,10.343438,8.540185,8.540147
1.796399e+25,0.86738753,0.7116781,310000.0,151467.38,149824.05,149824.06,18.954678,10.343266,8.540183,8.540147
1.796399e+25,0.86514086,0.6850512,310000.0,151467.34,149824.03,149824.05,18.954678,10.343334,8.540186,8.540147
1.796399e+25,0.86844814,0.7855976,310000.0,151467.38,149824.03,149824.05,18.954678,10.343187,8.540182,8.540146
1.796399e+25,0.8475398,0.7007488,310000.0,151467.39,149824.05,149824.06,18.954678,10.343422,8.540184,8.540146
1.796399e+25,0.8622798,0.8543216,310000.0,151467.36,149824.06,149824.05,18.954678,10.343352,8.54018,8.540146
1.796399e+25,0.8726635,0.72605515,310000.0,151467.39,149824.05,149824.06,18.954678,10.343577,8.540184,8.540146
1.796399e+25,0.8608588,0.6626697,310000.0,151467.38,149824.03,149824.05,18.954678,10.343364,8.540184,8.540146
1.796399e+25,0.8643852,0.8634363,310000.0,151467.42,149824.05,149824.05,18.954678,10.343458,8.54018,8.540147
1.796399e+25,0.8600939,0.6612203,310000.0,151467.34,149824.05,149824.03,18.954678,10.343371,8.540186,8.540147
1.796399e+25,0.8629196,0.6584021,310000.0,151467.39,149824.03,149824.05,18.954678,10.343371,8.540183,8.540147
1.796399e+25,0.86577415,0.70811146,310000.0,151467.36,149824.05,149824.05,18.954678,10.343491,8.540183,8.540146
1.796399e+25,0.8514211,0.65699226,310000.0,151467.34,149824.06,149824.05,18.954678,10.343138,8.540184,8.540147
1.796399e+25,0.85953027,0.90627676,310000.0,151467.39,149824.05,149824.06,18.954678,10.34311,8.540177,8.540146
1.796399e+25,0.8645569,0.66021425,310000.0,151467.39,149824.06,149824.06,18.954678,10.343282,8.540185,8.540147
1.796399e+25,0.8518994,0.6687699,310000.0,151467.38,149824.05,149824.05,18.954678,10.343408,8.540184,8.540146
1.796399e+25,0.87177306,0.8071378,310000.0,151467.31,149824.05,149824.05,18.954678,10.343371,8.540182,8.540148
1.796399e+25,0.8589462,0.65436685,310000.0,151467.38,149824.03,149824.05,18.954678,10.34325,8.540185,8.540147
1.796399e+25,0.8570103,0.6518979,310000.0,151467.39,149824.06,149824.06,18.954678,10.343387,8.540184,8.540147
1.796399e+25,0.8479018,0.67491275,310000.0,151467.33,149824.06,149824.06,18.954678,10.343145,8.540186,8.540147
1.796399e+25,0.86999303,0.7008086,310000.0,151467.4,149824.05,149824.05,18.954678,10.343691,8.540184,8.540146
1.796399e+25,0.8502615,0.9270243,310000.0,151467.34,149824.05,149824.06,18.954678,10.343502,8.540175,8.540146
1.796399e+25,0.8579191,0.85610396,310000.0,151467.34,149824.03,149824.05,18.954678,10.343424,8.540181,8.540147
1.796399e+25,0.8632468,0.7384594,310000.0,151467.39,149824.03,149824.05,18.954678,10.343177,8.540183,8.540146
1.796399e+25,0.86593807,0.78927773,310000.0,151467.4,149824.05,149824.05,18.954678,10.343271,8.540182,8.540146
1.796399e+25,0.85327494,0.72450244,310000.0,151467.34,149824.05,149824.06,18.954678,10.343342,8.540184,8.540147
1.796399e+25,0.8617279,0.68021625,310000.0,151467.39,149824.06,149824.03,18.954678,10.343729,8.540185,8.540146
1.796399e+25,0.852016,0.6522482,310000.0,151467.4,149824.03,149824.05,18.954678,10.344038,8.540185,8.540146
1.796399e+25,0.8679246,0.66521317,310000.0,151467.38,149824.06,149824.06,18.954678,10.343066,8.540185,8.5401535
1.796399e+25,0.85176903,0.65157586,310000.0,151467.38,149824.05,149824.05,18.954678,10.343385,8.540184,8.540154
1.796399e+25,0.85459805,0.6616666,310000.0,151467.4,149824.03,149824.06,18.954678,10.343484,8.540185,8.540154
1.796399e+25,0.842827,0.65714633,310000.0,151467.39,149824.05,149824.06,18.954678,10.343592,8.540185,8.540154
1.796399e+25,0.8366586,0.88294643,310000.0,151467.38,149824.05,149824.05,18.954678,10.343459,8.540179,8.540154
1.796399e+25,0.8444163,0.6588947,310000.0,151467.36,149824.05,149824.08,18.954678,10.343298,8.540184,8.540154
1.796399e+25,0.8623024,0.66672206,310000.0,151467.39,149824.05,149824.06,18.954678,10.343227,8.540185,8.540154
1.796399e+25,0.8572694,0.656647,310000.0,151467.4,149824.06,149824.08,18.954678,10.343395,8.540184,8.540155
1.796399e+25,0.84805864,0.6828697,310000.0,151467.39,149824.03,149824.05,18.954678,10.343631,8.540184,8.5401535
1.796399e+25,0.85611016,0.81532353,310000.0,151467.39,149824.05,149824.05,18.954678,10.343324,8.54018,8.540154
1.796399e+25,0.86031365,0.6681801,310000.0,151467.38,149824.06,149824.05,18.954678,10.343679,8.540185,8.540154
1.796399e+25,0.86490554,0.6527486,310000.0,151467.44,149824.06,149824.05,18.954678,10.343642,8.540185,8.540155
1.796399e+25,0.85100967,0.65562344,310000.0,151467.4,149824.05,149824.05,18.954678,10.343752,8.540185,8.5401535
1.796399e+25,0.8662295,0.67254883,310000.0,151467.34,149824.05,149824.05,18.954678,10.343247,8.540184,8.540154
1.796399e+25,0.8489899,0.6741805,310000.0,151467.38,149824.05,149824.08,18.954678,10.343203,8.540185,8.540154
1.796399e+25,0.8548615,0.657613,310000.0,151467.4,149824.08,149824.05,18.954678,10.343245,8.540185,8.5401535
1.796399e+25,0.851726,0.6569438,310000.0,151467.38,149824.05,149824.02,18.954678,10.343327,8.540184,8.540154
1.796399e+25,0.8571666,0.6889653,310000.0,151467.31,149824.06,149824.06,18.954678,10.343156,8.540186,8.540154
1.796399e+25,0.8628891,0.8445467,310000.0,151467.4,149824.05,149824.06,18.954678,10.34356,8.54018,8.540154
1.796399e+25,0.84803206,0.6583393,310000.0,151467.38,149824.05,149824.05,18.954678,10.343201,8.540184,8.540154
1.796399e+25,0.88568604,0.6662279,310000.0,151467.42,149824.05,149824.05,18.954678,10.343516,8.540185,8.5401535
1.796399e+25,0.8533424,0.65375286,310000.0,151467.34,149824.05,149824.08,18.954678,10.343507,8.540184,8.540155
1.796399e+25,0.84777266,0.6563819,310000.0,151467.39,149824.05,149824.05,18.954678,10.343778,8.540185,8.540154
1.796399e+25,0.8619319,0.6708284,310000.0,151467.36,149824.05,149824.08,18.954678,10.343274,8.540186,8.540154
1.796399e+25,0.8614527,0.6705971,310000.0,151467.4,149824.03,149824.06,18.954678,10.343281,8.540185,8.540154
1.796399e+25,0.8610954,0.6643926,310000.0,151467.39,149824.06,149824.06,18.954678,10.343493,8.540184,8.5401535
1.796399e+25,0.8620253,0.6691525,310000.0,151467.36,149824.05,149824.05,18.954678,10.343408,8.540185,8.540154
1.796399e+25,0.8676615,0.81460905,310000.0,151467.39,149824.05,149824.05,18.954678,10.343653,8.540181,8.540155
1.796399e+25,0.84637785,0.8541223,310000.0,151467.42,149824.02,149824.06,18.954678,10.343509,8.54018,8.540154
1.796399e+25,0.87856495,0.6666845,310000.0,151467.36,149824.05,149824.06,18.954678,10.343564,8.540185,8.540155
1.796399e+25,0.85588914,0.79942435,310000.0,151467.4,149824.05,149824.06,18.954678,10.343859,8.540181,8.540155
1.796399e+25,0.853176,0.6531258,310000.0,151467.4,149824.05,149824.06,18.954678,10.343849,8.540185,8.540154
1.796399e+25,0.8456017,0.8718201,310000.0,151467.4,149824.05,149824.06,18.954678,10.343547,8.540179,8.540154
1.796399e+25,0.85337293,0.6593655,310000.0,151467.36,149824.03,149824.06,18.954678,10.343336,8.540184,8.540155
1.796399e+25,0.8566768,0.67888,310000.0,151467.38,149824.05,149824.05,18.954678,10.343146,8.540186,8.540155
1.796399e+25,0.8476373,0.6634492,310000.0,151467.34,149824.06,149824.05,18.954678,10.343222,8.540184,8.540154
1.796399e+25,0.8464055,0.915264,310000.0,151467.44,149824.02,149824.05,18.954678,10.343974,8.540176,8.540154
1.796399e+25,0.8656266,0.69650006,310000.0,151467.4,149824.05,149824.05,18.954678,10.343684,8.540184,8.540154
1.796399e+25,0.8560583,0.77145004,310000.0,151467.44,149824.06,149824.06,18.954678,10.343539,8.540183,8.540154
1.796399e+25,0.8435666,0.6597665,310000.0,151467.36,149824.05,149824.06,18.954678,10.343116,8.540184,8.5401535
1.796399e+25,0.8570663,0.7920468,310000.0,151467.4,149824.06,149824.06,18.954678,10.343488,8.540181,8.540154
1.796399e+25,0.85973316,0.6632248,310000.0,151467.39,149824.06,149824.05,18.954678,10.343751,8.540184,8.540154
1.796399e+25,0.85590404,0.6531483,310000.0,151467.39,149824.05,149824.05,18.954678,10.343363,8.540185,8.540153
1.796399e+25,0.8692633,0.67150635,310000.0,151467.36,149824.08,149824.08,18.954678,10.343249,8.540184,8.540154
1.796399e+25,0.8544939,0.66612273,310000.0,151467.36,149824.05,149824.05,18.954678,10.343407,8.540184,8.540154
1.796399e+25,0.86045235,0.7940243,310000.0,151467.44,149824.05,149824.05,18.954678,10.343485,8.540183,8.540154
1.796399e+25,0.8674454,0.6557219,310000.0,151467.42,149824.08,149824.08,18.954678,10.343381,8.540185,8.540155
1.796399e+25,0.8714454,0.8651545,310000.0,151467.36,149824.03,149824.05,18.954678,10.343365,8.54018,8.540154
1.796399e+25,0.8698844,0.65662634,310000.0,151467.39,149824.06,149824.06,18.954678,10.343619,8.540185,8.540154
1.796399e+25,0.8470354,0.6727209,310000.0,151467.34,149824.05,149824.08,18.954678,10.343135,8.540184,8.540154
1.796399e+25,0.8600767,0.66005176,310000.0,151467.38,149824.05,149824.02,18.954678,10.343083,8.540185,8.540154
1.796399e+25,0.85645366,0.6553543,310000.0,151467.34,149824.06,149824.03,18.954678,10.343401,8.540184,8.540154
1.796399e+25,0.85699266,0.65803176,310000.0,151467.39,149824.06,149824.05,18.954678,10.343326,8.540185,8.540154
1.796399e+25,0.86639446,0.90892226,310000.0,151467.39,149824.03,149824.06,18.954678,10.343758,8.540177,8.540154
1.796399e+25,0.85840285,0.66792226,310000.0,151467.38,149824.06,149824.05,18.954678,10.343201,8.540186,8.540154
1.796399e+25,0.8721118,0.6576915,310000.0,151467.38,149824.08,149824.06,18.954678,10.343372,8.540186,8.540154
1.796399e+25,0.87021744,0.6853438,310000.0,151467.38,149824.05,149824.06,18.954678,10.343374,8.540184,8.540155
1.796399e+25,0.85573596,0.886903,310000.0,151467.42,149824.06,149824.05,18.954678,10.343375,8.540179,8.540154
1.796399e+25,0.85158783,0.822832,310000.0,151467.42,149824.03,149824.03,18.954678,10.343419,8.540181,8.540154
1.796399e+25,0.85408914,0.7206845,310000.0,151467.38,149824.05,149824.08,18.954678,10.343288,8.540184,8.540155
1.796399e+25,0.8601888,0.6684906,310000.0,151467.34,149824.08,149824.06,18.954678,10.343114,8.540186,8.540154
1.796399e+25,0.8579232,0.7992465,310000.0,151467.4,149824.03,149824.06,18.954678,10.343504,8.540181,8.540154
1.796399e+25,0.85451883,0.88659704,310000.0,151467.39,149824.02,149824.05,18.954678,10.343536,8.540179,8.5401535
1.796399e+25,0.86624306,0.6563757,310000.0,151467.36,149824.06,149824.06,18.954678,10.343473,8.540184,8.540154
1.796399e+25,0.8471226,0.72798985,310000.0,151467.42,149824.03,149824.05,18.954678,10.343237,8.540184,8.540154
1.796399e+25,0.8629218,0.71169585,310000.0,151467.4,149824.05,149824.06,18.954678,10.3434,8.540182,8.540154
1.796399e+25,0.8756945,0.6607616,310000.0,151467.38,149824.05,149824.06,18.954678,10.343254,8.540185,8.540155
1.796399e+25,0.87572443,0.6785375,310000.0,151467.38,149824.05,149824.06,18.954678,10.343448,8.540185,8.540154
1.796399e+25,0.86437714,0.69505745,310000.0,151467.44,149824.05,149824.08,18.954678,10.343499,8.540186,8.5401535
1.796399e+25,0.84840006,0.8559331,310000.0,151467.34,149824.03,149824.05,18.954678,10.343339,8.540181,8.540154
1.796399e+25,0.8528004,0.8751619,310000.0,151467.33,149824.06,149824.08,18.954678,10.343345,8.540179,8.540155
1.796399e+25,0.85569036,0.80900776,310000.0,151467.39,149824.05,149824.06,18.954678,10.343433,8.540182,8.540154
1.796399e+25,0.8861859,0.6632248,310000.0,151467.33,149824.05,149824.08,18.954678,10.34308,8.540186,8.540154
1.796399e+25,0.8825486,0.6564951,310000.0,151467.4,149824.06,149824.03,18.954678,10.343566,8.540185,8.540153
1.796399e+25,0.86932784,0.6595019,310000.0,151467.36,149824.08,149824.06,18.954678,10.343112,8.540185,8.540154
1.796399e+25,0.8592937,0.79439086,310000.0,151467.3,149824.06,149824.06,18.954678,10.343034,8.540181,8.540155
1.796399e+25,0.8561347,0.8262618,310000.0,151467.36,149824.05,149824.08,18.954678,10.343183,8.540182,8.540154
1.796399e+25,0.8699644,0.66965824,310000.0,151467.36,149824.06,149824.05,18.954678,10.343134,8.540186,8.5401535
1.796399e+25,0.86198515,0.8924617,310000.0,151467.42,149824.06,149824.06,18.954678,10.343619,8.540179,8.540154
1.796399e+25,0.87077177,0.6632827,310000.0,151467.44,149824.05,149824.06,18.954678,10.343856,8.540185,8.540155
1.796399e+25,0.86239433,0.66751975,310000.0,151467.34,149824.05,149824.06,18.954678,10.343291,8.540185,8.540154
1.796399e+25,0.86631715,0.8094162,310000.0,151467.34,149824.03,149824.06,18.954678,10.343691,8.540181,8.540155
1.796399e+25,0.86861193,0.6574608,310000.0,151467.4,149824.05,149824.06,18.954678,10.343936,8.540184,8.540155
1.796399e+25,0.85582286,0.8191617,310000.0,151467.4,149824.06,149824.05,18.954678,10.3435955,8.540181,8.5401535
1.796399e+25,0.86405236,0.84500694,310000.0,151467.39,149824.05,149824.06,18.954678,10.343465,8.540181,8.540155
1.796399e+25,0.8521969,0.87800914,310000.0,151467.38,149824.05,149824.06,18.954678,10.343215,8.540178,8.540154
1.796399e+25,0.86546,0.6739395,310000.0,151467.38,149824.05,149824.06,18.954678,10.343628,8.540185,8.5401535
1.796399e+25,0.8705486,0.79678,310000.0,151467.39,149824.05,149824.05,18.954678,10.343438,8.540181,8.540154
1.796399e+25,0.84444755,0.7626784,310000.0,151467.4,149824.03,149824.08,18.954678,10.343239,8.540183,8.540154
1.796399e+25,0.8433986,0.66535157,310000.0,151467.36,149824.06,149824.05,18.954678,10.343346,8.540186,8.540153
1.796399e+25,0.8574606,0.88701624,310000.0,151467.36,149824.06,149824.05,18.954678,10.343091,8.540178,8.540154
1.796399e+25,0.85128844,0.872358,310000.0,151467.38,149824.06,149824.03,18.954678,10.343413,8.540178,8.540154
1.796399e+25,0.86482775,0.6912077,310000.0,151467.39,149824.05,149824.06,18.954678,10.343317,8.540186,8.540154
1.796399e+25,0.8745044,0.6640828,310000.0,151467.38,149824.05,149824.06,18.954678,10.343239,8.540184,8.540154
1.796399e+25,0.8528255,0.74580514,310000.0,151467.44,149824.06,149824.05,18.954678,10.343356,8.540182,8.540154
1.796399e+25,0.86269027,0.65497005,310000.0,151467.4,149824.05,149824.08,18.954678,10.343334,8.540184,8.540155
1.796399e+25,0.854999,0.73352075,310000.0,151467.38,149824.05,149824.05,18.954678,10.343401,8.540183,8.540155
1.796399e+25,0.83633816,0.6593356,310000.0,151467.38,149824.05,149824.03,18.954678,10.3435135,8.540185,8.5401535
1.796399e+25,0.8581033,0.8883425,310000.0,151467.39,149824.05,149824.06,18.954678,10.34331,8.540179,8.540154
1.796399e+25,0.86146146,0.7831907,310000.0,151467.34,149824.06,149824.05,18.954678,10.34332,8.540181,8.5401535
1.796399e+25,0.8596979,0.91889465,310000.0,151467.42,149824.05,149824.06,18.954678,10.343575,8.540176,8.540151
1.796399e+25,0.85144746,0.8230307,310000.0,151467.39,149824.05,149824.08,18.954678,10.343507,8.540181,8.54015
1.796399e+25,0.85018176,0.8516744,310000.0,151467.4,149824.08,149824.06,18.954678,10.343316,8.540181,8.54015
1.796399e+25,0.8502633,0.73214805,310000.0,151467.4,149824.05,149824.03,18.954678,10.34348,8.540183,8.54015
1.796399e+25,0.86050373,0.84467316,310000.0,151467.36,149824.06,149824.06,18.954678,10.3436575,8.54018,8.540151
1.796399e+25,0.8615625,0.6607627,310000.0,151467.34,149824.05,149824.05,18.954678,10.343399,8.540184,8.54015
1.796399e+25,0.8367883,0.8721514,310000.0,151467.45,149824.05,149824.1,18.954678,10.343474,8.54018,8.540151
1.796399e+25,0.8470642,0.8407319,310000.0,151467.39,149824.03,149824.05,18.954678,10.343614,8.540181,8.540151
1.796399e+25,0.8624317,0.74658537,310000.0,151467.4,149824.03,149824.06,18.954678,10.343401,8.540183,8.540151
1.796399e+25,0.8609823,0.83573866,310000.0,151467.38,149824.05,149824.06,18.954678,10.343339,8.540181,8.54015
1.796399e+25,0.85087126,0.66152936,310000.0,151467.34,149824.05,149824.06,18.954678,10.343115,8.540184,8.540149
1.796399e+25,0.87052226,0.8011642,310000.0,151467.42,149824.03,149824.05,18.954678,10.343323,8.540182,8.54015
1.796399e+25,0.86501396,0.6682478,310000.0,151467.39,149824.05,149824.05,18.954678,10.343096,8.540185,8.540151
1.796399e+25,0.86290574,0.83683145,310000.0,151467.34,149824.03,149824.05,18.954678,10.343365,8.540181,8.54015
1.796399e+25,0.8633268,0.66972923,310000.0,151467.36,149824.06,149824.05,18.954678,10.343242,8.540185,8.540151
1.796399e+25,0.85272557,0.68579584,310000.0,151467.38,149824.05,149824.05,18.954678,10.343204,8.540183,8.54015
1.796399e+25,0.85533136,0.88114786,310000.0,151467.42,149824.05,149824.05,18.954678,10.343519,8.540178,8.54015
1.796399e+25,0.8692442,0.6728112,310000.0,151467.38,149824.03,149824.06,18.954678,10.343458,8.540184,8.54015
1.796399e+25,0.8556144,0.6753533,310000.0,151467.4,149824.05,149824.05,18.954678,10.343186,8.540184,8.54015
1.796399e+25,0.8723179,0.7147485,310000.0,151467.39,149824.05,149824.05,18.954678,10.343358,8.540184,8.540151
1.796399e+25,0.86328435,0.6978202,310000.0,151467.44,149824.05,149824.06,18.954678,10.343465,8.540187,8.540151
1.796399e+25,0.8541421,0.7880949,310000.0,151467.39,149824.03,149824.03,18.954678,10.343552,8.540181,8.54015
1.796399e+25,0.86168826,0.7889203,310000.0,151467.39,149824.03,149824.05,18.954678,10.343777,8.540183,8.54015
1.796399e+25,0.8723846,0.66369146,310000.0,151467.4,149824.06,149824.05,18.954678,10.3436,8.540184,8.54015
1.796399e+25,0.860142,0.8459838,310000.0,151467.36,149824.05,149824.06,18.954678,10.343662,8.540181,8.540151
1.796399e+25,0.86389256,0.6941952,310000.0,151467.38,149824.06,149824.05,18.954678,10.343433,8.540184,8.54015
1.796399e+25,0.86260724,0.85726535,310000.0,151467.47,149824.05,149824.05,18.954678,10.343597,8.54018,8.54015
1.796399e+25,0.86276615,0.8119138,310000.0,151467.4,149824.05,149824.08,18.954678,10.343299,8.540181,8.540151
1.796399e+25,0.8723259,0.66549265,310000.0,151467.42,149824.05,149824.06,18.954678,10.3434105,8.540184,8.540151
1.796399e+25,0.8648913,0.688842,310000.0,151467.42,149824.05,149824.06,18.954678,10.344174,8.540184,8.540149
1.796399e+25,0.8591362,0.7684989,310000.0,151467.39,149824.05,149824.06,18.954678,10.343414,8.540182,8.54015
1.796399e+25,0.8726888,0.6634393,310000.0,151467.42,149824.05,149824.06,18.954678,10.343654,8.540184,8.540151
1.796399e+25,0.86241513,0.76282644,310000.0,151467.34,149824.05,149824.05,18.954678,10.343513,8.540182,8.540151
1.796399e+25,0.8540258,0.7566819,310000.0,151467.4,149824.06,149824.06,18.954678,10.343697,8.540183,8.540151
1.796399e+25,0.8753955,0.6852675,310000.0,151467.34,149824.06,149824.06,18.954678,10.343339,8.540184,8.540151
1.796399e+25,0.8545068,0.8436118,310000.0,151467.4,149824.06,149824.06,18.954678,10.34361,8.540181,8.54015
1.796399e+25,0.88742095,0.745548,310000.0,151467.38,149824.06,149824.06,18.954678,10.343573,8.540183,8.540151
1.796399e+25,0.8579563,0.6799894,310000.0,151467.34,149824.05,149824.05,18.954678,10.343461,8.540186,8.54015
1.796399e+25,0.8696508,0.6723253,310000.0,151467.38,149824.05,149824.05,18.954678,10.343441,8.540186,8.54015
1.796399e+25,0.8686779,0.685563,310000.0,151467.36,149824.05,149824.05,18.954678,10.34336,8.540185,8.540151
1.796399e+25,0.889081,0.6829372,310000.0,151467.39,149824.05,149824.06,18.954678,10.3434515,8.540185,8.54015
1.796399e+25,0.8722021,0.6827098,310000.0,151467.39,149824.05,149824.06,18.954678,10.343511,8.540186,8.540151
1.796399e+25,0.8691862,0.67475694,310000.0,151467.38,149824.05,149824.06,18.954678,10.343567,8.540184,8.540151
1.796399e+25,0.86953676,0.6644299,310000.0,151467.33,149824.06,149824.05,18.954678,10.343056,8.540186,8.54015
1.796399e+25,0.8692108,0.6646087,310000.0,151467.38,149824.05,149824.05,18.954678,10.34345,8.540185,8.540149
1.796399e+25,0.8597296,0.6922809,310000.0,151467.36,149824.05,149824.05,18.954678,10.34315,8.540183,8.540151
1.796399e+25,0.86519194,0.66621464,310000.0,151467.34,149824.05,149824.06,18.954678,10.343349,8.540185,8.540151
1.796399e+25,0.84721196,0.7287959,310000.0,151467.33,149824.06,149824.06,18.954678,10.343495,8.540184,8.54015
1.796399e+25,0.86859953,0.69155073,310000.0,151467.39,149824.05,149824.06,18.954678,10.343494,8.540184,8.540151
1.796399e+25,0.8563395,0.6675055,310000.0,151467.38,149824.06,149824.05,18.954678,10.343315,8.540185,8.540151
1.796399e+25,0.87247443,0.82342327,310000.0,151467.34,149824.03,149824.06,18.954678,10.343548,8.540181,8.540151
1.796399e+25,0.86061144,0.824147,310000.0,151467.42,149824.03,149824.06,18.954678,10.34346,8.540181,8.540151
1.796399e+25,0.8611119,0.772507,310000.0,151467.38,149824.06,149824.06,18.954678,10.343624,8.540182,8.54015
1.796399e+25,0.8841555,0.67586577,310000.0,151467.38,149824.06,149824.05,18.954678,10.343865,8.540186,8.54015
1.796399e+25,0.8677936,0.6783968,310000.0,151467.39,149824.05,149824.05,18.954678,10.343092,8.540186,8.540151
1.796399e+25,0.87055176,0.66338646,310000.0,151467.4,149824.05,149824.05,18.954678,10.343573,8.540183,8.54015
1.796399e+25,0.861891,0.7252688,310000.0,151467.38,149824.03,149824.06,18.954678,10.343523,8.540183,8.540151
1.796399e+25,0.85604465,0.66183746,310000.0,151467.4,149824.05,149824.05,18.954678,10.343381,8.540185,8.54015
1.796399e+25,0.86283565,0.6997675,310000.0,151467.39,149824.05,149824.05,18.954678,10.343477,8.540186,8.540151
1.796399e+25,0.8933756,0.66470975,310000.0,151467.38,149824.06,149824.08,18.954678,10.343202,8.540185,8.54015
1.796399e+25,0.880182,0.6687825,310000.0,151467.39,149824.05,149824.06,18.954678,10.343294,8.540185,8.54015
1.796399e+25,0.871121,0.6676914,310000.0,151467.44,149824.06,149824.03,18.954678,10.3437,8.540184,8.540151
1.796399e+25,0.870688,0.86542153,310000.0,151467.4,149824.06,149824.05,18.954678,10.343508,8.54018,8.54015
1.796399e+25,0.8595823,0.8860764,310000.0,151467.39,149824.05,149824.05,18.954678,10.343389,8.540179,8.540151
1.796399e+25,0.8795362,0.672997,310000.0,151467.34,149824.05,149824.08,18.954678,10.34317,8.540184,8.540151
1.796399e+25,0.86791414,0.66676044,310000.0,151467.38,149824.06,149824.06,18.954678,10.343305,8.540184,8.540151
1.796399e+25,0.8819231,0.6598314,310000.0,151467.34,149824.05,149824.05,18.954678,10.34314,8.540183,8.54015
1.796399e+25,0.8615269,0.673293,310000.0,151467.38,149824.03,149824.06,18.954678,10.343735,8.540184,8.54015
1.796399e+25,0.8744376,0.83365005,310000.0,151467.4,149824.03,149824.05,18.954678,10.343522,8.540181,8.54015
1.796399e+25,0.8684176,0.84209764,310000.0,151467.42,149824.06,149824.06,18.954678,10.343792,8.540181,8.54015
1.796399e+25,0.8719658,0.6605096,310000.0,151467.34,149824.05,149824.06,18.954678,10.343504,8.540184,8.54015
1.796399e+25,0.8588225,0.66175956,310000.0,151467.34,149824.06,149824.05,18.954678,10.343417,8.540185,8.54015
1.796399e+25,0.8788575,0.67066073,310000.0,151467.42,149824.06,149824.06,18.954678,10.34335,8.540185,8.540151
1.796399e+25,0.8581035,0.8762359,310000.0,151467.36,149824.06,149824.05,18.954678,10.343499,8.54018,8.540151
1.796399e+25,0.87063664,0.7987552,310000.0,151467.39,149824.05,149824.06,18.954678,10.343375,8.540183,8.54015
1.796399e+25,0.8578781,0.7681532,310000.0,151467.39,149824.05,149824.05,18.954678,10.34323,8.540183,8.540151
1.796399e+25,0.8520672,0.67156863,310000.0,151467.4,149824.05,149824.03,18.954678,10.343411,8.540184,8.54015
1.796399e+25,0.85588783,0.6761583,310000.0,151467.38,149824.06,149824.05,18.954678,10.343129,8.540185,8.540151
1.796399e+25,0.87551963,0.79490656,310000.0,151467.38,149824.05,149824.03,18.954678,10.343341,8.540182,8.54015
1.796399e+25,0.8604785,0.87134135,310000.0,151467.45,149824.05,149824.06,18.954678,10.343377,8.54018,8.540151
1.796399e+25,0.85465544,0.710908,310000.0,151467.4,149824.05,149824.06,18.954678,10.343567,8.540184,8.540151
1.796399e+25,0.86970264,0.81658685,310000.0,151467.4,149824.03,149824.06,18.954678,10.343396,8.540182,8.54015
1.796399e+25,0.85358256,0.6622076,310000.0,151467.44,149824.05,149824.05,18.954678,10.343705,8.540185,8.540151
1.796399e+25,0.86862403,0.77524984,310000.0,151467.31,149824.03,149824.08,18.954678,10.343425,8.540184,8.54015
1.796399e+25,0.853536,0.66521114,310000.0,151467.42,149824.05,149824.05,18.954678,10.343627,8.540185,8.54015
1.796399e+25,0.8739129,0.70648545,310000.0,151467.36,149824.05,149824.03,18.954678,10.343375,8.540186,8.54015
1.796399e+25,0.8541964,0.67770904,310000.0,151467.34,149824.06,149824.06,18.954678,10.343258,8.540186,8.540151
1.796399e+25,0.86021316,0.81244886,310000.0,151467.38,149824.05,149824.06,18.954678,10.343802,8.540181,8.540151
1.796399e+25,0.8584248,0.8078447,310000.0,151467.36,149824.05,149824.05,18.954678,10.343301,8.540183,8.54015
1.796399e+25,0.8467306,0.7022997,310000.0,151467.33,149824.05,149824.05,18.954678,10.343114,8.540184,8.540149
1.796399e+25,0.8556814,0.7271416,310000.0,151467.44,149824.06,149824.03,18.954678,10.34371,8.540183,8.540153
1.796399e+25,0.85084116,0.89329785,310000.0,151467.34,149824.03,149824.03,18.954678,10.343296,8.540178,8.5401535
1.796399e+25,0.85714084,0.88319445,310000.0,151467.39,149824.06,149824.06,18.954678,10.343534,8.540179,8.5401535
1.796399e+25,0.8769389,0.7750663,310000.0,151467.34,149824.03,149824.06,18.954678,10.343452,8.540182,8.5401535
1.796399e+25,0.8682272,0.66900265,310000.0,151467.4,149824.05,149824.05,18.954678,10.343515,8.540185,8.540153
1.796399e+25,0.86668646,0.7276068,310000.0,151467.39,149824.05,149824.06,18.954678,10.343071,8.540182,8.5401535
1.796399e+25,0.8696468,0.6628545,310000.0,151467.42,149824.05,149824.03,18.954678,10.343652,8.540185,8.5401535
1.796399e+25,0.86299753,0.68857074,310000.0,151467.39,149824.05,149824.05,18.954678,10.3432045,8.540184,8.5401535
1.796399e+25,0.85973287,0.9157807,310000.0,151467.36,149824.06,149824.06,18.954678,10.343358,8.540177,8.5401535
1.796399e+25,0.86928093,0.6623958,310000.0,151467.38,149824.08,149824.05,18.954678,10.3432455,8.540185,8.540153
1.796399e+25,0.86356926,0.69236445,310000.0,151467.34,149824.05,149824.03,18.954678,10.343085,8.540184,8.5401535
1.796399e+25,0.8611832,0.7821993,310000.0,151467.39,149824.08,149824.06,18.954678,10.34366,8.540183,8.5401535
1.796399e+25,0.8710156,0.66199654,310000.0,151467.38,149824.05,149824.05,18.954678,10.343457,8.540185,8.5401535
1.796399e+25,0.8575114,0.7402335,310000.0,151467.38,149824.06,149824.05,18.954678,10.343126,8.540183,8.5401535
1.796399e+25,0.85312295,0.7142474,310000.0,151467.3,149824.06,149824.05,18.954678,10.343294,8.540183,8.5401535
1.796399e+25,0.8739325,0.72397345,310000.0,151467.36,149824.06,149824.06,18.954678,10.343439,8.540183,8.5401535
1.796399e+25,0.8674983,0.6999067,310000.0,151467.38,149824.03,149824.05,18.954678,10.343607,8.540184,8.540153
1.796399e+25,0.8696172,0.6994442,310000.0,151467.38,149824.05,149824.06,18.954678,10.343245,8.540186,8.540154
1.796399e+25,0.8551853,0.8647836,310000.0,151467.38,149824.05,149824.05,18.954678,10.343489,8.540181,8.5401535
1.796399e+25,0.8667977,0.6617825,310000.0,151467.42,149824.06,149824.05,18.954678,10.343483,8.540185,8.5401535
1.796399e+25,0.8533513,0.6941608,310000.0,151467.42,149824.06,149824.06,18.954678,10.343372,8.540184,8.540154
1.796399e+25,0.8567253,0.6714836,310000.0,151467.36,149824.08,149824.06,18.954678,10.343295,8.540185,8.5401535
1.796399e+25,0.8562148,0.7300917,310000.0,151467.34,149824.06,149824.05,18.954678,10.343167,8.540184,8.540153
1.796399e+25,0.8697277,0.7086615,310000.0,151467.39,149824.06,149824.05,18.954678,10.343504,8.540184,8.5401535
1.796399e+25,0.88843364,0.6640706,310000.0,151467.36,149824.06,149824.05,18.954678,10.343309,8.540186,8.5401535
1.796399e+25,0.8690027,0.69760996,310000.0,151467.36,149824.05,149824.05,18.954678,10.343011,8.540185,8.5401535
1.796399e+25,0.8663397,0.7568975,310000.0,151467.4,149824.06,149824.05,18.954678,10.3433,8.540183,8.540154
1.796399e+25,0.87651414,0.67893606,310000.0,151467.38,149824.03,149824.06,18.954678,10.343345,8.540185,8.5401535
1.796399e+25,0.86613905,0.8254603,310000.0,151467.34,149824.03,149824.08,18.954678,10.343222,8.540181,8.5401535
1.796399e+25,0.8769789,0.6719602,310000.0,151467.33,149824.05,149824.02,18.954678,10.343217,8.540184,8.5401535
1.796399e+25,0.85405636,0.76123744,310000.0,151467.45,149824.06,149824.05,18.954678,10.343635,8.540182,8.540153
1.796399e+25,0.8547393,0.8142224,310000.0,151467.4,149824.03,149824.06,18.954678,10.343471,8.540182,8.5401535
1.796399e+25,0.86373824,0.6617384,310000.0,151467.39,149824.05,149824.05,18.954678,10.343447,8.540185,8.5401535
1.796399e+25,0.86972505,0.6759745,310000.0,151467.39,149824.06,149824.05,18.954678,10.343631,8.540186,8.5401535
1.796399e+25,0.8666366,0.89782244,310000.0,151467.33,149824.05,149824.06,18.954678,10.343392,8.540178,8.5401535
1.796399e+25,0.8539336,0.8606196,310000.0,151467.4,149824.05,149824.06,18.954678,10.343439,8.540179,8.540152
1.796399e+25,0.84692377,0.6890544,310000.0,151467.36,149824.05,149824.06,18.954678,10.343439,8.540184,8.5401535
1.796399e+25,0.8723154,0.7481579,310000.0,151467.39,149824.03,149824.03,18.954678,10.343629,8.540183,8.5401535
1.796399e+25,0.8553436,0.8351141,310000.0,151467.38,149824.05,149824.06,18.954678,10.343663,8.540181,8.540154
1.796399e+25,0.8646672,0.7095401,310000.0,151467.39,149824.06,149824.03,18.954678,10.343426,8.540184,8.5401535
1.796399e+25,0.86616486,0.66742957,310000.0,151467.38,149824.05,149824.05,18.954678,10.343264,8.540185,8.5401535
1.796399e+25,0.88376737,0.6632455,310000.0,151467.36,149824.06,149824.05,18.954678,10.343283,8.540185,8.5401535
1.796399e+25,0.8628852,0.67537487,310000.0,151467.38,149824.05,149824.06,18.954678,10.3432255,8.540185,8.5401535
1.796399e+25,0.8707658,0.73059267,310000.0,151467.4,149824.06,149824.03,18.954678,10.343689,8.540184,8.5401535
1.796399e+25,0.87011796,0.665347,310000.0,151467.39,149824.06,149824.06,18.954678,10.34335,8.540186,8.5401535
1.796399e+25,0.85882413,0.66317165,310000.0,151467.34,149824.05,149824.05,18.954678,10.343414,8.540185,8.5401535
1.796399e+25,0.8779636,0.6637899,310000.0,151467.38,149824.06,149824.05,18.954678,10.343409,8.540185,8.5401535
1.796399e+25,0.86293185,0.6742385,310000.0,151467.4,149824.05,149824.05,18.954678,10.343382,8.540185,8.5401535
1.796399e+25,0.8677393,0.92401665,310000.0,151467.38,149824.05,149824.05,18.954678,10.343339,8.540175,8.5401535
1.796399e+25,0.8654768,0.66364485,310000.0,151467.39,149824.06,149824.05,18.954678,10.3436365,8.540184,8.5401535
1.796399e+25,0.8678544,0.70197225,310000.0,151467.38,149824.05,149824.08,18.954678,10.34354,8.540186,8.5401535
1.796399e+25,0.8791855,0.8152627,310000.0,151467.38,149824.05,149824.03,18.954678,10.343324,8.540182,8.540153
1.796399e+25,0.87359947,0.71201503,310000.0,151467.42,149824.05,149824.05,18.954678,10.343686,8.540185,8.5401535
1.796399e+25,0.88085115,0.6605514,310000.0,151467.39,149824.05,149824.03,18.954678,10.34342,8.540185,8.5401535
1.796399e+25,0.8757935,0.67177063,310000.0,151467.4,149824.03,149824.05,18.954678,10.343791,8.540184,8.5401535
1.796399e+25,0.86720324,0.6677176,310000.0,151467.4,149824.05,149824.05,18.954678,10.34338,8.540185,8.5401535
1.796399e+25,0.8716781,0.8077343,310000.0,151467.38,149824.03,149824.05,18.954678,10.343741,8.540181,8.540154
1.796399e+25,0.8690118,0.67519474,310000.0,151467.4,149824.06,149824.06,18.954678,10.343639,8.540185,8.540153
1.796399e+25,0.8739585,0.69471973,310000.0,151467.4,149824.05,149824.06,18.954678,10.343263,8.540187,8.5401535
1.796399e+25,0.8665439,0.8397308,310000.0,151467.36,149824.08,149824.06,18.954678,10.343943,8.540181,8.540154
1.796399e+25,0.86379117,0.8494599,310000.0,151467.42,149824.05,149824.06,18.954678,10.3432865,8.540181,8.5401535
1.796399e+25,0.85366255,0.6974602,310000.0,151467.44,149824.05,149824.05,18.954678,10.343628,8.540183,8.5401535
1.796399e+25,0.8540382,0.79568756,310000.0,151467.4,149824.03,149824.06,18.954678,10.343415,8.540182,8.540154
1.796399e+25,0.8679655,0.6838351,310000.0,151467.34,149824.05,149824.06,18.954678,10.34352,8.540184,8.540154
1.796399e+25,0.8577488,0.6877936,310000.0,151467.44,149824.03,149824.06,18.954678,10.343562,8.540185,8.540153
1.796399e+25,0.88138956,0.7005928,310000.0,151467.4,149824.06,149824.05,18.954678,10.343292,8.540183,8.5401535
1.796399e+25,0.8734178,0.6836794,310000.0,151467.39,149824.08,149824.05,18.954678,10.343458,8.540185,8.5401535
1.796399e+25,0.86829036,0.69096,310000.0,151467.36,149824.05,149824.03,18.954678,10.343435,8.540184,8.5401535
1.796399e+25,0.8738276,0.6603272,310000.0,151467.4,149824.05,149824.06,18.954678,10.343319,8.540185,8.5401535
1.796399e+25,0.8783263,0.67240906,310000.0,151467.4,149824.05,149824.05,18.954678,10.343779,8.540186,8.5401535
1.796399e+25,0.88348055,0.76023185,310000.0,151467.42,149824.06,149824.06,18.954678,10.343537,8.540183,8.540154
1.796399e+25,0.86235595,0.6992665,310000.0,151467.34,149824.05,149824.05,18.954678,10.34312,8.540186,8.5401535
1.796399e+25,0.8746145,0.72809976,310000.0,151467.44,149824.05,149824.05,18.954678,10.343169,8.540185,8.540154
1.796399e+25,0.8620166,0.69149995,310000.0,151467.36,149824.03,149824.05,18.954678,10.343352,8.540184,8.540154
1.796399e+25,0.8484482,0.6655058,310000.0,151467.33,149824.06,149824.06,18.954678,10.34353,8.540184,8.5401535
1.796399e+25,0.86785364,0.7409553,310000.0,151467.42,149824.05,149824.06,18.954678,10.34336,8.540183,8.5401535
1.796399e+25,0.8389525,0.8360078,310000.0,151467.34,149824.05,149824.06,18.954678,10.343225,8.540181,8.5401535
1.796399e+25,0.8771401,0.77763456,310000.0,151467.34,149824.05,149824.05,18.954678,10.343223,8.540183,8.5401535
1.796399e+25,0.85917497,0.7152017,310000.0,151467.39,149824.05,149824.05,18.954678,10.343587,8.540183,8.5401535
1.796399e+25,0.8719281,0.8286375,310000.0,151467.34,149824.05,149824.05,18.954678,10.343273,8.540181,8.5401535
1.796399e+25,0.8605794,0.7266389,310000.0,151467.42,149824.05,149824.05,18.954678,10.343701,8.540183,8.540153
1.796399e+25,0.87470293,0.67050654,310000.0,151467.42,149824.05,149824.03,18.954678,10.343767,8.540184,8.540153
1.796399e+25,0.8636141,0.69794893,310000.0,151467.39,149824.06,149824.06,18.954678,10.343763,8.540183,8.5401535
1.796399e+25,0.8588596,0.8301013,310000.0,151467.4,149824.06,149824.05,18.954678,10.343772,8.540181,8.5401535
1.796399e+25,0.8668861,0.7171154,310000.0,151467.36,149824.06,149824.05,18.954678,10.343696,8.540184,8.540154
1.796399e+25,0.87278676,0.7294062,310000.0,151467.45,149824.06,149824.05,18.954678,10.34386,8.540184,8.5401535
1.796399e+25,0.87308717,0.6708558,310000.0,151467.42,149824.06,149824.06,18.954678,10.343543,8.540184,8.540154
1.796399e+25,0.8805709,0.8340425,310000.0,151467.38,149824.05,149824.05,18.954678,10.343661,8.540179,8.5401535
1.796399e+25,0.8618644,0.8227521,310000.0,151467.42,149824.06,149824.03,18.954678,10.343638,8.540182,8.5401535
1.796399e+25,0.8738525,0.661446,310000.0,151467.4,149824.05,149824.05,18.954678,10.343382,8.540184,8.540154
1.796399e+25,0.88407725,0.9040201,310000.0,151467.36,149824.06,149824.05,18.954678,10.343617,8.540177,8.5401535
1.796399e+25,0.8681808,0.7339974,310000.0,151467.39,149824.05,149824.03,18.954678,10.34342,8.540183,8.540153
1.796399e+25,0.8660424,0.6706744,310000.0,151467.36,149824.05,149824.05,18.954678,10.343391,8.540185,8.5401535
1.796399e+25,0.8852834,0.6826092,310000.0,151467.36,149824.06,149824.05,18.954678,10.343358,8.540186,8.5401535
1.796399e+25,0.8712964,0.6766504,310000.0,151467.38,149824.06,149824.06,18.954678,10.3432255,8.540186,8.5401535
1.796399e+25,0.8724927,0.66497487,310000.0,151467.34,149824.05,149824.05,18.954678,10.343439,8.540185,8.5401535
1.796399e+25,0.8652374,0.664393,310000.0,151467.39,149824.05,149824.06,18.954678,10.343445,8.540185,8.5401535
1.796399e+25,0.8530771,0.6826484,310000.0,151467.38,149824.06,149824.03,18.954678,10.343172,8.540184,8.540153
1.796399e+25,0.8810113,0.6617582,310000.0,151467.39,149824.05,149824.05,18.954678,10.343254,8.540185,8.540153
1.796399e+25,0.88451385,0.69323546,310000.0,151467.36,149824.06,149824.06,18.954678,10.34345,8.540186,8.540153
1.796399e+25,0.8837587,0.66891086,310000.0,151467.4,149824.05,149824.06,18.954678,10.343563,8.540185,8.540153
1.796399e+25,0.88753617,0.67104536,310000.0,151467.38,149824.06,149824.05,18.954678,10.3435,8.540185,8.5401535
1.796399e+25,0.8694488,0.6621761,310000.0,151467.39,149824.06,149824.05,18.954678,10.343457,8.540184,8.5401535
1.796399e+25,0.87102365,0.6755847,310000.0,151467.39,149824.08,149824.03,18.954678,10.343372,8.540185,8.5401535
1.796399e+25,0.87611055,0.68291163,310000.0,151467.39,149824.06,149824.05,18.954678,10.3433,8.540186,8.5401535
1.796399e+25,0.87827253,0.6831291,310000.0,151467.45,149824.06,149824.05,18.954678,10.343939,8.540185,8.5401535
1.796399e+25,0.8812924,0.8275934,310000.0,151467.36,149824.05,149824.05,18.954678,10.343217,8.540181,8.5401535
1.796399e+25,0.8711526,0.66765934,310000.0,151467.44,149824.06,149824.05,18.954678,10.343695,8.540184,8.540154
1.796399e+25,0.8550073,0.7088648,310000.0,151467.38,149824.05,149824.03,18.954678,10.343582,8.540184,8.5401535
1.796399e+25,0.85107034,0.7727428,310000.0,151467.38,149824.06,149824.06,18.954678,10.34371,8.540182,8.5401535
1.796399e+25,0.85471696,0.6827122,310000.0,151467.42,149824.06,149824.05,18.954678,10.343379,8.540186,8.540154
1.796399e+25,0.8529821,0.6725602,310000.0,151467.4,149824.06,149824.06,18.954678,10.343383,8.540184,8.540154
1.796399e+25,0.870713,0.6646346,310000.0,151467.36,149824.05,149824.06,18.954678,10.343274,8.540185,8.540154
1.796399e+25,0.84099966,0.9204414,310000.0,151467.4,149824.05,149824.03,18.954678,10.343371,8.540176,8.5401535
1.796399e+25,0.85427994,0.6726418,310000.0,151467.36,149824.05,149824.03,18.954678,10.343506,8.540185,8.5401535
1.796399e+25,0.8550454,0.6626326,310000.0,151467.38,149824.05,149824.05,18.954678,10.343586,8.540184,8.5401535
1.796399e+25,0.8733231,0.67093766,310000.0,151467.34,149824.03,149824.03,18.954678,10.343237,8.540184,8.5401535
1.796399e+25,0.86115575,0.6634921,310000.0,151467.4,149824.03,149824.08,18.954678,10.343509,8.540185,8.540154
1.796399e+25,0.85942984,0.66082186,310000.0,151467.36,149824.05,149824.06,18.954678,10.342913,8.540185,8.5401535
1.796399e+25,0.8577274,0.9135645,310000.0,151467.38,149824.06,149824.08,18.954678,10.343386,8.540177,8.5401535
1.796399e+25,0.86340755,0.6666395,310000.0,151467.44,149824.05,149824.06,18.954678,10.343463,8.540184,8.5401535
1.796399e+25,0.87365896,0.6773069,310000.0,151467.39,149824.05,149824.06,18.954678,10.343386,8.540185,8.5401535
1.796399e+25,0.862867,0.6703758,310000.0,151467.38,149824.06,149824.08,18.954678,10.343714,8.540185,8.540152
1.796399e+25,0.86624235,0.8208038,310000.0,151467.38,149824.05,149824.05,18.954678,10.343584,8.540182,8.540152
1.796399e+25,0.8605972,0.8658239,310000.0,151467.44,149824.06,149824.06,18.954678,10.343629,8.540181,8.540153
1.796399e+25,0.886131,0.691477,310000.0,151467.38,149824.08,149824.08,18.954678,10.343185,8.540186,8.540152
1.796399e+25,0.8660723,0.68636966,310000.0,151467.36,149824.06,149824.05,18.954678,10.343229,8.540186,8.540153
1.796399e+25,0.85557675,0.8086119,310000.0,151467.4,149824.06,149824.06,18.954678,10.343478,8.540181,8.540153
1.796399e+25,0.852276,0.67820716,310000.0,151467.36,149824.06,149824.05,18.954678,10.343334,8.540184,8.540153
1.796399e+25,0.86081344,0.6938596,310000.0,151467.45,149824.05,149824.05,18.954678,10.34366,8.540186,8.540153
1.796399e+25,0.85049254,0.74101835,310000.0,151467.34,149824.03,149824.06,18.954678,10.343292,8.540183,8.540152
1.796399e+25,0.85548484,0.6979353,310000.0,151467.36,149824.06,149824.05,18.954678,10.343142,8.540183,8.540152
1.796399e+25,0.8671181,0.68415666,310000.0,151467.38,149824.06,149824.06,18.954678,10.343534,8.540185,8.540153
1.796399e+25,0.8657017,0.71762437,310000.0,151467.39,149824.05,149824.1,18.954678,10.343467,8.540183,8.540152
1.796399e+25,0.8711951,0.8828443,310000.0,151467.42,149824.05,149824.06,18.954678,10.343793,8.540179,8.540152
1.796399e+25,0.8574526,0.8161244,310000.0,151467.34,149824.03,149824.08,18.954678,10.343036,8.540182,8.540153
1.796399e+25,0.87128645,0.6833,310000.0,151467.39,149824.06,149824.06,18.954678,10.343181,8.540184,8.540153
1.796399e+25,0.8569518,0.8894774,310000.0,151467.38,149824.08,149824.06,18.954678,10.343177,8.540179,8.540153
1.796399e+25,0.8686085,0.91441625,310000.0,151467.36,149824.03,149824.06,18.954678,10.343087,8.540178,8.540151
1.796399e+25,0.88089645,0.6798585,310000.0,151467.34,149824.06,149824.05,18.954678,10.343055,8.540184,8.540152
1.796399e+25,0.8618927,0.83624107,310000.0,151467.36,149824.06,149824.05,18.954678,10.343181,8.540182,8.540153
1.796399e+25,0.8578486,0.6743312,310000.0,151467.39,149824.05,149824.05,18.954678,10.34374,8.540185,8.540152
1.796399e+25,0.86502,0.67245173,310000.0,151467.38,149824.05,149824.05,18.954678,10.343664,8.540184,8.540153
1.796399e+25,0.85873216,0.6752458,310000.0,151467.38,149824.05,149824.06,18.954678,10.343254,8.540185,8.540152
1.796399e+25,0.8725005,0.8941992,310000.0,151467.38,149824.05,149824.05,18.954678,10.343468,8.540179,8.540152
1.796399e+25,0.84629214,0.86374766,310000.0,151467.39,149824.08,149824.06,18.954678,10.343698,8.540179,8.540153
1.796399e+25,0.87480885,0.9313149,310000.0,151467.38,149824.05,149824.06,18.954678,10.343511,8.540175,8.540153
1.796399e+25,0.8762846,0.6830689,310000.0,151467.31,149824.06,149824.06,18.954678,10.343104,8.540185,8.540152
1.796399e+25,0.8598285,0.82472134,310000.0,151467.42,149824.05,149824.06,18.954678,10.343541,8.540181,8.540151
1.796399e+25,0.8705523,0.70303065,310000.0,151467.36,149824.05,149824.05,18.954678,10.343248,8.540184,8.540152
1.796399e+25,0.84157985,0.6755349,310000.0,151467.34,149824.05,149824.06,18.954678,10.343444,8.540185,8.540153
1.796399e+25,0.8428531,0.6822291,310000.0,151467.4,149824.05,149824.05,18.954678,10.343615,8.540185,8.540153
1.796399e+25,0.8672553,0.67818373,310000.0,151467.36,149824.05,149824.05,18.954678,10.343404,8.540184,8.540152
1.796399e+25,0.88906294,0.68064654,310000.0,151467.39,149824.05,149824.06,18.954678,10.3434925,8.540184,8.540152
1.796399e+25,0.8678552,0.8085569,310000.0,151467.4,149824.06,149824.05,18.954678,10.343312,8.540181,8.540152
1.796399e+25,0.856401,0.81891876,310000.0,151467.4,149824.05,149824.05,18.954678,10.343482,8.540182,8.540153
1.796399e+25,0.85301495,0.8001721,310000.0,151467.36,149824.05,149824.05,18.954678,10.343256,8.540182,8.540153
1.796399e+25,0.86096925,0.7894866,310000.0,151467.34,149824.06,149824.06,18.954678,10.343558,8.540181,8.540153
1.796399e+25,0.8739435,0.81514627,310000.0,151467.36,149824.03,149824.06,18.954678,10.343359,8.540182,8.540153
1.796399e+25,0.88352704,0.67554224,310000.0,151467.36,149824.05,149824.1,18.954678,10.343475,8.540184,8.540152
1.796399e+25,0.87041914,0.8873119,310000.0,151467.33,149824.03,149824.05,18.954678,10.343076,8.54018,8.540153
1.796399e+25,0.8724002,0.918902,310000.0,151467.38,149824.05,149824.06,18.954678,10.34386,8.540177,8.540152
1.796399e+25,0.85158974,0.7145394,310000.0,151467.34,149824.05,149824.06,18.954678,10.34349,8.540184,8.540152
1.796399e+25,0.85782593,0.77027434,310000.0,151467.39,149824.06,149824.08,18.954678,10.343939,8.540182,8.540152
1.796399e+25,0.86050063,0.8147088,310000.0,151467.39,149824.03,149824.06,18.954678,10.343486,8.540181,8.540152
1.796399e+25,0.8621809,0.7775837,310000.0,151467.44,149824.05,149824.06,18.954678,10.343889,8.540182,8.5401535
1.796399e+25,0.8740462,0.76953566,310000.0,151467.4,149824.02,149824.05,18.954678,10.343489,8.540183,8.540152
1.796399e+25,0.883062,0.7892465,310000.0,151467.4,149824.05,149824.05,18.954678,10.343453,8.540182,8.540152
1.796399e+25,0.85235167,0.70201325,310000.0,151467.4,149824.05,149824.05,18.954678,10.343549,8.540184,8.5401535
1.796399e+25,0.8611649,0.69554645,310000.0,151467.39,149824.06,149824.06,18.954678,10.343589,8.540185,8.540153
1.796399e+25,0.85127366,0.71019775,310000.0,151467.4,149824.03,149824.06,18.954678,10.343432,8.540183,8.540152
1.796399e+25,0.85154295,0.6988869,310000.0,151467.44,149824.05,149824.06,18.954678,10.34366,8.540184,8.540152
1.796399e+25,0.865097,0.7997223,310000.0,151467.38,149824.05,149824.05,18.954678,10.343258,8.540182,8.540152
1.796399e+25,0.8755545,0.70792687,310000.0,151467.38,149824.05,149824.05,18.954678,10.342978,8.540184,8.540153
1.796399e+25,0.869831,0.74203146,310000.0,151467.4,149824.06,149824.06,18.954678,10.343427,8.540183,8.540152
1.796399e+25,0.8567792,0.68172324,310000.0,151467.31,149824.05,149824.06,18.954678,10.343167,8.540185,8.540152
1.796399e+25,0.8713385,0.91671956,310000.0,151467.4,149824.03,149824.05,18.954678,10.343667,8.540177,8.540153
1.796399e+25,0.8796213,0.7910284,310000.0,151467.39,149824.06,149824.06,18.954678,10.343497,8.540183,8.540153
1.796399e+25,0.85901415,0.9140505,310000.0,151467.36,149824.06,149824.05,18.954678,10.343206,8.540178,8.540152
1.796399e+25,0.8607471,0.84747344,310000.0,151467.39,149824.05,149824.06,18.954678,10.343386,8.540182,8.540152
1.796399e+25,0.8457469,0.6700859,310000.0,151467.39,149824.06,149824.05,18.954678,10.343187,8.540184,8.540153
1.796399e+25,0.850268,0.6779575,310000.0,151467.33,149824.03,149824.05,18.954678,10.343072,8.540184,8.540153
1.796399e+25,0.8681374,0.84810597,310000.0,151467.36,149824.06,149824.06,18.954678,10.343348,8.540181,8.540153
1.796399e+25,0.8599585,0.9470342,310000.0,151467.44,149824.05,149824.06,18.954678,10.343904,8.5401745,8.540153
1.796399e+25,0.85558945,0.68459016,310000.0,151467.42,149824.05,149824.08,18.954678,10.343437,8.540185,8.540153
1.796399e+25,0.8485689,0.675292,310000.0,151467.33,149824.06,149824.06,18.954678,10.343348,8.540184,8.540152
1.796399e+25,0.8576461,0.9281865,310000.0,151467.36,149824.06,149824.05,18.954678,10.342955,8.540177,8.540152
1.796399e+25,0.8720547,0.77685136,310000.0,151467.38,149824.05,149824.06,18.954678,10.343171,8.540183,8.540152
1.796399e+25,0.8618187,0.6997492,310000.0,151467.4,149824.03,149824.05,18.954678,10.343627,8.540185,8.540153
1.796399e+25,0.8592323,0.6980761,310000.0,151467.36,149824.06,149824.05,18.954678,10.343341,8.540185,8.540152
1.796399e+25,0.85547674,0.88770616,310000.0,151467.39,149824.03,149824.05,18.954678,10.343276,8.54018,8.540152
1.796399e+25,0.85879356,0.68057567,310000.0,151467.39,149824.05,149824.06,18.954678,10.343579,8.540184,8.540152
1.796399e+25,0.8780046,0.6706965,310000.0,151467.39,149824.05,149824.06,18.954678,10.34332,8.540184,8.5401535
1.796399e+25,0.8628704,0.6839268,310000.0,151467.38,149824.06,149824.06,18.954678,10.343195,8.540185,8.540153
1.796399e+25,0.8631487,0.8769748,310000.0,151467.42,149824.08,149824.06,18.954678,10.343569,8.54018,8.540152
1.796399e+25,0.87372345,0.67110544,310000.0,151467.36,149824.05,149824.05,18.954678,10.343372,8.540184,8.540151
1.796399e+25,0.83924764,0.67293286,310000.0,151467.39,149824.05,149824.05,18.954678,10.3436775,8.540185,8.540153
1.796399e+25,0.8658041,0.6950296,310000.0,151467.4,149824.03,149824.05,18.954678,10.343591,8.540184,8.540152
1.796399e+25,0.8372384,0.7055289,310000.0,151467.38,149824.05,149824.03,18.954678,10.343449,8.540184,8.540153
1.796399e+25,0.8581812,0.8736019,310000.0,151467.34,149824.03,149824.06,18.954678,10.343079,8.54018,8.540152
1.796399e+25,0.867859,0.719336,310000.0,151467.38,149824.03,149824.06,18.954678,10.343466,8.540184,8.540153
1.796399e+25,0.8727268,0.7626592,310000.0,151467.4,149824.05,149824.05,18.954678,10.343447,8.540184,8.540152
1.796399e+25,0.85464585,0.88824236,310000.0,151467.38,149824.05,149824.05,18.954678,10.343558,8.540179,8.540152
1.796399e+25,0.8474256,0.8637207,310000.0,151467.39,149824.06,149824.06,18.954678,10.343485,8.540181,8.540153
1.796399e+25,0.8460276,0.6904368,310000.0,151467.39,149824.06,149824.05,18.954678,10.343336,8.540185,8.540152
1.796399e+25,0.8643625,0.81457675,310000.0,151467.36,149824.06,149824.06,18.954678,10.343178,8.540181,8.540153
1.796399e+25,0.867368,0.9157446,310000.0,151467.44,149824.05,149824.03,18.954678,10.343594,8.540178,8.540152
1.796399e+25,0.86172134,0.6767689,310000.0,151467.39,149824.06,149824.06,18.954678,10.34358,8.540186,8.540153
1.796399e+25,0.85240275,0.6747654,310000.0,151467.34,149824.08,149824.05,18.954678,10.343347,8.540184,8.540153
1.796399e+25,0.8521676,0.6724189,310000.0,151467.4,149824.05,149824.06,18.954678,10.34372,8.540184,8.540153
1.796399e+25,0.8660305,0.70314306,310000.0,151467.33,149824.05,149824.03,18.954678,10.343282,8.540185,8.540153
1.796399e+25,0.8555969,0.723898,310000.0,151467.42,149824.05,149824.05,18.954678,10.343711,8.540184,8.540153
1.796399e+25,0.8492168,0.86981595,310000.0,151467.38,149824.05,149824.05,18.954678,10.343419,8.54018,8.540152
1.796399e+25,0.8592569,0.675122,310000.0,151467.38,149824.05,149824.08,18.954678,10.343346,8.540185,8.540153
1.796399e+25,0.8521549,0.72086304,310000.0,151467.36,149824.06,149824.03,18.954678,10.343573,8.540184,8.540153
1.796399e+25,0.85431415,0.67704004,310000.0,151467.36,149824.06,149824.05,18.954678,10.343321,8.540184,8.540152
1.796399e+25,0.85613835,0.6998279,310000.0,151467.39,149824.03,149824.06,18.954678,10.343754,8.540185,8.540153
1.796399e+25,0.8500705,0.6893375,310000.0,151467.36,149824.03,149824.06,18.954678,10.343136,8.540184,8.5401535
1.796399e+25,0.8643109,0.6738092,310000.0,151467.34,149824.06,149824.05,18.954678,10.34321,8.540185,8.540153
1.796399e+25,0.8684626,0.92073464,310000.0,151467.42,149824.05,149824.06,18.954678,10.343455,8.540177,8.540153
1.796399e+25,0.8567879,0.94148713,310000.0,151467.44,149824.03,149824.06,18.954678,10.343772,8.540176,8.540153
1.796399e+25,0.8684671,0.67863846,310000.0,151467.31,149824.03,149824.05,18.954678,10.343139,8.540184,8.540153
1.796399e+25,0.8549352,0.7059349,310000.0,151467.4,149824.05,149824.05,18.954678,10.343557,8.540184,8.540152
1.796399e+25,0.8639021,0.68041056,310000.0,151467.34,149824.05,149824.08,18.954678,10.343131,8.540184,8.540152
1.796399e+25,0.87689334,0.6728539,310000.0,151467.34,149824.05,149824.05,18.954678,10.342992,8.540184,8.540152
1.796399e+25,0.85471636,0.831498,310000.0,151467.45,149824.05,149824.05,18.954678,10.344012,8.540181,8.540153
1.796399e+25,0.8623476,0.685785,310000.0,151467.39,149824.03,149824.06,18.954678,10.343399,8.540184,8.540153
1.796399e+25,0.86808753,0.70296293,310000.0,151467.34,149824.05,149824.05,18.954678,10.343581,8.540185,8.540152
1.796399e+25,0.8653514,0.68759924,310000.0,151467.39,149824.05,149824.06,18.954678,10.343708,8.540185,8.540153
1.796399e+25,0.8380406,0.72258073,310000.0,151467.4,149824.03,149824.05,18.954678,10.343746,8.540183,8.540153
1.796399e+25,0.8653032,0.89580536,310000.0,151467.36,149824.06,149824.05,18.954678,10.343187,8.540178,8.540152
1.796399e+25,0.83699864,0.7183322,310000.0,151467.42,149824.06,149824.05,18.954678,10.343412,8.540184,8.540152
1.796399e+25,0.87119925,0.6704822,310000.0,151467.33,149824.06,149824.06,18.954678,10.343244,8.540184,8.540153
1.796399e+25,0.85517025,0.6731155,310000.0,151467.36,149824.05,149824.06,18.954678,10.343293,8.540184,8.540153
1.796399e+25,0.84520805,0.66909635,310000.0,151467.38,149824.06,149824.06,18.954678,10.34399,8.540185,8.540153
1.796399e+25,0.85389477,0.6726644,310000.0,151467.36,149824.03,149824.05,18.954678,10.343477,8.540184,8.540153
1.796399e+25,0.87256485,0.7556568,310000.0,151467.34,149824.06,149824.05,18.954678,10.3433275,8.540183,8.540153
1.796399e+25,0.85517967,0.75616705,310000.0,151467.4,149824.05,149824.08,18.954678,10.343689,8.540183,8.540152
1.796399e+25,0.8745694,0.7041213,310000.0,151467.34,149824.06,149824.03,18.954678,10.343433,8.540186,8.540146
1.796399e+25,0.86233896,0.7951946,310000.0,151467.42,149824.05,149824.05,18.954678,10.34352,8.540183,8.540147
1.796399e+25,0.8621124,0.6693799,310000.0,151467.45,149824.06,149824.08,18.954678,10.343584,8.540185,8.540147
1.796399e+25,0.854713,0.7491054,310000.0,151467.39,149824.05,149824.03,18.954678,10.343424,8.540182,8.540146
1.796399e+25,0.85732085,0.73459405,310000.0,151467.42,149824.05,149824.08,18.954678,10.343943,8.540182,8.540147
1.796399e+25,0.8450689,0.6788314,310000.0,151467.34,149824.05,149824.03,18.954678,10.34323,8.540186,8.540146
1.796399e+25,0.87050664,0.6726705,310000.0,151467.39,149824.05,149824.05,18.954678,10.343572,8.540184,8.540146
1.796399e+25,0.844337,0.76891,310000.0,151467.34,149824.06,149824.05,18.954678,10.343078,8.540182,8.540146
1.796399e+25,0.85418403,0.8369055,310000.0,151467.34,149824.06,149824.05,18.954678,10.343525,8.540181,8.540146
1.796399e+25,0.8738563,0.67182654,310000.0,151467.33,149824.05,149824.05,18.954678,10.34299,8.540184,8.540146
1.796399e+25,0.85040516,0.77993244,310000.0,151467.38,149824.05,149824.05,18.954678,10.343054,8.540183,8.540147
1.796399e+25,0.84352225,0.66748095,310000.0,151467.38,149824.05,149824.06,18.954678,10.343461,8.540185,8.540146
1.796399e+25,0.85765696,0.67277396,310000.0,151467.36,149824.05,149824.05,18.954678,10.343375,8.540185,8.540147
1.796399e+25,0.86634797,0.81645054,310000.0,151467.4,149824.06,149824.06,18.954678,10.343599,8.540182,8.540146
1.796399e+25,0.8678629,0.75147355,310000.0,151467.39,149824.05,149824.05,18.954678,10.343792,8.540182,8.540146
1.796399e+25,0.8668481,0.82560724,310000.0,151467.34,149824.05,149824.05,18.954678,10.34358,8.540181,8.540147
1.796399e+25,0.86368674,0.67301226,310000.0,151467.4,149824.05,149824.05,18.954678,10.343393,8.540184,8.540147
1.796399e+25,0.91118103,0.6784059,310000.0,151467.36,149824.06,149824.05,18.954678,10.343427,8.540185,8.540146
1.796399e+25,0.8739286,0.665013,310000.0,151467.36,149824.05,149824.08,18.954678,10.343325,8.540184,8.540146
1.796399e+25,0.872509,0.66654205,310000.0,151467.44,149824.06,149824.05,18.954678,10.343656,8.540185,8.540147
1.796399e+25,0.8615828,0.7042201,310000.0,151467.39,149824.05,149824.05,18.954678,10.343285,8.540186,8.540147
1.796399e+25,0.886854,0.82074124,310000.0,151467.39,149824.03,149824.06,18.954678,10.343856,8.540182,8.540146
1.796399e+25,0.9252303,0.8105225,310000.0,151467.4,149824.05,149824.05,18.954678,10.343333,8.540182,8.540146
1.796399e+25,0.86364096,0.8917887,310000.0,151467.4,149824.06,149824.03,18.954678,10.3436165,8.540178,8.540147
1.796399e+25,0.8538398,0.849474,310000.0,151467.42,149824.06,149824.03,18.954678,10.343379,8.540181,8.540147
1.796399e+25,0.8633561,0.720168,310000.0,151467.36,149824.06,149824.08,18.954678,10.343336,8.540184,8.540147
1.796399e+25,0.8996804,0.83138496,310000.0,151467.39,149824.03,149824.05,18.954678,10.343297,8.540181,8.540147
1.796399e+25,0.9033633,0.71137244,310000.0,151467.39,149824.06,149824.06,18.954678,10.343355,8.540184,8.540147
1.796399e+25,0.9408007,0.6695804,310000.0,151467.38,149824.06,149824.03,18.954678,10.3435135,8.540185,8.540146
1.796399e+25,0.8753406,0.66574335,310000.0,151467.34,149824.05,149824.05,18.954678,10.343581,8.540185,8.540147
1.796399e+25,0.8579699,0.8135107,310000.0,151467.39,149824.05,149824.06,18.954678,10.343675,8.540181,8.540146
1.796399e+25,0.85846055,0.75371057,310000.0,151467.38,149824.05,149824.06,18.954678,10.34359,8.540182,8.540147
1.796399e+25,0.8674806,0.6643219,310000.0,151467.44,149824.03,149824.05,18.954678,10.343878,8.540185,8.540148
1.796399e+25,0.8553211,0.8248325,310000.0,151467.39,149824.05,149824.06,18.954678,10.343631,8.540181,8.540146
1.796399e+25,0.8754073,0.67001206,310000.0,151467.44,149824.06,149824.06,18.954678,10.343573,8.540185,8.540147
1.796399e+25,0.85591626,0.66651565,310000.0,151467.42,149824.06,149824.05,18.954678,10.343559,8.540184,8.540146
1.796399e+25,0.87046,0.9106139,310000.0,151467.34,149824.08,149824.06,18.954678,10.343396,8.540176,8.540147
1.796399e+25,0.860792,0.72113734,310000.0,151467.42,149824.03,149824.06,18.954678,10.343438,8.540184,8.540147
1.796399e+25,0.87343794,0.8711215,310000.0,151467.4,149824.06,149824.05,18.954678,10.343737,8.540179,8.540147
1.796399e+25,0.8713299,0.7030443,310000.0,151467.39,149824.06,149824.05,18.954678,10.343652,8.540185,8.540146
1.796399e+25,0.85781455,0.66754055,310000.0,151467.39,149824.05,149824.06,18.954678,10.343293,8.540185,8.540146
1.796399e+25,0.85950714,0.66933376,310000.0,151467.36,149824.05,149824.03,18.954678,10.3431835,8.540184,8.540146
1.796399e+25,0.85945743,0.7960488,310000.0,151467.33,149824.05,149824.06,18.954678,10.343269,8.540182,8.540146
1.796399e+25,0.86675584,0.6862626,310000.0,151467.33,149824.05,149824.06,18.954678,10.343212,8.540186,8.540147
1.796399e+25,0.8583067,0.6686821,310000.0,151467.38,149824.06,149824.06,18.954678,10.343224,8.540186,8.540147
1.796399e+25,0.8524014,0.68320274,310000.0,151467.38,149824.05,149824.05,18.954678,10.343554,8.540183,8.540146
1.796399e+25,0.8587724,0.8890832,310000.0,151467.38,149824.05,149824.05,18.954678,10.343396,8.540178,8.540146
1.796399e+25,0.8615798,0.6774589,310000.0,151467.31,149824.06,149824.06,18.954678,10.343493,8.540185,8.540147
1.796399e+25,0.86825687,0.8146221,310000.0,151467.4,149824.06,149824.06,18.954678,10.343465,8.540182,8.540147
1.796399e+25,0.8664968,0.7257511,310000.0,151467.4,149824.05,149824.05,18.954678,10.34337,8.540183,8.540146
1.796399e+25,0.86078656,0.75453115,310000.0,151467.4,149824.05,149824.05,18.954678,10.343797,8.540183,8.540147
1.796399e+25,0.85637,0.8653997,310000.0,151467.38,149824.05,149824.05,18.954678,10.343321,8.54018,8.540146
1.796399e+25,0.8615835,0.66491896,310000.0,151467.34,149824.05,149824.05,18.954678,10.343143,8.540184,8.540147
1.796399e+25,0.84748524,0.66577995,310000.0,151467.3,149824.06,149824.05,18.954678,10.343064,8.540185,8.540147
1.796399e+25,0.84313107,0.88360775,310000.0,151467.36,149824.06,149824.06,18.954678,10.343362,8.54018,8.540147
1.796399e+25,0.87123466,0.66850966,310000.0,151467.38,149824.05,149824.03,18.954678,10.343346,8.540184,8.540146
1.796399e+25,0.8754077,0.71454185,310000.0,151467.39,149824.06,149824.05,18.954678,10.343366,8.540184,8.540147
1.796399e+25,0.8656226,0.67012775,310000.0,151467.36,149824.05,149824.05,18.954678,10.343159,8.540184,8.540147
1.796399e+25,0.85346,0.67077637,310000.0,151467.42,149824.05,149824.06,18.954678,10.34348,8.540183,8.540145
1.796399e+25,0.8614149,0.78880954,310000.0,151467.38,149824.03,149824.06,18.954678,10.343488,8.540183,8.540147
1.796399e+25,0.85784256,0.7581442,310000.0,151467.33,149824.05,149824.06,18.954678,10.343524,8.540182,8.540146
1.796399e+25,0.8383946,0.8223378,310000.0,151467.36,149824.05,149824.06,18.954678,10.343484,8.540182,8.540146
1.796399e+25,0.8590051,0.67387,310000.0,151467.31,149824.03,149824.03,18.954678,10.343326,8.540184,8.540147
1.796399e+25,0.8642283,0.70737034,310000.0,151467.4,149824.05,149824.05,18.954678,10.343284,8.540184,8.540146
1.796399e+25,0.8686526,0.6678231,310000.0,151467.36,149824.03,149824.06,18.954678,10.3431225,8.540185,8.540146
1.796399e+25,0.87835497,0.78906864,310000.0,151467.39,149824.05,149824.06,18.954678,10.343633,8.540182,8.540147
1.796399e+25,0.8366308,0.7521348,310000.0,151467.38,149824.05,149824.05,18.954678,10.343336,8.540183,8.540145
1.796399e+25,0.84725577,0.7313622,310000.0,151467.42,149824.03,149824.05,18.954678,10.343575,8.540183,8.540146
1.796399e+25,0.86608106,0.74987966,310000.0,151467.33,149824.05,149824.05,18.954678,10.342939,8.540183,8.540145
1.796399e+25,0.85936165,0.67779434,310000.0,151467.38,149824.03,149824.06,18.954678,10.343342,8.540186,8.540147
1.796399e+25,0.854935,0.7014674,310000.0,151467.42,149824.05,149824.05,18.954678,10.343496,8.540184,8.540146
1.796399e+25,0.86199975,0.7307214,310000.0,151467.38,149824.03,149824.05,18.954678,10.343433,8.540183,8.540146
1.796399e+25,0.86963636,0.6792214,310000.0,151467.34,149824.05,149824.02,18.954678,10.343372,8.540184,8.540146
1.796399e+25,0.8713891,0.6643444,310000.0,151467.39,149824.05,149824.05,18.954678,10.343553,8.540185,8.540146
1.796399e+25,0.8764095,0.69954395,310000.0,151467.38,149824.03,149824.06,18.954678,10.343271,8.540186,8.540146
1.796399e+25,0.8661751,0.88048846,310000.0,151467.39,149824.05,149824.06,18.954678,10.343306,8.540179,8.540147
1.796399e+25,0.86686546,0.6722284,310000.0,151467.34,149824.08,149824.06,18.954678,10.343373,8.540185,8.540147
1.796399e+25,0.8580348,0.6794679,310000.0,151467.38,149824.05,149824.05,18.954678,10.343336,8.540183,8.540146
1.796399e+25,0.8526537,0.9016818,310000.0,151467.39,149824.03,149824.05,18.954678,10.343393,8.540176,8.540147
1.796399e+25,0.86782324,0.7277295,310000.0,151467.38,149824.05,149824.06,18.954678,10.343256,8.540183,8.540146
1.796399e+25,0.86728907,0.93241954,310000.0,151467.42,149824.06,149824.05,18.954678,10.343456,8.540176,8.540147
1.796399e+25,0.8654873,0.701982,310000.0,151467.4,149824.06,149824.06,18.954678,10.343291,8.540183,8.540146
1.796399e+25,0.8738693,0.6682009,310000.0,151467.38,149824.03,149824.06,18.954678,10.343451,8.540185,8.540146
1.796399e+25,0.8673226,0.6724908,310000.0,151467.42,149824.03,149824.05,18.954678,10.343346,8.540184,8.540147
1.796399e+25,0.8606379,0.66927356,310000.0,151467.39,149824.06,149824.05,18.954678,10.34348,8.540184,8.540147
1.796399e+25,0.86352307,0.7486549,310000.0,151467.39,149824.06,149824.05,18.954678,10.3435955,8.540184,8.540147
1.796399e+25,0.8634154,0.6907972,310000.0,151467.39,149824.03,149824.05,18.954678,10.3432255,8.540186,8.540146
1.796399e+25,0.85928386,0.66645986,310000.0,151467.39,149824.05,149824.06,18.954678,10.343266,8.540185,8.540147
1.796399e+25,0.8581165,0.81484437,310000.0,151467.45,149824.05,149824.06,18.954678,10.343803,8.540182,8.540146
1.796399e+25,0.87053883,0.6749371,310000.0,151467.44,149824.05,149824.06,18.954678,10.343491,8.540185,8.540146
1.796399e+25,0.840815,0.8146234,310000.0,151467.39,149824.05,149824.05,18.954678,10.343568,8.540182,8.540146
1.796399e+25,0.87397295,0.6789133,310000.0,151467.4,149824.06,149824.05,18.954678,10.343422,8.540185,8.540146
1.796399e+25,0.86770564,0.6647428,310000.0,151467.38,149824.05,149824.03,18.954678,10.34356,8.540184,8.540147
1.796399e+25,0.860848,0.67012185,310000.0,151467.36,149824.05,149824.06,18.954678,10.343453,8.540185,8.540147
1.796399e+25,0.84654146,0.67492306,310000.0,151467.4,149824.06,149824.05,18.954678,10.343413,8.540185,8.540147
1.796399e+25,0.8624135,0.81516474,310000.0,151467.44,149824.05,149824.06,18.954678,10.343371,8.540182,8.540147
1.796399e+25,0.87962794,0.6793067,310000.0,151467.36,149824.05,149824.02,18.954678,10.343505,8.540186,8.540146
1.796399e+25,0.8771339,0.75339514,310000.0,151467.39,149824.05,149824.05,18.954678,10.343256,8.540183,8.540147
1.796399e+25,0.8736607,0.6920535,310000.0,151467.4,149824.06,149824.06,18.954678,10.343395,8.540186,8.540145
1.796399e+25,0.8644523,0.6668969,310000.0,151467.42,149824.05,149824.05,18.954678,10.343589,8.540185,8.540147
1.796399e+25,0.86881167,0.7441694,310000.0,151467.38,149824.05,149824.03,18.954678,10.343631,8.540182,8.540147
1.796399e+25,0.8523142,0.68635714,310000.0,151467.38,149824.03,149824.06,18.954678,10.343433,8.540185,8.540147
1.796399e+25,0.86410767,0.7979683,310000.0,151467.36,149824.06,149824.05,18.954678,10.343169,8.540182,8.540146
1.796399e+25,0.8680128,0.85622066,310000.0,151467.42,149824.05,149824.03,18.954678,10.343429,8.54018,8.540147
1.796399e+25,0.87426543,0.67007387,310000.0,151467.4,149824.05,149824.06,18.954678,10.343875,8.540186,8.540147
1.796399e+25,0.8625012,0.7469033,310000.0,151467.42,149824.03,149824.05,18.954678,10.343513,8.540183,8.540147
1.796399e+25,0.85810786,0.7288601,310000.0,151467.39,149824.05,149824.06,18.954678,10.343357,8.540184,8.540146
1.796399e+25,0.8456653,0.80204284,310000.0,151467.38,149824.05,149824.05,18.954678,10.343349,8.540182,8.540146
1.796399e+25,0.8673119,0.8609306,310000.0,151467.4,149824.05,149824.05,18.954678,10.3438,8.54018,8.540146
1.796399e+25,0.87203807,0.74586165,310000.0,151467.42,149824.06,149824.05,18.954678,10.343602,8.540182,8.540146
1.796399e+25,0.85587955,0.8377504,310000.0,151467.39,149824.05,149824.08,18.954678,10.343557,8.540182,8.540147
1.796399e+25,0.8475219,0.82121617,310000.0,151467.38,149824.05,149824.05,18.954678,10.343276,8.540182,8.540147
1.796399e+25,0.86634916,0.6945286,310000.0,151467.36,149824.06,149824.05,18.954678,10.343607,8.540186,8.540147
1.796399e+25,0.8649344,0.6771533,310000.0,151467.34,149824.05,149824.06,18.954678,10.343322,8.540185,8.540146
1.796399e+25,0.87166625,0.9177503,310000.0,151467.34,149824.06,149824.06,18.954678,10.34324,8.540177,8.540147
1.796399e+25,0.8612713,0.67201895,310000.0,151467.39,149824.03,149824.05,18.954678,10.343435,8.540184,8.540147
1.796399e+25,0.8597478,0.84925276,310000.0,151467.34,149824.06,149824.06,18.954678,10.34332,8.54018,8.540147
1.796399e+25,0.872893,0.66763026,310000.0,151467.36,149824.05,149824.03,18.954678,10.343285,8.540184,8.540147
1.796399e+25,0.8697685,0.6753186,310000.0,151467.33,149824.06,149824.03,18.954678,10.342985,8.540184,8.540149
1.796399e+25,0.8665201,0.7004289,310000.0,151467.36,149824.06,149824.06,18.954678,10.343237,8.540185,8.540148
1.796399e+25,0.8602232,0.83373886,310000.0,151467.42,149824.06,149824.05,18.954678,10.343537,8.540182,8.540148
1.796399e+25,0.8651189,0.678917,310000.0,151467.38,149824.05,149824.08,18.954678,10.3432665,8.540185,8.540148
1.796399e+25,0.869664,0.92553484,310000.0,151467.36,149824.06,149824.05,18.954678,10.343172,8.540177,8.540149
1.796399e+25,0.8651619,0.75688493,310000.0,151467.4,149824.03,149824.05,18.954678,10.343452,8.540183,8.540149
1.796399e+25,0.8623146,0.6826028,310000.0,151467.38,149824.05,149824.06,18.954678,10.343195,8.540185,8.540149
1.796399e+25,0.8654106,0.68200886,310000.0,151467.36,149824.06,149824.05,18.954678,10.343214,8.540185,8.540149
1.796399e+25,0.85652536,0.69118416,310000.0,151467.36,149824.06,149824.05,18.954678,10.342912,8.540184,8.540149
1.796399e+25,0.8586104,0.8943679,310000.0,151467.42,149824.08,149824.06,18.954678,10.343759,8.540179,8.540148
1.796399e+25,0.8768774,0.7679968,310000.0,151467.4,149824.05,149824.06,18.954678,10.343436,8.540183,8.540149
1.796399e+25,0.8705464,0.6808884,310000.0,151467.39,149824.06,149824.06,18.954678,10.343141,8.540184,8.540148
1.796399e+25,0.86962277,0.78671724,310000.0,151467.42,149824.05,149824.06,18.954678,10.343738,8.540183,8.540149
1.796399e+25,0.87332535,0.672158,310000.0,151467.34,149824.05,149824.06,18.954678,10.343331,8.540184,8.540148
1.796399e+25,0.8679204,0.67774016,310000.0,151467.39,149824.05,149824.05,18.954678,10.34326,8.540184,8.540149
1.796399e+25,0.86838514,0.6770538,310000.0,151467.38,149824.05,149824.05,18.954678,10.343232,8.540184,8.540149
1.796399e+25,0.8632133,0.9316538,310000.0,151467.42,149824.05,149824.06,18.954678,10.343901,8.540175,8.540149
1.796399e+25,0.8589605,0.6784556,310000.0,151467.38,149824.03,149824.05,18.954678,10.343255,8.540184,8.540148
1.796399e+25,0.8701525,0.73039883,310000.0,151467.34,149824.05,149824.06,18.954678,10.343324,8.540185,8.540149
1.796399e+25,0.85640717,0.67511815,310000.0,151467.34,149824.05,149824.08,18.954678,10.343091,8.540185,8.540149
1.796399e+25,0.8695226,0.67761695,310000.0,151467.47,149824.03,149824.06,18.954678,10.343933,8.540185,8.540149
1.796399e+25,0.8546013,0.7171648,310000.0,151467.44,149824.06,149824.06,18.954678,10.343629,8.540184,8.540149
1.796399e+25,0.8507352,0.6983881,310000.0,151467.38,149824.05,149824.06,18.954678,10.343204,8.540184,8.540148
1.796399e+25,0.8650712,0.6766944,310000.0,151467.38,149824.05,149824.06,18.954678,10.343439,8.540185,8.540149
1.796399e+25,0.86793137,0.6755175,310000.0,151467.42,149824.05,149824.06,18.954678,10.343533,8.540185,8.540149
1.796399e+25,0.87548566,0.70232934,310000.0,151467.33,149824.06,149824.06,18.954678,10.343221,8.540185,8.540149
1.796399e+25,0.8738531,0.6747779,310000.0,151467.38,149824.08,149824.06,18.954678,10.343333,8.540185,8.540149
1.796399e+25,0.86097777,0.7261574,310000.0,151467.4,149824.05,149824.05,18.954678,10.3436985,8.540184,8.540148
1.796399e+25,0.87588555,0.68025553,310000.0,151467.38,149824.05,149824.08,18.954678,10.343641,8.540184,8.540149
1.796399e+25,0.85606384,0.6801372,310000.0,151467.36,149824.03,149824.06,18.954678,10.3435545,8.540185,8.540148
1.796399e+25,0.8566419,0.83535445,310000.0,151467.39,149824.05,149824.06,18.954678,10.34341,8.540181,8.54015
1.796399e+25,0.86761546,0.67485815,310000.0,151467.4,149824.05,149824.05,18.954678,10.343688,8.540184,8.540148
1.796399e+25,0.8659068,0.67763954,310000.0,151467.42,149824.03,149824.05,18.954678,10.343551,8.540185,8.540149
1.796399e+25,0.85460424,0.6771179,310000.0,151467.34,149824.05,149824.08,18.954678,10.342958,8.540184,8.540149
1.796399e+25,0.8689573,0.76502573,310000.0,151467.42,149824.03,149824.05,18.954678,10.343195,8.540183,8.540149
1.796399e+25,0.8740264,0.78744906,310000.0,151467.38,149824.03,149824.06,18.954678,10.343168,8.540181,8.540149
1.796399e+25,0.8544027,0.6723401,310000.0,151467.4,149824.05,149824.06,18.954678,10.343519,8.540185,8.54015
1.796399e+25,0.87709135,0.67689973,310000.0,151467.38,149824.05,149824.06,18.954678,10.343369,8.540185,8.540149
1.796399e+25,0.86661637,0.7747147,310000.0,151467.36,149824.05,149824.06,18.954678,10.343304,8.540182,8.540149
1.796399e+25,0.86475223,0.7245847,310000.0,151467.4,149824.03,149824.06,18.954678,10.343453,8.540184,8.540149
1.796399e+25,0.85766315,0.7181031,310000.0,151467.36,149824.03,149824.05,18.954678,10.343257,8.540183,8.540148
1.796399e+25,0.8503759,0.6811149,310000.0,151467.38,149824.06,149824.06,18.954678,10.343493,8.540185,8.540149
1.796399e+25,0.87461466,0.6885002,310000.0,151467.34,149824.06,149824.05,18.954678,10.343261,8.540184,8.540148
1.796399e+25,0.8487793,0.8032777,310000.0,151467.39,149824.03,149824.05,18.954678,10.34356,8.540181,8.540149
1.796399e+25,0.87162715,0.7097842,310000.0,151467.38,149824.03,149824.06,18.954678,10.343256,8.540183,8.540148
1.796399e+25,0.86682224,0.9000403,310000.0,151467.36,149824.1,149824.06,18.954678,10.343442,8.540177,8.540149
1.796399e+25,0.8729643,0.7025873,310000.0,151467.33,149824.03,149824.05,18.954678,10.343101,8.540184,8.540149
1.796399e+25,0.8663883,0.6884624,310000.0,151467.39,149824.06,149824.06,18.954678,10.343592,8.540184,8.540148
1.796399e+25,0.85308766,0.8944769,310000.0,151467.3,149824.06,149824.06,18.954678,10.343183,8.540179,8.540148
1.796399e+25,0.8625283,0.8129918,310000.0,151467.4,149824.05,149824.06,18.954678,10.343628,8.540182,8.540149
1.796399e+25,0.8602186,0.93148905,310000.0,151467.44,149824.05,149824.06,18.954678,10.343202,8.540176,8.540149
1.796399e+25,0.85754025,0.7751617,310000.0,151467.4,149824.05,149824.06,18.954678,10.343457,8.540182,8.540149
1.796399e+25,0.8584223,0.744744,310000.0,151467.44,149824.06,149824.06,18.954678,10.343618,8.540183,8.540149
1.796399e+25,0.865633,0.6784368,310000.0,151467.39,149824.05,149824.08,18.954678,10.343556,8.540185,8.54015
1.796399e+25,0.8786809,0.80421007,310000.0,151467.34,149824.03,149824.05,18.954678,10.343493,8.540182,8.540149
1.796399e+25,0.87056905,0.6911329,310000.0,151467.39,149824.05,149824.06,18.954678,10.343512,8.540184,8.540149
1.796399e+25,0.8510902,0.67328984,310000.0,151467.4,149824.05,149824.06,18.954678,10.343655,8.540184,8.540149
1.796399e+25,0.86132765,0.6992419,310000.0,151467.38,149824.03,149824.05,18.954678,10.343319,8.540186,8.540149
1.796399e+25,0.8749925,0.7008892,310000.0,151467.36,149824.05,149824.06,18.954678,10.343206,8.540185,8.540149
1.796399e+25,0.8616856,0.84546447,310000.0,151467.4,149824.03,149824.03,18.954678,10.343222,8.540181,8.540148
1.796399e+25,0.87348634,0.7171622,310000.0,151467.39,149824.03,149824.05,18.954678,10.343669,8.540183,8.540149
1.796399e+25,0.8533418,0.72129214,310000.0,151467.34,149824.06,149824.05,18.954678,10.343249,8.540184,8.540149
1.796399e+25,0.86388445,0.68589664,310000.0,151467.36,149824.05,149824.06,18.954678,10.343358,8.540184,8.540148
1.796399e+25,0.87182623,0.81592184,310000.0,151467.36,149824.05,149824.06,18.954678,10.343226,8.540182,8.540149
1.796399e+25,0.871622,0.8499626,310000.0,151467.36,149824.05,149824.06,18.954678,10.343022,8.540181,8.540149
1.796399e+25,0.86342347,0.6787238,310000.0,151467.36,149824.05,149824.06,18.954678,10.343214,8.540184,8.540149
1.796399e+25,0.8686907,0.73814285,310000.0,151467.34,149824.05,149824.06,18.954678,10.343202,8.540182,8.540149
1.796399e+25,0.8734693,0.6996295,310000.0,151467.4,149824.05,149824.06,18.954678,10.343588,8.540183,8.540149
1.796399e+25,0.8625985,0.74002784,310000.0,151467.39,149824.05,149824.06,18.954678,10.3434515,8.540183,8.540149
1.796399e+25,0.8618609,0.81612396,310000.0,151467.39,149824.06,149824.08,18.954678,10.343522,8.540182,8.540149
1.796399e+25,0.8755901,0.76991767,310000.0,151467.42,149824.06,149824.06,18.954678,10.343489,8.540183,8.540149
1.796399e+25,0.87175876,0.67179596,310000.0,151467.42,149824.06,149824.06,18.954678,10.343618,8.540185,8.540148
1.796399e+25,0.8624556,0.9295357,310000.0,151467.34,149824.06,149824.05,18.954678,10.343387,8.540175,8.540149
1.796399e+25,0.86388844,0.67290556,310000.0,151467.38,149824.06,149824.05,18.954678,10.343239,8.540185,8.540149
1.796399e+25,0.84705895,0.67526525,310000.0,151467.4,149824.03,149824.06,18.954678,10.343379,8.540184,8.540149
1.796399e+25,0.8707057,0.7072621,310000.0,151467.4,149824.05,149824.06,18.954678,10.343364,8.540183,8.540148
1.796399e+25,0.8526088,0.86432177,310000.0,151467.36,149824.08,149824.05,18.954678,10.343534,8.54018,8.540149
1.796399e+25,0.8633424,0.69111055,310000.0,151467.4,149824.05,149824.03,18.954678,10.343647,8.540183,8.540149
1.796399e+25,0.86480224,0.6784505,310000.0,151467.39,149824.03,149824.05,18.954678,10.343447,8.540184,8.540149
1.796399e+25,0.85387063,0.6744502,310000.0,151467.34,149824.03,149824.05,18.954678,10.342996,8.540184,8.540149
1.796399e+25,0.8502058,0.69058436,310000.0,151467.33,149824.05,149824.05,18.954678,10.343271,8.540184,8.540148
1.796399e+25,0.86361516,0.68156207,310000.0,151467.34,149824.03,149824.06,18.954678,10.343237,8.540184,8.540149
1.796399e+25,0.8861378,0.7016511,310000.0,151467.39,149824.03,149824.06,18.954678,10.3434105,8.540186,8.540149
1.796399e+25,0.8671594,0.69074523,310000.0,151467.42,149824.06,149824.06,18.954678,10.343278,8.540186,8.540149
1.796399e+25,0.8585729,0.8418665,310000.0,151467.36,149824.05,149824.05,18.954678,10.343663,8.54018,8.540148
1.796399e+25,0.8527893,0.8970616,310000.0,151467.4,149824.06,149824.05,18.954678,10.3433485,8.540177,8.540149
1.796399e+25,0.87087196,0.7013574,310000.0,151467.39,149824.03,149824.05,18.954678,10.34369,8.540185,8.540149
1.796399e+25,0.8666449,0.72322994,310000.0,151467.33,149824.05,149824.06,18.954678,10.343212,8.540184,8.540149
1.796399e+25,0.8577463,0.7216181,310000.0,151467.36,149824.02,149824.05,18.954678,10.343248,8.540184,8.540148
1.796399e+25,0.8690744,0.7462759,310000.0,151467.39,149824.06,149824.05,18.954678,10.343435,8.540184,8.540149
1.796399e+25,0.85402864,0.6880964,310000.0,151467.39,149824.05,149824.06,18.954678,10.343316,8.540184,8.54015
1.796399e+25,0.856509,0.81540626,310000.0,151467.4,149824.06,149824.06,18.954678,10.343565,8.540182,8.540148
1.796399e+25,0.8510883,0.67452943,310000.0,151467.38,149824.05,149824.05,18.954678,10.343636,8.540184,8.540149
1.796399e+25,0.8552703,0.6808045,310000.0,151467.42,149824.06,149824.08,18.954678,10.343414,8.540185,8.540148
1.796399e+25,0.8740051,0.6992086,310000.0,151467.36,149824.06,149824.05,18.954678,10.343079,8.540186,8.540149
1.796399e+25,0.8697555,0.67332107,310000.0,151467.38,149824.06,149824.05,18.954678,10.343158,8.540185,8.540149
1.796399e+25,0.87359434,0.8439413,310000.0,151467.36,149824.05,149824.06,18.954678,10.343222,8.540182,8.540149
1.796399e+25,0.8491199,0.7021337,310000.0,151467.42,149824.08,149824.05,18.954678,10.343605,8.540184,8.540148
1.796399e+25,0.86133325,0.71997964,310000.0,151467.36,149824.05,149824.06,18.954678,10.343704,8.540184,8.540149
1.796399e+25,0.87220603,0.76211905,310000.0,151467.38,149824.03,149824.05,18.954678,10.343539,8.540183,8.540148
1.796399e+25,0.8648133,0.7429239,310000.0,151467.33,149824.08,149824.03,18.954678,10.343429,8.540184,8.54015
1.796399e+25,0.87848765,0.79986817,310000.0,151467.38,149824.06,149824.06,18.954678,10.343336,8.540182,8.54015
1.796399e+25,0.8629194,0.69392806,310000.0,151467.4,149824.03,149824.05,18.954678,10.343794,8.540185,8.540149
1.796399e+25,0.85939157,0.7421983,310000.0,151467.42,149824.05,149824.06,18.954678,10.343342,8.540184,8.540149
1.796399e+25,0.8638877,0.7649174,310000.0,151467.38,149824.05,149824.06,18.954678,10.343457,8.540183,8.540149
1.796399e+25,0.86580116,0.69694024,310000.0,151467.4,149824.03,149824.06,18.954678,10.343436,8.540184,8.540149
1.796399e+25,0.8641784,0.7684958,310000.0,151467.42,149824.06,149824.08,18.954678,10.343213,8.540184,8.540149
1.796399e+25,0.8563628,0.91792667,310000.0,151467.42,149824.05,149824.06,18.954678,10.343707,8.540177,8.5401535
1.796399e+25,0.8657858,0.7855508,310000.0,151467.45,149824.05,149824.06,18.954678,10.343774,8.540183,8.5401535
1.796399e+25,0.8626906,0.6757643,310000.0,151467.38,149824.05,149824.03,18.954678,10.343445,8.540185,8.540153
1.796399e+25,0.8476629,0.9109396,310000.0,151467.4,149824.06,149824.03,18.954678,10.343358,8.540177,8.5401535
1.796399e+25,0.85741335,0.6863857,310000.0,151467.38,149824.05,149824.05,18.954678,10.343395,8.540184,8.540153
1.796399e+25,0.85832703,0.8735087,310000.0,151467.34,149824.06,149824.05,18.954678,10.343344,8.54018,8.5401535
1.796399e+25,0.854819,0.8256152,310000.0,151467.34,149824.05,149824.06,18.954678,10.343269,8.540182,8.540153
1.796399e+25,0.89049304,0.8779692,310000.0,151467.44,149824.05,149824.06,18.954678,10.343381,8.540181,8.540153
1.796399e+25,0.88402975,0.6744349,310000.0,151467.39,149824.03,149824.06,18.954678,10.34333,8.540184,8.5401535
1.796399e+25,0.868206,0.82698184,310000.0,151467.42,149824.05,149824.08,18.954678,10.343512,8.54018,8.5401535
1.796399e+25,0.89546824,0.7023309,310000.0,151467.42,149824.03,149824.06,18.954678,10.343411,8.540186,8.540153
1.796399e+25,0.88026124,0.67521507,310000.0,151467.4,149824.05,149824.06,18.954678,10.343354,8.540185,8.540153
1.796399e+25,0.8743484,0.6940987,310000.0,151467.3,149824.05,149824.08,18.954678,10.343368,8.540185,8.540153
1.796399e+25,0.8718344,0.67354846,310000.0,151467.4,149824.05,149824.06,18.954678,10.343495,8.540185,8.5401535
1.796399e+25,0.8542891,0.7706933,310000.0,151467.34,149824.06,149824.05,18.954678,10.343209,8.540183,8.5401535
1.796399e+25,0.85425115,0.709283,310000.0,151467.38,149824.03,149824.06,18.954678,10.343145,8.540184,8.540153
1.796399e+25,0.8778918,0.6813204,310000.0,151467.38,149824.05,149824.06,18.954678,10.34356,8.540185,8.5401535
1.796399e+25,0.8596182,0.74369025,310000.0,151467.38,149824.03,149824.06,18.954678,10.343469,8.540183,8.540153
1.796399e+25,0.8638438,0.8782353,310000.0,151467.38,149824.06,149824.03,18.954678,10.343374,8.54018,8.5401535
1.796399e+25,0.8738779,0.8447253,310000.0,151467.34,149824.05,149824.06,18.954678,10.343429,8.540181,8.5401535
1.796399e+25,0.92793804,0.73724246,310000.0,151467.4,149824.05,149824.06,18.954678,10.343522,8.540183,8.5401535
1.796399e+25,0.85392076,0.9247322,310000.0,151467.38,149824.05,149824.08,18.954678,10.3435,8.540175,8.5401535
1.796399e+25,0.88056666,0.69133437,310000.0,151467.39,149824.06,149824.05,18.954678,10.343102,8.540186,8.5401535
1.796399e+25,0.8425004,0.8883523,310000.0,151467.36,149824.06,149824.06,18.954678,10.34331,8.540179,8.540153
1.796399e+25,0.87888235,0.7056518,310000.0,151467.4,149824.05,149824.06,18.954678,10.343517,8.540184,8.540153
1.796399e+25,0.884115,0.7739509,310000.0,151467.36,149824.06,149824.03,18.954678,10.343394,8.540182,8.5401535
1.796399e+25,0.8688987,0.7044451,310000.0,151467.39,149824.05,149824.06,18.954678,10.34321,8.540187,8.540153
1.796399e+25,0.87579495,0.71752846,310000.0,151467.34,149824.06,149824.05,18.954678,10.342987,8.540184,8.5401535
1.796399e+25,0.8655438,0.752292,310000.0,151467.4,149824.05,149824.05,18.954678,10.343379,8.540183,8.540153
1.796399e+25,0.88224316,0.67726094,310000.0,151467.36,149824.03,149824.06,18.954678,10.3434725,8.540185,8.540153
1.796399e+25,0.87672555,0.87219024,310000.0,151467.42,149824.05,149824.05,18.954678,10.34362,8.54018,8.540153
1.796399e+25,0.88854325,0.6928962,310000.0,151467.36,149824.03,149824.05,18.954678,10.343238,8.540184,8.5401535
1.796399e+25,0.8963059,0.75428396,310000.0,151467.36,149824.08,149824.05,18.954678,10.343662,8.540184,8.5401535
1.796399e+25,0.9391992,0.71085685,310000.0,151467.42,149824.05,149824.05,18.954678,10.343447,8.540186,8.5401535
1.796399e+25,0.88552696,0.70295715,310000.0,151467.39,149824.05,149824.05,18.954678,10.343451,8.540185,8.5401535
1.796399e+25,0.88920414,0.8746012,310000.0,151467.38,149824.03,149824.06,18.954678,10.34343,8.54018,8.5401535
1.796399e+25,0.8660685,0.69065607,310000.0,151467.39,149824.05,149824.06,18.954678,10.343539,8.540185,8.540154
1.796399e+25,0.878726,0.6983054,310000.0,151467.39,149824.03,149824.06,18.954678,10.34354,8.540183,8.5401535
1.796399e+25,0.89073056,0.6995878,310000.0,151467.38,149824.05,149824.05,18.954678,10.343649,8.540185,8.5401535
1.796399e+25,0.88152605,0.679142,310000.0,151467.42,149824.05,149824.05,18.954678,10.343981,8.540185,8.5401535
1.796399e+25,0.8725156,0.6966128,310000.0,151467.36,149824.05,149824.08,18.954678,10.343019,8.540184,8.540153
1.796399e+25,0.8779577,0.68092793,310000.0,151467.38,149824.05,149824.08,18.954678,10.343381,8.540185,8.5401535
1.796399e+25,0.8705491,0.68627036,310000.0,151467.34,149824.05,149824.03,18.954678,10.343595,8.540185,8.5401535
1.796399e+25,0.8596129,0.83250666,310000.0,151467.38,149824.05,149824.05,18.954678,10.343265,8.540181,8.5401535
1.796399e+25,0.860045,0.92269015,310000.0,151467.33,149824.05,149824.05,18.954678,10.34321,8.540176,8.540153
1.796399e+25,0.85989237,0.91826016,310000.0,151467.42,149824.05,149824.08,18.954678,10.343383,8.540178,8.5401535
1.796399e+25,0.86093974,0.8470481,310000.0,151467.38,149824.03,149824.05,18.954678,10.343731,8.540181,8.540153
1.796399e+25,0.89998764,0.8177184,310000.0,151467.38,149824.05,149824.06,18.954678,10.343444,8.540182,8.540153
1.796399e+25,0.865347,0.6794496,310000.0,151467.34,149824.03,149824.06,18.954678,10.343334,8.540184,8.540153
1.796399e+25,0.86769813,0.81925297,310000.0,151467.36,149824.03,149824.06,18.954678,10.34304,8.540181,8.540153
1.796399e+25,0.88759947,0.73273504,310000.0,151467.36,149824.08,149824.05,18.954678,10.343282,8.540183,8.540153
1.796399e+25,0.8686783,0.7870771,310000.0,151467.33,149824.06,149824.05,18.954678,10.343192,8.540182,8.540153
1.796399e+25,0.8643978,0.78785086,310000.0,151467.4,149824.03,149824.08,18.954678,10.343295,8.540182,8.5401535
1.796399e+25,0.87876517,0.6753099,310000.0,151467.39,149824.05,149824.06,18.954678,10.343575,8.540186,8.5401535
1.796399e+25,0.85583276,0.76575,310000.0,151467.34,149824.06,149824.06,18.954678,10.343303,8.540183,8.540153
1.796399e+25,0.8786116,0.84364694,310000.0,151467.39,149824.06,149824.06,18.954678,10.343595,8.54018,8.5401535
1.796399e+25,0.8843838,0.9495762,310000.0,151467.4,149824.05,149824.05,18.954678,10.343428,8.540174,8.540153
1.796399e+25,0.8795798,0.82963675,310000.0,151467.38,149824.08,149824.06,18.954678,10.343452,8.540181,8.540153
1.796399e+25,0.88169247,0.6786891,310000.0,151467.4,149824.06,149824.03,18.954678,10.3433695,8.540185,8.540153
1.796399e+25,0.87492704,0.72221905,310000.0,151467.4,149824.03,149824.06,18.954678,10.343296,8.540184,8.5401535
1.796399e+25,0.8593877,0.8036547,310000.0,151467.39,149824.05,149824.06,18.954678,10.343519,8.540182,8.540154
1.796399e+25,0.8518527,0.8978528,310000.0,151467.42,149824.05,149824.06,18.954678,10.343484,8.540179,8.540153
1.796399e+25,0.87591136,0.67423767,310000.0,151467.36,149824.06,149824.03,18.954678,10.343238,8.540185,8.540154
1.796399e+25,0.86785203,0.6814314,310000.0,151467.4,149824.03,149824.05,18.954678,10.343312,8.540185,8.540153
1.796399e+25,0.87162405,0.67499185,310000.0,151467.34,149824.08,149824.06,18.954678,10.343003,8.540184,8.5401535
1.796399e+25,0.8433868,0.83658487,310000.0,151467.39,149824.06,149824.06,18.954678,10.343179,8.540182,8.540153
1.796399e+25,0.8654056,0.85866827,310000.0,151467.36,149824.05,149824.08,18.954678,10.343502,8.54018,8.5401535
1.796399e+25,0.85255337,0.7034285,310000.0,151467.33,149824.06,149824.06,18.954678,10.343697,8.540184,8.5401535
1.796399e+25,0.8632376,0.77475667,310000.0,151467.38,149824.06,149824.05,18.954678,10.343414,8.540182,8.5401535
1.796399e+25,0.86077935,0.7716276,310000.0,151467.39,149824.03,149824.05,18.954678,10.343409,8.540182,8.540153
1.796399e+25,0.8810117,0.8818173,310000.0,151467.38,149824.05,149824.08,18.954678,10.3435545,8.540179,8.540153
1.796399e+25,0.865525,0.8360245,310000.0,151467.38,149824.06,149824.08,18.954678,10.343451,8.540181,8.5401535
1.796399e+25,0.8791327,0.8567716,310000.0,151467.38,149824.06,149824.06,18.954678,10.343662,8.540181,8.5401535
1.796399e+25,0.8620144,0.75212944,310000.0,151467.4,149824.05,149824.05,18.954678,10.343617,8.540183,8.5401535
1.796399e+25,0.8629319,0.7603608,310000.0,151467.42,149824.06,149824.05,18.954678,10.343372,8.540184,8.540153
1.796399e+25,0.83816725,0.79646105,310000.0,151467.34,149824.06,149824.05,18.954678,10.34346,8.540182,8.5401535
1.796399e+25,0.85818964,0.87906694,310000.0,151467.4,149824.05,149824.06,18.954678,10.343492,8.540179,8.5401535
1.796399e+25,0.869211,0.6798168,310000.0,151467.33,149824.05,149824.05,18.954678,10.343423,8.540185,8.540153
1.796399e+25,0.8691159,0.6788616,310000.0,151467.42,149824.02,149824.06,18.954678,10.34354,8.540185,8.5401535
1.796399e+25,0.8700801,0.89924127,310000.0,151467.39,149824.03,149824.06,18.954678,10.3433695,8.540178,8.5401535
1.796399e+25,0.86187977,0.80889463,310000.0,151467.42,149824.05,149824.03,18.954678,10.343528,8.540183,8.540152
1.796399e+25,0.86481965,0.68142515,310000.0,151467.34,149824.06,149824.08,18.954678,10.343259,8.540185,8.5401535
1.796399e+25,0.8680637,0.8258498,310000.0,151467.34,149824.05,149824.08,18.954678,10.343405,8.540181,8.5401535
1.796399e+25,0.84831977,0.7118347,310000.0,151467.36,149824.05,149824.08,18.954678,10.343235,8.540184,8.540153
1.796399e+25,0.8658264,0.9052866,310000.0,151467.4,149824.08,149824.08,18.954678,10.343411,8.540178,8.5401535
1.796399e+25,0.86951196,0.68354684,310000.0,151467.4,149824.03,149824.06,18.954678,10.343642,8.540185,8.5401535
1.796399e+25,0.8493279,0.7482183,310000.0,151467.34,149824.05,149824.08,18.954678,10.3433,8.540182,8.5401535
1.796399e+25,0.85895854,0.8944908,310000.0,151467.42,149824.05,149824.05,18.954678,10.343346,8.540179,8.5401535
1.796399e+25,0.86250424,0.68393356,310000.0,151467.39,149824.03,149824.08,18.954678,10.343126,8.540183,8.540154
1.796399e+25,0.86558306,0.89346087,310000.0,151467.4,149824.06,149824.08,18.954678,10.343749,8.540179,8.5401535
1.796399e+25,0.85562116,0.8393692,310000.0,151467.36,149824.05,149824.06,18.954678,10.343265,8.540181,8.5401535
1.796399e+25,0.8555295,0.71566075,310000.0,151467.38,149824.06,149824.05,18.954678,10.343873,8.540184,8.540153
1.796399e+25,0.83799666,0.67604816,310000.0,151467.31,149824.06,149824.05,18.954678,10.342949,8.540185,8.540153
1.796399e+25,0.86081815,0.9263487,310000.0,151467.34,149824.03,149824.05,18.954678,10.343178,8.540177,8.5401535
1.796399e+25,0.8769253,0.678521,310000.0,151467.34,149824.06,149824.06,18.954678,10.3433485,8.540185,8.5401535
1.796399e+25,0.875474,0.67901844,310000.0,151467.36,149824.05,149824.05,18.954678,10.343469,8.540184,8.5401535
1.796399e+25,0.8689562,0.7904477,310000.0,151467.42,149824.06,149824.03,18.954678,10.343524,8.540183,8.5401535
1.796399e+25,0.8784417,0.68016654,310000.0,151467.42,149824.05,149824.06,18.954678,10.343367,8.540185,8.5401535
1.796399e+25,0.8549638,0.68504107,310000.0,151467.39,149824.05,149824.05,18.954678,10.343584,8.540184,8.5401535
1.796399e+25,0.86674666,0.6810655,310000.0,151467.38,149824.02,149824.06,18.954678,10.343242,8.540184,8.5401535
1.796399e+25,0.86021495,0.67569566,310000.0,151467.33,149824.05,149824.05,18.954678,10.343322,8.540185,8.540153
1.796399e+25,0.85531497,0.7888961,310000.0,151467.36,149824.05,149824.06,18.954678,10.343618,8.540183,8.540153
1.796399e+25,0.85484505,0.68375593,310000.0,151467.39,149824.05,149824.06,18.954678,10.343434,8.540185,8.5401535
1.796399e+25,0.85063493,0.7056718,310000.0,151467.39,149824.06,149824.06,18.954678,10.343275,8.540184,8.5401535
1.796399e+25,0.86293334,0.8106041,310000.0,151467.44,149824.06,149824.05,18.954678,10.343678,8.540183,8.540153
1.796399e+25,0.85104924,0.6798949,310000.0,151467.38,149824.06,149824.06,18.954678,10.343383,8.540185,8.540153
1.796399e+25,0.85611266,0.70363516,310000.0,151467.31,149824.05,149824.06,18.954678,10.343279,8.540184,8.540154
1.796399e+25,0.8393702,0.7451659,310000.0,151467.4,149824.05,149824.08,18.954678,10.343613,8.540184,8.5401535
1.796399e+25,0.861448,0.78832585,310000.0,151467.39,149824.03,149824.06,18.954678,10.3433275,8.540183,8.5401535
1.796399e+25,0.86675954,0.70648175,310000.0,151467.42,149824.05,149824.06,18.954678,10.343862,8.540185,8.5401535
1.796399e+25,0.8636508,0.9386879,310000.0,151467.31,149824.03,149824.06,18.954678,10.343193,8.540175,8.5401535
1.796399e+25,0.8678997,0.6906673,310000.0,151467.39,149824.06,149824.05,18.954678,10.343319,8.540184,8.540153
1.796399e+25,0.86838,0.7058481,310000.0,151467.31,149824.05,149824.05,18.954678,10.343391,8.540185,8.540154
1.796399e+25,0.8638723,0.9226512,310000.0,151467.38,149824.06,149824.05,18.954678,10.34319,8.540177,8.540153
1.796399e+25,0.86995745,0.68093693,310000.0,151467.38,149824.05,149824.03,18.954678,10.343249,8.540185,8.540153
1.796399e+25,0.85112363,0.7174236,310000.0,151467.39,149824.06,149824.06,18.954678,10.343209,8.540184,8.540152
1.796399e+25,0.8592498,0.7732981,310000.0,151467.45,149824.06,149824.06,18.954678,10.343578,8.540183,8.540153
1.796399e+25,0.85863996,0.9326489,310000.0,151467.39,149824.06,149824.06,18.954678,10.343337,8.540175,8.540153
1.796399e+25,0.86093557,0.80986065,310000.0,151467.44,149824.05,149824.05,18.954678,10.34365,8.540183,8.540153
1.796399e+25,0.8540004,0.6768969,310000.0,151467.33,149824.06,149824.08,18.954678,10.343401,8.540184,8.540152
1.796399e+25,0.8417953,0.8956386,310000.0,151467.44,149824.06,149824.05,18.954678,10.343727,8.540179,8.540153
1.796399e+25,0.85943437,0.77485454,310000.0,151467.42,149824.05,149824.06,18.954678,10.343675,8.540183,8.540153
1.796399e+25,0.85525256,0.6878887,310000.0,151467.44,149824.05,149824.08,18.954678,10.343485,8.540185,8.540153
1.796399e+25,0.8846384,0.73612946,310000.0,151467.4,149824.05,149824.05,18.954678,10.343517,8.540184,8.5401535
1.796399e+25,0.87079537,0.6813456,310000.0,151467.39,149824.05,149824.05,18.954678,10.343529,8.540184,8.540152
1.796399e+25,0.8534882,0.70096874,310000.0,151467.39,149824.06,149824.05,18.954678,10.343521,8.540184,8.540152
1.796399e+25,0.86453384,0.8731065,310000.0,151467.34,149824.03,149824.03,18.954678,10.343474,8.540179,8.5401535
1.796399e+25,0.8708761,0.696335,310000.0,151467.4,149824.05,149824.06,18.954678,10.343402,8.540184,8.540153
1.796399e+25,0.86478543,0.8154539,310000.0,151467.36,149824.05,149824.05,18.954678,10.343407,8.540182,8.540153
1.796399e+25,0.85622716,0.7300226,310000.0,151467.45,149824.05,149824.05,18.954678,10.343614,8.540183,8.540153
1.796399e+25,0.859319,0.67742485,310000.0,151467.36,149824.06,149824.06,18.954678,10.343357,8.540185,8.540152
1.796399e+25,0.8499783,0.8807835,310000.0,151467.4,149824.05,149824.05,18.954678,10.34324,8.54018,8.540152
1.796399e+25,0.8792397,0.68907136,310000.0,151467.33,149824.05,149824.05,18.954678,10.343207,8.540185,8.5401535
1.796399e+25,0.8755825,0.830256,310000.0,151467.36,149824.08,149824.05,18.954678,10.343366,8.540181,8.540153
1.796399e+25,0.8487839,0.9058047,310000.0,151467.39,149824.05,149824.08,18.954678,10.343718,8.540177,8.540152
1.796399e+25,0.8755515,0.6915518,310000.0,151467.45,149824.08,149824.03,18.954678,10.343584,8.540185,8.540153
1.796399e+25,0.8595979,0.67971426,310000.0,151467.39,149824.03,149824.05,18.954678,10.343281,8.540184,8.540152
1.796399e+25,0.86975634,0.7967961,310000.0,151467.38,149824.03,149824.06,18.954678,10.343426,8.540182,8.5401535
1.796399e+25,0.8685245,0.8256639,310000.0,151467.36,149824.06,149824.05,18.954678,10.343557,8.540182,8.540153
1.796399e+25,0.8682631,0.7636501,310000.0,151467.36,149824.05,149824.06,18.954678,10.343526,8.540183,8.5401535
1.796399e+25,0.8681742,0.69936335,310000.0,151467.42,149824.05,149824.08,18.954678,10.34366,8.540184,8.540152
1.796399e+25,0.8516735,0.84454536,310000.0,151467.4,149824.03,149824.03,18.954678,10.343246,8.540181,8.540153
1.796399e+25,0.8607222,0.6965419,310000.0,151467.39,149824.05,149824.06,18.954678,10.343343,8.540185,8.540153
1.796399e+25,0.8568054,0.8795068,310000.0,151467.31,149824.05,149824.05,18.954678,10.343141,8.540179,8.5401535
1.796399e+25,0.8727321,0.8865852,310000.0,151467.38,149824.03,149824.05,18.954678,10.343555,8.540179,8.5401535
1.796399e+25,0.8731526,0.68651104,310000.0,151467.36,149824.05,149824.05,18.954678,10.342987,8.540184,8.540153
1.796399e+25,0.8595836,0.8403939,310000.0,151467.4,149824.05,149824.03,18.954678,10.343259,8.54018,8.540153
1.796399e+25,0.8656379,0.68807197,310000.0,151467.36,149824.05,149824.06,18.954678,10.343514,8.540185,8.540153
1.796399e+25,0.8604732,0.7293743,310000.0,151467.33,149824.06,149824.05,18.954678,10.343192,8.540184,8.540153
1.796399e+25,0.860095,0.764741,310000.0,151467.36,149824.06,149824.05,18.954678,10.343227,8.540183,8.5401535
1.796399e+25,0.8504684,0.93030816,310000.0,151467.38,149824.03,149824.05,18.954678,10.343346,8.540176,8.5401535
1.796399e+25,0.8704599,0.683333,310000.0,151467.33,149824.05,149824.06,18.954678,10.343023,8.540184,8.540153
1.796399e+25,0.85568804,0.68450236,310000.0,151467.4,149824.05,149824.06,18.954678,10.343508,8.540186,8.540153
1.796399e+25,0.8556519,0.6823033,310000.0,151467.39,149824.06,149824.06,18.954678,10.343616,8.540184,8.540153
1.796399e+25,0.8596714,0.69221294,310000.0,151467.39,149824.05,149824.06,18.954678,10.3431635,8.540184,8.5401535
1.796399e+25,0.8585891,0.7871833,310000.0,151467.34,149824.06,149824.06,18.954678,10.343587,8.540183,8.540153
1.796399e+25,0.8714407,0.7858527,310000.0,151467.4,149824.05,149824.05,18.954678,10.343599,8.540183,8.5401535
1.796399e+25,0.8751596,0.80675834,310000.0,151467.38,149824.05,149824.06,18.954678,10.343406,8.540182,8.540152
1.796399e+25,0.86122984,0.8937609,310000.0,151467.39,149824.05,149824.06,18.954678,10.343487,8.540179,8.540153
1.796399e+25,0.86319894,0.71017456,310000.0,151467.44,149824.06,149824.05,18.954678,10.343589,8.540183,8.540153
1.796399e+25,0.8645648,0.67400247,310000.0,151467.38,149824.06,149824.06,18.954678,10.343551,8.540184,8.540154
1.796399e+25,0.863477,0.6830707,310000.0,151467.34,149824.05,149824.06,18.954678,10.343453,8.540184,8.5401535
1.796399e+25,0.8698244,0.7452231,310000.0,151467.4,149824.05,149824.05,18.954678,10.343396,8.540182,8.540153
1.796399e+25,0.871797,0.9424176,310000.0,151467.39,149824.06,149824.06,18.954678,10.343365,8.540175,8.540152
1.796399e+25,0.86556625,0.67855275,310000.0,151467.34,149824.05,149824.06,18.954678,10.343609,8.540185,8.540153
1.796399e+25,0.8730506,0.71214974,310000.0,151467.36,149824.05,149824.06,18.954678,10.343307,8.540185,8.540152
1.796399e+25,0.86693394,0.72845757,310000.0,151467.36,149824.03,149824.05,18.954678,10.343867,8.540183,8.540153
1.796399e+25,0.8696339,0.84265506,310000.0,151467.4,149824.05,149824.06,18.954678,10.343468,8.540181,8.540153
1.796399e+25,0.8656519,0.8245389,310000.0,151467.3,149824.03,149824.05,18.954678,10.343141,8.540181,8.540153
1.796399e+25,0.84600985,0.71356374,310000.0,151467.38,149824.08,149824.05,18.954678,10.343516,8.540185,8.540153
1.796399e+25,0.8707542,0.85338,310000.0,151467.34,149824.05,149824.03,18.954678,10.343462,8.540181,8.540152
1.796399e+25,0.8679345,0.67440796,310000.0,151467.4,149824.03,149824.05,18.954678,10.343201,8.540184,8.540151
1.796399e+25,0.8706306,0.69294345,310000.0,151467.38,149824.05,149824.06,18.954678,10.343313,8.540185,8.540152
1.796399e+25,0.8752325,0.6899066,310000.0,151467.33,149824.06,149824.06,18.954678,10.343309,8.540185,8.540153
1.796399e+25,0.86998767,0.6756007,310000.0,151467.31,149824.06,149824.06,18.954678,10.343246,8.540185,8.540153
1.796399e+25,0.8690093,0.88319963,310000.0,151467.38,149824.06,149824.08,18.954678,10.343361,8.54018,8.540153
1.796399e+25,0.8491371,0.91002315,310000.0,151467.42,149824.05,149824.05,18.954678,10.343612,8.540179,8.540152
1.796399e+25,0.8668273,0.76715994,310000.0,151467.42,149824.05,149824.06,18.954678,10.343357,8.540183,8.540152
1.796399e+25,0.85939026,0.68044883,310000.0,151467.36,149824.03,149824.06,18.954678,10.343535,8.540184,8.540152
1.796399e+25,0.8813829,0.6866781,310000.0,151467.39,149824.05,149824.06,18.954678,10.343065,8.540184,8.540153
1.796399e+25,0.8561954,0.9259161,310000.0,151467.34,149824.03,149824.06,18.954678,10.343201,8.540176,8.540153
1.796399e+25,0.86943525,0.6790482,310000.0,151467.38,149824.03,149824.06,18.954678,10.343655,8.540185,8.540153
1.796399e+25,0.8597885,0.7093887,310000.0,151467.34,149824.05,149824.05,18.954678,10.343051,8.540184,8.540153
1.796399e+25,0.8662171,0.6971991,310000.0,151467.39,149824.06,149824.05,18.954678,10.343198,8.540185,8.540152
1.796399e+25,0.8647434,0.78955644,310000.0,151467.38,149824.05,149824.05,18.954678,10.34391,8.540182,8.540152
1.796399e+25,0.8559571,0.6820988,310000.0,151467.42,149824.03,149824.05,18.954678,10.343503,8.540184,8.540153
1.796399e+25,0.8617564,0.8308132,310000.0,151467.34,149824.06,149824.05,18.954678,10.343283,8.540181,8.540153
1.796399e+25,0.87346363,0.86050093,310000.0,151467.38,149824.03,149824.08,18.954678,10.343191,8.54018,8.5401535
1.796399e+25,0.85725677,0.6940392,310000.0,151467.38,149824.08,149824.06,18.954678,10.343208,8.540186,8.540153
1.796399e+25,0.8566043,0.8293152,310000.0,151467.36,149824.05,149824.06,18.954678,10.342931,8.540183,8.540152
1.796399e+25,0.8555641,0.67557937,310000.0,151467.4,149824.06,149824.05,18.954678,10.343335,8.540185,8.540153
1.796399e+25,0.8597484,0.91968864,310000.0,151467.42,149824.05,149824.06,18.954678,10.343163,8.540178,8.540153
1.796399e+25,0.8769859,0.69968325,310000.0,151467.4,149824.03,149824.06,18.954678,10.343422,8.540185,8.540153
1.796399e+25,0.86765015,0.8208249,310000.0,151467.42,149824.05,149824.03,18.954678,10.343591,8.540182,8.540152
1.796399e+25,0.8591316,0.8688606,310000.0,151467.38,149824.05,149824.05,18.954678,10.343598,8.54018,8.540152
1.796399e+25,0.87166744,0.85577756,310000.0,151467.42,149824.03,149824.06,18.954678,10.343856,8.54018,8.540153
1.796399e+25,0.8646295,0.8817287,310000.0,151467.36,149824.06,149824.03,18.954678,10.343429,8.540179,8.540152
1.796399e+25,0.8638981,0.7206691,310000.0,151467.4,149824.06,149824.05,18.954678,10.34367,8.540183,8.540153
1.796399e+25,0.8726904,0.6932816,310000.0,151467.42,149824.05,149824.03,18.954678,10.343913,8.540185,8.540152
1.796399e+25,0.8528279,0.84495646,310000.0,151467.39,149824.05,149824.05,18.954678,10.343311,8.540181,8.540153
1.796399e+25,0.85200816,0.69664025,310000.0,151467.38,149824.03,149824.05,18.954678,10.3433275,8.540184,8.540152
1.796399e+25,0.8764285,0.70419484,310000.0,151467.42,149824.03,149824.06,18.954678,10.343731,8.540186,8.540153
1.796399e+25,0.85385114,0.6758571,310000.0,151467.4,149824.06,149824.05,18.954678,10.343521,8.540185,8.540153
1.796399e+25,0.8779045,0.6778016,310000.0,151467.38,149824.03,149824.05,18.954678,10.3436165,8.540184,8.540152
1.796399e+25,0.8603216,0.73148555,310000.0,151467.4,149824.06,149824.06,18.954678,10.343411,8.540183,8.540153
1.796399e+25,0.8614376,0.67771006,310000.0,151467.36,149824.06,149824.06,18.954678,10.342987,8.540184,8.540153
1.796399e+25,0.87066966,0.67510056,310000.0,151467.36,149824.06,149824.06,18.954678,10.343143,8.540184,8.5401535
1.796399e+25,0.87244564,0.8592844,310000.0,151467.33,149824.05,149824.06,18.954678,10.343427,8.54018,8.540152
1.796399e+25,0.8847613,0.68888855,310000.0,151467.4,149824.06,149824.06,18.954678,10.343313,8.540184,8.540152
1.796399e+25,0.8718187,0.82065874,310000.0,151467.36,149824.05,149824.05,18.954678,10.343163,8.540181,8.540152
1.796399e+25,0.86046696,0.8634109,310000.0,151467.38,149824.06,149824.08,18.954678,10.3434305,8.540179,8.540153
1.796399e+25,0.8616621,0.68177974,310000.0,151467.34,149824.05,149824.05,18.954678,10.343065,8.540184,8.540152
1.796399e+25,0.85794723,0.73570853,310000.0,151467.36,149824.05,149824.05,18.954678,10.343273,8.540183,8.540153
1.796399e+25,0.86091197,0.89919496,310000.0,151467.45,149824.05,149824.03,18.954678,10.34368,8.540178,8.540152
1.796399e+25,0.86175853,0.7315659,310000.0,151467.36,149824.06,149824.05,18.954678,10.343055,8.540183,8.540152
1.796399e+25,0.8593428,0.8731867,310000.0,151467.44,149824.03,149824.06,18.954678,10.343372,8.54018,8.540152
1.796399e+25,0.8707281,0.68898565,310000.0,151467.34,149824.03,149824.06,18.954678,10.343116,8.540184,8.540153
1.796399e+25,0.8767031,0.8382468,310000.0,151467.36,149824.05,149824.03,18.954678,10.343408,8.54018,8.540152
1.796399e+25,0.871635,0.73608685,310000.0,151467.44,149824.06,149824.06,18.954678,10.343435,8.540183,8.540152
1.796399e+25,0.86041635,0.7596415,310000.0,151467.39,149824.03,149824.05,18.954678,10.343231,8.540182,8.540152
1.796399e+25,0.86677706,0.68779844,310000.0,151467.39,149824.06,149824.06,18.954678,10.343539,8.540184,8.540146
1.796399e+25,0.87578,0.697027,310000.0,151467.4,149824.06,149824.03,18.954678,10.343497,8.540185,8.540145
1.796399e+25,0.86120456,0.7016462,310000.0,151467.34,149824.03,149824.03,18.954678,10.343265,8.540186,8.540145
1.796399e+25,0.86686605,0.6908846,310000.0,151467.44,149824.06,149824.06,18.954678,10.343942,8.540184,8.540146
1.796399e+25,0.864255,0.7155034,310000.0,151467.34,149824.06,149824.06,18.954678,10.343235,8.540183,8.540147
1.796399e+25,0.84472835,0.7414086,310000.0,151467.42,149824.06,149824.03,18.954678,10.343437,8.540184,8.540146
1.796399e+25,0.88038886,0.6897108,310000.0,151467.4,149824.05,149824.05,18.954678,10.34361,8.540184,8.540146
1.796399e+25,0.8637157,0.68047327,310000.0,151467.36,149824.03,149824.05,18.954678,10.343257,8.540185,8.540145
1.796399e+25,0.8668159,0.7379057,310000.0,151467.4,149824.05,149824.03,18.954678,10.343648,8.540183,8.540146
1.796399e+25,0.8608279,0.67920554,310000.0,151467.39,149824.05,149824.06,18.954678,10.343464,8.540184,8.540146
1.796399e+25,0.86904824,0.8488738,310000.0,151467.39,149824.05,149824.03,18.954678,10.34356,8.540182,8.540146
1.796399e+25,0.8635516,0.8026202,310000.0,151467.36,149824.05,149824.05,18.954678,10.343468,8.540182,8.540146
1.796399e+25,0.87007046,0.8190113,310000.0,151467.38,149824.05,149824.05,18.954678,10.343639,8.540182,8.540145
1.796399e+25,0.864666,0.6966007,310000.0,151467.38,149824.05,149824.03,18.954678,10.343275,8.540184,8.540145
1.796399e+25,0.8670027,0.7603949,310000.0,151467.44,149824.06,149824.06,18.954678,10.343463,8.540184,8.540146
1.796399e+25,0.87513655,0.68567604,310000.0,151467.4,149824.05,149824.05,18.954678,10.343723,8.540185,8.540146
1.796399e+25,0.860947,0.69192845,310000.0,151467.39,149824.06,149824.05,18.954678,10.343588,8.540184,8.540145
1.796399e+25,0.8603471,0.8484598,310000.0,151467.44,149824.05,149824.05,18.954678,10.343541,8.54018,8.540145
1.796399e+25,0.8592223,0.6932984,310000.0,151467.4,149824.03,149824.06,18.954678,10.343345,8.540184,8.540146
1.796399e+25,0.8600844,0.8198492,310000.0,151467.4,149824.05,149824.05,18.954678,10.343456,8.540181,8.540145
1.796399e+25,0.85867804,0.8514334,310000.0,151467.34,149824.06,149824.05,18.954678,10.343325,8.540182,8.540146
1.796399e+25,0.8678579,0.8830468,310000.0,151467.4,149824.05,149824.06,18.954678,10.34336,8.540179,8.540146
1.796399e+25,0.8656989,0.68027073,310000.0,151467.34,149824.06,149824.05,18.954678,10.343312,8.540184,8.540147
1.796399e+25,0.86848336,0.83420813,310000.0,151467.39,149824.06,149824.05,18.954678,10.343198,8.540181,8.540146
1.796399e+25,0.8794652,0.6912478,310000.0,151467.38,149824.05,149824.06,18.954678,10.343516,8.540185,8.540146
1.796399e+25,0.8828754,0.68631285,310000.0,151467.34,149824.05,149824.03,18.954678,10.342967,8.540184,8.540145
1.796399e+25,0.86583966,0.70876545,310000.0,151467.44,149824.06,149824.06,18.954678,10.343699,8.540184,8.540146
1.796399e+25,0.86175513,0.68616813,310000.0,151467.38,149824.03,149824.06,18.954678,10.343826,8.540184,8.540146
1.796399e+25,0.8698337,0.72689235,310000.0,151467.42,149824.05,149824.06,18.954678,10.343395,8.540184,8.540146
1.796399e+25,0.86283565,0.7186194,310000.0,151467.42,149824.06,149824.06,18.954678,10.3438,8.540184,8.540146
1.796399e+25,0.8637713,0.770193,310000.0,151467.4,149824.06,149824.05,18.954678,10.3436575,8.540183,8.540146
1.796399e+25,0.8647791,0.8833689,310000.0,151467.38,149824.06,149824.06,18.954678,10.343405,8.540179,8.540146
1.796399e+25,0.8861128,0.6889142,310000.0,151467.42,149824.03,149824.05,18.954678,10.343473,8.540185,8.540145
1.796399e+25,0.87377715,0.6795194,310000.0,151467.33,149824.05,149824.05,18.954678,10.343112,8.540184,8.540146
1.796399e+25,0.8680598,0.75875133,310000.0,151467.4,149824.05,149824.03,18.954678,10.343368,8.540183,8.540145
1.796399e+25,0.86044925,0.8565677,310000.0,151467.4,149824.05,149824.05,18.954678,10.343807,8.540181,8.540146
1.796399e+25,0.8656538,0.9241708,310000.0,151467.4,149824.06,149824.05,18.954678,10.343661,8.540176,8.540147
1.796399e+25,0.8638894,0.68438506,310000.0,151467.34,149824.03,149824.06,18.954678,10.343534,8.540184,8.540147
1.796399e+25,0.867017,0.6761365,310000.0,151467.42,149824.05,149824.05,18.954678,10.343578,8.540184,8.540146
1.796399e+25,0.86895376,0.7066996,310000.0,151467.42,149824.05,149824.03,18.954678,10.343275,8.540183,8.540146
1.796399e+25,0.86841244,0.76134133,310000.0,151467.42,149824.05,149824.05,18.954678,10.343595,8.540182,8.540146
1.796399e+25,0.870476,0.6911799,310000.0,151467.39,149824.03,149824.08,18.954678,10.343366,8.540184,8.540147
1.796399e+25,0.8811705,0.69232774,310000.0,151467.38,149824.05,149824.05,18.954678,10.343521,8.540185,8.540146
1.796399e+25,0.8576953,0.7692426,310000.0,151467.42,149824.05,149824.05,18.954678,10.34354,8.540183,8.540147
1.796399e+25,0.8591103,0.73544514,310000.0,151467.4,149824.06,149824.06,18.954678,10.343685,8.540183,8.540146
1.796399e+25,0.8688803,0.7512288,310000.0,151467.36,149824.05,149824.05,18.954678,10.343144,8.540185,8.540145
1.796399e+25,0.86263704,0.6805405,310000.0,151467.38,149824.02,149824.05,18.954678,10.3434925,8.540185,8.540147
1.796399e+25,0.8572867,0.799398,310000.0,151467.4,149824.05,149824.05,18.954678,10.3434,8.540183,8.540146
1.796399e+25,0.87353724,0.8711832,310000.0,151467.34,149824.03,149824.06,18.954678,10.343246,8.54018,8.540145
1.796399e+25,0.8660419,0.6803793,310000.0,151467.38,149824.05,149824.06,18.954678,10.343219,8.540185,8.540146
1.796399e+25,0.87355983,0.6797181,310000.0,151467.36,149824.05,149824.08,18.954678,10.343154,8.540185,8.540147
1.796399e+25,0.87294894,0.6791127,310000.0,151467.4,149824.05,149824.05,18.954678,10.343607,8.540185,8.540145
1.796399e+25,0.86279523,0.8469716,310000.0,151467.38,149824.06,149824.03,18.954678,10.343528,8.54018,8.540146
1.796399e+25,0.8697495,0.6920815,310000.0,151467.36,149824.05,149824.05,18.954678,10.3433275,8.540184,8.540146
1.796399e+25,0.86356306,0.7699681,310000.0,151467.42,149824.05,149824.05,18.954678,10.343531,8.540183,8.540146
1.796399e+25,0.87534094,0.6803678,310000.0,151467.39,149824.06,149824.06,18.954678,10.3434925,8.540185,8.540145
1.796399e+25,0.88045114,0.67787504,310000.0,151467.39,149824.05,149824.05,18.954678,10.343288,8.540184,8.540146
1.796399e+25,0.8656787,0.67751336,310000.0,151467.38,149824.06,149824.06,18.954678,10.34336,8.540185,8.540147
1.796399e+25,0.86666733,0.73502004,310000.0,151467.33,149824.05,149824.03,18.954678,10.343497,8.540184,8.540145
1.796399e+25,0.86886036,0.85405433,310000.0,151467.39,149824.03,149824.03,18.954678,10.343727,8.54018,8.540146
1.796399e+25,0.86097795,0.86862475,310000.0,151467.34,149824.06,149824.06,18.954678,10.343669,8.54018,8.540146
1.796399e+25,0.87087405,0.680132,310000.0,151467.34,149824.08,149824.06,18.954678,10.343286,8.540185,8.540146
1.796399e+25,0.8721502,0.71666783,310000.0,151467.36,149824.05,149824.06,18.954678,10.343365,8.540186,8.540145
1.796399e+25,0.8635782,0.7259716,310000.0,151467.42,149824.06,149824.05,18.954678,10.343601,8.540184,8.540145
1.796399e+25,0.8684749,0.91380465,310000.0,151467.39,149824.05,149824.03,18.954678,10.343496,8.540177,8.540146
1.796399e+25,0.8680094,0.77522695,310000.0,151467.38,149824.05,149824.05,18.954678,10.343153,8.540183,8.540147
1.796399e+25,0.8670476,0.7123897,310000.0,151467.42,149824.06,149824.05,18.954678,10.34337,8.540185,8.540146
1.796399e+25,0.8582231,0.77259153,310000.0,151467.39,149824.06,149824.05,18.954678,10.343553,8.540182,8.540146
1.796399e+25,0.8710559,0.7036628,310000.0,151467.39,149824.05,149824.05,18.954678,10.343717,8.540185,8.540145
1.796399e+25,0.86564046,0.93065417,310000.0,151467.39,149824.05,149824.05,18.954678,10.343486,8.540175,8.540145
1.796399e+25,0.85018396,0.86199796,310000.0,151467.38,149824.06,149824.05,18.954678,10.343398,8.54018,8.540145
1.796399e+25,0.87842494,0.82890666,310000.0,151467.39,149824.06,149824.05,18.954678,10.343432,8.540182,8.540146
1.796399e+25,0.8699415,0.676853,310000.0,151467.38,149824.05,149824.03,18.954678,10.34365,8.540185,8.540146
1.796399e+25,0.86198497,0.7821247,310000.0,151467.36,149824.06,149824.03,18.954678,10.343162,8.540182,8.540146
1.796399e+25,0.8455798,0.92739946,310000.0,151467.39,149824.05,149824.06,18.954678,10.343865,8.540175,8.540145
1.796399e+25,0.8702822,0.7947851,310000.0,151467.36,149824.05,149824.03,18.954678,10.34349,8.540183,8.540146
1.796399e+25,0.866763,0.7671938,310000.0,151467.36,149824.05,149824.06,18.954678,10.343649,8.540184,8.540146
1.796399e+25,0.8701757,0.7064279,310000.0,151467.42,149824.06,149824.03,18.954678,10.343336,8.540185,8.540147
1.796399e+25,0.8730187,0.83942056,310000.0,151467.36,149824.03,149824.03,18.954678,10.343416,8.54018,8.540146
1.796399e+25,0.8673171,0.7607033,310000.0,151467.44,149824.05,149824.06,18.954678,10.343524,8.540184,8.540145
1.796399e+25,0.8573608,0.7862415,310000.0,151467.4,149824.06,149824.06,18.954678,10.343343,8.540182,8.540146
1.796399e+25,0.86173064,0.75050074,310000.0,151467.42,149824.05,149824.08,18.954678,10.343859,8.540183,8.540146
1.796399e+25,0.86142236,0.678381,310000.0,151467.42,149824.03,149824.05,18.954678,10.343619,8.540185,8.540147
1.796399e+25,0.87532246,0.8671589,310000.0,151467.38,149824.05,149824.06,18.954678,10.343582,8.54018,8.540146
1.796399e+25,0.8796779,0.6801161,310000.0,151467.36,149824.05,149824.05,18.954678,10.343558,8.540184,8.540145
1.796399e+25,0.8706671,0.7096826,310000.0,151467.34,149824.05,149824.03,18.954678,10.343163,8.540184,8.540146
1.796399e+25,0.8675899,0.87737423,310000.0,151467.4,149824.06,149824.05,18.954678,10.343639,8.54018,8.540145
1.796399e+25,0.8631693,0.7748439,310000.0,151467.33,149824.06,149824.06,18.954678,10.343235,8.540183,8.540146
1.796399e+25,0.8670395,0.75540334,310000.0,151467.38,149824.06,149824.05,18.954678,10.343416,8.540183,8.540146
1.796399e+25,0.8666098,0.70156366,310000.0,151467.34,149824.08,149824.06,18.954678,10.343231,8.540186,8.540146
1.796399e+25,0.86827904,0.6813774,310000.0,151467.38,149824.05,149824.03,18.954678,10.343304,8.540185,8.540147
1.796399e+25,0.87395805,0.6907443,310000.0,151467.4,149824.05,149824.05,18.954678,10.343742,8.540185,8.540145
1.796399e+25,0.8717685,0.6790405,310000.0,151467.38,149824.06,149824.06,18.954678,10.343132,8.540184,8.540146
1.796399e+25,0.8570727,0.69920415,310000.0,151467.38,149824.05,149824.06,18.954678,10.343352,8.540184,8.540145
1.796399e+25,0.87075025,0.912957,310000.0,151467.4,149824.05,149824.05,18.954678,10.343348,8.540178,8.540145
1.796399e+25,0.87215924,0.9222518,310000.0,151467.39,149824.08,149824.05,18.954678,10.343625,8.540176,8.540146
1.796399e+25,0.85846424,0.7464145,310000.0,151467.39,149824.05,149824.06,18.954678,10.343646,8.540183,8.540145
1.796399e+25,0.8797035,0.6766423,310000.0,151467.38,149824.05,149824.05,18.954678,10.343342,8.540184,8.540146
1.796399e+25,0.8712173,0.7351096,310000.0,151467.42,149824.05,149824.05,18.954678,10.343497,8.540185,8.540146
1.796399e+25,0.87347454,0.6862066,310000.0,151467.38,149824.03,149824.05,18.954678,10.343573,8.540185,8.540145
1.796399e+25,0.8726091,0.6911277,310000.0,151467.39,149824.06,149824.05,18.954678,10.343158,8.540185,8.540146
1.796399e+25,0.8629313,0.79643935,310000.0,151467.44,149824.06,149824.05,18.954678,10.343586,8.540183,8.540145
1.796399e+25,0.8603985,0.75675064,310000.0,151467.34,149824.05,149824.05,18.954678,10.3431635,8.540182,8.540146
1.796399e+25,0.8674943,0.9467746,310000.0,151467.42,149824.05,149824.05,18.954678,10.343661,8.5401745,8.540146
1.796399e+25,0.8783454,0.7911705,310000.0,151467.33,149824.06,149824.06,18.954678,10.343377,8.540182,8.540146
1.796399e+25,0.86700386,0.7068134,310000.0,151467.38,149824.08,149824.05,18.954678,10.343182,8.540185,8.540146
1.796399e+25,0.88075185,0.68713796,310000.0,151467.38,149824.05,149824.05,18.954678,10.343609,8.540184,8.540146
1.796399e+25,0.8623726,0.7103786,310000.0,151467.39,149824.06,149824.03,18.954678,10.343654,8.540184,8.540146
1.796399e+25,0.8723541,0.6835123,310000.0,151467.39,149824.06,149824.05,18.954678,10.34326,8.540184,8.540147
1.796399e+25,0.85954666,0.69136226,310000.0,151467.36,149824.05,149824.06,18.954678,10.34341,8.540184,8.540146
1.796399e+25,0.8719273,0.68698466,310000.0,151467.34,149824.06,149824.06,18.954678,10.343298,8.540184,8.540145
1.796399e+25,0.8808238,0.68965364,310000.0,151467.36,149824.05,149824.02,18.954678,10.343263,8.540185,8.540146
1.796399e+25,0.8731091,0.85951114,310000.0,151467.38,149824.06,149824.06,18.954678,10.343351,8.540181,8.540146
1.796399e+25,0.858327,0.93002564,310000.0,151467.34,149824.05,149824.03,18.954678,10.343343,8.540175,8.540145
1.796399e+25,0.8695457,0.68624866,310000.0,151467.36,149824.06,149824.05,18.954678,10.343191,8.540184,8.540145
1.796399e+25,0.86261433,0.9006519,310000.0,151467.36,149824.06,149824.06,18.954678,10.343461,8.540179,8.540145
1.796399e+25,0.86470854,0.8702088,310000.0,151467.38,149824.05,149824.03,18.954678,10.343551,8.54018,8.540145
1.796399e+25,0.8913942,0.68501705,310000.0,151467.36,149824.05,149824.06,18.954678,10.343166,8.540184,8.540146
1.796399e+25,0.86762255,0.6896388,310000.0,151467.36,149824.06,149824.05,18.954678,10.343276,8.540185,8.540146
1.796399e+25,0.86895,0.8486885,310000.0,151467.42,149824.05,149824.05,18.954678,10.343832,8.540181,8.540145
1.796399e+25,0.87902564,0.800883,310000.0,151467.39,149824.05,149824.05,18.954678,10.343362,8.540183,8.540146
1.796399e+25,0.8865559,0.78605187,310000.0,151467.39,149824.05,149824.03,18.954678,10.343316,8.540183,8.540145
1.796399e+25,0.89303863,0.7335737,310000.0,151467.39,149824.05,149824.05,18.954678,10.343662,8.540184,8.540146
1.796399e+25,0.86159503,0.7321747,310000.0,151467.39,149824.05,149824.02,18.954678,10.343392,8.540183,8.540145
1.796399e+25,0.8701369,0.85302484,310000.0,151467.42,149824.05,149824.03,18.954678,10.343554,8.540181,8.540146
1.796399e+25,0.8784648,0.89946795,310000.0,151467.42,149824.05,149824.03,18.954678,10.343834,8.540179,8.540146
1.796399e+25,0.8639371,0.7409888,310000.0,151467.38,149824.05,149824.06,18.954678,10.343442,8.540183,8.540145
1.796399e+25,0.8642578,0.702925,310000.0,151467.38,149824.06,149824.03,18.954678,10.343277,8.540184,8.540145
1.796399e+25,0.87366825,0.89805233,310000.0,151467.38,149824.05,149824.06,18.954678,10.342999,8.540179,8.540145
1.796399e+25,0.8655147,0.88614374,310000.0,151467.39,149824.05,149824.05,18.954678,10.343354,8.54018,8.540145
1.796399e+25,0.8493951,0.7765004,310000.0,151467.34,149824.06,149824.03,18.954678,10.343318,8.540183,8.540144
1.796399e+25,0.85397315,0.69312775,310000.0,151467.31,149824.06,149824.05,18.954678,10.343198,8.540184,8.540145
1.796399e+25,0.8637584,0.68249404,310000.0,151467.33,149824.06,149824.05,18.954678,10.343624,8.540185,8.540146
1.796399e+25,0.86888826,0.68490815,310000.0,151467.36,149824.05,149824.03,18.954678,10.343588,8.540185,8.540146
1.796399e+25,0.8655167,0.7035479,310000.0,151467.3,149824.05,149824.06,18.954678,10.343093,8.540184,8.540146
1.796399e+25,0.8602606,0.7019292,310000.0,151467.44,149824.05,149824.06,18.954678,10.343762,8.540183,8.540146
1.796399e+25,0.86530966,0.88529146,310000.0,151467.36,149824.08,149824.08,18.954678,10.34313,8.540179,8.540145
1.796399e+25,0.8710927,0.6907605,310000.0,151467.31,149824.03,149824.05,18.954678,10.343429,8.540184,8.540145
1.796399e+25,0.8607648,0.71584535,310000.0,151467.4,149824.08,149824.06,18.954678,10.343778,8.540185,8.540146
1.796399e+25,0.86360383,0.8915498,310000.0,151467.38,149824.06,149824.05,18.954678,10.343222,8.540179,8.540146
1.796399e+25,0.8575688,0.71147084,310000.0,151467.34,149824.05,149824.05,18.954678,10.343125,8.540186,8.540146
1.796399e+25,0.8600009,0.6923312,310000.0,151467.38,149824.05,149824.06,18.954678,10.343459,8.540186,8.540146
1.796399e+25,0.8556977,0.7178649,310000.0,151467.38,149824.03,149824.05,18.954678,10.3434,8.540186,8.540146
1.796399e+25,0.8753854,0.85249543,310000.0,151467.38,149824.06,149824.05,18.954678,10.343413,8.540181,8.540146
1.796399e+25,0.86507535,0.8350478,310000.0,151467.38,149824.05,149824.05,18.954678,10.343402,8.540181,8.540145
1.796399e+25,0.86267895,0.883603,310000.0,151467.4,149824.05,149824.05,18.954678,10.343521,8.540179,8.540145
1.796399e+25,0.8606704,0.8773004,310000.0,151467.36,149824.05,149824.06,18.954678,10.343214,8.54018,8.540146
1.796399e+25,0.8612852,0.7033539,310000.0,151467.42,149824.05,149824.03,18.954678,10.343527,8.540185,8.540145
1.796399e+25,0.86729527,0.8992311,310000.0,151467.45,149824.05,149824.06,18.954678,10.343905,8.540179,8.540145
1.796399e+25,0.8531522,0.90810317,310000.0,151467.39,149824.06,149824.06,18.954678,10.343449,8.540179,8.540146
1.796399e+25,0.85296935,0.9118949,310000.0,151467.42,149824.06,149824.06,18.954678,10.3433275,8.540179,8.540146
1.796399e+25,0.8491384,0.85026646,310000.0,151467.44,149824.06,149824.03,18.954678,10.343814,8.540182,8.540145
1.796399e+25,0.87992185,0.6853787,310000.0,151467.36,149824.05,149824.06,18.954678,10.343199,8.540184,8.540146
1.796399e+25,0.861486,0.6807039,310000.0,151467.38,149824.05,149824.06,18.954678,10.343446,8.540184,8.540145
1.796399e+25,0.8598502,0.7332558,310000.0,151467.4,149824.05,149824.06,18.954678,10.343583,8.540184,8.540145
1.796399e+25,0.8743698,0.7143136,310000.0,151467.38,149824.05,149824.05,18.954678,10.343329,8.540186,8.540145
1.796399e+25,0.87012255,0.6857616,310000.0,151467.39,149824.05,149824.05,18.954678,10.343004,8.540185,8.540146
1.796399e+25,0.86949205,0.7160006,310000.0,151467.36,149824.03,149824.06,18.954678,10.3435755,8.540183,8.540146
250759.14,0.013121609,0.017648676,37000.0,151467.4,149824.06,149824.05,0.7491672,10.34342,8.540176,8.540172
250759.14,0.015816176,0.009127249,37000.0,151467.39,149824.05,149824.05,0.7491672,10.343173,8.540181,8.540164
250759.14,0.012608951,0.005484895,37000.0,151467.34,149824.06,149824.05,0.7491672,10.343621,8.540183,8.540161
250759.14,0.011136569,0.020287633,37000.0,151467.39,149824.05,149824.05,0.7491672,10.343575,8.540176,8.540171
250759.14,0.013010902,0.0127048185,37000.0,151467.34,149824.06,149824.06,0.7491672,10.3434,8.540179,8.540163
250759.14,0.013077431,0.011603953,37000.0,151467.44,149824.05,149824.06,0.7491672,10.343499,8.54018,8.540171
250759.14,0.014692987,0.011818225,37000.0,151467.38,149824.05,149824.05,0.7491672,10.34381,8.540179,8.540158
250759.14,0.014225685,0.021631546,37000.0,151467.4,149824.05,149824.05,0.7491672,10.343716,8.540176,8.540168
250759.14,0.017630732,0.0046866117,37000.0,151467.36,149824.03,149824.06,0.7491672,10.343206,8.540184,8.540152
250759.14,0.014183858,0.0061790273,37000.0,151467.44,149824.06,149824.05,0.7491672,10.343486,8.540182,8.540164
250759.14,0.014541258,0.0052066874,37000.0,151467.34,149824.05,149824.06,0.7491672,10.343273,8.540183,8.540153
250759.14,0.014846651,0.0077256775,37000.0,151467.4,149824.05,149824.03,0.7491672,10.343581,8.540181,8.540176
250759.14,0.01195629,0.020874256,37000.0,151467.39,149824.06,149824.05,0.7491672,10.343305,8.540176,8.540167
250759.14,0.01197766,0.020477302,37000.0,151467.33,149824.03,149824.06,0.7491672,10.343236,8.540176,8.540155
250759.14,0.014860818,0.015925968,37000.0,151467.36,149824.05,149824.06,0.7491672,10.343272,8.540178,8.540149
250759.14,0.014506667,0.011809903,37000.0,151467.44,149824.06,149824.03,0.7491672,10.343323,8.54018,8.540155
250759.14,0.014246102,0.009593404,37000.0,151467.3,149824.05,149824.05,0.7491672,10.343316,8.540181,8.540175
250759.14,0.01569478,0.011601087,37000.0,151467.4,149824.05,149824.06,0.7491672,10.3434725,8.54018,8.540171
250759.14,0.015710097,0.022985265,37000.0,151467.42,149824.05,149824.05,0.7491672,10.343222,8.540176,8.540156
250759.14,0.01641434,0.022167826,37000.0,151467.36,149824.05,149824.05,0.7491672,10.343269,8.540175,8.540155
250759.14,0.018560216,0.0035154573,37000.0,151467.33,149824.05,149824.03,0.7491672,10.342936,8.540185,8.540149
250759.14,0.016158741,0.0041781766,37000.0,151467.38,149824.05,149824.05,0.7491672,10.343322,8.540184,8.540164
250759.14,0.013951458,0.0053614695,37000.0,151467.36,149824.05,149824.03,0.7491672,10.343523,8.540183,8.540168
250759.14,0.0149699915,0.01640253,37000.0,151467.36,149824.06,149824.06,0.7491672,10.343259,8.540178,8.540165
250759.14,0.016131371,0.007767371,37000.0,151467.39,149824.06,149824.08,0.7491672,10.343817,8.540181,8.540161
250759.14,0.014206282,0.02959307,37000.0,151467.36,149824.05,149824.05,0.7491672,10.343742,8.5401745,8.540165
250759.14,0.014604241,0.023589272,37000.0,151467.34,149824.03,149824.08,0.7491672,10.3434305,8.5401745,8.540169
250759.14,0.012557596,0.005689397,37000.0,151467.4,149824.05,149824.03,0.7491672,10.343467,8.540182,8.540158
250759.14,0.014220649,0.013779516,37000.0,151467.4,149824.06,149824.06,0.7491672,10.343398,8.540179,8.540156
250759.14,0.014829358,0.01011509,37000.0,151467.39,149824.05,149824.05,0.7491672,10.343395,8.540181,8.540165
250759.14,0.014719729,0.011574891,37000.0,151467.39,149824.08,149824.05,0.7491672,10.343053,8.54018,8.54016
250759.14,0.012661128,0.008181201,37000.0,151467.36,149824.03,149824.05,0.7491672,10.343194,8.54018,8.5401535
250759.14,0.012610771,0.015484691,37000.0,151467.31,149824.06,149824.05,0.7491672,10.343234,8.540178,8.540155
250759.14,0.015062052,0.0039595044,37000.0,151467.38,149824.05,149824.08,0.7491672,10.343733,8.540183,8.540157
250759.14,0.0142834,0.019812359,37000.0,151467.38,149824.03,149824.06,0.7491672,10.3436775,8.540177,8.540155
250759.14,0.015082455,0.0052951784,37000.0,151467.38,149824.03,149824.05,0.7491672,10.343594,8.540182,8.540166
250759.14,0.014788166,0.006155904,37000.0,151467.39,149824.05,149824.08,0.7491672,10.343545,8.540182,8.540167
250759.14,0.013736108,0.008043875,37000.0,151467.45,149824.03,149824.05,0.7491672,10.343812,8.540181,8.54015
250759.14,0.015803488,0.008752523,37000.0,151467.36,149824.03,149824.06,0.7491672,10.343593,8.540181,8.540166
250759.14,0.015764808,0.011196944,37000.0,151467.38,149824.06,149824.05,0.7491672,10.34335,8.54018,8.540161
250759.14,0.014287778,0.015069341,37000.0,151467.34,149824.05,149824.05,0.7491672,10.343532,8.540179,8.5401745
250759.14,0.013960344,0.008097905,37000.0,151467.38,149824.03,149824.05,0.7491672,10.343179,8.540181,8.54017
250759.14,0.013297783,0.014854472,37000.0,151467.39,149824.06,149824.05,0.7491672,10.343585,8.540178,8.540168
250759.14,0.01582404,0.003531138,37000.0,151467.36,149824.05,149824.05,0.7491672,10.343348,8.540185,8.540162
250759.14,0.015561091,0.013547348,37000.0,151467.36,149824.05,149824.05,0.7491672,10.343431,8.540178,8.540167
250759.14,0.012511866,0.018098542,37000.0,151467.36,149824.05,149824.05,0.7491672,10.343194,8.540176,8.540168
250759.14,0.015344562,0.0034601584,37000.0,151467.33,149824.03,149824.06,0.7491672,10.343552,8.540184,8.540174
250759.14,0.014416617,0.0153586585,37000.0,151467.44,149824.06,149824.05,0.7491672,10.343212,8.540178,8.540152
250759.14,0.014007127,0.0103100445,37000.0,151467.34,149824.06,149824.06,0.7491672,10.343325,8.54018,8.540164
250759.14,0.017270776,0.0035768577,37000.0,151467.44,149824.05,149824.03,0.7491672,10.3435135,8.540184,8.540151
250759.14,0.016303927,0.01171843,37000.0,151467.42,149824.06,149824.05,0.7491672,10.343606,8.54018,8.540154
250759.14,0.0149974795,0.007812755,37000.0,151467.38,149824.03,149824.06,0.7491672,10.34331,8.540181,8.5401535
250759.14,0.013214813,0.016184988,37000.0,151467.38,149824.06,149824.06,0.7491672,10.343166,8.540177,8.540147
250759.14,0.015851824,0.0077487393,37000.0,151467.38,149824.08,149824.06,0.7491672,10.343566,8.540181,8.540157
250759.14,0.014575805,0.011671468,37000.0,151467.47,149824.05,149824.03,0.7491672,10.343395,8.54018,8.540156
250759.14,0.012602482,0.004228691,37000.0,151467.4,149824.02,149824.05,0.7491672,10.3434105,8.540183,8.540161
250759.14,0.014437166,0.005057962,37000.0,151467.38,149824.06,149824.05,0.7491672,10.343319,8.540183,8.540162
250759.14,0.016240332,0.003978009,37000.0,151467.38,149824.03,149824.05,0.7491672,10.343318,8.540186,8.540156
250759.14,0.01499902,0.004449351,37000.0,151467.34,149824.05,149824.03,0.7491672,10.343348,8.540183,8.540161
250759.14,0.01615914,0.0033932775,37000.0,151467.42,149824.03,149824.05,0.7491672,10.343387,8.540184,8.540154
250759.14,0.014733716,0.004013191,37000.0,151467.42,149824.08,149824.06,0.7491672,10.343267,8.540185,8.540161
250759.14,0.013860126,0.010115342,37000.0,151467.42,149824.03,149824.03,0.7491672,10.343432,8.540181,8.54016
250759.14,0.016273472,0.0067346673,37000.0,151467.38,149824.03,149824.05,0.7491672,10.343264,8.540182,8.5401535
250759.14,0.015371468,0.004570687,37000.0,151467.38,149824.08,149824.06,0.7491672,10.343171,8.540184,8.540154
250759.14,0.017496925,0.0048430297,37000.0,151467.36,149824.05,149824.05,0.7491672,10.343149,8.540183,8.540155
250759.14,0.012585981,0.008756475,37000.0,151467.4,149824.08,149824.05,0.7491672,10.3434305,8.540181,8.54015
250759.14,0.013884021,0.010752519,37000.0,151467.31,149824.05,149824.06,0.7491672,10.343337,8.54018,8.540149
250759.14,0.014168293,0.019496692,37000.0,151467.3,149824.05,149824.08,0.7491672,10.343397,8.540176,8.540166
250759.14,0.016468588,0.012673527,37000.0,151467.34,149824.05,149824.05,0.7491672,10.343285,8.540178,8.540149
250759.14,0.014122213,0.017172713,37000.0,151467.36,149824.03,149824.05,0.7491672,10.34354,8.540177,8.54016
250759.14,0.014353337,0.01586853,37000.0,151467.42,149824.06,149824.06,0.7491672,10.343576,8.540177,8.5401535
250759.14,0.013667709,0.015093362,37000.0,151467.33,149824.06,149824.08,0.7491672,10.343142,8.540179,8.540164
250759.14,0.011187398,0.013392554,37000.0,151467.38,149824.08,149824.03,0.7491672,10.343452,8.540179,8.540174
250759.14,0.015899824,0.008572285,37000.0,151467.36,149824.03,149824.05,0.7491672,10.343086,8.540181,8.540151
250759.14,0.014577093,0.0047208583,37000.0,151467.36,149824.06,149824.05,0.7491672,10.343766,8.540182,8.540152
250759.14,0.0153168235,0.004927195,37000.0,151467.36,149824.05,149824.06,0.7491672,10.343684,8.540182,8.540156
250759.14,0.012603035,0.004460631,37000.0,151467.38,149824.05,149824.06,0.7491672,10.343562,8.540183,8.540164
250759.14,0.016097207,0.004964769,37000.0,151467.33,149824.08,149824.08,0.7491672,10.3429,8.540183,8.540148
250759.14,0.015186924,0.016963784,37000.0,151467.4,149824.06,149824.06,0.7491672,10.34364,8.540179,8.540162
250759.14,0.015627107,0.012520379,37000.0,151467.34,149824.06,149824.05,0.7491672,10.343389,8.540179,8.54015
250759.14,0.015923826,0.008506587,37000.0,151467.36,149824.06,149824.05,0.7491672,10.3434,8.540181,8.540146
250759.14,0.01619557,0.020001562,37000.0,151467.42,149824.06,149824.06,0.7491672,10.343649,8.540176,8.540169
250759.14,0.014928168,0.006605624,37000.0,151467.38,149824.05,149824.05,0.7491672,10.343411,8.540181,8.540176
250759.14,0.015150974,0.013944767,37000.0,151467.33,149824.05,149824.08,0.7491672,10.3433485,8.540179,8.54016
250759.14,0.016359756,0.0035177837,37000.0,151467.34,149824.05,149824.06,0.7491672,10.343395,8.540184,8.5401745
250759.14,0.014116858,0.014149518,37000.0,151467.36,149824.05,149824.05,0.7491672,10.343674,8.540178,8.540158
250759.14,0.014131423,0.02449076,37000.0,151467.39,149824.06,149824.05,0.7491672,10.343505,8.5401745,8.540155
250759.14,0.012930831,0.020855067,37000.0,151467.38,149824.05,149824.05,0.7491672,10.343505,8.540176,8.540144
250759.14,0.012995571,0.020881742,37000.0,151467.38,149824.06,149824.06,0.7491672,10.343491,8.540176,8.540156
250759.14,0.014685978,0.0034087726,37000.0,151467.39,149824.05,149824.05,0.7491672,10.343578,8.540185,8.540152
250759.14,0.01577253,0.0045027393,37000.0,151467.39,149824.06,149824.06,0.7491672,10.343289,8.540184,8.540152
250759.14,0.014031004,0.018408034,37000.0,151467.38,149824.08,149824.05,0.7491672,10.343414,8.540177,8.540144
250759.14,0.014577413,0.0056863157,37000.0,151467.42,149824.05,149824.06,0.7491672,10.3431,8.540183,8.540151
250759.14,0.0152317835,0.016121566,37000.0,151467.34,149824.03,149824.06,0.7491672,10.343408,8.540177,8.540142
250759.14,0.015249017,0.020307597,37000.0,151467.36,149824.06,149824.06,0.7491672,10.343236,8.540176,8.540151
250759.14,0.013882958,0.008156508,37000.0,151467.38,149824.06,149824.05,0.7491672,10.343466,8.540182,8.540159
250759.14,0.011389095,0.01036671,37000.0,151467.4,149824.05,149824.05,0.7491672,10.343748,8.54018,8.540162
250759.14,0.011076402,0.023132108,37000.0,151467.39,149824.05,149824.06,0.7491672,10.34372,8.540175,8.540173
250759.14,0.015199687,0.022616655,37000.0,151467.39,149824.05,149824.05,0.7491672,10.343404,8.540176,8.540153
250759.14,0.014072565,0.008096282,37000.0,151467.38,149824.06,149824.06,0.7491672,10.343304,8.540181,8.540161
250759.14,0.01637189,0.0077265473,37000.0,151467.38,149824.05,149824.05,0.7491672,10.343718,8.540181,8.540159
250759.14,0.014047567,0.006795248,37000.0,151467.34,149824.05,149824.05,0.7491672,10.343453,8.540182,8.5401535
250759.14,0.014637289,0.009152585,37000.0,151467.34,149824.05,149824.05,0.7491672,10.343535,8.540181,8.540158
250759.14,0.015370267,0.0034082006,37000.0,151467.39,149824.06,149824.06,0.7491672,10.343296,8.540184,8.540156
250759.14,0.013567884,0.015098071,37000.0,151467.39,149824.06,149824.08,0.7491672,10.343324,8.540177,8.540151
250759.14,0.014601259,0.016903032,37000.0,151467.4,149824.05,149824.05,0.7491672,10.34328,8.540177,8.540158
250759.14,0.01236445,0.02118533,37000.0,151467.34,149824.03,149824.03,0.7491672,10.343292,8.540175,8.540151
250759.14,0.011733941,0.008229063,37000.0,151467.44,149824.05,149824.06,0.7491672,10.343547,8.540181,8.540156
250759.14,0.013600152,0.018920798,37000.0,151467.42,149824.06,149824.08,0.7491672,10.343726,8.540176,8.540156
250759.14,0.015907329,0.0264147,37000.0,151467.34,149824.05,149824.06,0.7491672,10.343268,8.5401745,8.540166
250759.14,0.015969435,0.0080308765,37000.0,151467.42,149824.05,149824.05,0.7491672,10.34361,8.540181,8.5401535
250759.14,0.015215523,0.0067549385,37000.0,151467.4,149824.05,149824.05,0.7491672,10.343468,8.540181,8.540159
250759.14,0.014353605,0.018707689,37000.0,151467.36,149824.06,149824.05,0.7491672,10.343525,8.540177,8.540158
250759.14,0.016021883,0.018857587,37000.0,151467.42,149824.05,149824.06,0.7491672,10.343329,8.540177,8.540166
250759.14,0.0136482045,0.0051546237,37000.0,151467.38,149824.06,149824.06,0.7491672,10.343595,8.540183,8.540172
250759.14,0.015854672,0.009361603,37000.0,151467.34,149824.06,149824.06,0.7491672,10.343294,8.540181,8.54016
250759.14,0.01406557,0.005106929,37000.0,151467.38,149824.03,149824.06,0.7491672,10.343244,8.540183,8.540155
250759.14,0.013600627,0.019095363,37000.0,151467.42,149824.05,149824.05,0.7491672,10.343576,8.540176,8.540146
250759.14,0.012469531,0.011923654,37000.0,151467.34,149824.06,149824.05,0.7491672,10.343229,8.540179,8.540161
250759.14,0.016194923,0.0077711614,37000.0,151467.36,149824.06,149824.05,0.7491672,10.343188,8.540182,8.540149
250759.14,0.013300636,0.0066989064,37000.0,151467.31,149824.06,149824.05,0.7491672,10.343146,8.540182,8.54016
250759.14,0.014591101,0.0043976167,37000.0,151467.38,149824.05,149824.05,0.7491672,10.343259,8.540183,8.540174
250759.14,0.014815786,0.015301891,37000.0,151467.38,149824.06,149824.05,0.7491672,10.343406,8.540178,8.540167
250759.14,0.016189741,0.016299823,37000.0,151467.36,149824.03,149824.03,0.7491672,10.343287,8.540178,8.540144
250759.14,0.0159067,0.013733914,37000.0,151467.33,149824.06,149824.05,0.7491672,10.343367,8.540179,8.540152
250759.14,0.01614707,0.004912345,37000.0,151467.36,149824.06,149824.05,0.7491672,10.34343,8.540184,8.540141
250759.14,0.012935049,0.016268564,37000.0,151467.39,149824.05,149824.05,0.7491672,10.34335,8.540177,8.540145
250759.14,0.01324157,0.024842286,37000.0,151467.42,149824.06,149824.02,0.7491672,10.343892,8.540175,8.540126
250759.14,0.014749234,0.0055733286,37000.0,151467.38,149824.05,149824.06,0.7491672,10.343582,8.540182,8.540131
250759.14,0.015090749,0.011402829,37000.0,151467.39,149824.03,149824.05,0.7491672,10.3435,8.540179,8.54015
250759.14,0.015743116,0.03108349,37000.0,151467.4,149824.03,149824.06,0.7491672,10.343581,8.540174,8.540135
250759.14,0.013290281,0.014198135,37000.0,151467.44,149824.05,149824.06,0.7491672,10.3436,8.540179,8.540145
250759.14,0.01644126,0.003616155,37000.0,151467.36,149824.05,149824.02,0.7491672,10.343401,8.540185,8.540148
250759.14,0.01577914,0.018070756,37000.0,151467.4,149824.05,149824.03,0.7491672,10.343624,8.540176,8.540131
250759.14,0.01399244,0.023647372,37000.0,151467.34,149824.05,149824.06,0.7491672,10.343237,8.540176,8.54013
250759.14,0.01506451,0.010535388,37000.0,151467.4,149824.05,149824.03,0.7491672,10.343625,8.54018,8.540124
250759.14,0.016122427,0.010918342,37000.0,151467.38,149824.06,149824.05,0.7491672,10.343166,8.54018,8.540124
250759.14,0.0158918,0.0038214335,37000.0,151467.38,149824.06,149824.03,0.7491672,10.343384,8.540185,8.540145
250759.14,0.015921047,0.021768672,37000.0,151467.31,149824.05,149824.05,0.7491672,10.343158,8.540176,8.540156
250759.14,0.016946107,0.007201569,37000.0,151467.31,149824.05,149824.05,0.7491672,10.342764,8.540181,8.540133
250759.14,0.01406008,0.004186785,37000.0,151467.38,149824.05,149824.05,0.7491672,10.343323,8.540184,8.540146
250759.14,0.014635198,0.026385603,37000.0,151467.44,149824.06,149824.05,0.7491672,10.343893,8.540176,8.540137
250759.14,0.016943712,0.008684838,37000.0,151467.39,149824.05,149824.05,0.7491672,10.34363,8.540181,8.540141
250759.14,0.015165529,0.009143988,37000.0,151467.34,149824.05,149824.06,0.7491672,10.3436,8.540181,8.5401325
250759.14,0.016451161,0.00411982,37000.0,151467.33,149824.06,149824.05,0.7491672,10.343351,8.540183,8.540134
250759.14,0.017017424,0.021085288,37000.0,151467.36,149824.05,149824.05,0.7491672,10.343275,8.540176,8.540142
250759.14,0.015102615,0.020600902,37000.0,151467.47,149824.06,149824.03,0.7491672,10.3437605,8.540176,8.540151
250759.14,0.015777554,0.026888698,37000.0,151467.31,149824.08,149824.05,0.7491672,10.343194,8.540175,8.540127
250759.14,0.016799845,0.0043864744,37000.0,151467.33,149824.03,149824.03,0.7491672,10.343217,8.540184,8.54014
250759.14,0.017250163,0.008408171,37000.0,151467.36,149824.06,149824.05,0.7491672,10.343284,8.540181,8.540129
250759.14,0.015453424,0.012445351,37000.0,151467.39,149824.03,149824.05,0.7491672,10.343837,8.54018,8.540152
250759.14,0.017153423,0.018866861,37000.0,151467.39,149824.06,149824.03,0.7491672,10.34337,8.540176,8.54013
250759.14,0.014509826,0.018650997,37000.0,151467.4,149824.05,149824.05,0.7491672,10.343715,8.540178,8.540145
250759.14,0.019378921,0.017092615,37000.0,151467.34,149824.06,149824.05,0.7491672,10.34344,8.540178,8.540135
250759.14,0.016541038,0.013428574,37000.0,151467.39,149824.06,149824.05,0.7491672,10.343729,8.540179,8.540133
250759.14,0.017093604,0.0034625768,37000.0,151467.4,149824.08,149824.05,0.7491672,10.343511,8.540185,8.540144
250759.14,0.016430784,0.020388441,37000.0,151467.33,149824.05,149824.05,0.7491672,10.343218,8.540176,8.54015
250759.14,0.015362709,0.0043742224,37000.0,151467.39,149824.06,149824.05,0.7491672,10.343209,8.540184,8.540134
250759.14,0.016422676,0.030500649,37000.0,151467.42,149824.05,149824.06,0.7491672,10.343573,8.5401745,8.540136
250759.14,0.013904585,0.021164695,37000.0,151467.39,149824.06,149824.06,0.7491672,10.343629,8.540177,8.540139
250759.14,0.01598089,0.01564938,37000.0,151467.39,149824.06,149824.03,0.7491672,10.34333,8.540178,8.540144
250759.14,0.014757741,0.0071198726,37000.0,151467.33,149824.05,149824.05,0.7491672,10.343557,8.540182,8.54015
250759.14,0.015076532,0.0036909874,37000.0,151467.4,149824.06,149824.03,0.7491672,10.34377,8.540185,8.540133
250759.14,0.012452384,0.01512392,37000.0,151467.33,149824.06,149824.05,0.7491672,10.3431,8.540178,8.540122
250759.14,0.014953401,0.013996961,37000.0,151467.39,149824.06,149824.06,0.7491672,10.34364,8.54018,8.540142
250759.14,0.014458337,0.014428721,37000.0,151467.4,149824.06,149824.06,0.7491672,10.343408,8.540179,8.540129
250759.14,0.017687747,0.030774096,37000.0,151467.39,149824.05,149824.03,0.7491672,10.343617,8.5401745,8.5401325
250759.14,0.013409888,0.016463745,37000.0,151467.38,149824.06,149824.05,0.7491672,10.342953,8.540178,8.540138
250759.14,0.016105209,0.03729266,37000.0,151467.39,149824.06,149824.06,0.7491672,10.343112,8.540173,8.540131
250759.14,0.01537189,0.0055696876,37000.0,151467.42,149824.05,149824.05,0.7491672,10.343333,8.540183,8.540135
250759.14,0.01475313,0.020021873,37000.0,151467.38,149824.06,149824.05,0.7491672,10.3432865,8.540178,8.540144
250759.14,0.015713012,0.026966907,37000.0,151467.34,149824.05,149824.06,0.7491672,10.343383,8.540175,8.540132
250759.14,0.01626713,0.0085081505,37000.0,151467.36,149824.05,149824.05,0.7491672,10.343277,8.540181,8.540139
250759.14,0.015897142,0.015548028,37000.0,151467.42,149824.06,149824.03,0.7491672,10.343503,8.540179,8.540148
250759.14,0.015884215,0.005156592,37000.0,151467.34,149824.05,149824.05,0.7491672,10.342975,8.540182,8.540149
250759.14,0.015388689,0.010864964,37000.0,151467.36,149824.05,149824.05,0.7491672,10.343251,8.540181,8.540136
250759.14,0.013988721,0.010853695,37000.0,151467.44,149824.05,149824.05,0.7491672,10.343517,8.54018,8.540135
250759.14,0.016181573,0.024210526,37000.0,151467.4,149824.05,149824.06,0.7491672,10.343581,8.540175,8.540144
250759.14,0.015927056,0.01716893,37000.0,151467.39,149824.05,149824.05,0.7491672,10.343142,8.540178,8.540123
250759.14,0.014783767,0.019802842,37000.0,151467.39,149824.05,149824.06,0.7491672,10.343533,8.540177,8.540147
250759.14,0.016113868,0.0120624155,37000.0,151467.38,149824.06,149824.05,0.7491672,10.343795,8.54018,8.540145
250759.14,0.017066948,0.0050175353,37000.0,151467.34,149824.03,149824.05,0.7491672,10.343093,8.540184,8.540143
250759.14,0.015113189,0.017259998,37000.0,151467.34,149824.05,149824.06,0.7491672,10.343127,8.540178,8.540143
250759.14,0.014928444,0.019919628,37000.0,151467.47,149824.05,149824.05,0.7491672,10.343504,8.540177,8.540152
250759.14,0.012139979,0.014300143,37000.0,151467.4,149824.06,149824.05,0.7491672,10.343614,8.540179,8.540137
250759.14,0.01623523,0.0041628536,37000.0,151467.39,149824.05,149824.05,0.7491672,10.343488,8.540184,8.540144
250759.14,0.015606681,0.013653112,37000.0,151467.34,149824.06,149824.05,0.7491672,10.343162,8.540179,8.540143
250759.14,0.0153564885,0.021565098,37000.0,151467.44,149824.03,149824.06,0.7491672,10.343521,8.540176,8.540143
250759.14,0.014525088,0.020239383,37000.0,151467.39,149824.05,149824.03,0.7491672,10.343603,8.540177,8.540151
250759.14,0.0155531615,0.0038357528,37000.0,151467.4,149824.05,149824.06,0.7491672,10.343438,8.540184,8.5401325
250759.14,0.01730388,0.009631521,37000.0,151467.34,149824.06,149824.06,0.7491672,10.34333,8.54018,8.540151
250759.14,0.01692204,0.0083404835,37000.0,151467.36,149824.06,149824.03,0.7491672,10.343454,8.540182,8.540146
250759.14,0.015076836,0.011505612,37000.0,151467.4,149824.03,149824.05,0.7491672,10.343531,8.540179,8.540141
250759.14,0.0153061,0.028376943,37000.0,151467.42,149824.06,149824.06,0.7491672,10.343783,8.5401745,8.540133
250759.14,0.015006863,0.018348364,37000.0,151467.38,149824.03,149824.03,0.7491672,10.343198,8.540177,8.540134
250759.14,0.014340113,0.02561528,37000.0,151467.39,149824.06,149824.05,0.7491672,10.343264,8.540175,8.540134
250759.14,0.01646327,0.003488828,37000.0,151467.39,149824.03,149824.05,0.7491672,10.343463,8.540184,8.540138
250759.14,0.01534096,0.014284788,37000.0,151467.39,149824.06,149824.05,0.7491672,10.343376,8.540179,8.540138
250759.14,0.014135211,0.01811243,37000.0,151467.36,149824.03,149824.06,0.7491672,10.343307,8.540177,8.540135
250759.14,0.015281083,0.02096889,37000.0,151467.4,149824.03,149824.03,0.7491672,10.343388,8.540176,8.540124
250759.14,0.017292697,0.0051363786,37000.0,151467.39,149824.06,149824.05,0.7491672,10.343584,8.540183,8.54013
250759.14,0.016993335,0.0037289609,37000.0,151467.42,149824.08,149824.03,0.7491672,10.343552,8.540185,8.540141
250759.14,0.017199494,0.010128765,37000.0,151467.36,149824.06,149824.05,0.7491672,10.343266,8.54018,8.540152
250759.14,0.017087778,0.0035909337,37000.0,151467.38,149824.06,149824.05,0.7491672,10.343427,8.540186,8.540147
250759.14,0.013263888,0.0070928847,37000.0,151467.36,149824.06,149824.05,0.7491672,10.343303,8.540182,8.540149
250759.14,0.014494488,0.011288475,37000.0,151467.33,149824.06,149824.03,0.7491672,10.343377,8.540179,8.540126
250759.14,0.015368175,0.0060371873,37000.0,151467.3,149824.05,149824.05,0.7491672,10.343239,8.540183,8.540135
250759.14,0.014976509,0.007317258,37000.0,151467.36,149824.05,149824.06,0.7491672,10.343308,8.540182,8.5401325
250759.14,0.014986313,0.009845595,37000.0,151467.36,149824.06,149824.06,0.7491672,10.343374,8.540181,8.540144
250759.14,0.014130836,0.007142686,37000.0,151467.39,149824.06,149824.06,0.7491672,10.343504,8.540182,8.540137
250759.14,0.016342763,0.011579408,37000.0,151467.38,149824.05,149824.03,0.7491672,10.343548,8.54018,8.540139
250759.14,0.016276205,0.014162086,37000.0,151467.38,149824.06,149824.03,0.7491672,10.343112,8.540178,8.540142
250759.14,0.013822321,0.009821052,37000.0,151467.34,149824.03,149824.03,0.7491672,10.343284,8.540181,8.5401325
250759.14,0.01543311,0.0035369347,37000.0,151467.33,149824.03,149824.03,0.7491672,10.343022,8.540184,8.540135
250759.14,0.014252204,0.014376999,37000.0,151467.39,149824.06,149824.05,0.7491672,10.343453,8.540178,8.54014
250759.14,0.0149568,0.010840824,37000.0,151467.39,149824.06,149824.06,0.7491672,10.343195,8.540179,8.540135
250759.14,0.016222736,0.004263726,37000.0,151467.42,149824.03,149824.03,0.7491672,10.343669,8.540184,8.540148
250759.14,0.013509032,0.021986935,37000.0,151467.39,149824.05,149824.03,0.7491672,10.343499,8.540175,8.540146
250759.14,0.014191425,0.007581633,37000.0,151467.4,149824.05,149824.05,0.7491672,10.343508,8.540182,8.540147
250759.14,0.015399079,0.0038219937,37000.0,151467.33,149824.05,149824.05,0.7491672,10.3429785,8.540184,8.540148
250759.14,0.015439251,0.005289478,37000.0,151467.39,149824.05,149824.05,0.7491672,10.343333,8.540183,8.540138
250759.14,0.014024677,0.011243746,37000.0,151467.4,149824.05,149824.05,0.7491672,10.34349,8.54018,8.540146
250759.14,0.013648154,0.019846253,37000.0,151467.34,149824.06,149824.06,0.7491672,10.343252,8.540176,8.540134
250759.14,0.015256701,0.0035643622,37000.0,151467.38,149824.03,149824.05,0.7491672,10.343341,8.540185,8.540135
250759.14,0.016134318,0.005705325,37000.0,151467.34,149824.03,149824.06,0.7491672,10.343473,8.540182,8.540126
250759.14,0.016834406,0.003694421,37000.0,151467.33,149824.05,149824.05,0.7491672,10.342999,8.540184,8.540139
250759.14,0.015612377,0.015143792,37000.0,151467.36,149824.05,149824.03,0.7491672,10.343736,8.540178,8.54014
250759.14,0.016030937,0.016998403,37000.0,151467.38,149824.05,149824.05,0.7491672,10.343533,8.540178,8.5401535
250759.14,0.016100196,0.026950173,37000.0,151467.39,149824.05,149824.06,0.7491672,10.343511,8.540175,8.540135
250759.14,0.014164071,0.012282098,37000.0,151467.33,149824.06,149824.05,0.7491672,10.343517,8.540181,8.540138
250759.14,0.01763537,0.018510127,37000.0,151467.36,149824.05,149824.05,0.7491672,10.3435335,8.540178,8.540137
250759.14,0.015005283,0.018160995,37000.0,151467.42,149824.08,149824.05,0.7491672,10.343747,8.540176,8.540135
250759.14,0.016066412,0.00795673,37000.0,151467.38,149824.03,149824.03,0.7491672,10.343387,8.540181,8.540133
250759.14,0.016336886,0.010601971,37000.0,151467.42,149824.06,149824.08,0.7491672,10.343466,8.54018,8.540134
250759.14,0.014803889,0.016441345,37000.0,151467.39,149824.03,149824.06,0.7491672,10.343733,8.540178,8.540132
250759.14,0.016943738,0.0065678274,37000.0,151467.39,149824.06,149824.05,0.7491672,10.343545,8.540182,8.540139
250759.14,0.017140301,0.0058528283,37000.0,151467.34,149824.05,149824.05,0.7491672,10.343024,8.540182,8.540133
250759.14,0.017459301,0.0036007029,37000.0,151467.42,149824.05,149824.03,0.7491672,10.343794,8.540186,8.540132
250759.14,0.014733044,0.0040984447,37000.0,151467.36,149824.05,149824.05,0.7491672,10.343494,8.540184,8.540144
250759.14,0.018643586,0.0049637267,37000.0,151467.33,149824.05,149824.06,0.7491672,10.343507,8.540182,8.54015
250759.14,0.015719153,0.017126875,37000.0,151467.42,149824.05,149824.06,0.7491672,10.343874,8.540178,8.540128
250759.14,0.0155375,0.0044029774,37000.0,151467.39,149824.03,149824.1,0.7491672,10.343348,8.540183,8.540147
250759.14,0.014709904,0.0038414262,37000.0,151467.38,149824.06,149824.06,0.7491672,10.343552,8.540186,8.540146
250759.14,0.0161682,0.01859491,37000.0,151467.34,149824.06,149824.06,0.7491672,10.343045,8.540177,8.540138
250759.14,0.017433701,0.0044109416,37000.0,151467.34,149824.05,149824.05,0.7491672,10.343318,8.540183,8.540141
250759.14,0.015365597,0.0044278214,37000.0,151467.31,149824.06,149824.05,0.7491672,10.34318,8.540184,8.540143
250759.14,0.015074853,0.030389499,37000.0,151467.39,149824.05,149824.08,0.7491672,10.343392,8.5401745,8.540145
250759.14,0.017907836,0.0045207543,37000.0,151467.36,149824.06,149824.06,0.7491672,10.343427,8.540183,8.540144
250759.14,0.016599493,0.004112749,37000.0,151467.38,149824.03,149824.05,0.7491672,10.343289,8.540185,8.540143
250759.14,0.016679807,0.010251804,37000.0,151467.38,149824.06,149824.06,0.7491672,10.343632,8.54018,8.540151
250759.14,0.016546404,0.003734583,37000.0,151467.33,149824.05,149824.05,0.7491672,10.343135,8.540185,8.540135
250759.14,0.014613869,0.011165574,37000.0,151467.42,149824.05,149824.03,0.7491672,10.343427,8.54018,8.540136
250759.14,0.016633278,0.018623224,37000.0,151467.33,149824.06,149824.05,0.7491672,10.343027,8.540177,8.540143
250759.14,0.015376851,0.012639135,37000.0,151467.4,149824.05,149824.06,0.7491672,10.343258,8.540179,8.540142
250759.14,0.015484287,0.0065781367,37000.0,151467.33,149824.05,149824.08,0.7491672,10.343278,8.540182,8.540139
250759.14,0.015399022,0.0137811415,37000.0,151467.38,149824.06,149824.06,0.7491672,10.343603,8.540179,8.5401325
250759.14,0.014568623,0.020264419,37000.0,151467.4,149824.05,149824.05,0.7491672,10.343473,8.540177,8.540139
250759.14,0.016137546,0.0037915658,37000.0,151467.36,149824.05,149824.06,0.7491672,10.343244,8.540185,8.540149
250759.14,0.016752914,0.017867379,37000.0,151467.38,149824.06,149824.06,0.7491672,10.343588,8.540178,8.540138
250759.14,0.015302394,0.026308302,37000.0,151467.4,149824.05,149824.1,0.7491672,10.343557,8.540175,8.540135
250759.14,0.014430207,0.014029228,37000.0,151467.38,149824.03,149824.06,0.7491672,10.342987,8.540179,8.540139
250759.14,0.016468704,0.017285377,37000.0,151467.38,149824.05,149824.05,0.7491672,10.343294,8.540177,8.540137
250759.14,0.0142634,0.0052627036,37000.0,151467.38,149824.06,149824.05,0.7491672,10.343291,8.540184,8.540134
250759.14,0.018696435,0.00924218,37000.0,151467.33,149824.05,149824.05,0.7491672,10.343475,8.54018,8.540133
250759.14,0.015372698,0.01592596,37000.0,151467.31,149824.06,149824.06,0.7491672,10.343015,8.540178,8.540149
250759.14,0.014276346,0.0042977654,37000.0,151467.34,149824.05,149824.05,0.7491672,10.34309,8.540184,8.540142
250759.14,0.016216554,0.009098497,37000.0,151467.38,149824.06,149824.08,0.7491672,10.343434,8.540181,8.540131
250759.14,0.016436126,0.003717673,37000.0,151467.42,149824.03,149824.05,0.7491672,10.343664,8.540184,8.540126
250759.14,0.015259001,0.005291392,37000.0,151467.34,149824.05,149824.05,0.7491672,10.343368,8.540183,8.540137
250759.14,0.015205155,0.00889306,37000.0,151467.36,149824.06,149824.08,0.7491672,10.343354,8.540181,8.54015
250759.14,0.015329849,0.004001969,37000.0,151467.38,149824.03,149824.08,0.7491672,10.343454,8.540184,8.540139
250759.14,0.016352965,0.003872037,37000.0,151467.36,149824.06,149824.05,0.7491672,10.343519,8.540186,8.540138
250759.14,0.016731447,0.0036768857,37000.0,151467.38,149824.03,149824.03,0.7491672,10.343336,8.540185,8.540132
250759.14,0.015094045,0.019976974,37000.0,151467.4,149824.05,149824.03,0.7491672,10.343508,8.540176,8.540145
250759.14,0.016980609,0.014072354,37000.0,151467.36,149824.06,149824.05,0.7491672,10.343458,8.540179,8.540137
250759.14,0.015435122,0.014560729,37000.0,151467.4,149824.05,149824.03,0.7491672,10.343272,8.54018,8.540142
250759.14,0.014801062,0.026680829,37000.0,151467.33,149824.05,149824.06,0.7491672,10.343024,8.540175,8.540134
250759.14,0.017584058,0.0043549626,37000.0,151467.36,149824.06,149824.06,0.7491672,10.343409,8.540183,8.540143
250759.14,0.014119986,0.0117157195,37000.0,151467.36,149824.05,149824.08,0.7491672,10.343199,8.540179,8.540147
250759.14,0.016156342,0.0051555904,37000.0,151467.42,149824.05,149824.03,0.7491672,10.343233,8.540184,8.540134
250759.14,0.01353229,0.0073838937,37000.0,151467.33,149824.05,149824.05,0.7491672,10.343353,8.540182,8.540142
250759.14,0.01781159,0.0037080122,37000.0,151467.38,149824.05,149824.06,0.7491672,10.343172,8.540184,8.540145
250759.14,0.018955698,0.014262559,37000.0,151467.34,149824.05,149824.06,0.7491672,10.343218,8.540179,8.540138
250759.14,0.019498684,0.01635985,37000.0,151467.42,149824.05,149824.06,0.7491672,10.343522,8.540179,8.540136
250759.14,0.014724012,0.014500227,37000.0,151467.39,149824.06,149824.06,0.7491672,10.343194,8.540179,8.540139
250759.14,0.015142251,0.009601343,37000.0,151467.4,149824.03,149824.05,0.7491672,10.34344,8.540181,8.540136
250759.14,0.015980333,0.025921045,37000.0,151467.38,149824.05,149824.06,0.7491672,10.343185,8.540175,8.540142
250759.14,0.017175175,0.0036380212,37000.0,151467.34,149824.05,149824.05,0.7491672,10.343458,8.540185,8.540145
250759.14,0.017556043,0.030294219,37000.0,151467.42,149824.05,149824.06,0.7491672,10.343671,8.540174,8.540142
250759.14,0.01731158,0.016635356,37000.0,151467.39,149824.05,149824.08,0.7491672,10.343719,8.540179,8.540151
250759.14,0.016362304,0.019172592,37000.0,151467.36,149824.05,149824.08,0.7491672,10.34342,8.540177,8.540139
250759.14,0.015663888,0.020111654,37000.0,151467.34,149824.06,149824.05,0.7491672,10.3430605,8.540176,8.540139
250759.14,0.016546255,0.0036201125,37000.0,151467.38,149824.06,149824.06,0.7491672,10.343512,8.540185,8.540138
250759.14,0.014106492,0.022676203,37000.0,151467.44,149824.06,149824.05,0.7491672,10.343611,8.540176,8.540134
250759.14,0.015787141,0.0064119073,37000.0,151467.4,149824.08,149824.05,0.7491672,10.343263,8.540183,8.540138
250759.14,0.014789336,0.020897472,37000.0,151467.36,149824.06,149824.08,0.7491672,10.343617,8.540177,8.540135
250759.14,0.015041109,0.013550889,37000.0,151467.38,149824.05,149824.03,0.7491672,10.343238,8.540179,8.540142
250759.14,0.014554959,0.009763319,37000.0,151467.38,149824.06,149824.06,0.7491672,10.343624,8.540181,8.54014
250759.14,0.016610071,0.0046779183,37000.0,151467.36,149824.03,149824.05,0.7491672,10.343482,8.540184,8.540133
250759.14,0.01552468,0.003646885,37000.0,151467.31,149824.06,149824.08,0.7491672,10.343104,8.540186,8.540136
250759.14,0.016838318,0.005925971,37000.0,151467.36,149824.05,149824.06,0.7491672,10.34331,8.540182,8.540134
250759.14,0.014448135,0.005024197,37000.0,151467.36,149824.06,149824.03,0.7491672,10.343122,8.540183,8.540139
250759.14,0.014612485,0.014248595,37000.0,151467.36,149824.03,149824.05,0.7491672,10.343046,8.54018,8.540139
250759.14,0.015720984,0.014090701,37000.0,151467.39,149824.05,149824.05,0.7491672,10.343658,8.540178,8.540141
250759.14,0.016191643,0.032807916,37000.0,151467.39,149824.08,149824.06,0.7491672,10.342974,8.540174,8.540137
250759.14,0.014527075,0.01957692,37000.0,151467.38,149824.08,149824.06,0.7491672,10.343436,8.540175,8.540146
250759.14,0.016897324,0.0035795663,37000.0,151467.42,149824.05,149824.06,0.7491672,10.343287,8.540185,8.540133
250759.14,0.01837106,0.02148063,37000.0,151467.34,149824.05,149824.06,0.7491672,10.343448,8.540177,8.540145
250759.14,0.015161064,0.028990464,37000.0,151467.36,149824.06,149824.05,0.7491672,10.343713,8.5401745,8.540143
250759.14,0.014733335,0.010334005,37000.0,151467.42,149824.05,149824.05,0.7491672,10.343308,8.540181,8.54015
250759.14,0.01477934,0.011816925,37000.0,151467.33,149824.05,149824.08,0.7491672,10.343066,8.54018,8.540131
250759.14,0.015751615,0.012497162,37000.0,151467.4,149824.06,149824.1,0.7491672,10.3433275,8.540179,8.54014
250759.14,0.017804895,0.013065676,37000.0,151467.39,149824.06,149824.06,0.7491672,10.343399,8.54018,8.540144
250759.14,0.016897732,0.013133727,37000.0,151467.33,149824.06,149824.06,0.7491672,10.343325,8.54018,8.540133
250759.14,0.019615922,0.0058577107,37000.0,151467.38,149824.03,149824.08,0.7491672,10.34361,8.540183,8.540142
250759.14,0.016931279,0.006977946,37000.0,151467.4,149824.05,149824.03,0.7491672,10.343705,8.540182,8.540145
250759.14,0.014634136,0.01641652,37000.0,151467.34,149824.06,149824.05,0.7491672,10.343184,8.540179,8.540141
250759.14,0.016625741,0.0076374677,37000.0,151467.38,149824.05,149824.05,0.7491672,10.343189,8.540182,8.540134
250759.14,0.015515033,0.012292116,37000.0,151467.36,149824.03,149824.06,0.7491672,10.343354,8.54018,8.540151
250759.14,0.015817795,0.0054261475,37000.0,151467.4,149824.05,149824.06,0.7491672,10.34371,8.540182,8.540144
250759.14,0.019565674,0.01507497,37000.0,151467.39,149824.05,149824.03,0.7491672,10.343409,8.540178,8.540135
250759.14,0.018676003,0.016855413,37000.0,151467.4,149824.06,149824.06,0.7491672,10.343638,8.540179,8.540144
250759.14,0.019983308,0.02165295,37000.0,151467.38,149824.06,149824.05,0.7491672,10.343467,8.540176,8.540137
250759.14,0.013929031,0.010634029,37000.0,151467.36,149824.05,149824.05,0.7491672,10.343175,8.54018,8.540139
250759.14,0.018622676,0.020080568,37000.0,151467.4,149824.05,149824.05,0.7491672,10.343601,8.540176,8.540148
250759.14,0.017244555,0.017437605,37000.0,151467.36,149824.06,149824.06,0.7491672,10.343447,8.540177,8.540146
250759.14,0.016578749,0.0059498628,37000.0,151467.4,149824.05,149824.08,0.7491672,10.343563,8.540183,8.540142
250759.14,0.016600605,0.0063936217,37000.0,151467.36,149824.03,149824.05,0.7491672,10.3433075,8.540182,8.540138
250759.14,0.015704988,0.0036990664,37000.0,151467.38,149824.03,149824.05,0.7491672,10.343522,8.540184,8.540134
250759.14,0.018878218,0.018351847,37000.0,151467.39,149824.05,149824.06,0.7491672,10.34343,8.540177,8.540136
250759.14,0.017151726,0.042968143,37000.0,151467.4,149824.05,149824.05,0.7491672,10.343446,8.540171,8.540139
250759.14,0.01709067,0.012445889,37000.0,151467.4,149824.05,149824.06,0.7491672,10.34381,8.54018,8.540131
250759.14,0.01827681,0.017655704,37000.0,151467.34,149824.06,149824.05,0.7491672,10.343136,8.540176,8.540124
250759.14,0.01752014,0.030133873,37000.0,151467.38,149824.05,149824.06,0.7491672,10.34355,8.540174,8.5401325
250759.14,0.015736775,0.0058732554,37000.0,151467.4,149824.05,149824.05,0.7491672,10.343468,8.540183,8.540144
250759.14,0.017791692,0.0037251653,37000.0,151467.38,149824.05,149824.05,0.7491672,10.343343,8.540184,8.54014
250759.14,0.018038968,0.014026694,37000.0,151467.33,149824.08,149824.06,0.7491672,10.343105,8.540178,8.540144
250759.14,0.016663074,0.011301324,37000.0,151467.36,149824.06,149824.05,0.7491672,10.343498,8.54018,8.540144
250759.14,0.019647542,0.014924868,37000.0,151467.34,149824.05,149824.03,0.7491672,10.343551,8.54018,8.54015
250759.14,0.0170803,0.0039585065,37000.0,151467.42,149824.05,149824.03,0.7491672,10.343384,8.540184,8.540145
250759.14,0.017335277,0.021320844,37000.0,151467.33,149824.06,149824.05,0.7491672,10.343363,8.540177,8.540145
250759.14,0.016296934,0.005441595,37000.0,151467.4,149824.06,149824.08,0.7491672,10.343966,8.540183,8.54015
250759.14,0.018609574,0.03658317,37000.0,151467.4,149824.06,149824.05,0.7491672,10.343636,8.540174,8.540149
250759.14,0.018352631,0.0037418157,37000.0,151467.45,149824.03,149824.05,0.7491672,10.344027,8.540185,8.54015
250759.14,0.01631848,0.0055750697,37000.0,151467.4,149824.05,149824.03,0.7491672,10.34389,8.540182,8.540151
250759.14,0.01523387,0.0079385415,37000.0,151467.39,149824.05,149824.05,0.7491672,10.34346,8.540182,8.540129
250759.14,0.014099524,0.007621266,37000.0,151467.36,149824.06,149824.05,0.7491672,10.343397,8.540181,8.540138
250759.14,0.017934747,0.0046892534,37000.0,151467.39,149824.05,149824.06,0.7491672,10.343326,8.540184,8.540141
250759.14,0.018889043,0.003988151,37000.0,151467.42,149824.05,149824.06,0.7491672,10.343376,8.540184,8.540146
250759.14,0.018892223,0.008913583,37000.0,151467.39,149824.05,149824.06,0.7491672,10.343773,8.540182,8.540159
250759.14,0.017434249,0.008269658,37000.0,151467.4,149824.06,149824.05,0.7491672,10.34342,8.540181,8.540136
250759.14,0.017296206,0.035148174,37000.0,151467.36,149824.03,149824.05,0.7491672,10.343148,8.540174,8.540156
250759.14,0.017114809,0.018933063,37000.0,151467.39,149824.05,149824.05,0.7491672,10.343425,8.540177,8.54015
250759.14,0.01801358,0.007380956,37000.0,151467.45,149824.06,149824.05,0.7491672,10.343816,8.540183,8.540146
250759.14,0.015069567,0.027507726,37000.0,151467.42,149824.03,149824.08,0.7491672,10.343801,8.540176,8.540151
250759.14,0.016415372,0.023050195,37000.0,151467.38,149824.05,149824.05,0.7491672,10.343081,8.540175,8.5401535
250759.14,0.016094647,0.004081564,37000.0,151467.36,149824.05,149824.05,0.7491672,10.343504,8.540184,8.540147
250759.14,0.016772484,0.030180935,37000.0,151467.34,149824.05,149824.06,0.7491672,10.343271,8.5401745,8.540144
250759.14,0.019886805,0.015034951,37000.0,151467.31,149824.06,149824.03,0.7491672,10.343323,8.54018,8.540142
250759.14,0.018280301,0.0065998486,37000.0,151467.42,149824.05,149824.05,0.7491672,10.343226,8.540183,8.54015
250759.14,0.018721431,0.0047845165,37000.0,151467.44,149824.06,149824.06,0.7491672,10.343379,8.540184,8.540147
250759.14,0.01536181,0.010475827,37000.0,151467.34,149824.05,149824.06,0.7491672,10.343157,8.540181,8.540152
250759.14,0.016441144,0.020291973,37000.0,151467.33,149824.05,149824.06,0.7491672,10.343555,8.540177,8.540149
250759.14,0.0158429,0.006326201,37000.0,151467.42,149824.05,149824.05,0.7491672,10.343347,8.540183,8.540148
250759.14,0.019382691,0.005506075,37000.0,151467.4,149824.05,149824.06,0.7491672,10.343779,8.540182,8.540138
250759.14,0.017406397,0.0081809,37000.0,151467.33,149824.03,149824.03,0.7491672,10.343102,8.540182,8.54014
250759.14,0.01801811,0.030924339,37000.0,151467.34,149824.05,149824.08,0.7491672,10.343461,8.5401745,8.540147
250759.14,0.01635788,0.0039987816,37000.0,151467.36,149824.06,149824.06,0.7491672,10.343383,8.540185,8.540141
250759.14,0.017143253,0.0037919157,37000.0,151467.38,149824.05,149824.06,0.7491672,10.343275,8.540185,8.540132
250759.14,0.017395772,0.0054248716,37000.0,151467.36,149824.05,149824.06,0.7491672,10.343388,8.540184,8.540134
250759.14,0.018747753,0.014641282,37000.0,151467.4,149824.06,149824.06,0.7491672,10.343801,8.540179,8.54014
250759.14,0.016390694,0.021137496,37000.0,151467.36,149824.03,149824.03,0.7491672,10.343266,8.540176,8.540147
250759.14,0.017977932,0.0059041334,37000.0,151467.34,149824.06,149824.06,0.7491672,10.343308,8.540182,8.540146
250759.14,0.017517626,0.017512707,37000.0,151467.36,149824.05,149824.08,0.7491672,10.343355,8.540178,8.540135
250759.14,0.017607542,0.0053135683,37000.0,151467.36,149824.03,149824.05,0.7491672,10.3433895,8.540184,8.540143
250759.14,0.01883247,0.004089226,37000.0,151467.36,149824.05,149824.06,0.7491672,10.343386,8.540184,8.540149
250759.14,0.016192466,0.009469713,37000.0,151467.38,149824.05,149824.06,0.7491672,10.343398,8.540181,8.540143
250759.14,0.018243957,0.0044509554,37000.0,151467.36,149824.06,149824.06,0.7491672,10.343396,8.540184,8.540136
250759.14,0.013899761,0.014099301,37000.0,151467.38,149824.06,149824.06,0.7491672,10.343497,8.540179,8.540142
250759.14,0.016535258,0.021185337,37000.0,151467.42,149824.05,149824.08,0.7491672,10.3434515,8.540176,8.540142
250759.14,0.016778613,0.026777906,37000.0,151467.39,149824.05,149824.05,0.7491672,10.343115,8.540175,8.540144
250759.14,0.01722186,0.011378939,37000.0,151467.39,149824.08,149824.06,0.7491672,10.343665,8.54018,8.540149
250759.14,0.018353257,0.017620657,37000.0,151467.33,149824.03,149824.05,0.7491672,10.342904,8.540177,8.540153
250759.14,0.016975477,0.019779176,37000.0,151467.4,149824.03,149824.06,0.7491672,10.343307,8.540176,8.540149
250759.14,0.017251248,0.0038521609,37000.0,151467.4,149824.05,149824.05,0.7491672,10.343621,8.540185,8.54015
250759.14,0.015499767,0.023711774,37000.0,151467.31,149824.06,149824.08,0.7491672,10.3434925,8.540177,8.540146
250759.14,0.018270684,0.008172587,37000.0,151467.39,149824.06,149824.06,0.7491672,10.343225,8.540181,8.5401535
250759.14,0.017794454,0.0116379075,37000.0,151467.36,149824.06,149824.05,0.7491672,10.3432665,8.54018,8.540137
250759.14,0.017536322,0.007029958,37000.0,151467.36,149824.03,149824.05,0.7491672,10.34395,8.540182,8.540151
250759.14,0.016481366,0.014837113,37000.0,151467.4,149824.05,149824.06,0.7491672,10.343439,8.540178,8.540149
250759.14,0.015956584,0.012763288,37000.0,151467.34,149824.05,149824.08,0.7491672,10.343427,8.540179,8.540146
250759.14,0.017250953,0.025167758,37000.0,151467.38,149824.05,149824.05,0.7491672,10.343458,8.540175,8.540142
250759.14,0.015283688,0.01713908,37000.0,151467.34,149824.05,149824.06,0.7491672,10.343324,8.540176,8.540152
250759.14,0.017104588,0.0070554106,37000.0,151467.45,149824.05,149824.06,0.7491672,10.343476,8.540183,8.540152
250759.14,0.01751903,0.0141457105,37000.0,151467.34,149824.05,149824.06,0.7491672,10.3432665,8.540178,8.54015
250759.14,0.018585686,0.015087525,37000.0,151467.39,149824.05,149824.05,0.7491672,10.343711,8.540179,8.540158
250759.14,0.016071603,0.016615115,37000.0,151467.44,149824.05,149824.06,0.7491672,10.343596,8.54018,8.540129
250759.14,0.017661992,0.010504852,37000.0,151467.38,149824.06,149824.08,0.7491672,10.343117,8.540181,8.540149
250759.14,0.017012201,0.008678446,37000.0,151467.38,149824.06,149824.05,0.7491672,10.343414,8.540181,8.540149
250759.14,0.017278949,0.010038957,37000.0,151467.4,149824.05,149824.05,0.7491672,10.343621,8.540182,8.540143
250759.14,0.015364016,0.017984252,37000.0,151467.42,149824.06,149824.05,0.7491672,10.343318,8.540178,8.540142
250759.14,0.012591852,0.02844626,37000.0,151467.38,149824.05,149824.06,0.7491672,10.343509,8.540175,8.54014
250759.14,0.0181996,0.020294594,37000.0,151467.34,149824.03,149824.05,0.7491672,10.343575,8.540178,8.540139
250759.14,0.018192831,0.0044644205,37000.0,151467.36,149824.06,149824.05,0.7491672,10.342979,8.540184,8.540146
250759.14,0.017468845,0.024921749,37000.0,151467.34,149824.06,149824.06,0.7491672,10.343303,8.540177,8.540161
250759.14,0.015741115,0.004789243,37000.0,151467.38,149824.05,149824.03,0.7491672,10.343437,8.540183,8.540152
250759.14,0.017622331,0.0042148205,37000.0,151467.3,149824.05,149824.05,0.7491672,10.34348,8.540183,8.540151
250759.14,0.016394148,0.015827633,37000.0,151467.34,149824.05,149824.03,0.7491672,10.343335,8.540179,8.540139
250759.14,0.015697151,0.018474681,37000.0,151467.39,149824.06,149824.06,0.7491672,10.34331,8.540178,8.540143
250759.14,0.013746145,0.0059371823,37000.0,151467.42,149824.05,149824.05,0.7491672,10.343568,8.540182,8.540154
250759.14,0.016952768,0.0070571955,37000.0,151467.33,149824.05,149824.03,0.7491672,10.342948,8.540182,8.540151
250759.14,0.01866917,0.010644731,37000.0,151467.38,149824.05,149824.05,0.7491672,10.343137,8.540181,8.54014
250759.14,0.017615872,0.0037659723,37000.0,151467.38,149824.05,149824.06,0.7491672,10.34316,8.540184,8.540146
250759.14,0.016726227,0.008671602,37000.0,151467.4,149824.03,149824.06,0.7491672,10.343373,8.540181,8.540142
250759.14,0.017649489,0.032463368,37000.0,151467.38,149824.06,149824.05,0.7491672,10.343516,8.5401745,8.540147
250759.14,0.015435603,0.033449113,37000.0,151467.42,149824.06,149824.06,0.7491672,10.3435,8.540174,8.540141
250759.14,0.017408386,0.003842411,37000.0,151467.4,149824.05,149824.05,0.7491672,10.343421,8.540185,8.54015
250759.14,0.01521163,0.025718175,37000.0,151467.36,149824.05,149824.06,0.7491672,10.343471,8.540175,8.540151
250759.14,0.015316389,0.0045176633,37000.0,151467.36,149824.03,149824.06,0.7491672,10.34318,8.540184,8.540154
250759.14,0.014596611,0.01833355,37000.0,151467.38,149824.06,149824.08,0.7491672,10.343722,8.540178,8.540143
250759.14,0.01796143,0.011271295,37000.0,151467.34,149824.03,149824.05,0.7491672,10.343658,8.54018,8.540149
250759.14,0.016123058,0.00864859,37000.0,151467.33,149824.05,149824.05,0.7491672,10.343268,8.540182,8.540153
250759.14,0.017222809,0.0042186477,37000.0,151467.39,149824.06,149824.05,0.7491672,10.343397,8.540185,8.540149
250759.14,0.01650656,0.0108655915,37000.0,151467.44,149824.05,149824.06,0.7491672,10.343483,8.540181,8.540146
250759.14,0.015866512,0.005277937,37000.0,151467.31,149824.05,149824.06,0.7491672,10.343124,8.540183,8.540137
250759.14,0.016374076,0.01769243,37000.0,151467.34,149824.05,149824.05,0.7491672,10.3435755,8.540177,8.540151
250759.14,0.018126229,0.008613166,37000.0,151467.4,149824.05,149824.05,0.7491672,10.343331,8.540182,8.540151
250759.14,0.016909767,0.009173485,37000.0,151467.39,149824.05,149824.06,0.7491672,10.343686,8.540181,8.540155
250759.14,0.01952674,0.004631849,37000.0,151467.36,149824.05,149824.06,0.7491672,10.343269,8.540184,8.540152
250759.14,0.018645274,0.01064894,37000.0,151467.38,149824.03,149824.06,0.7491672,10.343325,8.54018,8.540152
250759.14,0.015977815,0.009855296,37000.0,151467.38,149824.06,149824.06,0.7491672,10.343594,8.540182,8.540157
250759.14,0.017774884,0.0075030704,37000.0,151467.39,149824.05,149824.06,0.7491672,10.343505,8.540183,8.540134
250759.14,0.016145553,0.023928681,37000.0,151467.36,149824.05,149824.1,0.7491672,10.343266,8.540175,8.540141
250759.14,0.01761889,0.011736637,37000.0,151467.45,149824.05,149824.05,0.7491672,10.343539,8.54018,8.540155
250759.14,0.014531807,0.01073172,37000.0,151467.4,149824.05,149824.05,0.7491672,10.343214,8.54018,8.540146
250759.14,0.014376377,0.02222446,37000.0,151467.4,149824.05,149824.06,0.7491672,10.343279,8.540178,8.540154
250759.14,0.016597698,0.015324726,37000.0,151467.33,149824.06,149824.06,0.7491672,10.343345,8.540178,8.5401535
250759.14,0.017740138,0.0038220875,37000.0,151467.38,149824.05,149824.05,0.7491672,10.343184,8.540185,8.540151
250759.14,0.015305346,0.010072028,37000.0,151467.36,149824.03,149824.06,0.7491672,10.342945,8.540181,8.5401535
250759.14,0.01817319,0.014399002,37000.0,151467.38,149824.05,149824.08,0.7491672,10.343599,8.54018,8.540157
250759.14,0.015046577,0.012141793,37000.0,151467.36,149824.06,149824.03,0.7491672,10.343189,8.54018,8.540159
250759.14,0.017031442,0.017069925,37000.0,151467.39,149824.06,149824.05,0.7491672,10.34373,8.540179,8.540148
250759.14,0.015085202,0.02050538,37000.0,151467.39,149824.06,149824.05,0.7491672,10.343377,8.540177,8.540152
250759.14,0.015666926,0.010680191,37000.0,151467.4,149824.06,149824.06,0.7491672,10.343719,8.540181,8.540145
250759.14,0.017024595,0.027217707,37000.0,151467.34,149824.06,149824.06,0.7491672,10.343116,8.5401745,8.540156
250759.14,0.017473802,0.0055538574,37000.0,151467.34,149824.03,149824.06,0.7491672,10.343067,8.540183,8.54015
250759.14,0.018101675,0.016082605,37000.0,151467.4,149824.06,149824.06,0.7491672,10.343495,8.540178,8.540154
250759.14,0.016529934,0.024935007,37000.0,151467.42,149824.08,149824.08,0.7491672,10.343443,8.540176,8.540149
250759.14,0.014985698,0.010726953,37000.0,151467.4,149824.05,149824.03,0.7491672,10.343669,8.540181,8.5401535
250759.14,0.018933835,0.006428526,37000.0,151467.42,149824.05,149824.03,0.7491672,10.343887,8.540182,8.540159
250759.14,0.017576037,0.016140942,37000.0,151467.38,149824.06,149824.03,0.7491672,10.3434,8.540178,8.540174
250759.14,0.015579272,0.0048856265,37000.0,151467.47,149824.05,149824.06,0.7491672,10.343664,8.540184,8.540177
250759.14,0.0172668,0.003985958,37000.0,151467.3,149824.06,149824.05,0.7491672,10.343172,8.540185,8.540177
250759.14,0.017375031,0.028536055,37000.0,151467.33,149824.06,149824.06,0.7491672,10.343374,8.5401745,8.540163
250759.14,0.015092353,0.026558906,37000.0,151467.34,149824.05,149824.06,0.7491672,10.343541,8.540175,8.540158
250759.14,0.017819775,0.0062629473,37000.0,151467.39,149824.05,149824.05,0.7491672,10.34327,8.540183,8.540171
250759.14,0.016997911,0.018069781,37000.0,151467.42,149824.05,149824.06,0.7491672,10.343475,8.540178,8.540163
250759.14,0.01797351,0.011288032,37000.0,151467.4,149824.06,149824.03,0.7491672,10.343471,8.54018,8.540173
250759.14,0.018180618,0.018874368,37000.0,151467.31,149824.06,149824.06,0.7491672,10.342837,8.540177,8.540177
250759.14,0.01529993,0.008227543,37000.0,151467.34,149824.05,149824.05,0.7491672,10.343514,8.540181,8.540164
250759.14,0.016658999,0.014707013,37000.0,151467.36,149824.03,149824.06,0.7491672,10.343387,8.540179,8.540167
250759.14,0.018626325,0.0044974675,37000.0,151467.39,149824.06,149824.03,0.7491672,10.343286,8.540185,8.540184
250759.14,0.015275749,0.0140898675,37000.0,151467.42,149824.06,149824.05,0.7491672,10.34369,8.54018,8.540172
250759.14,0.016599322,0.02240336,37000.0,151467.39,149824.05,149824.05,0.7491672,10.343374,8.540177,8.540169
250759.14,0.015093122,0.004003458,37000.0,151467.42,149824.05,149824.05,0.7491672,10.343629,8.540184,8.540178
250759.14,0.01957885,0.0057000355,37000.0,151467.39,149824.06,149824.06,0.7491672,10.343174,8.540182,8.540173
250759.14,0.02001108,0.009338034,37000.0,151467.4,149824.05,149824.05,0.7491672,10.343373,8.540181,8.54017
250759.14,0.017741311,0.0043197535,37000.0,151467.42,149824.05,149824.05,0.7491672,10.343441,8.540184,8.540156
250759.14,0.017092466,0.007909254,37000.0,151467.33,149824.05,149824.06,0.7491672,10.343419,8.540182,8.540173
250759.14,0.015050825,0.013101157,37000.0,151467.42,149824.08,149824.05,0.7491672,10.343621,8.54018,8.540171
250759.14,0.019395333,0.0059006577,37000.0,151467.38,149824.05,149824.06,0.7491672,10.343721,8.540183,8.540156
250759.14,0.019009655,0.0045156493,37000.0,151467.31,149824.06,149824.03,0.7491672,10.343359,8.540184,8.540155
250759.14,0.017721722,0.026548345,37000.0,151467.39,149824.06,149824.03,0.7491672,10.343397,8.540175,8.540164
250759.14,0.015976472,0.021012966,37000.0,151467.45,149824.03,149824.03,0.7491672,10.343444,8.540177,8.540174
250759.14,0.015556945,0.01562324,37000.0,151467.33,149824.03,149824.05,0.7491672,10.343272,8.540179,8.540166
250759.14,0.016571665,0.012736395,37000.0,151467.38,149824.06,149824.05,0.7491672,10.343509,8.540178,8.540183
250759.14,0.016878352,0.010837931,37000.0,151467.34,149824.03,149824.05,0.7491672,10.343085,8.540181,8.540175
250759.14,0.019639483,0.011923046,37000.0,151467.42,149824.06,149824.02,0.7491672,10.343605,8.54018,8.540176
250759.14,0.020786365,0.012090462,37000.0,151467.39,149824.05,149824.06,0.7491672,10.343741,8.54018,8.540181
250759.14,0.017914122,0.03654975,37000.0,151467.38,149824.05,149824.05,0.7491672,10.343539,8.540173,8.540177
250759.14,0.018149883,0.011667978,37000.0,151467.36,149824.03,149824.05,0.7491672,10.343575,8.540179,8.54018
250759.14,0.01866282,0.016416907,37000.0,151467.4,149824.05,149824.05,0.7491672,10.343429,8.540179,8.540162
250759.14,0.018263964,0.004022081,37000.0,151467.38,149824.08,149824.05,0.7491672,10.343161,8.540185,8.540175
250759.14,0.014363838,0.011729431,37000.0,151467.38,149824.08,149824.06,0.7491672,10.3432865,8.54018,8.540171
250759.14,0.014638025,0.02544797,37000.0,151467.47,149824.06,149824.06,0.7491672,10.343883,8.540176,8.540155
250759.14,0.017459562,0.020829953,37000.0,151467.4,149824.08,149824.02,0.7491672,10.343381,8.540178,8.540169
250759.14,0.018352658,0.010268865,37000.0,151467.33,149824.06,149824.03,0.7491672,10.343623,8.54018,8.540161
250759.14,0.018022105,0.003953051,37000.0,151467.4,149824.03,149824.06,0.7491672,10.343716,8.540184,8.540155
250759.14,0.015354798,0.0045899507,37000.0,151467.39,149824.06,149824.05,0.7491672,10.343389,8.540184,8.540176
250759.14,0.02068552,0.025096497,37000.0,151467.4,149824.03,149824.06,0.7491672,10.343146,8.540175,8.540171
250759.14,0.019470336,0.010378782,37000.0,151467.33,149824.08,149824.03,0.7491672,10.343153,8.540181,8.540173
250759.14,0.018023564,0.012155618,37000.0,151467.39,149824.05,149824.03,0.7491672,10.343679,8.54018,8.540186
250759.14,0.017132869,0.026793752,37000.0,151467.44,149824.05,149824.06,0.7491672,10.344051,8.540176,8.540182
250759.14,0.016280772,0.016366407,37000.0,151467.34,149824.03,149824.05,0.7491672,10.343778,8.540177,8.540163
250759.14,0.01619088,0.012656621,37000.0,151467.4,149824.06,149824.05,0.7491672,10.343579,8.540179,8.540172
250759.14,0.017538093,0.01428047,37000.0,151467.38,149824.06,149824.06,0.7491672,10.343264,8.54018,8.540173
250759.14,0.019222194,0.010718966,37000.0,151467.42,149824.06,149824.08,0.7491672,10.343902,8.540181,8.540177
250759.14,0.018191636,0.0039432114,37000.0,151467.39,149824.06,149824.06,0.7491672,10.343506,8.540184,8.540172
250759.14,0.017426793,0.0069632563,37000.0,151467.39,149824.08,149824.05,0.7491672,10.343695,8.540182,8.540158
250759.14,0.017408295,0.015243727,37000.0,151467.42,149824.05,149824.03,0.7491672,10.343258,8.540179,8.540172
250759.14,0.021509321,0.0039340556,37000.0,151467.39,149824.03,149824.06,0.7491672,10.343423,8.540184,8.540175
250759.14,0.018514296,0.004581667,37000.0,151467.39,149824.05,149824.05,0.7491672,10.343307,8.540184,8.540162
250759.14,0.01810322,0.032654416,37000.0,151467.38,149824.05,149824.03,0.7491672,10.343361,8.5401745,8.540173
250759.14,0.016783576,0.018429946,37000.0,151467.36,149824.05,149824.03,0.7491672,10.343374,8.540178,8.540183
250759.14,0.0175868,0.013262968,37000.0,151467.4,149824.05,149824.06,0.7491672,10.343665,8.540179,8.540182
250759.14,0.018497648,0.0066607143,37000.0,151467.36,149824.03,149824.05,0.7491672,10.343124,8.540183,8.540169
250759.14,0.018812958,0.015041958,37000.0,151467.42,149824.06,149824.05,0.7491672,10.343498,8.54018,8.540178
250759.14,0.014720892,0.019421136,37000.0,151467.39,149824.05,149824.05,0.7491672,10.343308,8.540178,8.54017
250759.14,0.020317541,0.01125883,37000.0,151467.38,149824.05,149824.06,0.7491672,10.343475,8.540181,8.540179
250759.14,0.01863417,0.009959544,37000.0,151467.39,149824.05,149824.05,0.7491672,10.343234,8.54018,8.540155
250759.14,0.018523613,0.0138591835,37000.0,151467.33,149824.06,149824.05,0.7491672,10.343194,8.54018,8.540158
250759.14,0.019103957,0.012523852,37000.0,151467.36,149824.05,149824.03,0.7491672,10.343271,8.54018,8.540159
250759.14,0.016543666,0.011092279,37000.0,151467.36,149824.03,149824.05,0.7491672,10.343442,8.540181,8.540163
250759.14,0.018766735,0.008298314,37000.0,151467.39,149824.05,149824.05,0.7491672,10.343589,8.540183,8.540163
250759.14,0.016317103,0.019006507,37000.0,151467.44,149824.06,149824.08,0.7491672,10.343482,8.540177,8.540158
250759.14,0.019108089,0.0041461056,37000.0,151467.4,149824.06,149824.05,0.7491672,10.343418,8.540184,8.540159
250759.14,0.01819965,0.0050998293,37000.0,151467.38,149824.05,149824.08,0.7491672,10.34347,8.540184,8.540162
250759.14,0.018062774,0.0045454083,37000.0,151467.33,149824.05,149824.05,0.7491672,10.3430805,8.540184,8.540163
250759.14,0.016679037,0.013729838,37000.0,151467.36,149824.06,149824.03,0.7491672,10.343209,8.540179,8.540156
250759.14,0.017509915,0.0038487832,37000.0,151467.4,149824.08,149824.06,0.7491672,10.343685,8.540185,8.540158
250759.14,0.017335488,0.012209388,37000.0,151467.34,149824.06,149824.08,0.7491672,10.343267,8.54018,8.540154
250759.14,0.015102991,0.010432156,37000.0,151467.39,149824.05,149824.05,0.7491672,10.343456,8.540181,8.540155
250759.14,0.016545206,0.007932549,37000.0,151467.34,149824.05,149824.05,0.7491672,10.343425,8.540181,8.5401535
250759.14,0.016976256,0.017936876,37000.0,151467.36,149824.03,149824.05,0.7491672,10.343956,8.540178,8.540169
250759.14,0.017182149,0.015985234,37000.0,151467.45,149824.06,149824.05,0.7491672,10.34374,8.54018,8.540163
250759.14,0.017497797,0.020331146,37000.0,151467.42,149824.05,149824.05,0.7491672,10.343458,8.540176,8.540163
250759.14,0.018172981,0.010190673,37000.0,151467.34,149824.03,149824.05,0.7491672,10.343165,8.540182,8.540168
250759.14,0.016167646,0.004033122,37000.0,151467.34,149824.05,149824.05,0.7491672,10.343222,8.540184,8.540164
250759.14,0.016687248,0.014155167,37000.0,151467.34,149824.06,149824.05,0.7491672,10.343198,8.54018,8.540163
250759.14,0.019249633,0.011003993,37000.0,151467.4,149824.06,149824.03,0.7491672,10.343343,8.540182,8.540158
250759.14,0.013438178,0.008657962,37000.0,151467.38,149824.03,149824.05,0.7491672,10.343496,8.540181,8.540168
250759.14,0.01966552,0.008663484,37000.0,151467.44,149824.05,149824.05,0.7491672,10.343706,8.540182,8.540166
250759.14,0.02062118,0.015382131,37000.0,151467.4,149824.06,149824.05,0.7491672,10.343608,8.540178,8.540175
250759.14,0.017023785,0.009057826,37000.0,151467.34,149824.05,149824.05,0.7491672,10.343473,8.540182,8.540171
250759.14,0.019626861,0.027509483,37000.0,151467.33,149824.03,149824.06,0.7491672,10.34313,8.540175,8.540163
250759.14,0.018206788,0.00763176,37000.0,151467.31,149824.05,149824.05,0.7491672,10.343042,8.540182,8.540162
250759.14,0.016377486,0.020827627,37000.0,151467.39,149824.05,149824.05,0.7491672,10.343384,8.540176,8.54016
250759.14,0.017980382,0.0061611384,37000.0,151467.36,149824.05,149824.05,0.7491672,10.343295,8.540182,8.540166
250759.14,0.01855906,0.010012375,37000.0,151467.42,149824.03,149824.05,0.7491672,10.343907,8.540182,8.540188
250759.14,0.018884977,0.021562386,37000.0,151467.4,149824.05,149824.05,0.7491672,10.343979,8.540177,8.54018
250759.14,0.01699429,0.022853803,37000.0,151467.36,149824.06,149824.05,0.7491672,10.34354,8.540176,8.540165
250759.14,0.018298611,0.010058913,37000.0,151467.39,149824.03,149824.06,0.7491672,10.343454,8.540182,8.540169
250759.14,0.017262956,0.0040755137,37000.0,151467.38,149824.03,149824.05,0.7491672,10.343246,8.540185,8.5401745
250759.14,0.01850011,0.003946064,37000.0,151467.31,149824.05,149824.05,0.7491672,10.343279,8.540184,8.540173
250759.14,0.016747128,0.0113296425,37000.0,151467.36,149824.03,149824.06,0.7491672,10.3432455,8.54018,8.540192
250759.14,0.019415207,0.010141707,37000.0,151467.34,149824.03,149824.05,0.7491672,10.343126,8.540181,8.540167
250759.14,0.014385937,0.012305897,37000.0,151467.39,149824.06,149824.05,0.7491672,10.343359,8.540181,8.540169
250759.14,0.02054423,0.004065764,37000.0,151467.39,149824.06,149824.08,0.7491672,10.34332,8.540184,8.540158
250759.14,0.019150589,0.0039236024,37000.0,151467.39,149824.05,149824.06,0.7491672,10.34341,8.540184,8.540152
250759.14,0.018167732,0.006508971,37000.0,151467.39,149824.03,149824.05,0.7491672,10.343257,8.540183,8.540163
250759.14,0.01819763,0.020302469,37000.0,151467.39,149824.06,149824.06,0.7491672,10.343405,8.540176,8.540162
250759.14,0.019400354,0.009479346,37000.0,151467.39,149824.06,149824.05,0.7491672,10.343626,8.540181,8.540163
250759.14,0.016256256,0.023438688,37000.0,151467.38,149824.06,149824.06,0.7491672,10.343325,8.540176,8.540165
250759.14,0.021109466,0.013824066,37000.0,151467.39,149824.05,149824.06,0.7491672,10.343437,8.54018,8.540158
250759.14,0.016269263,0.014978491,37000.0,151467.36,149824.06,149824.05,0.7491672,10.343467,8.54018,8.540153
250759.14,0.019521473,0.0039334884,37000.0,151467.38,149824.05,149824.05,0.7491672,10.343549,8.540185,8.540158
250759.14,0.01891088,0.006387313,37000.0,151467.39,149824.06,149824.05,0.7491672,10.343624,8.540182,8.540166
250759.14,0.01947542,0.011841352,37000.0,151467.47,149824.05,149824.06,0.7491672,10.343605,8.54018,8.540168
250759.14,0.017520417,0.024228288,37000.0,151467.36,149824.03,149824.06,0.7491672,10.343064,8.540176,8.540151
250759.14,0.017991053,0.024190368,37000.0,151467.44,149824.05,149824.06,0.7491672,10.343769,8.540176,8.540155
250759.14,0.016861824,0.011498442,37000.0,151467.38,149824.05,149824.06,0.7491672,10.343453,8.540182,8.540159
250759.14,0.017909234,0.033642106,37000.0,151467.4,149824.06,149824.05,0.7491672,10.343336,8.5401745,8.540163
250759.14,0.020031007,0.015603139,37000.0,151467.4,149824.06,149824.06,0.7491672,10.343506,8.540178,8.540165
250759.14,0.01863049,0.004055792,37000.0,151467.36,149824.03,149824.06,0.7491672,10.34321,8.540184,8.540161
250759.14,0.019944888,0.023594847,37000.0,151467.36,149824.05,149824.06,0.7491672,10.342971,8.540176,8.540143
250759.14,0.017107502,0.007264668,37000.0,151467.31,149824.05,149824.08,0.7491672,10.343147,8.540183,8.540158
250759.14,0.020279216,0.020740485,37000.0,151467.39,149824.06,149824.06,0.7491672,10.343579,8.540177,8.540155
250759.14,0.017985553,0.003973599,37000.0,151467.38,149824.06,149824.06,0.7491672,10.34342,8.540184,8.540161
250759.14,0.01641363,0.009721344,37000.0,151467.33,149824.06,149824.05,0.7491672,10.343431,8.540181,8.540155
250759.14,0.017400883,0.010985505,37000.0,151467.38,149824.05,149824.05,0.7491672,10.34324,8.540181,8.5401535
250759.14,0.01264981,0.006619345,37000.0,151467.34,149824.05,149824.06,0.7491672,10.343112,8.540182,8.540155
250759.14,0.014503079,0.004803686,37000.0,151467.38,149824.03,149824.05,0.7491672,10.343208,8.540183,8.540156
250759.14,0.018324738,0.029236061,37000.0,151467.39,149824.05,149824.05,0.7491672,10.343348,8.540176,8.540153
250759.14,0.016546775,0.020469507,37000.0,151467.34,149824.05,149824.05,0.7491672,10.343043,8.540177,8.540154
250759.14,0.016315605,0.018530412,37000.0,151467.4,149824.05,149824.05,0.7491672,10.343498,8.540178,8.540156
250759.14,0.021306325,0.025560591,37000.0,151467.4,149824.08,149824.05,0.7491672,10.343667,8.540176,8.540164
250759.14,0.018898027,0.023640765,37000.0,151467.38,149824.06,149824.06,0.7491672,10.343658,8.540176,8.5401535
250759.14,0.019444618,0.008667538,37000.0,151467.36,149824.08,149824.05,0.7491672,10.343238,8.540182,8.540161
250759.14,0.016693672,0.011326148,37000.0,151467.44,149824.05,149824.06,0.7491672,10.343782,8.54018,8.540153
250759.14,0.017414154,0.012042154,37000.0,151467.34,149824.06,149824.05,0.7491672,10.343182,8.540181,8.540172
250759.14,0.02068694,0.0042816214,37000.0,151467.39,149824.05,149824.06,0.7491672,10.343661,8.540186,8.54016
250759.14,0.018122619,0.0040122285,37000.0,151467.38,149824.05,149824.05,0.7491672,10.343124,8.540184,8.540158
250759.14,0.015904319,0.029099671,37000.0,151467.42,149824.05,149824.05,0.7491672,10.343623,8.540175,8.540155
250759.14,0.01697557,0.008491918,37000.0,151467.36,149824.03,149824.06,0.7491672,10.343656,8.540182,8.5401535
250759.14,0.018722404,0.014522882,37000.0,151467.44,149824.06,149824.06,0.7491672,10.343904,8.540179,8.540151
250759.14,0.018711748,0.008686994,37000.0,151467.36,149824.05,149824.03,0.7491672,10.343449,8.540182,8.540156
250759.14,0.020188585,0.026538065,37000.0,151467.39,149824.05,149824.05,0.7491672,10.343203,8.540175,8.540157
250759.14,0.016342685,0.007398396,37000.0,151467.36,149824.06,149824.08,0.7491672,10.343181,8.540183,8.54016
250759.14,0.015421817,0.021357123,37000.0,151467.38,149824.05,149824.05,0.7491672,10.343495,8.540176,8.540171
250759.14,0.018009411,0.025245525,37000.0,151467.4,149824.05,149824.06,0.7491672,10.343259,8.540175,8.540165
250759.14,0.01796942,0.007720433,37000.0,151467.42,149824.05,149824.05,0.7491672,10.34364,8.540183,8.540146
250759.14,0.01595609,0.028753426,37000.0,151467.36,149824.02,149824.08,0.7491672,10.343204,8.540175,8.540164
250759.14,0.018214935,0.028102275,37000.0,151467.4,149824.05,149824.05,0.7491672,10.343452,8.540175,8.540152
250759.14,0.0179443,0.0045239865,37000.0,151467.39,149824.06,149824.03,0.7491672,10.343483,8.540184,8.54016
250759.14,0.017061863,0.01567338,37000.0,151467.4,149824.06,149824.03,0.7491672,10.343441,8.540179,8.540176
250759.14,0.021173665,0.026767636,37000.0,151467.4,149824.05,149824.05,0.7491672,10.343362,8.540175,8.540158
250759.14,0.02020758,0.012103204,37000.0,151467.38,149824.05,149824.06,0.7491672,10.343638,8.540181,8.540181
250759.14,0.019469496,0.0044236574,37000.0,151467.4,149824.03,149824.06,0.7491672,10.3435335,8.540185,8.540167
250759.14,0.016689975,0.033013433,37000.0,151467.39,149824.05,149824.06,0.7491672,10.343426,8.5401745,8.540151
250759.14,0.01951537,0.0042604515,37000.0,151467.42,149824.06,149824.08,0.7491672,10.343316,8.540185,8.540152
250759.14,0.01811335,0.011275704,37000.0,151467.42,149824.03,149824.03,0.7491672,10.34342,8.540181,8.540145
250759.14,0.018859109,0.020211756,37000.0,151467.31,149824.05,149824.06,0.7491672,10.343394,8.540178,8.540156
250759.14,0.017287312,0.027963601,37000.0,151467.38,149824.05,149824.05,0.7491672,10.343151,8.540175,8.540161
250759.14,0.017989343,0.0069075157,37000.0,151467.39,149824.05,149824.05,0.7491672,10.343605,8.540183,8.540165
250759.14,0.020055018,0.019892324,37000.0,151467.33,149824.06,149824.1,0.7491672,10.3431015,8.540177,8.540159
250759.14,0.021273645,0.0056005176,37000.0,151467.44,149824.05,149824.05,0.7491672,10.343588,8.540184,8.540175
250759.14,0.017335925,0.019020027,37000.0,151467.38,149824.05,149824.05,0.7491672,10.343013,8.540178,8.540156
250759.14,0.018262198,0.010987017,37000.0,151467.36,149824.05,149824.05,0.7491672,10.343245,8.540181,8.5401535
250759.14,0.017212063,0.017179303,37000.0,151467.39,149824.03,149824.06,0.7491672,10.343737,8.540179,8.540169
250759.14,0.016155131,0.0223343,37000.0,151467.39,149824.05,149824.06,0.7491672,10.34342,8.540176,8.5401535
250759.14,0.02126631,0.0058166254,37000.0,151467.4,149824.06,149824.06,0.7491672,10.343315,8.540184,8.540157
250759.14,0.016052999,0.03139912,37000.0,151467.39,149824.05,149824.05,0.7491672,10.34346,8.540174,8.540158
250759.14,0.017775772,0.0048868405,37000.0,151467.39,149824.05,149824.03,0.7491672,10.343305,8.540184,8.540161
250759.14,0.018511426,0.022972438,37000.0,151467.39,149824.05,149824.05,0.7491672,10.343704,8.540176,8.540164
250759.14,0.017381722,0.0051391996,37000.0,151467.38,149824.06,149824.05,0.7491672,10.343267,8.540184,8.540151
250759.14,0.016796302,0.009024187,37000.0,151467.31,149824.06,149824.05,0.7491672,10.343193,8.540181,8.540144
250759.14,0.017687086,0.01951113,37000.0,151467.33,149824.06,149824.05,0.7491672,10.343436,8.540177,8.540163
250759.14,0.020304894,0.01645896,37000.0,151467.38,149824.05,149824.06,0.7491672,10.343465,8.540179,8.540151
250759.14,0.017896835,0.015091833,37000.0,151467.34,149824.03,149824.06,0.7491672,10.34345,8.54018,8.540153
250759.14,0.017926805,0.00872391,37000.0,151467.36,149824.05,149824.05,0.7491672,10.343126,8.540181,8.540153
250759.14,0.020570418,0.008269357,37000.0,151467.36,149824.03,149824.05,0.7491672,10.343437,8.540181,8.540157
250759.14,0.016816678,0.017840171,37000.0,151467.38,149824.06,149824.08,0.7491672,10.343175,8.54018,8.5401535
250759.14,0.019195972,0.016531702,37000.0,151467.3,149824.05,149824.05,0.7491672,10.342971,8.540179,8.54015
250759.14,0.021444341,0.004123761,37000.0,151467.31,149824.05,149824.05,0.7491672,10.342766,8.540185,8.540152
250759.14,0.017234743,0.015982606,37000.0,151467.34,149824.06,149824.06,0.7491672,10.343344,8.540178,8.540153
250759.14,0.016068926,0.014195995,37000.0,151467.36,149824.06,149824.06,0.7491672,10.34351,8.54018,8.5401535
250759.14,0.020616684,0.0048586763,37000.0,151467.36,149824.05,149824.05,0.7491672,10.343603,8.540184,8.540148
250759.14,0.018927565,0.03453342,37000.0,151467.39,149824.05,149824.05,0.7491672,10.343287,8.540175,8.540156
250759.14,0.017116286,0.007967728,37000.0,151467.34,149824.06,149824.05,0.7491672,10.343132,8.540183,8.540163
250759.14,0.017433396,0.004243267,37000.0,151467.38,149824.05,149824.06,0.7491672,10.3431425,8.540186,8.5401745
250759.14,0.018072259,0.024110382,37000.0,151467.39,149824.03,149824.06,0.7491672,10.343919,8.540176,8.540158
250759.14,0.016741702,0.009234578,37000.0,151467.38,149824.05,149824.08,0.7491672,10.343482,8.540181,8.540144
250759.14,0.015640818,0.042884298,37000.0,151467.39,149824.05,149824.03,0.7491672,10.343453,8.540171,8.540154
250759.14,0.015872201,0.008961562,37000.0,151467.36,149824.05,149824.05,0.7491672,10.343594,8.540182,8.540163
250759.14,0.019408155,0.004005919,37000.0,151467.36,149824.05,149824.03,0.7491672,10.343528,8.540184,8.54017
250759.14,0.016598718,0.02288201,37000.0,151467.42,149824.06,149824.03,0.7491672,10.343254,8.540178,8.540173
250759.14,0.01564368,0.012806262,37000.0,151467.33,149824.05,149824.05,0.7491672,10.343075,8.54018,8.540161
250759.14,0.018333461,0.024154078,37000.0,151467.36,149824.06,149824.08,0.7491672,10.343139,8.540176,8.5401535
250759.14,0.017406667,0.009657579,37000.0,151467.39,149824.05,149824.08,0.7491672,10.343254,8.540181,8.540155
250759.14,0.019875452,0.006143821,37000.0,151467.33,149824.06,149824.05,0.7491672,10.343212,8.540184,8.540153
250759.14,0.020163614,0.005605355,37000.0,151467.45,149824.06,149824.05,0.7491672,10.343528,8.540184,8.540182
250759.14,0.02070512,0.009777875,37000.0,151467.34,149824.05,149824.08,0.7491672,10.3431425,8.540181,8.540168
250759.14,0.018533617,0.028012343,37000.0,151467.38,149824.05,149824.05,0.7491672,10.343622,8.540175,8.540165
250759.14,0.018078486,0.0134919975,37000.0,151467.33,149824.05,149824.05,0.7491672,10.343496,8.54018,8.5401535
250759.14,0.0168193,0.021220777,37000.0,151467.4,149824.05,149824.06,0.7491672,10.34357,8.540176,8.540156
250759.14,0.017322015,0.009718808,37000.0,151467.36,149824.03,149824.05,0.7491672,10.34333,8.540181,8.540164
250759.14,0.019147718,0.016486483,37000.0,151467.38,149824.03,149824.06,0.7491672,10.343107,8.540179,8.540159
250759.14,0.020469332,0.0150153795,37000.0,151467.39,149824.03,149824.03,0.7491672,10.343895,8.54018,8.540159
250759.14,0.018990487,0.0058423234,37000.0,151467.34,149824.05,149824.05,0.7491672,10.343298,8.540184,8.540158
250759.14,0.019931206,0.003966154,37000.0,151467.39,149824.03,149824.06,0.7491672,10.343234,8.540186,8.540166
250759.14,0.015976077,0.012171069,37000.0,151467.34,149824.06,149824.05,0.7491672,10.343414,8.54018,8.540167
250759.14,0.018547948,0.018824533,37000.0,151467.38,149824.05,149824.05,0.7491672,10.343222,8.540178,8.5402
250759.14,0.020593682,0.006173434,37000.0,151467.34,149824.03,149824.05,0.7491672,10.343293,8.540182,8.540197
250759.14,0.017584702,0.031728797,37000.0,151467.34,149824.05,149824.06,0.7491672,10.343452,8.5401745,8.54016
250759.14,0.020163167,0.012809333,37000.0,151467.36,149824.03,149824.05,0.7491672,10.342869,8.540181,8.540158
250759.14,0.021582816,0.0062040696,37000.0,151467.36,149824.05,149824.05,0.7491672,10.343327,8.540182,8.540194
250759.14,0.018272525,0.01773513,37000.0,151467.42,149824.05,149824.05,0.7491672,10.343397,8.540178,8.540153
250759.14,0.019436298,0.019055184,37000.0,151467.39,149824.05,149824.06,0.7491672,10.34373,8.540177,8.540157
250759.14,0.01957081,0.021090657,37000.0,151467.42,149824.06,149824.06,0.7491672,10.343751,8.540177,8.540155
250759.14,0.01807094,0.0042310567,37000.0,151467.39,149824.05,149824.05,0.7491672,10.343489,8.540185,8.540177
250759.14,0.019877858,0.011395611,37000.0,151467.39,149824.06,149824.06,0.7491672,10.343308,8.540181,8.540152
250759.14,0.01807399,0.024130825,37000.0,151467.33,149824.05,149824.05,0.7491672,10.343111,8.540176,8.540151
250759.14,0.019072933,0.01996791,37000.0,151467.38,149824.08,149824.03,0.7491672,10.343355,8.540178,8.540173
250759.14,0.02152973,0.010511563,37000.0,151467.39,149824.05,149824.06,0.7491672,10.343811,8.540181,8.540175
250759.14,0.019911557,0.018062366,37000.0,151467.39,149824.06,149824.06,0.7491672,10.34342,8.540178,8.540156
250759.14,0.018157238,0.009028937,37000.0,151467.38,149824.05,149824.06,0.7491672,10.343885,8.540181,8.540164
250759.14,0.017574161,0.008941109,37000.0,151467.38,149824.05,149824.02,0.7491672,10.343336,8.540182,8.540154
250759.14,0.02061538,0.020228248,37000.0,151467.38,149824.06,149824.08,0.7491672,10.343529,8.540179,8.540151
250759.14,0.02112804,0.020892937,37000.0,151467.39,149824.06,149824.06,0.7491672,10.343356,8.540177,8.540159
250759.14,0.01856234,0.0063046664,37000.0,151467.4,149824.06,149824.05,0.7491672,10.343515,8.540183,8.540179
250759.14,0.020470211,0.01933132,37000.0,151467.38,149824.06,149824.06,0.7491672,10.343249,8.540178,8.540153
250759.14,0.01939748,0.012415951,37000.0,151467.34,149824.05,149824.05,0.7491672,10.343217,8.54018,8.540155
250759.14,0.018200474,0.004094656,37000.0,151467.34,149824.06,149824.08,0.7491672,10.343482,8.540185,8.540151
250759.14,0.01675507,0.011294572,37000.0,151467.38,149824.05,149824.05,0.7491672,10.343428,8.540181,8.540151
250759.14,0.021923011,0.01494832,37000.0,151467.44,149824.05,149824.05,0.7491672,10.343777,8.540179,8.540156
250759.14,0.022747315,0.004263285,37000.0,151467.34,149824.05,149824.05,0.7491672,10.343429,8.540184,8.540154
250759.14,0.021055281,0.0065260725,37000.0,151467.34,149824.05,149824.06,0.7491672,10.342832,8.540183,8.540151
250759.14,0.01727887,0.018816613,37000.0,151467.33,149824.05,149824.06,0.7491672,10.342997,8.540178,8.540157
250759.14,0.01940231,0.0073005157,37000.0,151467.33,149824.05,149824.03,0.7491672,10.343339,8.540183,8.540163
250759.14,0.020385649,0.017843327,37000.0,151467.38,149824.06,149824.05,0.7491672,10.343224,8.540178,8.540166
250759.14,0.02007134,0.021954935,37000.0,151467.33,149824.06,149824.05,0.7491672,10.343109,8.540176,8.54015
250759.14,0.019082872,0.017386187,37000.0,151467.44,149824.05,149824.03,0.7491672,10.343788,8.540178,8.540187
250759.14,0.01720366,0.016598767,37000.0,151467.38,149824.06,149824.03,0.7491672,10.34355,8.540179,8.540151
250759.14,0.021691002,0.03100044,37000.0,151467.36,149824.05,149824.06,0.7491672,10.343106,8.540175,8.540162
250759.14,0.019150725,0.0059994366,37000.0,151467.38,149824.08,149824.05,0.7491672,10.343245,8.540183,8.540162
250759.14,0.016390849,0.0042147804,37000.0,151467.38,149824.05,149824.05,0.7491672,10.343584,8.540184,8.540162
250759.14,0.016690033,0.013253193,37000.0,151467.4,149824.05,149824.05,0.7491672,10.3435755,8.54018,8.540162
250759.14,0.019754672,0.010554295,37000.0,151467.36,149824.03,149824.06,0.7491672,10.343457,8.54018,8.5401535
250759.14,0.020844182,0.023279162,37000.0,151467.4,149824.08,149824.05,0.7491672,10.343391,8.540177,8.540189
250759.14,0.019019173,0.008774851,37000.0,151467.42,149824.05,149824.06,0.7491672,10.343625,8.540182,8.540196
250759.14,0.0194179,0.022318553,37000.0,151467.34,149824.06,149824.06,0.7491672,10.343353,8.540178,8.540156
250759.14,0.01629955,0.005158378,37000.0,151467.34,149824.06,149824.06,0.7491672,10.343446,8.540184,8.540158
250759.14,0.016946802,0.0055923956,37000.0,151467.39,149824.05,149824.08,0.7491672,10.343416,8.540184,8.540152
250759.14,0.018187404,0.008884804,37000.0,151467.39,149824.05,149824.05,0.7491672,10.343513,8.540181,8.540186
250759.14,0.01830756,0.02439986,37000.0,151467.39,149824.08,149824.05,0.7491672,10.343352,8.540177,8.540173
250759.14,0.01779246,0.013631079,37000.0,151467.38,149824.05,149824.03,0.7491672,10.34329,8.540179,8.540165
250759.14,0.018316142,0.024685016,37000.0,151467.44,149824.05,149824.03,0.7491672,10.343887,8.540176,8.540165
250759.14,0.018090736,0.020634122,37000.0,151467.47,149824.05,149824.05,0.7491672,10.3437805,8.540177,8.540155
250759.14,0.021319516,0.021721255,37000.0,151467.36,149824.05,149824.06,0.7491672,10.343701,8.540177,8.540163
250759.14,0.01799394,0.021990608,37000.0,151467.38,149824.05,149824.05,0.7491672,10.343536,8.540177,8.540153
250759.14,0.021825708,0.008659983,37000.0,151467.33,149824.05,149824.1,0.7491672,10.34341,8.540181,8.540159
250759.14,0.018569726,0.026334403,37000.0,151467.44,149824.05,149824.08,0.7491672,10.343846,8.540176,8.540166
250759.14,0.017969666,0.021344053,37000.0,151467.36,149824.06,149824.05,0.7491672,10.3432,8.540176,8.540152
250759.14,0.018899035,0.024267206,37000.0,151467.36,149824.06,149824.06,0.7491672,10.343015,8.540176,8.540154
250759.14,0.019185636,0.013145424,37000.0,151467.39,149824.05,149824.05,0.7491672,10.343508,8.54018,8.540155
250759.14,0.017113868,0.024640689,37000.0,151467.42,149824.06,149824.05,0.7491672,10.343902,8.540177,8.540159
250759.14,0.018704804,0.008606889,37000.0,151467.38,149824.06,149824.06,0.7491672,10.343605,8.540181,8.540151
250759.14,0.019318495,0.0064197076,37000.0,151467.38,149824.05,149824.03,0.7491672,10.3436985,8.540183,8.540155
250759.14,0.014817593,0.0149495825,37000.0,151467.38,149824.05,149824.06,0.7491672,10.3435335,8.54018,8.5401535
250759.14,0.016715849,0.0055145216,37000.0,151467.42,149824.06,149824.06,0.7491672,10.343561,8.540183,8.540155
250759.14,0.01736589,0.022667615,37000.0,151467.31,149824.06,149824.05,0.7491672,10.343132,8.540176,8.540166
250759.14,0.022270929,0.016985122,37000.0,151467.39,149824.03,149824.06,0.7491672,10.343202,8.540179,8.540158
250759.14,0.02212462,0.0041956333,37000.0,151467.42,149824.06,149824.06,0.7491672,10.343371,8.540184,8.540147
250759.14,0.020293683,0.0074949996,37000.0,151467.39,149824.06,149824.06,0.7491672,10.34342,8.540182,8.540148
250759.14,0.019665409,0.034133196,37000.0,151467.36,149824.05,149824.06,0.7491672,10.343375,8.540174,8.540188
250759.14,0.018532142,0.014987019,37000.0,151467.34,149824.06,149824.06,0.7491672,10.34344,8.540179,8.5401535
250759.14,0.016896022,0.021351747,37000.0,151467.39,149824.06,149824.03,0.7491672,10.343387,8.540177,8.540157
250759.14,0.015158693,0.014305538,37000.0,151467.38,149824.06,149824.06,0.7491672,10.343435,8.54018,8.540162
250759.14,0.015187312,0.0061720302,37000.0,151467.36,149824.03,149824.05,0.7491672,10.343212,8.540183,8.540172
250759.14,0.016743362,0.010476079,37000.0,151467.38,149824.05,149824.05,0.7491672,10.343276,8.540181,8.540169
250759.14,0.018638948,0.0044200593,37000.0,151467.4,149824.05,149824.06,0.7491672,10.343329,8.540184,8.540152
250759.14,0.019544749,0.00528438,37000.0,151467.38,149824.03,149824.06,0.7491672,10.343486,8.540184,8.540156
250759.14,0.018816607,0.005757411,37000.0,151467.38,149824.05,149824.05,0.7491672,10.343577,8.540183,8.540157
250759.14,0.015608662,0.030519864,37000.0,151467.4,149824.06,149824.05,0.7491672,10.34379,8.540175,8.540166
250759.14,0.0163005,0.01430497,37000.0,151467.42,149824.06,149824.06,0.7491672,10.34376,8.540179,8.540162
250759.14,0.014797287,0.016903786,37000.0,151467.44,149824.05,149824.05,0.7491672,10.343768,8.540178,8.540179
250759.14,0.018160574,0.011528046,37000.0,151467.33,149824.06,149824.05,0.7491672,10.343191,8.540181,8.540153
250759.14,0.0200129,0.0055023176,37000.0,151467.4,149824.06,149824.05,0.7491672,10.343889,8.540183,8.540154
250759.14,0.02080151,0.015805801,37000.0,151467.38,149824.06,149824.05,0.7491672,10.3432045,8.54018,8.540152
250759.14,0.01806804,0.006671425,37000.0,151467.33,149824.05,149824.08,0.7491672,10.343047,8.540183,8.540153
250759.14,0.016638823,0.016884964,37000.0,151467.39,149824.03,149824.05,0.7491672,10.343461,8.540179,8.5401535
250759.14,0.018929567,0.01910653,37000.0,151467.38,149824.05,149824.06,0.7491672,10.343101,8.540177,8.540153
250759.14,0.018563418,0.019002294,37000.0,151467.42,149824.05,149824.05,0.7491672,10.34316,8.540179,8.540155
250759.14,0.019672062,0.034171518,37000.0,151467.44,149824.05,149824.05,0.7491672,10.343527,8.5401745,8.540156
250759.14,0.015976371,0.014252318,37000.0,151467.45,149824.08,149824.06,0.7491672,10.343469,8.540181,8.540151
250759.14,0.016492762,0.013263798,37000.0,151467.4,149824.06,149824.06,0.7491672,10.343494,8.540181,8.540154
250759.14,0.01790602,0.007537311,37000.0,151467.38,149824.06,149824.05,0.7491672,10.343287,8.540182,8.540155
250759.14,0.016576475,0.024881087,37000.0,151467.4,149824.03,149824.08,0.7491672,10.343357,8.540176,8.540149
250759.14,0.020365007,0.022983585,37000.0,151467.4,149824.05,149824.05,0.7491672,10.343422,8.540176,8.540153
250759.14,0.022595268,0.009375942,37000.0,151467.33,149824.05,149824.06,0.7491672,10.3432865,8.540182,8.540153
250759.14,0.02114226,0.0070305853,37000.0,151467.42,149824.06,149824.05,0.7491672,10.343562,8.540183,8.5401535
250759.14,0.018918216,0.0064167874,37000.0,151467.34,149824.05,149824.03,0.7491672,10.343242,8.540182,8.540156
250759.14,0.01964893,0.004596425,37000.0,151467.34,149824.03,149824.05,0.7491672,10.343764,8.540185,8.540153
250759.14,0.018720979,0.0124554895,37000.0,151467.44,149824.05,149824.06,0.7491672,10.343574,8.540181,8.5401535
250759.14,0.015225281,0.025306322,37000.0,151467.4,149824.05,149824.08,0.7491672,10.343768,8.540176,8.540155
250759.14,0.01877306,0.015494705,37000.0,151467.4,149824.03,149824.08,0.7491672,10.343395,8.540179,8.540156
250759.14,0.022094885,0.005074072,37000.0,151467.39,149824.05,149824.05,0.7491672,10.343302,8.540183,8.540151
250759.14,0.020201735,0.0049324147,37000.0,151467.4,149824.05,149824.06,0.7491672,10.343455,8.540184,8.540153
250759.14,0.019153511,0.019935261,37000.0,151467.38,149824.03,149824.06,0.7491672,10.343389,8.540178,8.540155
250759.14,0.018567719,0.008901732,37000.0,151467.36,149824.06,149824.05,0.7491672,10.343335,8.540181,8.540151
250759.14,0.01957074,0.0103887925,37000.0,151467.36,149824.05,149824.05,0.7491672,10.343336,8.540181,8.540152
250759.14,0.014612612,0.013092846,37000.0,151467.36,149824.03,149824.05,0.7491672,10.343156,8.54018,8.540154
250759.14,0.02169322,0.016431967,37000.0,151467.34,149824.06,149824.06,0.7491672,10.343361,8.540179,8.540156
250759.14,0.02177875,0.018259441,37000.0,151467.34,149824.03,149824.06,0.7491672,10.343259,8.540177,8.540158
250759.14,0.019645575,0.02053439,37000.0,151467.34,149824.06,149824.05,0.7491672,10.343269,8.540177,8.5401535
250759.14,0.020676274,0.014768611,37000.0,151467.4,149824.03,149824.06,0.7491672,10.343615,8.540179,8.540153
250759.14,0.017961498,0.008141891,37000.0,151467.39,149824.03,149824.05,0.7491672,10.343476,8.540181,8.540151
250759.14,0.019085176,0.053378753,37000.0,151467.4,149824.05,149824.06,0.7491672,10.343797,8.54017,8.540185
250759.14,0.01748086,0.013072162,37000.0,151467.39,149824.05,149824.06,0.7491672,10.343394,8.540179,8.540171
250759.14,0.016786786,0.0078721475,37000.0,151467.38,149824.06,149824.06,0.7491672,10.343183,8.540183,8.5401535
250759.14,0.01819748,0.0048902375,37000.0,151467.4,149824.08,149824.05,0.7491672,10.343657,8.540184,8.540168
250759.14,0.019979844,0.019718466,37000.0,151467.4,149824.08,149824.06,0.7491672,10.343603,8.540179,8.540143
250759.14,0.019666616,0.015581803,37000.0,151467.38,149824.05,149824.05,0.7491672,10.343745,8.540179,8.540181
250759.14,0.019101245,0.044080585,37000.0,151467.42,149824.06,149824.05,0.7491672,10.343301,8.540174,8.540167
250759.14,0.019718839,0.029143052,37000.0,151467.45,149824.05,149824.06,0.7491672,10.343798,8.540175,8.540163
250759.14,0.019101068,0.02255454,37000.0,151467.38,149824.06,149824.03,0.7491672,10.343487,8.540177,8.540173
250759.14,0.01688463,0.009713266,37000.0,151467.4,149824.05,149824.06,0.7491672,10.343255,8.540181,8.540153
250759.14,0.018411187,0.028950548,37000.0,151467.4,149824.05,149824.06,0.7491672,10.343589,8.540176,8.540153
250759.14,0.022038998,0.01867845,37000.0,151467.39,149824.05,149824.05,0.7491672,10.343353,8.540179,8.540129
250759.14,0.019649863,0.02946772,37000.0,151467.44,149824.05,149824.06,0.7491672,10.343297,8.540175,8.540138
250759.14,0.018443722,0.0053379945,37000.0,151467.39,149824.06,149824.05,0.7491672,10.343201,8.540184,8.54014
250759.14,0.017354256,0.013579692,37000.0,151467.39,149824.03,149824.05,0.7491672,10.343499,8.54018,8.540147
250759.14,0.016724061,0.02302593,37000.0,151467.44,149824.05,149824.03,0.7491672,10.343806,8.540176,8.540146
250759.14,0.021663371,0.016362961,37000.0,151467.34,149824.06,149824.05,0.7491672,10.343829,8.540179,8.540134
250759.14,0.022990042,0.019360796,37000.0,151467.38,149824.05,149824.02,0.7491672,10.343542,8.540177,8.54015
250759.14,0.019271653,0.028782384,37000.0,151467.36,149824.06,149824.05,0.7491672,10.343661,8.540176,8.540132
250759.14,0.016858723,0.03477187,37000.0,151467.42,149824.06,149824.06,0.7491672,10.343823,8.540175,8.540137
250759.14,0.020752786,0.026301637,37000.0,151467.34,149824.05,149824.05,0.7491672,10.343022,8.540176,8.540108
250759.14,0.015766578,0.004436923,37000.0,151467.36,149824.05,149824.03,0.7491672,10.343172,8.540185,8.540139
250759.14,0.022189705,0.039988983,37000.0,151467.42,149824.05,149824.05,0.7491672,10.343482,8.540174,8.540146
250759.14,0.021500532,0.012113153,37000.0,151467.39,149824.03,149824.03,0.7491672,10.343676,8.540181,8.540149
250759.14,0.021486482,0.007397378,37000.0,151467.36,149824.06,149824.03,0.7491672,10.343577,8.540182,8.540147
250759.14,0.017399639,0.011368511,37000.0,151467.4,149824.05,149824.05,0.7491672,10.343373,8.540181,8.540147
250759.14,0.01600276,0.034937494,37000.0,151467.42,149824.03,149824.05,0.7491672,10.343751,8.5401745,8.540143
250759.14,0.020492947,0.021975186,37000.0,151467.39,149824.05,149824.05,0.7491672,10.34354,8.540177,8.540121
250759.14,0.021598155,0.00693357,37000.0,151467.34,149824.05,149824.05,0.7491672,10.343266,8.540182,8.540153
250759.14,0.020014562,0.007349866,37000.0,151467.31,149824.05,149824.06,0.7491672,10.342881,8.540183,8.540149
250759.14,0.018138235,0.008537917,37000.0,151467.42,149824.05,149824.06,0.7491672,10.343465,8.540182,8.540141
250759.14,0.017578712,0.012429239,37000.0,151467.39,149824.06,149824.05,0.7491672,10.343515,8.54018,8.540132
250759.14,0.019533042,0.017032895,37000.0,151467.4,149824.03,149824.06,0.7491672,10.3437195,8.540178,8.540143
250759.14,0.018804424,0.012053203,37000.0,151467.42,149824.05,149824.05,0.7491672,10.343669,8.540181,8.54013
250759.14,0.020907238,0.018513413,37000.0,151467.42,149824.06,149824.06,0.7491672,10.343385,8.540179,8.540097
250759.14,0.021966124,0.02811573,37000.0,151467.4,149824.06,149824.06,0.7491672,10.343489,8.540175,8.540132
250759.14,0.020865962,0.017400362,37000.0,151467.42,149824.06,149824.05,0.7491672,10.343581,8.540178,8.540133
250759.14,0.018837184,0.0083352085,37000.0,151467.38,149824.06,149824.06,0.7491672,10.3433485,8.540182,8.54013
250759.14,0.020674564,0.028347118,37000.0,151467.38,149824.05,149824.06,0.7491672,10.343391,8.540175,8.540147
250759.14,0.016964456,0.013654556,37000.0,151467.36,149824.05,149824.05,0.7491672,10.343458,8.540181,8.540156
250759.14,0.019901112,0.010171933,37000.0,151467.38,149824.06,149824.05,0.7491672,10.343277,8.540182,8.540149
250759.14,0.023521127,0.014253709,37000.0,151467.39,149824.06,149824.05,0.7491672,10.343692,8.540181,8.540149
250759.14,0.01642847,0.00759061,37000.0,151467.39,149824.08,149824.06,0.7491672,10.343255,8.540183,8.5401535
250759.14,0.019961106,0.044275533,37000.0,151467.38,149824.06,149824.03,0.7491672,10.343558,8.540172,8.540139
250759.14,0.018415663,0.035104375,37000.0,151467.39,149824.05,149824.05,0.7491672,10.343541,8.5401745,8.540149
250759.14,0.018773628,0.017818332,37000.0,151467.38,149824.05,149824.06,0.7491672,10.343174,8.540179,8.540135
250759.14,0.0177217,0.012402384,37000.0,151467.38,149824.03,149824.06,0.7491672,10.3433895,8.540181,8.540155
250759.14,0.019551098,0.009051652,37000.0,151467.39,149824.05,149824.06,0.7491672,10.34335,8.540182,8.540146
250759.14,0.020362733,0.017824618,37000.0,151467.39,149824.05,149824.06,0.7491672,10.343246,8.540179,8.540151
250759.14,0.02028703,0.0077703586,37000.0,151467.39,149824.05,149824.06,0.7491672,10.343284,8.540182,8.540151
250759.14,0.019648666,0.032434348,37000.0,151467.42,149824.05,149824.06,0.7491672,10.343834,8.540175,8.540139
250759.14,0.019008078,0.012252864,37000.0,151467.39,149824.06,149824.05,0.7491672,10.343764,8.540181,8.5401535
250759.14,0.019165568,0.02673992,37000.0,151467.4,149824.03,149824.06,0.7491672,10.343549,8.540176,8.540153
250759.14,0.01901039,0.03027712,37000.0,151467.34,149824.05,149824.05,0.7491672,10.343227,8.540175,8.540118
250759.14,0.019278958,0.016104378,37000.0,151467.4,149824.05,149824.06,0.7491672,10.34353,8.540179,8.540131
250759.14,0.020214338,0.004264951,37000.0,151467.38,149824.06,149824.06,0.7491672,10.343337,8.540185,8.54014
250759.14,0.02029998,0.005972209,37000.0,151467.38,149824.05,149824.03,0.7491672,10.34357,8.540183,8.540128
250759.14,0.019616593,0.0066183438,37000.0,151467.36,149824.06,149824.06,0.7491672,10.343552,8.540183,8.54013
250759.14,0.020639932,0.02493964,37000.0,151467.39,149824.05,149824.06,0.7491672,10.3433895,8.540175,8.540128
250759.14,0.020231742,0.007772977,37000.0,151467.36,149824.05,149824.03,0.7491672,10.343599,8.540182,8.540145
250759.14,0.019550435,0.0205841,37000.0,151467.34,149824.03,149824.05,0.7491672,10.343713,8.540177,8.540139
250759.14,0.017644037,0.02895814,37000.0,151467.42,149824.02,149824.08,0.7491672,10.343458,8.540175,8.540131
250759.14,0.017187394,0.0046287845,37000.0,151467.39,149824.06,149824.05,0.7491672,10.343343,8.540184,8.540139
250759.14,0.017873067,0.012170256,37000.0,151467.42,149824.05,149824.06,0.7491672,10.343826,8.54018,8.54015
250759.14,0.01514044,0.017691363,37000.0,151467.36,149824.03,149824.06,0.7491672,10.343231,8.540178,8.540146
250759.14,0.013857236,0.024043504,37000.0,151467.36,149824.05,149824.05,0.7491672,10.34311,8.540176,8.54015
250759.14,0.013744559,0.007180095,37000.0,151467.38,149824.06,149824.05,0.7491672,10.343141,8.540183,8.540151
250759.14,0.013405517,0.0050149723,37000.0,151467.4,149824.06,149824.05,0.7491672,10.343283,8.540184,8.540136
250759.14,0.0147061,0.021716906,37000.0,151467.44,149824.05,149824.06,0.7491672,10.343478,8.540177,8.540139
250759.14,0.01449467,0.022685306,37000.0,151467.36,149824.05,149824.06,0.7491672,10.343376,8.540177,8.540156
250759.14,0.013835757,0.0043757227,37000.0,151467.38,149824.03,149824.06,0.7491672,10.343114,8.540184,8.540145
250759.14,0.013049305,0.014598289,37000.0,151467.39,149824.06,149824.08,0.7491672,10.3434925,8.54018,8.540156
250759.14,0.013699586,0.012449899,37000.0,151467.27,149824.03,149824.05,0.7491672,10.342998,8.54018,8.54014
250759.14,0.013155042,0.019679682,37000.0,151467.39,149824.05,149824.06,0.7491672,10.343399,8.540178,8.540158
250759.14,0.014220055,0.0068520904,37000.0,151467.39,149824.05,149824.05,0.7491672,10.343088,8.540183,8.540133
250759.14,0.014232267,0.016646363,37000.0,151467.39,149824.05,149824.06,0.7491672,10.343737,8.540178,8.540144
250759.14,0.013581729,0.011096257,37000.0,151467.36,149824.06,149824.08,0.7491672,10.343577,8.54018,8.540119
250759.14,0.013028624,0.030266684,37000.0,151467.39,149824.02,149824.05,0.7491672,10.343506,8.540175,8.540138
250759.14,0.013476233,0.012186687,37000.0,151467.39,149824.03,149824.06,0.7491672,10.34301,8.540181,8.5401535
250759.14,0.014026678,0.0048583616,37000.0,151467.36,149824.03,149824.05,0.7491672,10.343551,8.540183,8.540121
250759.14,0.0130172325,0.010875832,37000.0,151467.39,149824.05,149824.06,0.7491672,10.3434305,8.540181,8.540136
250759.14,0.014711243,0.0051357276,37000.0,151467.38,149824.06,149824.06,0.7491672,10.34329,8.540184,8.540136
250759.14,0.0139128715,0.004807877,37000.0,151467.38,149824.06,149824.05,0.7491672,10.343253,8.540184,8.540132
250759.14,0.013223375,0.026279353,37000.0,151467.39,149824.06,149824.05,0.7491672,10.343587,8.540176,8.54013
250759.14,0.013536544,0.014453956,37000.0,151467.36,149824.05,149824.03,0.7491672,10.343322,8.54018,8.540143
250759.14,0.013629477,0.01966245,37000.0,151467.4,149824.05,149824.06,0.7491672,10.3435545,8.540179,8.540157
250759.14,0.013832544,0.03479263,37000.0,151467.38,149824.05,149824.05,0.7491672,10.343502,8.5401745,8.540137
250759.14,0.01455686,0.0063195396,37000.0,151467.4,149824.02,149824.06,0.7491672,10.343721,8.540183,8.540154
250759.14,0.01362106,0.0044592307,37000.0,151467.39,149824.05,149824.03,0.7491672,10.343532,8.540185,8.540149
250759.14,0.012956777,0.019921966,37000.0,151467.36,149824.05,149824.05,0.7491672,10.343455,8.540178,8.540132
250759.14,0.0129611865,0.004979169,37000.0,151467.36,149824.06,149824.05,0.7491672,10.343369,8.540184,8.540127
250759.14,0.014548493,0.013880587,37000.0,151467.39,149824.05,149824.05,0.7491672,10.343302,8.54018,8.540139
250759.14,0.014607693,0.026761468,37000.0,151467.4,149824.05,149824.05,0.7491672,10.343433,8.540175,8.540143
250759.14,0.014013353,0.029191934,37000.0,151467.4,149824.05,149824.03,0.7491672,10.343527,8.540176,8.540133
250759.14,0.0132047385,0.012805923,37000.0,151467.42,149824.05,149824.05,0.7491672,10.343501,8.54018,8.540131
250759.14,0.01433597,0.014511236,37000.0,151467.39,149824.06,149824.06,0.7491672,10.343664,8.540179,8.540145
250759.14,0.015187804,0.018234862,37000.0,151467.42,149824.03,149824.05,0.7491672,10.343483,8.540178,8.540145
250759.14,0.013382926,0.018110087,37000.0,151467.34,149824.05,149824.06,0.7491672,10.343402,8.540178,8.54015
250759.14,0.013549919,0.029054971,37000.0,151467.36,149824.05,149824.06,0.7491672,10.343207,8.540175,8.540131
250759.14,0.012687382,0.016606443,37000.0,151467.44,149824.05,149824.05,0.7491672,10.34347,8.540179,8.540136
250759.14,0.0132833645,0.009625075,37000.0,151467.38,149824.03,149824.06,0.7491672,10.343402,8.540181,8.540126
250759.14,0.01356995,0.023605753,37000.0,151467.36,149824.05,149824.08,0.7491672,10.343411,8.540177,8.540134
250759.14,0.012859582,0.021065017,37000.0,151467.38,149824.05,149824.06,0.7491672,10.343317,8.540178,8.540136
250759.14,0.012203113,0.013539216,37000.0,151467.33,149824.03,149824.08,0.7491672,10.343151,8.54018,8.540145
250759.14,0.014213178,0.047209352,37000.0,151467.4,149824.06,149824.06,0.7491672,10.34363,8.540174,8.54014
250759.14,0.013924185,0.0043809256,37000.0,151467.34,149824.05,149824.06,0.7491672,10.343393,8.540184,8.540122
250759.14,0.011467497,0.0128089795,37000.0,151467.36,149824.03,149824.05,0.7491672,10.343523,8.540181,8.540124
250759.14,0.0135425925,0.011886507,37000.0,151467.33,149824.03,149824.06,0.7491672,10.34302,8.540181,8.540132
250759.14,0.014035582,0.004340468,37000.0,151467.38,149824.06,149824.05,0.7491672,10.343393,8.540184,8.540147
250759.14,0.012718034,0.00843648,37000.0,151467.34,149824.03,149824.03,0.7491672,10.34375,8.540183,8.540139
250759.14,0.012888072,0.004358735,37000.0,151467.28,149824.05,149824.06,0.7491672,10.3428335,8.540184,8.540135
250759.14,0.014367128,0.012766392,37000.0,151467.36,149824.03,149824.05,0.7491672,10.3436365,8.540181,8.540132
250759.14,0.014086905,0.014962417,37000.0,151467.44,149824.06,149824.06,0.7491672,10.34355,8.54018,8.540136
250759.14,0.0129528735,0.017870722,37000.0,151467.28,149824.05,149824.08,0.7491672,10.343126,8.540179,8.540147
250759.14,0.014769161,0.008411,37000.0,151467.4,149824.05,149824.06,0.7491672,10.343381,8.540181,8.540135
250759.14,0.013449926,0.015729178,37000.0,151467.36,149824.05,149824.05,0.7491672,10.343429,8.54018,8.540131
250759.14,0.014079182,0.014571876,37000.0,151467.38,149824.06,149824.03,0.7491672,10.343496,8.54018,8.540127
250759.14,0.014393937,0.03720688,37000.0,151467.39,149824.06,149824.06,0.7491672,10.343333,8.5401745,8.540135
250759.14,0.013460629,0.0044876183,37000.0,151467.33,149824.05,149824.05,0.7491672,10.3436775,8.540185,8.540139
250759.14,0.013349032,0.018703554,37000.0,151467.36,149824.06,149824.03,0.7491672,10.343552,8.540178,8.540134
250759.14,0.012871854,0.011050676,37000.0,151467.45,149824.05,149824.05,0.7491672,10.343412,8.540182,8.540135
250759.14,0.014398874,0.004679345,37000.0,151467.39,149824.06,149824.03,0.7491672,10.343554,8.540184,8.540133
250759.14,0.013445362,0.019867387,37000.0,151467.44,149824.03,149824.06,0.7491672,10.34346,8.540177,8.540122
250759.14,0.014547854,0.03467047,37000.0,151467.39,149824.06,149824.06,0.7491672,10.343457,8.5401745,8.540133
250759.14,0.0145093165,0.024764245,37000.0,151467.38,149824.03,149824.06,0.7491672,10.343522,8.540177,8.540138
250759.14,0.014706234,0.014594258,37000.0,151467.44,149824.03,149824.06,0.7491672,10.343268,8.54018,8.540133
250759.14,0.014756629,0.03263963,37000.0,151467.42,149824.06,149824.05,0.7491672,10.34369,8.540176,8.54012
250759.14,0.013089955,0.01930216,37000.0,151467.38,149824.05,149824.03,0.7491672,10.343566,8.540178,8.540139
250759.14,0.014461873,0.02835354,37000.0,151467.4,149824.05,149824.06,0.7491672,10.343215,8.540176,8.54015
250759.14,0.015014555,0.021328887,37000.0,151467.33,149824.03,149824.08,0.7491672,10.342999,8.540177,8.540102
250759.14,0.016294105,0.009430805,37000.0,151467.42,149824.05,149824.05,0.7491672,10.34344,8.540182,8.540145
250759.14,0.015643585,0.005000508,37000.0,151467.38,149824.05,149824.06,0.7491672,10.343285,8.540183,8.540148
250759.14,0.015169668,0.048214097,37000.0,151467.44,149824.05,149824.03,0.7491672,10.3439,8.540172,8.540122
250759.14,0.01583066,0.021470647,37000.0,151467.38,149824.06,149824.06,0.7491672,10.343115,8.540178,8.540113
250759.14,0.015290325,0.005470014,37000.0,151467.4,149824.06,149824.05,0.7491672,10.343605,8.540184,8.540128
250759.14,0.013939261,0.014362692,37000.0,151467.36,149824.08,149824.05,0.7491672,10.343312,8.54018,8.540129
250759.14,0.012959909,0.024511635,37000.0,151467.44,149824.05,149824.06,0.7491672,10.343841,8.540176,8.540128
250759.14,0.015385906,0.0064756214,37000.0,151467.36,149824.05,149824.06,0.7491672,10.343,8.540185,8.5401325
250759.14,0.01321879,0.027229875,37000.0,151467.45,149824.06,149824.06,0.7491672,10.343563,8.540176,8.540145
250759.14,0.016767945,0.004473443,37000.0,151467.36,149824.03,149824.05,0.7491672,10.343215,8.540185,8.540144
250759.14,0.0163157,0.013215829,37000.0,151467.42,149824.06,149824.05,0.7491672,10.343784,8.54018,8.54012
250759.14,0.017445736,0.0044465903,37000.0,151467.39,149824.05,149824.06,0.7491672,10.343376,8.540184,8.540125
250759.14,0.015429885,0.0047679716,37000.0,151467.4,149824.05,149824.05,0.7491672,10.343521,8.540184,8.540142
250759.14,0.014824917,0.022523846,37000.0,151467.36,149824.06,149824.06,0.7491672,10.343385,8.540176,8.540148
250759.14,0.014990494,0.017472398,37000.0,151467.4,149824.03,149824.05,0.7491672,10.343465,8.540179,8.540145
250759.14,0.014236695,0.004426074,37000.0,151467.36,149824.03,149824.06,0.7491672,10.343233,8.540184,8.5401325
250759.14,0.016139984,0.0045609945,37000.0,151467.36,149824.05,149824.03,0.7491672,10.343377,8.540183,8.540145
250759.14,0.01695999,0.010945031,37000.0,151467.39,149824.06,149824.05,0.7491672,10.343574,8.540181,8.540113
250759.14,0.015743058,0.027572986,37000.0,151467.33,149824.05,149824.05,0.7491672,10.343151,8.540177,8.540138
250759.14,0.016204642,0.024115829,37000.0,151467.36,149824.06,149824.05,0.7491672,10.343097,8.540176,8.540147
250759.14,0.015854077,0.010132757,37000.0,151467.4,149824.06,149824.05,0.7491672,10.343644,8.540182,8.540125
250759.14,0.014484241,0.008139431,37000.0,151467.38,149824.05,149824.05,0.7491672,10.343686,8.540182,8.540149
250759.14,0.014699609,0.03485167,37000.0,151467.4,149824.06,149824.05,0.7491672,10.343614,8.540175,8.540135
250759.14,0.0140754245,0.020973772,37000.0,151467.4,149824.06,149824.06,0.7491672,10.34343,8.540179,8.540122
250759.14,0.014027887,0.009955634,37000.0,151467.39,149824.05,149824.05,0.7491672,10.343357,8.540182,8.540123
250759.14,0.014289974,0.014547419,37000.0,151467.36,149824.05,149824.03,0.7491672,10.343693,8.540179,8.540125
250759.14,0.014024038,0.012534574,37000.0,151467.38,149824.05,149824.05,0.7491672,10.343552,8.540181,8.540127
250759.14,0.016833764,0.0045687477,37000.0,151467.42,149824.05,149824.05,0.7491672,10.343384,8.540185,8.540118
250759.14,0.014689793,0.010637446,37000.0,151467.4,149824.03,149824.06,0.7491672,10.343535,8.540181,8.540144
250759.14,0.015059758,0.020921355,37000.0,151467.4,149824.05,149824.03,0.7491672,10.343473,8.540177,8.540143
250759.14,0.0149387065,0.020653766,37000.0,151467.39,149824.05,149824.05,0.7491672,10.343203,8.540178,8.540122
250759.14,0.015315621,0.015770877,37000.0,151467.44,149824.06,149824.06,0.7491672,10.343437,8.540179,8.540138
250759.14,0.014744866,0.009594418,37000.0,151467.38,149824.05,149824.03,0.7491672,10.343481,8.540183,8.540145
250759.14,0.015825674,0.0071075247,37000.0,151467.39,149824.06,149824.06,0.7491672,10.343338,8.540182,8.540138
250759.14,0.014104815,0.015633726,37000.0,151467.42,149824.06,149824.03,0.7491672,10.343438,8.54018,8.540145
250759.14,0.016069721,0.014609259,37000.0,151467.36,149824.06,149824.05,0.7491672,10.343445,8.54018,8.5401325
250759.14,0.015074388,0.009757453,37000.0,151467.38,149824.05,149824.06,0.7491672,10.343365,8.540181,8.540148
250759.14,0.015896773,0.010303678,37000.0,151467.33,149824.06,149824.05,0.7491672,10.34298,8.540181,8.540113
250759.14,0.015493681,0.026393577,37000.0,151467.38,149824.03,149824.05,0.7491672,10.343511,8.540176,8.54012
250759.14,0.016751083,0.015348003,37000.0,151467.36,149824.05,149824.06,0.7491672,10.343357,8.54018,8.540147
250759.14,0.015401727,0.028452177,37000.0,151467.44,149824.05,149824.06,0.7491672,10.343711,8.540176,8.540122
250759.14,0.015587735,0.023217006,37000.0,151467.4,149824.06,149824.06,0.7491672,10.343247,8.540178,8.540136
250759.14,0.015258983,0.022869008,37000.0,151467.38,149824.08,149824.06,0.7491672,10.343315,8.540177,8.540147
250759.14,0.015358987,0.021894779,37000.0,151467.34,149824.08,149824.03,0.7491672,10.343341,8.540178,8.540146
250759.14,0.016620878,0.0057398486,37000.0,151467.34,149824.05,149824.05,0.7491672,10.343236,8.540183,8.540145
250759.14,0.014244523,0.021812648,37000.0,151467.39,149824.06,149824.05,0.7491672,10.343463,8.540177,8.540142
250759.14,0.014641115,0.030255843,37000.0,151467.39,149824.05,149824.05,0.7491672,10.343265,8.540175,8.540123
250759.14,0.016788663,0.004669061,37000.0,151467.42,149824.05,149824.05,0.7491672,10.344132,8.540183,8.540113
250759.14,0.0143867405,0.019835072,37000.0,151467.3,149824.05,149824.05,0.7491672,10.343392,8.540177,8.540116
250759.14,0.015113197,0.0056444597,37000.0,151467.31,149824.03,149824.05,0.7491672,10.34362,8.540183,8.540131
250759.14,0.015957788,0.0046063173,37000.0,151467.39,149824.06,149824.03,0.7491672,10.343552,8.540185,8.540123
250759.14,0.015583321,0.012980606,37000.0,151467.38,149824.06,149824.06,0.7491672,10.343082,8.54018,8.540128
250759.14,0.013573664,0.03413754,37000.0,151467.38,149824.03,149824.08,0.7491672,10.343423,8.540175,8.54014
250759.14,0.01675717,0.010674655,37000.0,151467.42,149824.05,149824.05,0.7491672,10.343639,8.540181,8.540138
250759.14,0.014992982,0.025431734,37000.0,151467.39,149824.06,149824.06,0.7491672,10.34346,8.540177,8.540118
250759.14,0.015398203,0.01774075,37000.0,151467.36,149824.03,149824.08,0.7491672,10.343501,8.540179,8.540134
250759.14,0.016147448,0.009966022,37000.0,151467.4,149824.08,149824.05,0.7491672,10.343298,8.540182,8.540136
250759.14,0.014978115,0.004446699,37000.0,151467.34,149824.05,149824.06,0.7491672,10.343403,8.540185,8.540148
250759.14,0.016283354,0.004349478,37000.0,151467.38,149824.08,149824.06,0.7491672,10.343079,8.540185,8.540128
250759.14,0.016983928,0.013396528,37000.0,151467.4,149824.03,149824.05,0.7491672,10.343587,8.540181,8.540136
250759.14,0.014537245,0.022980602,37000.0,151467.36,149824.05,149824.05,0.7491672,10.343393,8.540178,8.54012
250759.14,0.014678799,0.02395656,37000.0,151467.3,149824.03,149824.05,0.7491672,10.343391,8.540176,8.540128
250759.14,0.015152607,0.015633713,37000.0,151467.39,149824.06,149824.06,0.7491672,10.343266,8.540179,8.540121
250759.14,0.016070547,0.020929672,37000.0,151467.39,149824.03,149824.06,0.7491672,10.343318,8.540177,8.540138
250759.14,0.015128036,0.015479973,37000.0,151467.39,149824.06,149824.05,0.7491672,10.343512,8.540179,8.540128
250759.14,0.017419918,0.005639882,37000.0,151467.33,149824.06,149824.03,0.7491672,10.34327,8.540184,8.540097
250759.14,0.016625943,0.018521696,37000.0,151467.36,149824.03,149824.06,0.7491672,10.343361,8.540178,8.540116
250759.14,0.016271973,0.014161672,37000.0,151467.39,149824.05,149824.06,0.7491672,10.343635,8.54018,8.540105
250759.14,0.015843896,0.0054478035,37000.0,151467.38,149824.05,149824.06,0.7491672,10.343111,8.540183,8.540113
250759.14,0.016131312,0.0047460054,37000.0,151467.31,149824.05,149824.03,0.7491672,10.343481,8.540183,8.5401
250759.14,0.014351815,0.005575559,37000.0,151467.34,149824.05,149824.05,0.7491672,10.343561,8.540183,8.54011
250759.14,0.013828202,0.02674533,37000.0,151467.39,149824.05,149824.06,0.7491672,10.343473,8.540177,8.54014
250759.14,0.017385503,0.02598012,37000.0,151467.4,149824.05,149824.05,0.7491672,10.343572,8.540177,8.540124
250759.14,0.03753279,0.009754005,37000.0,151467.31,149824.06,149824.05,0.7491672,10.343148,8.540182,8.540142
250759.14,0.0165904,0.019593287,37000.0,151467.33,149824.06,149824.06,0.7491672,10.343402,8.540178,8.540117
250759.14,0.01617191,0.004891755,37000.0,151467.39,149824.06,149824.06,0.7491672,10.3434305,8.540184,8.540137
250759.14,0.016567338,0.0056106527,37000.0,151467.38,149824.05,149824.05,0.7491672,10.343386,8.540184,8.540134
250759.14,0.016246067,0.027643865,37000.0,151467.39,149824.05,149824.06,0.7491672,10.343628,8.540176,8.540127
250759.14,0.014373893,0.011277723,37000.0,151467.36,149824.05,149824.05,0.7491672,10.343707,8.54018,8.540117
250759.14,0.016013198,0.015632747,37000.0,151467.34,149824.05,149824.05,0.7491672,10.34348,8.540179,8.540121
250759.14,0.016869457,0.0083246175,37000.0,151467.38,149824.03,149824.06,0.7491672,10.343549,8.540181,8.540123
250759.14,0.01645709,0.0100558875,37000.0,151467.4,149824.05,149824.08,0.7491672,10.343348,8.540181,8.540145
250759.14,0.015587043,0.0045118514,37000.0,151467.33,149824.03,149824.06,0.7491672,10.343346,8.540185,8.540149
250759.14,0.016197942,0.0055827433,37000.0,151467.38,149824.05,149824.05,0.7491672,10.343447,8.540183,8.540148
250759.14,0.015638355,0.0044794534,37000.0,151467.38,149824.05,149824.05,0.7491672,10.343317,8.540185,8.54012
250759.14,0.015363472,0.0044070776,37000.0,151467.34,149824.03,149824.05,0.7491672,10.343207,8.540185,8.540111
250759.14,0.014755056,0.03217162,37000.0,151467.38,149824.03,149824.06,0.7491672,10.343613,8.5401745,8.540133
250759.14,0.016492514,0.024701081,37000.0,151467.4,149824.05,149824.05,0.7491672,10.343531,8.540176,8.540132
250759.14,0.0143596055,0.03387388,37000.0,151467.39,149824.06,149824.06,0.7491672,10.343583,8.5401745,8.540146
250759.14,0.015466454,0.0104634715,37000.0,151467.4,149824.05,149824.05,0.7491672,10.343412,8.540181,8.540124
250759.14,0.015540691,0.01766469,37000.0,151467.38,149824.03,149824.05,0.7491672,10.343391,8.54018,8.540143
250759.14,0.013591323,0.020343289,37000.0,151467.4,149824.06,149824.05,0.7491672,10.343731,8.540177,8.540125
250759.14,0.012578277,0.018694209,37000.0,151467.3,149824.03,149824.06,0.7491672,10.3430395,8.540177,8.540142
250759.14,0.014585262,0.022581525,37000.0,151467.38,149824.05,149824.03,0.7491672,10.343502,8.540177,8.540141
250759.14,0.01619508,0.01293883,37000.0,151467.36,149824.03,149824.05,0.7491672,10.343231,8.540179,8.54014
250759.14,0.013575273,0.018223448,37000.0,151467.39,149824.05,149824.06,0.7491672,10.343508,8.54018,8.540145
250759.14,0.015665852,0.0045327563,37000.0,151467.38,149824.03,149824.06,0.7491672,10.343602,8.540184,8.540147
250759.14,0.015505912,0.0068131476,37000.0,151467.38,149824.03,149824.05,0.7491672,10.343242,8.540183,8.54014
250759.14,0.016151542,0.0056480095,37000.0,151467.34,149824.05,149824.08,0.7491672,10.343593,8.540182,8.540094
250759.14,0.016112955,0.010230912,37000.0,151467.39,149824.03,149824.06,0.7491672,10.3435955,8.540182,8.540131
250759.14,0.015332801,0.02544153,37000.0,151467.38,149824.03,149824.05,0.7491672,10.343359,8.540177,8.540142
250759.14,0.015594807,0.0050807814,37000.0,151467.36,149824.06,149824.05,0.7491672,10.34338,8.540183,8.540148
250759.14,0.017430844,0.008613023,37000.0,151467.39,149824.05,149824.06,0.7491672,10.343386,8.540183,8.5401325
250759.14,0.017441839,0.028735248,37000.0,151467.33,149824.05,149824.06,0.7491672,10.343355,8.540175,8.540146
250759.14,0.01585512,0.023685787,37000.0,151467.4,149824.06,149824.05,0.7491672,10.343547,8.540177,8.540152
250759.14,0.016454142,0.0143326465,37000.0,151467.36,149824.05,149824.05,0.7491672,10.343422,8.540181,8.540152
250759.14,0.016044961,0.01812124,37000.0,151467.36,149824.05,149824.05,0.7491672,10.343237,8.540179,8.540149
250759.14,0.014682739,0.00794903,37000.0,151467.3,149824.05,149824.05,0.7491672,10.342836,8.540183,8.540147
250759.14,0.016566975,0.023546902,37000.0,151467.39,149824.06,149824.06,0.7491672,10.343254,8.540178,8.540152
250759.14,0.013765207,0.017943017,37000.0,151467.34,149824.05,149824.06,0.7491672,10.343088,8.540179,8.540141
250759.14,0.01775709,0.0055384147,37000.0,151467.42,149824.05,149824.06,0.7491672,10.34378,8.540186,8.540151
250759.14,0.015164984,0.023789514,37000.0,151467.36,149824.05,149824.03,0.7491672,10.343187,8.540176,8.540134
250759.14,0.014122979,0.02671715,37000.0,151467.44,149824.08,149824.05,0.7491672,10.343322,8.540176,8.54015
250759.14,0.013554533,0.0060294666,37000.0,151467.44,149824.06,149824.05,0.7491672,10.343425,8.540184,8.540144
250759.14,0.0154456645,0.02121546,37000.0,151467.3,149824.03,149824.06,0.7491672,10.343138,8.540178,8.540145
250759.14,0.015155095,0.01664235,37000.0,151467.4,149824.06,149824.06,0.7491672,10.343262,8.540179,8.540145
250759.14,0.01601449,0.011057589,37000.0,151467.4,149824.03,149824.06,0.7491672,10.343434,8.540181,8.540143
250759.14,0.0146796,0.024287147,37000.0,151467.4,149824.05,149824.06,0.7491672,10.342985,8.540176,8.540146
250759.14,0.014377117,0.011410643,37000.0,151467.38,149824.02,149824.06,0.7491672,10.343318,8.540181,8.540149
250759.14,0.016376257,0.011979313,37000.0,151467.36,149824.03,149824.06,0.7491672,10.343198,8.54018,8.540147
250759.14,0.017285045,0.015304074,37000.0,151467.38,149824.05,149824.05,0.7491672,10.343395,8.540181,8.540144
250759.14,0.016035767,0.018390205,37000.0,151467.4,149824.05,149824.06,0.7491672,10.343154,8.540178,8.540148
250759.14,0.015235831,0.007146539,37000.0,151467.4,149824.05,149824.05,0.7491672,10.34356,8.540183,8.540136
250759.14,0.012790118,0.0144338375,37000.0,151467.38,149824.05,149824.06,0.7491672,10.343712,8.54018,8.540138
250759.14,0.014199313,0.014001952,37000.0,151467.36,149824.06,149824.05,0.7491672,10.343113,8.54018,8.540146
250759.14,0.01528784,0.02292662,37000.0,151467.34,149824.05,149824.05,0.7491672,10.343622,8.540177,8.540149
250759.14,0.015392398,0.015346338,37000.0,151467.34,149824.06,149824.08,0.7491672,10.343306,8.54018,8.540144
250759.14,0.015550368,0.015388343,37000.0,151467.36,149824.02,149824.05,0.7491672,10.343165,8.540179,8.540142
250759.14,0.015110338,0.0062198415,37000.0,151467.33,149824.08,149824.05,0.7491672,10.343258,8.540184,8.540137
250759.14,0.015091661,0.013917188,37000.0,151467.39,149824.05,149824.06,0.7491672,10.343469,8.540181,8.5401535
250759.14,0.0122809885,0.024002913,37000.0,151467.4,149824.06,149824.03,0.7491672,10.343621,8.540177,8.540139
250759.14,0.016352262,0.0234165,37000.0,151467.36,149824.03,149824.06,0.7491672,10.343532,8.540178,8.540141
250759.14,0.015873374,0.008737358,37000.0,151467.39,149824.06,149824.08,0.7491672,10.343166,8.540183,8.540142
250759.14,0.015510199,0.018572595,37000.0,151467.34,149824.03,149824.06,0.7491672,10.343528,8.540178,8.540136
250759.14,0.016289601,0.020679854,37000.0,151467.36,149824.06,149824.05,0.7491672,10.343209,8.540177,8.540145
250759.14,0.016283534,0.0066084587,37000.0,151467.36,149824.05,149824.05,0.7491672,10.343454,8.540182,8.540142
250759.14,0.014666298,0.015801257,37000.0,151467.36,149824.06,149824.06,0.7491672,10.343303,8.54018,8.54014
250759.14,0.0137713505,0.047532663,37000.0,151467.4,149824.08,149824.05,0.7491672,10.343732,8.540172,8.5401325
250759.14,0.015069507,0.006664299,37000.0,151467.42,149824.05,149824.06,0.7491672,10.343488,8.540184,8.540137
250759.14,0.015728159,0.01569521,37000.0,151467.31,149824.05,149824.05,0.7491672,10.343052,8.54018,8.540136
250759.14,0.015108674,0.025304757,37000.0,151467.34,149824.05,149824.06,0.7491672,10.343306,8.540177,8.540142
250759.14,0.015547721,0.02195948,37000.0,151467.39,149824.06,149824.05,0.7491672,10.343336,8.540177,8.540141
250759.14,0.0148423035,0.0132137155,37000.0,151467.39,149824.03,149824.03,0.7491672,10.343634,8.540181,8.54014
250759.14,0.015314798,0.01988028,37000.0,151467.36,149824.06,149824.05,0.7491672,10.343197,8.540178,8.540151
250759.14,0.016104119,0.007853445,37000.0,151467.36,149824.06,149824.05,0.7491672,10.3432665,8.540182,8.540143
250759.14,0.015953034,0.018864999,37000.0,151467.39,149824.06,149824.08,0.7491672,10.343235,8.540179,8.540134
250759.14,0.015246517,0.015813839,37000.0,151467.38,149824.05,149824.06,0.7491672,10.343505,8.540179,8.540146
250759.14,0.016229767,0.023115529,37000.0,151467.31,149824.06,149824.06,0.7491672,10.343285,8.540178,8.540141
250759.14,0.016102016,0.03836173,37000.0,151467.38,149824.05,149824.05,0.7491672,10.34371,8.5401745,8.540134
250759.14,0.013537643,0.013066422,37000.0,151467.36,149824.05,149824.06,0.7491672,10.343133,8.540181,8.540131
250759.14,0.016747277,0.019624336,37000.0,151467.3,149824.06,149824.06,0.7491672,10.343066,8.540177,8.540151
250759.14,0.015736306,0.010285831,37000.0,151467.39,149824.05,149824.08,0.7491672,10.343635,8.540181,8.54015
250759.14,0.01577308,0.02981833,37000.0,151467.36,149824.05,149824.08,0.7491672,10.343651,8.540176,8.54015
250759.14,0.015748085,0.012775279,37000.0,151467.33,149824.02,149824.05,0.7491672,10.343315,8.54018,8.54014
250759.14,0.01463099,0.0048422194,37000.0,151467.36,149824.05,149824.05,0.7491672,10.34348,8.540185,8.540139
250759.14,0.012467995,0.030587455,37000.0,151467.42,149824.05,149824.05,0.7491672,10.343478,8.540176,8.540143
250759.14,0.017100794,0.008185882,37000.0,151467.39,149824.05,149824.05,0.7491672,10.343305,8.540182,8.540143
250759.14,0.016514156,0.0049724076,37000.0,151467.38,149824.05,149824.06,0.7491672,10.343495,8.540186,8.540133
250759.14,0.015918164,0.013571053,37000.0,151467.45,149824.05,149824.05,0.7491672,10.343749,8.540181,8.54015
250759.14,0.016290132,0.020362815,37000.0,151467.4,149824.05,149824.06,0.7491672,10.343588,8.540179,8.540147
250759.14,0.013598688,0.0063094706,37000.0,151467.36,149824.06,149824.05,0.7491672,10.343389,8.540183,8.54015
250759.14,0.014203146,0.0076713897,37000.0,151467.39,149824.03,149824.05,0.7491672,10.343698,8.540183,8.540142
250759.14,0.0114566,0.027431322,37000.0,151467.34,149824.05,149824.05,0.7491672,10.343083,8.540176,8.540145
250759.14,0.015594439,0.0073585287,37000.0,151467.4,149824.05,149824.03,0.7491672,10.343554,8.540182,8.540154
250759.14,0.014152945,0.03854541,37000.0,151467.4,149824.03,149824.05,0.7491672,10.343461,8.540174,8.5401325
250759.14,0.016250545,0.016807156,37000.0,151467.38,149824.05,149824.06,0.7491672,10.343503,8.540179,8.5401535
250759.14,0.015941015,0.0045571453,37000.0,151467.38,149824.06,149824.05,0.7491672,10.343347,8.540184,8.540135
250759.14,0.016128076,0.005180817,37000.0,151467.36,149824.08,149824.05,0.7491672,10.34303,8.540184,8.540144
250759.14,0.016083598,0.020833328,37000.0,151467.38,149824.06,149824.05,0.7491672,10.343398,8.540177,8.540135
250759.14,0.016216649,0.008430838,37000.0,151467.4,149824.05,149824.06,0.7491672,10.343391,8.540182,8.540138
250759.14,0.015629558,0.016529934,37000.0,151467.4,149824.05,149824.06,0.7491672,10.343354,8.54018,8.540147
250759.14,0.014730394,0.0050980737,37000.0,151467.28,149824.06,149824.05,0.7491672,10.342874,8.540184,8.540136
250759.14,0.01748875,0.016568597,37000.0,151467.39,149824.06,149824.05,0.7491672,10.343804,8.540181,8.540151
250759.14,0.014404509,0.0064287,37000.0,151467.33,149824.06,149824.06,0.7491672,10.343086,8.540183,8.540151
250759.14,0.015205503,0.02174743,37000.0,151467.4,149824.05,149824.05,0.7491672,10.343545,8.540177,8.540149
250759.14,0.01692235,0.0046339836,37000.0,151467.34,149824.05,149824.05,0.7491672,10.34358,8.540185,8.540143
250759.14,0.014545722,0.0124316355,37000.0,151467.39,149824.03,149824.03,0.7491672,10.343633,8.540181,8.5401535
250759.14,0.014515178,0.011359807,37000.0,151467.38,149824.05,149824.05,0.7491672,10.343281,8.540181,8.540139
250759.14,0.020905245,0.012646002,37000.0,151467.42,149824.06,149824.06,0.7491672,10.343607,8.540181,8.540124
250759.14,0.017691467,0.004723387,37000.0,151467.38,149824.05,149824.05,0.7491672,10.343532,8.540184,8.540139
250759.14,0.016209712,0.01070569,37000.0,151467.33,149824.05,149824.06,0.7491672,10.342991,8.540182,8.540144
250759.14,0.025172265,0.0045683165,37000.0,151467.36,149824.05,149824.08,0.7491672,10.343524,8.540185,8.540145
250759.14,0.015210527,0.0061309887,37000.0,151467.36,149824.06,149824.05,0.7491672,10.343571,8.540183,8.540138
250759.14,0.01608795,0.029066777,37000.0,151467.38,149824.05,149824.06,0.7491672,10.343289,8.540175,8.5401325
250759.14,0.016571239,0.015290296,37000.0,151467.34,149824.05,149824.03,0.7491672,10.343496,8.540181,8.540149
250759.14,0.01557913,0.034184955,37000.0,151467.34,149824.05,149824.06,0.7491672,10.343175,8.5401745,8.540139
250759.14,0.015541455,0.014522191,37000.0,151467.36,149824.05,149824.05,0.7491672,10.34339,8.54018,8.540138
250759.14,0.015522022,0.009471103,37000.0,151467.38,149824.05,149824.03,0.7491672,10.343464,8.540182,8.540149
250759.14,0.014798591,0.004556468,37000.0,151467.36,149824.05,149824.05,0.7491672,10.343217,8.540185,8.540138
250759.14,0.015047186,0.018372348,37000.0,151467.38,149824.03,149824.05,0.7491672,10.34354,8.540178,8.540137
250759.14,0.017241271,0.024976846,37000.0,151467.44,149824.06,149824.08,0.7491672,10.3436985,8.540177,8.540133
250759.14,0.01645516,0.032737724,37000.0,151467.36,149824.05,149824.06,0.7491672,10.343307,8.5401745,8.54014
250759.14,0.014674397,0.02868306,37000.0,151467.39,149824.05,149824.06,0.7491672,10.343485,8.540176,8.540149
250759.14,0.016421948,0.008557805,37000.0,151467.34,149824.08,149824.08,0.7491672,10.343373,8.540183,8.540142
250759.14,0.014315509,0.040417768,37000.0,151467.42,149824.05,149824.05,0.7491672,10.3437605,8.540174,8.540141
250759.14,0.01519085,0.036998842,37000.0,151467.44,149824.06,149824.05,0.7491672,10.343838,8.540174,8.540146
250759.14,0.017668623,0.016961636,37000.0,151467.33,149824.06,149824.02,0.7491672,10.3434105,8.54018,8.540146
250759.14,0.017610803,0.010288368,37000.0,151467.28,149824.05,149824.06,0.7491672,10.34315,8.540181,8.54014
250759.14,0.013914296,0.0405869,37000.0,151467.39,149824.06,149824.03,0.7491672,10.343434,8.540174,8.540144
250759.14,0.014129681,0.024307571,37000.0,151467.38,149824.08,149824.03,0.7491672,10.343667,8.540177,8.540148
250759.14,0.014979705,0.028424298,37000.0,151467.44,149824.06,149824.05,0.7491672,10.343348,8.540177,8.540136
250759.14,0.01562825,0.021783091,37000.0,151467.4,149824.06,149824.05,0.7491672,10.343436,8.540177,8.540132
250759.14,0.016732534,0.02038505,37000.0,151467.38,149824.05,149824.05,0.7491672,10.343352,8.540178,8.540132
250759.14,0.017287973,0.018022472,37000.0,151467.4,149824.05,149824.05,0.7491672,10.343668,8.540178,8.540137
250759.14,0.015228794,0.033690497,37000.0,151467.39,149824.05,149824.05,0.7491672,10.343674,8.5401745,8.540141
250759.14,0.016078537,0.012979273,37000.0,151467.39,149824.06,149824.03,0.7491672,10.343391,8.540181,8.540119
250759.14,0.0147950705,0.0047747884,37000.0,151467.33,149824.05,149824.06,0.7491672,10.343013,8.540184,8.5401325
250759.14,0.01553853,0.015075168,37000.0,151467.4,149824.06,149824.06,0.7491672,10.343461,8.540181,8.540138
250759.14,0.015211531,0.014093799,37000.0,151467.34,149824.03,149824.06,0.7491672,10.343062,8.54018,8.540135
250759.14,0.015420948,0.030383974,37000.0,151467.38,149824.05,149824.03,0.7491672,10.343147,8.540175,8.540133
250759.14,0.015666801,0.0048217764,37000.0,151467.36,149824.03,149824.06,0.7491672,10.343126,8.540184,8.540142
250759.14,0.014725691,0.011343266,37000.0,151467.36,149824.06,149824.06,0.7491672,10.343076,8.540181,8.540142
250759.14,0.014944161,0.028088171,37000.0,151467.3,149824.08,149824.03,0.7491672,10.343084,8.540177,8.540136
250759.14,0.015685,0.030264635,37000.0,151467.44,149824.05,149824.05,0.7491672,10.34388,8.540176,8.540136
250759.14,0.017960189,0.0047812737,37000.0,151467.36,149824.05,149824.06,0.7491672,10.34369,8.540184,8.54014
250759.14,0.01644059,0.015906665,37000.0,151467.4,149824.03,149824.06,0.7491672,10.343794,8.54018,8.540137
250759.14,0.016652454,0.009255486,37000.0,151467.38,149824.05,149824.06,0.7491672,10.343251,8.540183,8.540137
250759.14,0.016622098,0.021286007,37000.0,151467.38,149824.05,149824.06,0.7491672,10.34334,8.540178,8.54014
250759.14,0.01698013,0.036687758,37000.0,151467.39,149824.05,149824.06,0.7491672,10.343569,8.540175,8.540126
250759.14,0.016496144,0.022240886,37000.0,151467.42,149824.06,149824.08,0.7491672,10.343619,8.540177,8.540135
250759.14,0.014681709,0.016011344,37000.0,151467.34,149824.05,149824.05,0.7491672,10.343311,8.54018,8.540139
250759.14,0.016384294,0.013601563,37000.0,151467.36,149824.06,149824.05,0.7491672,10.343277,8.54018,8.540141
250759.14,0.015876189,0.027623292,37000.0,151467.36,149824.06,149824.06,0.7491672,10.343238,8.540175,8.540133
250759.14,0.015951356,0.011269346,37000.0,151467.38,149824.05,149824.05,0.7491672,10.343285,8.540181,8.54014
250759.14,0.016827343,0.03267585,37000.0,151467.39,149824.05,149824.08,0.7491672,10.343592,8.540175,8.540125
250759.14,0.016492039,0.011210432,37000.0,151467.42,149824.03,149824.08,0.7491672,10.343323,8.54018,8.540134
250759.14,0.01709441,0.012911424,37000.0,151467.33,149824.05,149824.05,0.7491672,10.343333,8.540181,8.540131
250759.14,0.015021744,0.011468577,37000.0,151467.36,149824.06,149824.05,0.7491672,10.343285,8.540182,8.540141
250759.14,0.017496478,0.0050032847,37000.0,151467.4,149824.06,149824.03,0.7491672,10.343588,8.540184,8.540145
250759.14,0.018632866,0.01860887,37000.0,151467.44,149824.05,149824.06,0.7491672,10.343977,8.540178,8.540135
250759.14,0.017488128,0.02632812,37000.0,151467.39,149824.03,149824.05,0.7491672,10.343364,8.540177,8.540134
250759.14,0.01717966,0.028741175,37000.0,151467.44,149824.05,149824.06,0.7491672,10.343602,8.540177,8.540138
250759.14,0.016963439,0.01553122,37000.0,151467.39,149824.03,149824.06,0.7491672,10.343353,8.54018,8.540127
250759.14,0.017613087,0.008451263,37000.0,151467.3,149824.05,149824.06,0.7491672,10.343156,8.540183,8.540142
250759.14,0.016591024,0.005453702,37000.0,151467.33,149824.06,149824.06,0.7491672,10.343363,8.540183,8.5401325
250759.14,0.016092263,0.015580787,37000.0,151467.36,149824.05,149824.06,0.7491672,10.343427,8.540179,8.540137
250759.14,0.018172136,0.022039684,37000.0,151467.42,149824.03,149824.05,0.7491672,10.343607,8.540178,8.540139
250759.14,0.014722426,0.007947076,37000.0,151467.34,149824.06,149824.06,0.7491672,10.342939,8.540183,8.540141
250759.14,0.014928835,0.022698237,37000.0,151467.28,149824.02,149824.03,0.7491672,10.343132,8.540177,8.54015
250759.14,0.017252335,0.01247008,37000.0,151467.34,149824.03,149824.05,0.7491672,10.343188,8.54018,8.540138
250759.14,0.01635796,0.018504696,37000.0,151467.31,149824.03,149824.06,0.7491672,10.343071,8.540177,8.540143
250759.14,0.015470219,0.024549458,37000.0,151467.34,149824.05,149824.06,0.7491672,10.343397,8.540177,8.540134
250759.14,0.016041797,0.006947473,37000.0,151467.34,149824.05,149824.05,0.7491672,10.343456,8.540183,8.540143
250759.14,0.01711542,0.025539523,37000.0,151467.44,149824.03,149824.06,0.7491672,10.343735,8.540177,8.540133
250759.14,0.017776366,0.0074748714,37000.0,151467.33,149824.05,149824.05,0.7491672,10.343422,8.540183,8.5401325
250759.14,0.016855214,0.0054069622,37000.0,151467.34,149824.05,149824.06,0.7491672,10.343055,8.540185,8.540149
250759.14,0.014636304,0.022484956,37000.0,151467.4,149824.05,149824.05,0.7491672,10.34328,8.540178,8.540141
250759.14,0.017138233,0.018108057,37000.0,151467.38,149824.06,149824.06,0.7491672,10.343398,8.540179,8.540143
250759.14,0.015541693,0.0051475856,37000.0,151467.4,149824.05,149824.06,0.7491672,10.343383,8.540185,8.540137
250759.14,0.017285248,0.010909415,37000.0,151467.33,149824.05,149824.05,0.7491672,10.343202,8.540182,8.540138
250759.14,0.015284587,0.029038424,37000.0,151467.4,149824.06,149824.05,0.7491672,10.343611,8.540176,8.540137
250759.14,0.01612252,0.011144125,37000.0,151467.39,149824.05,149824.06,0.7491672,10.343566,8.540181,8.540126
250759.14,0.015567366,0.014685157,37000.0,151467.36,149824.06,149824.03,0.7491672,10.343244,8.54018,8.540136
250759.14,0.016843379,0.024516959,37000.0,151467.36,149824.05,149824.06,0.7491672,10.343632,8.540177,8.540134
250759.14,0.015733855,0.018015267,37000.0,151467.42,149824.05,149824.05,0.7491672,10.343753,8.540179,8.540133
250759.14,0.016844109,0.005854298,37000.0,151467.39,149824.06,149824.06,0.7491672,10.343299,8.540183,8.540154
250759.14,0.01523382,0.030701233,37000.0,151467.36,149824.05,149824.08,0.7491672,10.343249,8.540175,8.540127
250759.14,0.016576737,0.026772615,37000.0,151467.33,149824.05,149824.03,0.7491672,10.343058,8.540177,8.540147
250759.14,0.018304706,0.046029486,37000.0,151467.39,149824.06,149824.08,0.7491672,10.343369,8.540174,8.540144
250759.14,0.014479895,0.0113638835,37000.0,151467.39,149824.03,149824.06,0.7491672,10.343236,8.540181,8.540153
250759.14,0.015489715,0.007860295,37000.0,151467.33,149824.05,149824.03,0.7491672,10.343175,8.540182,8.540148
250759.14,0.014026863,0.017780976,37000.0,151467.34,149824.05,149824.05,0.7491672,10.343264,8.540179,8.540138
250759.14,0.015487389,0.012026308,37000.0,151467.34,149824.03,149824.06,0.7491672,10.343618,8.540182,8.540129
250759.14,0.017839888,0.015169709,37000.0,151467.39,149824.08,149824.08,0.7491672,10.343465,8.540181,8.540138
250759.14,0.016569512,0.01751522,37000.0,151467.42,149824.03,149824.06,0.7491672,10.343793,8.540179,8.540132
250759.14,0.015059425,0.015770825,37000.0,151467.39,149824.05,149824.05,0.7491672,10.343185,8.540179,8.540139
250759.14,0.015528292,0.037584465,37000.0,151467.4,149824.06,149824.05,0.7491672,10.343582,8.540174,8.540134
250759.14,0.015896223,0.028300213,37000.0,151467.36,149824.06,149824.05,0.7491672,10.343284,8.540176,8.540136
250759.14,0.017697696,0.019361613,37000.0,151467.4,149824.06,149824.05,0.7491672,10.343493,8.540179,8.540135
250759.14,0.017500794,0.02185957,37000.0,151467.39,149824.05,149824.05,0.7491672,10.343798,8.540177,8.540142
250759.14,0.015856458,0.039440528,37000.0,151467.39,149824.06,149824.06,0.7491672,10.343424,8.5401745,8.540133
250759.14,0.016905949,0.0064537283,37000.0,151467.39,149824.05,149824.05,0.7491672,10.343376,8.540183,8.540137
250759.14,0.015449854,0.026512153,37000.0,151467.38,149824.06,149824.05,0.7491672,10.343752,8.540178,8.540137
250759.14,0.017739544,0.009375859,37000.0,151467.42,149824.06,149824.05,0.7491672,10.343547,8.540182,8.540123
250759.14,0.01576458,0.021271225,37000.0,151467.4,149824.06,149824.06,0.7491672,10.343672,8.540179,8.540088
250759.14,0.019721907,0.005194888,37000.0,151467.38,149824.03,149824.06,0.7491672,10.34324,8.540184,8.540149
250759.14,0.017220642,0.021832684,37000.0,151467.36,149824.05,149824.05,0.7491672,10.343393,8.540178,8.540136
250759.14,0.01413941,0.05114335,37000.0,151467.34,149824.08,149824.06,0.7491672,10.3436985,8.540172,8.54014
250759.14,0.016219579,0.011732462,37000.0,151467.38,149824.06,149824.06,0.7491672,10.343598,8.54018,8.540136
250759.14,0.016270027,0.0055412203,37000.0,151467.42,149824.06,149824.06,0.7491672,10.343724,8.540184,8.540143
250759.14,0.016170783,0.014686012,37000.0,151467.38,149824.05,149824.05,0.7491672,10.343681,8.540181,8.540136
250759.14,0.015886374,0.02921256,37000.0,151467.39,149824.06,149824.05,0.7491672,10.343469,8.540175,8.5401325
250759.14,0.015384035,0.014411441,37000.0,151467.38,149824.06,149824.05,0.7491672,10.343398,8.540181,8.54014
250759.14,0.017304078,0.025888784,37000.0,151467.39,149824.05,149824.05,0.7491672,10.3435335,8.540177,8.540135
250759.14,0.01447649,0.022802366,37000.0,151467.36,149824.03,149824.06,0.7491672,10.343505,8.540177,8.540147
250759.14,0.014694833,0.021757698,37000.0,151467.34,149824.06,149824.05,0.7491672,10.343688,8.540178,8.540139
250759.14,0.015824623,0.025092412,37000.0,151467.4,149824.05,149824.05,0.7491672,10.343787,8.540177,8.540139
250759.14,0.015823517,0.022215728,37000.0,151467.34,149824.05,149824.05,0.7491672,10.343243,8.540179,8.540112
250759.14,0.016152201,0.025675964,37000.0,151467.31,149824.03,149824.05,0.7491672,10.343173,8.540177,8.54014
250759.14,0.015919706,0.017346073,37000.0,151467.39,149824.06,149824.05,0.7491672,10.3432255,8.540178,8.540143
250759.14,0.015305547,0.025137559,37000.0,151467.42,149824.06,149824.06,0.7491672,10.343505,8.540178,8.540159
250759.14,0.015305206,0.007271658,37000.0,151467.34,149824.05,149824.05,0.7491672,10.343161,8.540182,8.540166
250759.14,0.015324692,0.005322735,37000.0,151467.36,149824.03,149824.03,0.7491672,10.343279,8.540183,8.540149
250759.14,0.015237237,0.014236649,37000.0,151467.42,149824.06,149824.05,0.7491672,10.343441,8.54018,8.540137
250759.14,0.017442662,0.008746105,37000.0,151467.4,149824.03,149824.05,0.7491672,10.343751,8.540182,8.540142
250759.14,0.016946174,0.022446016,37000.0,151467.34,149824.05,149824.05,0.7491672,10.343357,8.540177,8.540143
250759.14,0.01754286,0.025504254,37000.0,151467.38,149824.06,149824.06,0.7491672,10.343347,8.540177,8.5401325
250759.14,0.017155249,0.018629398,37000.0,151467.42,149824.06,149824.05,0.7491672,10.343444,8.540179,8.54013
250759.14,0.018258266,0.029588355,37000.0,151467.38,149824.06,149824.05,0.7491672,10.343055,8.540176,8.540136
250759.14,0.017770939,0.028015638,37000.0,151467.38,149824.03,149824.05,0.7491672,10.3432045,8.540176,8.540111
250759.14,0.018942254,0.02155413,37000.0,151467.4,149824.05,149824.03,0.7491672,10.343528,8.540178,8.540121
250759.14,0.017239809,0.036108337,37000.0,151467.36,149824.05,149824.05,0.7491672,10.343415,8.5401745,8.540152
250759.14,0.016528726,0.026800135,37000.0,151467.38,149824.05,149824.05,0.7491672,10.343533,8.540176,8.540129
250759.14,0.015669584,0.023458386,37000.0,151467.36,149824.06,149824.06,0.7491672,10.3433,8.540177,8.540137
250759.14,0.015789462,0.011828165,37000.0,151467.36,149824.03,149824.03,0.7491672,10.343165,8.540181,8.540152
250759.14,0.017178588,0.023754822,37000.0,151467.44,149824.05,149824.03,0.7491672,10.343896,8.540177,8.540168
250759.14,0.017828543,0.030841693,37000.0,151467.36,149824.05,149824.05,0.7491672,10.343497,8.540175,8.5401945
250759.14,0.016112631,0.02025425,37000.0,151467.42,149824.05,149824.05,0.7491672,10.343415,8.540179,8.540179
250759.14,0.015064367,0.03405363,37000.0,151467.34,149824.03,149824.03,0.7491672,10.34321,8.540175,8.540172
250759.14,0.0174412,0.01886986,37000.0,151467.36,149824.05,149824.05,0.7491672,10.343264,8.540178,8.540172
250759.14,0.018685186,0.0049596336,37000.0,151467.3,149824.06,149824.05,0.7491672,10.342958,8.540184,8.54017
250759.14,0.01898038,0.030823905,37000.0,151467.39,149824.06,149824.03,0.7491672,10.343217,8.540176,8.540188
250759.14,0.01923542,0.011952138,37000.0,151467.34,149824.05,149824.06,0.7491672,10.343228,8.540181,8.540175
250759.14,0.016470443,0.027152816,37000.0,151467.4,149824.06,149824.05,0.7491672,10.343214,8.540176,8.540177
250759.14,0.017778434,0.009681002,37000.0,151467.42,149824.02,149824.05,0.7491672,10.343453,8.540182,8.540176
250759.14,0.016895572,0.0051293555,37000.0,151467.34,149824.06,149824.06,0.7491672,10.343044,8.540185,8.540202
250759.14,0.018543404,0.00503801,37000.0,151467.4,149824.05,149824.05,0.7491672,10.343541,8.540185,8.54016
250759.14,0.017868906,0.020126745,37000.0,151467.38,149824.05,149824.03,0.7491672,10.343413,8.540178,8.54016
250759.14,0.017994918,0.008638715,37000.0,151467.39,149824.05,149824.03,0.7491672,10.343733,8.540183,8.540204
250759.14,0.017689098,0.008982768,37000.0,151467.33,149824.03,149824.06,0.7491672,10.343349,8.540181,8.540193
250759.14,0.01725943,0.040318247,37000.0,151467.31,149824.03,149824.08,0.7491672,10.343428,8.5401745,8.540179
250759.14,0.015419783,0.024063338,37000.0,151467.39,149824.05,149824.05,0.7491672,10.343425,8.540177,8.540164
250759.14,0.01792676,0.014483991,37000.0,151467.38,149824.05,149824.06,0.7491672,10.343193,8.54018,8.540178
250759.14,0.015961466,0.022934139,37000.0,151467.36,149824.03,149824.08,0.7491672,10.343378,8.540178,8.540188
250759.14,0.019734446,0.005627573,37000.0,151467.36,149824.03,149824.05,0.7491672,10.343326,8.540183,8.540171
250759.14,0.015089809,0.019949237,37000.0,151467.3,149824.05,149824.05,0.7491672,10.342871,8.540179,8.540156
250759.14,0.01590301,0.016201021,37000.0,151467.4,149824.03,149824.05,0.7491672,10.34349,8.54018,8.540184
250759.14,0.017354973,0.0070396145,37000.0,151467.31,149824.05,149824.03,0.7491672,10.343329,8.540183,8.540199
250759.14,0.01726613,0.020073036,37000.0,151467.36,149824.06,149824.05,0.7491672,10.343648,8.540177,8.540162
250759.14,0.015483644,0.012107924,37000.0,151467.34,149824.03,149824.05,0.7491672,10.343227,8.54018,8.540187
250759.14,0.018048052,0.012019239,37000.0,151467.39,149824.05,149824.06,0.7491672,10.343704,8.540181,8.540195
250759.14,0.0171294,0.019816708,37000.0,151467.45,149824.06,149824.06,0.7491672,10.343583,8.540179,8.540199
250759.14,0.015302124,0.0055342354,37000.0,151467.33,149824.05,149824.03,0.7491672,10.343241,8.540184,8.540189
250759.14,0.015953029,0.01004767,37000.0,151467.38,149824.05,149824.05,0.7491672,10.343287,8.540182,8.540162
250759.14,0.016099226,0.023649368,37000.0,151467.4,149824.05,149824.06,0.7491672,10.343406,8.540177,8.540184
250759.14,0.017505055,0.020320768,37000.0,151467.39,149824.06,149824.05,0.7491672,10.343382,8.540179,8.540178
250759.14,0.018099478,0.0060412707,37000.0,151467.36,149824.06,149824.03,0.7491672,10.34313,8.540184,8.540193
250759.14,0.017753154,0.02458459,37000.0,151467.38,149824.03,149824.05,0.7491672,10.3434515,8.540176,8.540204
250759.14,0.018236712,0.014492024,37000.0,151467.34,149824.05,149824.05,0.7491672,10.343481,8.540179,8.540198
250759.14,0.017608998,0.0048724376,37000.0,151467.38,149824.03,149824.05,0.7491672,10.343275,8.540184,8.540188
250759.14,0.01631354,0.024184894,37000.0,151467.4,149824.06,149824.03,0.7491672,10.343435,8.540178,8.540173
250759.14,0.01625874,0.005415281,37000.0,151467.45,149824.06,149824.06,0.7491672,10.343273,8.540184,8.540171
250759.14,0.017667806,0.025112705,37000.0,151467.38,149824.06,149824.03,0.7491672,10.343288,8.540179,8.540164
250759.14,0.018526405,0.0063369237,37000.0,151467.34,149824.03,149824.03,0.7491672,10.343053,8.540184,8.540165
250759.14,0.016467165,0.016688466,37000.0,151467.39,149824.05,149824.06,0.7491672,10.343707,8.54018,8.54016
250759.14,0.018779375,0.0361315,37000.0,151467.39,149824.05,149824.08,0.7491672,10.34327,8.540175,8.540172
250759.14,0.017124167,0.02887927,37000.0,151467.36,149824.06,149824.05,0.7491672,10.343052,8.540176,8.540178
250759.14,0.015987003,0.020648342,37000.0,151467.38,149824.05,149824.03,0.7491672,10.343438,8.540179,8.540182
250759.14,0.014762524,0.013258159,37000.0,151467.39,149824.06,149824.06,0.7491672,10.343994,8.540181,8.54018
250759.14,0.017057624,0.007297209,37000.0,151467.4,149824.03,149824.06,0.7491672,10.343555,8.540183,8.540184
250759.14,0.018515762,0.013532986,37000.0,151467.4,149824.06,149824.06,0.7491672,10.34351,8.540179,8.54016
250759.14,0.019950232,0.016786769,37000.0,151467.44,149824.06,149824.05,0.7491672,10.343644,8.54018,8.540194
250759.14,0.015387474,0.004857903,37000.0,151467.42,149824.05,149824.05,0.7491672,10.343435,8.540186,8.540175
250759.14,0.01809329,0.029736364,37000.0,151467.42,149824.06,149824.06,0.7491672,10.343214,8.540176,8.540185
250759.14,0.01696864,0.013807707,37000.0,151467.31,149824.06,149824.03,0.7491672,10.343494,8.540181,8.540171
250759.14,0.013792797,0.013449645,37000.0,151467.33,149824.06,149824.06,0.7491672,10.343379,8.54018,8.540191
250759.14,0.016366564,0.0080949245,37000.0,151467.4,149824.05,149824.03,0.7491672,10.34337,8.540183,8.540196
250759.14,0.016187001,0.030942818,37000.0,151467.34,149824.05,149824.05,0.7491672,10.343348,8.540175,8.5401745
250759.14,0.017037544,0.011117005,37000.0,151467.34,149824.05,149824.06,0.7491672,10.343322,8.540181,8.540199
250759.14,0.01731856,0.005587456,37000.0,151467.42,149824.05,149824.05,0.7491672,10.343432,8.540184,8.540198
250759.14,0.017981153,0.0073248413,37000.0,151467.4,149824.03,149824.06,0.7491672,10.343668,8.540184,8.540193
250759.14,0.018132562,0.007173463,37000.0,151467.45,149824.05,149824.05,0.7491672,10.343654,8.540183,8.540197
250759.14,0.01738506,0.033160035,37000.0,151467.39,149824.03,149824.05,0.7491672,10.343043,8.540175,8.540155
250759.14,0.016835986,0.036461767,37000.0,151467.36,149824.03,149824.03,0.7491672,10.343219,8.5401745,8.540176
250759.14,0.01734431,0.027012352,37000.0,151467.42,149824.05,149824.05,0.7491672,10.343688,8.540177,8.540178
250759.14,0.016530178,0.009015829,37000.0,151467.42,149824.05,149824.05,0.7491672,10.34346,8.540183,8.540165
250759.14,0.019348446,0.0063102315,37000.0,151467.3,149824.05,149824.06,0.7491672,10.343501,8.540184,8.540176
250759.14,0.018936083,0.011884947,37000.0,151467.44,149824.05,149824.06,0.7491672,10.343589,8.540181,8.540176
250759.14,0.018696552,0.037901923,37000.0,151467.39,149824.06,149824.05,0.7491672,10.343167,8.5401745,8.540168
250759.14,0.015409922,0.0063740816,37000.0,151467.36,149824.05,149824.05,0.7491672,10.343404,8.540183,8.540187
250759.14,0.018112885,0.030424852,37000.0,151467.4,149824.05,149824.03,0.7491672,10.34356,8.540176,8.540169
250759.14,0.01580308,0.016818944,37000.0,151467.34,149824.06,149824.06,0.7491672,10.343375,8.54018,8.540171
250759.14,0.01725244,0.02846694,37000.0,151467.39,149824.05,149824.03,0.7491672,10.343319,8.540176,8.540163
250759.14,0.017813917,0.021615399,37000.0,151467.36,149824.06,149824.05,0.7491672,10.343726,8.540178,8.540178
250759.14,0.018574152,0.0048162807,37000.0,151467.4,149824.05,149824.06,0.7491672,10.343551,8.540185,8.54017
250759.14,0.018626818,0.015048778,37000.0,151467.42,149824.06,149824.03,0.7491672,10.343514,8.540179,8.540197
250759.14,0.017400261,0.03163196,37000.0,151467.4,149824.03,149824.05,0.7491672,10.343555,8.540176,8.540189
250759.14,0.016880607,0.015600214,37000.0,151467.39,149824.06,149824.05,0.7491672,10.343314,8.540181,8.540179
250759.14,0.016263874,0.0057551996,37000.0,151467.38,149824.06,149824.06,0.7491672,10.343611,8.540184,8.540185
250759.14,0.0139800925,0.03233133,37000.0,151467.39,149824.03,149824.03,0.7491672,10.3436,8.540175,8.540159
250759.14,0.01684454,0.007069395,37000.0,151467.34,149824.03,149824.05,0.7491672,10.343163,8.540184,8.540185
250759.14,0.0154986745,0.023127882,37000.0,151467.44,149824.03,149824.05,0.7491672,10.343605,8.540178,8.540201
250759.14,0.019368783,0.0048683668,37000.0,151467.33,149824.05,149824.03,0.7491672,10.343069,8.540184,8.540185
250759.14,0.017606998,0.0066024833,37000.0,151467.38,149824.06,149824.05,0.7491672,10.343615,8.540184,8.540177
250759.14,0.017568637,0.0066446695,37000.0,151467.33,149824.06,149824.05,0.7491672,10.342897,8.540183,8.540177
250759.14,0.01713391,0.015509753,37000.0,151467.36,149824.03,149824.05,0.7491672,10.343631,8.54018,8.540181
250759.14,0.016179256,0.017503254,37000.0,151467.31,149824.06,149824.05,0.7491672,10.343178,8.540179,8.540157
250759.14,0.016430227,0.006558003,37000.0,151467.33,149824.03,149824.08,0.7491672,10.343466,8.540182,8.540169
250759.14,0.01818902,0.011881904,37000.0,151467.34,149824.06,149824.06,0.7491672,10.343268,8.540181,8.540175
250759.14,0.017318413,0.024228994,37000.0,151467.38,149824.06,149824.05,0.7491672,10.343497,8.540178,8.540175
250759.14,0.017762909,0.034619533,37000.0,151467.4,149824.03,149824.05,0.7491672,10.343414,8.540175,8.5401745
250759.14,0.017655808,0.008590651,37000.0,151467.33,149824.05,149824.06,0.7491672,10.343308,8.540182,8.540153
250759.14,0.013019878,0.023504362,37000.0,151467.33,149824.05,149824.02,0.7491672,10.343059,8.540178,8.540209
250759.14,0.017543599,0.01680963,37000.0,151467.36,149824.05,149824.03,0.7491672,10.343627,8.54018,8.540198
250759.14,0.018720832,0.005216877,37000.0,151467.4,149824.03,149824.05,0.7491672,10.343666,8.540185,8.540196
250759.14,0.018236592,0.023760611,37000.0,151467.4,149824.06,149824.05,0.7491672,10.343535,8.540177,8.540205
250759.14,0.015961977,0.016871609,37000.0,151467.36,149824.06,149824.06,0.7491672,10.343349,8.54018,8.540193
250759.14,0.016637139,0.010404779,37000.0,151467.42,149824.05,149824.05,0.7491672,10.343415,8.540182,8.540173
250759.14,0.016149724,0.0051572667,37000.0,151467.28,149824.06,149824.1,0.7491672,10.343054,8.540184,8.540167
250759.14,0.0168706,0.033122975,37000.0,151467.39,149824.06,149824.05,0.7491672,10.343566,8.540175,8.540164
250759.14,0.017416388,0.0049486132,37000.0,151467.38,149824.05,149824.03,0.7491672,10.343481,8.540185,8.540162
250759.14,0.016272772,0.020502347,37000.0,151467.36,149824.05,149824.03,0.7491672,10.34323,8.540178,8.540158
250759.14,0.017360538,0.016490895,37000.0,151467.39,149824.03,149824.06,0.7491672,10.343398,8.540181,8.540157
250759.14,0.018243227,0.015359938,37000.0,151467.33,149824.05,149824.05,0.7491672,10.343191,8.54018,8.54016
250759.14,0.015973102,0.009600192,37000.0,151467.44,149824.06,149824.03,0.7491672,10.343486,8.540182,8.540193
250759.14,0.015497526,0.0064953337,37000.0,151467.38,149824.06,149824.05,0.7491672,10.343439,8.540183,8.540182
250759.14,0.017615734,0.006060831,37000.0,151467.39,149824.05,149824.06,0.7491672,10.343522,8.540184,8.54018
250759.14,0.013670359,0.032800697,37000.0,151467.44,149824.05,149824.06,0.7491672,10.343634,8.540176,8.540159
250759.14,0.01660949,0.0054717963,37000.0,151467.38,149824.08,149824.03,0.7491672,10.343399,8.540183,8.540171
250759.14,0.016992277,0.019809527,37000.0,151467.34,149824.06,149824.05,0.7491672,10.343135,8.54018,8.540182
250759.14,0.019769484,0.01656947,37000.0,151467.39,149824.03,149824.05,0.7491672,10.343379,8.54018,8.540185
250759.14,0.019016689,0.02251628,37000.0,151467.36,149824.05,149824.05,0.7491672,10.343265,8.540178,8.540191
250759.14,0.018778754,0.04682075,37000.0,151467.39,149824.05,149824.03,0.7491672,10.343492,8.540174,8.540184
250759.14,0.016860407,0.025028879,37000.0,151467.34,149824.06,149824.05,0.7491672,10.343199,8.540177,8.540167
250759.14,0.018452805,0.013056061,37000.0,151467.39,149824.03,149824.03,0.7491672,10.3434725,8.540181,8.540161
250759.14,0.016123999,0.039387234,37000.0,151467.34,149824.05,149824.06,0.7491672,10.343332,8.5401745,8.540191
250759.14,0.015512703,0.0067898943,37000.0,151467.34,149824.06,149824.05,0.7491672,10.34335,8.540183,8.540191
250759.14,0.015439582,0.009363753,37000.0,151467.42,149824.05,149824.06,0.7491672,10.343543,8.540182,8.540174
250759.14,0.017822802,0.014345929,37000.0,151467.39,149824.06,149824.06,0.7491672,10.343011,8.54018,8.540181
250759.14,0.016932355,0.017309811,37000.0,151467.4,149824.05,149824.03,0.7491672,10.343596,8.540179,8.540184
250759.14,0.017778175,0.029312316,37000.0,151467.42,149824.06,149824.05,0.7491672,10.343519,8.540176,8.540183
250759.14,0.016598674,0.021154258,37000.0,151467.38,149824.06,149824.06,0.7491672,10.343514,8.540178,8.540187
250759.14,0.015710158,0.0146667035,37000.0,151467.36,149824.03,149824.08,0.7491672,10.343216,8.54018,8.540157
250759.14,0.020109542,0.007539125,37000.0,151467.39,149824.06,149824.05,0.7491672,10.343469,8.540183,8.540153
250759.14,0.018916873,0.027219357,37000.0,151467.44,149824.03,149824.05,0.7491672,10.343631,8.540176,8.540159
250759.14,0.016255118,0.006184983,37000.0,151467.38,149824.03,149824.05,0.7491672,10.3432665,8.540184,8.540149
250759.14,0.018002842,0.008215904,37000.0,151467.34,149824.06,149824.08,0.7491672,10.343503,8.540182,8.54015
250759.14,0.016963778,0.019523654,37000.0,151467.34,149824.05,149824.05,0.7491672,10.34354,8.540179,8.5401535
250759.14,0.017560437,0.0066451193,37000.0,151467.4,149824.08,149824.08,0.7491672,10.343392,8.540184,8.540153
250759.14,0.01657162,0.02008318,37000.0,151467.38,149824.06,149824.06,0.7491672,10.343417,8.54018,8.540154
250759.14,0.018996365,0.004932092,37000.0,151467.39,149824.05,149824.06,0.7491672,10.343531,8.540185,8.540147
250759.14,0.018675579,0.009263996,37000.0,151467.4,149824.06,149824.05,0.7491672,10.343735,8.540182,8.540153
250759.14,0.020179704,0.005325883,37000.0,151467.42,149824.05,149824.03,0.7491672,10.343492,8.540186,8.54015
250759.14,0.017894533,0.02264764,37000.0,151467.4,149824.05,149824.03,0.7491672,10.343216,8.540178,8.540155
250759.14,0.017090838,0.033690758,37000.0,151467.39,149824.06,149824.08,0.7491672,10.343315,8.540175,8.540152
250759.14,0.018148713,0.020605197,37000.0,151467.36,149824.05,149824.03,0.7491672,10.343364,8.540178,8.540152
250759.14,0.017324198,0.0072563956,37000.0,151467.34,149824.05,149824.05,0.7491672,10.343219,8.540182,8.540152
250759.14,0.01735754,0.024186464,37000.0,151467.38,149824.06,149824.06,0.7491672,10.343208,8.540178,8.540152
250759.14,0.019550396,0.005560525,37000.0,151467.44,149824.03,149824.05,0.7491672,10.343507,8.540183,8.540151
250759.14,0.018186333,0.019971495,37000.0,151467.38,149824.03,149824.06,0.7491672,10.343403,8.540179,8.540158
250759.14,0.016125195,0.010903095,37000.0,151467.4,149824.05,149824.08,0.7491672,10.343472,8.540181,8.54015
250759.14,0.014494862,0.022180464,37000.0,151467.44,149824.03,149824.03,0.7491672,10.343781,8.540178,8.540173
250759.14,0.01732029,0.010431472,37000.0,151467.47,149824.03,149824.05,0.7491672,10.343798,8.540182,8.540148
250759.14,0.018930847,0.014981372,37000.0,151467.38,149824.06,149824.05,0.7491672,10.343165,8.54018,8.540147
250759.14,0.017468253,0.030792417,37000.0,151467.38,149824.05,149824.06,0.7491672,10.343356,8.540176,8.540171
250759.14,0.018024534,0.041381527,37000.0,151467.39,149824.05,149824.05,0.7491672,10.343678,8.540175,8.540175
250759.14,0.018560614,0.012138897,37000.0,151467.44,149824.05,149824.06,0.7491672,10.3435545,8.540182,8.540145
250759.14,0.017855475,0.011622206,37000.0,151467.38,149824.05,149824.05,0.7491672,10.34335,8.540181,8.540154
250759.14,0.016948715,0.027440788,37000.0,151467.38,149824.03,149824.06,0.7491672,10.343607,8.540176,8.540152
250759.14,0.017748443,0.006356947,37000.0,151467.36,149824.05,149824.05,0.7491672,10.343103,8.540184,8.540151
250759.14,0.01791173,0.02346743,37000.0,151467.39,149824.05,149824.05,0.7491672,10.343373,8.540177,8.540152
250759.14,0.018214548,0.03669153,37000.0,151467.39,149824.03,149824.05,0.7491672,10.3434305,8.540175,8.540156
250759.14,0.019633494,0.017929029,37000.0,151467.39,149824.08,149824.06,0.7491672,10.343333,8.54018,8.540151
250759.14,0.01861651,0.006016122,37000.0,151467.36,149824.05,149824.03,0.7491672,10.343462,8.540183,8.540154
250759.14,0.017255725,0.02476234,37000.0,151467.36,149824.05,149824.05,0.7491672,10.343205,8.540178,8.540155
250759.14,0.018338272,0.0072243633,37000.0,151467.34,149824.03,149824.06,0.7491672,10.343354,8.540183,8.540152
250759.14,0.017442435,0.0053662998,37000.0,151467.39,149824.06,149824.03,0.7491672,10.343234,8.540184,8.5401535
250759.14,0.019814799,0.01904021,37000.0,151467.38,149824.06,149824.05,0.7491672,10.343324,8.540179,8.540165
250759.14,0.01790507,0.023409544,37000.0,151467.3,149824.03,149824.05,0.7491672,10.343015,8.540178,8.540172
250759.14,0.0192197,0.02624522,37000.0,151467.34,149824.05,149824.03,0.7491672,10.343148,8.540177,8.54015
250759.14,0.018491272,0.025561642,37000.0,151467.34,149824.06,149824.06,0.7491672,10.343188,8.540178,8.540153
250759.14,0.018814817,0.005590614,37000.0,151467.31,149824.05,149824.05,0.7491672,10.343548,8.540184,8.540149
250759.14,0.016922222,0.0052794716,37000.0,151467.39,149824.05,149824.05,0.7491672,10.343539,8.540186,8.54015
250759.14,0.017497906,0.0072385604,37000.0,151467.39,149824.03,149824.06,0.7491672,10.343388,8.540183,8.540147
250759.14,0.017296242,0.031641435,37000.0,151467.36,149824.05,149824.03,0.7491672,10.3437195,8.5401745,8.540151
250759.14,0.01753863,0.0051401523,37000.0,151467.36,149824.03,149824.05,0.7491672,10.343494,8.540185,8.540151
250759.14,0.017305981,0.0049565826,37000.0,151467.36,149824.05,149824.06,0.7491672,10.3438015,8.540184,8.540149
250759.14,0.016880035,0.005405219,37000.0,151467.36,149824.03,149824.06,0.7491672,10.343229,8.540184,8.540151
250759.14,0.017492622,0.013938453,37000.0,151467.34,149824.05,149824.05,0.7491672,10.343194,8.54018,8.540149
250759.14,0.016749073,0.024094086,37000.0,151467.36,149824.05,149824.06,0.7491672,10.343759,8.540178,8.540163
250759.14,0.01606142,0.03187151,37000.0,151467.33,149824.05,149824.03,0.7491672,10.3433695,8.540175,8.540149
250759.14,0.017260808,0.009753944,37000.0,151467.36,149824.03,149824.06,0.7491672,10.343192,8.540182,8.540152
250759.14,0.01842563,0.011096186,37000.0,151467.38,149824.03,149824.06,0.7491672,10.34358,8.540181,8.540149
250759.14,0.014759916,0.013064137,37000.0,151467.4,149824.05,149824.06,0.7491672,10.343762,8.540182,8.540151
250759.14,0.019041613,0.016176086,37000.0,151467.34,149824.06,149824.03,0.7491672,10.343223,8.54018,8.540148
250759.14,0.018858902,0.028193034,37000.0,151467.38,149824.05,149824.06,0.7491672,10.343285,8.540176,8.540155
250759.14,0.017037176,0.011371699,37000.0,151467.38,149824.03,149824.05,0.7491672,10.34329,8.540182,8.540155
250759.14,0.017855175,0.015112899,37000.0,151467.34,149824.05,149824.06,0.7491672,10.343507,8.54018,8.540149
250759.14,0.017045695,0.0069771977,37000.0,151467.39,149824.06,149824.06,0.7491672,10.343625,8.540183,8.5401535
250759.14,0.014327889,0.021865113,37000.0,151467.34,149824.03,149824.06,0.7491672,10.343256,8.54018,8.540151
250759.14,0.018182259,0.0049369875,37000.0,151467.34,149824.06,149824.06,0.7491672,10.343207,8.540185,8.540149
250759.14,0.016746493,0.026958866,37000.0,151467.36,149824.05,149824.05,0.7491672,10.343386,8.540176,8.54016
250759.14,0.01763448,0.028147569,37000.0,151467.33,149824.03,149824.06,0.7491672,10.343196,8.540176,8.540145
250759.14,0.017963037,0.026323024,37000.0,151467.4,149824.06,149824.02,0.7491672,10.343701,8.540176,8.540147
250759.14,0.01908595,0.0070841224,37000.0,151467.4,149824.05,149824.06,0.7491672,10.343699,8.540183,8.540152
250759.14,0.019771669,0.012663978,37000.0,151467.39,149824.05,149824.06,0.7491672,10.343354,8.540181,8.540152
250759.14,0.018019669,0.018519787,37000.0,151467.38,149824.03,149824.06,0.7491672,10.343242,8.540179,8.540149
250759.14,0.01847185,0.016826412,37000.0,151467.36,149824.05,149824.05,0.7491672,10.343765,8.54018,8.540152
250759.14,0.018027911,0.006053096,37000.0,151467.36,149824.05,149824.05,0.7491672,10.343662,8.540184,8.540153
250759.14,0.017054616,0.015270679,37000.0,151467.42,149824.06,149824.03,0.7491672,10.343799,8.54018,8.54015
250759.14,0.017137107,0.010735491,37000.0,151467.39,149824.05,149824.06,0.7491672,10.343349,8.540182,8.54015
250759.14,0.015506366,0.03775582,37000.0,151467.36,149824.05,149824.05,0.7491672,10.343395,8.540174,8.540151
250759.14,0.015768616,0.02284865,37000.0,151467.44,149824.05,149824.06,0.7491672,10.343379,8.540177,8.54015
250759.14,0.017075278,0.020685883,37000.0,151467.34,149824.05,149824.05,0.7491672,10.343208,8.540179,8.540152
250759.14,0.0186503,0.011108923,37000.0,151467.31,149824.05,149824.08,0.7491672,10.343208,8.540182,8.540152
250759.14,0.018354053,0.020548262,37000.0,151467.44,149824.08,149824.06,0.7491672,10.343378,8.54018,8.540151
250759.14,0.014755374,0.009109661,37000.0,151467.34,149824.05,149824.08,0.7491672,10.343331,8.540182,8.540151
250759.14,0.017191565,0.008297728,37000.0,151467.31,149824.05,149824.05,0.7491672,10.343004,8.540184,8.540149
250759.14,0.017610295,0.009975765,37000.0,151467.36,149824.06,149824.05,0.7491672,10.3435,8.540182,8.540151
250759.14,0.017613681,0.0058613736,37000.0,151467.33,149824.05,149824.06,0.7491672,10.343299,8.540183,8.540153
250759.14,0.015424352,0.02446099,37000.0,151467.39,149824.06,149824.08,0.7491672,10.343552,8.540178,8.540154
250759.14,0.014418711,0.029304314,37000.0,151467.4,149824.06,149824.03,0.7491672,10.343495,8.540176,8.54015
250759.14,0.016125105,0.03301239,37000.0,151467.34,149824.03,149824.03,0.7491672,10.343533,8.540175,8.540151
250759.14,0.017663395,0.0072141634,37000.0,151467.38,149824.05,149824.05,0.7491672,10.343456,8.540184,8.54015
250759.14,0.017409645,0.036134157,37000.0,151467.42,149824.05,149824.08,0.7491672,10.34382,8.540175,8.540155
250759.14,0.015996467,0.021756502,37000.0,151467.36,149824.05,149824.06,0.7491672,10.343236,8.540178,8.540153
250759.14,0.020552384,0.028671104,37000.0,151467.34,149824.05,149824.05,0.7491672,10.343202,8.540176,8.54015
250759.14,0.017932354,0.024573859,37000.0,151467.45,149824.06,149824.06,0.7491672,10.34366,8.540178,8.540147
250759.14,0.016654503,0.013548163,37000.0,151467.39,149824.06,149824.05,0.7491672,10.343619,8.54018,8.540153
250759.14,0.016360722,0.017071363,37000.0,151467.38,149824.05,149824.06,0.7491672,10.343269,8.540179,8.540155
250759.14,0.016383769,0.009040725,37000.0,151467.4,149824.06,149824.06,0.7491672,10.343284,8.540182,8.540152
250759.14,0.017085858,0.0071713435,37000.0,151467.4,149824.05,149824.05,0.7491672,10.343417,8.540183,8.54015
250759.14,0.017486615,0.024543593,37000.0,151467.34,149824.06,149824.06,0.7491672,10.343297,8.540177,8.540149
250759.14,0.017688707,0.009360363,37000.0,151467.34,149824.05,149824.06,0.7491672,10.343823,8.540182,8.540153
250759.14,0.01675428,0.03468789,37000.0,151467.36,149824.06,149824.06,0.7491672,10.343213,8.540175,8.540151
250759.14,0.016977055,0.016918095,37000.0,151467.36,149824.05,149824.05,0.7491672,10.343399,8.54018,8.540152
250759.14,0.01860049,0.024753606,37000.0,151467.38,149824.06,149824.06,0.7491672,10.343471,8.540178,8.540151
250759.14,0.016100867,0.020714058,37000.0,151467.36,149824.05,149824.05,0.7491672,10.343373,8.540178,8.540147
250759.14,0.016551489,0.034116697,37000.0,151467.39,149824.05,149824.05,0.7491672,10.343435,8.540175,8.540151
250759.14,0.018408358,0.012854898,37000.0,151467.44,149824.06,149824.05,0.7491672,10.343708,8.540181,8.540149
250759.14,0.018287893,0.011027749,37000.0,151467.38,149824.03,149824.05,0.7491672,10.343679,8.540181,8.540153
250759.14,0.019419452,0.028257545,37000.0,151467.4,149824.06,149824.06,0.7491672,10.343646,8.540178,8.540153
250759.14,0.018540232,0.0072827525,37000.0,151467.4,149824.05,149824.06,0.7491672,10.34342,8.540183,8.540152
250759.14,0.016687276,0.040494442,37000.0,151467.39,149824.06,149824.06,0.7491672,10.343381,8.5401745,8.540148
250759.14,0.016428519,0.034508545,37000.0,151467.36,149824.05,149824.05,0.7491672,10.343216,8.540175,8.540149
250759.14,0.01749634,0.041292954,37000.0,151467.42,149824.03,149824.06,0.7491672,10.343488,8.540174,8.540152
250759.14,0.016096517,0.007204263,37000.0,151467.4,149824.03,149824.06,0.7491672,10.343502,8.540183,8.540121
250759.14,0.017673753,0.037825327,37000.0,151467.4,149824.05,149824.06,0.7491672,10.3435135,8.5401745,8.540155
250759.14,0.018945217,0.02121805,37000.0,151467.31,149824.05,149824.06,0.7491672,10.343268,8.540178,8.540141
250759.14,0.018448954,0.039706375,37000.0,151467.39,149824.06,149824.06,0.7491672,10.343273,8.5401745,8.540155
250759.14,0.018430747,0.014285407,37000.0,151467.36,149824.06,149824.06,0.7491672,10.343116,8.540181,8.540178
250759.14,0.01690222,0.02002086,37000.0,151467.38,149824.05,149824.06,0.7491672,10.343606,8.540178,8.540163
250759.14,0.016307618,0.014743347,37000.0,151467.4,149824.05,149824.05,0.7491672,10.343509,8.54018,8.540145
250759.14,0.017329313,0.016442986,37000.0,151467.39,149824.05,149824.05,0.7491672,10.343623,8.54018,8.540157
250759.14,0.017972374,0.004984729,37000.0,151467.4,149824.05,149824.05,0.7491672,10.34355,8.540185,8.540151
250759.14,0.017348245,0.04566885,37000.0,151467.39,149824.06,149824.05,0.7491672,10.3436775,8.540174,8.540144
250759.14,0.018037234,0.012825554,37000.0,151467.34,149824.08,149824.06,0.7491672,10.343413,8.54018,8.540145
250759.14,0.018380513,0.031948455,37000.0,151467.38,149824.06,149824.08,0.7491672,10.343675,8.540177,8.540152
250759.14,0.017080171,0.0058115646,37000.0,151467.34,149824.06,149824.08,0.7491672,10.343436,8.540183,8.540136
250759.14,0.01893618,0.012128062,37000.0,151467.36,149824.05,149824.05,0.7491672,10.343339,8.540182,8.54013
250759.14,0.016759086,0.0441724,37000.0,151467.39,149824.05,149824.06,0.7491672,10.343512,8.5401745,8.540141
250759.14,0.018050164,0.024741774,37000.0,151467.31,149824.05,149824.05,0.7491672,10.34292,8.540178,8.54014
250759.14,0.01761176,0.016881471,37000.0,151467.42,149824.05,149824.08,0.7491672,10.343352,8.54018,8.540148
250759.14,0.0176011,0.017759413,37000.0,151467.4,149824.08,149824.06,0.7491672,10.343347,8.540179,8.54013
250759.14,0.017295996,0.011479481,37000.0,151467.44,149824.03,149824.06,0.7491672,10.343622,8.540182,8.540135
250759.14,0.01766806,0.04032148,37000.0,151467.45,149824.06,149824.06,0.7491672,10.343628,8.540175,8.540141
250759.14,0.017417766,0.0054058474,37000.0,151467.38,149824.05,149824.05,0.7491672,10.343573,8.540186,8.540149
250759.14,0.016164672,0.02069555,37000.0,151467.34,149824.06,149824.06,0.7491672,10.34315,8.540178,8.540134
250759.14,0.020007927,0.0051714955,37000.0,151467.36,149824.03,149824.05,0.7491672,10.343145,8.540184,8.540141
250759.14,0.016980316,0.030911503,37000.0,151467.33,149824.05,149824.06,0.7491672,10.343203,8.540176,8.540142
250759.14,0.01780078,0.019310895,37000.0,151467.33,149824.06,149824.06,0.7491672,10.343405,8.540179,8.540134
250759.14,0.020066882,0.0082922205,37000.0,151467.36,149824.05,149824.06,0.7491672,10.34315,8.540183,8.540149
250759.14,0.018214785,0.0076890406,37000.0,151467.33,149824.06,149824.06,0.7491672,10.34331,8.540184,8.540131
250759.14,0.014055873,0.026535848,37000.0,151467.39,149824.02,149824.05,0.7491672,10.3432,8.540177,8.540145
250759.14,0.0178372,0.020944832,37000.0,151467.34,149824.03,149824.05,0.7491672,10.342995,8.540178,8.540142
250759.14,0.017816396,0.02629678,37000.0,151467.38,149824.03,149824.08,0.7491672,10.343505,8.540177,8.540148
250759.14,0.018951364,0.009189873,37000.0,151467.44,149824.03,149824.06,0.7491672,10.3437805,8.540183,8.540138
250759.14,0.018938022,0.018187637,37000.0,151467.33,149824.06,149824.06,0.7491672,10.343152,8.54018,8.540145
250759.14,0.017966049,0.007168591,37000.0,151467.34,149824.05,149824.06,0.7491672,10.343458,8.540184,8.54015
250759.14,0.016114436,0.031487677,37000.0,151467.38,149824.06,149824.1,0.7491672,10.343417,8.540175,8.540145
250759.14,0.01865828,0.0059300214,37000.0,151467.42,149824.06,149824.06,0.7491672,10.343835,8.540184,8.540145
250759.14,0.017380333,0.027549477,37000.0,151467.38,149824.05,149824.06,0.7491672,10.343507,8.540176,8.540134
250759.14,0.017670592,0.03510021,37000.0,151467.45,149824.05,149824.05,0.7491672,10.343446,8.540175,8.540148
250759.14,0.017828848,0.016125016,37000.0,151467.36,149824.06,149824.05,0.7491672,10.343214,8.540179,8.540152
250759.14,0.017542029,0.016236786,37000.0,151467.4,149824.05,149824.05,0.7491672,10.343335,8.540181,8.540151
250759.14,0.018437669,0.029053152,37000.0,151467.44,149824.06,149824.03,0.7491672,10.3440275,8.540176,8.540151
250759.14,0.016131552,0.008479643,37000.0,151467.4,149824.05,149824.06,0.7491672,10.343787,8.540182,8.540156
250759.14,0.018370843,0.008022046,37000.0,151467.36,149824.06,149824.06,0.7491672,10.343445,8.540183,8.540144
250759.14,0.017825754,0.0058040996,37000.0,151467.39,149824.05,149824.05,0.7491672,10.343615,8.540183,8.540134
250759.14,0.016990257,0.011946616,37000.0,151467.36,149824.05,149824.05,0.7491672,10.343353,8.540181,8.540146
250759.14,0.018255958,0.014153538,37000.0,151467.44,149824.03,149824.05,0.7491672,10.343766,8.540182,8.540141
250759.14,0.01846151,0.030769812,37000.0,151467.38,149824.06,149824.06,0.7491672,10.343638,8.540176,8.540135
250759.14,0.019028058,0.012027892,37000.0,151467.38,149824.06,149824.06,0.7491672,10.343216,8.540182,8.540143
250759.14,0.017580163,0.027250992,37000.0,151467.39,149824.03,149824.06,0.7491672,10.343393,8.540177,8.540148
250759.14,0.019899715,0.005247059,37000.0,151467.33,149824.05,149824.03,0.7491672,10.342961,8.540185,8.540133
250759.14,0.018386543,0.026648652,37000.0,151467.45,149824.06,149824.05,0.7491672,10.343503,8.540177,8.54014
250759.14,0.016799487,0.006796495,37000.0,151467.42,149824.03,149824.06,0.7491672,10.343341,8.540183,8.540143
250759.14,0.018248558,0.015291075,37000.0,151467.45,149824.05,149824.06,0.7491672,10.343714,8.54018,8.540129
250759.14,0.018973965,0.011389338,37000.0,151467.44,149824.05,149824.05,0.7491672,10.343461,8.540182,8.540141
250759.14,0.018136257,0.007106513,37000.0,151467.38,149824.05,149824.06,0.7491672,10.343444,8.540182,8.540145
250759.14,0.019396067,0.015704092,37000.0,151467.38,149824.06,149824.02,0.7491672,10.34334,8.54018,8.54013
250759.14,0.018942531,0.02309907,37000.0,151467.38,149824.05,149824.05,0.7491672,10.343459,8.540177,8.54015
250759.14,0.015786016,0.0335614,37000.0,151467.45,149824.06,149824.06,0.7491672,10.343967,8.540177,8.540149
250759.14,0.017799087,0.034078855,37000.0,151467.4,149824.03,149824.06,0.7491672,10.3435135,8.540175,8.540125
250759.14,0.01759094,0.025857465,37000.0,151467.33,149824.06,149824.05,0.7491672,10.343379,8.540177,8.540132
250759.14,0.017488608,0.02381966,37000.0,151467.33,149824.06,149824.06,0.7491672,10.3433075,8.540178,8.540132
250759.14,0.019544072,0.024229255,37000.0,151467.38,149824.05,149824.06,0.7491672,10.343345,8.540178,8.540126
250759.14,0.018095348,0.022931267,37000.0,151467.4,149824.08,149824.06,0.7491672,10.343249,8.540178,8.540142
250759.14,0.019923424,0.005542431,37000.0,151467.36,149824.05,149824.06,0.7491672,10.343128,8.540184,8.5401325
250759.14,0.020597763,0.0055558984,37000.0,151467.33,149824.08,149824.06,0.7491672,10.343247,8.540186,8.540137
250759.14,0.01889305,0.0056874417,37000.0,151467.34,149824.05,149824.03,0.7491672,10.343354,8.540184,8.5401325
250759.14,0.017012049,0.015519494,37000.0,151467.36,149824.05,149824.06,0.7491672,10.343558,8.54018,8.540141
250759.14,0.0171855,0.011057909,37000.0,151467.33,149824.05,149824.08,0.7491672,10.343172,8.540181,8.5401535
250759.14,0.019461485,0.035799302,37000.0,151467.38,149824.06,149824.05,0.7491672,10.343321,8.540175,8.540133
250759.14,0.019517303,0.005514635,37000.0,151467.42,149824.05,149824.03,0.7491672,10.3436,8.540185,8.540132
250759.14,0.020842234,0.0063538575,37000.0,151467.4,149824.05,149824.06,0.7491672,10.34343,8.540183,8.540127
250759.14,0.017411102,0.04138391,37000.0,151467.33,149824.05,149824.03,0.7491672,10.3433,8.5401745,8.540141
250759.14,0.01822487,0.035187878,37000.0,151467.38,149824.06,149824.06,0.7491672,10.343281,8.540175,8.540126
250759.14,0.018212482,0.009024012,37000.0,151467.4,149824.05,149824.05,0.7491672,10.343346,8.540183,8.540135
250759.14,0.017484142,0.019805476,37000.0,151467.42,149824.05,149824.08,0.7491672,10.3436575,8.540178,8.540137
250759.14,0.017083848,0.027056841,37000.0,151467.42,149824.08,149824.05,0.7491672,10.343687,8.540176,8.540138
250759.14,0.017024184,0.009218848,37000.0,151467.44,149824.06,149824.05,0.7491672,10.343506,8.540183,8.540138
250759.14,0.018606521,0.009203943,37000.0,151467.33,149824.05,149824.06,0.7491672,10.343158,8.540183,8.540145
250759.14,0.018771129,0.0233133,37000.0,151467.3,149824.05,149824.05,0.7491672,10.343026,8.540177,8.540143
250759.14,0.016504582,0.008268775,37000.0,151467.4,149824.05,149824.05,0.7491672,10.343471,8.540182,8.540136
250759.14,0.01757225,0.010603959,37000.0,151467.36,149824.06,149824.05,0.7491672,10.343254,8.540181,8.540142
250759.14,0.019656477,0.027964497,37000.0,151467.34,149824.05,149824.06,0.7491672,10.343362,8.540176,8.540128
250759.14,0.021195516,0.011357338,37000.0,151467.42,149824.03,149824.05,0.7491672,10.343589,8.540181,8.540135
250759.14,0.01908468,0.022757193,37000.0,151467.38,149824.05,149824.05,0.7491672,10.343557,8.540177,8.540143
250759.14,0.015653493,0.005383804,37000.0,151467.36,149824.05,149824.06,0.7491672,10.343287,8.540184,8.540141
250759.14,0.018893372,0.010407634,37000.0,151467.34,149824.06,149824.03,0.7491672,10.343597,8.540181,8.540134
250759.14,0.018595096,0.039872073,37000.0,151467.42,149824.06,149824.03,0.7491672,10.343719,8.540175,8.540131
250759.14,0.01944297,0.018011527,37000.0,151467.39,149824.06,149824.05,0.7491672,10.343531,8.54018,8.540131
250759.14,0.020695733,0.0056834063,37000.0,151467.4,149824.05,149824.05,0.7491672,10.343537,8.540184,8.540141
250759.14,0.016843902,0.0069103087,37000.0,151467.39,149824.05,149824.06,0.7491672,10.343351,8.540183,8.540139
250759.14,0.017417183,0.034005035,37000.0,151467.44,149824.05,149824.05,0.7491672,10.343705,8.540175,8.540133
250759.14,0.019554272,0.024687141,37000.0,151467.45,149824.03,149824.06,0.7491672,10.343467,8.540178,8.54014
250759.14,0.01802336,0.03709188,37000.0,151467.34,149824.05,149824.05,0.7491672,10.343364,8.540175,8.540152
250759.14,0.016760569,0.008799404,37000.0,151467.36,149824.05,149824.06,0.7491672,10.343107,8.540183,8.54014
250759.14,0.017616842,0.025345102,37000.0,151467.4,149824.06,149824.06,0.7491672,10.343636,8.540177,8.540141
250759.14,0.01693572,0.03295651,37000.0,151467.39,149824.03,149824.06,0.7491672,10.3434305,8.540176,8.540137
250759.14,0.015581509,0.012237551,37000.0,151467.44,149824.03,149824.05,0.7491672,10.3434725,8.540182,8.540151
250759.14,0.019500038,0.00740509,37000.0,151467.39,149824.03,149824.08,0.7491672,10.343632,8.540183,8.540137
250759.14,0.02003342,0.0076754945,37000.0,151467.44,149824.03,149824.05,0.7491672,10.343739,8.540183,8.540138
250759.14,0.020018639,0.021654839,37000.0,151467.39,149824.03,149824.05,0.7491672,10.343366,8.540179,8.540137
250759.14,0.020370342,0.016256953,37000.0,151467.39,149824.08,149824.06,0.7491672,10.343475,8.54018,8.540135
250759.14,0.019329492,0.026667792,37000.0,151467.38,149824.05,149824.06,0.7491672,10.343475,8.540177,8.540138
250759.14,0.016938029,0.033111613,37000.0,151467.38,149824.05,149824.05,0.7491672,10.343359,8.540176,8.540142
250759.14,0.017243357,0.019086014,37000.0,151467.36,149824.03,149824.05,0.7491672,10.343105,8.540179,8.540126
250759.14,0.016130434,0.022925114,37000.0,151467.39,149824.05,149824.05,0.7491672,10.343675,8.540178,8.540144
250759.14,0.017736776,0.017082645,37000.0,151467.38,149824.05,149824.06,0.7491672,10.343424,8.540179,8.540152
250759.14,0.018370766,0.005611652,37000.0,151467.36,149824.06,149824.06,0.7491672,10.3433485,8.540185,8.540141
250759.14,0.020041136,0.029469978,37000.0,151467.4,149824.06,149824.05,0.7491672,10.343583,8.540177,8.5401535
250759.14,0.01844598,0.014083907,37000.0,151467.34,149824.06,149824.06,0.7491672,10.343343,8.540181,8.540152
250759.14,0.019350117,0.013429782,37000.0,151467.34,149824.05,149824.06,0.7491672,10.343224,8.54018,8.540149
250759.14,0.018967059,0.00821224,37000.0,151467.33,149824.05,149824.05,0.7491672,10.3435135,8.540183,8.54015
250759.14,0.017011063,0.009968966,37000.0,151467.34,149824.03,149824.05,0.7491672,10.343202,8.540182,8.540142
250759.14,0.018687753,0.037392814,37000.0,151467.42,149824.06,149824.06,0.7491672,10.343532,8.540176,8.540142
250759.14,0.01988073,0.005314124,37000.0,151467.38,149824.05,149824.05,0.7491672,10.343237,8.540184,8.540148
250759.14,0.01964707,0.01752335,37000.0,151467.39,149824.08,149824.05,0.7491672,10.343452,8.540179,8.540144
250759.14,0.01841494,0.042849395,37000.0,151467.44,149824.03,149824.08,0.7491672,10.343514,8.5401745,8.540157
250759.14,0.017101448,0.00623905,37000.0,151467.36,149824.03,149824.05,0.7491672,10.343363,8.540184,8.540152
250759.14,0.016567178,0.01159374,37000.0,151467.44,149824.05,149824.06,0.7491672,10.343567,8.540182,8.540146
250759.14,0.01739635,0.012602466,37000.0,151467.36,149824.06,149824.06,0.7491672,10.343418,8.540181,8.540148
250759.14,0.016239604,0.048006818,37000.0,151467.39,149824.05,149824.06,0.7491672,10.343394,8.540172,8.540152
250759.14,0.015895989,0.01219397,37000.0,151467.33,149824.05,149824.06,0.7491672,10.343201,8.54018,8.540149
250759.14,0.019209296,0.005094615,37000.0,151467.38,149824.05,149824.05,0.7491672,10.343793,8.540184,8.540137
250759.14,0.01878374,0.012254011,37000.0,151467.44,149824.05,149824.05,0.7491672,10.343381,8.540182,8.540152
250759.14,0.018726066,0.025106197,37000.0,151467.42,149824.06,149824.06,0.7491672,10.343815,8.540177,8.540152
250759.14,0.019048018,0.007194742,37000.0,151467.33,149824.06,149824.06,0.7491672,10.343471,8.540183,8.540151
250759.14,0.01866046,0.016192105,37000.0,151467.36,149824.05,149824.05,0.7491672,10.343386,8.54018,8.540149
250759.14,0.01999819,0.028358303,37000.0,151467.48,149824.05,149824.05,0.7491672,10.343934,8.540176,8.540149
250759.14,0.019644236,0.005309531,37000.0,151467.39,149824.05,149824.06,0.7491672,10.343444,8.540184,8.540148
250759.14,0.018210288,0.048357405,37000.0,151467.39,149824.03,149824.03,0.7491672,10.343442,8.540173,8.540145
250759.14,0.018918214,0.015160184,37000.0,151467.4,149824.06,149824.05,0.7491672,10.343472,8.54018,8.540148
250759.14,0.019734355,0.01832724,37000.0,151467.42,149824.05,149824.06,0.7491672,10.343612,8.54018,8.540148
250759.14,0.020906402,0.005364095,37000.0,151467.4,149824.05,149824.05,0.7491672,10.343029,8.540184,8.5401535
250759.14,0.020441301,0.010687459,37000.0,151467.4,149824.03,149824.03,0.7491672,10.343254,8.540182,8.54014
250759.14,0.018185882,0.006442477,37000.0,151467.39,149824.06,149824.05,0.7491672,10.343637,8.540184,8.540147
250759.14,0.018294409,0.030520536,37000.0,151467.36,149824.06,149824.03,0.7491672,10.343354,8.540176,8.540143
250759.14,0.019657096,0.006535582,37000.0,151467.39,149824.02,149824.06,0.7491672,10.343462,8.540183,8.540149
250759.14,0.017795613,0.012202836,37000.0,151467.45,149824.05,149824.08,0.7491672,10.343666,8.540182,8.5401535
250759.14,0.018916592,0.015515804,37000.0,151467.38,149824.05,149824.06,0.7491672,10.343341,8.540181,8.540151
250759.14,0.019833678,0.005414259,37000.0,151467.36,149824.06,149824.03,0.7491672,10.343032,8.540185,8.540132
250759.14,0.018514715,0.03440623,37000.0,151467.38,149824.03,149824.05,0.7491672,10.343244,8.540175,8.540143
250759.14,0.019152595,0.0167218,37000.0,151467.39,149824.05,149824.03,0.7491672,10.343468,8.54018,8.540148
250759.14,0.018479807,0.015194173,37000.0,151467.4,149824.05,149824.06,0.7491672,10.343321,8.540181,8.540146
250759.14,0.02088753,0.005602791,37000.0,151467.36,149824.05,149824.05,0.7491672,10.343257,8.540184,8.540138
250759.14,0.018160615,0.029052082,37000.0,151467.39,149824.08,149824.05,0.7491672,10.343425,8.540177,8.540135
250759.14,0.019467374,0.005309865,37000.0,151467.42,149824.03,149824.06,0.7491672,10.343444,8.540184,8.540132
250759.14,0.019178972,0.008803292,37000.0,151467.36,149824.05,149824.05,0.7491672,10.343379,8.540182,8.540141
250759.14,0.01927254,0.026733723,37000.0,151467.36,149824.05,149824.05,0.7491672,10.343503,8.540177,8.540125
250759.14,0.019223759,0.035337735,37000.0,151467.33,149824.06,149824.03,0.7491672,10.343084,8.540175,8.540148
250759.14,0.020806966,0.019228388,37000.0,151467.34,149824.05,149824.06,0.7491672,10.342983,8.54018,8.540148
250759.14,0.022335464,0.029339366,37000.0,151467.36,149824.05,149824.05,0.7491672,10.343745,8.540177,8.540105
250759.14,0.021209748,0.031080903,37000.0,151467.44,149824.05,149824.05,0.7491672,10.343664,8.540176,8.540149
250759.14,0.01755402,0.03074366,37000.0,151467.39,149824.05,149824.03,0.7491672,10.343335,8.540175,8.540145
250759.14,0.016935127,0.005934668,37000.0,151467.44,149824.05,149824.05,0.7491672,10.3434,8.540184,8.540139
250759.14,0.01872621,0.029412996,37000.0,151467.42,149824.06,149824.06,0.7491672,10.343676,8.540177,8.540145
250759.14,0.018424954,0.006291975,37000.0,151467.39,149824.05,149824.05,0.7491672,10.343401,8.540184,8.540131
250759.14,0.017942261,0.0054467847,37000.0,151467.36,149824.06,149824.06,0.7491672,10.3431015,8.540185,8.540135
250759.14,0.018092945,0.013688999,37000.0,151467.36,149824.06,149824.06,0.7491672,10.34329,8.540182,8.540136
250759.14,0.020244997,0.011277967,37000.0,151467.36,149824.06,149824.05,0.7491672,10.343246,8.540182,8.540145
250759.14,0.017610867,0.007860945,37000.0,151467.38,149824.08,149824.05,0.7491672,10.343321,8.540182,8.540169
250759.14,0.017807089,0.005246773,37000.0,151467.36,149824.06,149824.08,0.7491672,10.3430195,8.540184,8.540177
250759.14,0.017741216,0.012554605,37000.0,151467.4,149824.05,149824.05,0.7491672,10.343345,8.540181,8.54015
250759.14,0.018923102,0.0053703394,37000.0,151467.31,149824.05,149824.08,0.7491672,10.343277,8.540185,8.540126
250759.14,0.017311735,0.028625136,37000.0,151467.34,149824.05,149824.05,0.7491672,10.343375,8.540176,8.540184
250759.14,0.017218508,0.008888866,37000.0,151467.39,149824.06,149824.05,0.7491672,10.34359,8.540182,8.54015
250759.14,0.019348085,0.008127024,37000.0,151467.38,149824.06,149824.06,0.7491672,10.3435955,8.540183,8.540148
250759.14,0.020085212,0.026450029,37000.0,151467.4,149824.06,149824.03,0.7491672,10.343445,8.540178,8.5401535
250759.14,0.019297143,0.0072208378,37000.0,151467.38,149824.06,149824.03,0.7491672,10.343118,8.540184,8.54015
250759.14,0.020010926,0.0058274707,37000.0,151467.39,149824.03,149824.06,0.7491672,10.343402,8.540184,8.540149
250759.14,0.018710935,0.02129015,37000.0,151467.38,149824.06,149824.05,0.7491672,10.343031,8.54018,8.540153
250759.14,0.018351238,0.029088376,37000.0,151467.4,149824.03,149824.05,0.7491672,10.343174,8.540175,8.540147
250759.14,0.01723313,0.008046756,37000.0,151467.34,149824.05,149824.06,0.7491672,10.343234,8.540183,8.540166
250759.14,0.015791409,0.024266351,37000.0,151467.31,149824.03,149824.06,0.7491672,10.343508,8.540177,8.540149
250759.14,0.0190866,0.0055163503,37000.0,151467.31,149824.06,149824.06,0.7491672,10.34333,8.540184,8.540152
250759.14,0.020816075,0.023837056,37000.0,151467.36,149824.05,149824.06,0.7491672,10.343427,8.540179,8.540147
250759.14,0.020068955,0.010663886,37000.0,151467.45,149824.05,149824.05,0.7491672,10.343537,8.540182,8.54015
250759.14,0.019458592,0.008401748,37000.0,151467.3,149824.05,149824.08,0.7491672,10.343292,8.540183,8.5401535
250759.14,0.020301022,0.024087662,37000.0,151467.4,149824.06,149824.05,0.7491672,10.343356,8.540179,8.540145
250759.14,0.02028588,0.0052933376,37000.0,151467.4,149824.05,149824.06,0.7491672,10.343471,8.540186,8.540151
250759.14,0.018619439,0.0056830556,37000.0,151467.38,149824.05,149824.05,0.7491672,10.343864,8.540185,8.540149
250759.14,0.017994575,0.031347338,37000.0,151467.36,149824.05,149824.03,0.7491672,10.343429,8.540176,8.5401535
250759.14,0.018874077,0.0144884465,37000.0,151467.38,149824.06,149824.06,0.7491672,10.343819,8.54018,8.540148
250759.14,0.019419685,0.007515721,37000.0,151467.38,149824.05,149824.06,0.7491672,10.343286,8.540183,8.540142
250759.14,0.018947346,0.023305496,37000.0,151467.4,149824.05,149824.05,0.7491672,10.343254,8.540178,8.540147
250759.14,0.017125096,0.01611061,37000.0,151467.4,149824.05,149824.08,0.7491672,10.343286,8.54018,8.540141
250759.14,0.019316198,0.0060986145,37000.0,151467.33,149824.03,149824.06,0.7491672,10.343075,8.540183,8.540149
250759.14,0.020378,0.010833321,37000.0,151467.33,149824.03,149824.05,0.7491672,10.34347,8.540182,8.54015
250759.14,0.018968774,0.005595981,37000.0,151467.38,149824.05,149824.06,0.7491672,10.3434725,8.540185,8.540142
250759.14,0.020168414,0.016548552,37000.0,151467.4,149824.05,149824.06,0.7491672,10.343333,8.54018,8.540149
250759.14,0.022507653,0.0101079075,37000.0,151467.42,149824.06,149824.05,0.7491672,10.343331,8.540183,8.540151
250759.14,0.01930249,0.02519911,37000.0,151467.36,149824.05,149824.06,0.7491672,10.34339,8.540177,8.54016
250759.14,0.017565286,0.028730046,37000.0,151467.36,149824.05,149824.06,0.7491672,10.343201,8.540176,8.540147
250759.14,0.019086318,0.028973546,37000.0,151467.38,149824.06,149824.05,0.7491672,10.343347,8.540177,8.540144
250759.14,0.019608459,0.005832039,37000.0,151467.38,149824.03,149824.05,0.7491672,10.3433695,8.540184,8.540145
250759.14,0.019319367,0.029890113,37000.0,151467.4,149824.05,149824.05,0.7491672,10.343352,8.540176,8.540174
250759.14,0.019289479,0.006967149,37000.0,151467.39,149824.06,149824.06,0.7491672,10.343326,8.540183,8.540158
250759.14,0.016626272,0.008320535,37000.0,151467.39,149824.06,149824.06,0.7491672,10.343328,8.540182,8.5401745
250759.14,0.021579223,0.014423244,37000.0,151467.38,149824.06,149824.06,0.7491672,10.343267,8.540181,8.540149
250759.14,0.020437509,0.0054453863,37000.0,151467.4,149824.05,149824.05,0.7491672,10.343587,8.540186,8.54015
250759.14,0.01973523,0.005438077,37000.0,151467.36,149824.06,149824.05,0.7491672,10.343084,8.540185,8.540146
250759.14,0.018128382,0.02165352,37000.0,151467.31,149824.05,149824.05,0.7491672,10.34329,8.540178,8.54014
250759.14,0.018450923,0.005453488,37000.0,151467.36,149824.06,149824.05,0.7491672,10.343293,8.540184,8.540146
250759.14,0.020496435,0.005395032,37000.0,151467.42,149824.06,149824.03,0.7491672,10.343499,8.540185,8.540151
250759.14,0.02001833,0.025368124,37000.0,151467.38,149824.05,149824.05,0.7491672,10.343028,8.540177,8.54015
250759.14,0.017579786,0.005257128,37000.0,151467.34,149824.06,149824.05,0.7491672,10.343169,8.540185,8.540151
250759.14,0.01734427,0.008875318,37000.0,151467.33,149824.05,149824.03,0.7491672,10.343619,8.540182,8.54015
250759.14,0.019415183,0.006336913,37000.0,151467.38,149824.06,149824.06,0.7491672,10.343444,8.540184,8.540149
250759.14,0.018425036,0.0060628755,37000.0,151467.42,149824.06,149824.05,0.7491672,10.343784,8.540184,8.540146
250759.14,0.02073383,0.01866349,37000.0,151467.44,149824.06,149824.08,0.7491672,10.3435335,8.540181,8.540145
250759.14,0.021897672,0.005579476,37000.0,151467.39,149824.03,149824.05,0.7491672,10.343502,8.540184,8.540149
250759.14,0.019733615,0.037142556,37000.0,151467.36,149824.05,149824.08,0.7491672,10.343285,8.540175,8.540152
250759.14,0.017492224,0.0057278173,37000.0,151467.34,149824.06,149824.06,0.7491672,10.343391,8.540184,8.540151
250759.14,0.017985005,0.01992158,37000.0,151467.38,149824.05,149824.06,0.7491672,10.343415,8.540179,8.540147
250759.14,0.016651599,0.022401368,37000.0,151467.47,149824.05,149824.08,0.7491672,10.343785,8.54018,8.540149
250759.14,0.016694056,0.022147896,37000.0,151467.36,149824.05,149824.06,0.7491672,10.34341,8.54018,8.54015
250759.14,0.020109907,0.011087106,37000.0,151467.4,149824.05,149824.05,0.7491672,10.343484,8.540181,8.540153
250759.14,0.02120583,0.0057015503,37000.0,151467.36,149824.03,149824.06,0.7491672,10.343361,8.540185,8.540153
250759.14,0.020935368,0.008552825,37000.0,151467.38,149824.08,149824.06,0.7491672,10.343344,8.540183,8.540142
250759.14,0.02018895,0.0053377813,37000.0,151467.31,149824.03,149824.06,0.7491672,10.343412,8.540184,8.540127
250759.14,0.019098232,0.0102836,37000.0,151467.4,149824.05,149824.06,0.7491672,10.343175,8.540183,8.540146
250759.14,0.018873647,0.020358613,37000.0,151467.45,149824.03,149824.03,0.7491672,10.343712,8.540179,8.540146
250759.14,0.02118354,0.005279935,37000.0,151467.36,149824.06,149824.05,0.7491672,10.343408,8.540184,8.540149
250759.14,0.018769883,0.013413737,37000.0,151467.4,149824.05,149824.02,0.7491672,10.343254,8.540181,8.540151
250759.14,0.020167172,0.031286653,37000.0,151467.38,149824.05,149824.05,0.7491672,10.34352,8.540176,8.540154
250759.14,0.018372964,0.021648863,37000.0,151467.39,149824.05,149824.06,0.7491672,10.343141,8.540179,8.540142
250759.14,0.01979489,0.033490364,37000.0,151467.42,149824.06,149824.06,0.7491672,10.34372,8.540176,8.540102
250759.14,0.020016715,0.0057958597,37000.0,151467.36,149824.03,149824.05,0.7491672,10.343419,8.540184,8.540155
250759.14,0.021223214,0.012148613,37000.0,151467.39,149824.05,149824.05,0.7491672,10.343226,8.540181,8.540147
250759.14,0.01975969,0.014096473,37000.0,151467.42,149824.03,149824.03,0.7491672,10.343294,8.540181,8.540152
250759.14,0.019039908,0.020115167,37000.0,151467.39,149824.05,149824.05,0.7491672,10.343442,8.540179,8.540151
250759.14,0.020071395,0.005961965,37000.0,151467.38,149824.03,149824.06,0.7491672,10.3432865,8.540184,8.540141
250759.14,0.018407995,0.0055261604,37000.0,151467.42,149824.03,149824.05,0.7491672,10.343392,8.540185,8.540145
250759.14,0.019342821,0.008121889,37000.0,151467.4,149824.05,149824.06,0.7491672,10.343448,8.540183,8.540145
250759.14,0.021796472,0.0070217787,37000.0,151467.39,149824.03,149824.06,0.7491672,10.3435335,8.540184,8.540141
250759.14,0.019286772,0.00600695,37000.0,151467.38,149824.05,149824.06,0.7491672,10.343358,8.540185,8.540144
250759.14,0.02078019,0.015211031,37000.0,151467.39,149824.03,149824.05,0.7491672,10.343234,8.540181,8.540143
250759.14,0.020647695,0.018072374,37000.0,151467.42,149824.05,149824.05,0.7491672,10.343424,8.54018,8.540144
250759.14,0.017717358,0.01675237,37000.0,151467.39,149824.05,149824.06,0.7491672,10.343396,8.54018,8.540143
250759.14,0.020007886,0.032896906,37000.0,151467.4,149824.08,149824.03,0.7491672,10.343596,8.540176,8.540145
250759.14,0.019638905,0.0060576093,37000.0,151467.36,149824.05,149824.05,0.7491672,10.343324,8.540184,8.540143
250759.14,0.020273611,0.038318466,37000.0,151467.36,149824.06,149824.05,0.7491672,10.3432865,8.540176,8.54014
250759.14,0.02239007,0.005565721,37000.0,151467.4,149824.06,149824.06,0.7491672,10.3433275,8.540185,8.540144
250759.14,0.0242628,0.037329376,37000.0,151467.4,149824.05,149824.05,0.7491672,10.34313,8.5401745,8.540142
250759.14,0.020107731,0.009501705,37000.0,151467.4,149824.03,149824.05,0.7491672,10.34341,8.540182,8.54014
250759.14,0.019712323,0.010225198,37000.0,151467.36,149824.06,149824.06,0.7491672,10.343703,8.540182,8.540142
250759.14,0.01768008,0.02219311,37000.0,151467.38,149824.03,149824.05,0.7491672,10.343372,8.540179,8.540143
250759.14,0.020986117,0.032552063,37000.0,151467.4,149824.06,149824.06,0.7491672,10.343559,8.540177,8.540141
250759.14,0.022066528,0.010503514,37000.0,151467.39,149824.05,149824.05,0.7491672,10.343572,8.540181,8.540141
250759.14,0.02076529,0.0084851235,37000.0,151467.4,149824.06,149824.08,0.7491672,10.343253,8.540181,8.540141
250759.14,0.018056402,0.0064969994,37000.0,151467.38,149824.06,149824.06,0.7491672,10.343302,8.540183,8.54014
250759.14,0.018984068,0.04065385,37000.0,151467.4,149824.05,149824.08,0.7491672,10.343242,8.540174,8.54014
250759.14,0.01721622,0.013340121,37000.0,151467.4,149824.05,149824.08,0.7491672,10.343414,8.54018,8.540142
250759.14,0.02032771,0.021164397,37000.0,151467.44,149824.06,149824.05,0.7491672,10.343349,8.540178,8.540142
250759.14,0.020645123,0.018860132,37000.0,151467.4,149824.05,149824.06,0.7491672,10.343395,8.540178,8.540138
250759.14,0.018639974,0.04003758,37000.0,151467.39,149824.08,149824.08,0.7491672,10.343185,8.5401745,8.540141
