snr_gt,snr_raw,snr_denoised,frequency_hz_true,frequency_hz_raw,frequency_hz_denoised,frequency_hz_signal,amplitude_true,amplitude_raw,amplitude_denoised,amplitude_signal
1.7974057e+25,0.9055375,1.0017352,310000.0,151467.4,149824.08,149824.05,18.959988,10.343467,8.540152,8.540153
1.7974057e+25,0.8929267,1.0016483,310000.0,151467.42,149824.06,149824.03,18.959988,10.343457,8.540152,8.5401535
1.7974057e+25,0.93072474,1.0017556,310000.0,151467.4,149824.03,149824.05,18.959988,10.343505,8.540152,8.5401535
1.7974057e+25,0.9409382,1.0016937,310000.0,151467.39,149824.06,149824.03,18.959988,10.34341,8.540151,8.540153
1.7974057e+25,0.8956532,1.0013671,310000.0,151467.45,149824.06,149824.05,18.959988,10.343457,8.540152,8.5401535
1.7974057e+25,0.91381377,1.001578,310000.0,151467.42,149824.05,149824.06,18.959988,10.343474,8.540151,8.5401535
1.7974057e+25,0.8974831,1.0008725,310000.0,151467.34,149824.05,149824.05,18.959988,10.343511,8.540151,8.5401535
1.7974057e+25,0.91957116,1.0017254,310000.0,151467.38,149824.03,149824.06,18.959988,10.343284,8.540151,8.5401535
1.7974057e+25,0.9280569,1.0016677,310000.0,151467.4,149824.05,149824.05,18.959988,10.3434725,8.540152,8.5401535
1.7974057e+25,0.92530245,1.0011233,310000.0,151467.39,149824.05,149824.03,18.959988,10.34345,8.540151,8.5401535
1.7974057e+25,0.95581895,1.0018544,310000.0,151467.38,149824.05,149824.06,18.959988,10.343337,8.540152,8.5401535
1.7974057e+25,0.88392866,1.0013319,310000.0,151467.36,149824.05,149824.05,18.959988,10.343078,8.540152,8.540153
1.7974057e+25,0.919553,1.0015799,310000.0,151467.39,149824.05,149824.05,18.959988,10.34337,8.540151,8.5401535
1.7974057e+25,0.93161136,1.0018243,310000.0,151467.39,149824.03,149824.05,18.959988,10.343481,8.540151,8.5401535
1.7974057e+25,0.9197804,1.0017407,310000.0,151467.33,149824.08,149824.05,18.959988,10.343107,8.540152,8.5401535
1.7974057e+25,0.9504376,1.0018305,310000.0,151467.36,149824.05,149824.03,18.959988,10.343253,8.540152,8.5401535
1.7974057e+25,0.93463814,1.0018251,310000.0,151467.42,149824.05,149824.03,18.959988,10.343594,8.540152,8.5401535
1.7974057e+25,0.9209152,1.0016778,310000.0,151467.36,149824.06,149824.06,18.959988,10.343354,8.540151,8.5401535
1.7974057e+25,0.9165699,1.0016178,310000.0,151467.34,149824.03,149824.06,18.959988,10.343509,8.540151,8.5401535
1.7974057e+25,0.9358862,1.0018142,310000.0,151467.4,149824.06,149824.05,18.959988,10.343642,8.540152,8.5401535
1.7974057e+25,0.92305946,1.0015867,310000.0,151467.39,149824.05,149824.05,18.959988,10.343572,8.540151,8.5401535
1.7974057e+25,0.97130257,1.0018966,310000.0,151467.36,149824.06,149824.03,18.959988,10.343417,8.540152,8.540153
1.7974057e+25,0.9779419,1.001918,310000.0,151467.4,149824.06,149824.05,18.959988,10.3433895,8.540151,8.5401535
1.7974057e+25,0.9518482,1.0017737,310000.0,151467.36,149824.03,149824.03,18.959988,10.343224,8.540152,8.540153
1.7974057e+25,0.93859804,1.0018834,310000.0,151467.39,149824.05,149824.05,18.959988,10.343334,8.540152,8.540153
1.7974057e+25,0.90479773,1.0015435,310000.0,151467.36,149824.05,149824.06,18.959988,10.343423,8.540151,8.5401535
1.7974057e+25,0.92476654,1.001772,310000.0,151467.38,149824.08,149824.05,18.959988,10.343421,8.540152,8.5401535
1.7974057e+25,0.9582496,1.0018847,310000.0,151467.38,149824.06,149824.05,18.959988,10.343321,8.540152,8.5401535
1.7974057e+25,0.9073047,1.0015755,310000.0,151467.38,149824.06,149824.05,18.959988,10.343138,8.540151,8.5401535
1.7974057e+25,0.9496824,1.0017228,310000.0,151467.34,149824.05,149824.05,18.959988,10.343318,8.54015,8.5401535
1.7974057e+25,0.96937984,1.0019425,310000.0,151467.42,149824.05,149824.06,18.959988,10.343431,8.540151,8.540153
1.7974057e+25,0.88779527,1.0018004,310000.0,151467.34,149824.06,149824.06,18.959988,10.343144,8.540152,8.5401535
1.7974057e+25,0.8913388,1.0012878,310000.0,151467.34,149824.03,149824.06,18.959988,10.343498,8.540151,8.5401535
1.7974057e+25,0.9279798,1.0017918,310000.0,151467.4,149824.06,149824.06,18.959988,10.343434,8.540151,8.540153
1.7974057e+25,0.907739,1.0018542,310000.0,151467.36,149824.06,149824.03,18.959988,10.343254,8.540151,8.540153
1.7974057e+25,0.9485893,1.0017644,310000.0,151467.45,149824.06,149824.05,18.959988,10.343747,8.540151,8.5401535
1.7974057e+25,0.938696,1.0018215,310000.0,151467.39,149824.03,149824.05,18.959988,10.343365,8.540151,8.540153
1.7974057e+25,0.93866163,1.0018935,310000.0,151467.4,149824.05,149824.05,18.959988,10.343554,8.540152,8.5401535
1.7974057e+25,0.8977346,1.0016148,310000.0,151467.38,149824.06,149824.05,18.959988,10.343389,8.540151,8.540153
1.7974057e+25,0.95136064,1.001912,310000.0,151467.36,149824.06,149824.05,18.959988,10.343054,8.540152,8.540153
1.7974057e+25,0.9835697,1.0019661,310000.0,151467.36,149824.05,149824.06,18.959988,10.343358,8.54015,8.540153
1.7974057e+25,0.95720965,1.0018758,310000.0,151467.42,149824.05,149824.05,18.959988,10.3435135,8.540152,8.540153
1.7974057e+25,0.9620827,1.0017788,310000.0,151467.38,149824.03,149824.06,18.959988,10.343434,8.540152,8.5401535
1.7974057e+25,0.9210787,1.0016766,310000.0,151467.44,149824.06,149824.05,18.959988,10.34362,8.540152,8.540153
1.7974057e+25,0.9655834,1.0018334,310000.0,151467.36,149824.03,149824.06,18.959988,10.343485,8.540152,8.5401535
1.7974057e+25,0.92602175,1.0018092,310000.0,151467.36,149824.05,149824.05,18.959988,10.343367,8.540152,8.5401535
1.7974057e+25,0.88860005,1.0015453,310000.0,151467.39,149824.06,149824.05,18.959988,10.34367,8.540152,8.540153
1.7974057e+25,0.97724813,1.0019321,310000.0,151467.36,149824.06,149824.05,18.959988,10.34341,8.540151,8.5401535
1.7974057e+25,0.9191335,1.0018064,310000.0,151467.38,149824.03,149824.06,18.959988,10.343387,8.540151,8.5401535
1.7974057e+25,0.90232944,1.0014292,310000.0,151467.39,149824.08,149824.05,18.959988,10.343495,8.540152,8.540152
1.7974057e+25,0.9063596,1.0016377,310000.0,151467.39,149824.05,149824.05,18.959988,10.343387,8.540151,8.540153
1.7974057e+25,0.91517997,1.0015666,310000.0,151467.38,149824.05,149824.05,18.959988,10.3436165,8.54015,8.540153
1.7974057e+25,0.92123604,1.0019362,310000.0,151467.39,149824.05,149824.06,18.959988,10.343237,8.540151,8.5401535
1.7974057e+25,0.9392768,1.0019007,310000.0,151467.38,149824.05,149824.06,18.959988,10.343127,8.540151,8.540153
1.7974057e+25,0.9228718,1.0017657,310000.0,151467.36,149824.06,149824.06,18.959988,10.343261,8.540152,8.5401535
1.7974057e+25,0.9481209,1.0019729,310000.0,151467.38,149824.06,149824.06,18.959988,10.343397,8.540152,8.5401535
1.7974057e+25,0.90469074,1.001651,310000.0,151467.4,149824.05,149824.06,18.959988,10.3435135,8.540152,8.540153
1.7974057e+25,0.91207045,1.0016953,310000.0,151467.42,149824.06,149824.06,18.959988,10.343639,8.540151,8.5401535
1.7974057e+25,0.9612111,1.0019628,310000.0,151467.38,149824.05,149824.06,18.959988,10.343141,8.540151,8.5401535
1.7974057e+25,0.93567634,1.0019888,310000.0,151467.39,149824.05,149824.06,18.959988,10.343405,8.540152,8.540153
1.7974057e+25,0.9374927,1.0019035,310000.0,151467.38,149824.03,149824.06,18.959988,10.343514,8.540152,8.540153
1.7974057e+25,0.9706929,0.9987216,310000.0,151467.36,149824.06,149824.08,18.959988,10.343386,8.540152,8.54015
1.7974057e+25,0.91354865,0.9987106,310000.0,151467.38,149824.05,149824.05,18.959988,10.34355,8.540151,8.540151
1.7974057e+25,0.95358336,0.9987157,310000.0,151467.42,149824.05,149824.05,18.959988,10.343402,8.540152,8.54015
1.7974057e+25,0.9284942,0.99890035,310000.0,151467.36,149824.05,149824.05,18.959988,10.343232,8.54015,8.540151
1.7974057e+25,0.95629275,0.998737,310000.0,151467.39,149824.06,149824.06,18.959988,10.343469,8.540151,8.540151
1.7974057e+25,0.91229296,0.9987221,310000.0,151467.38,149824.03,149824.05,18.959988,10.343477,8.540152,8.54015
1.7974057e+25,0.9159234,0.99867415,310000.0,151467.36,149824.05,149824.05,18.959988,10.34308,8.540152,8.54015
1.7974057e+25,0.9763938,0.998756,310000.0,151467.36,149824.06,149824.03,18.959988,10.343263,8.540152,8.54015
1.7974057e+25,0.98190504,0.9987488,310000.0,151467.36,149824.06,149824.08,18.959988,10.343234,8.540151,8.540151
1.7974057e+25,0.9670735,0.99873936,310000.0,151467.39,149824.06,149824.05,18.959988,10.343474,8.540152,8.540151
1.7974057e+25,0.96576345,0.9986922,310000.0,151467.42,149824.06,149824.05,18.959988,10.343696,8.540152,8.54015
1.7974057e+25,0.9219881,0.99871004,310000.0,151467.36,149824.03,149824.05,18.959988,10.34345,8.540151,8.54015
1.7974057e+25,0.8955141,0.999004,310000.0,151467.34,149824.05,149824.05,18.959988,10.343084,8.540152,8.540151
1.7974057e+25,0.8983788,0.9992321,310000.0,151467.38,149824.05,149824.06,18.959988,10.343524,8.540152,8.54015
1.7974057e+25,0.9281306,0.9987861,310000.0,151467.31,149824.08,149824.05,18.959988,10.34332,8.540151,8.54015
1.7974057e+25,0.9444904,0.9987471,310000.0,151467.4,149824.05,149824.06,18.959988,10.3435,8.540151,8.540151
1.7974057e+25,0.9166838,0.9988159,310000.0,151467.34,149824.05,149824.08,18.959988,10.342911,8.540152,8.54015
1.7974057e+25,0.96318734,0.9986863,310000.0,151467.38,149824.05,149824.06,18.959988,10.343402,8.540152,8.54015
1.7974057e+25,0.94583714,0.99860436,310000.0,151467.36,149824.05,149824.05,18.959988,10.3434725,8.540152,8.54015
1.7974057e+25,0.90643805,0.99863416,310000.0,151467.33,149824.06,149824.06,18.959988,10.343067,8.540152,8.54015
1.7974057e+25,0.971496,0.99870133,310000.0,151467.4,149824.06,149824.06,18.959988,10.343465,8.540152,8.540151
1.7974057e+25,0.9528947,0.99870557,310000.0,151467.33,149824.03,149824.03,18.959988,10.3432865,8.540152,8.54015
1.7974057e+25,0.92488855,0.99902153,310000.0,151467.39,149824.06,149824.05,18.959988,10.343217,8.540151,8.54015
1.7974057e+25,0.9114967,0.9986996,310000.0,151467.36,149824.05,149824.06,18.959988,10.343468,8.540152,8.540151
1.7974057e+25,0.9303277,0.99875623,310000.0,151467.39,149824.05,149824.06,18.959988,10.343594,8.540151,8.54015
1.7974057e+25,0.900668,0.9987301,310000.0,151467.34,149824.05,149824.05,18.959988,10.343324,8.540152,8.54015
1.7974057e+25,0.95416266,0.99876386,310000.0,151467.36,149824.03,149824.06,18.959988,10.343436,8.540151,8.54015
1.7974057e+25,0.94289947,0.99867105,310000.0,151467.38,149824.05,149824.06,18.959988,10.343323,8.540152,8.540151
1.7974057e+25,0.9128315,0.99876684,310000.0,151467.36,149824.05,149824.06,18.959988,10.343521,8.540151,8.54015
1.7974057e+25,0.89543813,0.9988584,310000.0,151467.38,149824.05,149824.06,18.959988,10.343469,8.540151,8.540151
1.7974057e+25,0.9548068,0.99866456,310000.0,151467.4,149824.06,149824.05,18.959988,10.343507,8.540151,8.540151
1.7974057e+25,0.9526333,0.9987225,310000.0,151467.44,149824.06,149824.06,18.959988,10.343448,8.54015,8.540151
1.7974057e+25,0.9406541,0.9987045,310000.0,151467.39,149824.06,149824.03,18.959988,10.343077,8.540151,8.54015
1.7974057e+25,0.9588536,0.9987054,310000.0,151467.34,149824.06,149824.03,18.959988,10.343104,8.540152,8.54015
1.7974057e+25,0.92539334,0.99881583,310000.0,151467.28,149824.06,149824.05,18.959988,10.342869,8.540151,8.54015
1.7974057e+25,0.9310168,0.99868244,310000.0,151467.42,149824.03,149824.05,18.959988,10.34354,8.540152,8.540151
1.7974057e+25,0.910368,0.9986694,310000.0,151467.4,149824.06,149824.06,18.959988,10.343112,8.540151,8.54015
1.7974057e+25,0.9216303,0.99915105,310000.0,151467.4,149824.06,149824.08,18.959988,10.343424,8.540152,8.54015
1.7974057e+25,0.9543713,0.9987795,310000.0,151467.38,149824.06,149824.06,18.959988,10.343318,8.540152,8.540151
1.7974057e+25,0.92459244,0.99873155,310000.0,151467.38,149824.05,149824.06,18.959988,10.343218,8.540152,8.54015
1.7974057e+25,0.9809436,0.99874264,310000.0,151467.39,149824.06,149824.05,18.959988,10.343359,8.540151,8.54015
1.7974057e+25,0.9671565,0.9987239,310000.0,151467.36,149824.06,149824.06,18.959988,10.343425,8.540151,8.54015
1.7974057e+25,0.95665425,0.9987185,310000.0,151467.36,149824.03,149824.05,18.959988,10.34294,8.540152,8.54015
1.7974057e+25,0.9366012,0.998737,310000.0,151467.4,149824.03,149824.03,18.959988,10.343519,8.540151,8.540151
1.7974057e+25,0.93121994,0.9988237,310000.0,151467.36,149824.05,149824.06,18.959988,10.343179,8.540152,8.54015
1.7974057e+25,0.9386904,0.9987486,310000.0,151467.36,149824.03,149824.08,18.959988,10.343473,8.540152,8.54015
1.7974057e+25,0.95105726,0.99867404,310000.0,151467.38,149824.05,149824.05,18.959988,10.343131,8.540152,8.540151
1.7974057e+25,0.92737234,0.9987199,310000.0,151467.34,149824.08,149824.05,18.959988,10.343245,8.540151,8.54015
1.7974057e+25,0.96532136,0.99861354,310000.0,151467.33,149824.05,149824.06,18.959988,10.343301,8.540152,8.540151
1.7974057e+25,0.94279164,0.9990797,310000.0,151467.44,149824.05,149824.06,18.959988,10.343751,8.540152,8.54015
1.7974057e+25,0.95145017,0.99875116,310000.0,151467.36,149824.06,149824.06,18.959988,10.343336,8.540151,8.54015
1.7974057e+25,0.93658906,0.9986202,310000.0,151467.34,149824.03,149824.06,18.959988,10.343309,8.540152,8.54015
1.7974057e+25,0.93481725,0.9989096,310000.0,151467.4,149824.05,149824.06,18.959988,10.343612,8.540151,8.54015
1.7974057e+25,0.95912963,0.9986863,310000.0,151467.34,149824.05,149824.05,18.959988,10.343462,8.540152,8.540151
1.7974057e+25,0.95165765,0.99869525,310000.0,151467.36,149824.03,149824.03,18.959988,10.343144,8.540152,8.54015
1.7974057e+25,0.9448148,0.99859905,310000.0,151467.39,149824.03,149824.06,18.959988,10.3435755,8.540151,8.540151
1.7974057e+25,0.9671818,0.9986951,310000.0,151467.39,149824.06,149824.05,18.959988,10.343252,8.540152,8.540151
1.7974057e+25,0.9575989,0.9986937,310000.0,151467.34,149824.06,149824.05,18.959988,10.343359,8.540151,8.540151
1.7974057e+25,0.9360479,0.9986489,310000.0,151467.39,149824.03,149824.06,18.959988,10.343536,8.540152,8.54015
1.7974057e+25,0.9273797,0.9992589,310000.0,151467.38,149824.05,149824.05,18.959988,10.34329,8.540152,8.54015
1.7974057e+25,0.9211473,0.9987732,310000.0,151467.39,149824.05,149824.05,18.959988,10.34337,8.540151,8.54015
1.7974057e+25,0.9638475,0.99860746,310000.0,151467.42,149824.05,149824.06,18.959988,10.343234,8.540152,8.54015
1.7974057e+25,0.93970144,0.99875444,310000.0,151467.38,149824.06,149824.06,18.959988,10.3435545,8.54015,8.540149
1.7974057e+25,0.922167,0.99874395,310000.0,151467.34,149824.03,149824.05,18.959988,10.343158,8.540151,8.54015
1.7974057e+25,0.96901846,0.9987709,310000.0,151467.42,149824.06,149824.05,18.959988,10.343569,8.540152,8.54015
1.7974057e+25,0.9307612,0.9988807,310000.0,151467.4,149824.05,149824.05,18.959988,10.343344,8.540151,8.540151
1.7974057e+25,0.9451612,0.9986426,310000.0,151467.36,149824.05,149824.06,18.959988,10.343325,8.540152,8.540151
1.7974057e+25,0.95506847,0.9987454,310000.0,151467.31,149824.06,149824.05,18.959988,10.342972,8.540152,8.540149
1.7974057e+25,0.9821518,0.9987814,310000.0,151467.38,149824.06,149824.06,18.959988,10.343398,8.540151,8.54015
1.7974057e+25,0.92284024,0.99867266,310000.0,151467.36,149824.02,149824.05,18.959988,10.343162,8.540152,8.540151
1.7974057e+25,0.9337657,0.99866,310000.0,151467.39,149824.05,149824.05,18.959988,10.34335,8.540152,8.540151
1.7974057e+25,0.94706345,0.99871325,310000.0,151467.4,149824.03,149824.06,18.959988,10.343711,8.540152,8.54015
1.7974057e+25,0.94402045,0.99870497,310000.0,151467.38,149824.08,149824.06,18.959988,10.343605,8.540152,8.54015
1.7974057e+25,0.93580127,0.99873453,310000.0,151467.38,149824.06,149824.05,18.959988,10.34324,8.540151,8.540151
1.7974057e+25,0.93423486,0.9992492,310000.0,151467.38,149824.06,149824.05,18.959988,10.343426,8.540152,8.540151
1.7974057e+25,0.9181523,0.99866635,310000.0,151467.39,149824.03,149824.05,18.959988,10.343737,8.540152,8.54015
1.7974057e+25,0.9110073,0.9988142,310000.0,151467.36,149824.06,149824.08,18.959988,10.343147,8.54015,8.540151
1.7974057e+25,0.91539806,0.9987977,310000.0,151467.39,149824.05,149824.05,18.959988,10.343557,8.540151,8.54015
1.7974057e+25,0.9265501,0.9987185,310000.0,151467.38,149824.06,149824.06,18.959988,10.343105,8.540151,8.54015
1.7974057e+25,0.9711997,0.9986982,310000.0,151467.34,149824.06,149824.03,18.959988,10.343337,8.540151,8.540151
1.7974057e+25,0.91030246,0.99899036,310000.0,151467.36,149824.08,149824.08,18.959988,10.343372,8.540151,8.54015
1.7974057e+25,0.94706017,0.9992569,310000.0,151467.42,149824.05,149824.05,18.959988,10.343451,8.540151,8.54015
1.7974057e+25,0.9416502,0.9990318,310000.0,151467.38,149824.05,149824.06,18.959988,10.34325,8.54015,8.54015
1.7974057e+25,0.9349141,0.99893653,310000.0,151467.34,149824.05,149824.05,18.959988,10.34345,8.540151,8.54015
1.7974057e+25,0.92216873,0.9986619,310000.0,151467.34,149824.05,149824.06,18.959988,10.343336,8.540152,8.540151
1.7974057e+25,0.914068,0.9986944,310000.0,151467.36,149824.05,149824.06,18.959988,10.343361,8.540151,8.54015
1.7974057e+25,0.9571761,0.99870837,310000.0,151467.38,149824.05,149824.05,18.959988,10.343335,8.540151,8.54015
1.7974057e+25,0.9490119,0.99864984,310000.0,151467.38,149824.03,149824.06,18.959988,10.343394,8.540152,8.54015
1.7974057e+25,0.95329505,0.9987381,310000.0,151467.39,149824.06,149824.06,18.959988,10.343453,8.540151,8.54015
1.7974057e+25,0.92919666,0.9987602,310000.0,151467.38,149824.06,149824.06,18.959988,10.343584,8.540151,8.54015
1.7974057e+25,0.8888394,0.99887717,310000.0,151467.4,149824.05,149824.08,18.959988,10.343936,8.540151,8.54015
1.7974057e+25,0.91219515,0.99877197,310000.0,151467.34,149824.05,149824.05,18.959988,10.343084,8.540151,8.54015
1.7974057e+25,0.9677725,0.9987272,310000.0,151467.38,149824.05,149824.06,18.959988,10.34337,8.540152,8.540151
1.7974057e+25,0.93305147,0.9988175,310000.0,151467.39,149824.05,149824.06,18.959988,10.343571,8.540152,8.54015
1.7974057e+25,0.9489591,0.9986636,310000.0,151467.38,149824.05,149824.05,18.959988,10.3433895,8.540152,8.54015
1.7974057e+25,0.93447363,0.99889934,310000.0,151467.36,149824.03,149824.03,18.959988,10.343323,8.54015,8.54015
1.7974057e+25,0.9660501,0.9986769,310000.0,151467.39,149824.03,149824.03,18.959988,10.343617,8.540152,8.54015
1.7974057e+25,0.947425,0.99873567,310000.0,151467.39,149824.05,149824.03,18.959988,10.34386,8.540152,8.54015
1.7974057e+25,0.947684,0.9986981,310000.0,151467.4,149824.03,149824.05,18.959988,10.343313,8.540152,8.54015
1.7974057e+25,0.9314823,0.9989391,310000.0,151467.38,149824.05,149824.06,18.959988,10.343438,8.540151,8.54015
1.7974057e+25,0.9201815,0.99915683,310000.0,151467.4,149824.05,149824.06,18.959988,10.34319,8.540152,8.54015
1.7974057e+25,0.96592087,0.99871385,310000.0,151467.34,149824.05,149824.05,18.959988,10.343282,8.540151,8.54015
1.7974057e+25,0.9212911,0.99890137,310000.0,151467.42,149824.03,149824.05,18.959988,10.343561,8.54015,8.54015
1.7974057e+25,0.94548446,0.9986861,310000.0,151467.42,149824.05,149824.03,18.959988,10.343741,8.540152,8.540151
1.7974057e+25,0.96728575,0.9986566,310000.0,151467.42,149824.05,149824.05,18.959988,10.343622,8.540151,8.54015
1.7974057e+25,0.9149293,0.99892783,310000.0,151467.39,149824.08,149824.03,18.959988,10.343301,8.540152,8.54015
1.7974057e+25,0.92225647,0.99872154,310000.0,151467.36,149824.05,149824.03,18.959988,10.343323,8.540151,8.540151
1.7974057e+25,0.92610395,0.9986667,310000.0,151467.34,149824.06,149824.03,18.959988,10.343553,8.540152,8.540151
1.7974057e+25,0.9142087,0.9989144,310000.0,151467.34,149824.03,149824.06,18.959988,10.34323,8.540151,8.540151
1.7974057e+25,0.96020395,0.9986742,310000.0,151467.33,149824.08,149824.05,18.959988,10.343248,8.540152,8.540151
1.7974057e+25,0.92105937,0.9991435,310000.0,151467.4,149824.05,149824.06,18.959988,10.343531,8.540152,8.54015
1.7974057e+25,0.9098173,0.99930465,310000.0,151467.4,149824.06,149824.05,18.959988,10.343587,8.540152,8.54015
1.7974057e+25,0.91587293,0.9988078,310000.0,151467.34,149824.05,149824.03,18.959988,10.343213,8.540151,8.54015
1.7974057e+25,0.90583044,0.99873483,310000.0,151467.39,149824.03,149824.06,18.959988,10.343378,8.540152,8.540151
1.7974057e+25,0.89988786,0.9991479,310000.0,151467.39,149824.05,149824.06,18.959988,10.343558,8.540152,8.54015
1.7974057e+25,0.9367338,0.9986833,310000.0,151467.4,149824.05,149824.05,18.959988,10.343377,8.540152,8.540151
1.7974057e+25,0.9188627,0.9992357,310000.0,151467.36,149824.05,149824.06,18.959988,10.343329,8.540152,8.540151
1.7974057e+25,0.99373984,0.99872077,310000.0,151467.38,149824.06,149824.06,18.959988,10.343475,8.540151,8.54015
1.7974057e+25,0.9270463,0.99868333,310000.0,151467.4,149824.03,149824.03,18.959988,10.343743,8.540152,8.540151
1.7974057e+25,0.96601146,0.99866223,310000.0,151467.39,149824.05,149824.05,18.959988,10.343418,8.540152,8.540151
1.7974057e+25,0.9309566,0.99874717,310000.0,151467.4,149824.06,149824.06,18.959988,10.343374,8.54015,8.540151
1.7974057e+25,0.92291605,0.9988992,310000.0,151467.36,149824.08,149824.03,18.959988,10.343056,8.540152,8.540151
1.7974057e+25,0.9333059,0.99866116,310000.0,151467.38,149824.03,149824.03,18.959988,10.343192,8.540151,8.540151
1.7974057e+25,0.9277762,0.9990702,310000.0,151467.42,149824.05,149824.06,18.959988,10.343287,8.540151,8.540151
1.7974057e+25,0.88136744,0.99910426,310000.0,151467.33,149824.1,149824.06,18.959988,10.34321,8.540152,8.540152
1.7974057e+25,0.91400594,0.9989146,310000.0,151467.36,149824.05,149824.08,18.959988,10.343585,8.540152,8.54015
1.7974057e+25,0.92837155,0.9987563,310000.0,151467.34,149824.06,149824.06,18.959988,10.343352,8.540152,8.54015
1.7974057e+25,0.9177509,0.99870646,310000.0,151467.36,149824.05,149824.05,18.959988,10.343195,8.540151,8.540151
1.7974057e+25,0.90980935,0.99919826,310000.0,151467.44,149824.05,149824.05,18.959988,10.343574,8.540152,8.540151
1.7974057e+25,0.9181917,0.9986685,310000.0,151467.45,149824.03,149824.06,18.959988,10.343835,8.540152,8.540151
1.7974057e+25,0.9294307,0.9988489,310000.0,151467.36,149824.05,149824.06,18.959988,10.34308,8.540151,8.540151
1.7974057e+25,0.91350824,0.9990643,310000.0,151467.39,149824.05,149824.06,18.959988,10.343622,8.540151,8.540151
1.7974057e+25,0.91711086,0.99876875,310000.0,151467.38,149824.06,149824.06,18.959988,10.343209,8.540151,8.540151
1.7974057e+25,0.9075033,0.99921083,310000.0,151467.39,149824.05,149824.06,18.959988,10.343069,8.540152,8.540151
1.7974057e+25,0.96209884,0.99880815,310000.0,151467.38,149824.06,149824.08,18.959988,10.343482,8.540152,8.540151
1.7974057e+25,0.9445213,0.9988063,310000.0,151467.39,149824.05,149824.06,18.959988,10.343489,8.540151,8.540151
1.7974057e+25,0.9388837,0.99877733,310000.0,151467.4,149824.05,149824.06,18.959988,10.343785,8.540152,8.540151
1.7974057e+25,0.97310317,0.99877924,310000.0,151467.39,149824.05,149824.05,18.959988,10.343492,8.540152,8.540151
1.7974057e+25,0.91084045,0.9992795,310000.0,151467.42,149824.05,149824.06,18.959988,10.343447,8.540152,8.54015
1.7974057e+25,0.9164816,0.99891156,310000.0,151467.34,149824.05,149824.06,18.959988,10.343082,8.540151,8.540151
1.7974057e+25,0.9448291,0.998738,310000.0,151467.39,149824.06,149824.06,18.959988,10.343285,8.540151,8.540151
1.7974057e+25,0.9520857,0.9987552,310000.0,151467.39,149824.05,149824.06,18.959988,10.343217,8.540152,8.54015
1.7974057e+25,0.9506799,0.9986911,310000.0,151467.36,149824.03,149824.05,18.959988,10.343132,8.540151,8.540151
1.7974057e+25,0.9557417,0.99881786,310000.0,151467.38,149824.06,149824.05,18.959988,10.343549,8.540152,8.540151
1.7974057e+25,0.89658386,0.9990032,310000.0,151467.4,149824.05,149824.06,18.959988,10.34333,8.540151,8.540151
1.7974057e+25,0.9376068,0.9988115,310000.0,151467.34,149824.05,149824.05,18.959988,10.343022,8.540152,8.540151
1.7974057e+25,0.96025866,0.9987641,310000.0,151467.44,149824.05,149824.06,18.959988,10.343624,8.540151,8.54015
1.7974057e+25,0.92794335,0.99875265,310000.0,151467.38,149824.05,149824.06,18.959988,10.343365,8.540151,8.540151
1.7974057e+25,0.9301339,0.9991044,310000.0,151467.33,149824.06,149824.06,18.959988,10.343048,8.540152,8.540151
1.7974057e+25,0.8956371,0.99883556,310000.0,151467.38,149824.08,149824.05,18.959988,10.343486,8.540151,8.540151
1.7974057e+25,0.94383717,0.9987985,310000.0,151467.42,149824.05,149824.06,18.959988,10.34341,8.540152,8.540151
1.7974057e+25,0.9096075,0.99881434,310000.0,151467.33,149824.08,149824.08,18.959988,10.343065,8.540151,8.540151
1.7974057e+25,0.93245167,0.99894553,310000.0,151467.42,149824.03,149824.05,18.959988,10.343341,8.540151,8.54015
1.7974057e+25,0.919526,0.99885935,310000.0,151467.38,149824.06,149824.06,18.959988,10.343256,8.540151,8.540151
1.7974057e+25,0.904855,0.9991465,310000.0,151467.36,149824.06,149824.06,18.959988,10.343267,8.540153,8.540151
1.7974057e+25,0.9438761,0.99890643,310000.0,151467.38,149824.03,149824.05,18.959988,10.343371,8.540151,8.540152
1.7974057e+25,0.9307366,0.99874,310000.0,151467.36,149824.05,149824.06,18.959988,10.34334,8.540152,8.540151
1.7974057e+25,0.90585583,0.99911076,310000.0,151467.34,149824.06,149824.06,18.959988,10.343211,8.540151,8.54015
1.7974057e+25,0.91753346,0.99917716,310000.0,151467.34,149824.05,149824.06,18.959988,10.343474,8.540152,8.54015
1.7974057e+25,0.92487174,0.998839,310000.0,151467.36,149824.06,149824.06,18.959988,10.343114,8.540152,8.540152
1.7974057e+25,0.9122332,0.9992157,310000.0,151467.39,149824.06,149824.05,18.959988,10.3434,8.540152,8.54015
1.7974057e+25,0.9036007,0.9993247,310000.0,151467.39,149824.05,149824.08,18.959988,10.343275,8.540151,8.540151
1.7974057e+25,0.9561243,0.9988128,310000.0,151467.38,149824.03,149824.08,18.959988,10.343358,8.540152,8.540151
1.7974057e+25,0.9104329,0.9990134,310000.0,151467.34,149824.05,149824.06,18.959988,10.343263,8.540151,8.540151
1.7974057e+25,0.91934854,0.9987551,310000.0,151467.4,149824.03,149824.06,18.959988,10.343372,8.540152,8.540151
1.7974057e+25,0.93763953,0.9987721,310000.0,151467.38,149824.03,149824.06,18.959988,10.343311,8.540152,8.540151
1.7974057e+25,0.9185393,0.99933356,310000.0,151467.36,149824.05,149824.05,18.959988,10.343262,8.540151,8.54015
1.7974057e+25,0.9605162,0.9987819,310000.0,151467.44,149824.06,149824.05,18.959988,10.343571,8.540152,8.540151
1.7974057e+25,0.93272257,0.99874693,310000.0,151467.4,149824.05,149824.06,18.959988,10.343528,8.540151,8.540151
1.7974057e+25,0.9616221,0.99879885,310000.0,151467.38,149824.05,149824.05,18.959988,10.343603,8.540151,8.540151
1.7974057e+25,0.91945624,0.9988807,310000.0,151467.4,149824.05,149824.06,18.959988,10.343591,8.540151,8.540151
1.7974057e+25,0.92356575,0.99882096,310000.0,151467.34,149824.03,149824.06,18.959988,10.343215,8.540151,8.540151
1.7974057e+25,0.9363921,0.99878603,310000.0,151467.38,149824.05,149824.08,18.959988,10.343361,8.540151,8.540151
1.7974057e+25,0.9056078,0.9987534,310000.0,151467.42,149824.03,149824.06,18.959988,10.343528,8.540152,8.540151
1.7974057e+25,0.92785895,0.9989759,310000.0,151467.38,149824.03,149824.06,18.959988,10.343379,8.540151,8.540151
1.7974057e+25,0.8852051,0.99882734,310000.0,151467.39,149824.05,149824.06,18.959988,10.343538,8.540151,8.540151
1.7974057e+25,0.91202575,0.9990771,310000.0,151467.39,149824.06,149824.06,18.959988,10.343533,8.540151,8.54015
1.7974057e+25,0.9045501,0.9990265,310000.0,151467.38,149824.05,149824.06,18.959988,10.34323,8.540152,8.540151
1.7974057e+25,0.90719897,0.99933404,310000.0,151467.33,149824.05,149824.06,18.959988,10.343051,8.540151,8.540151
1.7974057e+25,0.8962299,0.99878776,310000.0,151467.39,149824.08,149824.06,18.959988,10.343142,8.540151,8.540151
1.7974057e+25,0.8964157,0.99921834,310000.0,151467.42,149824.05,149824.06,18.959988,10.343592,8.540152,8.540151
1.7974057e+25,0.90060306,0.9990068,310000.0,151467.44,149824.05,149824.06,18.959988,10.343784,8.54015,8.540151
1.7974057e+25,0.9373737,0.9988961,310000.0,151467.36,149824.05,149824.08,18.959988,10.342951,8.540151,8.540151
1.7974057e+25,0.9303701,0.99883074,310000.0,151467.39,149824.03,149824.06,18.959988,10.343555,8.540152,8.540151
1.7974057e+25,0.95672673,0.99881756,310000.0,151467.39,149824.03,149824.06,18.959988,10.343564,8.540152,8.540151
1.7974057e+25,0.90071946,0.9987317,310000.0,151467.42,149824.06,149824.05,18.959988,10.343317,8.540151,8.54015
1.7974057e+25,0.92125756,0.99911433,310000.0,151467.36,149824.06,149824.06,18.959988,10.343542,8.540152,8.540151
1.7974057e+25,0.92192185,0.99882156,310000.0,151467.34,149824.06,149824.05,18.959988,10.343086,8.540151,8.54015
1.7974057e+25,0.93240917,0.99926573,310000.0,151467.36,149824.06,149824.06,18.959988,10.343163,8.540151,8.540151
1.7974057e+25,0.92104286,0.99885714,310000.0,151467.39,149824.06,149824.05,18.959988,10.34341,8.540152,8.54015
1.7974057e+25,0.9152794,0.99873424,310000.0,151467.42,149824.05,149824.11,18.959988,10.343694,8.540151,8.540151
1.7974057e+25,0.9176768,0.99905115,310000.0,151467.44,149824.06,149824.06,18.959988,10.343863,8.540151,8.540151
1.7974057e+25,0.96946436,0.9988159,310000.0,151467.39,149824.06,149824.06,18.959988,10.343408,8.540151,8.540151
1.7974057e+25,0.93512374,0.9992279,310000.0,151467.34,149824.05,149824.05,18.959988,10.343263,8.540152,8.540151
1.7974057e+25,0.970198,0.99886143,310000.0,151467.36,149824.06,149824.05,18.959988,10.343051,8.540152,8.540151
1.7974057e+25,0.9265857,0.99886715,310000.0,151467.42,149824.05,149824.06,18.959988,10.343656,8.540152,8.540151
1.7974057e+25,0.9227908,0.99910367,310000.0,151467.38,149824.05,149824.05,18.959988,10.343565,8.540152,8.540151
1.7974057e+25,0.928228,0.9989976,310000.0,151467.38,149824.05,149824.05,18.959988,10.3433695,8.540152,8.54015
1.7974057e+25,0.9441833,0.99890035,310000.0,151467.3,149824.06,149824.06,18.959988,10.343323,8.540152,8.540151
1.7974057e+25,0.94810146,0.99899095,310000.0,151467.38,149824.05,149824.05,18.959988,10.343323,8.540151,8.540151
1.7974057e+25,0.9614761,0.9987849,310000.0,151467.4,149824.08,149824.06,18.959988,10.343366,8.540151,8.54015
1.7974057e+25,0.95718306,0.9989016,310000.0,151467.36,149824.05,149824.06,18.959988,10.343274,8.540152,8.540151
1.7974057e+25,0.95381254,0.99874955,310000.0,151467.38,149824.05,149824.06,18.959988,10.343106,8.540152,8.540151
1.7974057e+25,0.9264172,0.9987949,310000.0,151467.34,149824.06,149824.03,18.959988,10.342996,8.540152,8.54015
1.7974057e+25,0.9304185,0.9989112,310000.0,151467.42,149824.05,149824.06,18.959988,10.343648,8.540151,8.54015
1.7974057e+25,0.9079956,0.9988614,310000.0,151467.34,149824.05,149824.06,18.959988,10.343423,8.540152,8.54015
1.7974057e+25,0.9150726,0.9993303,310000.0,151467.4,149824.06,149824.06,18.959988,10.343427,8.540152,8.540151
1.7974057e+25,0.91045177,0.9992863,310000.0,151467.4,149824.05,149824.08,18.959988,10.343459,8.540152,8.540151
1.7974057e+25,0.9049599,0.99927354,310000.0,151467.44,149824.05,149824.06,18.959988,10.34375,8.540152,8.54015
1.7974057e+25,0.9415869,0.99880135,310000.0,151467.38,149824.06,149824.05,18.959988,10.343384,8.540152,8.540151
1.7974057e+25,0.9481018,0.9987697,310000.0,151467.39,149824.05,149824.05,18.959988,10.34319,8.540152,8.54015
1.7974057e+25,0.9147529,0.9991881,310000.0,151467.38,149824.05,149824.06,18.959988,10.343696,8.540151,8.540151
1.7974057e+25,0.93540114,0.9988531,310000.0,151467.38,149824.05,149824.05,18.959988,10.343376,8.540152,8.540151
1.7974057e+25,0.919096,0.9988242,310000.0,151467.39,149824.05,149824.05,18.959988,10.343676,8.540152,8.54015
1.7974057e+25,0.9104051,0.9990308,310000.0,151467.39,149824.06,149824.03,18.959988,10.343104,8.540151,8.540151
1.7974057e+25,0.9059369,0.99924475,310000.0,151467.36,149824.06,149824.05,18.959988,10.343232,8.540152,8.540152
1.7974057e+25,0.9113378,0.9988489,310000.0,151467.42,149824.05,149824.06,18.959988,10.34369,8.540151,8.540152
1.7974057e+25,0.88360107,0.99924505,310000.0,151467.39,149824.05,149824.05,18.959988,10.343483,8.540152,8.540151
1.7974057e+25,0.9084817,0.99929553,310000.0,151467.38,149824.05,149824.05,18.959988,10.343238,8.540151,8.540152
1.7974057e+25,0.9124169,0.9988002,310000.0,151467.38,149824.05,149824.05,18.959988,10.343536,8.540151,8.540151
1.7974057e+25,0.9232815,0.9990053,310000.0,151467.38,149824.08,149824.08,18.959988,10.343455,8.540151,8.540152
1.7974057e+25,0.9743779,0.9987453,310000.0,151467.4,149824.06,149824.05,18.959988,10.343489,8.540152,8.540151
1.7974057e+25,0.95666707,0.9987395,310000.0,151467.38,149824.03,149824.06,18.959988,10.343415,8.540151,8.540152
1.7974057e+25,0.93796444,0.99884474,310000.0,151467.36,149824.05,149824.05,18.959988,10.343232,8.540151,8.540153
1.7974057e+25,0.9339237,0.9987294,310000.0,151467.33,149824.08,149824.06,18.959988,10.34305,8.540151,8.540152
1.7974057e+25,0.8995302,0.99874383,310000.0,151467.39,149824.03,149824.06,18.959988,10.343651,8.540152,8.540152
1.7974057e+25,0.92679894,0.99904877,310000.0,151467.31,149824.08,149824.05,18.959988,10.343416,8.540152,8.540151
1.7974057e+25,0.9554369,0.99872977,310000.0,151467.39,149824.03,149824.05,18.959988,10.343273,8.540152,8.540152
1.7974057e+25,0.9300742,0.99920017,310000.0,151467.34,149824.06,149824.05,18.959988,10.343366,8.540152,8.540151
1.7974057e+25,0.93800944,0.9988977,310000.0,151467.4,149824.05,149824.05,18.959988,10.343561,8.540151,8.540152
1.7974057e+25,0.92680275,0.9989644,310000.0,151467.47,149824.03,149824.05,18.959988,10.343803,8.540151,8.540152
1.7974057e+25,0.95241773,0.9987515,310000.0,151467.39,149824.05,149824.06,18.959988,10.343217,8.540151,8.540152
1.7974057e+25,0.93523824,0.9986228,310000.0,151467.38,149824.05,149824.05,18.959988,10.343305,8.540151,8.540152
1.7974057e+25,0.9670493,0.99869335,310000.0,151467.39,149824.03,149824.05,18.959988,10.343475,8.540152,8.540153
1.7974057e+25,0.9248345,0.9987159,310000.0,151467.44,149824.03,149824.05,18.959988,10.3437395,8.540152,8.540152
1.7974057e+25,0.95727843,0.99869835,310000.0,151467.38,149824.03,149824.05,18.959988,10.343419,8.540151,8.540153
1.7974057e+25,0.926137,0.9987079,310000.0,151467.42,149824.05,149824.05,18.959988,10.343487,8.540152,8.540152
1.7974057e+25,0.9248159,0.99877006,310000.0,151467.38,149824.05,149824.05,18.959988,10.343373,8.540151,8.540153
1.7974057e+25,0.9394672,0.99876624,310000.0,151467.34,149824.06,149824.05,18.959988,10.343427,8.540151,8.540151
1.7974057e+25,0.9305061,0.9992329,310000.0,151467.38,149824.05,149824.05,18.959988,10.343369,8.540151,8.540152
1.7974057e+25,0.9007273,0.99889797,310000.0,151467.38,149824.05,149824.03,18.959988,10.343586,8.540151,8.540151
1.7974057e+25,0.9517464,0.99875045,310000.0,151467.44,149824.03,149824.05,18.959988,10.343695,8.540152,8.540152
1.7974057e+25,0.93675274,0.9986757,310000.0,151467.36,149824.05,149824.03,18.959988,10.343368,8.540152,8.540151
1.7974057e+25,0.9253019,0.99872184,310000.0,151467.39,149824.03,149824.03,18.959988,10.343358,8.540152,8.540152
1.7974057e+25,0.9230858,0.9986385,310000.0,151467.39,149824.05,149824.06,18.959988,10.343559,8.540152,8.540152
1.7974057e+25,0.9206327,0.9989433,310000.0,151467.31,149824.05,149824.06,18.959988,10.34285,8.540151,8.540153
1.7974057e+25,0.92179334,0.99931,310000.0,151467.4,149824.05,149824.05,18.959988,10.343613,8.540151,8.540153
1.7974057e+25,0.9312923,0.99881405,310000.0,151467.42,149824.05,149824.05,18.959988,10.343845,8.540151,8.540152
1.7974057e+25,0.92156255,0.9987314,310000.0,151467.4,149824.08,149824.05,18.959988,10.343531,8.540152,8.540152
1.7974057e+25,0.9315492,0.9992351,310000.0,151467.38,149824.03,149824.05,18.959988,10.34327,8.540151,8.540152
1.7974057e+25,0.94148076,0.998698,310000.0,151467.42,149824.03,149824.03,18.959988,10.343642,8.540151,8.540152
1.7974057e+25,0.9389456,0.9986901,310000.0,151467.42,149824.05,149824.05,18.959988,10.343661,8.540152,8.540153
1.7974057e+25,0.9307695,0.9988617,310000.0,151467.38,149824.05,149824.05,18.959988,10.34321,8.54015,8.540152
1.7974057e+25,0.90074307,0.9987355,310000.0,151467.4,149824.05,149824.05,18.959988,10.343321,8.540151,8.540152
1.7974057e+25,0.92461985,0.9988681,310000.0,151467.38,149824.05,149824.03,18.959988,10.343367,8.54015,8.540151
1.7974057e+25,0.9304071,0.99871534,310000.0,151467.44,149824.05,149824.05,18.959988,10.343571,8.540151,8.540152
1.7974057e+25,0.9342247,0.9987536,310000.0,151467.36,149824.06,149824.05,18.959988,10.343303,8.540151,8.540152
1.7974057e+25,0.9118155,0.99880344,310000.0,151467.36,149824.06,149824.03,18.959988,10.343183,8.540151,8.540152
1.7974057e+25,0.9160735,0.99870366,310000.0,151467.34,149824.06,149824.06,18.959988,10.343145,8.540151,8.540152
1.7974057e+25,0.9285533,0.9988032,310000.0,151467.38,149824.05,149824.05,18.959988,10.343387,8.540151,8.540151
1.7974057e+25,0.9107827,0.9990131,310000.0,151467.39,149824.08,149824.06,18.959988,10.343317,8.540151,8.540152
1.7974057e+25,0.90544623,0.99875355,310000.0,151467.34,149824.05,149824.03,18.959988,10.343202,8.540152,8.540153
1.7974057e+25,0.92437917,0.99916136,310000.0,151467.39,149824.06,149824.05,18.959988,10.343119,8.540152,8.540152
1.7974057e+25,0.92451733,0.99887276,310000.0,151467.38,149824.06,149824.06,18.959988,10.343501,8.540152,8.540152
1.7974057e+25,0.92060775,0.99877596,310000.0,151467.4,149824.05,149824.06,18.959988,10.343465,8.540151,8.540152
1.7974057e+25,0.92328644,0.9988896,310000.0,151467.34,149824.06,149824.06,18.959988,10.343199,8.540151,8.540152
1.7974057e+25,0.9355537,0.99878544,310000.0,151467.4,149824.06,149824.05,18.959988,10.343554,8.540152,8.540152
1.7974057e+25,0.9322341,0.99912846,310000.0,151467.38,149824.05,149824.05,18.959988,10.343161,8.540152,8.540152
1.7974057e+25,0.93345857,0.9987224,310000.0,151467.42,149824.05,149824.05,18.959988,10.343356,8.540152,8.540152
1.7974057e+25,0.9266114,0.9988429,310000.0,151467.38,149824.05,149824.05,18.959988,10.343621,8.540151,8.540152
1.7974057e+25,0.9025027,0.9988175,310000.0,151467.36,149824.05,149824.06,18.959988,10.343545,8.540151,8.540153
1.7974057e+25,0.9262489,0.99870306,310000.0,151467.36,149824.05,149824.08,18.959988,10.343298,8.540151,8.540152
1.7974057e+25,0.9691069,0.9987079,310000.0,151467.39,149824.05,149824.06,18.959988,10.343278,8.540152,8.540152
1.7974057e+25,0.9362977,0.9986274,310000.0,151467.39,149824.06,149824.05,18.959988,10.343183,8.540151,8.540152
1.7974057e+25,0.89752346,0.9990632,310000.0,151467.38,149824.05,149824.05,18.959988,10.343334,8.540153,8.540152
1.7974057e+25,0.91194147,0.9987641,310000.0,151467.36,149824.05,149824.03,18.959988,10.343116,8.540151,8.540152
1.7974057e+25,0.9313778,0.9986693,310000.0,151467.36,149824.06,149824.05,18.959988,10.343275,8.540151,8.540152
1.7974057e+25,0.9426883,0.9987329,310000.0,151467.4,149824.06,149824.05,18.959988,10.34376,8.540152,8.540152
1.7974057e+25,0.93590164,0.9987842,310000.0,151467.44,149824.06,149824.05,18.959988,10.34368,8.540152,8.540152
1.7974057e+25,0.9338797,0.99866134,310000.0,151467.4,149824.03,149824.03,18.959988,10.343593,8.540151,8.540152
1.7974057e+25,0.91827554,0.9992167,310000.0,151467.39,149824.05,149824.05,18.959988,10.343317,8.540152,8.540152
1.7974057e+25,0.929184,0.99874556,310000.0,151467.38,149824.05,149824.05,18.959988,10.343515,8.540152,8.540153
1.7974057e+25,0.91472083,0.99928623,310000.0,151467.38,149824.06,149824.05,18.959988,10.3433895,8.540152,8.540153
1.7974057e+25,0.9276293,0.99890685,310000.0,151467.31,149824.05,149824.05,18.959988,10.343236,8.540152,8.540152
1.7974057e+25,0.9251418,0.9987693,310000.0,151467.34,149824.06,149824.05,18.959988,10.3433,8.540152,8.540153
1.7974057e+25,0.9356519,0.99870044,310000.0,151467.39,149824.05,149824.03,18.959988,10.343472,8.540151,8.540152
1.7974057e+25,0.93455637,0.998722,310000.0,151467.4,149824.05,149824.06,18.959988,10.343467,8.540151,8.540152
1.7974057e+25,0.93697935,0.9988335,310000.0,151467.39,149824.05,149824.06,18.959988,10.343509,8.540151,8.540153
1.7974057e+25,0.9078476,0.9986588,310000.0,151467.34,149824.03,149824.05,18.959988,10.343122,8.540151,8.540152
1.7974057e+25,0.9111494,0.9991698,310000.0,151467.4,149824.06,149824.05,18.959988,10.343502,8.540152,8.540152
1.7974057e+25,0.88970375,0.9991317,310000.0,151467.4,149824.05,149824.06,18.959988,10.343702,8.540152,8.540153
1.7974057e+25,0.9296238,0.9990727,310000.0,151467.34,149824.1,149824.03,18.959988,10.343206,8.540151,8.540151
1.7974057e+25,0.9383102,0.9987043,310000.0,151467.34,149824.06,149824.06,18.959988,10.343204,8.540152,8.540152
1.7974057e+25,0.92959076,0.9987128,310000.0,151467.34,149824.05,149824.06,18.959988,10.343261,8.540151,8.540152
1.7974057e+25,0.9380958,0.998757,310000.0,151467.36,149824.03,149824.06,18.959988,10.343471,8.540152,8.540152
1.7974057e+25,0.9041546,0.9988717,310000.0,151467.31,149824.05,149824.05,18.959988,10.34318,8.540151,8.540151
1.7974057e+25,0.907936,0.99880046,310000.0,151467.38,149824.06,149824.03,18.959988,10.343751,8.540151,8.540152
1.7974057e+25,0.93197304,0.9987643,310000.0,151467.34,149824.03,149824.03,18.959988,10.34308,8.540152,8.540152
1.7974057e+25,0.9188587,0.99882746,310000.0,151467.39,149824.05,149824.05,18.959988,10.343497,8.540151,8.540152
1.7974057e+25,0.9258562,0.9987842,310000.0,151467.31,149824.06,149824.06,18.959988,10.343326,8.540151,8.540152
1.7974057e+25,0.9306318,0.9988151,310000.0,151467.4,149824.05,149824.05,18.959988,10.343518,8.540151,8.540152
1.7974057e+25,0.93081987,0.9990294,310000.0,151467.34,149824.05,149824.03,18.959988,10.342963,8.540152,8.540152
1.7974057e+25,0.9204489,0.99916935,310000.0,151467.4,149824.08,149824.05,18.959988,10.343482,8.540151,8.540153
1.7974057e+25,0.93433076,0.99892145,310000.0,151467.38,149824.08,149824.05,18.959988,10.343408,8.540152,8.540152
1.7974057e+25,0.95619583,0.99869776,310000.0,151467.4,149824.05,149824.06,18.959988,10.343397,8.540152,8.540152
1.7974057e+25,0.92247355,0.99875337,310000.0,151467.38,149824.06,149824.06,18.959988,10.343684,8.540151,8.540151
1.7974057e+25,0.92504066,0.99880093,310000.0,151467.38,149824.05,149824.05,18.959988,10.343266,8.540151,8.540149
1.7974057e+25,0.9202506,0.9987388,310000.0,151467.38,149824.06,149824.03,18.959988,10.343177,8.540151,8.540149
1.7974057e+25,0.91246057,0.99890214,310000.0,151467.39,149824.05,149824.06,18.959988,10.343604,8.540151,8.540148
1.7974057e+25,0.91001374,0.9988224,310000.0,151467.39,149824.05,149824.05,18.959988,10.343526,8.540152,8.540148
1.7974057e+25,0.9063462,0.99872667,310000.0,151467.38,149824.03,149824.05,18.959988,10.343405,8.540151,8.540149
1.7974057e+25,0.9102415,0.9988024,310000.0,151467.39,149824.06,149824.05,18.959988,10.343465,8.540151,8.540148
1.7974057e+25,0.9278206,0.9988313,310000.0,151467.4,149824.05,149824.06,18.959988,10.343738,8.540151,8.540148
1.7974057e+25,0.9441694,0.99892443,310000.0,151467.38,149824.05,149824.05,18.959988,10.34344,8.540151,8.540147
1.7974057e+25,0.9424612,0.9987428,310000.0,151467.31,149824.03,149824.03,18.959988,10.343031,8.540151,8.540149
1.7974057e+25,0.91614294,0.998807,310000.0,151467.4,149824.05,149824.03,18.959988,10.343527,8.540151,8.540148
1.7974057e+25,0.9222892,0.99879044,310000.0,151467.36,149824.05,149824.05,18.959988,10.3432455,8.540151,8.540148
1.7974057e+25,0.9328974,0.99879104,310000.0,151467.36,149824.05,149824.05,18.959988,10.343354,8.540152,8.540147
1.7974057e+25,0.91276586,0.9989508,310000.0,151467.42,149824.05,149824.03,18.959988,10.343665,8.540151,8.540148
1.7974057e+25,0.93436295,0.9986682,310000.0,151467.38,149824.08,149824.05,18.959988,10.343369,8.540152,8.540147
1.7974057e+25,0.9273384,0.9987707,310000.0,151467.39,149824.06,149824.05,18.959988,10.343253,8.540152,8.540149
1.7974057e+25,0.92788243,0.99877363,310000.0,151467.33,149824.06,149824.05,18.959988,10.3431,8.540152,8.540149
1.7974057e+25,0.9329672,0.9987206,310000.0,151467.39,149824.05,149824.06,18.959988,10.343723,8.540152,8.540149
1.7974057e+25,0.93774587,0.9987122,310000.0,151467.4,149824.03,149824.06,18.959988,10.3434305,8.540151,8.540149
1.7974057e+25,0.93909764,0.99877274,310000.0,151467.34,149824.05,149824.06,18.959988,10.343518,8.540151,8.540148
1.7974057e+25,0.91422755,0.9988109,310000.0,151467.4,149824.05,149824.05,18.959988,10.343497,8.54015,8.540148
1.7974057e+25,0.92960066,0.9992183,310000.0,151467.4,149824.05,149824.05,18.959988,10.343196,8.540151,8.540147
1.7974057e+25,0.9101156,0.9990238,310000.0,151467.39,149824.06,149824.05,18.959988,10.343354,8.54015,8.540148
1.7974057e+25,0.9708935,0.998829,310000.0,151467.39,149824.06,149824.03,18.959988,10.343363,8.540152,8.540148
1.7974057e+25,0.9310291,0.99900806,310000.0,151467.36,149824.06,149824.1,18.959988,10.34309,8.540152,8.540148
1.7974057e+25,0.93102646,0.9988394,310000.0,151467.34,149824.06,149824.05,18.959988,10.343378,8.540151,8.540149
1.7974057e+25,0.91709524,0.99917614,310000.0,151467.39,149824.05,149824.05,18.959988,10.34337,8.540152,8.540149
1.7974057e+25,0.9344793,0.9986951,310000.0,151467.4,149824.03,149824.06,18.959988,10.343385,8.540151,8.540148
1.7974057e+25,0.9307932,0.9990996,310000.0,151467.38,149824.06,149824.08,18.959988,10.34348,8.540152,8.540149
1.7974057e+25,0.94149864,0.9989226,310000.0,151467.36,149824.1,149824.03,18.959988,10.343511,8.540152,8.540148
1.7974057e+25,0.934947,0.9987296,310000.0,151467.42,149824.08,149824.06,18.959988,10.3437605,8.540151,8.540149
1.7974057e+25,0.93395513,0.9987012,310000.0,151467.4,149824.06,149824.05,18.959988,10.343372,8.540151,8.540148
1.7974057e+25,0.9204983,0.9990891,310000.0,151467.38,149824.06,149824.05,18.959988,10.34317,8.540153,8.540148
1.7974057e+25,0.9344934,0.998793,310000.0,151467.4,149824.05,149824.05,18.959988,10.343506,8.540151,8.540147
1.7974057e+25,0.9186683,0.9989557,310000.0,151467.36,149824.03,149824.05,18.959988,10.343008,8.54015,8.540148
1.7974057e+25,0.9355242,0.99875385,310000.0,151467.39,149824.03,149824.05,18.959988,10.343065,8.540151,8.540148
1.7974057e+25,0.9210996,0.9991573,310000.0,151467.36,149824.06,149824.05,18.959988,10.343452,8.540152,8.540148
1.7974057e+25,0.931225,0.9993256,310000.0,151467.34,149824.05,149824.05,18.959988,10.343245,8.540151,8.540148
1.7974057e+25,0.9226244,0.99880993,310000.0,151467.39,149824.05,149824.06,18.959988,10.343491,8.540151,8.540149
1.7974057e+25,0.92880017,0.99891907,310000.0,151467.39,149824.06,149824.05,18.959988,10.343593,8.540151,8.540148
1.7974057e+25,0.9218594,0.9987341,310000.0,151467.33,149824.06,149824.05,18.959988,10.343103,8.540151,8.540147
1.7974057e+25,0.93132645,0.9988296,310000.0,151467.4,149824.05,149824.05,18.959988,10.34371,8.540151,8.540148
1.7974057e+25,0.9306386,0.99897945,310000.0,151467.4,149824.05,149824.05,18.959988,10.343641,8.540152,8.540148
1.7974057e+25,0.9337535,0.9990163,310000.0,151467.39,149824.06,149824.05,18.959988,10.343183,8.540152,8.540148
1.7974057e+25,0.9349041,0.9987036,310000.0,151467.36,149824.06,149824.03,18.959988,10.343263,8.540152,8.540149
1.7974057e+25,0.94169384,0.9987047,310000.0,151467.4,149824.05,149824.05,18.959988,10.343254,8.540152,8.540148
1.7974057e+25,0.9099546,0.9992296,310000.0,151467.45,149824.06,149824.05,18.959988,10.343884,8.540152,8.540148
1.7974057e+25,0.92427,0.99882936,310000.0,151467.38,149824.05,149824.05,18.959988,10.343134,8.540151,8.540149
1.7974057e+25,0.92273784,0.9986842,310000.0,151467.4,149824.06,149824.03,18.959988,10.343319,8.540151,8.540147
1.7974057e+25,0.9434228,0.99881107,310000.0,151467.34,149824.06,149824.06,18.959988,10.343348,8.540151,8.540149
1.7974057e+25,0.9297349,0.9987315,310000.0,151467.42,149824.03,149824.06,18.959988,10.343373,8.540151,8.540148
1.7974057e+25,0.9298198,0.99885887,310000.0,151467.34,149824.05,149824.05,18.959988,10.34329,8.540152,8.540149
1.7974057e+25,0.9322099,0.9987394,310000.0,151467.38,149824.05,149824.05,18.959988,10.343474,8.540152,8.540148
1.7974057e+25,0.93434834,0.9993385,310000.0,151467.4,149824.06,149824.05,18.959988,10.343484,8.540152,8.540149
1.7974057e+25,0.91403383,0.9988505,310000.0,151467.4,149824.05,149824.03,18.959988,10.343798,8.540151,8.540148
1.7974057e+25,0.93419087,0.99889374,310000.0,151467.4,149824.03,149824.05,18.959988,10.343355,8.540151,8.540148
1.7974057e+25,0.9258284,0.9987638,310000.0,151467.4,149824.05,149824.05,18.959988,10.343773,8.540151,8.540148
1.7974057e+25,0.9484873,0.9986824,310000.0,151467.38,149824.03,149824.06,18.959988,10.343398,8.540151,8.540148
1.7974057e+25,0.9370072,0.9991333,310000.0,151467.34,149824.05,149824.05,18.959988,10.34315,8.540152,8.540147
1.7974057e+25,0.9002443,0.9992274,310000.0,151467.4,149824.05,149824.05,18.959988,10.343531,8.540152,8.540147
1.7974057e+25,0.928442,0.99886864,310000.0,151467.34,149824.05,149824.03,18.959988,10.342944,8.540151,8.540148
1.7974057e+25,0.93438023,0.99871016,310000.0,151467.42,149824.08,149824.05,18.959988,10.343536,8.540151,8.540148
1.7974057e+25,0.93211806,0.9987781,310000.0,151467.34,149824.05,149824.03,18.959988,10.343388,8.540151,8.540148
1.7974057e+25,0.9402214,0.9987191,310000.0,151467.4,149824.05,149824.05,18.959988,10.343597,8.540152,8.540148
1.7974057e+25,0.96943676,0.998686,310000.0,151467.39,149824.03,149824.06,18.959988,10.343416,8.540151,8.540148
1.7974057e+25,0.94192547,0.9987004,310000.0,151467.39,149824.03,149824.03,18.959988,10.343543,8.540152,8.540149
1.7974057e+25,0.9194854,0.99870247,310000.0,151467.42,149824.08,149824.05,18.959988,10.343631,8.540152,8.540147
1.7974057e+25,0.9572291,0.99870545,310000.0,151467.39,149824.05,149824.05,18.959988,10.343353,8.540152,8.540147
1.7974057e+25,0.9293198,0.9992292,310000.0,151467.4,149824.05,149824.06,18.959988,10.3434725,8.540151,8.540148
1.7974057e+25,0.95161897,0.99876195,310000.0,151467.33,149824.06,149824.03,18.959988,10.342996,8.540151,8.540148
1.7974057e+25,0.9137563,0.99909383,310000.0,151467.38,149824.06,149824.05,18.959988,10.343413,8.540151,8.540149
1.7974057e+25,0.9341278,0.99881124,310000.0,151467.39,149824.05,149824.05,18.959988,10.343613,8.540151,8.540149
1.7974057e+25,0.9206523,0.9987448,310000.0,151467.45,149824.06,149824.03,18.959988,10.343618,8.540152,8.540148
1.7974057e+25,0.92505807,0.99913704,310000.0,151467.45,149824.06,149824.06,18.959988,10.343785,8.540152,8.540148
1.7974057e+25,0.9272114,0.99868244,310000.0,151467.33,149824.03,149824.08,18.959988,10.343075,8.540152,8.540147
1.7974057e+25,0.9641185,0.9987487,310000.0,151467.38,149824.06,149824.06,18.959988,10.343116,8.540152,8.540149
1.7974057e+25,0.9339332,0.99887425,310000.0,151467.42,149824.06,149824.05,18.959988,10.343487,8.540151,8.540148
1.7974057e+25,0.93742824,0.9987784,310000.0,151467.34,149824.03,149824.06,18.959988,10.343122,8.540152,8.540149
1.7974057e+25,0.92839944,0.99875206,310000.0,151467.44,149824.03,149824.05,18.959988,10.343741,8.540152,8.540148
1.7974057e+25,0.95393723,0.9987167,310000.0,151467.4,149824.05,149824.06,18.959988,10.343393,8.540152,8.540148
1.7974057e+25,0.9297292,0.9991462,310000.0,151467.38,149824.05,149824.05,18.959988,10.343434,8.540152,8.540148
1.7974057e+25,0.9288359,0.9988147,310000.0,151467.36,149824.05,149824.03,18.959988,10.343328,8.540151,8.540148
1.7974057e+25,0.93467444,0.99879557,310000.0,151467.38,149824.03,149824.03,18.959988,10.343592,8.540152,8.540148
1.7974057e+25,0.9148283,0.9992092,310000.0,151467.42,149824.05,149824.05,18.959988,10.343501,8.540152,8.540148
1.7974057e+25,0.94430804,0.9987961,310000.0,151467.38,149824.05,149824.08,18.959988,10.343207,8.540152,8.540148
1.7974057e+25,0.9234581,0.9992825,310000.0,151467.36,149824.05,149824.08,18.959988,10.343086,8.540152,8.540147
1.7974057e+25,0.9328558,0.9987347,310000.0,151467.44,149824.06,149824.05,18.959988,10.343554,8.540152,8.540147
1.7974057e+25,0.91583955,0.9987501,310000.0,151467.42,149824.06,149824.05,18.959988,10.343634,8.540151,8.540148
1.7974057e+25,0.93482083,0.9991278,310000.0,151467.39,149824.06,149824.05,18.959988,10.343369,8.540152,8.540148
1.7974057e+25,0.92523104,0.9989219,310000.0,151467.39,149824.06,149824.05,18.959988,10.3433275,8.540151,8.540147
1.7974057e+25,0.93279326,0.99870723,310000.0,151467.38,149824.06,149824.05,18.959988,10.343259,8.540152,8.540149
1.7974057e+25,0.9405908,0.9987434,310000.0,151467.4,149824.06,149824.05,18.959988,10.343297,8.540151,8.540149
1.7974057e+25,0.9378977,0.9986875,310000.0,151467.4,149824.06,149824.03,18.959988,10.343338,8.540151,8.540148
1.7974057e+25,0.9342112,0.9990248,310000.0,151467.42,149824.06,149824.06,18.959988,10.343334,8.540152,8.540148
1.7974057e+25,0.9360241,0.99881446,310000.0,151467.33,149824.06,149824.03,18.959988,10.343283,8.540151,8.540148
1.7974057e+25,0.9174426,0.9990996,310000.0,151467.39,149824.08,149824.05,18.959988,10.343646,8.540152,8.540148
1.7974057e+25,0.9233209,0.9990773,310000.0,151467.4,149824.06,149824.05,18.959988,10.343397,8.540151,8.540148
1.7974057e+25,0.9178957,0.9991545,310000.0,151467.33,149824.05,149824.05,18.959988,10.343276,8.540152,8.540148
1.7974057e+25,0.9227433,0.9989029,310000.0,151467.42,149824.03,149824.03,18.959988,10.343592,8.540151,8.540148
1.7974057e+25,0.9393509,0.99916774,310000.0,151467.39,149824.05,149824.05,18.959988,10.343502,8.540152,8.540148
1.7974057e+25,0.914523,0.9991553,310000.0,151467.42,149824.05,149824.05,18.959988,10.343585,8.540151,8.540147
1.7974057e+25,0.9436413,0.99897575,310000.0,151467.4,149824.06,149824.03,18.959988,10.343612,8.540152,8.540149
1.7974057e+25,0.93926716,0.99873483,310000.0,151467.39,149824.06,149824.05,18.959988,10.343402,8.540151,8.540147
1.7974057e+25,0.9401037,0.9987608,310000.0,151467.4,149824.05,149824.03,18.959988,10.34337,8.540151,8.540148
1.7974057e+25,0.92498815,0.99902165,310000.0,151467.39,149824.02,149824.03,18.959988,10.343336,8.540152,8.540149
1.7974057e+25,0.93187344,0.99916166,310000.0,151467.38,149824.06,149824.05,18.959988,10.343318,8.540153,8.540149
1.7974057e+25,0.9358474,0.9988463,310000.0,151467.4,149824.05,149824.05,18.959988,10.343696,8.540151,8.540149
1.7974057e+25,0.9115642,0.9991917,310000.0,151467.39,149824.06,149824.05,18.959988,10.343213,8.540153,8.540148
1.7974057e+25,0.9307424,0.99940884,310000.0,151467.42,149824.03,149824.06,18.959988,10.343463,8.540151,8.540149
1.7974057e+25,0.93800265,0.9990657,310000.0,151467.27,149824.05,149824.05,18.959988,10.343067,8.540151,8.540148
1.7974057e+25,0.9245664,0.9989375,310000.0,151467.36,149824.05,149824.05,18.959988,10.343362,8.540151,8.540149
1.7974057e+25,0.92519546,0.99898374,310000.0,151467.38,149824.05,149824.05,18.959988,10.343627,8.540151,8.540149
1.7974057e+25,0.9089121,0.9986982,310000.0,151467.34,149824.08,149824.05,18.959988,10.343107,8.540151,8.540149
1.7974057e+25,0.89406437,0.99920946,310000.0,151467.34,149824.06,149824.08,18.959988,10.343121,8.540151,8.540149
1.7974057e+25,0.89470375,0.9987389,310000.0,151467.42,149824.05,149824.06,18.959988,10.343486,8.540151,8.540148
1.7974057e+25,0.92433745,0.99875265,310000.0,151467.38,149824.05,149824.08,18.959988,10.343412,8.540151,8.54015
1.7974057e+25,0.9305517,0.99877596,310000.0,151467.4,149824.03,149824.06,18.959988,10.343407,8.540152,8.540149
1.7974057e+25,0.9357801,0.9987302,310000.0,151467.38,149824.05,149824.05,18.959988,10.342934,8.540152,8.540149
1.7974057e+25,0.93529415,0.9987822,310000.0,151467.39,149824.05,149824.06,18.959988,10.343312,8.540151,8.540148
1.7974057e+25,0.9085706,0.99901456,310000.0,151467.34,149824.08,149824.06,18.959988,10.343084,8.540151,8.54015
1.7974057e+25,0.93272984,0.99881685,310000.0,151467.36,149824.03,149824.05,18.959988,10.343437,8.540151,8.54015
1.7974057e+25,0.93101656,0.99910927,310000.0,151467.4,149824.05,149824.06,18.959988,10.343293,8.540152,8.540149
1.7974057e+25,0.9320611,0.99877787,310000.0,151467.39,149824.03,149824.06,18.959988,10.343315,8.540152,8.540149
1.7974057e+25,0.93043244,0.99879336,310000.0,151467.42,149824.05,149824.05,18.959988,10.34357,8.540151,8.540149
1.7974057e+25,0.9362921,0.998695,310000.0,151467.33,149824.06,149824.05,18.959988,10.343517,8.540151,8.540149
1.7974057e+25,0.9313461,0.99869925,310000.0,151467.38,149824.06,149824.05,18.959988,10.343156,8.54015,8.540149
1.7974057e+25,0.9343817,0.99923164,310000.0,151467.39,149824.05,149824.06,18.959988,10.3435,8.540151,8.54015
1.7974057e+25,0.92432505,0.99872,310000.0,151467.4,149824.05,149824.06,18.959988,10.343321,8.540151,8.540149
1.7974057e+25,0.9261881,0.9987987,310000.0,151467.4,149824.06,149824.08,18.959988,10.343583,8.540151,8.540149
1.7974057e+25,0.9322069,0.9987832,310000.0,151467.36,149824.06,149824.08,18.959988,10.343303,8.540151,8.540149
1.7974057e+25,0.91620886,0.9989985,310000.0,151467.36,149824.05,149824.06,18.959988,10.343419,8.540151,8.540149
1.7974057e+25,0.89633983,0.9986575,310000.0,151467.39,149824.03,149824.06,18.959988,10.343578,8.540152,8.54015
1.7974057e+25,0.9432738,0.9987553,310000.0,151467.4,149824.03,149824.05,18.959988,10.343254,8.540152,8.540149
1.7974057e+25,0.94046825,0.99867916,310000.0,151467.39,149824.08,149824.03,18.959988,10.343569,8.540152,8.540149
1.7974057e+25,0.8871683,0.99893427,310000.0,151467.36,149824.05,149824.06,18.959988,10.34339,8.540151,8.540149
1.7974057e+25,0.91618645,0.9990352,310000.0,151467.36,149824.05,149824.1,18.959988,10.343188,8.540151,8.540149
1.7974057e+25,0.93715864,0.998785,310000.0,151467.38,149824.05,149824.1,18.959988,10.343161,8.540152,8.540149
1.7974057e+25,0.89740896,0.99904597,310000.0,151467.4,149824.06,149824.03,18.959988,10.343608,8.540151,8.540149
1.7974057e+25,0.9386662,0.9988659,310000.0,151467.39,149824.05,149824.08,18.959988,10.343293,8.54015,8.540149
1.7974057e+25,0.946657,0.99871784,310000.0,151467.38,149824.08,149824.06,18.959988,10.3431835,8.540152,8.540149
1.7974057e+25,0.9437784,0.99875003,310000.0,151467.36,149824.06,149824.08,18.959988,10.343202,8.540152,8.540148
1.7974057e+25,0.9438198,0.99890435,310000.0,151467.31,149824.05,149824.08,18.959988,10.343121,8.540152,8.540149
1.7974057e+25,0.9298783,0.99880207,310000.0,151467.39,149824.03,149824.05,18.959988,10.343377,8.540151,8.540149
1.7974057e+25,0.91419446,0.99918634,310000.0,151467.44,149824.06,149824.08,18.959988,10.343436,8.540151,8.54015
1.7974057e+25,0.93592715,0.9987281,310000.0,151467.36,149824.05,149824.05,18.959988,10.343199,8.540152,8.540149
1.7974057e+25,0.93615174,0.99876344,310000.0,151467.31,149824.06,149824.06,18.959988,10.343183,8.540152,8.540149
1.7974057e+25,0.9294349,0.99879736,310000.0,151467.36,149824.08,149824.05,18.959988,10.343063,8.540151,8.54015
1.7974057e+25,0.93897575,0.9989005,310000.0,151467.39,149824.06,149824.03,18.959988,10.343581,8.540152,8.540149
1.7974057e+25,0.9402771,0.9987889,310000.0,151467.38,149824.06,149824.08,18.959988,10.343462,8.540151,8.540149
1.7974057e+25,0.9207622,0.9993051,310000.0,151467.4,149824.05,149824.05,18.959988,10.343301,8.540152,8.540149
1.7974057e+25,0.9352245,0.9987856,310000.0,151467.34,149824.06,149824.02,18.959988,10.343281,8.540152,8.540149
1.7974057e+25,0.9490447,0.9987929,310000.0,151467.42,149824.05,149824.06,18.959988,10.343678,8.540152,8.540149
1.7974057e+25,0.92349195,0.9988788,310000.0,151467.33,149824.03,149824.05,18.959988,10.343243,8.540151,8.540149
1.7974057e+25,0.9346777,0.99883413,310000.0,151467.31,149824.05,149824.05,18.959988,10.343025,8.540151,8.540149
1.7974057e+25,0.91688144,0.9987635,310000.0,151467.38,149824.06,149824.05,18.959988,10.343247,8.540152,8.540149
1.7974057e+25,0.92299706,0.99885243,310000.0,151467.42,149824.06,149824.06,18.959988,10.343574,8.540151,8.540149
1.7974057e+25,0.9208711,0.9992507,310000.0,151467.4,149824.05,149824.08,18.959988,10.343626,8.540152,8.540149
1.7974057e+25,0.9319198,0.99882686,310000.0,151467.31,149824.03,149824.05,18.959988,10.343153,8.540151,8.540149
1.7974057e+25,0.9085411,0.9992612,310000.0,151467.38,149824.03,149824.06,18.959988,10.343272,8.540151,8.540149
1.7974057e+25,0.92754376,0.99914914,310000.0,151467.4,149824.05,149824.06,18.959988,10.343465,8.540152,8.540149
1.7974057e+25,0.9418108,0.99879664,310000.0,151467.36,149824.05,149824.05,18.959988,10.343488,8.540151,8.540149
1.7974057e+25,0.9430362,0.9987712,310000.0,151467.39,149824.08,149824.06,18.959988,10.343266,8.540152,8.540149
1.7974057e+25,0.9046033,0.99878013,310000.0,151467.39,149824.06,149824.06,18.959988,10.3435335,8.540152,8.54015
1.7974057e+25,0.9352275,0.99908173,310000.0,151467.34,149824.05,149824.05,18.959988,10.343314,8.540152,8.540149
1.7974057e+25,0.9328187,0.9989657,310000.0,151467.33,149824.08,149824.08,18.959988,10.343457,8.540152,8.540149
1.7974057e+25,0.924585,0.9989089,310000.0,151467.38,149824.05,149824.05,18.959988,10.343283,8.54015,8.540149
1.7974057e+25,0.9221893,0.99884945,310000.0,151467.39,149824.06,149824.06,18.959988,10.343243,8.540152,8.540149
1.7974057e+25,0.9327306,0.9989727,310000.0,151467.36,149824.08,149824.06,18.959988,10.343506,8.540151,8.540149
1.7974057e+25,0.943492,0.99879956,310000.0,151467.39,149824.08,149824.06,18.959988,10.343374,8.540152,8.540149
1.7974057e+25,0.9424478,0.99874675,310000.0,151467.38,149824.03,149824.06,18.959988,10.343442,8.540152,8.540149
1.7974057e+25,0.88681775,0.99926037,310000.0,151467.36,149824.05,149824.05,18.959988,10.3431225,8.540152,8.54015
1.7974057e+25,0.92418957,0.9987799,310000.0,151467.4,149824.05,149824.08,18.959988,10.34351,8.54015,8.540149
1.7974057e+25,0.9257082,0.99915665,310000.0,151467.39,149824.05,149824.08,18.959988,10.343611,8.540152,8.540149
1.7974057e+25,0.9090558,0.99908304,310000.0,151467.39,149824.05,149824.06,18.959988,10.343212,8.540152,8.540149
1.7974057e+25,0.92480654,0.99880826,310000.0,151467.36,149824.06,149824.06,18.959988,10.34343,8.540152,8.540149
1.7974057e+25,0.93410814,0.9987423,310000.0,151467.39,149824.06,149824.06,18.959988,10.343467,8.540152,8.54015
1.7974057e+25,0.9331272,0.9987653,310000.0,151467.36,149824.03,149824.06,18.959988,10.343389,8.540152,8.540149
1.7974057e+25,0.9286873,0.9989984,310000.0,151467.38,149824.06,149824.06,18.959988,10.34308,8.54015,8.540149
1.7974057e+25,0.9279995,0.998998,310000.0,151467.39,149824.05,149824.06,18.959988,10.343539,8.540151,8.540149
1.7974057e+25,0.9490235,0.99876803,310000.0,151467.36,149824.03,149824.08,18.959988,10.343073,8.540152,8.540149
1.7974057e+25,0.93623513,0.998968,310000.0,151467.4,149824.05,149824.05,18.959988,10.343489,8.540151,8.540149
1.7974057e+25,0.9322226,0.9989845,310000.0,151467.4,149824.06,149824.06,18.959988,10.3436575,8.540151,8.540149
1.7974057e+25,0.93327266,0.99889815,310000.0,151467.42,149824.03,149824.05,18.959988,10.343643,8.540151,8.540149
1.7974057e+25,0.8920647,0.9992872,310000.0,151467.45,149824.05,149824.02,18.959988,10.343739,8.540152,8.540149
1.7974057e+25,0.91229796,0.99923795,310000.0,151467.36,149824.03,149824.05,18.959988,10.343274,8.540151,8.540149
1.7974057e+25,0.9343628,0.99917954,310000.0,151467.38,149824.05,149824.06,18.959988,10.343426,8.540151,8.540148
1.7974057e+25,0.94274473,0.9987764,310000.0,151467.33,149824.06,149824.06,18.959988,10.342919,8.540152,8.540149
1.7974057e+25,0.92441565,0.9988939,310000.0,151467.42,149824.05,149824.06,18.959988,10.343384,8.540151,8.540149
1.7974057e+25,0.9342442,0.99875927,310000.0,151467.38,149824.06,149824.08,18.959988,10.343263,8.540151,8.54015
1.7974057e+25,0.9462292,0.9988187,310000.0,151467.36,149824.03,149824.06,18.959988,10.343271,8.540152,8.540149
1.7974057e+25,0.92833835,0.9988311,310000.0,151467.42,149824.06,149824.08,18.959988,10.343814,8.540152,8.540149
1.7974057e+25,0.9206425,0.99924695,310000.0,151467.38,149824.05,149824.06,18.959988,10.343307,8.540152,8.540149
1.7974057e+25,0.9170958,0.998889,310000.0,151467.42,149824.05,149824.06,18.959988,10.343509,8.54015,8.540149
1.7974057e+25,0.92949665,0.99872625,310000.0,151467.39,149824.06,149824.08,18.959988,10.343331,8.540151,8.540149
1.7974057e+25,0.91741055,0.998639,310000.0,151467.38,149824.06,149824.08,18.959988,10.343539,8.540151,8.54015
1.7974057e+25,0.9257431,0.9990605,310000.0,151467.4,149824.05,149824.06,18.959988,10.343651,8.540152,8.540149
1.7974057e+25,0.93786454,0.99895823,310000.0,151467.38,149824.06,149824.08,18.959988,10.343339,8.540151,8.540149
1.7974057e+25,0.92979205,0.99878806,310000.0,151467.38,149824.03,149824.06,18.959988,10.343438,8.540152,8.540149
1.7974057e+25,0.9214557,0.9992061,310000.0,151467.36,149824.05,149824.06,18.959988,10.343305,8.540152,8.540149
1.7974057e+25,0.9287672,0.9988457,310000.0,151467.39,149824.06,149824.08,18.959988,10.343445,8.540151,8.540149
1.7974057e+25,0.94027245,0.9987994,310000.0,151467.4,149824.05,149824.06,18.959988,10.343593,8.54015,8.540149
1.7974057e+25,0.9182015,0.99917394,310000.0,151467.38,149824.06,149824.06,18.959988,10.34374,8.540152,8.540149
1.7974057e+25,0.93268204,0.9988068,310000.0,151467.38,149824.05,149824.03,18.959988,10.343281,8.540152,8.540149
1.7974057e+25,0.928748,0.99890375,310000.0,151467.36,149824.03,149824.06,18.959988,10.343718,8.540151,8.540149
1.7974057e+25,0.9345161,0.9987704,310000.0,151467.39,149824.08,149824.06,18.959988,10.343247,8.540152,8.540149
1.7974057e+25,0.92652273,0.99910057,310000.0,151467.38,149824.05,149824.06,18.959988,10.343478,8.540152,8.540149
1.7974057e+25,0.940092,0.9987604,310000.0,151467.33,149824.03,149824.06,18.959988,10.343164,8.540152,8.540149
1.7974057e+25,0.9437357,0.998816,310000.0,151467.38,149824.06,149824.06,18.959988,10.343634,8.540152,8.540149
1.7974057e+25,0.9135831,0.99925756,310000.0,151467.42,149824.06,149824.03,18.959988,10.343253,8.540151,8.540149
1.7974057e+25,0.9234965,0.99890435,310000.0,151467.33,149824.05,149824.08,18.959988,10.342989,8.540151,8.540149
1.7974057e+25,0.93803257,0.9987152,310000.0,151467.38,149824.05,149824.05,18.959988,10.3433895,8.540152,8.54015
1.7974057e+25,0.93194765,0.99875426,310000.0,151467.39,149824.06,149824.05,18.959988,10.34344,8.540151,8.540149
1.7974057e+25,0.92506224,0.999229,310000.0,151467.39,149824.06,149824.03,18.959988,10.3435955,8.540152,8.540149
1.7974057e+25,0.9379172,0.9988361,310000.0,151467.42,149824.08,149824.08,18.959988,10.343702,8.540152,8.540149
1.7974057e+25,0.9415996,0.9989683,310000.0,151467.36,149824.03,149824.06,18.959988,10.343203,8.54015,8.540149
1.7974057e+25,0.93734616,0.99921185,310000.0,151467.38,149824.05,149824.05,18.959988,10.3433,8.540152,8.540149
1.7974057e+25,0.93135625,0.9990502,310000.0,151467.34,149824.06,149824.05,18.959988,10.343323,8.540151,8.540148
1.7974057e+25,0.93670154,0.99899954,310000.0,151467.39,149824.03,149824.05,18.959988,10.343376,8.54015,8.540149
1.7974057e+25,0.9366877,0.9989338,310000.0,151467.34,149824.06,149824.03,18.959988,10.34315,8.540151,8.540149
1.7974057e+25,0.92962664,0.99887,310000.0,151467.33,149824.05,149824.05,18.959988,10.3433695,8.54015,8.540149
1.7974057e+25,0.9333931,0.99889463,310000.0,151467.39,149824.05,149824.06,18.959988,10.343586,8.540151,8.540149
1.7974057e+25,0.92763084,0.99926984,310000.0,151467.38,149824.06,149824.05,18.959988,10.34368,8.540153,8.540148
1.7974057e+25,0.9275013,0.9990078,310000.0,151467.39,149824.06,149824.03,18.959988,10.343488,8.540151,8.540149
1.7974057e+25,0.9299589,0.9992318,310000.0,151467.38,149824.06,149824.06,18.959988,10.343352,8.540151,8.540149
1.7974057e+25,0.95807713,0.99881166,310000.0,151467.33,149824.08,149824.06,18.959988,10.343161,8.540151,8.540148
1.7974057e+25,0.94358367,0.9988718,310000.0,151467.4,149824.06,149824.05,18.959988,10.343318,8.540151,8.540149
1.7974057e+25,0.9279799,0.9992704,310000.0,151467.42,149824.05,149824.06,18.959988,10.343479,8.540152,8.540149
1.7974057e+25,0.9175417,0.9988592,310000.0,151467.38,149824.03,149824.06,18.959988,10.343133,8.540152,8.540148
1.7974057e+25,0.9140536,0.99907005,310000.0,151467.4,149824.08,149824.05,18.959988,10.343563,8.540151,8.540147
1.7974057e+25,0.92188007,0.9989268,310000.0,151467.38,149824.05,149824.06,18.959988,10.343484,8.540151,8.540148
1.7974057e+25,0.91847205,0.99912786,310000.0,151467.38,149824.05,149824.06,18.959988,10.343302,8.540152,8.540146
1.7974057e+25,0.928496,0.9988452,310000.0,151467.33,149824.05,149824.06,18.959988,10.343573,8.540151,8.540148
1.7974057e+25,0.91337603,0.99930316,310000.0,151467.39,149824.06,149824.05,18.959988,10.34349,8.540152,8.540147
1.7974057e+25,0.9147033,0.99912053,310000.0,151467.38,149824.05,149824.05,18.959988,10.343365,8.540152,8.540147
1.7974057e+25,0.9417749,0.99901843,310000.0,151467.4,149824.03,149824.06,18.959988,10.343458,8.540151,8.540147
1.7974057e+25,0.91532815,0.9993139,310000.0,151467.31,149824.05,149824.05,18.959988,10.343134,8.540152,8.540147
1.7974057e+25,0.9361451,0.99887234,310000.0,151467.42,149824.05,149824.06,18.959988,10.343336,8.540151,8.540148
1.7974057e+25,0.9309282,0.99883854,310000.0,151467.4,149824.08,149824.05,18.959988,10.343421,8.540151,8.540146
1.7974057e+25,0.93925387,0.99897385,310000.0,151467.39,149824.03,149824.06,18.959988,10.343369,8.540151,8.540147
1.7974057e+25,0.9480708,0.9988076,310000.0,151467.39,149824.03,149824.05,18.959988,10.343493,8.540152,8.540147
1.7974057e+25,0.92266846,0.9992211,310000.0,151467.45,149824.05,149824.05,18.959988,10.343533,8.540151,8.540147
1.7974057e+25,0.921341,0.99880624,310000.0,151467.33,149824.08,149824.05,18.959988,10.34307,8.540151,8.540147
1.7974057e+25,0.93855023,0.9988216,310000.0,151467.36,149824.05,149824.05,18.959988,10.343293,8.540151,8.540147
1.7974057e+25,0.93796045,0.9988097,310000.0,151467.36,149824.06,149824.05,18.959988,10.34337,8.540152,8.540147
1.7974057e+25,0.92258555,0.99921644,310000.0,151467.33,149824.06,149824.06,18.959988,10.343142,8.540152,8.540147
1.7974057e+25,0.9443541,0.9988985,310000.0,151467.38,149824.05,149824.05,18.959988,10.343534,8.540151,8.540147
1.7974057e+25,0.9332881,0.99878824,310000.0,151467.39,149824.08,149824.06,18.959988,10.343328,8.540152,8.540147
1.7974057e+25,0.91411453,0.9990606,310000.0,151467.4,149824.06,149824.05,18.959988,10.343331,8.540152,8.540147
1.7974057e+25,0.9267128,0.9987729,310000.0,151467.31,149824.05,149824.06,18.959988,10.3431835,8.540152,8.540146
1.7974057e+25,0.95820075,0.9987997,310000.0,151467.4,149824.05,149824.05,18.959988,10.343648,8.540152,8.540147
1.7974057e+25,0.93582165,0.9991046,310000.0,151467.38,149824.06,149824.05,18.959988,10.343375,8.54015,8.540147
1.7974057e+25,0.9487217,0.99877787,310000.0,151467.4,149824.03,149824.06,18.959988,10.343579,8.540151,8.540147
1.7974057e+25,0.945811,0.9988272,310000.0,151467.42,149824.03,149824.05,18.959988,10.343636,8.540152,8.540148
1.7974057e+25,0.95197463,0.99880534,310000.0,151467.39,149824.03,149824.03,18.959988,10.3432665,8.540152,8.540146
1.7974057e+25,0.93163526,0.9991041,310000.0,151467.38,149824.05,149824.05,18.959988,10.3435135,8.540151,8.540147
1.7974057e+25,0.91380674,0.9990157,310000.0,151467.39,149824.05,149824.06,18.959988,10.343703,8.540151,8.540147
1.7974057e+25,0.9236762,0.99883264,310000.0,151467.39,149824.08,149824.05,18.959988,10.343548,8.540151,8.540147
1.7974057e+25,0.9217601,0.9988701,310000.0,151467.42,149824.05,149824.05,18.959988,10.343822,8.540152,8.540146
1.7974057e+25,0.9352925,0.999062,310000.0,151467.34,149824.06,149824.06,18.959988,10.343304,8.540151,8.540146
1.7974057e+25,0.92033815,0.9991597,310000.0,151467.34,149824.1,149824.05,18.959988,10.34348,8.540152,8.540148
1.7974057e+25,0.9286466,0.9990517,310000.0,151467.39,149824.05,149824.08,18.959988,10.343434,8.540151,8.540147
1.7974057e+25,0.9324829,0.99883485,310000.0,151467.34,149824.06,149824.06,18.959988,10.343138,8.540152,8.540146
1.7974057e+25,0.9217356,0.99936104,310000.0,151467.38,149824.03,149824.06,18.959988,10.34321,8.540152,8.540148
1.7974057e+25,0.94014585,0.99881977,310000.0,151467.39,149824.05,149824.05,18.959988,10.343284,8.540152,8.540147
1.7974057e+25,0.9312959,0.9993557,310000.0,151467.36,149824.06,149824.03,18.959988,10.343094,8.540151,8.540146
1.7974057e+25,0.94287133,0.9988447,310000.0,151467.39,149824.06,149824.06,18.959988,10.343464,8.540151,8.540148
1.7974057e+25,0.93391603,0.998861,310000.0,151467.38,149824.06,149824.05,18.959988,10.343108,8.540151,8.540147
1.7974057e+25,0.94245803,0.9988136,310000.0,151467.39,149824.05,149824.06,18.959988,10.343254,8.540152,8.540147
1.7974057e+25,0.930312,0.9992188,310000.0,151467.36,149824.06,149824.05,18.959988,10.343359,8.540152,8.540147
1.7974057e+25,0.9338114,0.99888754,310000.0,151467.39,149824.06,149824.06,18.959988,10.343348,8.54015,8.540148
1.7974057e+25,0.9395968,0.99881196,310000.0,151467.33,149824.05,149824.03,18.959988,10.34329,8.540152,8.540146
1.7974057e+25,0.94164234,0.99884665,310000.0,151467.33,149824.03,149824.05,18.959988,10.343354,8.540151,8.540146
1.7974057e+25,0.9282419,0.99887455,310000.0,151467.39,149824.05,149824.06,18.959988,10.343239,8.540151,8.540146
1.7974057e+25,0.93232405,0.99927986,310000.0,151467.4,149824.05,149824.05,18.959988,10.343268,8.540152,8.540147
1.7974057e+25,0.93029696,0.9989408,310000.0,151467.38,149824.03,149824.06,18.959988,10.343579,8.540151,8.540147
1.7974057e+25,0.9311168,0.99892026,310000.0,151467.31,149824.05,149824.06,18.959988,10.343554,8.540151,8.540147
1.7974057e+25,0.9483356,0.998856,310000.0,151467.39,149824.05,149824.05,18.959988,10.343324,8.540151,8.540147
1.7974057e+25,0.9284786,0.9988747,310000.0,151467.44,149824.05,149824.06,18.959988,10.343543,8.540151,8.540147
1.7974057e+25,0.93893903,0.9990835,310000.0,151467.39,149824.08,149824.06,18.959988,10.34339,8.540152,8.540147
1.7974057e+25,0.9317758,0.99903286,310000.0,151467.36,149824.05,149824.05,18.959988,10.3434925,8.54015,8.540147
1.7974057e+25,0.92323524,0.9990241,310000.0,151467.39,149824.05,149824.05,18.959988,10.343179,8.54015,8.540147
1.7974057e+25,0.94140464,0.99885905,310000.0,151467.31,149824.03,149824.08,18.959988,10.342937,8.540152,8.540148
1.7974057e+25,0.9208989,0.99904394,310000.0,151467.38,149824.05,149824.03,18.959988,10.3433275,8.540151,8.540147
1.7974057e+25,0.9254639,0.99924004,310000.0,151467.38,149824.03,149824.05,18.959988,10.343341,8.540152,8.540147
1.7974057e+25,0.9342151,0.9990327,310000.0,151467.39,149824.05,149824.05,18.959988,10.343404,8.540151,8.540147
1.7974057e+25,0.93749344,0.99884075,310000.0,151467.4,149824.03,149824.05,18.959988,10.343429,8.540151,8.540147
1.7974057e+25,0.924282,0.99898726,310000.0,151467.42,149824.05,149824.06,18.959988,10.3437805,8.54015,8.540148
1.7974057e+25,0.9357983,0.9991996,310000.0,151467.36,149824.05,149824.05,18.959988,10.343216,8.540151,8.540147
1.7974057e+25,0.94708633,0.99889755,310000.0,151467.38,149824.05,149824.05,18.959988,10.343746,8.540151,8.540147
1.7974057e+25,0.9378879,0.99889064,310000.0,151467.38,149824.06,149824.06,18.959988,10.34349,8.540152,8.540147
1.7974057e+25,0.9349991,0.99885464,310000.0,151467.4,149824.05,149824.06,18.959988,10.343611,8.540151,8.540147
1.7974057e+25,0.9271336,0.9993916,310000.0,151467.38,149824.05,149824.06,18.959988,10.343197,8.540152,8.540147
1.7974057e+25,0.93663734,0.99925953,310000.0,151467.36,149824.03,149824.05,18.959988,10.343286,8.540152,8.540147
1.7974057e+25,0.93906087,0.99879026,310000.0,151467.36,149824.06,149824.06,18.959988,10.343367,8.540151,8.540147
1.7974057e+25,0.9459162,0.99885225,310000.0,151467.39,149824.06,149824.06,18.959988,10.343551,8.540151,8.540147
1.7974057e+25,0.9217849,0.99932456,310000.0,151467.34,149824.05,149824.06,18.959988,10.343474,8.540152,8.540147
1.7974057e+25,0.9252326,0.99899364,310000.0,151467.4,149824.05,149824.06,18.959988,10.343392,8.540151,8.540147
1.7974057e+25,0.9147725,0.99921733,310000.0,151467.42,149824.06,149824.05,18.959988,10.343708,8.540152,8.540147
1.7974057e+25,0.9271375,0.99889016,310000.0,151467.4,149824.05,149824.05,18.959988,10.343559,8.540151,8.540147
1.7974057e+25,0.9458168,0.9989946,310000.0,151467.42,149824.05,149824.05,18.959988,10.343803,8.540151,8.540146
1.7974057e+25,0.92219263,0.9991267,310000.0,151467.36,149824.06,149824.06,18.959988,10.342985,8.540151,8.540147
1.7974057e+25,0.9162987,0.9992359,310000.0,151467.39,149824.08,149824.06,18.959988,10.3434105,8.540151,8.540147
1.7974057e+25,0.91113085,0.9992328,310000.0,151467.4,149824.05,149824.03,18.959988,10.343627,8.540152,8.540147
1.7974057e+25,0.92350185,0.99914455,310000.0,151467.38,149824.08,149824.06,18.959988,10.343438,8.540151,8.540147
1.7974057e+25,0.920223,0.99888784,310000.0,151467.39,149824.05,149824.03,18.959988,10.343395,8.540151,8.540146
1.7974057e+25,0.89703214,0.99924237,310000.0,151467.38,149824.06,149824.05,18.959988,10.343374,8.540151,8.540147
1.7974057e+25,0.9420576,0.99891675,310000.0,151467.38,149824.03,149824.05,18.959988,10.343757,8.540151,8.540147
1.7974057e+25,0.9314949,0.9989925,310000.0,151467.39,149824.03,149824.06,18.959988,10.343705,8.54015,8.540148
1.7974057e+25,0.92678887,0.9989197,310000.0,151467.4,149824.08,149824.05,18.959988,10.343543,8.540151,8.540147
1.7974057e+25,0.92987007,0.99903446,310000.0,151467.36,149824.05,149824.05,18.959988,10.343266,8.540152,8.540147
1.7974057e+25,0.9206484,0.9991482,310000.0,151467.4,149824.05,149824.05,18.959988,10.343863,8.540152,8.540147
1.7974057e+25,0.9261366,0.99919015,310000.0,151467.4,149824.06,149824.05,18.959988,10.343499,8.540151,8.540147
1.7974057e+25,0.916887,0.99893606,310000.0,151467.4,149824.06,149824.05,18.959988,10.343422,8.540151,8.540147
1.7974057e+25,0.9403127,0.9990542,310000.0,151467.4,149824.06,149824.05,18.959988,10.343715,8.540151,8.540147
1.7974057e+25,0.9379907,0.99915904,310000.0,151467.38,149824.05,149824.05,18.959988,10.343284,8.540152,8.540147
1.7974057e+25,0.9441284,0.999092,310000.0,151467.39,149824.05,149824.06,18.959988,10.343816,8.540152,8.540148
1.7974057e+25,0.9422747,0.9990975,310000.0,151467.34,149824.08,149824.06,18.959988,10.343313,8.540151,8.540147
1.7974057e+25,0.93243206,0.99897665,310000.0,151467.38,149824.03,149824.06,18.959988,10.343329,8.540151,8.540148
1.7974057e+25,0.9268962,0.9992455,310000.0,151467.4,149824.05,149824.06,18.959988,10.343588,8.540151,8.540148
1.7974057e+25,0.93988526,0.99881923,310000.0,151467.4,149824.06,149824.05,18.959988,10.343542,8.540152,8.540146
1.7974057e+25,0.9337651,0.9990811,310000.0,151467.42,149824.06,149824.05,18.959988,10.343755,8.540152,8.540147
1.7974057e+25,0.9263973,0.99885285,310000.0,151467.34,149824.06,149824.05,18.959988,10.343083,8.540151,8.540148
1.7974057e+25,0.9101342,0.999357,310000.0,151467.4,149824.05,149824.05,18.959988,10.3433485,8.540151,8.540146
1.7974057e+25,0.9310057,0.9992266,310000.0,151467.39,149824.05,149824.05,18.959988,10.343726,8.540152,8.540147
1.7974057e+25,0.94091046,0.9991997,310000.0,151467.38,149824.05,149824.05,18.959988,10.343229,8.540151,8.540147
1.7974057e+25,0.92302704,0.9989529,310000.0,151467.38,149824.05,149824.06,18.959988,10.343639,8.540151,8.540147
1.7974057e+25,0.9534068,0.9993861,310000.0,151467.34,149824.06,149824.05,18.959988,10.343214,8.540151,8.540147
1.7974057e+25,0.937009,0.9989229,310000.0,151467.38,149824.05,149824.06,18.959988,10.343396,8.54015,8.540147
1.7974057e+25,0.9128345,0.9993113,310000.0,151467.39,149824.05,149824.05,18.959988,10.34335,8.540152,8.540147
1.7974057e+25,0.93599784,0.99881023,310000.0,151467.36,149824.05,149824.06,18.959988,10.343352,8.540152,8.540147
1.7974057e+25,0.9382488,0.9991988,310000.0,151467.38,149824.05,149824.06,18.959988,10.3433485,8.540152,8.540147
1.7974057e+25,0.93619096,0.9990351,310000.0,151467.42,149824.06,149824.05,18.959988,10.343595,8.540152,8.540147
1.7974057e+25,0.94487196,0.9988346,310000.0,151467.39,149824.05,149824.06,18.959988,10.34298,8.540151,8.540147
1.7974057e+25,0.9387638,0.9990796,310000.0,151467.42,149824.08,149824.05,18.959988,10.343787,8.540152,8.540146
1.7974057e+25,0.9339033,0.9993752,310000.0,151467.38,149824.06,149824.05,18.959988,10.343521,8.540152,8.540147
1.7974057e+25,0.9367471,0.99891055,310000.0,151467.39,149824.06,149824.06,18.959988,10.343275,8.540151,8.540148
1.7974057e+25,0.94534445,0.9988537,310000.0,151467.39,149824.03,149824.06,18.959988,10.343497,8.540152,8.540147
1.7974057e+25,0.93831176,0.99882936,310000.0,151467.4,149824.06,149824.06,18.959988,10.343386,8.540152,8.540147
1.7974057e+25,0.9302026,0.99906325,310000.0,151467.38,149824.06,149824.06,18.959988,10.343281,8.540151,8.540146
1.7974057e+25,0.91090214,0.9989749,310000.0,151467.34,149824.05,149824.06,18.959988,10.343396,8.540152,8.540152
1.7974057e+25,0.9202353,0.99892855,310000.0,151467.44,149824.06,149824.06,18.959988,10.343623,8.540151,8.540153
1.7974057e+25,0.91428906,0.9989434,310000.0,151467.34,149824.03,149824.05,18.959988,10.343569,8.540151,8.540153
1.7974057e+25,0.90762854,0.9991865,310000.0,151467.38,149824.06,149824.06,18.959988,10.343193,8.540151,8.540152
1.7974057e+25,0.9261627,0.9989934,310000.0,151467.31,149824.03,149824.05,18.959988,10.343189,8.540151,8.540153
1.7974057e+25,0.92514676,0.9988991,310000.0,151467.38,149824.03,149824.05,18.959988,10.343339,8.540152,8.540152
1.7974057e+25,0.900084,0.9988157,310000.0,151467.36,149824.08,149824.05,18.959988,10.343023,8.540152,8.540152
1.7974057e+25,0.8924157,0.9989873,310000.0,151467.36,149824.05,149824.06,18.959988,10.3431015,8.540151,8.540152
1.7974057e+25,0.91255885,0.99900055,310000.0,151467.36,149824.05,149824.05,18.959988,10.343296,8.540151,8.540153
1.7974057e+25,0.92390245,0.99886394,310000.0,151467.39,149824.06,149824.03,18.959988,10.343511,8.540152,8.540152
1.7974057e+25,0.9403858,0.9989386,310000.0,151467.34,149824.05,149824.03,18.959988,10.34323,8.540151,8.540152
1.7974057e+25,0.9354667,0.9988854,310000.0,151467.36,149824.06,149824.06,18.959988,10.343219,8.540152,8.540153
1.7974057e+25,0.9218259,0.99897224,310000.0,151467.4,149824.03,149824.05,18.959988,10.343531,8.540152,8.540153
1.7974057e+25,0.90332603,0.99915403,310000.0,151467.4,149824.05,149824.06,18.959988,10.343483,8.540151,8.540153
1.7974057e+25,0.9116284,0.999347,310000.0,151467.36,149824.06,149824.05,18.959988,10.343526,8.540152,8.540152
1.7974057e+25,0.9323489,0.9992663,310000.0,151467.4,149824.03,149824.05,18.959988,10.343643,8.540151,8.540152
1.7974057e+25,0.93110955,0.9992106,310000.0,151467.34,149824.06,149824.06,18.959988,10.343462,8.540151,8.540153
1.7974057e+25,0.9432663,0.9989036,310000.0,151467.38,149824.06,149824.06,18.959988,10.343331,8.540152,8.540153
1.7974057e+25,0.93000233,0.99899924,310000.0,151467.39,149824.05,149824.06,18.959988,10.34332,8.540151,8.540151
1.7974057e+25,0.93119514,0.9993376,310000.0,151467.34,149824.05,149824.05,18.959988,10.343471,8.540151,8.540153
1.7974057e+25,0.90880466,0.9992544,310000.0,151467.38,149824.03,149824.08,18.959988,10.343253,8.540151,8.540153
1.7974057e+25,0.9375759,0.9991232,310000.0,151467.4,149824.05,149824.03,18.959988,10.343502,8.540151,8.540152
1.7974057e+25,0.8984826,0.9993688,310000.0,151467.34,149824.05,149824.05,18.959988,10.343216,8.540151,8.540153
1.7974057e+25,0.9281343,0.9993528,310000.0,151467.42,149824.08,149824.08,18.959988,10.343552,8.540151,8.540153
1.7974057e+25,0.941705,0.99931854,310000.0,151467.39,149824.05,149824.05,18.959988,10.343402,8.540151,8.5401535
1.7974057e+25,0.93425125,0.9990309,310000.0,151467.4,149824.05,149824.06,18.959988,10.343777,8.540151,8.540152
1.7974057e+25,0.9264019,0.9989686,310000.0,151467.44,149824.06,149824.06,18.959988,10.343731,8.54015,8.540153
1.7974057e+25,0.93979245,0.9989024,310000.0,151467.38,149824.05,149824.06,18.959988,10.343041,8.540151,8.540153
1.7974057e+25,0.9287245,0.9991816,310000.0,151467.34,149824.05,149824.05,18.959988,10.34291,8.540152,8.540153
1.7974057e+25,0.9310003,0.9990635,310000.0,151467.4,149824.05,149824.06,18.959988,10.343865,8.540151,8.540152
1.7974057e+25,0.93838644,0.99918354,310000.0,151467.38,149824.08,149824.06,18.959988,10.343095,8.540151,8.5401535
1.7974057e+25,0.9326028,0.99906015,310000.0,151467.4,149824.06,149824.06,18.959988,10.343496,8.540151,8.540153
1.7974057e+25,0.9391367,0.9991195,310000.0,151467.4,149824.03,149824.06,18.959988,10.34358,8.540151,8.540153
1.7974057e+25,0.9350033,0.9989532,310000.0,151467.38,149824.08,149824.05,18.959988,10.343524,8.540152,8.540153
1.7974057e+25,0.9501577,0.9989966,310000.0,151467.38,149824.05,149824.06,18.959988,10.343295,8.540152,8.540153
1.7974057e+25,0.926705,0.9993157,310000.0,151467.34,149824.06,149824.05,18.959988,10.343391,8.540153,8.540153
1.7974057e+25,0.9463919,0.9989317,310000.0,151467.39,149824.08,149824.05,18.959988,10.343264,8.540152,8.540153
1.7974057e+25,0.9427619,0.9991202,310000.0,151467.4,149824.06,149824.06,18.959988,10.343415,8.540152,8.540153
1.7974057e+25,0.95024747,0.9989086,310000.0,151467.38,149824.06,149824.06,18.959988,10.343321,8.540151,8.540153
1.7974057e+25,0.9315089,0.9989178,310000.0,151467.39,149824.03,149824.03,18.959988,10.343292,8.540152,8.540153
1.7974057e+25,0.93618673,0.99925774,310000.0,151467.4,149824.05,149824.05,18.959988,10.343266,8.540151,8.540153
1.7974057e+25,0.93768626,0.9989919,310000.0,151467.4,149824.06,149824.08,18.959988,10.3434515,8.540151,8.540153
1.7974057e+25,0.9228158,0.9991144,310000.0,151467.42,149824.05,149824.05,18.959988,10.343744,8.540151,8.540152
1.7974057e+25,0.94236434,0.99888796,310000.0,151467.38,149824.05,149824.05,18.959988,10.343155,8.540152,8.540152
1.7974057e+25,0.94811594,0.99883837,310000.0,151467.44,149824.06,149824.03,18.959988,10.343604,8.540152,8.540153
1.7974057e+25,0.94230634,0.9989135,310000.0,151467.39,149824.05,149824.06,18.959988,10.343397,8.540152,8.540153
1.7974057e+25,0.92374235,0.9989129,310000.0,151467.4,149824.06,149824.05,18.959988,10.343497,8.540152,8.540153
1.7974057e+25,0.93734294,0.9989339,310000.0,151467.38,149824.05,149824.06,18.959988,10.343233,8.540152,8.540153
1.7974057e+25,0.9492604,0.998966,310000.0,151467.39,149824.05,149824.08,18.959988,10.343503,8.540152,8.540153
1.7974057e+25,0.92538345,0.99896806,310000.0,151467.39,149824.05,149824.06,18.959988,10.343542,8.540152,8.5401535
1.7974057e+25,0.922292,0.9994201,310000.0,151467.34,149824.06,149824.06,18.959988,10.343235,8.540153,8.540152
1.7974057e+25,0.92191845,0.9991017,310000.0,151467.39,149824.05,149824.05,18.959988,10.343361,8.540151,8.540152
1.7974057e+25,0.9286657,0.9989586,310000.0,151467.34,149824.06,149824.05,18.959988,10.343296,8.540152,8.540153
1.7974057e+25,0.9188661,0.9991311,310000.0,151467.44,149824.05,149824.05,18.959988,10.343588,8.540151,8.540152
1.7974057e+25,0.95153046,0.99932456,310000.0,151467.39,149824.03,149824.03,18.959988,10.3434725,8.540152,8.540152
1.7974057e+25,0.93947077,0.99929476,310000.0,151467.42,149824.05,149824.05,18.959988,10.343508,8.540152,8.540153
1.7974057e+25,0.92922187,0.99930835,310000.0,151467.39,149824.05,149824.05,18.959988,10.3432665,8.540151,8.540153
1.7974057e+25,0.94025874,0.9989294,310000.0,151467.39,149824.06,149824.05,18.959988,10.343322,8.540151,8.540153
1.7974057e+25,0.9465628,0.9989666,310000.0,151467.38,149824.05,149824.08,18.959988,10.3433895,8.540152,8.540153
1.7974057e+25,0.945192,0.9988725,310000.0,151467.39,149824.05,149824.05,18.959988,10.343398,8.540152,8.540153
1.7974057e+25,0.9488009,0.99898857,310000.0,151467.39,149824.05,149824.05,18.959988,10.343465,8.540152,8.540152
1.7974057e+25,0.9402346,0.99884224,310000.0,151467.39,149824.03,149824.06,18.959988,10.343536,8.540152,8.540153
1.7974057e+25,0.9452713,0.9989162,310000.0,151467.42,149824.06,149824.08,18.959988,10.343723,8.540152,8.5401535
1.7974057e+25,0.9428215,0.99890894,310000.0,151467.36,149824.06,149824.05,18.959988,10.3435755,8.540151,8.540153
1.7974057e+25,0.95759547,0.99886245,310000.0,151467.38,149824.05,149824.05,18.959988,10.343422,8.540152,8.540152
1.7974057e+25,0.9274497,0.9992718,310000.0,151467.42,149824.05,149824.05,18.959988,10.343326,8.540153,8.540153
1.7974057e+25,0.92665386,0.9991995,310000.0,151467.36,149824.08,149824.06,18.959988,10.343356,8.540151,8.540152
1.7974057e+25,0.942858,0.99885863,310000.0,151467.4,149824.08,149824.05,18.959988,10.343398,8.540151,8.540153
1.7974057e+25,0.9273133,0.99937034,310000.0,151467.33,149824.05,149824.05,18.959988,10.343071,8.540152,8.540152
1.7974057e+25,0.92866343,0.9993244,310000.0,151467.38,149824.05,149824.08,18.959988,10.343205,8.540153,8.5401535
1.7974057e+25,0.9472201,0.99889773,310000.0,151467.36,149824.03,149824.06,18.959988,10.343341,8.540152,8.540153
1.7974057e+25,0.9275022,0.9995023,310000.0,151467.4,149824.03,149824.03,18.959988,10.343204,8.540152,8.540153
1.7974057e+25,0.93471956,0.9989191,310000.0,151467.38,149824.05,149824.06,18.959988,10.343646,8.540151,8.5401535
1.7974057e+25,0.920787,0.9989583,310000.0,151467.38,149824.05,149824.06,18.959988,10.343196,8.540151,8.540153
1.7974057e+25,0.93725896,0.99905574,310000.0,151467.39,149824.06,149824.03,18.959988,10.343455,8.540152,8.540153
1.7974057e+25,0.9315341,0.99904954,310000.0,151467.39,149824.05,149824.06,18.959988,10.343064,8.540151,8.540153
1.7974057e+25,0.93399864,0.9990538,310000.0,151467.38,149824.05,149824.05,18.959988,10.343289,8.540151,8.540152
1.7974057e+25,0.951514,0.9988933,310000.0,151467.39,149824.05,149824.06,18.959988,10.3433895,8.540152,8.540153
1.7974057e+25,0.9276449,0.99918985,310000.0,151467.4,149824.05,149824.05,18.959988,10.343608,8.540151,8.540152
1.7974057e+25,0.93506646,0.9992452,310000.0,151467.36,149824.05,149824.05,18.959988,10.343268,8.540152,8.540152
1.7974057e+25,0.9431053,0.99896115,310000.0,151467.44,149824.05,149824.05,18.959988,10.343563,8.540151,8.540153
1.7974057e+25,0.94954693,0.998916,310000.0,151467.36,149824.05,149824.06,18.959988,10.343562,8.540152,8.540152
1.7974057e+25,0.9225555,0.9993243,310000.0,151467.36,149824.05,149824.05,18.959988,10.343557,8.540152,8.540152
1.7974057e+25,0.9301048,0.999155,310000.0,151467.36,149824.08,149824.05,18.959988,10.343306,8.540152,8.540153
1.7974057e+25,0.9305692,0.9993362,310000.0,151467.38,149824.06,149824.05,18.959988,10.343237,8.540153,8.540152
1.7974057e+25,0.9380802,0.9989771,310000.0,151467.31,149824.06,149824.05,18.959988,10.343278,8.540152,8.5401535
1.7974057e+25,0.9307086,0.9989925,310000.0,151467.36,149824.06,149824.05,18.959988,10.343361,8.540151,8.540152
1.7974057e+25,0.9356148,0.99931186,310000.0,151467.38,149824.08,149824.08,18.959988,10.343167,8.540151,8.540152
1.7974057e+25,0.92266685,0.9989599,310000.0,151467.34,149824.06,149824.08,18.959988,10.343181,8.540151,8.540153
1.7974057e+25,0.91486144,0.9993738,310000.0,151467.38,149824.06,149824.05,18.959988,10.343389,8.540152,8.540153
1.7974057e+25,0.91783714,0.99923605,310000.0,151467.38,149824.08,149824.03,18.959988,10.343385,8.540152,8.540153
1.7974057e+25,0.9355523,0.99905175,310000.0,151467.36,149824.05,149824.06,18.959988,10.343519,8.540152,8.5401535
1.7974057e+25,0.9244792,0.99891144,310000.0,151467.4,149824.05,149824.06,18.959988,10.343329,8.540151,8.540153
1.7974057e+25,0.92770654,0.9991193,310000.0,151467.31,149824.1,149824.05,18.959988,10.343228,8.540152,8.540152
1.7974057e+25,0.92242223,0.99933726,310000.0,151467.39,149824.05,149824.05,18.959988,10.343419,8.540152,8.540152
1.7974057e+25,0.92795414,0.9989172,310000.0,151467.4,149824.06,149824.05,18.959988,10.343618,8.540152,8.540153
1.7974057e+25,0.95088184,0.9989817,310000.0,151467.38,149824.05,149824.05,18.959988,10.343638,8.540151,8.540152
1.7974057e+25,0.9480974,0.99890494,310000.0,151467.4,149824.05,149824.05,18.959988,10.343423,8.540151,8.540153
1.7974057e+25,0.92744356,0.99890625,310000.0,151467.36,149824.05,149824.06,18.959988,10.343091,8.540152,8.540153
1.7974057e+25,0.92160326,0.9991057,310000.0,151467.34,149824.03,149824.05,18.959988,10.3431425,8.540152,8.540152
1.7974057e+25,0.93355304,0.99924517,310000.0,151467.44,149824.06,149824.06,18.959988,10.3437,8.540152,8.540152
1.7974057e+25,0.9353285,0.99928045,310000.0,151467.4,149824.05,149824.05,18.959988,10.343585,8.540152,8.5401535
1.7974057e+25,0.9373599,0.99924684,310000.0,151467.39,149824.06,149824.06,18.959988,10.343456,8.540152,8.540152
1.7974057e+25,0.9215275,0.99900925,310000.0,151467.36,149824.05,149824.05,18.959988,10.343441,8.540151,8.540148
1.7974057e+25,0.92067516,0.99893343,310000.0,151467.34,149824.06,149824.05,18.959988,10.3432045,8.540151,8.540148
1.7974057e+25,0.9236593,0.9990504,310000.0,151467.39,149824.05,149824.05,18.959988,10.343229,8.540151,8.540149
1.7974057e+25,0.922025,0.99896747,310000.0,151467.38,149824.06,149824.06,18.959988,10.343608,8.540151,8.540149
1.7974057e+25,0.9125656,0.99938464,310000.0,151467.36,149824.05,149824.06,18.959988,10.343189,8.540151,8.540148
1.7974057e+25,0.8934818,0.9990306,310000.0,151467.38,149824.06,149824.05,18.959988,10.343818,8.540151,8.540149
1.7974057e+25,0.91471916,0.99897707,310000.0,151467.36,149824.05,149824.05,18.959988,10.343553,8.540151,8.540149
1.7974057e+25,0.92173356,0.9990501,310000.0,151467.38,149824.03,149824.05,18.959988,10.343136,8.54015,8.540149
1.7974057e+25,0.9197946,0.9991033,310000.0,151467.38,149824.05,149824.03,18.959988,10.343425,8.54015,8.540149
1.7974057e+25,0.92690957,0.999156,310000.0,151467.39,149824.06,149824.05,18.959988,10.343334,8.540152,8.540149
1.7974057e+25,0.93752086,0.9989795,310000.0,151467.39,149824.03,149824.05,18.959988,10.343622,8.540151,8.540148
1.7974057e+25,0.93479526,0.9988235,310000.0,151467.34,149824.06,149824.03,18.959988,10.343333,8.540151,8.540149
1.7974057e+25,0.928084,0.9989021,310000.0,151467.34,149824.06,149824.06,18.959988,10.343219,8.540152,8.540148
1.7974057e+25,0.93918914,0.9991212,310000.0,151467.39,149824.05,149824.06,18.959988,10.343164,8.540152,8.54015
1.7974057e+25,0.9342018,0.9993357,310000.0,151467.42,149824.08,149824.05,18.959988,10.3434515,8.540151,8.540148
1.7974057e+25,0.93908876,0.9990924,310000.0,151467.39,149824.05,149824.06,18.959988,10.343401,8.540151,8.540149
1.7974057e+25,0.9390052,0.9990067,310000.0,151467.38,149824.06,149824.05,18.959988,10.343468,8.540151,8.540149
1.7974057e+25,0.9273654,0.9989598,310000.0,151467.38,149824.06,149824.03,18.959988,10.343231,8.540151,8.540149
1.7974057e+25,0.9430932,0.9990754,310000.0,151467.4,149824.05,149824.05,18.959988,10.34359,8.540151,8.540149
1.7974057e+25,0.94435775,0.9988517,310000.0,151467.44,149824.05,149824.05,18.959988,10.343623,8.540152,8.540149
1.7974057e+25,0.93856883,0.99899834,310000.0,151467.34,149824.03,149824.06,18.959988,10.343111,8.540151,8.540149
1.7974057e+25,0.92498434,0.9992829,310000.0,151467.36,149824.06,149824.05,18.959988,10.343568,8.540152,8.540149
1.7974057e+25,0.949797,0.99895406,310000.0,151467.34,149824.06,149824.05,18.959988,10.343325,8.540152,8.540148
1.7974057e+25,0.939937,0.99886113,310000.0,151467.4,149824.05,149824.05,18.959988,10.343477,8.540152,8.540149
1.7974057e+25,0.95552593,0.9989056,310000.0,151467.4,149824.08,149824.06,18.959988,10.343774,8.540152,8.540149
1.7974057e+25,0.9293453,0.99898726,310000.0,151467.39,149824.05,149824.08,18.959988,10.343502,8.540152,8.540149
1.7974057e+25,0.93391573,0.99915385,310000.0,151467.42,149824.03,149824.05,18.959988,10.343338,8.54015,8.540149
1.7974057e+25,0.9481857,0.99913245,310000.0,151467.4,149824.05,149824.06,18.959988,10.34357,8.540151,8.540149
1.7974057e+25,0.93970513,0.9988872,310000.0,151467.39,149824.06,149824.05,18.959988,10.343301,8.540151,8.540149
1.7974057e+25,0.94516355,0.9989491,310000.0,151467.38,149824.05,149824.05,18.959988,10.343263,8.540151,8.540149
1.7974057e+25,0.95795256,0.99933416,310000.0,151467.38,149824.05,149824.06,18.959988,10.343726,8.540151,8.540149
1.7974057e+25,0.9355915,0.99889266,310000.0,151467.34,149824.05,149824.05,18.959988,10.343405,8.540151,8.540149
1.7974057e+25,0.95013446,0.9989124,310000.0,151467.44,149824.03,149824.06,18.959988,10.3435755,8.540152,8.540149
1.7974057e+25,0.938574,0.99925774,310000.0,151467.42,149824.06,149824.05,18.959988,10.343471,8.540151,8.540149
1.7974057e+25,0.9377697,0.9993468,310000.0,151467.39,149824.05,149824.05,18.959988,10.343408,8.540151,8.540148
1.7974057e+25,0.94677395,0.99898833,310000.0,151467.36,149824.03,149824.05,18.959988,10.343077,8.540151,8.540149
1.7974057e+25,0.9321934,0.9993277,310000.0,151467.34,149824.06,149824.05,18.959988,10.343179,8.540152,8.540149
1.7974057e+25,0.9402061,0.99891794,310000.0,151467.4,149824.05,149824.05,18.959988,10.343449,8.540151,8.540148
1.7974057e+25,0.94009084,0.9993021,310000.0,151467.45,149824.06,149824.05,18.959988,10.343668,8.540152,8.540148
1.7974057e+25,0.9370253,0.9993191,310000.0,151467.4,149824.05,149824.1,18.959988,10.343663,8.540151,8.54015
1.7974057e+25,0.9559561,0.9989239,310000.0,151467.36,149824.03,149824.06,18.959988,10.34319,8.540152,8.540149
1.7974057e+25,0.93868405,0.99888366,310000.0,151467.42,149824.05,149824.06,18.959988,10.34369,8.540151,8.540149
1.7974057e+25,0.943126,0.99894047,310000.0,151467.39,149824.06,149824.05,18.959988,10.34347,8.540152,8.540149
1.7974057e+25,0.9311683,0.9993672,310000.0,151467.39,149824.05,149824.05,18.959988,10.343234,8.540152,8.540149
1.7974057e+25,0.92470163,0.9993859,310000.0,151467.38,149824.06,149824.03,18.959988,10.343463,8.540151,8.540149
1.7974057e+25,0.9315812,0.9988966,310000.0,151467.4,149824.05,149824.05,18.959988,10.343295,8.540151,8.540149
1.7974057e+25,0.955338,0.9988892,310000.0,151467.39,149824.03,149824.05,18.959988,10.343517,8.540152,8.540149
1.7974057e+25,0.94203955,0.99910164,310000.0,151467.4,149824.03,149824.06,18.959988,10.343569,8.540151,8.540148
1.7974057e+25,0.92587686,0.99912655,310000.0,151467.42,149824.1,149824.06,18.959988,10.343655,8.540151,8.540149
1.7974057e+25,0.9285348,0.99897903,310000.0,151467.38,149824.05,149824.05,18.959988,10.343528,8.540151,8.540148
1.7974057e+25,0.9399349,0.9993649,310000.0,151467.39,149824.06,149824.03,18.959988,10.343454,8.540151,8.540148
1.7974057e+25,0.94263715,0.9988186,310000.0,151467.38,149824.03,149824.06,18.959988,10.343465,8.540151,8.540149
1.7974057e+25,0.9373694,0.9988914,310000.0,151467.39,149824.05,149824.05,18.959988,10.34342,8.540151,8.540148
1.7974057e+25,0.94726163,0.9988809,310000.0,151467.34,149824.05,149824.06,18.959988,10.343081,8.540152,8.540149
1.7974057e+25,0.9399826,0.99893177,310000.0,151467.4,149824.06,149824.03,18.959988,10.343737,8.540152,8.540148
1.7974057e+25,0.95046365,0.9991427,310000.0,151467.39,149824.05,149824.06,18.959988,10.343649,8.540151,8.540149
1.7974057e+25,0.9257656,0.99910647,310000.0,151467.38,149824.1,149824.05,18.959988,10.343741,8.540152,8.540147
1.7974057e+25,0.9426254,0.9989435,310000.0,151467.42,149824.06,149824.05,18.959988,10.343528,8.540151,8.540148
1.7974057e+25,0.92545027,0.9992189,310000.0,151467.36,149824.08,149824.05,18.959988,10.343358,8.540152,8.540148
1.7974057e+25,0.9430651,0.99911886,310000.0,151467.36,149824.03,149824.05,18.959988,10.343182,8.540151,8.540148
1.7974057e+25,0.9423819,0.99939406,310000.0,151467.38,149824.05,149824.05,18.959988,10.343102,8.540151,8.540149
1.7974057e+25,0.9373876,0.99895996,310000.0,151467.36,149824.03,149824.06,18.959988,10.343568,8.54015,8.540149
1.7974057e+25,0.9473737,0.99900913,310000.0,151467.36,149824.05,149824.05,18.959988,10.34339,8.540151,8.540149
1.7974057e+25,0.94805783,0.9988684,310000.0,151467.36,149824.06,149824.06,18.959988,10.343404,8.540151,8.540148
1.7974057e+25,0.93374974,0.9988946,310000.0,151467.45,149824.03,149824.05,18.959988,10.343799,8.540151,8.540149
1.7974057e+25,0.9494721,0.9988461,310000.0,151467.38,149824.02,149824.05,18.959988,10.343123,8.540151,8.540149
1.7974057e+25,0.95957214,0.9989147,310000.0,151467.33,149824.06,149824.08,18.959988,10.343164,8.540152,8.540149
1.7974057e+25,0.9544438,0.99879855,310000.0,151467.4,149824.06,149824.05,18.959988,10.343389,8.540152,8.540148
1.7974057e+25,0.94357413,0.99887055,310000.0,151467.39,149824.06,149824.05,18.959988,10.34324,8.540151,8.540148
1.7974057e+25,0.9328655,0.998958,310000.0,151467.38,149824.06,149824.05,18.959988,10.343223,8.540152,8.540149
1.7974057e+25,0.94781524,0.9989989,310000.0,151467.36,149824.08,149824.03,18.959988,10.343253,8.540151,8.540149
1.7974057e+25,0.94568914,0.9989964,310000.0,151467.31,149824.06,149824.06,18.959988,10.343186,8.540152,8.540148
1.7974057e+25,0.948365,0.9988389,310000.0,151467.36,149824.03,149824.05,18.959988,10.343306,8.540152,8.540149
1.7974057e+25,0.9110042,0.99900365,310000.0,151467.4,149824.05,149824.06,18.959988,10.343497,8.540151,8.540148
1.7974057e+25,0.9328485,0.9988763,310000.0,151467.38,149824.06,149824.05,18.959988,10.343105,8.540152,8.540149
1.7974057e+25,0.93710184,0.99930644,310000.0,151467.4,149824.05,149824.05,18.959988,10.343728,8.540152,8.540148
1.7974057e+25,0.94471806,0.9989183,310000.0,151467.42,149824.06,149824.03,18.959988,10.343561,8.540151,8.540148
1.7974057e+25,0.92852694,0.99925166,310000.0,151467.36,149824.05,149824.05,18.959988,10.3433485,8.540151,8.540148
1.7974057e+25,0.93645424,0.99888045,310000.0,151467.38,149824.06,149824.06,18.959988,10.343215,8.540152,8.540149
1.7974057e+25,0.93409574,0.9993113,310000.0,151467.39,149824.05,149824.06,18.959988,10.343289,8.540152,8.540149
1.7974057e+25,0.9399869,0.9990303,310000.0,151467.4,149824.05,149824.05,18.959988,10.343578,8.540151,8.540149
1.7974057e+25,0.94620216,0.9990615,310000.0,151467.38,149824.05,149824.05,18.959988,10.3432,8.540151,8.540149
1.7974057e+25,0.9321172,0.99897975,310000.0,151467.4,149824.05,149824.06,18.959988,10.343745,8.54015,8.54015
1.7974057e+25,0.94672245,0.9988894,310000.0,151467.33,149824.05,149824.05,18.959988,10.343226,8.540151,8.540148
1.7974057e+25,0.93433344,0.99933714,310000.0,151467.4,149824.05,149824.03,18.959988,10.343426,8.540152,8.540149
1.7974057e+25,0.9376231,0.99933475,310000.0,151467.4,149824.06,149824.05,18.959988,10.343408,8.540152,8.540149
1.7974057e+25,0.9274196,0.9993933,310000.0,151467.4,149824.06,149824.05,18.959988,10.343524,8.540152,8.540148
1.7974057e+25,0.932457,0.9988548,310000.0,151467.38,149824.05,149824.06,18.959988,10.343238,8.540152,8.540148
1.7974057e+25,0.93432283,0.99902666,310000.0,151467.4,149824.03,149824.08,18.959988,10.343656,8.540151,8.540148
1.7974057e+25,0.9392654,0.9988733,310000.0,151467.39,149824.03,149824.06,18.959988,10.343455,8.540151,8.540148
1.7974057e+25,0.9371058,0.9990379,310000.0,151467.38,149824.05,149824.05,18.959988,10.343496,8.540151,8.540148
1.7974057e+25,0.9421766,0.9990867,310000.0,151467.38,149824.05,149824.05,18.959988,10.343354,8.540151,8.540149
1.7974057e+25,0.9405528,0.99889165,310000.0,151467.34,149824.03,149824.05,18.959988,10.343519,8.540152,8.540149
1.7974057e+25,0.9202667,0.9991807,310000.0,151467.39,149824.1,149824.06,18.959988,10.343562,8.540152,8.540149
1.7974057e+25,0.9230514,0.99899274,310000.0,151467.39,149824.05,149824.06,18.959988,10.343332,8.540151,8.540149
1.7974057e+25,0.9470255,0.99882686,310000.0,151467.39,149824.08,149824.03,18.959988,10.343261,8.540152,8.540148
1.7974057e+25,0.93552244,0.9988144,310000.0,151467.38,149824.03,149824.05,18.959988,10.343204,8.540152,8.540149
1.7974057e+25,0.94504625,0.9988451,310000.0,151467.38,149824.05,149824.05,18.959988,10.343123,8.540151,8.540149
1.7974057e+25,0.9398712,0.99894845,310000.0,151467.42,149824.06,149824.05,18.959988,10.343612,8.540152,8.540148
1.7974057e+25,0.9447303,0.9987806,310000.0,151467.34,149824.06,149824.05,18.959988,10.343229,8.540151,8.540149
1.7974057e+25,0.936521,0.998991,310000.0,151467.3,149824.05,149824.03,18.959988,10.343078,8.540151,8.540148
1.7974057e+25,0.94635993,0.9989208,310000.0,151467.36,149824.05,149824.08,18.959988,10.343226,8.54015,8.540149
1.7974057e+25,0.95546365,0.9993735,310000.0,151467.36,149824.06,149824.05,18.959988,10.343345,8.540152,8.540148
1.7974057e+25,0.9387317,0.99896467,310000.0,151467.31,149824.06,149824.06,18.959988,10.3432455,8.540152,8.540149
1.7974057e+25,0.94815844,0.99894255,310000.0,151467.36,149824.03,149824.03,18.959988,10.343542,8.540152,8.540149
1.7974057e+25,0.93870765,0.9989198,310000.0,151467.36,149824.05,149824.05,18.959988,10.343573,8.540152,8.540149
1.7974057e+25,0.9404942,0.9992047,310000.0,151467.38,149824.06,149824.05,18.959988,10.343405,8.540152,8.540149
1.7974057e+25,0.94575495,0.99907947,310000.0,151467.4,149824.05,149824.05,18.959988,10.34351,8.540152,8.540149
1.7974057e+25,0.9352719,0.99917275,310000.0,151467.34,149824.08,149824.05,18.959988,10.3435755,8.540152,8.540149
1.7974057e+25,0.9452076,0.9987878,310000.0,151467.42,149824.08,149824.03,18.959988,10.343489,8.540151,8.540148
1.7974057e+25,0.9113821,0.9993351,310000.0,151467.38,149824.05,149824.06,18.959988,10.343566,8.540151,8.540149
1.7974057e+25,0.9343499,0.99900633,310000.0,151467.38,149824.06,149824.06,18.959988,10.343227,8.540151,8.540149
1.7974057e+25,0.9341557,0.99935925,310000.0,151467.39,149824.03,149824.06,18.959988,10.343402,8.540151,8.540149
1.7974057e+25,0.93873215,0.9988191,310000.0,151467.38,149824.06,149824.05,18.959988,10.34348,8.540151,8.54015
1.7974057e+25,0.9417415,0.9993965,310000.0,151467.4,149824.03,149824.06,18.959988,10.343296,8.540151,8.540149
1.7974057e+25,0.94492,0.9988688,310000.0,151467.38,149824.06,149824.05,18.959988,10.343322,8.540152,8.540149
1.7974057e+25,0.929366,0.9989443,310000.0,151467.38,149824.06,149824.06,18.959988,10.343362,8.540151,8.540149
1.7974057e+25,0.9394966,0.9993897,310000.0,151467.36,149824.03,149824.06,18.959988,10.343237,8.540151,8.540149
1.7974057e+25,0.9412029,0.99884313,310000.0,151467.38,149824.03,149824.08,18.959988,10.3434,8.540151,8.540149
1.7974057e+25,0.9402958,0.9989593,310000.0,151467.31,149824.05,149824.05,18.959988,10.343472,8.540151,8.540149
1.7974057e+25,0.95010656,0.998838,310000.0,151467.44,149824.05,149824.05,18.959988,10.343657,8.540152,8.540149
1.7974057e+25,0.93166757,0.99912286,310000.0,151467.39,149824.05,149824.05,18.959988,10.3435,8.540152,8.540149
1.7974057e+25,0.9394847,0.99885166,310000.0,151467.3,149824.03,149824.08,18.959988,10.343135,8.540152,8.54015
1.7974057e+25,0.943328,0.99889666,310000.0,151467.4,149824.03,149824.06,18.959988,10.343608,8.540151,8.540148
1.7974057e+25,0.9506245,0.9988389,310000.0,151467.36,149824.08,149824.03,18.959988,10.343099,8.540152,8.540148
1.7974057e+25,0.9289547,0.9993173,310000.0,151467.33,149824.06,149824.08,18.959988,10.343261,8.540152,8.540149
1.7974057e+25,0.93955,0.99936754,310000.0,151467.36,149824.05,149824.08,18.959988,10.34314,8.540152,8.540149
1.7974057e+25,0.9352705,0.9988867,310000.0,151467.38,149824.08,149824.06,18.959988,10.343313,8.540152,8.540149
1.7974057e+25,0.9090614,0.9994798,310000.0,151467.36,149824.05,149824.05,18.959988,10.34344,8.540152,8.540149
1.7974057e+25,0.93185264,0.9990443,310000.0,151467.39,149824.06,149824.05,18.959988,10.343419,8.540151,8.54015
1.7974057e+25,0.93522304,0.99893004,310000.0,151467.38,149824.06,149824.05,18.959988,10.343189,8.540152,8.540151
1.7974057e+25,0.9386464,0.99896187,310000.0,151467.39,149824.06,149824.08,18.959988,10.343513,8.540152,8.540149
1.7974057e+25,0.9235458,0.99896836,310000.0,151467.39,149824.03,149824.08,18.959988,10.343283,8.540152,8.54015
1.7974057e+25,0.93481684,0.9992109,310000.0,151467.38,149824.08,149824.06,18.959988,10.34325,8.540151,8.540149
1.7974057e+25,0.9273428,0.99893445,310000.0,151467.38,149824.06,149824.06,18.959988,10.3435135,8.540151,8.54015
1.7974057e+25,0.89904,0.9993531,310000.0,151467.38,149824.06,149824.06,18.959988,10.343416,8.540151,8.540149
1.7974057e+25,0.94306886,0.9989517,310000.0,151467.42,149824.05,149824.03,18.959988,10.343658,8.540152,8.54015
1.7974057e+25,0.95000815,0.99917847,310000.0,151467.39,149824.08,149824.08,18.959988,10.343466,8.540152,8.54015
1.7974057e+25,0.9460978,0.99897766,310000.0,151467.33,149824.05,149824.05,18.959988,10.343418,8.540152,8.54015
1.7974057e+25,0.9402849,0.9992427,310000.0,151467.38,149824.05,149824.06,18.959988,10.343682,8.540152,8.540149
1.7974057e+25,0.95174766,0.9993029,310000.0,151467.42,149824.05,149824.05,18.959988,10.343592,8.540151,8.540149
1.7974057e+25,0.9368816,0.99904597,310000.0,151467.39,149824.06,149824.06,18.959988,10.343222,8.540151,8.54015
1.7974057e+25,0.9335472,0.99936515,310000.0,151467.34,149824.05,149824.05,18.959988,10.3433075,8.540151,8.540149
1.7974057e+25,0.9602684,0.9988982,310000.0,151467.34,149824.03,149824.05,18.959988,10.343463,8.540151,8.540149
1.7974057e+25,0.942252,0.9989749,310000.0,151467.39,149824.05,149824.06,18.959988,10.343265,8.540151,8.540149
1.7974057e+25,0.9432108,0.99907035,310000.0,151467.36,149824.03,149824.08,18.959988,10.343012,8.54015,8.540149
1.7974057e+25,0.9517227,0.9991019,310000.0,151467.33,149824.05,149824.05,18.959988,10.34306,8.540152,8.540149
1.7974057e+25,0.93512625,0.9994603,310000.0,151467.4,149824.08,149824.06,18.959988,10.343449,8.540152,8.54015
1.7974057e+25,0.9277702,0.99942416,310000.0,151467.34,149824.05,149824.05,18.959988,10.343357,8.540151,8.540149
1.7974057e+25,0.95052177,0.99897116,310000.0,151467.39,149824.06,149824.08,18.959988,10.343254,8.540151,8.540149
1.7974057e+25,0.93839395,0.99918187,310000.0,151467.39,149824.08,149824.03,18.959988,10.343356,8.540152,8.540149
1.7974057e+25,0.94136316,0.99891,310000.0,151467.34,149824.06,149824.06,18.959988,10.343158,8.540151,8.540149
1.7974057e+25,0.93219024,0.9994334,310000.0,151467.4,149824.05,149824.06,18.959988,10.343475,8.540151,8.540149
1.7974057e+25,0.9409189,0.99929744,310000.0,151467.3,149824.06,149824.06,18.959988,10.3431015,8.540152,8.540149
1.7974057e+25,0.9392655,0.99925816,310000.0,151467.36,149824.06,149824.06,18.959988,10.343554,8.540152,8.540149
1.7974057e+25,0.93296844,0.99931383,310000.0,151467.4,149824.05,149824.05,18.959988,10.343408,8.540152,8.54015
1.7974057e+25,0.94753915,0.9990529,310000.0,151467.38,149824.06,149824.06,18.959988,10.343568,8.540152,8.54015
1.7974057e+25,0.9436805,0.99928147,310000.0,151467.39,149824.06,149824.03,18.959988,10.343165,8.540151,8.540149
1.7974057e+25,0.9462287,0.9990122,310000.0,151467.44,149824.05,149824.08,18.959988,10.343798,8.540151,8.54015
1.7974057e+25,0.9428856,0.99908435,310000.0,151467.39,149824.05,149824.05,18.959988,10.343591,8.540151,8.54015
1.7974057e+25,0.93302256,0.99933964,310000.0,151467.42,149824.05,149824.08,18.959988,10.343626,8.540153,8.54015
1.7974057e+25,0.9322449,0.99904096,310000.0,151467.42,149824.05,149824.08,18.959988,10.343773,8.540151,8.54015
1.7974057e+25,0.9362748,0.99939513,310000.0,151467.33,149824.06,149824.06,18.959988,10.343156,8.540151,8.540149
1.7974057e+25,0.9430637,0.99894595,310000.0,151467.4,149824.05,149824.06,18.959988,10.3433485,8.540151,8.54015
1.7974057e+25,0.94405496,0.9990694,310000.0,151467.36,149824.05,149824.05,18.959988,10.343087,8.54015,8.540149
1.7974057e+25,0.9387012,0.9989611,310000.0,151467.38,149824.06,149824.06,18.959988,10.343464,8.540151,8.54015
1.7974057e+25,0.95032763,0.9989146,310000.0,151467.36,149824.08,149824.05,18.959988,10.343075,8.540151,8.540149
1.7974057e+25,0.94523627,0.99916893,310000.0,151467.36,149824.06,149824.05,18.959988,10.343288,8.540151,8.540149
1.7974057e+25,0.9468713,0.9989684,310000.0,151467.39,149824.06,149824.05,18.959988,10.343412,8.540152,8.540149
1.7974057e+25,0.94352806,0.9993818,310000.0,151467.39,149824.05,149824.06,18.959988,10.343398,8.540151,8.54015
1.7974057e+25,0.9542973,0.99895394,310000.0,151467.38,149824.05,149824.05,18.959988,10.343277,8.540151,8.540149
1.7974057e+25,0.9525019,0.99890167,310000.0,151467.4,149824.06,149824.06,18.959988,10.343456,8.540151,8.540149
1.7974057e+25,0.9489815,0.9988704,310000.0,151467.38,149824.06,149824.03,18.959988,10.343273,8.540152,8.54015
1.7974057e+25,0.9554926,0.9989161,310000.0,151467.34,149824.03,149824.05,18.959988,10.343191,8.540152,8.540148
1.7974057e+25,0.95446485,0.9991387,310000.0,151467.4,149824.08,149824.05,18.959988,10.343555,8.540151,8.540149
1.7974057e+25,0.9417488,0.9988855,310000.0,151467.39,149824.06,149824.06,18.959988,10.34339,8.540151,8.540149
1.7974057e+25,0.9334871,0.9993941,310000.0,151467.36,149824.05,149824.03,18.959988,10.343648,8.540152,8.540149
1.7974057e+25,0.9471027,0.99894655,310000.0,151467.33,149824.03,149824.08,18.959988,10.343185,8.540152,8.540149
1.7974057e+25,0.9526654,0.99926335,310000.0,151467.36,149824.05,149824.05,18.959988,10.343574,8.540151,8.540149
1.7974057e+25,0.9357407,0.9988576,310000.0,151467.39,149824.05,149824.06,18.959988,10.343136,8.540151,8.540149
1.7974057e+25,0.94672674,0.999231,310000.0,151467.38,149824.05,149824.06,18.959988,10.343459,8.540152,8.54015
1.7974057e+25,0.9466669,0.9989436,310000.0,151467.36,149824.03,149824.05,18.959988,10.343448,8.540152,8.540149
1.7974057e+25,0.94497347,0.9988802,310000.0,151467.34,149824.05,149824.08,18.959988,10.343193,8.540152,8.540149
1.7974057e+25,0.9529411,0.9988887,310000.0,151467.36,149824.05,149824.06,18.959988,10.343589,8.540152,8.54015
1.7974057e+25,0.93938696,0.99890095,310000.0,151467.36,149824.05,149824.05,18.959988,10.343675,8.540151,8.540149
1.7974057e+25,0.9456584,0.999131,310000.0,151467.36,149824.05,149824.06,18.959988,10.343333,8.540151,8.54015
1.7974057e+25,0.95305675,0.998933,310000.0,151467.39,149824.05,149824.06,18.959988,10.343397,8.540151,8.540149
1.7974057e+25,0.9420735,0.99928117,310000.0,151467.39,149824.05,149824.06,18.959988,10.343594,8.540152,8.540149
1.7974057e+25,0.9467961,0.9989416,310000.0,151467.36,149824.06,149824.05,18.959988,10.343498,8.540151,8.54015
1.7974057e+25,0.9398535,0.9989066,310000.0,151467.36,149824.06,149824.06,18.959988,10.343285,8.540151,8.540149
1.7974057e+25,0.9362858,0.99899167,310000.0,151467.38,149824.05,149824.06,18.959988,10.343365,8.540152,8.54015
1.7974057e+25,0.94326663,0.9989113,310000.0,151467.44,149824.06,149824.05,18.959988,10.343831,8.540151,8.54015
1.7974057e+25,0.95063084,0.9991189,310000.0,151467.39,149824.05,149824.06,18.959988,10.343794,8.540151,8.540149
1.7974057e+25,0.95021445,0.99894935,310000.0,151467.39,149824.05,149824.03,18.959988,10.343692,8.540152,8.540149
1.7974057e+25,0.94576347,0.9989077,310000.0,151467.39,149824.06,149824.05,18.959988,10.343533,8.540151,8.540149
1.7974057e+25,0.9313391,0.9989973,310000.0,151467.31,149824.06,149824.06,18.959988,10.343183,8.540151,8.54015
1.7974057e+25,0.9404683,0.9989655,310000.0,151467.39,149824.05,149824.06,18.959988,10.343082,8.540151,8.540149
1.7974057e+25,0.9388483,0.9990394,310000.0,151467.38,149824.05,149824.06,18.959988,10.343687,8.540151,8.540149
1.7974057e+25,0.94892263,0.99896693,310000.0,151467.4,149824.05,149824.06,18.959988,10.343303,8.540152,8.540149
1.7974057e+25,0.94482964,0.9989521,310000.0,151467.42,149824.06,149824.06,18.959988,10.3435755,8.540152,8.540149
1.7974057e+25,0.945062,0.99885917,310000.0,151467.38,149824.05,149824.06,18.959988,10.3432665,8.540151,8.540149
1.7974057e+25,0.9410193,0.99895984,310000.0,151467.4,149824.05,149824.05,18.959988,10.34343,8.540151,8.540149
1.7974057e+25,0.9377011,0.9992133,310000.0,151467.39,149824.05,149824.06,18.959988,10.3433895,8.540151,8.540149
1.7974057e+25,0.922546,0.9993928,310000.0,151467.4,149824.05,149824.06,18.959988,10.343646,8.540152,8.540149
1.7974057e+25,0.94922537,0.99891657,310000.0,151467.36,149824.03,149824.06,18.959988,10.343292,8.540152,8.54015
1.7974057e+25,0.9370621,0.9991155,310000.0,151467.39,149824.05,149824.06,18.959988,10.343447,8.540151,8.54015
1.7974057e+25,0.9446161,0.9988949,310000.0,151467.39,149824.06,149824.06,18.959988,10.343426,8.540151,8.540149
1.7974057e+25,0.9311355,0.99892026,310000.0,151467.42,149824.06,149824.05,18.959988,10.343596,8.540152,8.54015
1.7974057e+25,0.94560814,0.9992327,310000.0,151467.33,149824.05,149824.06,18.959988,10.3431015,8.540152,8.54015
1.7974057e+25,0.9423429,0.9990436,310000.0,151467.34,149824.05,149824.08,18.959988,10.3434725,8.54015,8.540151
1.7974057e+25,0.91648614,0.9993316,310000.0,151467.36,149824.06,149824.08,18.959988,10.343177,8.540152,8.540149
1.7974057e+25,0.95063984,0.9988898,310000.0,151467.42,149824.05,149824.05,18.959988,10.343693,8.540152,8.540148
1.7974057e+25,0.9306749,0.99929786,310000.0,151467.39,149824.05,149824.05,18.959988,10.343587,8.540152,8.540149
1.7974057e+25,0.9039012,0.99946105,310000.0,151467.4,149824.05,149824.03,18.959988,10.343338,8.540151,8.540149
1.7974057e+25,0.93061787,0.9990815,310000.0,151467.31,149824.05,149824.03,18.959988,10.343207,8.540151,8.54015
1.7974057e+25,0.943768,0.9987996,310000.0,151467.4,149824.05,149824.06,18.959988,10.343409,8.540152,8.54015
1.7974057e+25,0.9448611,0.9988534,310000.0,151467.38,149824.03,149824.06,18.959988,10.343363,8.540152,8.540149
1.7974057e+25,0.9271329,0.9994178,310000.0,151467.39,149824.05,149824.05,18.959988,10.343336,8.540151,8.54015
1.7974057e+25,0.9427778,0.9989053,310000.0,151467.4,149824.06,149824.05,18.959988,10.343789,8.540151,8.54015
1.7974057e+25,0.9493979,0.9989483,310000.0,151467.42,149824.06,149824.06,18.959988,10.343533,8.540151,8.54015
1.7974057e+25,0.9295041,0.99890876,310000.0,151467.42,149824.03,149824.08,18.959988,10.343678,8.540152,8.54015
1.7974057e+25,0.93940663,0.9989254,310000.0,151467.4,149824.06,149824.06,18.959988,10.343455,8.540151,8.54015
1.7974057e+25,0.9376103,0.99927247,310000.0,151467.38,149824.08,149824.06,18.959988,10.343309,8.540152,8.540149
1.7974057e+25,0.927067,0.9994459,310000.0,151467.42,149824.05,149824.03,18.959988,10.343617,8.540151,8.54015
1.7974057e+25,0.95567924,0.999035,310000.0,151467.4,149824.06,149824.06,18.959988,10.343614,8.540152,8.540149
1.7974057e+25,0.948078,0.99927527,310000.0,151467.38,149824.06,149824.05,18.959988,10.343395,8.540151,8.54015
1.7974057e+25,0.9453455,0.99908537,310000.0,151467.33,149824.06,149824.06,18.959988,10.34323,8.540151,8.540149
1.7974057e+25,0.94772106,0.9988469,310000.0,151467.39,149824.03,149824.05,18.959988,10.343342,8.540151,8.540149
1.7974057e+25,0.9355926,0.999381,310000.0,151467.38,149824.05,149824.06,18.959988,10.34309,8.540151,8.54015
1.7974057e+25,0.92824596,0.9991078,310000.0,151467.39,149824.06,149824.06,18.959988,10.343635,8.540151,8.540149
1.7974057e+25,0.9372715,0.9989061,310000.0,151467.38,149824.06,149824.08,18.959988,10.343137,8.540152,8.540149
1.7974057e+25,0.9431986,0.99893636,310000.0,151467.38,149824.06,149824.05,18.959988,10.343492,8.540151,8.540149
1.7974057e+25,0.9401591,0.99891955,310000.0,151467.39,149824.03,149824.06,18.959988,10.343219,8.540152,8.540149
1.7974057e+25,0.9474443,0.99904555,310000.0,151467.34,149824.05,149824.06,18.959988,10.343299,8.54015,8.54015
1.7974057e+25,0.9586736,0.9990046,310000.0,151467.4,149824.05,149824.06,18.959988,10.343532,8.540152,8.540149
1.7974057e+25,0.9569888,0.99898696,310000.0,151467.4,149824.03,149824.06,18.959988,10.343603,8.540151,8.540149
1.7974057e+25,0.94211197,0.99901146,310000.0,151467.4,149824.06,149824.06,18.959988,10.343573,8.540152,8.54015
1.7974057e+25,0.9236978,0.9994387,310000.0,151467.39,149824.05,149824.08,18.959988,10.343461,8.540152,8.54015
1.7974057e+25,0.9389784,0.9989204,310000.0,151467.36,149824.05,149824.05,18.959988,10.34337,8.540151,8.54015
1.7974057e+25,0.9389552,0.99886894,310000.0,151467.36,149824.05,149824.05,18.959988,10.343497,8.540152,8.540149
1.7974057e+25,0.93665725,0.9990779,310000.0,151467.38,149824.05,149824.05,18.959988,10.34321,8.54015,8.540149
1.7974057e+25,0.9373566,0.99892485,310000.0,151467.38,149824.03,149824.05,18.959988,10.343534,8.540152,8.540149
1.7974057e+25,0.8998551,0.99929893,310000.0,151467.39,149824.05,149824.05,18.959988,10.343377,8.540152,8.540149
1.7974057e+25,0.9219495,0.9989382,310000.0,151467.39,149824.05,149824.06,18.959988,10.343354,8.540151,8.54015
1.7974057e+25,0.9265876,0.9988509,310000.0,151467.38,149824.05,149824.08,18.959988,10.343074,8.540152,8.54015
1.7974057e+25,0.9128604,0.99929357,310000.0,151467.38,149824.05,149824.05,18.959988,10.343412,8.540152,8.54015
1.7974057e+25,0.9291188,0.9991617,310000.0,151467.42,149824.06,149824.06,18.959988,10.343774,8.540151,8.54015
1.7974057e+25,0.9188035,0.99935514,310000.0,151467.36,149824.06,149824.03,18.959988,10.343446,8.540151,8.540149
1.7974057e+25,0.93229896,0.9993574,310000.0,151467.42,149824.05,149824.06,18.959988,10.343788,8.540151,8.540149
1.7974057e+25,0.92513496,0.99935883,310000.0,151467.34,149824.06,149824.05,18.959988,10.343752,8.540151,8.54015
1.7974057e+25,0.9296117,0.99938184,310000.0,151467.42,149824.05,149824.06,18.959988,10.343607,8.540152,8.54015
1.7974057e+25,0.9336958,0.9988091,310000.0,151467.4,149824.06,149824.06,18.959988,10.34337,8.540151,8.540149
1.7974057e+25,0.9443856,0.9990502,310000.0,151467.34,149824.06,149824.05,18.959988,10.343309,8.540151,8.540149
1.7974057e+25,0.9382911,0.9988881,310000.0,151467.4,149824.05,149824.05,18.959988,10.343511,8.540151,8.54015
1.7974057e+25,0.9365466,0.99938273,310000.0,151467.39,149824.06,149824.06,18.959988,10.34348,8.540153,8.540149
1.7974057e+25,0.92618954,0.9989583,310000.0,151467.31,149824.05,149824.05,18.959988,10.342989,8.540151,8.54015
1.7974057e+25,0.94085586,0.99922186,310000.0,151467.44,149824.08,149824.03,18.959988,10.34359,8.540151,8.54015
1.7974057e+25,0.9371316,0.99907744,310000.0,151467.42,149824.06,149824.05,18.959988,10.343552,8.540152,8.540149
1.7974057e+25,0.9486081,0.9988722,310000.0,151467.4,149824.03,149824.05,18.959988,10.343546,8.540151,8.540149
1.7974057e+25,0.9565834,0.99893266,310000.0,151467.39,149824.08,149824.05,18.959988,10.343411,8.540152,8.540149
1.7974057e+25,0.9466094,0.9990109,310000.0,151467.42,149824.05,149824.06,18.959988,10.3435755,8.540151,8.540149
1.7974057e+25,0.9339787,0.99905217,310000.0,151467.39,149824.05,149824.05,18.959988,10.343528,8.540151,8.54015
1.7974057e+25,0.9278882,0.99935144,310000.0,151467.38,149824.06,149824.06,18.959988,10.343274,8.540151,8.540149
1.7974057e+25,0.9376264,0.9991189,310000.0,151467.33,149824.05,149824.05,18.959988,10.34324,8.540151,8.540149
1.7974057e+25,0.91471463,0.99940205,310000.0,151467.3,149824.06,149824.05,18.959988,10.343255,8.540151,8.540149
1.7974057e+25,0.93566394,0.99906564,310000.0,151467.36,149824.06,149824.06,18.959988,10.343192,8.540151,8.540149
1.7974057e+25,0.9441854,0.9991605,310000.0,151467.36,149824.05,149824.03,18.959988,10.343315,8.540152,8.540149
1.7974057e+25,0.9502008,0.99892145,310000.0,151467.34,149824.03,149824.06,18.959988,10.342974,8.540152,8.54015
1.7974057e+25,0.93755066,0.9989906,310000.0,151467.39,149824.05,149824.03,18.959988,10.343255,8.540151,8.54015
1.7974057e+25,0.9336669,0.99907744,310000.0,151467.4,149824.05,149824.05,18.959988,10.343804,8.540151,8.54015
1.7974057e+25,0.9439879,0.9992484,310000.0,151467.34,149824.05,149824.05,18.959988,10.343202,8.540152,8.54015
1.7974057e+25,0.92981315,0.99885356,310000.0,151467.34,149824.03,149824.05,18.959988,10.343506,8.540151,8.540149
1.7974057e+25,0.93321407,0.99901533,310000.0,151467.4,149824.05,149824.03,18.959988,10.343711,8.540151,8.54015
1.7974057e+25,0.9492078,0.9989013,310000.0,151467.36,149824.05,149824.06,18.959988,10.343141,8.540152,8.54015
1.7974057e+25,0.95131856,0.9988821,310000.0,151467.39,149824.05,149824.05,18.959988,10.34357,8.540151,8.54015
1.7974057e+25,0.93787783,0.9989233,310000.0,151467.36,149824.03,149824.06,18.959988,10.34345,8.540152,8.540149
1.7974057e+25,0.94345987,0.99926436,310000.0,151467.36,149824.03,149824.03,18.959988,10.343497,8.540151,8.54015
1.7974057e+25,0.93575865,0.9991377,310000.0,151467.39,149824.05,149824.06,18.959988,10.343304,8.540151,8.540149
1.7974057e+25,0.931736,0.9989268,310000.0,151467.36,149824.08,149824.05,18.959988,10.343702,8.540151,8.54015
1.7974057e+25,0.9379093,0.9992509,310000.0,151467.36,149824.06,149824.05,18.959988,10.343282,8.540152,8.540149
1.7974057e+25,0.93756574,0.999195,310000.0,151467.42,149824.05,149824.05,18.959988,10.343407,8.540152,8.54015
1.7974057e+25,0.9344366,0.99915123,310000.0,151467.39,149824.05,149824.05,18.959988,10.343282,8.540151,8.540149
1.7974057e+25,0.9281105,0.9993423,310000.0,151467.36,149824.06,149824.06,18.959988,10.343225,8.540152,8.54015
1.7974057e+25,0.9332873,0.9989358,310000.0,151467.33,149824.08,149824.03,18.959988,10.34368,8.540151,8.54015
1.7974057e+25,0.9317134,0.9994783,310000.0,151467.42,149824.05,149824.03,18.959988,10.343474,8.540151,8.54015
1.7974057e+25,0.9426638,0.9990431,310000.0,151467.39,149824.05,149824.05,18.959988,10.343532,8.540151,8.54015
1.7974057e+25,0.9315068,0.99902606,310000.0,151467.38,149824.05,149824.05,18.959988,10.343477,8.54015,8.54015
1.7974057e+25,0.9439812,0.9988338,310000.0,151467.39,149824.06,149824.05,18.959988,10.343382,8.540151,8.54015
1.7974057e+25,0.94005597,0.9989177,310000.0,151467.4,149824.06,149824.05,18.959988,10.343409,8.540152,8.54015
1.7974057e+25,0.94676834,0.99913585,310000.0,151467.39,149824.03,149824.06,18.959988,10.343175,8.540151,8.54015
1.7974057e+25,0.94808257,0.9990454,310000.0,151467.42,149824.05,149824.03,18.959988,10.343585,8.540152,8.54015
1.7974057e+25,0.9379404,0.9989283,310000.0,151467.4,149824.03,149824.06,18.959988,10.34368,8.540151,8.54015
1.7974057e+25,0.94065374,0.999032,310000.0,151467.4,149824.06,149824.05,18.959988,10.343424,8.540152,8.540149
1.7974057e+25,0.93184936,0.9990753,310000.0,151467.36,149824.03,149824.05,18.959988,10.3434725,8.54015,8.54015
1.7974057e+25,0.9306671,0.99890095,310000.0,151467.33,149824.05,149824.05,18.959988,10.342972,8.540152,8.54015
1.7974057e+25,0.9463917,0.9988899,310000.0,151467.4,149824.03,149824.05,18.959988,10.343318,8.540151,8.54015
1.7974057e+25,0.9290197,0.9988854,310000.0,151467.39,149824.03,149824.03,18.959988,10.343681,8.540152,8.54015
1.7974057e+25,0.9452578,0.9989,310000.0,151467.39,149824.05,149824.03,18.959988,10.343384,8.540151,8.54015
1.7974057e+25,0.9379743,0.99887466,310000.0,151467.44,149824.05,149824.06,18.959988,10.343496,8.540152,8.540149
1.7974057e+25,0.93581474,0.99921143,310000.0,151467.38,149824.06,149824.05,18.959988,10.343266,8.540152,8.54015
1.7974057e+25,0.9316437,0.99910533,310000.0,151467.34,149824.05,149824.05,18.959988,10.343285,8.540151,8.54015
1.7974057e+25,0.93432486,0.9990833,310000.0,151467.39,149824.05,149824.05,18.959988,10.343698,8.540151,8.540149
1.7974057e+25,0.95295393,0.99884766,310000.0,151467.36,149824.05,149824.03,18.959988,10.343287,8.540152,8.54015
1.7974057e+25,0.94652206,0.9989072,310000.0,151467.36,149824.06,149824.03,18.959988,10.343362,8.540151,8.54015
1.7974057e+25,0.9427613,0.99891114,310000.0,151467.4,149824.06,149824.03,18.959988,10.343439,8.540151,8.540149
1.7974057e+25,0.9352188,0.9990474,310000.0,151467.39,149824.06,149824.05,18.959988,10.343499,8.540151,8.540149
1.7974057e+25,0.9436592,0.99936056,310000.0,151467.36,149824.05,149824.05,18.959988,10.343378,8.540152,8.54015
1.7974057e+25,0.9502533,0.9989804,310000.0,151467.39,149824.06,149824.06,18.959988,10.34342,8.540152,8.54015
1.7974057e+25,0.943218,0.9988663,310000.0,151467.38,149824.05,149824.05,18.959988,10.343486,8.540152,8.540149
1.7974057e+25,0.94438183,0.9994609,310000.0,151467.39,149824.06,149824.03,18.959988,10.343347,8.540152,8.540149
1.7974057e+25,0.93953496,0.9990211,310000.0,151467.33,149824.05,149824.03,18.959988,10.343186,8.540151,8.540149
1.7974057e+25,0.922754,0.99915,310000.0,151467.39,149824.05,149824.05,18.959988,10.343346,8.540152,8.54015
1.7974057e+25,0.9464847,0.9989248,310000.0,151467.4,149824.05,149824.03,18.959988,10.343372,8.540152,8.54015
1.7974057e+25,0.94467217,0.9989708,310000.0,151467.4,149824.06,149824.05,18.959988,10.343502,8.540151,8.540149
1.7974057e+25,0.9474332,0.9990163,310000.0,151467.38,149824.05,149824.05,18.959988,10.343469,8.540151,8.540149
1.7974057e+25,0.94234514,0.9989578,310000.0,151467.39,149824.05,149824.05,18.959988,10.343463,8.540152,8.54015
1.7974057e+25,0.93495804,0.9994228,310000.0,151467.36,149824.05,149824.05,18.959988,10.343191,8.540152,8.54015
1.7974057e+25,0.93859386,0.99906796,310000.0,151467.38,149824.05,149824.03,18.959988,10.343299,8.540151,8.54015
1.7974057e+25,0.93787354,0.9990487,310000.0,151467.42,149824.03,149824.03,18.959988,10.34359,8.540151,8.540149
1.7974057e+25,0.951632,0.9989727,310000.0,151467.39,149824.05,149824.05,18.959988,10.343309,8.540152,8.54015
1.7974057e+25,0.95678836,0.9989309,310000.0,151467.33,149824.05,149824.05,18.959988,10.34318,8.540151,8.54015
1.7974057e+25,0.9456072,0.9989987,310000.0,151467.4,149824.05,149824.06,18.959988,10.343518,8.540151,8.54015
1.7974057e+25,0.934751,0.9990711,310000.0,151467.34,149824.03,149824.05,18.959988,10.342991,8.540151,8.540149
1.7974057e+25,0.93281597,0.99885345,310000.0,151467.31,149824.08,149824.03,18.959988,10.342999,8.540152,8.540149
1.7974057e+25,0.9409081,0.99896526,310000.0,151467.4,149824.05,149824.08,18.959988,10.343563,8.540151,8.540149
1.7974057e+25,0.9430842,0.9990207,310000.0,151467.38,149824.05,149824.05,18.959988,10.343436,8.540151,8.54015
1.7974057e+25,0.9374123,0.9993133,310000.0,151467.36,149824.05,149824.03,18.959988,10.343456,8.540151,8.54015
1.7974057e+25,0.946095,0.99891955,310000.0,151467.4,149824.05,149824.05,18.959988,10.343536,8.540152,8.540149
1.7974057e+25,0.9373468,0.99899566,310000.0,151467.36,149824.05,149824.05,18.959988,10.343546,8.540151,8.540149
1.7974057e+25,0.93282694,0.9990012,310000.0,151467.4,149824.06,149824.05,18.959988,10.343699,8.540151,8.54015
1.7974057e+25,0.93950135,0.99904853,310000.0,151467.39,149824.05,149824.05,18.959988,10.343589,8.540151,8.54015
1.7974057e+25,0.95206493,0.99889535,310000.0,151467.39,149824.08,149824.03,18.959988,10.343563,8.540151,8.54015
1.7974057e+25,0.9510796,0.99886805,310000.0,151467.36,149824.05,149824.06,18.959988,10.34322,8.540152,8.540149
1.7974057e+25,0.94756323,0.9989445,310000.0,151467.39,149824.06,149824.05,18.959988,10.34345,8.540151,8.540149
1.7974057e+25,0.9335932,0.9989241,310000.0,151467.42,149824.06,149824.05,18.959988,10.343523,8.540151,8.54015
1.7974057e+25,0.93145883,0.9993588,310000.0,151467.39,149824.03,149824.05,18.959988,10.343475,8.540151,8.540149
1.7974057e+25,0.9270828,0.99906987,310000.0,151467.38,149824.06,149824.02,18.959988,10.343061,8.54015,8.54015
1.7974057e+25,0.9332828,0.99896103,310000.0,151467.38,149824.05,149824.05,18.959988,10.343412,8.540151,8.54015
1.7974057e+25,0.92495203,0.999013,310000.0,151467.36,149824.05,149824.03,18.959988,10.3434725,8.540151,8.54015
1.7974057e+25,0.9196805,0.9994288,310000.0,151467.39,149824.03,149824.05,18.959988,10.343095,8.540151,8.540149
1.7974057e+25,0.94984055,0.99891216,310000.0,151467.39,149824.05,149824.03,18.959988,10.3433275,8.540152,8.540149
1.7974057e+25,0.94472617,0.9989061,310000.0,151467.34,149824.05,149824.05,18.959988,10.343178,8.540152,8.540149
1.7974057e+25,0.9412114,0.99891925,310000.0,151467.36,149824.08,149824.03,18.959988,10.343265,8.540153,8.54015
1.7974057e+25,0.9335623,0.9991411,310000.0,151467.4,149824.05,149824.05,18.959988,10.34336,8.540151,8.54015
1.7974057e+25,0.94744253,0.9989952,310000.0,151467.39,149824.03,149824.08,18.959988,10.343445,8.540152,8.540149
1.7974057e+25,0.9440779,0.9993336,310000.0,151467.39,149824.06,149824.05,18.959988,10.3431015,8.540151,8.54015
1.7974057e+25,0.9339867,0.999174,310000.0,151467.4,149824.08,149824.05,18.959988,10.343627,8.540151,8.54015
1.7974057e+25,0.920277,0.99905366,310000.0,151467.39,149824.05,149824.05,18.959988,10.343307,8.540152,8.540148
1.7974057e+25,0.9364679,0.9988348,310000.0,151467.4,149824.06,149824.06,18.959988,10.343605,8.540152,8.540149
1.7974057e+25,0.93229836,0.99888664,310000.0,151467.38,149824.06,149824.05,18.959988,10.343347,8.540151,8.54015
1.7974057e+25,0.9132658,0.9992339,310000.0,151467.39,149824.08,149824.06,18.959988,10.34369,8.540153,8.540149
1.7974057e+25,0.93011546,0.99893606,310000.0,151467.4,149824.06,149824.05,18.959988,10.343164,8.540151,8.54015
1.7974057e+25,0.925918,0.9989635,310000.0,151467.42,149824.05,149824.05,18.959988,10.3436575,8.540151,8.540149
1.7974057e+25,0.9367288,0.9989612,310000.0,151467.4,149824.03,149824.05,18.959988,10.343225,8.540151,8.540149
1.7974057e+25,0.9260605,0.9993924,310000.0,151467.34,149824.06,149824.05,18.959988,10.343056,8.540152,8.54015
1.7974057e+25,0.9431657,0.9988847,310000.0,151467.33,149824.03,149824.03,18.959988,10.342897,8.540152,8.540149
1.7974057e+25,0.9218817,0.9991827,310000.0,151467.36,149824.05,149824.06,18.959988,10.343464,8.540151,8.540149
1.7974057e+25,0.9332123,0.99923295,310000.0,151467.4,149824.06,149824.05,18.959988,10.343484,8.540152,8.540149
1.7974057e+25,0.9400446,0.99909467,310000.0,151467.39,149824.06,149824.06,18.959988,10.343609,8.540151,8.540149
1.7974057e+25,0.9371916,0.99908847,310000.0,151467.39,149824.05,149824.08,18.959988,10.343258,8.540151,8.54015
1.7974057e+25,0.9302471,0.9993679,310000.0,151467.4,149824.03,149824.06,18.959988,10.343522,8.540152,8.540149
1.7974057e+25,0.92656213,0.99904627,310000.0,151467.38,149824.05,149824.05,18.959988,10.343358,8.540151,8.540149
1.7974057e+25,0.93391913,0.9990236,310000.0,151467.4,149824.06,149824.05,18.959988,10.343515,8.540151,8.540149
1.7974057e+25,0.9419244,0.998941,310000.0,151467.39,149824.06,149824.06,18.959988,10.343469,8.540152,8.54015
1.7974057e+25,0.93623525,0.99899215,310000.0,151467.33,149824.03,149824.05,18.959988,10.343272,8.540152,8.540149
1.7974057e+25,0.93919486,0.99886227,310000.0,151467.39,149824.06,149824.05,18.959988,10.343356,8.540151,8.54015
1.7974057e+25,0.92545825,0.99913317,310000.0,151467.38,149824.08,149824.05,18.959988,10.343145,8.540151,8.540149
1.7974057e+25,0.93250877,0.99920934,310000.0,151467.38,149824.05,149824.06,18.959988,10.343487,8.540151,8.54015
1.7974057e+25,0.9297822,0.99905825,310000.0,151467.33,149824.05,149824.05,18.959988,10.343474,8.540151,8.540149
1.7974057e+25,0.9308496,0.99912184,310000.0,151467.44,149824.03,149824.03,18.959988,10.343306,8.540151,8.54015
1.7974057e+25,0.94080013,0.99905336,310000.0,151467.36,149824.05,149824.06,18.959988,10.343453,8.540151,8.540149
1.7974057e+25,0.9359167,0.99897635,310000.0,151467.38,149824.05,149824.06,18.959988,10.343384,8.540151,8.54015
1.7974057e+25,0.9421149,0.9990096,310000.0,151467.38,149824.03,149824.06,18.959988,10.343273,8.54015,8.540149
1.7974057e+25,0.93947506,0.99907327,310000.0,151467.36,149824.03,149824.06,18.959988,10.34361,8.540151,8.540149
1.7974057e+25,0.936473,0.99893755,310000.0,151467.45,149824.06,149824.05,18.959988,10.3435545,8.540152,8.54015
1.7974057e+25,0.9312058,0.9989016,310000.0,151467.33,149824.06,149824.05,18.959988,10.343259,8.540152,8.540149
1.7974057e+25,0.9356759,0.9993135,310000.0,151467.36,149824.05,149824.05,18.959988,10.343216,8.540152,8.54015
1.7974057e+25,0.93070245,0.99916524,310000.0,151467.39,149824.08,149824.05,18.959988,10.343312,8.540152,8.540149
1.7974057e+25,0.932571,0.9989474,310000.0,151467.34,149824.06,149824.06,18.959988,10.343214,8.540152,8.54015
1.7974057e+25,0.9424917,0.9990595,310000.0,151467.39,149824.05,149824.08,18.959988,10.34343,8.540151,8.540151
1.7974057e+25,0.94753563,0.99887735,310000.0,151467.4,149824.03,149824.06,18.959988,10.34344,8.540152,8.540149
1.7974057e+25,0.9325252,0.99919385,310000.0,151467.38,149824.1,149824.05,18.959988,10.343583,8.540152,8.54015
1.7974057e+25,0.92578334,0.9989423,310000.0,151467.39,149824.05,149824.05,18.959988,10.343598,8.540152,8.540149
1.7974057e+25,0.9400603,0.9988567,310000.0,151467.34,149824.05,149824.06,18.959988,10.343029,8.540152,8.540149
1.7974057e+25,0.9362706,0.99893546,310000.0,151467.33,149824.06,149824.05,18.959988,10.34317,8.540151,8.540149
1.7974057e+25,0.93175536,0.9990022,310000.0,151467.39,149824.05,149824.06,18.959988,10.343168,8.540151,8.540149
1.7974057e+25,0.9371247,0.9990789,310000.0,151467.38,149824.05,149824.05,18.959988,10.343155,8.540151,8.54015
1.7974057e+25,0.94220275,0.99885863,310000.0,151467.38,149824.03,149824.06,18.959988,10.343385,8.540152,8.540149
1.7974057e+25,0.9487865,0.9989649,310000.0,151467.39,149824.05,149824.06,18.959988,10.343677,8.540151,8.54015
1.7974057e+25,0.92718333,0.99908555,310000.0,151467.4,149824.06,149824.05,18.959988,10.343388,8.540152,8.540149
1.7974057e+25,0.92352134,0.9989402,310000.0,151467.4,149824.05,149824.06,18.959988,10.343475,8.540152,8.540149
1.7974057e+25,0.9472503,0.9988417,310000.0,151467.38,149824.05,149824.05,18.959988,10.343311,8.540152,8.54015
1.7974057e+25,0.9512292,0.99890167,310000.0,151467.33,149824.03,149824.06,18.959988,10.343358,8.540152,8.54015
1.7974057e+25,0.93873173,0.9991433,310000.0,151467.34,149824.05,149824.05,18.959988,10.343136,8.540152,8.54015
1.7974057e+25,0.94682455,0.9988172,310000.0,151467.38,149824.05,149824.03,18.959988,10.343284,8.540152,8.540149
1.7974057e+25,0.9503066,0.99893117,310000.0,151467.39,149824.05,149824.05,18.959988,10.343586,8.540152,8.54015
1.7974057e+25,0.93172747,0.9988899,310000.0,151467.42,149824.06,149824.05,18.959988,10.343684,8.540151,8.540149
1.7974057e+25,0.8986097,0.99914074,310000.0,151467.39,149824.05,149824.05,18.959988,10.343111,8.540151,8.54015
1.7974057e+25,0.93329394,0.9987986,310000.0,151467.44,149824.06,149824.06,18.959988,10.343697,8.540151,8.540148
1.7974057e+25,0.9372073,0.99881405,310000.0,151467.36,149824.03,149824.06,18.959988,10.343318,8.540152,8.540149
1.7974057e+25,0.92165375,0.9993411,310000.0,151467.39,149824.06,149824.06,18.959988,10.34344,8.540152,8.540149
1.7974057e+25,0.9382589,0.9988601,310000.0,151467.34,149824.06,149824.05,18.959988,10.34349,8.540151,8.54015
1.7974057e+25,0.92794514,0.9988236,310000.0,151467.39,149824.06,149824.06,18.959988,10.343446,8.540152,8.540149
1.7974057e+25,0.930336,0.9989678,310000.0,151467.4,149824.05,149824.05,18.959988,10.343557,8.54015,8.540149
1.7974057e+25,0.93330365,0.9988347,310000.0,151467.31,149824.06,149824.05,18.959988,10.342876,8.540151,8.540149
1.7974057e+25,0.93207246,0.9989396,310000.0,151467.39,149824.06,149824.06,18.959988,10.343587,8.540151,8.540149
1.7974057e+25,0.92665875,0.99899465,310000.0,151467.36,149824.06,149824.05,18.959988,10.343199,8.54015,8.540149
1.7974057e+25,0.9167113,0.9989965,310000.0,151467.39,149824.05,149824.03,18.959988,10.343691,8.540151,8.540149
1.7974057e+25,0.94408786,0.99888104,310000.0,151467.39,149824.05,149824.05,18.959988,10.343394,8.540151,8.540149
1.7974057e+25,0.93180543,0.9991043,310000.0,151467.4,149824.1,149824.06,18.959988,10.3432255,8.540151,8.54015
1.7974057e+25,0.93320423,0.9990651,310000.0,151467.36,149824.03,149824.06,18.959988,10.3434,8.540151,8.54015
1.7974057e+25,0.92011184,0.9991518,310000.0,151467.4,149824.05,149824.05,18.959988,10.343401,8.540152,8.540149
1.7974057e+25,0.9347742,0.99886024,310000.0,151467.4,149824.06,149824.03,18.959988,10.34347,8.540151,8.540149
1.7974057e+25,0.9471695,0.9988888,310000.0,151467.42,149824.05,149824.05,18.959988,10.343482,8.540151,8.540149
1.7974057e+25,0.93482804,0.99883854,310000.0,151467.38,149824.05,149824.06,18.959988,10.343148,8.540152,8.540149
1.7974057e+25,0.92903787,0.9989932,310000.0,151467.4,149824.05,149824.05,18.959988,10.343534,8.540151,8.540148
1.7974057e+25,0.9336327,0.9990688,310000.0,151467.4,149824.05,149824.06,18.959988,10.3434925,8.540151,8.540149
1.7974057e+25,0.9380709,0.99900323,310000.0,151467.36,149824.05,149824.05,18.959988,10.343353,8.540151,8.54015
1.7974057e+25,0.9294633,0.9989881,310000.0,151467.39,149824.05,149824.06,18.959988,10.343492,8.540151,8.540149
1.7974057e+25,0.9349256,0.9989041,310000.0,151467.39,149824.05,149824.06,18.959988,10.343421,8.540151,8.540149
1.7974057e+25,0.9406473,0.9988455,310000.0,151467.4,149824.03,149824.05,18.959988,10.3434105,8.540152,8.540149
1.7974057e+25,0.9362067,0.9993836,310000.0,151467.36,149824.05,149824.05,18.959988,10.343438,8.540151,8.540149
1.7974057e+25,0.9220893,0.9989304,310000.0,151467.4,149824.05,149824.05,18.959988,10.343769,8.540151,8.540149
1.7974057e+25,0.92896175,0.9993042,310000.0,151467.36,149824.06,149824.06,18.959988,10.3431635,8.540152,8.54015
1.7974057e+25,0.9396565,0.9988132,310000.0,151467.34,149824.05,149824.08,18.959988,10.343189,8.540152,8.54015
1.7974057e+25,0.9135126,0.9989902,310000.0,151467.34,149824.05,149824.06,18.959988,10.343061,8.540151,8.540149
1.7974057e+25,0.93727005,0.998868,310000.0,151467.36,149824.05,149824.05,18.959988,10.343586,8.540151,8.540149
1.7974057e+25,0.94604456,0.99882907,310000.0,151467.38,149824.03,149824.05,18.959988,10.343433,8.540152,8.540149
1.7974057e+25,0.92997736,0.99887514,310000.0,151467.42,149824.06,149824.05,18.959988,10.3434515,8.540152,8.540149
1.7974057e+25,0.9387297,0.99897003,310000.0,151467.4,149824.05,149824.06,18.959988,10.343806,8.540151,8.540149
1.7974057e+25,0.93054533,0.99926054,310000.0,151467.42,149824.05,149824.06,18.959988,10.343425,8.540151,8.540149
1.7974057e+25,0.938025,0.9988871,310000.0,151467.38,149824.05,149824.05,18.959988,10.343404,8.540152,8.540149
1.7974057e+25,0.9456059,0.9988516,310000.0,151467.39,149824.05,149824.06,18.959988,10.343264,8.540152,8.540149
1.7974057e+25,0.9268148,0.9993912,310000.0,151467.4,149824.05,149824.06,18.959988,10.343618,8.540152,8.540149
1.7974057e+25,0.93973017,0.9988903,310000.0,151467.39,149824.06,149824.05,18.959988,10.343489,8.540151,8.540149
1.7974057e+25,0.93766,0.9991428,310000.0,151467.38,149824.06,149824.06,18.959988,10.343443,8.540151,8.540149
1.7974057e+25,0.9342279,0.9993961,310000.0,151467.39,149824.05,149824.05,18.959988,10.343417,8.540152,8.540149
1.7974057e+25,0.9374596,0.9989095,310000.0,151467.38,149824.03,149824.08,18.959988,10.343532,8.540152,8.54015
1.7974057e+25,0.93329734,0.9989411,310000.0,151467.36,149824.06,149824.06,18.959988,10.343619,8.540151,8.540149
1.7974057e+25,0.9372125,0.99901706,310000.0,151467.42,149824.06,149824.05,18.959988,10.343614,8.540151,8.540149
1.7974057e+25,0.9231056,0.9992582,310000.0,151467.36,149824.06,149824.06,18.959988,10.343547,8.540152,8.540149
1.7974057e+25,0.9332626,0.9988782,310000.0,151467.36,149824.06,149824.05,18.959988,10.343001,8.540151,8.54015
1.7974057e+25,0.924669,0.99897945,310000.0,151467.39,149824.05,149824.03,18.959988,10.343584,8.540151,8.540149
1.7974057e+25,0.9458393,0.9989841,310000.0,151467.38,149824.05,149824.08,18.959988,10.343233,8.540152,8.54015
1.7974057e+25,0.95043296,0.99890786,310000.0,151467.42,149824.05,149824.03,18.959988,10.343375,8.540152,8.54015
1.7974057e+25,0.9427016,0.9988544,310000.0,151467.39,149824.06,149824.05,18.959988,10.3433,8.540152,8.54015
1.7974057e+25,0.9167681,0.9988569,310000.0,151467.38,149824.05,149824.08,18.959988,10.343388,8.540152,8.540146
1.7974057e+25,0.9292698,0.9988592,310000.0,151467.39,149824.05,149824.06,18.959988,10.343098,8.540152,8.540147
1.7974057e+25,0.91346633,0.9989735,310000.0,151467.38,149824.06,149824.05,18.959988,10.343446,8.54015,8.540146
1.7974057e+25,0.9326317,0.99884194,310000.0,151467.4,149824.06,149824.06,18.959988,10.343572,8.540151,8.540146
1.7974057e+25,0.9199283,0.9988408,310000.0,151467.44,149824.08,149824.05,18.959988,10.343676,8.540151,8.540146
1.7974057e+25,0.940699,0.9989326,310000.0,151467.4,149824.05,149824.03,18.959988,10.343889,8.54015,8.540147
1.7974057e+25,0.94003654,0.99883085,310000.0,151467.4,149824.05,149824.05,18.959988,10.343486,8.540152,8.540147
1.7974057e+25,0.9364479,0.99902165,310000.0,151467.38,149824.05,149824.06,18.959988,10.343491,8.540151,8.540147
1.7974057e+25,0.95058346,0.9989121,310000.0,151467.42,149824.03,149824.05,18.959988,10.343555,8.540152,8.540147
1.7974057e+25,0.9411132,0.9992778,310000.0,151467.4,149824.05,149824.05,18.959988,10.343424,8.540152,8.540146
1.7974057e+25,0.94177645,0.9989301,310000.0,151467.38,149824.06,149824.05,18.959988,10.343428,8.540151,8.540147
1.7974057e+25,0.9399256,0.998924,310000.0,151467.4,149824.06,149824.05,18.959988,10.343328,8.540151,8.540147
1.7974057e+25,0.92710257,0.99893445,310000.0,151467.38,149824.05,149824.06,18.959988,10.343212,8.540152,8.540147
1.7974057e+25,0.9442276,0.99904186,310000.0,151467.38,149824.05,149824.06,18.959988,10.343421,8.540152,8.540147
1.7974057e+25,0.93565613,0.9990684,310000.0,151467.33,149824.05,149824.05,18.959988,10.343312,8.540151,8.540146
1.7974057e+25,0.93394923,0.9994109,310000.0,151467.44,149824.06,149824.06,18.959988,10.343583,8.540151,8.540148
1.7974057e+25,0.9338925,0.9990962,310000.0,151467.38,149824.06,149824.03,18.959988,10.343234,8.540152,8.540146
1.7974057e+25,0.9362444,0.99900305,310000.0,151467.38,149824.05,149824.05,18.959988,10.343187,8.54015,8.540146
1.7974057e+25,0.9406044,0.9988792,310000.0,151467.38,149824.06,149824.06,18.959988,10.34319,8.54015,8.540146
1.7974057e+25,0.94432473,0.9988962,310000.0,151467.33,149824.06,149824.05,18.959988,10.343181,8.540152,8.540147
1.7974057e+25,0.92393863,0.9989544,310000.0,151467.44,149824.05,149824.08,18.959988,10.343787,8.540151,8.540147
1.7974057e+25,0.93674195,0.9991745,310000.0,151467.39,149824.06,149824.06,18.959988,10.343191,8.540151,8.540146
1.7974057e+25,0.9338259,0.99895304,310000.0,151467.33,149824.05,149824.06,18.959988,10.343309,8.540151,8.540147
1.7974057e+25,0.93926257,0.9992072,310000.0,151467.39,149824.06,149824.08,18.959988,10.343427,8.540152,8.540146
1.7974057e+25,0.9455053,0.99895245,310000.0,151467.4,149824.03,149824.08,18.959988,10.343396,8.540152,8.540147
1.7974057e+25,0.9487974,0.9987781,310000.0,151467.33,149824.03,149824.06,18.959988,10.343128,8.540152,8.540147
1.7974057e+25,0.9355396,0.99901336,310000.0,151467.39,149824.05,149824.06,18.959988,10.343676,8.540152,8.540146
1.7974057e+25,0.9310466,0.99887586,310000.0,151467.38,149824.05,149824.05,18.959988,10.343201,8.540152,8.540147
1.7974057e+25,0.926518,0.9989781,310000.0,151467.42,149824.05,149824.06,18.959988,10.343583,8.540151,8.540146
1.7974057e+25,0.9238386,0.9993066,310000.0,151467.38,149824.06,149824.05,18.959988,10.3432,8.540152,8.540148
1.7974057e+25,0.9244489,0.9991463,310000.0,151467.3,149824.05,149824.05,18.959988,10.343061,8.540152,8.540146
1.7974057e+25,0.9330282,0.99881655,310000.0,151467.39,149824.03,149824.06,18.959988,10.343026,8.540151,8.540147
1.7974057e+25,0.91164607,0.9988372,310000.0,151467.34,149824.06,149824.08,18.959988,10.343109,8.540152,8.540147
1.7974057e+25,0.9182642,0.998964,310000.0,151467.39,149824.06,149824.05,18.959988,10.343324,8.540152,8.540147
1.7974057e+25,0.9351621,0.99885076,310000.0,151467.31,149824.05,149824.05,18.959988,10.343,8.540152,8.540146
1.7974057e+25,0.94726163,0.9988874,310000.0,151467.39,149824.03,149824.05,18.959988,10.343428,8.540152,8.540146
1.7974057e+25,0.92188716,0.9990168,310000.0,151467.33,149824.05,149824.05,18.959988,10.343275,8.540151,8.540147
1.7974057e+25,0.93730474,0.99906087,310000.0,151467.4,149824.05,149824.06,18.959988,10.343567,8.54015,8.540147
1.7974057e+25,0.9413429,0.99884737,310000.0,151467.4,149824.05,149824.06,18.959988,10.343333,8.540152,8.540146
1.7974057e+25,0.93662065,0.99890715,310000.0,151467.42,149824.06,149824.08,18.959988,10.343423,8.540151,8.540147
1.7974057e+25,0.93149704,0.99891686,310000.0,151467.36,149824.05,149824.05,18.959988,10.34315,8.540151,8.540146
1.7974057e+25,0.9331419,0.9992067,310000.0,151467.4,149824.08,149824.06,18.959988,10.343182,8.540151,8.540146
1.7974057e+25,0.9357136,0.9991531,310000.0,151467.34,149824.06,149824.05,18.959988,10.343175,8.540151,8.540146
1.7974057e+25,0.939121,0.99892163,310000.0,151467.38,149824.05,149824.06,18.959988,10.343159,8.540151,8.540147
1.7974057e+25,0.93262655,0.9993346,310000.0,151467.38,149824.06,149824.08,18.959988,10.343293,8.540152,8.540147
1.7974057e+25,0.9474967,0.9989546,310000.0,151467.39,149824.06,149824.03,18.959988,10.343511,8.540151,8.540147
1.7974057e+25,0.93457276,0.99889326,310000.0,151467.39,149824.08,149824.05,18.959988,10.343519,8.540152,8.540147
1.7974057e+25,0.9529853,0.99889666,310000.0,151467.36,149824.08,149824.06,18.959988,10.343234,8.540151,8.540146
1.7974057e+25,0.9306787,0.99892616,310000.0,151467.39,149824.05,149824.05,18.959988,10.343646,8.540151,8.540146
1.7974057e+25,0.93803567,0.99936575,310000.0,151467.34,149824.06,149824.05,18.959988,10.343002,8.540151,8.540146
1.7974057e+25,0.9369054,0.999188,310000.0,151467.44,149824.06,149824.06,18.959988,10.343668,8.540151,8.540148
1.7974057e+25,0.9367017,0.998877,310000.0,151467.4,149824.08,149824.08,18.959988,10.34336,8.540151,8.540147
1.7974057e+25,0.93902576,0.99923134,310000.0,151467.34,149824.05,149824.06,18.959988,10.343221,8.540151,8.540148
1.7974057e+25,0.94091815,0.99885815,310000.0,151467.39,149824.05,149824.03,18.959988,10.34339,8.540152,8.540147
1.7974057e+25,0.94010115,0.9989125,310000.0,151467.34,149824.06,149824.05,18.959988,10.343149,8.540151,8.540146
1.7974057e+25,0.9472715,0.9989188,310000.0,151467.38,149824.05,149824.06,18.959988,10.343277,8.540152,8.540146
1.7974057e+25,0.945582,0.99897933,310000.0,151467.36,149824.05,149824.08,18.959988,10.34327,8.540151,8.540146
1.7974057e+25,0.9288265,0.99890095,310000.0,151467.36,149824.06,149824.05,18.959988,10.343187,8.540151,8.540146
1.7974057e+25,0.94210035,0.9989189,310000.0,151467.38,149824.03,149824.08,18.959988,10.343306,8.540151,8.540146
1.7974057e+25,0.93731123,0.99930406,310000.0,151467.42,149824.03,149824.06,18.959988,10.343547,8.540151,8.540146
1.7974057e+25,0.94191426,0.99895304,310000.0,151467.39,149824.05,149824.06,18.959988,10.343212,8.540152,8.540146
1.7974057e+25,0.94337887,0.99888796,310000.0,151467.4,149824.05,149824.06,18.959988,10.343437,8.540152,8.540148
1.7974057e+25,0.9525157,0.99887365,310000.0,151467.38,149824.03,149824.05,18.959988,10.343321,8.540152,8.540147
1.7974057e+25,0.94834226,0.99885136,310000.0,151467.39,149824.08,149824.05,18.959988,10.343545,8.540152,8.540146
1.7974057e+25,0.9337566,0.9994325,310000.0,151467.39,149824.05,149824.08,18.959988,10.343445,8.540151,8.540147
1.7974057e+25,0.92473936,0.9988928,310000.0,151467.4,149824.06,149824.05,18.959988,10.34361,8.540152,8.540146
1.7974057e+25,0.9498018,0.9989312,310000.0,151467.38,149824.06,149824.05,18.959988,10.343436,8.540151,8.540146
1.7974057e+25,0.93944424,0.99913,310000.0,151467.44,149824.03,149824.08,18.959988,10.343662,8.540151,8.540147
1.7974057e+25,0.9354275,0.999183,310000.0,151467.38,149824.08,149824.08,18.959988,10.343555,8.540152,8.540147
1.7974057e+25,0.9513163,0.99890196,310000.0,151467.4,149824.05,149824.06,18.959988,10.343553,8.540152,8.540147
1.7974057e+25,0.94160545,0.99919385,310000.0,151467.38,149824.06,149824.05,18.959988,10.343539,8.540152,8.540145
1.7974057e+25,0.9467398,0.9989519,310000.0,151467.36,149824.08,149824.08,18.959988,10.343297,8.540151,8.540146
1.7974057e+25,0.9260897,0.99911517,310000.0,151467.38,149824.05,149824.05,18.959988,10.343454,8.540151,8.540146
1.7974057e+25,0.9562168,0.99896747,310000.0,151467.42,149824.03,149824.06,18.959988,10.343675,8.540152,8.540146
1.7974057e+25,0.9263951,0.9989019,310000.0,151467.31,149824.06,149824.08,18.959988,10.34317,8.540152,8.540146
1.7974057e+25,0.9239895,0.9992393,310000.0,151467.33,149824.05,149824.06,18.959988,10.34313,8.540152,8.540147
1.7974057e+25,0.92282856,0.9991201,310000.0,151467.39,149824.06,149824.05,18.959988,10.34365,8.540151,8.540147
1.7974057e+25,0.9443067,0.9989716,310000.0,151467.39,149824.06,149824.08,18.959988,10.343386,8.540152,8.540146
1.7974057e+25,0.948315,0.9990166,310000.0,151467.33,149824.05,149824.05,18.959988,10.343064,8.54015,8.540145
1.7974057e+25,0.9319304,0.9989301,310000.0,151467.31,149824.05,149824.06,18.959988,10.343321,8.540152,8.540147
1.7974057e+25,0.94380516,0.9988554,310000.0,151467.42,149824.06,149824.08,18.959988,10.343588,8.540151,8.540146
1.7974057e+25,0.9166994,0.9992463,310000.0,151467.34,149824.05,149824.05,18.959988,10.343464,8.540152,8.540147
1.7974057e+25,0.93515027,0.99932414,310000.0,151467.4,149824.05,149824.06,18.959988,10.343488,8.540152,8.540147
1.7974057e+25,0.94835055,0.9990299,310000.0,151467.4,149824.05,149824.06,18.959988,10.34367,8.540152,8.540147
1.7974057e+25,0.9456987,0.9989122,310000.0,151467.42,149824.06,149824.05,18.959988,10.343681,8.540151,8.540147
1.7974057e+25,0.9298438,0.9992758,310000.0,151467.34,149824.05,149824.05,18.959988,10.343288,8.540152,8.540146
1.7974057e+25,0.92606866,0.9989803,310000.0,151467.38,149824.05,149824.06,18.959988,10.343381,8.540152,8.540147
1.7974057e+25,0.9407442,0.9992787,310000.0,151467.38,149824.06,149824.06,18.959988,10.343442,8.540151,8.540146
1.7974057e+25,0.94194216,0.9990974,310000.0,151467.4,149824.03,149824.06,18.959988,10.343257,8.540151,8.540147
1.7974057e+25,0.9487903,0.9990044,310000.0,151467.36,149824.08,149824.05,18.959988,10.343418,8.540151,8.540146
1.7974057e+25,0.9475715,0.99910074,310000.0,151467.42,149824.03,149824.06,18.959988,10.343482,8.540152,8.540146
1.7974057e+25,0.93595374,0.9992512,310000.0,151467.39,149824.05,149824.06,18.959988,10.343332,8.540151,8.540147
1.7974057e+25,0.94417554,0.99894863,310000.0,151467.36,149824.05,149824.05,18.959988,10.343076,8.540152,8.540147
1.7974057e+25,0.9390762,0.9989897,310000.0,151467.39,149824.05,149824.06,18.959988,10.34354,8.540151,8.540147
1.7974057e+25,0.91483414,0.9990562,310000.0,151467.38,149824.05,149824.03,18.959988,10.343077,8.540151,8.540146
1.7974057e+25,0.9382478,0.99922276,310000.0,151467.36,149824.05,149824.05,18.959988,10.343283,8.540152,8.540146
1.7974057e+25,0.93224233,0.99933195,310000.0,151467.38,149824.06,149824.06,18.959988,10.343253,8.540152,8.540146
1.7974057e+25,0.92376125,0.9989643,310000.0,151467.4,149824.06,149824.08,18.959988,10.343627,8.540151,8.540147
1.7974057e+25,0.9162948,0.9990961,310000.0,151467.33,149824.1,149824.06,18.959988,10.343226,8.540151,8.540152
1.7974057e+25,0.9118988,0.9991316,310000.0,151467.39,149824.08,149824.05,18.959988,10.343705,8.540151,8.540151
1.7974057e+25,0.91282225,0.99908936,310000.0,151467.4,149824.03,149824.06,18.959988,10.343618,8.540151,8.540151
1.7974057e+25,0.9102177,0.99890107,310000.0,151467.34,149824.05,149824.06,18.959988,10.343369,8.540151,8.540151
1.7974057e+25,0.9312918,0.99900824,310000.0,151467.44,149824.05,149824.05,18.959988,10.34368,8.540151,8.540151
1.7974057e+25,0.928948,0.99897146,310000.0,151467.36,149824.05,149824.06,18.959988,10.3434725,8.540152,8.540151
1.7974057e+25,0.90532243,0.9990479,310000.0,151467.42,149824.05,149824.05,18.959988,10.343381,8.540152,8.540152
1.7974057e+25,0.91374356,0.99889046,310000.0,151467.31,149824.06,149824.08,18.959988,10.343357,8.540152,8.540152
1.7974057e+25,0.93983597,0.9988729,310000.0,151467.36,149824.03,149824.05,18.959988,10.343107,8.540152,8.540151
1.7974057e+25,0.940191,0.99889445,310000.0,151467.39,149824.05,149824.06,18.959988,10.343407,8.540151,8.540151
1.7974057e+25,0.9415033,0.99933904,310000.0,151467.38,149824.05,149824.06,18.959988,10.34336,8.540152,8.54015
1.7974057e+25,0.9307079,0.9993207,310000.0,151467.34,149824.06,149824.06,18.959988,10.343472,8.540151,8.540151
1.7974057e+25,0.93989927,0.99901015,310000.0,151467.39,149824.05,149824.06,18.959988,10.343223,8.540151,8.540151
1.7974057e+25,0.9362162,0.99934393,310000.0,151467.34,149824.06,149824.06,18.959988,10.343153,8.540152,8.540151
1.7974057e+25,0.9320775,0.998856,310000.0,151467.39,149824.05,149824.06,18.959988,10.343662,8.540151,8.540151
1.7974057e+25,0.9312779,0.99897957,310000.0,151467.34,149824.06,149824.05,18.959988,10.343312,8.540151,8.540151
1.7974057e+25,0.93648034,0.9988992,310000.0,151467.36,149824.06,149824.05,18.959988,10.343271,8.540151,8.540151
1.7974057e+25,0.9487453,0.9990385,310000.0,151467.31,149824.03,149824.06,18.959988,10.342952,8.54015,8.540151
1.7974057e+25,0.92921746,0.9990503,310000.0,151467.44,149824.06,149824.06,18.959988,10.343371,8.540151,8.540152
1.7974057e+25,0.9291868,0.99929845,310000.0,151467.39,149824.06,149824.06,18.959988,10.343275,8.540153,8.540152
1.7974057e+25,0.9282403,0.9993444,310000.0,151467.42,149824.05,149824.05,18.959988,10.343736,8.540152,8.540151
1.7974057e+25,0.9175832,0.9992223,310000.0,151467.38,149824.06,149824.06,18.959988,10.343388,8.540152,8.540151
1.7974057e+25,0.94166714,0.9989282,310000.0,151467.34,149824.05,149824.06,18.959988,10.343261,8.540151,8.54015
1.7974057e+25,0.947043,0.998962,310000.0,151467.34,149824.06,149824.06,18.959988,10.343163,8.540152,8.540151
1.7974057e+25,0.93608123,0.99891394,310000.0,151467.36,149824.05,149824.06,18.959988,10.343192,8.540152,8.540151
1.7974057e+25,0.9531527,0.99885064,310000.0,151467.42,149824.05,149824.05,18.959988,10.343181,8.540151,8.540152
1.7974057e+25,0.9412031,0.9989216,310000.0,151467.42,149824.06,149824.05,18.959988,10.343653,8.540152,8.540151
1.7974057e+25,0.9276909,0.9992347,310000.0,151467.34,149824.06,149824.08,18.959988,10.343228,8.540152,8.540152
1.7974057e+25,0.9136182,0.99914974,310000.0,151467.4,149824.06,149824.06,18.959988,10.343294,8.540152,8.540152
1.7974057e+25,0.93337846,0.99927515,310000.0,151467.38,149824.05,149824.06,18.959988,10.343372,8.540152,8.54015
1.7974057e+25,0.93966126,0.99931794,310000.0,151467.38,149824.06,149824.05,18.959988,10.343446,8.540152,8.540151
1.7974057e+25,0.9329452,0.9988725,310000.0,151467.33,149824.08,149824.06,18.959988,10.343172,8.540151,8.540151
1.7974057e+25,0.9432417,0.9989853,310000.0,151467.39,149824.05,149824.06,18.959988,10.343863,8.540152,8.540151
1.7974057e+25,0.94624966,0.99896127,310000.0,151467.36,149824.05,149824.05,18.959988,10.34318,8.540152,8.540151
1.7974057e+25,0.94085604,0.9989124,310000.0,151467.44,149824.03,149824.08,18.959988,10.343904,8.540152,8.540152
1.7974057e+25,0.9467945,0.9989025,310000.0,151467.36,149824.06,149824.06,18.959988,10.343132,8.540151,8.540151
1.7974057e+25,0.94266665,0.99899495,310000.0,151467.33,149824.06,149824.06,18.959988,10.342974,8.540152,8.54015
1.7974057e+25,0.93041265,0.99897677,310000.0,151467.39,149824.06,149824.06,18.959988,10.343261,8.540151,8.540152
1.7974057e+25,0.93221664,0.9993473,310000.0,151467.39,149824.06,149824.06,18.959988,10.343061,8.540151,8.540152
1.7974057e+25,0.94318014,0.9991064,310000.0,151467.38,149824.05,149824.05,18.959988,10.34361,8.540152,8.540152
1.7974057e+25,0.9428293,0.9993433,310000.0,151467.38,149824.05,149824.06,18.959988,10.3433895,8.540152,8.540152
1.7974057e+25,0.94382954,0.9991962,310000.0,151467.38,149824.03,149824.05,18.959988,10.343208,8.540151,8.540151
1.7974057e+25,0.93905735,0.9989428,310000.0,151467.34,149824.06,149824.05,18.959988,10.343182,8.540152,8.540151
1.7974057e+25,0.92843854,0.9990979,310000.0,151467.36,149824.05,149824.08,18.959988,10.343154,8.540151,8.540151
1.7974057e+25,0.9361087,0.99928826,310000.0,151467.38,149824.06,149824.05,18.959988,10.34345,8.540152,8.540152
1.7974057e+25,0.9375702,0.9988656,310000.0,151467.38,149824.06,149824.08,18.959988,10.343331,8.540151,8.540151
1.7974057e+25,0.91106945,0.99917215,310000.0,151467.4,149824.05,149824.06,18.959988,10.343281,8.540151,8.540152
1.7974057e+25,0.932024,0.998924,310000.0,151467.42,149824.03,149824.06,18.959988,10.343328,8.540151,8.540151
1.7974057e+25,0.9091751,0.9993069,310000.0,151467.31,149824.05,149824.06,18.959988,10.342936,8.540152,8.540151
1.7974057e+25,0.92609364,0.9990068,310000.0,151467.36,149824.05,149824.06,18.959988,10.343632,8.540152,8.540151
1.7974057e+25,0.93278193,0.99911714,310000.0,151467.39,149824.05,149824.06,18.959988,10.343667,8.540151,8.540151
1.7974057e+25,0.9415256,0.9989245,310000.0,151467.38,149824.05,149824.06,18.959988,10.343145,8.540152,8.540152
1.7974057e+25,0.941059,0.9990133,310000.0,151467.36,149824.06,149824.06,18.959988,10.343333,8.540151,8.540151
1.7974057e+25,0.9344627,0.9990587,310000.0,151467.38,149824.05,149824.08,18.959988,10.343387,8.540151,8.540152
1.7974057e+25,0.9412136,0.9989352,310000.0,151467.38,149824.06,149824.06,18.959988,10.343453,8.540151,8.540152
1.7974057e+25,0.9398753,0.99889266,310000.0,151467.34,149824.05,149824.05,18.959988,10.343382,8.540152,8.540151
1.7974057e+25,0.93542683,0.9989516,310000.0,151467.38,149824.06,149824.08,18.959988,10.343433,8.540152,8.540151
1.7974057e+25,0.94240326,0.99911743,310000.0,151467.39,149824.03,149824.06,18.959988,10.3434725,8.54015,8.54015
1.7974057e+25,0.93402153,0.9989767,310000.0,151467.42,149824.05,149824.06,18.959988,10.343536,8.540151,8.540151
1.7974057e+25,0.944613,0.9989084,310000.0,151467.39,149824.06,149824.05,18.959988,10.343702,8.540152,8.540152
1.7974057e+25,0.93219256,0.999299,310000.0,151467.34,149824.06,149824.06,18.959988,10.3432665,8.540152,8.540152
1.7974057e+25,0.9281099,0.9994149,310000.0,151467.44,149824.05,149824.06,18.959988,10.343603,8.540151,8.540151
1.7974057e+25,0.94826293,0.9989751,310000.0,151467.39,149824.05,149824.06,18.959988,10.343465,8.540151,8.540152
1.7974057e+25,0.93889296,0.99917775,310000.0,151467.38,149824.1,149824.08,18.959988,10.343546,8.540151,8.540151
1.7974057e+25,0.9456776,0.9989056,310000.0,151467.42,149824.05,149824.06,18.959988,10.343388,8.540151,8.540151
1.7974057e+25,0.9264972,0.99940014,310000.0,151467.44,149824.05,149824.03,18.959988,10.3436,8.540151,8.54015
1.7974057e+25,0.9345136,0.99900484,310000.0,151467.39,149824.06,149824.06,18.959988,10.343352,8.540152,8.540151
1.7974057e+25,0.9325923,0.9988951,310000.0,151467.39,149824.05,149824.06,18.959988,10.343358,8.540151,8.540151
1.7974057e+25,0.93440694,0.99923366,310000.0,151467.33,149824.05,149824.05,18.959988,10.343554,8.540152,8.540152
1.7974057e+25,0.9376096,0.99921894,310000.0,151467.36,149824.06,149824.06,18.959988,10.3431015,8.540152,8.540152
1.7974057e+25,0.9064503,0.999391,310000.0,151467.42,149824.06,149824.05,18.959988,10.34344,8.540152,8.540151
1.7974057e+25,0.9411914,0.99927866,310000.0,151467.38,149824.05,149824.06,18.959988,10.343369,8.540151,8.540151
1.7974057e+25,0.9247861,0.9989346,310000.0,151467.44,149824.06,149824.03,18.959988,10.343576,8.540151,8.540152
1.7974057e+25,0.95131606,0.9988956,310000.0,151467.44,149824.03,149824.06,18.959988,10.343755,8.540152,8.540151
1.7974057e+25,0.9353285,0.9992005,310000.0,151467.38,149824.06,149824.06,18.959988,10.343272,8.540151,8.540152
1.7974057e+25,0.927407,0.99919426,310000.0,151467.36,149824.03,149824.06,18.959988,10.343433,8.540152,8.540151
1.7974057e+25,0.9171146,0.9990981,310000.0,151467.42,149824.06,149824.06,18.959988,10.343804,8.540152,8.540151
1.7974057e+25,0.9189099,0.99935323,310000.0,151467.36,149824.05,149824.05,18.959988,10.343313,8.540151,8.540151
1.7974057e+25,0.9219087,0.99927753,310000.0,151467.42,149824.06,149824.06,18.959988,10.343471,8.540152,8.540151
1.7974057e+25,0.9282747,0.99892175,310000.0,151467.42,149824.08,149824.08,18.959988,10.34363,8.540152,8.54015
1.7974057e+25,0.93898326,0.99938506,310000.0,151467.36,149824.05,149824.06,18.959988,10.343592,8.540152,8.540151
1.7974057e+25,0.94907624,0.9990417,310000.0,151467.36,149824.06,149824.05,18.959988,10.343607,8.540151,8.540152
1.7974057e+25,0.93886036,0.99893,310000.0,151467.36,149824.05,149824.08,18.959988,10.34342,8.540152,8.540151
1.7974057e+25,0.9283043,0.999339,310000.0,151467.42,149824.05,149824.06,18.959988,10.343598,8.540151,8.540151
1.7974057e+25,0.93458,0.99934644,310000.0,151467.4,149824.05,149824.06,18.959988,10.343522,8.540152,8.540152
1.7974057e+25,0.9384203,0.99906564,310000.0,151467.39,149824.05,149824.05,18.959988,10.343292,8.54015,8.54015
1.7974057e+25,0.941434,0.998914,310000.0,151467.3,149824.03,149824.05,18.959988,10.343139,8.540152,8.540151
1.7974057e+25,0.9270663,0.999242,310000.0,151467.42,149824.05,149824.06,18.959988,10.343659,8.540152,8.54015
1.7974057e+25,0.9270822,0.99934906,310000.0,151467.4,149824.06,149824.06,18.959988,10.343682,8.540152,8.540152
1.7974057e+25,0.93564916,0.9989744,310000.0,151467.31,149824.05,149824.08,18.959988,10.34299,8.540152,8.540152
1.7974057e+25,0.93528813,0.9991172,310000.0,151467.36,149824.05,149824.06,18.959988,10.343462,8.540151,8.540151
1.7974057e+25,0.9414301,0.9990296,310000.0,151467.4,149824.06,149824.05,18.959988,10.343685,8.540151,8.540151
1.7974057e+25,0.94884604,0.99893653,310000.0,151467.33,149824.05,149824.08,18.959988,10.343302,8.540152,8.540151
1.7974057e+25,0.9316715,0.99893767,310000.0,151467.38,149824.05,149824.06,18.959988,10.343145,8.540152,8.540151
1.7974057e+25,0.94166714,0.99907535,310000.0,151467.38,149824.03,149824.08,18.959988,10.343309,8.540151,8.540151
1.7974057e+25,0.9446304,0.9989649,310000.0,151467.42,149824.06,149824.06,18.959988,10.343581,8.540151,8.540151
1.7974057e+25,0.94114906,0.99893606,310000.0,151467.4,149824.06,149824.06,18.959988,10.343333,8.540151,8.540152
1.7974057e+25,0.9514981,0.9990127,310000.0,151467.4,149824.06,149824.06,18.959988,10.343497,8.540152,8.540152
1.7974057e+25,0.9363529,0.9993109,310000.0,151467.38,149824.08,149824.06,18.959988,10.3436165,8.540151,8.540151
1.7974057e+25,0.9455026,0.9989855,310000.0,151467.34,149824.06,149824.05,18.959988,10.343148,8.540152,8.540151
1.7974057e+25,0.94995236,0.9989508,310000.0,151467.4,149824.08,149824.06,18.959988,10.343453,8.540151,8.540152
1.7974057e+25,0.94071645,0.99908817,310000.0,151467.34,149824.05,149824.06,18.959988,10.343155,8.540152,8.540152
1.7974057e+25,0.9391794,0.9988719,310000.0,151467.38,149824.03,149824.05,18.959988,10.343353,8.540152,8.540151
1.7974057e+25,0.9229967,0.99931854,310000.0,151467.36,149824.05,149824.06,18.959988,10.343443,8.540151,8.540151
1.7974057e+25,0.93442965,0.99934,310000.0,151467.4,149824.05,149824.08,18.959988,10.343557,8.540151,8.540151
1.7974057e+25,0.9310724,0.99892265,310000.0,151467.39,149824.03,149824.06,18.959988,10.343349,8.540151,8.540152
1.7974057e+25,0.9472647,0.99904984,310000.0,151467.38,149824.05,149824.08,18.959988,10.343334,8.540151,8.540151
1.7974057e+25,0.94145864,0.9989138,310000.0,151467.38,149824.05,149824.05,18.959988,10.343301,8.540151,8.540151
1.7974057e+25,0.9323813,0.9990281,310000.0,151467.34,149824.05,149824.06,18.959988,10.343134,8.540151,8.540151
1.7974057e+25,0.94036233,0.99911726,310000.0,151467.39,149824.05,149824.06,18.959988,10.343323,8.540151,8.540152
1.7974057e+25,0.94770557,0.99891543,310000.0,151467.38,149824.05,149824.06,18.959988,10.343382,8.540151,8.54015
1.7974057e+25,0.9496665,0.99893457,310000.0,151467.36,149824.05,149824.03,18.959988,10.343496,8.540152,8.54015
1.7974057e+25,0.9414108,0.9989406,310000.0,151467.36,149824.05,149824.05,18.959988,10.343544,8.540152,8.540151
1.7974057e+25,0.9245647,0.9989103,310000.0,151467.33,149824.08,149824.05,18.959988,10.343399,8.540151,8.54015
1.7974057e+25,0.93539023,0.99893314,310000.0,151467.38,149824.06,149824.06,18.959988,10.343254,8.540152,8.54015
1.7974057e+25,0.9212024,0.9992277,310000.0,151467.4,149824.06,149824.02,18.959988,10.343531,8.540152,8.54015
1.7974057e+25,0.9385401,0.99928385,310000.0,151467.44,149824.05,149824.05,18.959988,10.343664,8.540151,8.54015
1.7974057e+25,0.9306577,0.9992994,310000.0,151467.4,149824.03,149824.05,18.959988,10.343543,8.540152,8.54015
1.7974057e+25,0.9342608,0.99892706,310000.0,151467.36,149824.05,149824.05,18.959988,10.343026,8.540152,8.54015
1.7974057e+25,0.9445262,0.9989511,310000.0,151467.34,149824.05,149824.06,18.959988,10.343189,8.540151,8.540151
1.7974057e+25,0.9396032,0.9989647,310000.0,151467.44,149824.06,149824.05,18.959988,10.343541,8.540152,8.54015
1.7974057e+25,0.92152977,0.9989971,310000.0,151467.44,149824.05,149824.06,18.959988,10.343553,8.540151,8.54015
1.7974057e+25,0.9212576,0.9990931,310000.0,151467.38,149824.03,149824.06,18.959988,10.343539,8.540151,8.540151
1.7974057e+25,0.9277651,0.99915344,310000.0,151467.34,149824.05,149824.06,18.959988,10.343179,8.540152,8.540151
1.7974057e+25,0.9430168,0.99906534,310000.0,151467.4,149824.05,149824.05,18.959988,10.343629,8.54015,8.540151
1.7974057e+25,0.9446105,0.99898446,310000.0,151467.39,149824.03,149824.06,18.959988,10.343665,8.540151,8.540151
1.7974057e+25,0.9386407,0.99888957,310000.0,151467.34,149824.06,149824.05,18.959988,10.343232,8.540151,8.54015
1.7974057e+25,0.9383481,0.9990532,310000.0,151467.4,149824.05,149824.06,18.959988,10.343428,8.540151,8.540151
1.7974057e+25,0.94203013,0.9990748,310000.0,151467.42,149824.03,149824.06,18.959988,10.3434925,8.54015,8.54015
1.7974057e+25,0.9354254,0.9989967,310000.0,151467.39,149824.05,149824.06,18.959988,10.3433075,8.540151,8.540151
1.7974057e+25,0.924635,0.9993493,310000.0,151467.36,149824.05,149824.05,18.959988,10.343242,8.540151,8.54015
1.7974057e+25,0.9374337,0.99891996,310000.0,151467.38,149824.05,149824.06,18.959988,10.343614,8.540151,8.540151
1.7974057e+25,0.93844897,0.9989083,310000.0,151467.39,149824.03,149824.05,18.959988,10.343671,8.540151,8.540151
1.7974057e+25,0.94295216,0.99895495,310000.0,151467.38,149824.05,149824.06,18.959988,10.343209,8.540151,8.540151
1.7974057e+25,0.94183326,0.99907595,310000.0,151467.38,149824.06,149824.06,18.959988,10.343044,8.540152,8.540151
1.7974057e+25,0.93307763,0.99886715,310000.0,151467.38,149824.05,149824.05,18.959988,10.343419,8.540152,8.54015
1.7974057e+25,0.9462143,0.9988814,310000.0,151467.39,149824.05,149824.06,18.959988,10.343428,8.540152,8.540151
1.7974057e+25,0.93681264,0.9992574,310000.0,151467.38,149824.05,149824.03,18.959988,10.343574,8.540152,8.54015
1.7974057e+25,0.94935685,0.99890995,310000.0,151467.36,149824.06,149824.06,18.959988,10.343591,8.540151,8.540151
1.7974057e+25,0.9424258,0.9991612,310000.0,151467.33,149824.06,149824.06,18.959988,10.343385,8.540151,8.540152
1.7974057e+25,0.9316529,0.9989284,310000.0,151467.39,149824.06,149824.05,18.959988,10.343429,8.540152,8.54015
1.7974057e+25,0.9489034,0.99886566,310000.0,151467.34,149824.06,149824.06,18.959988,10.343439,8.540151,8.54015
1.7974057e+25,0.9343742,0.9990502,310000.0,151467.34,149824.05,149824.06,18.959988,10.343441,8.540151,8.540151
1.7974057e+25,0.93413603,0.9994004,310000.0,151467.33,149824.05,149824.05,18.959988,10.343429,8.540152,8.54015
1.7974057e+25,0.9362858,0.99906874,310000.0,151467.33,149824.06,149824.02,18.959988,10.343761,8.540152,8.54015
1.7974057e+25,0.94151723,0.99916786,310000.0,151467.39,149824.05,149824.06,18.959988,10.343377,8.540152,8.540151
1.7974057e+25,0.93728524,0.99888384,310000.0,151467.34,149824.05,149824.06,18.959988,10.343339,8.540151,8.54015
1.7974057e+25,0.94292295,0.9989394,310000.0,151467.33,149824.06,149824.05,18.959988,10.343101,8.540151,8.54015
1.7974057e+25,0.93539983,0.99902624,310000.0,151467.42,149824.05,149824.06,18.959988,10.343519,8.54015,8.54015
1.7974057e+25,0.93838227,0.99929583,310000.0,151467.36,149824.05,149824.03,18.959988,10.3429365,8.540152,8.54015
1.7974057e+25,0.9309332,0.99900144,310000.0,151467.4,149824.06,149824.06,18.959988,10.343301,8.540152,8.54015
1.7974057e+25,0.9281406,0.99891996,310000.0,151467.39,149824.06,149824.05,18.959988,10.343253,8.540151,8.54015
1.7974057e+25,0.94599134,0.9989336,310000.0,151467.36,149824.05,149824.03,18.959988,10.343252,8.540152,8.54015
1.7974057e+25,0.9157942,0.9994235,310000.0,151467.36,149824.06,149824.05,18.959988,10.343312,8.540152,8.54015
1.7974057e+25,0.9278496,0.9992393,310000.0,151467.4,149824.05,149824.06,18.959988,10.343485,8.540151,8.54015
1.7974057e+25,0.92296594,0.99938166,310000.0,151467.38,149824.05,149824.05,18.959988,10.343704,8.540152,8.54015
1.7974057e+25,0.94448745,0.9988866,310000.0,151467.38,149824.03,149824.06,18.959988,10.343508,8.540152,8.540151
1.7974057e+25,0.9338311,0.99902266,310000.0,151467.38,149824.05,149824.05,18.959988,10.343635,8.540151,8.540151
1.7974057e+25,0.9467632,0.99892616,310000.0,151467.39,149824.06,149824.06,18.959988,10.343725,8.540152,8.540151
1.7974057e+25,0.94095045,0.9988583,310000.0,151467.42,149824.06,149824.06,18.959988,10.343435,8.540151,8.540151
1.7974057e+25,0.9457096,0.9989541,310000.0,151467.39,149824.06,149824.05,18.959988,10.3434105,8.540152,8.540151
1.7974057e+25,0.9376568,0.99889624,310000.0,151467.4,149824.03,149824.06,18.959988,10.343649,8.540152,8.54015
1.7974057e+25,0.9366904,0.998986,310000.0,151467.4,149824.05,149824.06,18.959988,10.343651,8.540151,8.54015
1.7974057e+25,0.94149435,0.9992343,310000.0,151467.39,149824.05,149824.03,18.959988,10.343619,8.540152,8.54015
1.7974057e+25,0.94616675,0.998968,310000.0,151467.39,149824.03,149824.05,18.959988,10.343389,8.540152,8.54015
1.7974057e+25,0.9437986,0.9989619,310000.0,151467.38,149824.08,149824.06,18.959988,10.343363,8.540152,8.540151
1.7974057e+25,0.9346128,0.9990454,310000.0,151467.38,149824.05,149824.06,18.959988,10.343461,8.540152,8.540151
1.7974057e+25,0.93570733,0.99898136,310000.0,151467.34,149824.06,149824.06,18.959988,10.343273,8.540151,8.54015
1.7974057e+25,0.941766,0.9990141,310000.0,151467.36,149824.05,149824.06,18.959988,10.343123,8.540152,8.540151
1.7974057e+25,0.944068,0.99903643,310000.0,151467.34,149824.05,149824.05,18.959988,10.343186,8.540151,8.540151
1.7974057e+25,0.9459817,0.99892205,310000.0,151467.39,149824.06,149824.06,18.959988,10.343362,8.540151,8.540151
1.7974057e+25,0.9404228,0.99891883,310000.0,151467.4,149824.08,149824.08,18.959988,10.343677,8.540152,8.540152
1.7974057e+25,0.94185674,0.99901193,310000.0,151467.38,149824.05,149824.06,18.959988,10.343146,8.540151,8.54015
1.7974057e+25,0.9472762,0.9993337,310000.0,151467.44,149824.05,149824.06,18.959988,10.343506,8.540152,8.540151
1.7974057e+25,0.9529464,0.99895865,310000.0,151467.45,149824.06,149824.05,18.959988,10.343885,8.540152,8.54015
1.7974057e+25,0.93331486,0.99930245,310000.0,151467.39,149824.05,149824.05,18.959988,10.343555,8.540152,8.54015
1.7974057e+25,0.9405303,0.999096,310000.0,151467.39,149824.03,149824.06,18.959988,10.343349,8.540151,8.540151
1.7974057e+25,0.93357897,0.998961,310000.0,151467.4,149824.08,149824.05,18.959988,10.343367,8.540151,8.54015
1.7974057e+25,0.93939334,0.99932176,310000.0,151467.38,149824.05,149824.03,18.959988,10.343252,8.540151,8.540151
1.7974057e+25,0.92482287,0.9988748,310000.0,151467.39,149824.06,149824.05,18.959988,10.343526,8.54015,8.54015
1.7974057e+25,0.9204727,0.9992879,310000.0,151467.33,149824.05,149824.05,18.959988,10.343313,8.540152,8.540151
1.7974057e+25,0.9322552,0.99893427,310000.0,151467.36,149824.05,149824.03,18.959988,10.343176,8.540152,8.54015
1.7974057e+25,0.91702753,0.9993329,310000.0,151467.34,149824.05,149824.05,18.959988,10.343191,8.540152,8.54015
1.7974057e+25,0.9297398,0.9989431,310000.0,151467.34,149824.06,149824.05,18.959988,10.343292,8.540151,8.540151
1.7974057e+25,0.9223076,0.9990533,310000.0,151467.4,149824.05,149824.05,18.959988,10.343626,8.54015,8.540151
1.7974057e+25,0.93682855,0.9989059,310000.0,151467.38,149824.06,149824.05,18.959988,10.3433275,8.540151,8.54015
1.7974057e+25,0.9261377,0.99917907,310000.0,151467.33,149824.08,149824.06,18.959988,10.343135,8.540151,8.54015
1.7974057e+25,0.9366644,0.99901634,310000.0,151467.4,149824.05,149824.03,18.959988,10.343567,8.540151,8.54015
1.7974057e+25,0.9490642,0.99899065,310000.0,151467.38,149824.03,149824.06,18.959988,10.343347,8.540152,8.540151
1.7974057e+25,0.9355895,0.9989452,310000.0,151467.42,149824.06,149824.06,18.959988,10.343633,8.540151,8.54015
1.7974057e+25,0.9404267,0.9991458,310000.0,151467.36,149824.08,149824.06,18.959988,10.343604,8.540152,8.540151
1.7974057e+25,0.93887526,0.9990118,310000.0,151467.4,149824.05,149824.03,18.959988,10.343508,8.540151,8.54015
1.7974057e+25,0.9108435,0.99897057,310000.0,151467.39,149824.05,149824.05,18.959988,10.343618,8.540151,8.54015
1.7974057e+25,0.9209317,0.9990318,310000.0,151467.39,149824.05,149824.05,18.959988,10.343192,8.54015,8.540151
1.7974057e+25,0.930319,0.99924904,310000.0,151467.4,149824.05,149824.03,18.959988,10.3435,8.540152,8.54015
1.7974057e+25,0.92373735,0.9991512,310000.0,151467.36,149824.08,149824.05,18.959988,10.34365,8.540152,8.54015
1.7974057e+25,0.94201714,0.9989475,310000.0,151467.38,149824.06,149824.06,18.959988,10.3434725,8.540152,8.54015
1.7974057e+25,0.9311117,0.99895763,310000.0,151467.38,149824.06,149824.08,18.959988,10.343317,8.540151,8.54015
1.7974057e+25,0.9393364,0.99926,310000.0,151467.38,149824.05,149824.06,18.959988,10.343346,8.540151,8.54015
1.7974057e+25,0.9373999,0.99900603,310000.0,151467.38,149824.05,149824.05,18.959988,10.343469,8.540151,8.54015
1.7974057e+25,0.92288375,0.9993522,310000.0,151467.34,149824.06,149824.05,18.959988,10.343329,8.540151,8.540149
1.7974057e+25,0.9060213,0.99919254,310000.0,151467.39,149824.08,149824.08,18.959988,10.343184,8.540152,8.54015
1.7974057e+25,0.9087617,0.99935406,310000.0,151467.38,149824.05,149824.05,18.959988,10.343104,8.540152,8.540151
1.7974057e+25,0.9106032,0.99918115,310000.0,151467.38,149824.08,149824.05,18.959988,10.343475,8.540152,8.54015
1.7974057e+25,0.9090259,0.9989186,310000.0,151467.38,149824.06,149824.03,18.959988,10.343536,8.540151,8.54015
1.7974057e+25,0.94539756,0.99900573,310000.0,151467.39,149824.05,149824.06,18.959988,10.343358,8.540151,8.54015
1.7974057e+25,0.93312544,0.9993601,310000.0,151467.38,149824.03,149824.05,18.959988,10.343496,8.540151,8.54015
1.7974057e+25,0.93269867,0.9989247,310000.0,151467.38,149824.03,149824.06,18.959988,10.343263,8.540151,8.540151
1.7974057e+25,0.9436075,0.9992396,310000.0,151467.36,149824.06,149824.05,18.959988,10.3432865,8.540151,8.54015
1.7974057e+25,0.9347562,0.99891555,310000.0,151467.39,149824.06,149824.05,18.959988,10.343368,8.540152,8.540151
1.7974057e+25,0.9148182,0.9989063,310000.0,151467.4,149824.06,149824.06,18.959988,10.343731,8.540151,8.540151
1.7974057e+25,0.92673296,0.9989634,310000.0,151467.38,149824.05,149824.06,18.959988,10.343385,8.540151,8.540151
1.7974057e+25,0.93897665,0.9989897,310000.0,151467.39,149824.03,149824.08,18.959988,10.343384,8.540151,8.540151
1.7974057e+25,0.94545615,0.9989776,310000.0,151467.42,149824.05,149824.08,18.959988,10.34342,8.540151,8.540151
1.7974057e+25,0.9267223,0.9991318,310000.0,151467.36,149824.05,149824.06,18.959988,10.343053,8.540152,8.540151
1.7974057e+25,0.92978436,0.9989971,310000.0,151467.33,149824.05,149824.05,18.959988,10.342986,8.540151,8.54015
1.7974057e+25,0.9324808,0.9989712,310000.0,151467.42,149824.05,149824.08,18.959988,10.343508,8.540152,8.540151
1.7974057e+25,0.9326256,0.99897194,310000.0,151467.39,149824.06,149824.08,18.959988,10.343137,8.540152,8.540151
1.7974057e+25,0.935573,0.9989681,310000.0,151467.34,149824.05,149824.03,18.959988,10.343135,8.540151,8.540149
1.7974057e+25,0.92575735,0.9990317,310000.0,151467.31,149824.05,149824.06,18.959988,10.342944,8.540151,8.540152
1.7974057e+25,0.92834985,0.9990095,310000.0,151467.39,149824.05,149824.05,18.959988,10.343566,8.540151,8.54015
1.7974057e+25,0.92319393,0.9992569,310000.0,151467.33,149824.05,149824.06,18.959988,10.343341,8.540151,8.540151
1.7974057e+25,0.92777824,0.9992459,310000.0,151467.4,149824.05,149824.05,18.959988,10.343643,8.540151,8.54015
1.7974057e+25,0.9221734,0.9990858,310000.0,151467.36,149824.05,149824.05,18.959988,10.343563,8.540151,8.54015
1.7974057e+25,0.9379361,0.99892384,310000.0,151467.38,149824.06,149824.06,18.959988,10.343372,8.540151,8.540151
1.7974057e+25,0.92989594,0.99903256,310000.0,151467.39,149824.05,149824.06,18.959988,10.343282,8.54015,8.540151
1.7974057e+25,0.93626016,0.9990996,310000.0,151467.36,149824.06,149824.03,18.959988,10.343756,8.540152,8.54015
1.7974057e+25,0.9445561,0.9990205,310000.0,151467.36,149824.03,149824.03,18.959988,10.343387,8.54015,8.54015
1.7974057e+25,0.9365626,0.99920493,310000.0,151467.36,149824.05,149824.06,18.959988,10.343549,8.540152,8.54015
1.7974057e+25,0.93218607,0.9988442,310000.0,151467.31,149824.03,149824.06,18.959988,10.343272,8.540152,8.54015
1.7974057e+25,0.9311003,0.9991871,310000.0,151467.38,149824.06,149824.03,18.959988,10.343405,8.540152,8.540146
1.7974057e+25,0.93974125,0.99941367,310000.0,151467.38,149824.06,149824.03,18.959988,10.343424,8.540151,8.540148
1.7974057e+25,0.9345737,0.9992591,310000.0,151467.38,149824.06,149824.05,18.959988,10.343392,8.54015,8.540147
1.7974057e+25,0.93056554,0.99942255,310000.0,151467.44,149824.03,149824.05,18.959988,10.343643,8.540152,8.540147
1.7974057e+25,0.9290049,0.9992935,310000.0,151467.38,149824.05,149824.05,18.959988,10.343236,8.540152,8.540148
1.7974057e+25,0.9290731,0.9994529,310000.0,151467.4,149824.06,149824.05,18.959988,10.343506,8.540151,8.540147
1.7974057e+25,0.92112017,0.99933785,310000.0,151467.34,149824.03,149824.05,18.959988,10.343616,8.540151,8.540147
1.7974057e+25,0.9202529,0.9993664,310000.0,151467.4,149824.05,149824.05,18.959988,10.343677,8.540151,8.540147
1.7974057e+25,0.93600756,0.99926496,310000.0,151467.34,149824.08,149824.06,18.959988,10.3433,8.540151,8.540148
1.7974057e+25,0.93672985,0.9993257,310000.0,151467.36,149824.03,149824.03,18.959988,10.343286,8.54015,8.540147
1.7974057e+25,0.9347689,0.9991792,310000.0,151467.36,149824.05,149824.05,18.959988,10.343506,8.540151,8.540147
1.7974057e+25,0.9126129,0.9994063,310000.0,151467.42,149824.06,149824.08,18.959988,10.343789,8.540153,8.540147
1.7974057e+25,0.9436863,0.9992877,310000.0,151467.33,149824.03,149824.05,18.959988,10.343212,8.540151,8.540147
1.7974057e+25,0.9304037,0.99935347,310000.0,151467.4,149824.06,149824.03,18.959988,10.343346,8.540152,8.540147
1.7974057e+25,0.94494647,0.99923486,310000.0,151467.38,149824.03,149824.05,18.959988,10.343494,8.540152,8.540148
1.7974057e+25,0.9381662,0.9992771,310000.0,151467.4,149824.05,149824.03,18.959988,10.343557,8.540152,8.540147
1.7974057e+25,0.94723904,0.99926543,310000.0,151467.36,149824.03,149824.05,18.959988,10.34324,8.540151,8.540146
1.7974057e+25,0.9491565,0.9993101,310000.0,151467.38,149824.05,149824.03,18.959988,10.343312,8.540152,8.540147
1.7974057e+25,0.92868245,0.99926907,310000.0,151467.44,149824.06,149824.08,18.959988,10.343775,8.540152,8.540147
1.7974057e+25,0.93254375,0.9992777,310000.0,151467.36,149824.05,149824.05,18.959988,10.343219,8.540151,8.540147
1.7974057e+25,0.94615513,0.99934363,310000.0,151467.4,149824.06,149824.05,18.959988,10.343689,8.540152,8.540146
1.7974057e+25,0.93665683,0.9993284,310000.0,151467.4,149824.06,149824.03,18.959988,10.34341,8.540152,8.540147
1.7974057e+25,0.9302997,0.9995351,310000.0,151467.36,149824.05,149824.03,18.959988,10.343702,8.540152,8.540147
1.7974057e+25,0.9304287,0.99948686,310000.0,151467.34,149824.05,149824.02,18.959988,10.343173,8.540152,8.540147
1.7974057e+25,0.93060607,0.9992878,310000.0,151467.3,149824.06,149824.06,18.959988,10.343279,8.540151,8.540147
1.7974057e+25,0.9342741,0.9993212,310000.0,151467.38,149824.05,149824.05,18.959988,10.343375,8.54015,8.540147
1.7974057e+25,0.94244957,0.99919266,310000.0,151467.36,149824.05,149824.05,18.959988,10.342984,8.540152,8.540148
1.7974057e+25,0.927525,0.9993221,310000.0,151467.38,149824.05,149824.05,18.959988,10.3432665,8.540151,8.540148
1.7974057e+25,0.93244565,0.9994079,310000.0,151467.36,149824.1,149824.08,18.959988,10.343433,8.540152,8.540147
1.7974057e+25,0.93185127,0.9993604,310000.0,151467.36,149824.03,149824.06,18.959988,10.343466,8.540151,8.540147
1.7974057e+25,0.9349998,0.9992326,310000.0,151467.4,149824.06,149824.06,18.959988,10.343573,8.540151,8.540148
1.7974057e+25,0.9334728,0.9994134,310000.0,151467.34,149824.06,149824.05,18.959988,10.343241,8.540151,8.540147
1.7974057e+25,0.94237906,0.999236,310000.0,151467.39,149824.03,149824.08,18.959988,10.343053,8.540151,8.540148
1.7974057e+25,0.9392134,0.9993792,310000.0,151467.39,149824.08,149824.05,18.959988,10.343407,8.540151,8.540147
1.7974057e+25,0.9420665,0.9993485,310000.0,151467.38,149824.05,149824.06,18.959988,10.343204,8.540151,8.540148
1.7974057e+25,0.9191579,0.99925804,310000.0,151467.36,149824.06,149824.03,18.959988,10.343531,8.540152,8.540148
1.7974057e+25,0.9338306,0.99938154,310000.0,151467.44,149824.05,149824.06,18.959988,10.343839,8.540151,8.540146
1.7974057e+25,0.9435282,0.99942976,310000.0,151467.34,149824.08,149824.06,18.959988,10.343156,8.540153,8.540148
1.7974057e+25,0.9407578,0.999519,310000.0,151467.34,149824.05,149824.05,18.959988,10.343142,8.540152,8.540147
1.7974057e+25,0.9197479,0.9994554,310000.0,151467.39,149824.05,149824.08,18.959988,10.343533,8.540152,8.540147
1.7974057e+25,0.92591804,0.99943244,310000.0,151467.4,149824.06,149824.06,18.959988,10.343336,8.540151,8.540146
1.7974057e+25,0.9525411,0.9992103,310000.0,151467.36,149824.06,149824.06,18.959988,10.343402,8.540152,8.540147
1.7974057e+25,0.9418466,0.99951404,310000.0,151467.39,149824.08,149824.05,18.959988,10.343241,8.540151,8.540147
1.7974057e+25,0.9413868,0.99933064,310000.0,151467.44,149824.03,149824.08,18.959988,10.343558,8.540151,8.540148
1.7974057e+25,0.9264236,0.9993748,310000.0,151467.39,149824.05,149824.06,18.959988,10.343403,8.540151,8.540148
1.7974057e+25,0.9487843,0.9993672,310000.0,151467.39,149824.05,149824.05,18.959988,10.343238,8.540151,8.540146
1.7974057e+25,0.94279087,0.99930745,310000.0,151467.39,149824.05,149824.03,18.959988,10.343424,8.540151,8.540147
1.7974057e+25,0.94558847,0.9994679,310000.0,151467.4,149824.05,149824.06,18.959988,10.343655,8.540152,8.540147
1.7974057e+25,0.9331329,0.99936795,310000.0,151467.34,149824.05,149824.06,18.959988,10.343604,8.54015,8.540146
1.7974057e+25,0.92884105,0.99938977,310000.0,151467.4,149824.06,149824.05,18.959988,10.34328,8.54015,8.540146
1.7974057e+25,0.92834777,0.99934405,310000.0,151467.4,149824.03,149824.06,18.959988,10.343688,8.540151,8.540147
1.7974057e+25,0.93733203,0.99936134,310000.0,151467.38,149824.05,149824.03,18.959988,10.343212,8.540152,8.540146
1.7974057e+25,0.9415224,0.9992837,310000.0,151467.34,149824.08,149824.06,18.959988,10.3433695,8.540151,8.540146
1.7974057e+25,0.9349727,0.9993153,310000.0,151467.33,149824.06,149824.05,18.959988,10.343079,8.540151,8.540147
1.7974057e+25,0.9501745,0.99933916,310000.0,151467.4,149824.05,149824.06,18.959988,10.343327,8.540151,8.540147
1.7974057e+25,0.94839346,0.9992255,310000.0,151467.38,149824.05,149824.05,18.959988,10.343134,8.540152,8.540147
1.7974057e+25,0.94404966,0.99940467,310000.0,151467.44,149824.05,149824.08,18.959988,10.343787,8.540152,8.540147
1.7974057e+25,0.9339302,0.9993277,310000.0,151467.38,149824.06,149824.03,18.959988,10.343638,8.540151,8.540147
1.7974057e+25,0.92145854,0.99950296,310000.0,151467.44,149824.06,149824.05,18.959988,10.343453,8.540151,8.540147
1.7974057e+25,0.9213882,0.99945587,310000.0,151467.44,149824.05,149824.05,18.959988,10.343688,8.540152,8.540148
1.7974057e+25,0.9347413,0.999535,310000.0,151467.4,149824.06,149824.05,18.959988,10.343575,8.540152,8.540148
1.7974057e+25,0.936028,0.9992664,310000.0,151467.38,149824.05,149824.05,18.959988,10.34336,8.540152,8.540147
1.7974057e+25,0.93624544,0.99940336,310000.0,151467.4,149824.08,149824.06,18.959988,10.343424,8.540152,8.540147
1.7974057e+25,0.9405731,0.9992071,310000.0,151467.42,149824.05,149824.03,18.959988,10.343429,8.540151,8.540147
1.7974057e+25,0.9372354,0.9992397,310000.0,151467.39,149824.03,149824.06,18.959988,10.3433695,8.540152,8.540148
1.7974057e+25,0.9483058,0.99926496,310000.0,151467.36,149824.06,149824.06,18.959988,10.343477,8.540152,8.540147
1.7974057e+25,0.93840057,0.9992671,310000.0,151467.3,149824.06,149824.05,18.959988,10.343035,8.540151,8.540147
1.7974057e+25,0.9541162,0.9992433,310000.0,151467.39,149824.06,149824.06,18.959988,10.343246,8.540151,8.540148
1.7974057e+25,0.9341726,0.99931145,310000.0,151467.39,149824.08,149824.02,18.959988,10.343828,8.540152,8.540146
1.7974057e+25,0.93117857,0.9993473,310000.0,151467.38,149824.05,149824.08,18.959988,10.34358,8.540151,8.540147
1.7974057e+25,0.9249064,0.9992902,310000.0,151467.42,149824.05,149824.05,18.959988,10.343748,8.540151,8.540147
1.7974057e+25,0.9419797,0.9991877,310000.0,151467.36,149824.05,149824.06,18.959988,10.343131,8.540152,8.540147
1.7974057e+25,0.9417307,0.9993971,310000.0,151467.39,149824.05,149824.06,18.959988,10.343372,8.54015,8.540147
1.7974057e+25,0.93097126,0.99935937,310000.0,151467.4,149824.05,149824.05,18.959988,10.343428,8.540152,8.540147
1.7974057e+25,0.9433974,0.99948865,310000.0,151467.42,149824.06,149824.03,18.959988,10.343531,8.540152,8.540146
1.7974057e+25,0.94819844,0.99917793,310000.0,151467.39,149824.06,149824.06,18.959988,10.343561,8.540152,8.540147
1.7974057e+25,0.94114935,0.99929863,310000.0,151467.38,149824.05,149824.08,18.959988,10.343101,8.540151,8.540147
1.7974057e+25,0.9374975,0.99923855,310000.0,151467.38,149824.05,149824.05,18.959988,10.34336,8.540151,8.540147
1.7974057e+25,0.9350041,0.99918264,310000.0,151467.38,149824.05,149824.08,18.959988,10.34315,8.540152,8.540147
1.7974057e+25,0.94242805,0.9994741,310000.0,151467.36,149824.06,149824.05,18.959988,10.343127,8.540151,8.540147
1.7974057e+25,0.94714,0.99932957,310000.0,151467.33,149824.05,149824.05,18.959988,10.34323,8.54015,8.540147
1.7974057e+25,0.90142053,0.99941766,310000.0,151467.39,149824.03,149824.06,18.959988,10.343455,8.540152,8.540148
1.7974057e+25,0.9459831,0.99931765,310000.0,151467.33,149824.06,149824.06,18.959988,10.343235,8.540152,8.540147
1.7974057e+25,0.9387734,0.9994378,310000.0,151467.34,149824.06,149824.03,18.959988,10.343197,8.540151,8.540148
4.2492194,0.0033176895,0.32167184,70000.0,151467.44,149824.06,149824.08,0.019309817,10.343647,8.540151,8.54015
4.2492194,0.0033308663,0.41193834,70000.0,151467.39,149824.06,149824.08,0.019309817,10.343429,8.54015,8.54015
4.2492194,0.0029832763,0.3910921,70000.0,151467.42,149824.08,149824.06,0.019309817,10.343574,8.54015,8.540151
4.2492194,0.0033658314,0.23241046,70000.0,151467.39,149824.05,149824.05,0.019309817,10.343447,8.540152,8.54015
4.2492194,0.0033734522,0.41022772,70000.0,151467.39,149824.02,149824.06,0.019309817,10.343668,8.54015,8.54015
4.2492194,0.0032382328,0.30153915,70000.0,151467.42,149824.05,149824.05,0.019309817,10.343575,8.54015,8.54015
4.2492194,0.0034520999,0.3799335,70000.0,151467.34,149824.06,149824.08,0.019309817,10.343221,8.54015,8.540151
4.2492194,0.0034181727,0.39607158,70000.0,151467.38,149824.05,149824.03,0.019309817,10.343317,8.54015,8.54015
4.2492194,0.0035538294,0.33215296,70000.0,151467.39,149824.05,149824.05,0.019309817,10.343409,8.54015,8.540151
4.2492194,0.0033456741,0.4617228,70000.0,151467.31,149824.05,149824.05,0.019309817,10.343109,8.54015,8.540149
4.2492194,0.0036718193,0.27449667,70000.0,151467.44,149824.05,149824.05,0.019309817,10.3434725,8.540153,8.54015
4.2492194,0.0038615875,0.27812797,70000.0,151467.4,149824.06,149824.05,0.019309817,10.343573,8.540153,8.54015
4.2492194,0.003518758,0.27399287,70000.0,151467.45,149824.05,149824.06,0.019309817,10.343594,8.540153,8.540149
4.2492194,0.0033234768,0.3590968,70000.0,151467.39,149824.06,149824.08,0.019309817,10.34361,8.54015,8.54015
4.2492194,0.003599179,0.2749932,70000.0,151467.31,149824.06,149824.06,0.019309817,10.342907,8.540151,8.540149
4.2492194,0.0030440816,0.43344882,70000.0,151467.39,149824.06,149824.05,0.019309817,10.343526,8.54015,8.54015
4.2492194,0.0036000253,0.3372554,70000.0,151467.36,149824.05,149824.05,0.019309817,10.343146,8.540151,8.54015
4.2492194,0.003785527,0.25012758,70000.0,151467.33,149824.06,149824.08,0.019309817,10.343089,8.540151,8.540149
4.2492194,0.0035835686,0.28288063,70000.0,151467.4,149824.05,149824.05,0.019309817,10.343357,8.540152,8.54015
4.2492194,0.0033404708,0.4231632,70000.0,151467.4,149824.03,149824.05,0.019309817,10.343198,8.54015,8.54015
4.2492194,0.0033104753,0.34868866,70000.0,151467.38,149824.05,149824.06,0.019309817,10.342962,8.54015,8.540151
4.2492194,0.0034018445,0.34515145,70000.0,151467.38,149824.06,149824.05,0.019309817,10.343464,8.540151,8.54015
4.2492194,0.003635347,0.27332103,70000.0,151467.36,149824.05,149824.05,0.019309817,10.34341,8.540152,8.540148
4.2492194,0.0034621863,0.31521973,70000.0,151467.42,149824.06,149824.06,0.019309817,10.343473,8.540152,8.54015
4.2492194,0.0033900514,0.3630417,70000.0,151467.33,149824.05,149824.06,0.019309817,10.34317,8.54015,8.54015
4.2492194,0.0035639287,0.2971904,70000.0,151467.42,149824.03,149824.06,0.019309817,10.3435,8.540152,8.540149
4.2492194,0.0036020991,0.29274037,70000.0,151467.42,149824.06,149824.05,0.019309817,10.343698,8.540151,8.540149
4.2492194,0.0034201795,0.33880287,70000.0,151467.39,149824.06,149824.06,0.019309817,10.343576,8.540151,8.540151
4.2492194,0.0034235462,0.33769152,70000.0,151467.36,149824.05,149824.05,0.019309817,10.34325,8.54015,8.54015
4.2492194,0.0035270092,0.30054554,70000.0,151467.36,149824.06,149824.05,0.019309817,10.343531,8.540151,8.540149
4.2492194,0.0036477142,0.34492877,70000.0,151467.38,149824.06,149824.05,0.019309817,10.343501,8.540151,8.54015
4.2492194,0.003548585,0.32310465,70000.0,151467.4,149824.06,149824.05,0.019309817,10.343369,8.540151,8.54015
4.2492194,0.0035024695,0.33044153,70000.0,151467.42,149824.05,149824.08,0.019309817,10.343417,8.540152,8.54015
4.2492194,0.0036578712,0.26329097,70000.0,151467.4,149824.05,149824.05,0.019309817,10.343629,8.540152,8.540149
4.2492194,0.0035874774,0.26611257,70000.0,151467.44,149824.06,149824.05,0.019309817,10.3436,8.540152,8.540151
4.2492194,0.003307685,0.33923656,70000.0,151467.33,149824.06,149824.06,0.019309817,10.3434925,8.540151,8.54015
4.2492194,0.0033911741,0.35584915,70000.0,151467.4,149824.08,149824.05,0.019309817,10.34359,8.540151,8.540151
4.2492194,0.003984316,0.42452422,70000.0,151467.42,149824.05,149824.06,0.019309817,10.343461,8.540151,8.540151
4.2492194,0.0040109986,0.30064318,70000.0,151467.4,149824.05,149824.05,0.019309817,10.343435,8.540152,8.54015
4.2492194,0.004034577,0.32690462,70000.0,151467.34,149824.08,149824.05,0.019309817,10.343171,8.540151,8.54015
4.2492194,0.0032422666,0.2831474,70000.0,151467.38,149824.05,149824.06,0.019309817,10.343354,8.540152,8.54015
4.2492194,0.0036285874,0.45645747,70000.0,151467.34,149824.05,149824.08,0.019309817,10.343136,8.540149,8.54015
4.2492194,0.002993605,0.48840895,70000.0,151467.4,149824.06,149824.06,0.019309817,10.343406,8.540149,8.540151
4.2492194,0.0034104371,0.31033283,70000.0,151467.39,149824.05,149824.05,0.019309817,10.343394,8.540151,8.540149
4.2492194,0.003006334,0.32840526,70000.0,151467.36,149824.05,149824.08,0.019309817,10.343391,8.54015,8.54015
4.2492194,0.0029049208,0.31615308,70000.0,151467.38,149824.05,149824.05,0.019309817,10.343805,8.540151,8.540149
4.2492194,0.0033365851,0.41306165,70000.0,151467.39,149824.05,149824.06,0.019309817,10.343139,8.54015,8.540149
4.2492194,0.0033449575,0.3156362,70000.0,151467.38,149824.06,149824.05,0.019309817,10.343257,8.540152,8.540148
4.2492194,0.0037274063,0.37899777,70000.0,151467.36,149824.03,149824.06,0.019309817,10.343133,8.54015,8.540149
4.2492194,0.0035509868,0.30146557,70000.0,151467.39,149824.06,149824.06,0.019309817,10.343571,8.540152,8.540151
4.2492194,0.0037284761,0.29080823,70000.0,151467.38,149824.03,149824.05,0.019309817,10.342933,8.540152,8.540149
4.2492194,0.0033301618,0.3959092,70000.0,151467.44,149824.05,149824.05,0.019309817,10.343446,8.54015,8.540149
4.2492194,0.0032516068,0.257829,70000.0,151467.42,149824.03,149824.05,0.019309817,10.343409,8.540152,8.540149
4.2492194,0.0037034207,0.28336185,70000.0,151467.36,149824.05,149824.08,0.019309817,10.34304,8.540153,8.54015
4.2492194,0.0033151277,0.3242688,70000.0,151467.38,149824.06,149824.06,0.019309817,10.343183,8.540151,8.54015
4.2492194,0.0034271094,0.35072508,70000.0,151467.38,149824.06,149824.06,0.019309817,10.343561,8.540152,8.540148
4.2492194,0.0031872834,0.39103943,70000.0,151467.42,149824.05,149824.06,0.019309817,10.343497,8.540149,8.540151
4.2492194,0.004045151,0.26185706,70000.0,151467.4,149824.05,149824.06,0.019309817,10.343433,8.540152,8.540151
4.2492194,0.0038284452,0.26026478,70000.0,151467.42,149824.05,149824.05,0.019309817,10.343479,8.540153,8.540149
4.2492194,0.0035756994,0.27355415,70000.0,151467.34,149824.06,149824.06,0.019309817,10.343355,8.540152,8.54015
4.2492194,0.0032580607,0.26954496,70000.0,151467.39,149824.06,149824.06,0.019309817,10.343534,8.540153,8.540151
4.2492194,0.0034720253,0.3072901,70000.0,151467.36,149824.06,149824.05,0.019309817,10.343515,8.540151,8.54015
4.2492194,0.0034982024,0.49488342,70000.0,151467.4,149824.06,149824.06,0.019309817,10.343544,8.540149,8.54015
4.2492194,0.003960647,0.43138978,70000.0,151467.39,149824.05,149824.06,0.019309817,10.343292,8.54015,8.540151
4.2492194,0.0034850952,0.29411742,70000.0,151467.39,149824.08,149824.06,0.019309817,10.343364,8.540151,8.540151
4.2492194,0.0034471583,0.39993235,70000.0,151467.45,149824.08,149824.06,0.019309817,10.343916,8.54015,8.540149
4.2492194,0.003644618,0.2698175,70000.0,151467.34,149824.06,149824.06,0.019309817,10.3431225,8.540151,8.54015
4.2492194,0.0038052963,0.24933185,70000.0,151467.31,149824.06,149824.03,0.019309817,10.343505,8.540153,8.54015
4.2492194,0.0032578434,0.2900043,70000.0,151467.36,149824.06,149824.06,0.019309817,10.343413,8.540152,8.540149
4.2492194,0.003205564,0.24534993,70000.0,151467.38,149824.05,149824.06,0.019309817,10.343505,8.540151,8.54015
4.2492194,0.0032823526,0.4142051,70000.0,151467.42,149824.05,149824.05,0.019309817,10.343504,8.54015,8.54015
4.2492194,0.0034860391,0.3860073,70000.0,151467.39,149824.05,149824.05,0.019309817,10.343242,8.540151,8.540149
4.2492194,0.0034796766,0.3044648,70000.0,151467.36,149824.05,149824.05,0.019309817,10.343356,8.540152,8.540149
4.2492194,0.004080033,0.4279249,70000.0,151467.36,149824.05,149824.06,0.019309817,10.342916,8.540149,8.54015
4.2492194,0.0031444724,0.4087854,70000.0,151467.4,149824.06,149824.05,0.019309817,10.343465,8.54015,8.540149
4.2492194,0.0027343708,0.3800939,70000.0,151467.31,149824.05,149824.05,0.019309817,10.343013,8.54015,8.540149
4.2492194,0.0032362074,0.2740765,70000.0,151467.31,149824.05,149824.05,0.019309817,10.343245,8.540152,8.54015
4.2492194,0.0031167557,0.41733932,70000.0,151467.39,149824.03,149824.06,0.019309817,10.343436,8.54015,8.540151
4.2492194,0.002992225,0.34216875,70000.0,151467.31,149824.06,149824.06,0.019309817,10.343373,8.540151,8.540149
4.2492194,0.0030880603,0.40401322,70000.0,151467.34,149824.05,149824.06,0.019309817,10.343214,8.54015,8.54015
4.2492194,0.0034720008,0.34178346,70000.0,151467.34,149824.03,149824.06,0.019309817,10.343005,8.540151,8.540149
4.2492194,0.0036019695,0.3669789,70000.0,151467.34,149824.02,149824.05,0.019309817,10.343214,8.54015,8.54015
4.2492194,0.0036358547,0.35213265,70000.0,151467.38,149824.08,149824.05,0.019309817,10.343414,8.540151,8.54015
4.2492194,0.0038441129,0.45415547,70000.0,151467.38,149824.08,149824.08,0.019309817,10.34348,8.54015,8.54015
4.2492194,0.0032659401,0.41755357,70000.0,151467.33,149824.03,149824.06,0.019309817,10.342951,8.54015,8.540151
4.2492194,0.003376837,0.4862681,70000.0,151467.39,149824.06,149824.06,0.019309817,10.343179,8.540149,8.540149
4.2492194,0.0032104014,0.32428417,70000.0,151467.36,149824.06,149824.03,0.019309817,10.343296,8.540151,8.540151
4.2492194,0.0034504274,0.25852966,70000.0,151467.39,149824.05,149824.06,0.019309817,10.343303,8.540152,8.54015
4.2492194,0.0034707647,0.32307756,70000.0,151467.45,149824.05,149824.05,0.019309817,10.344042,8.54015,8.540149
4.2492194,0.0034124926,0.3530618,70000.0,151467.34,149824.06,149824.03,0.019309817,10.343011,8.54015,8.54015
4.2492194,0.0036905855,0.342293,70000.0,151467.38,149824.06,149824.05,0.019309817,10.343314,8.540151,8.54015
4.2492194,0.003780317,0.44902757,70000.0,151467.4,149824.06,149824.06,0.019309817,10.343572,8.54015,8.540151
4.2492194,0.0037008896,0.2957742,70000.0,151467.36,149824.05,149824.06,0.019309817,10.343651,8.540152,8.54015
4.2492194,0.004066526,0.27055702,70000.0,151467.4,149824.05,149824.05,0.019309817,10.343699,8.540152,8.54015
4.2492194,0.003655765,0.26785654,70000.0,151467.34,149824.08,149824.05,0.019309817,10.343081,8.540151,8.540151
4.2492194,0.0035436186,0.28899863,70000.0,151467.39,149824.05,149824.05,0.019309817,10.343409,8.540151,8.540149
4.2492194,0.003321342,0.25802928,70000.0,151467.34,149824.05,149824.06,0.019309817,10.343339,8.540152,8.54015
4.2492194,0.0035580718,0.35855803,70000.0,151467.38,149824.06,149824.05,0.019309817,10.343315,8.540151,8.54015
4.2492194,0.0039061266,0.5279636,70000.0,151467.34,149824.08,149824.06,0.019309817,10.343496,8.540149,8.540149
4.2492194,0.004356643,0.310001,70000.0,151467.4,149824.06,149824.08,0.019309817,10.34337,8.540151,8.540151
4.2492194,0.0038299714,0.3287188,70000.0,151467.39,149824.06,149824.05,0.019309817,10.343559,8.540151,8.540149
4.2492194,0.0032438862,0.4867662,70000.0,151467.38,149824.06,149824.05,0.019309817,10.343453,8.540149,8.54015
4.2492194,0.0034658015,0.34977615,70000.0,151467.44,149824.05,149824.06,0.019309817,10.343858,8.540151,8.540149
4.2492194,0.002900129,0.37006846,70000.0,151467.39,149824.03,149824.06,0.019309817,10.343467,8.54015,8.540151
4.2492194,0.0036020163,0.29143855,70000.0,151467.39,149824.06,149824.06,0.019309817,10.343366,8.540151,8.54015
4.2492194,0.0036787186,0.3028144,70000.0,151467.4,149824.05,149824.05,0.019309817,10.343708,8.540152,8.54015
4.2492194,0.0035616513,0.27679133,70000.0,151467.3,149824.03,149824.05,0.019309817,10.34316,8.540152,8.54015
4.2492194,0.0036571042,0.42610827,70000.0,151467.39,149824.06,149824.05,0.019309817,10.343437,8.54015,8.54015
4.2492194,0.0036875939,0.4594285,70000.0,151467.42,149824.05,149824.06,0.019309817,10.343522,8.540149,8.54015
4.2492194,0.0034681004,0.41761276,70000.0,151467.38,149824.05,149824.05,0.019309817,10.34322,8.54015,8.54015
4.2492194,0.004044174,0.455713,70000.0,151467.38,149824.06,149824.06,0.019309817,10.34328,8.54015,8.54015
4.2492194,0.0041377074,0.27380317,70000.0,151467.36,149824.03,149824.05,0.019309817,10.343337,8.540152,8.54015
4.2492194,0.0041211173,0.4347316,70000.0,151467.39,149824.08,149824.06,0.019309817,10.343172,8.54015,8.54015
4.2492194,0.0040728226,0.28902873,70000.0,151467.38,149824.06,149824.06,0.019309817,10.343106,8.540152,8.540149
4.2492194,0.0037908556,0.30175835,70000.0,151467.38,149824.06,149824.03,0.019309817,10.34379,8.540151,8.54015
4.2492194,0.0029812278,0.30213317,70000.0,151467.45,149824.06,149824.06,0.019309817,10.343558,8.540151,8.54015
4.2492194,0.0036024186,0.44264436,70000.0,151467.42,149824.08,149824.05,0.019309817,10.343322,8.54015,8.54015
4.2492194,0.0038145015,0.28806093,70000.0,151467.31,149824.05,149824.05,0.019309817,10.343343,8.540152,8.540149
4.2492194,0.0034001993,0.37407005,70000.0,151467.36,149824.03,149824.05,0.019309817,10.343329,8.54015,8.540149
4.2492194,0.00398301,0.2692243,70000.0,151467.33,149824.05,149824.05,0.019309817,10.343209,8.540152,8.54015
4.2492194,0.0039000672,0.25144702,70000.0,151467.39,149824.05,149824.08,0.019309817,10.343309,8.540152,8.54015
4.2492194,0.0032633396,0.4667441,70000.0,151467.4,149824.05,149824.05,0.019309817,10.343637,8.540149,8.54015
4.2492194,0.0037697523,0.45436817,70000.0,151467.39,149824.03,149824.06,0.019309817,10.343082,8.540149,8.540151
4.2492194,0.003950547,0.30331358,70000.0,151467.39,149824.03,149824.06,0.019309817,10.343386,8.540152,8.54015
4.2492194,0.003649812,0.2788479,70000.0,151467.31,149824.06,149824.05,0.019309817,10.343121,8.540152,8.540149
4.2492194,0.0038917498,0.29398727,70000.0,151467.42,149824.05,149824.06,0.019309817,10.343417,8.540151,8.540149
4.2492194,0.004288914,0.46952525,70000.0,151467.34,149824.06,149824.05,0.019309817,10.34305,8.540149,8.540151
4.2492194,0.003721573,0.267251,70000.0,151467.4,149824.06,149824.05,0.019309817,10.343568,8.540152,8.54015
4.2492194,0.004007199,0.41818938,70000.0,151467.36,149824.06,149824.05,0.019309817,10.343296,8.54015,8.54015
4.2492194,0.004252264,0.29179323,70000.0,151467.4,149824.06,149824.05,0.019309817,10.343691,8.540151,8.54015
4.2492194,0.0039273,0.49157965,70000.0,151467.39,149824.05,149824.08,0.019309817,10.343651,8.54015,8.540151
4.2492194,0.0043348586,0.32086277,70000.0,151467.38,149824.06,149824.08,0.019309817,10.343477,8.540152,8.54015
4.2492194,0.0037259276,0.34642255,70000.0,151467.38,149824.05,149824.05,0.019309817,10.343509,8.54015,8.540151
4.2492194,0.0040695947,0.2750193,70000.0,151467.38,149824.06,149824.05,0.019309817,10.343671,8.540153,8.54015
4.2492194,0.0036619282,0.33846563,70000.0,151467.39,149824.05,149824.06,0.019309817,10.3433485,8.54015,8.54015
4.2492194,0.0040811114,0.32542768,70000.0,151467.36,149824.05,149824.03,0.019309817,10.343164,8.540151,8.54015
4.2492194,0.0034380695,0.42524925,70000.0,151467.45,149824.06,149824.06,0.019309817,10.343588,8.54015,8.540149
4.2492194,0.0034486395,0.29558587,70000.0,151467.39,149824.06,149824.06,0.019309817,10.343388,8.540151,8.54015
4.2492194,0.0042418824,0.2675099,70000.0,151467.4,149824.06,149824.03,0.019309817,10.343582,8.540152,8.540149
4.2492194,0.0035028146,0.30624366,70000.0,151467.4,149824.08,149824.05,0.019309817,10.343359,8.540152,8.540149
4.2492194,0.0032390766,0.28821555,70000.0,151467.36,149824.06,149824.06,0.019309817,10.343463,8.540151,8.54015
4.2492194,0.004237641,0.3276991,70000.0,151467.39,149824.05,149824.05,0.019309817,10.343449,8.540152,8.54015
4.2492194,0.0038497003,0.28008702,70000.0,151467.45,149824.03,149824.06,0.019309817,10.343873,8.540153,8.54015
4.2492194,0.0036583177,0.29949376,70000.0,151467.39,149824.05,149824.06,0.019309817,10.343556,8.540152,8.54015
4.2492194,0.0040139398,0.29568216,70000.0,151467.44,149824.06,149824.05,0.019309817,10.34374,8.540151,8.54015
4.2492194,0.004675684,0.3916147,70000.0,151467.38,149824.05,149824.08,0.019309817,10.343377,8.54015,8.540152
4.2492194,0.003922045,0.28224352,70000.0,151467.4,149824.05,149824.06,0.019309817,10.34367,8.540152,8.540149
4.2492194,0.0035371385,0.3295494,70000.0,151467.4,149824.05,149824.06,0.019309817,10.343852,8.540152,8.540151
4.2492194,0.003736275,0.2938828,70000.0,151467.4,149824.06,149824.06,0.019309817,10.343467,8.540152,8.54015
4.2492194,0.0034297053,0.49307996,70000.0,151467.4,149824.08,149824.06,0.019309817,10.343566,8.540149,8.54015
4.2492194,0.00444414,0.25055298,70000.0,151467.42,149824.05,149824.05,0.019309817,10.343592,8.540152,8.54015
4.2492194,0.0035540124,0.37221524,70000.0,151467.38,149824.06,149824.06,0.019309817,10.343322,8.54015,8.54015
4.2492194,0.0038513858,0.2615292,70000.0,151467.4,149824.03,149824.06,0.019309817,10.343527,8.540152,8.540149
4.2492194,0.004665783,0.24554625,70000.0,151467.39,149824.08,149824.06,0.019309817,10.343309,8.540151,8.54015
4.2492194,0.0036736315,0.40474793,70000.0,151467.33,149824.06,149824.06,0.019309817,10.343157,8.54015,8.54015
4.2492194,0.004320868,0.27589497,70000.0,151467.34,149824.06,149824.08,0.019309817,10.343162,8.540152,8.540151
4.2492194,0.0040362556,0.29618534,70000.0,151467.33,149824.05,149824.06,0.019309817,10.343419,8.540152,8.540151
4.2492194,0.004149638,0.36960706,70000.0,151467.38,149824.06,149824.06,0.019309817,10.3435545,8.540152,8.54015
4.2492194,0.004129927,0.40406132,70000.0,151467.34,149824.05,149824.08,0.019309817,10.343489,8.540151,8.540151
4.2492194,0.0043786755,0.39755487,70000.0,151467.34,149824.08,149824.06,0.019309817,10.343188,8.54015,8.54015
4.2492194,0.003948203,0.26234087,70000.0,151467.34,149824.06,149824.06,0.019309817,10.342931,8.540151,8.54015
4.2492194,0.004353102,0.34825563,70000.0,151467.34,149824.06,149824.05,0.019309817,10.343648,8.540153,8.54015
4.2492194,0.003921099,0.40048298,70000.0,151467.4,149824.05,149824.05,0.019309817,10.343673,8.54015,8.54015
4.2492194,0.004176886,0.4084442,70000.0,151467.4,149824.05,149824.06,0.019309817,10.343642,8.540151,8.54015
4.2492194,0.0037807035,0.29697743,70000.0,151467.42,149824.03,149824.06,0.019309817,10.34357,8.540151,8.540149
4.2492194,0.0037658687,0.5160942,70000.0,151467.39,149824.05,149824.05,0.019309817,10.343449,8.540149,8.540151
4.2492194,0.0038572738,0.35925275,70000.0,151467.36,149824.06,149824.05,0.019309817,10.343656,8.540151,8.540149
4.2492194,0.0040430776,0.28390408,70000.0,151467.4,149824.03,149824.05,0.019309817,10.343696,8.540152,8.54015
4.2492194,0.0039342837,0.36649895,70000.0,151467.34,149824.05,149824.06,0.019309817,10.343222,8.54015,8.54015
4.2492194,0.0038091505,0.42904118,70000.0,151467.4,149824.05,149824.06,0.019309817,10.343374,8.540149,8.54015
4.2492194,0.0039584334,0.39828044,70000.0,151467.38,149824.05,149824.06,0.019309817,10.343492,8.540151,8.54015
4.2492194,0.00452852,0.28103265,70000.0,151467.3,149824.03,149824.05,0.019309817,10.343396,8.540152,8.540149
4.2492194,0.003777323,0.39515162,70000.0,151467.36,149824.05,149824.05,0.019309817,10.343448,8.540151,8.54015
4.2492194,0.004306803,0.41107845,70000.0,151467.42,149824.05,149824.05,0.019309817,10.343291,8.54015,8.540149
4.2492194,0.0042161625,0.40679762,70000.0,151467.36,149824.05,149824.06,0.019309817,10.343391,8.540151,8.54015
4.2492194,0.0041603446,0.4086247,70000.0,151467.36,149824.03,149824.05,0.019309817,10.34321,8.54015,8.540149
4.2492194,0.0033904146,0.33264056,70000.0,151467.4,149824.06,149824.05,0.019309817,10.3433695,8.540151,8.54015
4.2492194,0.0035138028,0.27838755,70000.0,151467.39,149824.05,149824.05,0.019309817,10.343459,8.540152,8.54015
4.2492194,0.003985675,0.40195972,70000.0,151467.38,149824.05,149824.08,0.019309817,10.343244,8.540151,8.54015
4.2492194,0.004613796,0.2812117,70000.0,151467.36,149824.06,149824.03,0.019309817,10.343157,8.540151,8.540151
4.2492194,0.004182233,0.2627574,70000.0,151467.36,149824.06,149824.06,0.019309817,10.343104,8.540153,8.540151
4.2492194,0.0037134332,0.40158847,70000.0,151467.39,149824.03,149824.06,0.019309817,10.343135,8.54015,8.540151
4.2492194,0.0039285165,0.25478122,70000.0,151467.31,149824.05,149824.06,0.019309817,10.343371,8.540151,8.540151
4.2492194,0.0038489713,0.2917672,70000.0,151467.4,149824.05,149824.05,0.019309817,10.343459,8.540152,8.540149
4.2492194,0.0040490194,0.44083357,70000.0,151467.31,149824.05,149824.05,0.019309817,10.343059,8.54015,8.540149
4.2492194,0.0037483857,0.2924129,70000.0,151467.44,149824.05,149824.06,0.019309817,10.343732,8.540152,8.540149
4.2492194,0.0034199634,0.37828884,70000.0,151467.34,149824.05,149824.06,0.019309817,10.343168,8.54015,8.54015
4.2492194,0.0043137753,0.3106461,70000.0,151467.39,149824.05,149824.06,0.019309817,10.343486,8.540152,8.54015
4.2492194,0.004116649,0.26923558,70000.0,151467.4,149824.06,149824.08,0.019309817,10.343355,8.540152,8.540149
4.2492194,0.0040013734,0.25203094,70000.0,151467.44,149824.05,149824.06,0.019309817,10.343807,8.540152,8.54015
4.2492194,0.0036266923,0.28202045,70000.0,151467.39,149824.05,149824.03,0.019309817,10.343191,8.540151,8.54015
4.2492194,0.0037787266,0.24935657,70000.0,151467.39,149824.06,149824.06,0.019309817,10.343225,8.540152,8.54015
4.2492194,0.0039387993,0.3557596,70000.0,151467.39,149824.06,149824.06,0.019309817,10.3430195,8.540151,8.540149
4.2492194,0.0034267884,0.25854293,70000.0,151467.42,149824.05,149824.06,0.019309817,10.343482,8.540152,8.540149
4.2492194,0.0037776218,0.31873205,70000.0,151467.38,149824.08,149824.06,0.019309817,10.343633,8.540151,8.54015
4.2492194,0.0036175996,0.24007739,70000.0,151467.39,149824.06,149824.06,0.019309817,10.34368,8.540153,8.540149
4.2492194,0.003828415,0.24694954,70000.0,151467.38,149824.05,149824.05,0.019309817,10.3434105,8.540152,8.540151
4.2492194,0.003757735,0.3009352,70000.0,151467.36,149824.05,149824.05,0.019309817,10.343068,8.540152,8.540149
4.2492194,0.0043824166,0.3091304,70000.0,151467.34,149824.06,149824.05,0.019309817,10.343113,8.540151,8.540149
4.2492194,0.0040031164,0.28425705,70000.0,151467.34,149824.05,149824.05,0.019309817,10.343166,8.540152,8.540149
4.2492194,0.0036860628,0.29325008,70000.0,151467.44,149824.05,149824.05,0.019309817,10.343625,8.540152,8.540149
4.2492194,0.0026021078,0.3284092,70000.0,151467.39,149824.05,149824.05,0.019309817,10.343719,8.54015,8.540149
4.2492194,0.0033348356,0.2989264,70000.0,151467.38,149824.06,149824.05,0.019309817,10.343074,8.540152,8.540151
4.2492194,0.0033630724,0.3365144,70000.0,151467.39,149824.06,149824.06,0.019309817,10.343418,8.540151,8.540149
4.2492194,0.002903013,0.2991912,70000.0,151467.42,149824.06,149824.03,0.019309817,10.3432255,8.540151,8.540149
4.2492194,0.003801096,0.24754,70000.0,151467.38,149824.05,149824.08,0.019309817,10.343486,8.540152,8.540151
4.2492194,0.0036823226,0.26250547,70000.0,151467.39,149824.05,149824.06,0.019309817,10.343341,8.540151,8.54015
4.2492194,0.0036726673,0.27989843,70000.0,151467.38,149824.06,149824.08,0.019309817,10.343324,8.540152,8.540151
4.2492194,0.003322694,0.3030757,70000.0,151467.36,149824.06,149824.05,0.019309817,10.343385,8.540152,8.540151
4.2492194,0.0041512484,0.28227112,70000.0,151467.44,149824.05,149824.05,0.019309817,10.343517,8.540151,8.54015
4.2492194,0.0037111528,0.3963335,70000.0,151467.4,149824.05,149824.06,0.019309817,10.343552,8.54015,8.54015
4.2492194,0.003667201,0.43013898,70000.0,151467.39,149824.05,149824.06,0.019309817,10.343391,8.54015,8.54015
4.2492194,0.0037281683,0.42836222,70000.0,151467.36,149824.06,149824.05,0.019309817,10.343129,8.54015,8.540149
4.2492194,0.0035451578,0.45606953,70000.0,151467.34,149824.06,149824.05,0.019309817,10.343268,8.54015,8.540149
4.2492194,0.0035310003,0.44882143,70000.0,151467.42,149824.06,149824.06,0.019309817,10.343416,8.54015,8.54015
4.2492194,0.0038354164,0.301809,70000.0,151467.36,149824.06,149824.06,0.019309817,10.343393,8.540152,8.54015
4.2492194,0.0044241752,0.5072181,70000.0,151467.39,149824.08,149824.06,0.019309817,10.343303,8.540149,8.540148
4.2492194,0.0038853616,0.2701348,70000.0,151467.38,149824.06,149824.06,0.019309817,10.343404,8.540152,8.540151
4.2492194,0.003242466,0.40121314,70000.0,151467.34,149824.03,149824.05,0.019309817,10.343232,8.54015,8.540151
4.2492194,0.003438759,0.43518177,70000.0,151467.4,149824.06,149824.06,0.019309817,10.343294,8.54015,8.54015
4.2492194,0.003940488,0.38630298,70000.0,151467.38,149824.05,149824.05,0.019309817,10.343244,8.54015,8.54015
4.2492194,0.0038441832,0.36631748,70000.0,151467.36,149824.05,149824.06,0.019309817,10.343007,8.54015,8.54015
4.2492194,0.0034900291,0.3885499,70000.0,151467.31,149824.06,149824.05,0.019309817,10.343187,8.540151,8.54015
4.2492194,0.0033477782,0.3739068,70000.0,151467.38,149824.06,149824.05,0.019309817,10.343139,8.540151,8.54015
4.2492194,0.003446409,0.4103268,70000.0,151467.38,149824.05,149824.03,0.019309817,10.343331,8.54015,8.540151
4.2492194,0.0033008344,0.28620252,70000.0,151467.36,149824.06,149824.05,0.019309817,10.343244,8.540153,8.540151
4.2492194,0.004434863,0.32487825,70000.0,151467.44,149824.06,149824.03,0.019309817,10.343632,8.540152,8.540151
4.2492194,0.0033934533,0.2955332,70000.0,151467.45,149824.06,149824.06,0.019309817,10.343535,8.540151,8.540149
4.2492194,0.0036589855,0.3243667,70000.0,151467.42,149824.06,149824.05,0.019309817,10.343557,8.540151,8.54015
4.2492194,0.003500847,0.38151926,70000.0,151467.38,149824.05,149824.06,0.019309817,10.343109,8.54015,8.540151
4.2492194,0.0029798483,0.41512543,70000.0,151467.42,149824.06,149824.03,0.019309817,10.3434105,8.54015,8.54015
4.2492194,0.0032407993,0.28804594,70000.0,151467.39,149824.06,149824.06,0.019309817,10.343345,8.540151,8.54015
4.2492194,0.004016334,0.29668185,70000.0,151467.38,149824.03,149824.06,0.019309817,10.34342,8.540153,8.540149
4.2492194,0.004117785,0.28633425,70000.0,151467.38,149824.06,149824.06,0.019309817,10.343305,8.540152,8.540151
4.2492194,0.0035937196,0.2883922,70000.0,151467.4,149824.06,149824.05,0.019309817,10.343527,8.540153,8.54015
4.2492194,0.003507862,0.2976707,70000.0,151467.33,149824.08,149824.05,0.019309817,10.342895,8.540151,8.54015
4.2492194,0.003644455,0.3984472,70000.0,151467.34,149824.05,149824.05,0.019309817,10.343035,8.54015,8.54015
4.2492194,0.003737619,0.38670188,70000.0,151467.38,149824.05,149824.06,0.019309817,10.343409,8.540151,8.540149
4.2492194,0.0038768607,0.30346406,70000.0,151467.36,149824.05,149824.05,0.019309817,10.3435135,8.540153,8.54015
4.2492194,0.0040619164,0.2998372,70000.0,151467.38,149824.05,149824.06,0.019309817,10.343442,8.540151,8.54015
4.2492194,0.0037082073,0.388688,70000.0,151467.38,149824.05,149824.05,0.019309817,10.343692,8.540151,8.54015
4.2492194,0.0036416412,0.38979036,70000.0,151467.42,149824.06,149824.05,0.019309817,10.343748,8.54015,8.540148
4.2492194,0.0035455169,0.4656154,70000.0,151467.39,149824.05,149824.05,0.019309817,10.343579,8.54015,8.540151
4.2492194,0.0038157285,0.32471055,70000.0,151467.34,149824.08,149824.05,0.019309817,10.34329,8.540152,8.54015
4.2492194,0.004211311,0.39025018,70000.0,151467.36,149824.06,149824.06,0.019309817,10.343612,8.540151,8.540149
4.2492194,0.0037065442,0.40758166,70000.0,151467.36,149824.06,149824.05,0.019309817,10.343285,8.540151,8.540151
4.2492194,0.0040702494,0.36385727,70000.0,151467.36,149824.05,149824.06,0.019309817,10.343016,8.540152,8.54015
4.2492194,0.0039622714,0.3268934,70000.0,151467.4,149824.05,149824.08,0.019309817,10.343563,8.540151,8.540149
4.2492194,0.00398503,0.3210598,70000.0,151467.38,149824.03,149824.05,0.019309817,10.343597,8.540152,8.54015
4.2492194,0.0036201796,0.37060598,70000.0,151467.36,149824.06,149824.06,0.019309817,10.343102,8.540151,8.54015
4.2492194,0.003926221,0.43204165,70000.0,151467.36,149824.05,149824.06,0.019309817,10.343335,8.540151,8.540151
4.2492194,0.0037907918,0.39172706,70000.0,151467.34,149824.05,149824.05,0.019309817,10.34315,8.540151,8.54015
4.2492194,0.0042088307,0.38283592,70000.0,151467.4,149824.05,149824.06,0.019309817,10.343394,8.54015,8.540151
4.2492194,0.003451892,0.38095325,70000.0,151467.34,149824.06,149824.06,0.019309817,10.343409,8.540151,8.54015
4.2492194,0.0033358298,0.30901417,70000.0,151467.39,149824.05,149824.06,0.019309817,10.343637,8.540152,8.540149
4.2492194,0.0034287523,0.3677855,70000.0,151467.39,149824.05,149824.06,0.019309817,10.34326,8.540151,8.54015
4.2492194,0.0036601466,0.38012016,70000.0,151467.39,149824.06,149824.05,0.019309817,10.343505,8.54015,8.54015
4.2492194,0.0037160611,0.2944561,70000.0,151467.38,149824.06,149824.08,0.019309817,10.343159,8.540153,8.54015
4.2492194,0.0035178305,0.42164835,70000.0,151467.38,149824.06,149824.05,0.019309817,10.34347,8.54015,8.54015
4.2492194,0.003813478,0.2468562,70000.0,151467.36,149824.06,149824.08,0.019309817,10.3432255,8.540152,8.54015
4.2492194,0.003944896,0.34400582,70000.0,151467.34,149824.06,149824.05,0.019309817,10.343199,8.540152,8.54015
4.2492194,0.004062436,0.39153463,70000.0,151467.42,149824.03,149824.08,0.019309817,10.343467,8.540149,8.54015
4.2492194,0.003563889,0.41013458,70000.0,151467.4,149824.06,149824.05,0.019309817,10.343697,8.54015,8.54015
4.2492194,0.0035511195,0.32112667,70000.0,151467.39,149824.06,149824.05,0.019309817,10.34344,8.540152,8.540149
4.2492194,0.0036614225,0.2331647,70000.0,151467.39,149824.08,149824.06,0.019309817,10.343491,8.540151,8.540151
4.2492194,0.0031716235,0.38006386,70000.0,151467.36,149824.03,149824.06,0.019309817,10.343146,8.54015,8.54015
4.2492194,0.003560942,0.262465,70000.0,151467.36,149824.06,149824.08,0.019309817,10.343493,8.540152,8.540151
4.2492194,0.003916714,0.2823344,70000.0,151467.34,149824.06,149824.05,0.019309817,10.343371,8.540151,8.54015
4.2492194,0.0040359437,0.40148273,70000.0,151467.38,149824.05,149824.06,0.019309817,10.343388,8.54015,8.540149
4.2492194,0.0038098108,0.42378262,70000.0,151467.39,149824.05,149824.06,0.019309817,10.343424,8.54015,8.54015
4.2492194,0.0034122972,0.32095888,70000.0,151467.34,149824.05,149824.05,0.019309817,10.3435135,8.540151,8.540149
4.2492194,0.0032772478,0.30541307,70000.0,151467.38,149824.06,149824.05,0.019309817,10.3435,8.540152,8.54015
4.2492194,0.0035771523,0.24112996,70000.0,151467.36,149824.05,149824.08,0.019309817,10.343013,8.540152,8.54015
4.2492194,0.0037988622,0.31222144,70000.0,151467.39,149824.06,149824.06,0.019309817,10.343411,8.540151,8.54015
4.2492194,0.0037607388,0.3947643,70000.0,151467.38,149824.05,149824.06,0.019309817,10.343134,8.54015,8.54015
4.2492194,0.0038680292,0.30774492,70000.0,151467.4,149824.05,149824.05,0.019309817,10.34346,8.540152,8.54015
4.2492194,0.0038384295,0.5107705,70000.0,151467.4,149824.05,149824.06,0.019309817,10.343307,8.540149,8.54015
4.2492194,0.0031032956,0.46044567,70000.0,151467.38,149824.03,149824.06,0.019309817,10.343382,8.540148,8.540151
4.2492194,0.0036788466,0.45807177,70000.0,151467.39,149824.06,149824.05,0.019309817,10.343441,8.54015,8.54015
4.2492194,0.0038267833,0.31098834,70000.0,151467.38,149824.05,149824.03,0.019309817,10.343434,8.540152,8.540149
4.2492194,0.0033949176,0.26460513,70000.0,151467.38,149824.06,149824.06,0.019309817,10.343304,8.540152,8.540149
4.2492194,0.0038899716,0.25600785,70000.0,151467.36,149824.05,149824.05,0.019309817,10.343396,8.540151,8.54015
4.2492194,0.0033447682,0.331297,70000.0,151467.39,149824.03,149824.06,0.019309817,10.343385,8.540151,8.54015
4.2492194,0.0037895008,0.30293375,70000.0,151467.36,149824.05,149824.06,0.019309817,10.343141,8.540152,8.540151
4.2492194,0.0033098885,0.27480945,70000.0,151467.36,149824.05,149824.06,0.019309817,10.343679,8.540151,8.54015
4.2492194,0.003801879,0.34702966,70000.0,151467.4,149824.06,149824.06,0.019309817,10.343335,8.540152,8.540148
4.2492194,0.0035534748,0.47215736,70000.0,151467.4,149824.06,149824.06,0.019309817,10.343415,8.540149,8.54015
4.2492194,0.003769612,0.28138825,70000.0,151467.38,149824.05,149824.05,0.019309817,10.34382,8.540151,8.540151
4.2492194,0.0036073595,0.27263933,70000.0,151467.4,149824.05,149824.03,0.019309817,10.343336,8.540152,8.54015
4.2492194,0.003395791,0.26587883,70000.0,151467.36,149824.05,149824.06,0.019309817,10.343343,8.540152,8.54015
4.2492194,0.0041271225,0.34644246,70000.0,151467.33,149824.06,149824.06,0.019309817,10.343133,8.540152,8.540149
4.2492194,0.0038700919,0.36706042,70000.0,151467.39,149824.05,149824.06,0.019309817,10.343607,8.540149,8.54015
4.2492194,0.003530982,0.25711334,70000.0,151467.36,149824.05,149824.05,0.019309817,10.343605,8.540151,8.54015
4.2492194,0.0035332395,0.36371228,70000.0,151467.39,149824.06,149824.05,0.019309817,10.343261,8.540151,8.54015
4.2492194,0.0031580438,0.3327884,70000.0,151467.36,149824.06,149824.06,0.019309817,10.343598,8.540151,8.54015
4.2492194,0.003432842,0.3796845,70000.0,151467.39,149824.02,149824.06,0.019309817,10.343423,8.54015,8.54015
4.2492194,0.003791185,0.41431865,70000.0,151467.33,149824.05,149824.06,0.019309817,10.343317,8.54015,8.54015
4.2492194,0.0030118406,0.45170814,70000.0,151467.31,149824.05,149824.06,0.019309817,10.3432865,8.54015,8.54015
4.2492194,0.0038651829,0.31508923,70000.0,151467.34,149824.06,149824.06,0.019309817,10.3431425,8.540152,8.54015
4.2492194,0.003760966,0.28884757,70000.0,151467.44,149824.05,149824.1,0.019309817,10.343582,8.540152,8.540151
4.2492194,0.0035829712,0.27249226,70000.0,151467.3,149824.06,149824.05,0.019309817,10.343161,8.540151,8.540149
4.2492194,0.004084061,0.45064315,70000.0,151467.36,149824.06,149824.06,0.019309817,10.343417,8.54015,8.540151
4.2492194,0.0032383339,0.41678092,70000.0,151467.34,149824.05,149824.03,0.019309817,10.343271,8.54015,8.54015
4.2492194,0.0029641408,0.35576504,70000.0,151467.39,149824.05,149824.08,0.019309817,10.343475,8.540151,8.540149
4.2492194,0.003828882,0.30751184,70000.0,151467.4,149824.06,149824.03,0.019309817,10.343393,8.540152,8.54015
4.2492194,0.0033882973,0.42553306,70000.0,151467.38,149824.02,149824.05,0.019309817,10.343233,8.54015,8.54015
4.2492194,0.0053444724,0.4147266,70000.0,151467.31,149824.06,149824.05,0.019309817,10.343328,8.54015,8.54015
4.2492194,0.004207136,0.429423,70000.0,151467.44,149824.05,149824.05,0.019309817,10.343725,8.54015,8.540149
4.2492194,0.0036051776,0.30892932,70000.0,151467.33,149824.06,149824.05,0.019309817,10.343483,8.540152,8.540151
4.2492194,0.0034734844,0.35791972,70000.0,151467.38,149824.06,149824.05,0.019309817,10.343474,8.540151,8.540149
4.2492194,0.0035974039,0.34367663,70000.0,151467.47,149824.06,149824.05,0.019309817,10.343986,8.540151,8.54015
4.2492194,0.0034961957,0.44240838,70000.0,151467.31,149824.03,149824.05,0.019309817,10.342911,8.54015,8.540149
4.2492194,0.003233441,0.31400847,70000.0,151467.38,149824.06,149824.08,0.019309817,10.343551,8.540151,8.54015
4.2492194,0.0034211683,0.3403076,70000.0,151467.4,149824.03,149824.06,0.019309817,10.343565,8.540151,8.54015
4.2492194,0.0038251004,0.34140882,70000.0,151467.34,149824.03,149824.06,0.019309817,10.343684,8.540151,8.54015
4.2492194,0.0038084646,0.49007273,70000.0,151467.34,149824.05,149824.06,0.019309817,10.343208,8.540149,8.54015
4.2492194,0.004187662,0.30096605,70000.0,151467.38,149824.05,149824.03,0.019309817,10.343563,8.540152,8.540149
4.2492194,0.0037602838,0.41753814,70000.0,151467.31,149824.05,149824.03,0.019309817,10.343157,8.54015,8.54015
4.2492194,0.0069486173,0.26918626,70000.0,151467.39,149824.06,149824.05,0.019309817,10.343381,8.540151,8.54015
4.2492194,0.0035118295,0.27165774,70000.0,151467.38,149824.03,149824.03,0.019309817,10.343497,8.540152,8.54015
4.2492194,0.0038969757,0.20740303,70000.0,151467.34,149824.06,149824.06,0.019309817,10.343449,8.540151,8.54015
4.2492194,0.004364201,0.39850622,70000.0,151467.36,149824.05,149824.06,0.019309817,10.3432455,8.54015,8.54015
4.2492194,0.0039530243,0.29965946,70000.0,151467.39,149824.03,149824.05,0.019309817,10.343467,8.540151,8.540149
4.2492194,0.0039509297,0.34554303,70000.0,151467.36,149824.06,149824.06,0.019309817,10.343085,8.540151,8.54015
4.2492194,0.003882391,0.27810395,70000.0,151467.42,149824.06,149824.05,0.019309817,10.343707,8.540153,8.540149
4.2492194,0.00391683,0.3306366,70000.0,151467.33,149824.06,149824.06,0.019309817,10.343081,8.540153,8.540149
4.2492194,0.0037318675,0.27690724,70000.0,151467.36,149824.05,149824.06,0.019309817,10.343388,8.540152,8.540149
4.2492194,0.004285606,0.27311632,70000.0,151467.45,149824.06,149824.06,0.019309817,10.343588,8.540153,8.54015
4.2492194,0.0040264903,0.35871884,70000.0,151467.36,149824.05,149824.06,0.019309817,10.3432455,8.540151,8.54015
4.2492194,0.003494887,0.37595758,70000.0,151467.34,149824.08,149824.05,0.019309817,10.34321,8.540152,8.540149
4.2492194,0.0034197262,0.45216894,70000.0,151467.4,149824.08,149824.08,0.019309817,10.343454,8.540149,8.540149
4.2492194,0.0037535783,0.32938898,70000.0,151467.4,149824.05,149824.05,0.019309817,10.343387,8.540152,8.54015
4.2492194,0.0035396377,0.3643444,70000.0,151467.47,149824.06,149824.06,0.019309817,10.343854,8.54015,8.54015
4.2492194,0.0037982315,0.2856422,70000.0,151467.34,149824.06,149824.03,0.019309817,10.343302,8.540152,8.54015
4.2492194,0.0041000703,0.26197776,70000.0,151467.42,149824.06,149824.06,0.019309817,10.343788,8.540153,8.540151
4.2492194,0.004103072,0.32669434,70000.0,151467.4,149824.06,149824.05,0.019309817,10.343213,8.540152,8.54015
4.2492194,0.003935889,0.40781906,70000.0,151467.38,149824.03,149824.05,0.019309817,10.343412,8.540149,8.540151
4.2492194,0.003663339,0.29752982,70000.0,151467.3,149824.06,149824.05,0.019309817,10.343031,8.540152,8.54015
4.2492194,0.0035538608,0.26416758,70000.0,151467.36,149824.05,149824.05,0.019309817,10.343131,8.540152,8.54015
4.2492194,0.002594559,0.44690984,70000.0,151467.4,149824.05,149824.03,0.019309817,10.3436165,8.54015,8.54015
4.2492194,0.003828594,0.23089494,70000.0,151467.33,149824.03,149824.05,0.019309817,10.343504,8.54015,8.540149
4.2492194,0.006636102,0.2698305,70000.0,151467.38,149824.05,149824.05,0.019309817,10.343579,8.540152,8.540149
4.2492194,0.004147791,0.28205362,70000.0,151467.33,149824.05,149824.05,0.019309817,10.342926,8.540151,8.54015
4.2492194,0.0038979214,0.44580352,70000.0,151467.36,149824.05,149824.05,0.019309817,10.343395,8.54015,8.540149
4.2492194,0.0037049283,0.48470998,70000.0,151467.38,149824.08,149824.05,0.019309817,10.343224,8.54015,8.54015
4.2492194,0.0033987213,0.25862563,70000.0,151467.33,149824.03,149824.06,0.019309817,10.343428,8.540152,8.54015
4.2492194,0.0037644096,0.2803109,70000.0,151467.39,149824.05,149824.06,0.019309817,10.343499,8.540151,8.540149
4.2492194,0.0040175724,0.4632736,70000.0,151467.39,149824.06,149824.05,0.019309817,10.343571,8.54015,8.54015
4.2492194,0.0039245468,0.35528722,70000.0,151467.39,149824.06,149824.05,0.019309817,10.343405,8.540152,8.540149
4.2492194,0.0033135458,0.2575879,70000.0,151467.4,149824.05,149824.06,0.019309817,10.343476,8.540153,8.540149
4.2492194,0.0035664407,0.34677762,70000.0,151467.36,149824.05,149824.05,0.019309817,10.343266,8.54015,8.540149
4.2492194,0.0041582556,0.38482767,70000.0,151467.44,149824.06,149824.05,0.019309817,10.343775,8.54015,8.540149
4.2492194,0.0039296835,0.2798674,70000.0,151467.36,149824.03,149824.06,0.019309817,10.343155,8.540152,8.540151
4.2492194,0.0034870417,0.25529253,70000.0,151467.38,149824.03,149824.05,0.019309817,10.343802,8.540152,8.54015
4.2492194,0.0029606703,0.41711867,70000.0,151467.44,149824.06,149824.03,0.019309817,10.343522,8.54015,8.54015
4.2492194,0.0035035037,0.38312078,70000.0,151467.38,149824.05,149824.06,0.019309817,10.34345,8.54015,8.540151
4.2492194,0.003777595,0.41769582,70000.0,151467.36,149824.05,149824.06,0.019309817,10.343473,8.54015,8.54015
4.2492194,0.0035723832,0.2959426,70000.0,151467.38,149824.05,149824.08,0.019309817,10.343725,8.540152,8.54015
4.2492194,0.0031467837,0.43432975,70000.0,151467.38,149824.05,149824.08,0.019309817,10.343764,8.54015,8.540151
4.2492194,0.0037722436,0.29633483,70000.0,151467.38,149824.06,149824.03,0.019309817,10.343161,8.540152,8.540149
4.2492194,0.0030928196,0.34883472,70000.0,151467.38,149824.05,149824.05,0.019309817,10.343691,8.540151,8.540149
4.2492194,0.0036793272,0.27298582,70000.0,151467.4,149824.06,149824.03,0.019309817,10.343285,8.540152,8.540149
4.2492194,0.003622963,0.27981535,70000.0,151467.4,149824.06,149824.06,0.019309817,10.343734,8.540152,8.54015
4.2492194,0.0042310916,0.29989997,70000.0,151467.4,149824.05,149824.05,0.019309817,10.343338,8.540152,8.540151
4.2492194,0.0035229665,0.37311247,70000.0,151467.39,149824.06,149824.05,0.019309817,10.343308,8.540151,8.540149
4.2492194,0.003552818,0.34333903,70000.0,151467.31,149824.06,149824.05,0.019309817,10.343269,8.540152,8.540149
4.2492194,0.0038509967,0.29628712,70000.0,151467.45,149824.06,149824.05,0.019309817,10.343575,8.540151,8.54015
4.2492194,0.0037592247,0.46375424,70000.0,151467.34,149824.05,149824.06,0.019309817,10.343207,8.540151,8.54015
4.2492194,0.0038450258,0.44768453,70000.0,151467.31,149824.05,149824.06,0.019309817,10.343538,8.54015,8.540151
4.2492194,0.0033431512,0.3829114,70000.0,151467.42,149824.05,149824.06,0.019309817,10.34339,8.54015,8.54015
4.2492194,0.003336794,0.30503333,70000.0,151467.33,149824.08,149824.05,0.019309817,10.343351,8.540152,8.54015
4.2492194,0.004039543,0.3825031,70000.0,151467.39,149824.06,149824.05,0.019309817,10.34373,8.540151,8.540149
4.2492194,0.003933755,0.32583588,70000.0,151467.39,149824.02,149824.05,0.019309817,10.343289,8.540152,8.540149
4.2492194,0.003464948,0.40577254,70000.0,151467.36,149824.06,149824.05,0.019309817,10.343263,8.54015,8.54015
4.2492194,0.0034392297,0.35777852,70000.0,151467.36,149824.05,149824.05,0.019309817,10.343745,8.54015,8.54015
4.2492194,0.0032047464,0.3953455,70000.0,151467.36,149824.05,149824.08,0.019309817,10.343467,8.54015,8.54015
4.2492194,0.0034351514,0.4293043,70000.0,151467.38,149824.06,149824.05,0.019309817,10.34348,8.54015,8.540149
4.2492194,0.0036611673,0.29308343,70000.0,151467.33,149824.03,149824.05,0.019309817,10.343255,8.540152,8.54015
4.2492194,0.0033237922,0.4375854,70000.0,151467.44,149824.05,149824.05,0.019309817,10.343651,8.540149,8.54015
4.2492194,0.0039667026,0.32985356,70000.0,151467.42,149824.06,149824.06,0.019309817,10.343597,8.540151,8.54015
4.2492194,0.0038496107,0.29760003,70000.0,151467.39,149824.05,149824.05,0.019309817,10.343229,8.540152,8.54015
4.2492194,0.003701656,0.33370417,70000.0,151467.34,149824.08,149824.06,0.019309817,10.343263,8.540151,8.540151
4.2492194,0.0036522828,0.28025547,70000.0,151467.45,149824.06,149824.05,0.019309817,10.343461,8.540152,8.540151
4.2492194,0.003788245,0.42356732,70000.0,151467.38,149824.05,149824.05,0.019309817,10.343159,8.54015,8.54015
4.2492194,0.0033102033,0.30391276,70000.0,151467.34,149824.06,149824.06,0.019309817,10.343167,8.540151,8.54015
4.2492194,0.0038881788,0.3952248,70000.0,151467.42,149824.05,149824.05,0.019309817,10.343143,8.540149,8.540149
4.2492194,0.0034763492,0.33037496,70000.0,151467.42,149824.08,149824.06,0.019309817,10.343591,8.540151,8.54015
4.2492194,0.0042072036,0.26783076,70000.0,151467.36,149824.03,149824.08,0.019309817,10.343185,8.540151,8.54015
4.2492194,0.0041137906,0.3277421,70000.0,151467.34,149824.08,149824.05,0.019309817,10.343242,8.540151,8.540151
4.2492194,0.0036378074,0.29615128,70000.0,151467.38,149824.06,149824.06,0.019309817,10.343268,8.540151,8.54015
4.2492194,0.003611004,0.36419207,70000.0,151467.31,149824.05,149824.05,0.019309817,10.343447,8.54015,8.54015
4.2492194,0.003487401,0.2852474,70000.0,151467.38,149824.06,149824.05,0.019309817,10.344013,8.540152,8.54015
4.2492194,0.0036354198,0.29979935,70000.0,151467.38,149824.05,149824.05,0.019309817,10.34322,8.540152,8.540149
4.2492194,0.0037533934,0.29883656,70000.0,151467.4,149824.03,149824.05,0.019309817,10.343466,8.540152,8.540151
4.2492194,0.0036635073,0.2365005,70000.0,151467.34,149824.05,149824.05,0.019309817,10.343055,8.540152,8.540149
4.2492194,0.0038013807,0.2508341,70000.0,151467.33,149824.06,149824.06,0.019309817,10.342979,8.540152,8.540149
4.2492194,0.0037707086,0.2633924,70000.0,151467.36,149824.08,149824.06,0.019309817,10.34374,8.540152,8.54015
4.2492194,0.0035449262,0.3010978,70000.0,151467.33,149824.05,149824.08,0.019309817,10.343212,8.540151,8.54015
4.2492194,0.003397299,0.34515697,70000.0,151467.36,149824.08,149824.03,0.019309817,10.343746,8.540151,8.540151
4.2492194,0.0035943033,0.26920614,70000.0,151467.36,149824.03,149824.05,0.019309817,10.343551,8.540152,8.54015
4.2492194,0.0032189619,0.40002054,70000.0,151467.39,149824.05,149824.05,0.019309817,10.343168,8.54015,8.540149
4.2492194,0.0033747319,0.37714624,70000.0,151467.39,149824.05,149824.05,0.019309817,10.3435955,8.540151,8.54015
4.2492194,0.003454421,0.27771097,70000.0,151467.36,149824.06,149824.08,0.019309817,10.343491,8.540153,8.540149
4.2492194,0.004273097,0.2873031,70000.0,151467.39,149824.05,149824.05,0.019309817,10.343461,8.540152,8.540149
4.2492194,0.0040336126,0.25937554,70000.0,151467.36,149824.05,149824.06,0.019309817,10.343244,8.540152,8.54015
4.2492194,0.00399868,0.4197166,70000.0,151467.34,149824.05,149824.05,0.019309817,10.343043,8.54015,8.540149
4.2492194,0.003843272,0.30162397,70000.0,151467.4,149824.05,149824.03,0.019309817,10.343796,8.540153,8.540148
4.2492194,0.0034077743,0.3551395,70000.0,151467.38,149824.06,149824.06,0.019309817,10.343787,8.540152,8.540151
4.2492194,0.003577749,0.41127428,70000.0,151467.38,149824.03,149824.06,0.019309817,10.343284,8.54015,8.540149
4.2492194,0.00340069,0.32717153,70000.0,151467.39,149824.05,149824.06,0.019309817,10.343075,8.540152,8.540151
4.2492194,0.0036444732,0.32201242,70000.0,151467.34,149824.05,149824.03,0.019309817,10.343478,8.540152,8.540151
4.2492194,0.0037597797,0.29047197,70000.0,151467.4,149824.05,149824.06,0.019309817,10.343427,8.540152,8.54015
4.2492194,0.0036476331,0.3564076,70000.0,151467.36,149824.05,149824.06,0.019309817,10.343057,8.54015,8.540149
4.2492194,0.0034769522,0.38240933,70000.0,151467.39,149824.05,149824.08,0.019309817,10.3436365,8.54015,8.540151
4.2492194,0.003716395,0.48501793,70000.0,151467.36,149824.05,149824.05,0.019309817,10.34312,8.540149,8.540149
4.2492194,0.0035523812,0.3619494,70000.0,151467.36,149824.06,149824.08,0.019309817,10.343444,8.540151,8.54015
4.2492194,0.003764102,0.3485252,70000.0,151467.39,149824.06,149824.06,0.019309817,10.343462,8.540151,8.54015
4.2492194,0.0035589146,0.48610976,70000.0,151467.36,149824.03,149824.05,0.019309817,10.343071,8.54015,8.54015
4.2492194,0.0035465832,0.3254845,70000.0,151467.38,149824.03,149824.08,0.019309817,10.34349,8.540151,8.540151
4.2492194,0.0034593611,0.32936433,70000.0,151467.31,149824.06,149824.05,0.019309817,10.343276,8.540151,8.54015
4.2492194,0.003120222,0.2593491,70000.0,151467.38,149824.06,149824.05,0.019309817,10.343976,8.540152,8.540151
4.2492194,0.0031552943,0.2929194,70000.0,151467.3,149824.06,149824.06,0.019309817,10.343158,8.540152,8.540149
4.2492194,0.0038889335,0.32428086,70000.0,151467.42,149824.05,149824.05,0.019309817,10.343528,8.540152,8.540149
4.2492194,0.0030103817,0.3016453,70000.0,151467.39,149824.06,149824.06,0.019309817,10.343672,8.540152,8.54015
4.2492194,0.0033839939,0.31883708,70000.0,151467.36,149824.08,149824.05,0.019309817,10.343254,8.540152,8.54015
4.2492194,0.0035891603,0.39383307,70000.0,151467.34,149824.06,149824.06,0.019309817,10.343319,8.540149,8.54015
4.2492194,0.0032558825,0.34164172,70000.0,151467.39,149824.05,149824.05,0.019309817,10.343167,8.540151,8.54015
4.2492194,0.0037058336,0.31824496,70000.0,151467.38,149824.08,149824.06,0.019309817,10.343134,8.540151,8.54015
4.2492194,0.0037175368,0.36509678,70000.0,151467.42,149824.06,149824.05,0.019309817,10.343434,8.540152,8.540149
4.2492194,0.003923158,0.51191235,70000.0,151467.4,149824.05,149824.05,0.019309817,10.343751,8.540149,8.540149
4.2492194,0.0033867417,0.2958016,70000.0,151467.42,149824.05,149824.06,0.019309817,10.343475,8.540151,8.54015
4.2492194,0.0035017913,0.47364372,70000.0,151467.36,149824.02,149824.05,0.019309817,10.343135,8.540149,8.540149
4.2492194,0.0038229765,0.33741102,70000.0,151467.42,149824.06,149824.05,0.019309817,10.343428,8.540151,8.540149
4.2492194,0.0030413691,0.37330687,70000.0,151467.44,149824.06,149824.05,0.019309817,10.34378,8.54015,8.540151
4.2492194,0.0035204585,0.32594928,70000.0,151467.31,149824.05,149824.05,0.019309817,10.343094,8.540152,8.54015
4.2492194,0.0035508664,0.3249137,70000.0,151467.33,149824.05,149824.06,0.019309817,10.343339,8.540152,8.540151
4.2492194,0.003735268,0.41203287,70000.0,151467.38,149824.05,149824.06,0.019309817,10.343362,8.540149,8.540151
4.2492194,0.003482399,0.37789342,70000.0,151467.4,149824.05,149824.03,0.019309817,10.343564,8.54015,8.54015
4.2492194,0.0038203439,0.3376901,70000.0,151467.36,149824.08,149824.05,0.019309817,10.343217,8.540151,8.540149
4.2492194,0.0035447392,0.35014442,70000.0,151467.31,149824.06,149824.06,0.019309817,10.343264,8.54015,8.54015
4.2492194,0.0034294887,0.3744296,70000.0,151467.42,149824.06,149824.08,0.019309817,10.343647,8.540151,8.540149
4.2492194,0.003624423,0.38132194,70000.0,151467.28,149824.05,149824.05,0.019309817,10.343149,8.54015,8.54015
4.2492194,0.004055552,0.25725237,70000.0,151467.34,149824.06,149824.06,0.019309817,10.343105,8.540151,8.54015
4.2492194,0.0038965375,0.39293063,70000.0,151467.39,149824.08,149824.06,0.019309817,10.343543,8.54015,8.54015
4.2492194,0.0033477908,0.4423388,70000.0,151467.33,149824.05,149824.05,0.019309817,10.343293,8.540149,8.54015
4.2492194,0.0034471173,0.2672212,70000.0,151467.3,149824.06,149824.06,0.019309817,10.343351,8.540153,8.540149
4.2492194,0.0030919574,0.3535363,70000.0,151467.39,149824.06,149824.05,0.019309817,10.343636,8.540152,8.54015
4.2492194,0.00341633,0.41130805,70000.0,151467.34,149824.03,149824.06,0.019309817,10.34329,8.54015,8.540151
4.2492194,0.0028476347,0.32050136,70000.0,151467.4,149824.06,149824.06,0.019309817,10.343688,8.540151,8.54015
4.2492194,0.004129552,0.2821749,70000.0,151467.39,149824.06,149824.05,0.019309817,10.343146,8.540153,8.54015
4.2492194,0.004391152,0.27967188,70000.0,151467.39,149824.05,149824.05,0.019309817,10.343387,8.540152,8.540149
4.2492194,0.004238184,0.28346637,70000.0,151467.38,149824.06,149824.06,0.019309817,10.343455,8.540152,8.54015
4.2492194,0.0041098287,0.3658974,70000.0,151467.34,149824.06,149824.06,0.019309817,10.343455,8.540151,8.540151
4.2492194,0.0035359715,0.4208489,70000.0,151467.38,149824.03,149824.05,0.019309817,10.343485,8.54015,8.54015
4.2492194,0.0038020173,0.2633472,70000.0,151467.38,149824.05,149824.08,0.019309817,10.343531,8.540152,8.540151
4.2492194,0.0033407914,0.29113436,70000.0,151467.4,149824.05,149824.06,0.019309817,10.343456,8.540152,8.54015
4.2492194,0.003550995,0.32739443,70000.0,151467.42,149824.08,149824.06,0.019309817,10.34379,8.540151,8.54015
4.2492194,0.003874437,0.31272706,70000.0,151467.36,149824.06,149824.08,0.019309817,10.343389,8.540152,8.54015
4.2492194,0.0037764956,0.476249,70000.0,151467.39,149824.05,149824.05,0.019309817,10.343381,8.540149,8.54015
4.2492194,0.0033813708,0.3792173,70000.0,151467.4,149824.03,149824.05,0.019309817,10.343282,8.540149,8.54015
4.2492194,0.003217371,0.38129628,70000.0,151467.39,149824.05,149824.05,0.019309817,10.343669,8.54015,8.540149
4.2492194,0.0040629962,0.31141344,70000.0,151467.36,149824.05,149824.05,0.019309817,10.343641,8.540152,8.54015
4.2492194,0.0036478434,0.37768498,70000.0,151467.36,149824.05,149824.05,0.019309817,10.3432665,8.540151,8.54015
4.2492194,0.0037321907,0.28743494,70000.0,151467.4,149824.08,149824.06,0.019309817,10.343467,8.540152,8.540149
4.2492194,0.0035293768,0.47096017,70000.0,151467.38,149824.05,149824.05,0.019309817,10.343285,8.540149,8.54015
4.2492194,0.0040621627,0.2663877,70000.0,151467.42,149824.06,149824.06,0.019309817,10.343734,8.540152,8.540149
4.2492194,0.0035396435,0.4811952,70000.0,151467.38,149824.06,149824.05,0.019309817,10.343426,8.54015,8.540149
4.2492194,0.0036754482,0.40367505,70000.0,151467.42,149824.06,149824.06,0.019309817,10.343569,8.540151,8.54015
4.2492194,0.0036360295,0.40653753,70000.0,151467.38,149824.03,149824.06,0.019309817,10.343291,8.54015,8.540151
4.2492194,0.0038972301,0.32304952,70000.0,151467.4,149824.05,149824.05,0.019309817,10.343494,8.540152,8.54015
4.2492194,0.0040438846,0.44907206,70000.0,151467.38,149824.06,149824.06,0.019309817,10.34338,8.54015,8.540149
4.2492194,0.0035095403,0.3215581,70000.0,151467.4,149824.05,149824.05,0.019309817,10.343283,8.540152,8.54015
4.2492194,0.003980873,0.32143795,70000.0,151467.38,149824.06,149824.05,0.019309817,10.343503,8.540151,8.54015
4.2492194,0.0039369436,0.2841573,70000.0,151467.34,149824.06,149824.05,0.019309817,10.343262,8.540152,8.54015
4.2492194,0.0040245047,0.34741116,70000.0,151467.39,149824.03,149824.05,0.019309817,10.3435335,8.54015,8.540149
4.2492194,0.0037633039,0.27339634,70000.0,151467.36,149824.05,149824.05,0.019309817,10.343079,8.540151,8.540149
4.2492194,0.0032951112,0.28834042,70000.0,151467.33,149824.05,149824.08,0.019309817,10.343143,8.540152,8.540149
4.2492194,0.0038912515,0.39784738,70000.0,151467.34,149824.03,149824.06,0.019309817,10.343539,8.540151,8.54015
4.2492194,0.004105219,0.27547765,70000.0,151467.31,149824.06,149824.06,0.019309817,10.343103,8.540152,8.54015
4.2492194,0.00416941,0.27580693,70000.0,151467.33,149824.05,149824.05,0.019309817,10.342958,8.540152,8.54015
4.2492194,0.002964362,0.2773465,70000.0,151467.28,149824.08,149824.05,0.019309817,10.343249,8.540151,8.54015
4.2492194,0.0035508077,0.39806905,70000.0,151467.36,149824.06,149824.06,0.019309817,10.343535,8.540151,8.54015
4.2492194,0.0031338513,0.33823404,70000.0,151467.38,149824.06,149824.06,0.019309817,10.343588,8.540151,8.540149
4.2492194,0.002891099,0.3201048,70000.0,151467.34,149824.06,149824.05,0.019309817,10.343645,8.540151,8.54015
4.2492194,0.003649463,0.31879097,70000.0,151467.36,149824.05,149824.05,0.019309817,10.343454,8.540152,8.540149
4.2492194,0.0037759708,0.32426924,70000.0,151467.34,149824.05,149824.05,0.019309817,10.343228,8.540152,8.54015
4.2492194,0.004073263,0.43806508,70000.0,151467.39,149824.03,149824.06,0.019309817,10.343534,8.54015,8.54015
4.2492194,0.0037628047,0.25119168,70000.0,151467.39,149824.08,149824.05,0.019309817,10.343649,8.540153,8.54015
4.2492194,0.0033874635,0.38754895,70000.0,151467.39,149824.03,149824.03,0.019309817,10.34363,8.54015,8.540149
4.2492194,0.0036481705,0.40514156,70000.0,151467.34,149824.06,149824.05,0.019309817,10.343192,8.540151,8.540149
4.2492194,0.0033941695,0.2634118,70000.0,151467.38,149824.05,149824.05,0.019309817,10.343769,8.540152,8.540149
4.2492194,0.0034512896,0.43391678,70000.0,151467.38,149824.06,149824.03,0.019309817,10.343444,8.540149,8.54015
4.2492194,0.003557573,0.3202832,70000.0,151467.42,149824.05,149824.05,0.019309817,10.3440275,8.540151,8.54015
4.2492194,0.003191824,0.31707025,70000.0,151467.39,149824.06,149824.06,0.019309817,10.343331,8.540151,8.540149
4.2492194,0.0035001417,0.30756226,70000.0,151467.33,149824.06,149824.05,0.019309817,10.343024,8.540151,8.540149
4.2492194,0.0030659104,0.37205806,70000.0,151467.4,149824.02,149824.03,0.019309817,10.343351,8.54015,8.54015
4.2492194,0.0031843516,0.3146597,70000.0,151467.36,149824.06,149824.05,0.019309817,10.34348,8.540152,8.54015
4.2492194,0.004128599,0.27496135,70000.0,151467.38,149824.05,149824.06,0.019309817,10.34346,8.540151,8.54015
4.2492194,0.003879544,0.25762656,70000.0,151467.31,149824.05,149824.05,0.019309817,10.343025,8.540152,8.54015
4.2492194,0.0034789434,0.32503012,70000.0,151467.33,149824.06,149824.03,0.019309817,10.343318,8.540151,8.54015
4.2492194,0.003324004,0.37708578,70000.0,151467.33,149824.08,149824.05,0.019309817,10.343235,8.540151,8.54015
4.2492194,0.0034541064,0.27619842,70000.0,151467.39,149824.05,149824.03,0.019309817,10.343659,8.540153,8.54015
4.2492194,0.0037513091,0.36552003,70000.0,151467.34,149824.03,149824.06,0.019309817,10.343521,8.540151,8.540149
4.2492194,0.0034061274,0.29102415,70000.0,151467.38,149824.03,149824.05,0.019309817,10.343276,8.540151,8.54015
4.2492194,0.0038221513,0.30945063,70000.0,151467.34,149824.05,149824.06,0.019309817,10.34319,8.540152,8.540149
4.2492194,0.003546438,0.37653247,70000.0,151467.39,149824.05,149824.08,0.019309817,10.343328,8.540151,8.540151
4.2492194,0.0035643706,0.33059067,70000.0,151467.39,149824.06,149824.06,0.019309817,10.343209,8.540151,8.54015
4.2492194,0.003270217,0.43484443,70000.0,151467.36,149824.05,149824.06,0.019309817,10.343305,8.540149,8.540151
4.2492194,0.0035329594,0.25996414,70000.0,151467.39,149824.05,149824.05,0.019309817,10.343313,8.540152,8.54015
4.2492194,0.0037751198,0.3086355,70000.0,151467.38,149824.06,149824.08,0.019309817,10.3431225,8.540151,8.540151
4.2492194,0.0034517734,0.44936055,70000.0,151467.44,149824.06,149824.05,0.019309817,10.34333,8.54015,8.540151
4.2492194,0.003789591,0.33049628,70000.0,151467.47,149824.06,149824.03,0.019309817,10.344031,8.540152,8.54015
4.2492194,0.003472686,0.24783482,70000.0,151467.4,149824.05,149824.06,0.019309817,10.343941,8.540152,8.54015
4.2492194,0.0036588977,0.48357067,70000.0,151467.44,149824.05,149824.08,0.019309817,10.343482,8.540149,8.540149
4.2492194,0.0033923045,0.34860072,70000.0,151467.4,149824.06,149824.05,0.019309817,10.343612,8.54015,8.540149
4.2492194,0.0033313723,0.48774394,70000.0,151467.4,149824.05,149824.03,0.019309817,10.343611,8.540149,8.54015
4.2492194,0.003876179,0.34401825,70000.0,151467.38,149824.05,149824.03,0.019309817,10.3435755,8.540152,8.54015
4.2492194,0.0034972432,0.47208816,70000.0,151467.33,149824.06,149824.06,0.019309817,10.343053,8.540149,8.54015
4.2492194,0.0034512628,0.2466754,70000.0,151467.31,149824.08,149824.05,0.019309817,10.343655,8.540152,8.540148
4.2492194,0.0036659765,0.35278928,70000.0,151467.38,149824.06,149824.06,0.019309817,10.34348,8.540151,8.54015
4.2492194,0.0036915422,0.42777786,70000.0,151467.42,149824.06,149824.05,0.019309817,10.34362,8.540151,8.54015
4.2492194,0.0036917203,0.26041925,70000.0,151467.39,149824.08,149824.06,0.019309817,10.343552,8.540152,8.540148
4.2492194,0.0036415397,0.40890992,70000.0,151467.33,149824.05,149824.05,0.019309817,10.343377,8.54015,8.540151
4.2492194,0.003869462,0.33414268,70000.0,151467.42,149824.06,149824.06,0.019309817,10.343823,8.540152,8.54015
4.2492194,0.0037945297,0.4045428,70000.0,151467.36,149824.05,149824.08,0.019309817,10.343406,8.540149,8.540151
4.2492194,0.0035403382,0.35220963,70000.0,151467.4,149824.02,149824.05,0.019309817,10.343483,8.54015,8.540151
4.2492194,0.003820122,0.3544918,70000.0,151467.38,149824.05,149824.06,0.019309817,10.343509,8.54015,8.54015
4.2492194,0.0036435635,0.280749,70000.0,151467.34,149824.05,149824.06,0.019309817,10.343433,8.540152,8.54015
4.2492194,0.004260404,0.25662816,70000.0,151467.39,149824.05,149824.05,0.019309817,10.343378,8.540152,8.54015
4.2492194,0.004330268,0.40540704,70000.0,151467.39,149824.05,149824.05,0.019309817,10.343249,8.540151,8.540149
4.2492194,0.003852961,0.42112985,70000.0,151467.38,149824.05,149824.06,0.019309817,10.343489,8.54015,8.540151
4.2492194,0.0033943504,0.3006889,70000.0,151467.36,149824.06,149824.06,0.019309817,10.343698,8.540152,8.54015
4.2492194,0.0038580853,0.43127805,70000.0,151467.44,149824.03,149824.03,0.019309817,10.343542,8.54015,8.540149
4.2492194,0.0046793176,0.28428823,70000.0,151467.36,149824.06,149824.05,0.019309817,10.343187,8.540153,8.540151
4.2492194,0.0041935463,0.27928445,70000.0,151467.39,149824.06,149824.06,0.019309817,10.343243,8.540153,8.54015
4.2492194,0.0041366434,0.38368806,70000.0,151467.36,149824.06,149824.05,0.019309817,10.343025,8.540151,8.54015
4.2492194,0.0035531407,0.30811787,70000.0,151467.31,149824.05,149824.08,0.019309817,10.343275,8.540151,8.54015
4.2492194,0.0036659103,0.27819416,70000.0,151467.33,149824.05,149824.05,0.019309817,10.343057,8.540151,8.540149
4.2492194,0.004043061,0.31189507,70000.0,151467.39,149824.06,149824.06,0.019309817,10.343209,8.540152,8.540151
4.2492194,0.0030915667,0.3495519,70000.0,151467.39,149824.05,149824.05,0.019309817,10.343311,8.54015,8.540151
4.2492194,0.003806682,0.29214305,70000.0,151467.33,149824.08,149824.05,0.019309817,10.343081,8.540152,8.54015
4.2492194,0.0032945976,0.27196375,70000.0,151467.36,149824.05,149824.06,0.019309817,10.343635,8.540152,8.54015
4.2492194,0.0036734592,0.28649637,70000.0,151467.39,149824.03,149824.05,0.019309817,10.343192,8.540151,8.540151
4.2492194,0.0037184423,0.36134163,70000.0,151467.36,149824.06,149824.06,0.019309817,10.343242,8.540151,8.540149
4.2492194,0.0040102154,0.4260222,70000.0,151467.33,149824.05,149824.05,0.019309817,10.343089,8.54015,8.54015
4.2492194,0.0033800902,0.37126267,70000.0,151467.4,149824.05,149824.05,0.019309817,10.343609,8.54015,8.540151
4.2492194,0.0036648863,0.37627423,70000.0,151467.4,149824.05,149824.05,0.019309817,10.343197,8.540151,8.54015
4.2492194,0.0035634763,0.3115641,70000.0,151467.44,149824.05,149824.05,0.019309817,10.343519,8.540151,8.54015
4.2492194,0.0033108725,0.25442773,70000.0,151467.4,149824.05,149824.06,0.019309817,10.343532,8.540152,8.540149
4.2492194,0.0032110275,0.3968528,70000.0,151467.34,149824.03,149824.08,0.019309817,10.343226,8.54015,8.540149
4.2492194,0.0034172484,0.33237588,70000.0,151467.45,149824.05,149824.03,0.019309817,10.34372,8.54015,8.54015
4.2492194,0.003694825,0.38586584,70000.0,151467.4,149824.05,149824.06,0.019309817,10.3435,8.54015,8.54015
4.2492194,0.003225745,0.24569722,70000.0,151467.42,149824.06,149824.06,0.019309817,10.343295,8.540151,8.54015
4.2492194,0.0035557977,0.30322057,70000.0,151467.44,149824.05,149824.06,0.019309817,10.343855,8.540152,8.54015
4.2492194,0.0038616022,0.28967202,70000.0,151467.44,149824.05,149824.03,0.019309817,10.343584,8.540151,8.54015
4.2492194,0.0035838028,0.3848881,70000.0,151467.34,149824.06,149824.06,0.019309817,10.34333,8.540151,8.54015
4.2492194,0.004121619,0.32302234,70000.0,151467.34,149824.06,149824.08,0.019309817,10.343514,8.540151,8.54015
4.2492194,0.0035391634,0.41454914,70000.0,151467.33,149824.08,149824.06,0.019309817,10.3433275,8.54015,8.540151
4.2492194,0.0033643872,0.38643926,70000.0,151467.34,149824.08,149824.03,0.019309817,10.34318,8.540151,8.54015
4.2492194,0.003742147,0.28877035,70000.0,151467.39,149824.05,149824.08,0.019309817,10.343619,8.540152,8.54015
4.2492194,0.003574413,0.41427216,70000.0,151467.38,149824.06,149824.06,0.019309817,10.343433,8.54015,8.54015
4.2492194,0.003556383,0.30415136,70000.0,151467.39,149824.05,149824.06,0.019309817,10.343369,8.540151,8.54015
4.2492194,0.003234011,0.45575938,70000.0,151467.33,149824.05,149824.05,0.019309817,10.343084,8.54015,8.540151
4.2492194,0.0042152693,0.32045323,70000.0,151467.36,149824.06,149824.05,0.019309817,10.343255,8.540152,8.54015
4.2492194,0.009969358,0.30255517,70000.0,151467.36,149824.06,149824.08,0.019309817,10.343137,8.540152,8.540151
4.2492194,0.0037824162,0.26044738,70000.0,151467.4,149824.06,149824.06,0.019309817,10.343641,8.540152,8.540149
4.2492194,0.003389877,0.38379306,70000.0,151467.39,149824.05,149824.05,0.019309817,10.343216,8.54015,8.54015
4.2492194,0.0031679203,0.30223706,70000.0,151467.36,149824.05,149824.05,0.019309817,10.343262,8.540152,8.54015
4.2492194,0.0034332562,0.39550617,70000.0,151467.39,149824.05,149824.05,0.019309817,10.343457,8.54015,8.540149
4.2492194,0.0037772227,0.35255146,70000.0,151467.39,149824.06,149824.05,0.019309817,10.343458,8.540151,8.54015
4.2492194,0.0030869097,0.31267497,70000.0,151467.31,149824.06,149824.05,0.019309817,10.343001,8.540151,8.54015
4.2492194,0.0033592249,0.347687,70000.0,151467.36,149824.06,149824.05,0.019309817,10.343165,8.540152,8.540149
4.2492194,0.0031661347,0.26271293,70000.0,151467.33,149824.06,149824.05,0.019309817,10.343321,8.540152,8.54015
4.2492194,0.0035922767,0.46355835,70000.0,151467.42,149824.06,149824.03,0.019309817,10.343626,8.540149,8.540151
4.2492194,0.0039034486,0.36442745,70000.0,151467.38,149824.05,149824.05,0.019309817,10.343419,8.540152,8.540149
4.2492194,0.0037683877,0.27436796,70000.0,151467.39,149824.06,149824.06,0.019309817,10.343289,8.540151,8.540149
4.2492194,0.0041921646,0.31822968,70000.0,151467.38,149824.06,149824.08,0.019309817,10.343163,8.540151,8.540149
4.2492194,0.004650148,0.4055284,70000.0,151467.36,149824.03,149824.05,0.019309817,10.343544,8.54015,8.54015
4.2492194,0.0049944418,0.33332974,70000.0,151467.39,149824.05,149824.05,0.019309817,10.343394,8.540152,8.54015
4.2492194,0.0040643797,0.41913772,70000.0,151467.39,149824.05,149824.06,0.019309817,10.3432865,8.54015,8.54015
4.2492194,0.0037992129,0.3272654,70000.0,151467.34,149824.05,149824.05,0.019309817,10.343614,8.540152,8.540149
4.2492194,0.0034679312,0.36314467,70000.0,151467.38,149824.05,149824.05,0.019309817,10.343514,8.54015,8.54015
4.2492194,0.0037765172,0.27602392,70000.0,151467.36,149824.05,149824.05,0.019309817,10.34367,8.540152,8.540149
4.2492194,0.003853179,0.34274143,70000.0,151467.34,149824.05,149824.06,0.019309817,10.34355,8.540151,8.54015
4.2492194,0.003875141,0.3826555,70000.0,151467.31,149824.03,149824.06,0.019309817,10.343049,8.54015,8.540151
4.2492194,0.003882575,0.25552472,70000.0,151467.45,149824.03,149824.05,0.019309817,10.343938,8.540151,8.54015
4.2492194,0.003645095,0.30074,70000.0,151467.4,149824.05,149824.06,0.019309817,10.343285,8.540152,8.54015
4.2492194,0.0031434805,0.32336214,70000.0,151467.4,149824.06,149824.08,0.019309817,10.343366,8.540151,8.54015
4.2492194,0.0032499507,0.24005727,70000.0,151467.4,149824.05,149824.05,0.019309817,10.343399,8.540151,8.540151
4.2492194,0.0033992466,0.26801813,70000.0,151467.39,149824.05,149824.06,0.019309817,10.343851,8.540152,8.54015
4.2492194,0.0041234028,0.4072702,70000.0,151467.38,149824.05,149824.06,0.019309817,10.3433895,8.54015,8.54015
4.2492194,0.0037186693,0.39369115,70000.0,151467.42,149824.06,149824.03,0.019309817,10.34339,8.540151,8.54015
4.2492194,0.0032952104,0.24481371,70000.0,151467.38,149824.05,149824.06,0.019309817,10.34378,8.540153,8.540149
4.2492194,0.0029994417,0.27478248,70000.0,151467.42,149824.06,149824.05,0.019309817,10.343851,8.540152,8.54015
4.2492194,0.0029810574,0.28256637,70000.0,151467.36,149824.06,149824.08,0.019309817,10.343194,8.540151,8.540151
4.2492194,0.003614776,0.37136394,70000.0,151467.33,149824.05,149824.06,0.019309817,10.343108,8.54015,8.54015
4.2492194,0.0035102428,0.33620498,70000.0,151467.39,149824.06,149824.08,0.019309817,10.343448,8.54015,8.54015
4.2492194,0.0037261844,0.27053076,70000.0,151467.33,149824.03,149824.06,0.019309817,10.343363,8.540152,8.54015
4.2492194,0.0033299224,0.27690402,70000.0,151467.44,149824.06,149824.06,0.019309817,10.34362,8.540152,8.54015
4.2492194,0.003689692,0.3080206,70000.0,151467.39,149824.06,149824.05,0.019309817,10.343368,8.540152,8.54015
4.2492194,0.0034332569,0.27785313,70000.0,151467.38,149824.05,149824.03,0.019309817,10.343284,8.540153,8.54015
4.2492194,0.00411207,0.33806837,70000.0,151467.33,149824.05,149824.06,0.019309817,10.343251,8.540151,8.540151
4.2492194,0.0044629257,0.22008505,70000.0,151467.4,149824.05,149824.05,0.019309817,10.343389,8.540151,8.540149
4.2492194,0.0029753072,0.45744973,70000.0,151467.38,149824.03,149824.05,0.019309817,10.343532,8.54015,8.54015
4.2492194,0.0034992269,0.3460013,70000.0,151467.42,149824.06,149824.06,0.019309817,10.343425,8.540151,8.54015
4.2492194,0.0035737865,0.36557072,70000.0,151467.38,149824.05,149824.05,0.019309817,10.343269,8.54015,8.54015
4.2492194,0.0035722335,0.3171734,70000.0,151467.34,149824.06,149824.06,0.019309817,10.343316,8.540151,8.540149
4.2492194,0.0042440053,0.22825912,70000.0,151467.42,149824.05,149824.06,0.019309817,10.343335,8.540152,8.540152
4.2492194,0.0036931725,0.26073962,70000.0,151467.34,149824.05,149824.06,0.019309817,10.343428,8.540153,8.54015
4.2492194,0.003644352,0.3553858,70000.0,151467.36,149824.05,149824.06,0.019309817,10.343441,8.540151,8.54015
4.2492194,0.0036523284,0.2649102,70000.0,151467.38,149824.03,149824.05,0.019309817,10.343247,8.540152,8.540148
4.2492194,0.0036714089,0.40124732,70000.0,151467.4,149824.05,149824.08,0.019309817,10.343471,8.540151,8.54015
4.2492194,0.0035880152,0.27067423,70000.0,151467.4,149824.05,149824.06,0.019309817,10.343587,8.540152,8.54015
4.2492194,0.003922452,0.3105155,70000.0,151467.45,149824.03,149824.05,0.019309817,10.343703,8.540152,8.54015
4.2492194,0.004040744,0.3656438,70000.0,151467.38,149824.06,149824.03,0.019309817,10.343304,8.54015,8.540149
4.2492194,0.0037284906,0.44327244,70000.0,151467.36,149824.03,149824.06,0.019309817,10.343436,8.540149,8.54015
4.2492194,0.0034759752,0.3585215,70000.0,151467.36,149824.05,149824.06,0.019309817,10.343334,8.540152,8.540151
4.2492194,0.0034843234,0.3785704,70000.0,151467.38,149824.03,149824.06,0.019309817,10.343354,8.54015,8.540149
4.2492194,0.0035941496,0.27494422,70000.0,151467.31,149824.06,149824.08,0.019309817,10.343087,8.540152,8.540151
4.2492194,0.0037895297,0.280032,70000.0,151467.42,149824.06,149824.05,0.019309817,10.343671,8.540151,8.54015
4.2492194,0.0034543234,0.2652111,70000.0,151467.39,149824.06,149824.05,0.019309817,10.343432,8.540152,8.540149
4.2492194,0.0031139492,0.3159611,70000.0,151467.39,149824.06,149824.05,0.019309817,10.343398,8.540151,8.540149
4.2492194,0.0034850303,0.25957105,70000.0,151467.42,149824.06,149824.06,0.019309817,10.343696,8.540152,8.540151
4.2492194,0.0036090955,0.550115,70000.0,151467.39,149824.08,149824.03,0.019309817,10.343454,8.540149,8.540151
4.2492194,0.003547675,0.36618528,70000.0,151467.34,149824.06,149824.05,0.019309817,10.343342,8.540151,8.54015
4.2492194,0.004149003,0.2939484,70000.0,151467.36,149824.05,149824.05,0.019309817,10.343207,8.540153,8.540149
4.2492194,0.0038137645,0.2493868,70000.0,151467.36,149824.05,149824.05,0.019309817,10.343184,8.540152,8.54015
4.2492194,0.0036786902,0.28625116,70000.0,151467.39,149824.02,149824.08,0.019309817,10.343558,8.540152,8.540151
4.2492194,0.0031322218,0.37083155,70000.0,151467.31,149824.03,149824.06,0.019309817,10.343341,8.54015,8.54015
4.2492194,0.0037751286,0.300032,70000.0,151467.38,149824.06,149824.06,0.019309817,10.343471,8.540152,8.540149
4.2492194,0.0036618712,0.30409983,70000.0,151467.38,149824.08,149824.08,0.019309817,10.343491,8.540151,8.54015
4.2492194,0.004348674,0.31914422,70000.0,151467.33,149824.05,149824.05,0.019309817,10.34313,8.540152,8.540151
4.2492194,0.004207564,0.31138217,70000.0,151467.36,149824.05,149824.05,0.019309817,10.343595,8.540152,8.540149
4.2492194,0.0038092076,0.30287218,70000.0,151467.31,149824.06,149824.05,0.019309817,10.343121,8.540152,8.54015
4.2492194,0.0039108563,0.35886702,70000.0,151467.39,149824.03,149824.06,0.019309817,10.3433075,8.540151,8.540151
4.2492194,0.003924205,0.29900253,70000.0,151467.36,149824.06,149824.08,0.019309817,10.3430195,8.540152,8.54015
4.2492194,0.0034650576,0.3069215,70000.0,151467.34,149824.05,149824.06,0.019309817,10.343063,8.540151,8.54015
4.2492194,0.003281499,0.35564035,70000.0,151467.42,149824.06,149824.05,0.019309817,10.34356,8.540151,8.540149
4.2492194,0.004022047,0.28015527,70000.0,151467.36,149824.06,149824.05,0.019309817,10.343386,8.540153,8.540151
4.2492194,0.0038902937,0.23579796,70000.0,151467.31,149824.08,149824.06,0.019309817,10.34336,8.540152,8.54015
4.2492194,0.003371466,0.3110365,70000.0,151467.31,149824.05,149824.05,0.019309817,10.343582,8.540152,8.54015
4.2492194,0.0038816158,0.32203218,70000.0,151467.38,149824.05,149824.05,0.019309817,10.343644,8.540152,8.54015
4.2492194,0.0035836902,0.28388944,70000.0,151467.38,149824.05,149824.03,0.019309817,10.343261,8.540152,8.54015
4.2492194,0.0032631066,0.2943429,70000.0,151467.38,149824.08,149824.06,0.019309817,10.343629,8.540151,8.540151
4.2492194,0.0035790266,0.43389708,70000.0,151467.4,149824.06,149824.06,0.019309817,10.343691,8.54015,8.54015
4.2492194,0.0036632884,0.26607218,70000.0,151467.36,149824.06,149824.05,0.019309817,10.343302,8.540153,8.54015
4.2492194,0.0032142538,0.33881846,70000.0,151467.39,149824.06,149824.05,0.019309817,10.343236,8.54015,8.54015
4.2492194,0.0033347043,0.34999546,70000.0,151467.33,149824.06,149824.08,0.019309817,10.343658,8.540151,8.54015
4.2492194,0.0035664483,0.38978186,70000.0,151467.34,149824.05,149824.06,0.019309817,10.3436365,8.540151,8.540151
4.2492194,0.003522673,0.26150835,70000.0,151467.39,149824.06,149824.05,0.019309817,10.343714,8.540152,8.540149
4.2492194,0.0032577957,0.37090483,70000.0,151467.36,149824.05,149824.05,0.019309817,10.343365,8.540151,8.540151
4.2492194,0.0037067067,0.31307432,70000.0,151467.45,149824.06,149824.08,0.019309817,10.343725,8.540151,8.540151
4.2492194,0.0043017687,0.31566164,70000.0,151467.42,149824.06,149824.03,0.019309817,10.343568,8.540152,8.540149
4.2492194,0.004039358,0.29652348,70000.0,151467.36,149824.06,149824.03,0.019309817,10.343428,8.540152,8.54015
4.2492194,0.0038635766,0.35384184,70000.0,151467.45,149824.06,149824.08,0.019309817,10.343398,8.540151,8.54015
4.2492194,0.0041017123,0.3488463,70000.0,151467.42,149824.06,149824.06,0.019309817,10.343384,8.540152,8.54015
4.2492194,0.0036086966,0.34366468,70000.0,151467.33,149824.05,149824.05,0.019309817,10.342986,8.54015,8.540149
4.2492194,0.004116994,0.47874984,70000.0,151467.38,149824.03,149824.05,0.019309817,10.343437,8.54015,8.54015
4.2492194,0.00344757,0.4030272,70000.0,151467.33,149824.03,149824.05,0.019309817,10.343525,8.54015,8.540149
4.2492194,0.0035374116,0.328807,70000.0,151467.38,149824.03,149824.06,0.019309817,10.343423,8.540151,8.54015
4.2492194,0.0038694455,0.37253687,70000.0,151467.36,149824.08,149824.05,0.019309817,10.343375,8.540152,8.540149
4.2492194,0.003358478,0.3549095,70000.0,151467.34,149824.06,149824.05,0.019309817,10.343511,8.540151,8.54015
4.2492194,0.003397335,0.27956387,70000.0,151467.42,149824.06,149824.05,0.019309817,10.343551,8.540153,8.540148
4.2492194,0.0032458452,0.27709782,70000.0,151467.4,149824.08,149824.06,0.019309817,10.343839,8.540151,8.540149
4.2492194,0.0035855474,0.4835327,70000.0,151467.36,149824.08,149824.08,0.019309817,10.343162,8.540149,8.54015
4.2492194,0.0044367546,0.30623764,70000.0,151467.4,149824.05,149824.06,0.019309817,10.343425,8.540151,8.540149
4.2492194,0.003481108,0.33445644,70000.0,151467.39,149824.05,149824.03,0.019309817,10.343796,8.540151,8.54015
4.2492194,0.0031666085,0.26394132,70000.0,151467.34,149824.06,149824.05,0.019309817,10.343285,8.540152,8.540149
4.2492194,0.0034716048,0.4444219,70000.0,151467.31,149824.05,149824.08,0.019309817,10.343091,8.54015,8.540152
4.2492194,0.0038300736,0.3651669,70000.0,151467.34,149824.05,149824.05,0.019309817,10.343575,8.540149,8.54015
4.2492194,0.0037362715,0.38738492,70000.0,151467.33,149824.06,149824.08,0.019309817,10.34321,8.540151,8.54015
4.2492194,0.003554807,0.3113183,70000.0,151467.36,149824.06,149824.05,0.019309817,10.342984,8.540152,8.54015
4.2492194,0.0035919843,0.28351757,70000.0,151467.38,149824.05,149824.08,0.019309817,10.3433,8.540152,8.54015
4.2492194,0.0037528942,0.40488565,70000.0,151467.4,149824.06,149824.05,0.019309817,10.343609,8.54015,8.540149
4.2492194,0.003861415,0.40353024,70000.0,151467.38,149824.03,149824.08,0.019309817,10.343424,8.54015,8.540151
4.2492194,0.0031271998,0.41088232,70000.0,151467.36,149824.05,149824.05,0.019309817,10.34345,8.54015,8.54015
4.2492194,0.0036785784,0.33227855,70000.0,151467.36,149824.06,149824.08,0.019309817,10.3432255,8.540151,8.540151
4.2492194,0.0034162323,0.43341178,70000.0,151467.34,149824.05,149824.05,0.019309817,10.34313,8.540151,8.54015
4.2492194,0.0035005487,0.3347458,70000.0,151467.36,149824.06,149824.06,0.019309817,10.343411,8.540151,8.540149
4.2492194,0.003465601,0.3327387,70000.0,151467.34,149824.06,149824.06,0.019309817,10.343132,8.540151,8.54015
4.2492194,0.0037166297,0.32528296,70000.0,151467.42,149824.08,149824.08,0.019309817,10.34368,8.540151,8.540151
4.2492194,0.0035309994,0.40247232,70000.0,151467.42,149824.06,149824.03,0.019309817,10.343541,8.54015,8.540149
4.2492194,0.0032340742,0.34452018,70000.0,151467.36,149824.06,149824.05,0.019309817,10.343478,8.54015,8.540149
4.2492194,0.0028265736,0.42162368,70000.0,151467.36,149824.06,149824.05,0.019309817,10.343304,8.54015,8.54015
4.2492194,0.0031712842,0.34056583,70000.0,151467.39,149824.06,149824.08,0.019309817,10.343492,8.54015,8.540151
4.2492194,0.0036066978,0.24715754,70000.0,151467.39,149824.06,149824.06,0.019309817,10.343904,8.540152,8.540151
4.2492194,0.0030284708,0.28957188,70000.0,151467.4,149824.05,149824.06,0.019309817,10.343399,8.54015,8.54015
4.2492194,0.0033443545,0.36043662,70000.0,151467.4,149824.06,149824.05,0.019309817,10.3434725,8.54015,8.540149
4.2492194,0.0034819834,0.4210939,70000.0,151467.4,149824.05,149824.06,0.019309817,10.343638,8.54015,8.54015
4.2492194,0.0034925817,0.3960833,70000.0,151467.44,149824.05,149824.06,0.019309817,10.343599,8.54015,8.54015
4.2492194,0.003089187,0.36680317,70000.0,151467.39,149824.06,149824.06,0.019309817,10.343345,8.54015,8.54015
4.2492194,0.0035337782,0.4043851,70000.0,151467.31,149824.03,149824.05,0.019309817,10.343429,8.540151,8.54015
4.2492194,0.0037929541,0.29331577,70000.0,151467.39,149824.05,149824.05,0.019309817,10.343547,8.540153,8.54015
4.2492194,0.0036636386,0.27403787,70000.0,151467.36,149824.03,149824.03,0.019309817,10.343288,8.540152,8.540149
4.2492194,0.00347599,0.31971422,70000.0,151467.4,149824.06,149824.05,0.019309817,10.343415,8.54015,8.54015
4.2492194,0.0037935919,0.4078797,70000.0,151467.4,149824.06,149824.03,0.019309817,10.343682,8.54015,8.54015
4.2492194,0.0036687371,0.42032203,70000.0,151467.39,149824.03,149824.05,0.019309817,10.342915,8.54015,8.54015
4.2492194,0.0033742215,0.22196278,70000.0,151467.31,149824.05,149824.06,0.019309817,10.3432,8.540151,8.54015
4.2492194,0.0036131227,0.24915497,70000.0,151467.39,149824.06,149824.06,0.019309817,10.34346,8.540152,8.540149
4.2492194,0.0037753582,0.3545601,70000.0,151467.33,149824.06,149824.03,0.019309817,10.343144,8.540151,8.54015
4.2492194,0.0037716846,0.38415247,70000.0,151467.33,149824.06,149824.05,0.019309817,10.343154,8.540151,8.540149
4.2492194,0.0035711844,0.28376243,70000.0,151467.34,149824.05,149824.06,0.019309817,10.343375,8.540151,8.540149
4.2492194,0.003803576,0.25593403,70000.0,151467.36,149824.06,149824.03,0.019309817,10.3435755,8.540152,8.540151
4.2492194,0.0040904507,0.33628827,70000.0,151467.42,149824.05,149824.06,0.019309817,10.343366,8.540151,8.540151
4.2492194,0.0033928351,0.47618195,70000.0,151467.33,149824.03,149824.05,0.019309817,10.343131,8.540149,8.540151
4.2492194,0.0035737737,0.29167685,70000.0,151467.45,149824.06,149824.06,0.019309817,10.343588,8.54015,8.54015
4.2492194,0.003996303,0.29093438,70000.0,151467.44,149824.05,149824.06,0.019309817,10.343525,8.540152,8.54015
4.2492194,0.0035040532,0.2629921,70000.0,151467.39,149824.06,149824.08,0.019309817,10.343333,8.540152,8.540149
4.2492194,0.0032949436,0.48285273,70000.0,151467.36,149824.06,149824.08,0.019309817,10.34339,8.54015,8.540151
4.2492194,0.0034592184,0.2799737,70000.0,151467.4,149824.08,149824.05,0.019309817,10.343662,8.540151,8.54015
4.2492194,0.0039959834,0.24139507,70000.0,151467.33,149824.03,149824.05,0.019309817,10.34322,8.540152,8.54015
4.2492194,0.0038809672,0.36591598,70000.0,151467.39,149824.06,149824.06,0.019309817,10.343242,8.540151,8.54015
4.2492194,0.0039726347,0.2688081,70000.0,151467.38,149824.06,149824.05,0.019309817,10.343102,8.540153,8.54015
4.2492194,0.003962188,0.37982595,70000.0,151467.33,149824.05,149824.06,0.019309817,10.3427725,8.540151,8.54015
4.2492194,0.0034465403,0.3256151,70000.0,151467.33,149824.05,149824.06,0.019309817,10.342941,8.540152,8.54015
4.2492194,0.0036618654,0.38366616,70000.0,151467.4,149824.05,149824.06,0.019309817,10.343396,8.540151,8.54015
4.2492194,0.0034004017,0.27932796,70000.0,151467.36,149824.05,149824.06,0.019309817,10.3431635,8.540151,8.540151
4.2492194,0.003614043,0.26048878,70000.0,151467.39,149824.06,149824.05,0.019309817,10.3433,8.540152,8.54015
4.2492194,0.0033636368,0.26970285,70000.0,151467.36,149824.05,149824.03,0.019309817,10.343286,8.540152,8.54015
4.2492194,0.0036282968,0.25148508,70000.0,151467.39,149824.05,149824.08,0.019309817,10.343736,8.540152,8.54015
4.2492194,0.0032673983,0.2689861,70000.0,151467.42,149824.03,149824.05,0.019309817,10.343521,8.540152,8.54015
4.2492194,0.004171878,0.2783972,70000.0,151467.36,149824.05,149824.06,0.019309817,10.343203,8.540152,8.540149
4.2492194,0.004357784,0.27120143,70000.0,151467.38,149824.08,149824.05,0.019309817,10.343409,8.540152,8.540149
4.2492194,0.0036141055,0.28180745,70000.0,151467.48,149824.05,149824.05,0.019309817,10.343839,8.540152,8.540151
4.2492194,0.0040194932,0.26769117,70000.0,151467.36,149824.06,149824.05,0.019309817,10.3433895,8.540152,8.54015
4.2492194,0.0037848845,0.2686439,70000.0,151467.4,149824.05,149824.06,0.019309817,10.343229,8.540151,8.540151
4.2492194,0.00309664,0.32486925,70000.0,151467.38,149824.06,149824.05,0.019309817,10.343349,8.540151,8.54015
4.2492194,0.0034669144,0.39930847,70000.0,151467.39,149824.06,149824.06,0.019309817,10.343277,8.54015,8.54015
4.2492194,0.0038718428,0.30455598,70000.0,151467.4,149824.05,149824.06,0.019309817,10.343315,8.540151,8.54015
4.2492194,0.0031805625,0.2720831,70000.0,151467.38,149824.05,149824.05,0.019309817,10.343415,8.540152,8.540151
4.2492194,0.0034415848,0.33316645,70000.0,151467.4,149824.05,149824.08,0.019309817,10.343254,8.540151,8.54015
4.2492194,0.0039338996,0.23785813,70000.0,151467.38,149824.05,149824.06,0.019309817,10.343434,8.540152,8.54015
4.2492194,0.003787377,0.29665646,70000.0,151467.38,149824.08,149824.06,0.019309817,10.343566,8.540151,8.54015
4.2492194,0.0034944592,0.3917524,70000.0,151467.39,149824.05,149824.06,0.019309817,10.343564,8.54015,8.540149
4.2492194,0.0031443385,0.26626036,70000.0,151467.34,149824.06,149824.05,0.019309817,10.343117,8.540152,8.540151
4.2492194,0.0036539051,0.32228243,70000.0,151467.33,149824.06,149824.08,0.019309817,10.343475,8.540151,8.540148
4.2492194,0.003674002,0.24757181,70000.0,151467.36,149824.06,149824.05,0.019309817,10.343424,8.540153,8.54015
4.2492194,0.002970298,0.27849725,70000.0,151467.34,149824.03,149824.06,0.019309817,10.343366,8.540152,8.54015
4.2492194,0.0033644054,0.3210087,70000.0,151467.34,149824.05,149824.06,0.019309817,10.343415,8.540151,8.540149
4.2492194,0.0038350832,0.4042208,70000.0,151467.38,149824.06,149824.05,0.019309817,10.34376,8.54015,8.540151
4.2492194,0.0035677454,0.3853864,70000.0,151467.39,149824.06,149824.06,0.019309817,10.343453,8.54015,8.540149
4.2492194,0.0037786243,0.40244132,70000.0,151467.38,149824.03,149824.08,0.019309817,10.343693,8.540149,8.540151
4.2492194,0.0041676434,0.4399606,70000.0,151467.38,149824.05,149824.06,0.019309817,10.343534,8.54015,8.540149
4.2492194,0.0036193645,0.32386714,70000.0,151467.39,149824.05,149824.03,0.019309817,10.3434,8.54015,8.54015
4.2492194,0.0036047033,0.33079243,70000.0,151467.4,149824.05,149824.06,0.019309817,10.343611,8.540152,8.540151
4.2492194,0.0030023414,0.38697785,70000.0,151467.44,149824.06,149824.03,0.019309817,10.34366,8.54015,8.54015
4.2492194,0.0031523244,0.24825287,70000.0,151467.44,149824.05,149824.06,0.019309817,10.343711,8.540152,8.54015
4.2492194,0.0033923367,0.24047285,70000.0,151467.39,149824.05,149824.06,0.019309817,10.343433,8.540152,8.54015
4.2492194,0.004051146,0.22718747,70000.0,151467.42,149824.05,149824.06,0.019309817,10.343543,8.540152,8.540149
4.2492194,0.0040202383,0.30323005,70000.0,151467.4,149824.06,149824.06,0.019309817,10.343334,8.540151,8.54015
4.2492194,0.0038570436,0.25185066,70000.0,151467.4,149824.05,149824.05,0.019309817,10.343073,8.540152,8.540149
4.2492194,0.0032977005,0.3088221,70000.0,151467.38,149824.05,149824.06,0.019309817,10.343682,8.540151,8.540149
4.2492194,0.003475475,0.31637317,70000.0,151467.4,149824.06,149824.05,0.019309817,10.3438015,8.540152,8.540149
4.2492194,0.0031210012,0.36483938,70000.0,151467.34,149824.05,149824.06,0.019309817,10.343571,8.54015,8.54015
4.2492194,0.0037172406,0.33930463,70000.0,151467.44,149824.05,149824.05,0.019309817,10.343711,8.540151,8.540151
4.2492194,0.0038055917,0.26596236,70000.0,151467.4,149824.05,149824.05,0.019309817,10.34329,8.540152,8.540151
4.2492194,0.0032876192,0.25954622,70000.0,151467.38,149824.05,149824.05,0.019309817,10.3433075,8.540151,8.54015
4.2492194,0.0035345457,0.2856241,70000.0,151467.38,149824.08,149824.06,0.019309817,10.343263,8.540151,8.54015
4.2492194,0.0033494607,0.3595301,70000.0,151467.44,149824.05,149824.08,0.019309817,10.343402,8.54015,8.540151
4.2492194,0.0038407182,0.22122887,70000.0,151467.34,149824.06,149824.06,0.019309817,10.343442,8.540152,8.540149
4.2492194,0.003910126,0.29976538,70000.0,151467.45,149824.08,149824.05,0.019309817,10.343681,8.540152,8.54015
4.2492194,0.0035170456,0.2941353,70000.0,151467.36,149824.06,149824.03,0.019309817,10.3433485,8.540152,8.54015
4.2492194,0.00325252,0.33845103,70000.0,151467.42,149824.05,149824.08,0.019309817,10.343833,8.54015,8.54015
4.2492194,0.0032043804,0.26260996,70000.0,151467.42,149824.05,149824.05,0.019309817,10.343398,8.540151,8.540151
4.2492194,0.0033383789,0.24066715,70000.0,151467.36,149824.05,149824.05,0.019309817,10.343068,8.540151,8.540149
4.2492194,0.0033361875,0.44726947,70000.0,151467.4,149824.05,149824.05,0.019309817,10.343191,8.54015,8.54015
4.2492194,0.003078165,0.3008709,70000.0,151467.34,149824.06,149824.05,0.019309817,10.343508,8.540151,8.54015
4.2492194,0.0035007081,0.31025448,70000.0,151467.39,149824.03,149824.05,0.019309817,10.343681,8.54015,8.54015
4.2492194,0.0031754007,0.40837562,70000.0,151467.39,149824.06,149824.06,0.019309817,10.343404,8.54015,8.54015
4.2492194,0.0034593295,0.3818914,70000.0,151467.36,149824.06,149824.05,0.019309817,10.343535,8.54015,8.540149
4.2492194,0.0034695968,0.343015,70000.0,151467.42,149824.05,149824.03,0.019309817,10.343779,8.54015,8.54015
4.2492194,0.0033391,0.3137185,70000.0,151467.38,149824.06,149824.05,0.019309817,10.343228,8.540151,8.54015
4.2492194,0.0035938309,0.2918712,70000.0,151467.44,149824.03,149824.05,0.019309817,10.343475,8.540152,8.540149
4.2492194,0.0032711246,0.33956346,70000.0,151467.4,149824.06,149824.05,0.019309817,10.343663,8.540151,8.54015
4.2492194,0.003609288,0.32779306,70000.0,151467.33,149824.05,149824.03,0.019309817,10.343333,8.540151,8.540149
4.2492194,0.003727856,0.42405856,70000.0,151467.36,149824.05,149824.05,0.019309817,10.34339,8.54015,8.540149
4.2492194,0.003751298,0.25409994,70000.0,151467.42,149824.05,149824.05,0.019309817,10.343222,8.540152,8.540149
4.2492194,0.0035909207,0.37259853,70000.0,151467.33,149824.06,149824.06,0.019309817,10.342871,8.540151,8.540149
4.2492194,0.0035628735,0.3054321,70000.0,151467.33,149824.06,149824.05,0.019309817,10.343027,8.54015,8.540149
4.2492194,0.0033456874,0.26572868,70000.0,151467.33,149824.05,149824.06,0.019309817,10.343255,8.540153,8.540151
4.2492194,0.0031860974,0.27070662,70000.0,151467.38,149824.06,149824.08,0.019309817,10.343421,8.540151,8.54015
4.2492194,0.003621256,0.20579661,70000.0,151467.38,149824.06,149824.06,0.019309817,10.343504,8.540152,8.540149
4.2492194,0.0037949444,0.27259666,70000.0,151467.36,149824.06,149824.06,0.019309817,10.343288,8.540151,8.54015
4.2492194,0.0037695467,0.21832664,70000.0,151467.4,149824.08,149824.03,0.019309817,10.343544,8.540151,8.540149
4.2492194,0.0032418838,0.33335027,70000.0,151467.39,149824.06,149824.05,0.019309817,10.343501,8.540151,8.540151
4.2492194,0.0034068986,0.26307836,70000.0,151467.39,149824.08,149824.05,0.019309817,10.343428,8.540152,8.540149
4.2492194,0.0032703944,0.26055694,70000.0,151467.36,149824.05,149824.08,0.019309817,10.343273,8.540152,8.540149
4.2492194,0.0037808502,0.337164,70000.0,151467.36,149824.06,149824.05,0.019309817,10.343469,8.540151,8.540149
4.2492194,0.0037692653,0.4298502,70000.0,151467.36,149824.05,149824.06,0.019309817,10.343551,8.540151,8.54015
4.2492194,0.003297095,0.3660357,70000.0,151467.42,149824.03,149824.05,0.019309817,10.343587,8.54015,8.54015
4.2492194,0.0035667722,0.24413864,70000.0,151467.36,149824.05,149824.05,0.019309817,10.343287,8.540151,8.54015
4.2492194,0.0036408217,0.28937155,70000.0,151467.38,149824.03,149824.05,0.019309817,10.343453,8.540152,8.54015
4.2492194,0.0031589456,0.40432224,70000.0,151467.38,149824.03,149824.05,0.019309817,10.34336,8.54015,8.540151
4.2492194,0.0028597228,0.40174738,70000.0,151467.36,149824.06,149824.05,0.019309817,10.343618,8.540151,8.54015
4.2492194,0.002809936,0.42294565,70000.0,151467.38,149824.05,149824.05,0.019309817,10.343562,8.54015,8.54015
4.2492194,0.003183001,0.44692463,70000.0,151467.38,149824.03,149824.05,0.019309817,10.343364,8.540149,8.540149
4.2492194,0.0036990447,0.43138492,70000.0,151467.33,149824.05,149824.05,0.019309817,10.343089,8.54015,8.540151
4.2492194,0.0036188008,0.2583348,70000.0,151467.39,149824.05,149824.08,0.019309817,10.343613,8.540152,8.54015
4.2492194,0.003393149,0.27885205,70000.0,151467.34,149824.06,149824.05,0.019309817,10.343444,8.540152,8.54015
4.2492194,0.0035476584,0.288705,70000.0,151467.4,149824.06,149824.05,0.019309817,10.343332,8.540151,8.54015
4.2492194,0.0035581281,0.32350472,70000.0,151467.4,149824.03,149824.06,0.019309817,10.343625,8.54015,8.54015
4.2492194,0.00386131,0.26193583,70000.0,151467.38,149824.06,149824.08,0.019309817,10.343303,8.540153,8.540151
4.2492194,0.003614416,0.32221875,70000.0,151467.34,149824.05,149824.03,0.019309817,10.342939,8.540152,8.54015
4.2492194,0.002966871,0.34369904,70000.0,151467.42,149824.05,149824.06,0.019309817,10.34335,8.540152,8.54015
4.2492194,0.0036784525,0.26410574,70000.0,151467.36,149824.06,149824.08,0.019309817,10.343527,8.540152,8.54015
4.2492194,0.0034734663,0.4323815,70000.0,151467.36,149824.03,149824.06,0.019309817,10.343361,8.54015,8.54015
4.2492194,0.0037080944,0.36096826,70000.0,151467.34,149824.05,149824.06,0.019309817,10.343437,8.54015,8.54015
4.2492194,0.0033498658,0.2813158,70000.0,151467.44,149824.06,149824.08,0.019309817,10.343503,8.540152,8.540149
4.2492194,0.0036929345,0.38352737,70000.0,151467.34,149824.06,149824.08,0.019309817,10.342933,8.540149,8.54015
4.2492194,0.0035402426,0.4320162,70000.0,151467.36,149824.03,149824.05,0.019309817,10.343209,8.54015,8.54015
4.2492194,0.003827236,0.3894624,70000.0,151467.38,149824.05,149824.06,0.019309817,10.343181,8.54015,8.540149
4.2492194,0.003546538,0.32292694,70000.0,151467.42,149824.08,149824.06,0.019309817,10.343577,8.540152,8.54015
4.2492194,0.0037263297,0.26773763,70000.0,151467.39,149824.05,149824.03,0.019309817,10.34349,8.540152,8.540149
4.2492194,0.002752338,0.24606857,70000.0,151467.33,149824.06,149824.05,0.019309817,10.343315,8.540152,8.540149
4.2492194,0.00346165,0.2916073,70000.0,151467.39,149824.05,149824.05,0.019309817,10.343344,8.540152,8.54015
4.2492194,0.002644966,0.33974695,70000.0,151467.34,149824.03,149824.06,0.019309817,10.343179,8.54015,8.540149
4.2492194,0.002894346,0.37678528,70000.0,151467.39,149824.05,149824.06,0.019309817,10.343323,8.54015,8.540149
4.2492194,0.0031452037,0.4472613,70000.0,151467.4,149824.06,149824.06,0.019309817,10.343379,8.54015,8.54015
4.2492194,0.0036001166,0.4546744,70000.0,151467.45,149824.05,149824.06,0.019309817,10.343634,8.54015,8.54015
4.2492194,0.0027666304,0.2775093,70000.0,151467.4,149824.05,149824.05,0.019309817,10.343774,8.540152,8.540151
4.2492194,0.0036697194,0.26966634,70000.0,151467.36,149824.06,149824.05,0.019309817,10.343357,8.540152,8.54015
4.2492194,0.0037455715,0.44005427,70000.0,151467.34,149824.05,149824.06,0.019309817,10.343299,8.54015,8.54015
4.2492194,0.0032247275,0.24634741,70000.0,151467.36,149824.06,149824.03,0.019309817,10.343286,8.540151,8.540151
4.2492194,0.0030570051,0.47006178,70000.0,151467.34,149824.05,149824.06,0.019309817,10.34322,8.54015,8.54015
4.2492194,0.003710368,0.46506116,70000.0,151467.34,149824.05,149824.05,0.019309817,10.343461,8.540149,8.54015
4.2492194,0.00361784,0.29844776,70000.0,151467.4,149824.03,149824.05,0.019309817,10.3437,8.540152,8.540149
4.2492194,0.0034793126,0.2804816,70000.0,151467.39,149824.06,149824.03,0.019309817,10.343477,8.540152,8.540149
4.2492194,0.003038174,0.24956195,70000.0,151467.42,149824.05,149824.05,0.019309817,10.343633,8.540152,8.540151
4.2492194,0.00360801,0.2543029,70000.0,151467.31,149824.05,149824.06,0.019309817,10.343202,8.540152,8.540149
4.2492194,0.0033905115,0.41957292,70000.0,151467.4,149824.05,149824.05,0.019309817,10.343479,8.54015,8.54015
4.2492194,0.003662741,0.46882254,70000.0,151467.42,149824.05,149824.06,0.019309817,10.343488,8.54015,8.54015
4.2492194,0.0034231008,0.39645195,70000.0,151467.38,149824.03,149824.06,0.019309817,10.343588,8.540151,8.540151
4.2492194,0.0039285016,0.2717778,70000.0,151467.36,149824.06,149824.05,0.019309817,10.343394,8.540151,8.54015
4.2492194,0.0037074054,0.40573478,70000.0,151467.38,149824.06,149824.05,0.019309817,10.343206,8.540151,8.54015
4.2492194,0.0034758816,0.27179933,70000.0,151467.36,149824.06,149824.06,0.019309817,10.343138,8.540151,8.54015
4.2492194,0.003764116,0.45543456,70000.0,151467.36,149824.06,149824.05,0.019309817,10.34315,8.54015,8.54015
4.2492194,0.0034809585,0.26742855,70000.0,151467.42,149824.03,149824.05,0.019309817,10.343502,8.540152,8.54015
4.2492194,0.0028274732,0.39557785,70000.0,151467.36,149824.03,149824.05,0.019309817,10.343292,8.54015,8.540151
4.2492194,0.0040703597,0.38686508,70000.0,151467.39,149824.05,149824.06,0.019309817,10.34332,8.54015,8.54015
4.2492194,0.0035463308,0.37810075,70000.0,151467.44,149824.03,149824.05,0.019309817,10.34387,8.54015,8.54015
4.2492194,0.0033074194,0.40043184,70000.0,151467.31,149824.06,149824.06,0.019309817,10.343276,8.54015,8.540149
4.2492194,0.004009756,0.27411136,70000.0,151467.44,149824.03,149824.05,0.019309817,10.343322,8.540151,8.54015
4.2492194,0.003247334,0.29765725,70000.0,151467.36,149824.06,149824.08,0.019309817,10.343387,8.540152,8.540151
4.2492194,0.0035337445,0.27912155,70000.0,151467.39,149824.06,149824.06,0.019309817,10.343589,8.540153,8.540151
4.2492194,0.0036180099,0.32839397,70000.0,151467.34,149824.06,149824.06,0.019309817,10.343274,8.540152,8.54015
4.2492194,0.0033510767,0.30892274,70000.0,151467.39,149824.06,149824.03,0.019309817,10.343766,8.540152,8.54015
4.2492194,0.0033896544,0.26936954,70000.0,151467.39,149824.06,149824.06,0.019309817,10.343331,8.540152,8.540151
4.2492194,0.0033214292,0.2644185,70000.0,151467.38,149824.06,149824.06,0.019309817,10.34319,8.540152,8.54015
4.2492194,0.0034104707,0.43971872,70000.0,151467.38,149824.03,149824.05,0.019309817,10.343338,8.540149,8.540149
4.2492194,0.0035750673,0.37113035,70000.0,151467.33,149824.05,149824.05,0.019309817,10.343335,8.54015,8.54015
4.2492194,0.003515943,0.3940162,70000.0,151467.36,149824.03,149824.05,0.019309817,10.343206,8.54015,8.54015
4.2492194,0.0033637602,0.3950735,70000.0,151467.39,149824.03,149824.05,0.019309817,10.34356,8.540149,8.540148
4.2492194,0.003230059,0.44168913,70000.0,151467.38,149824.05,149824.06,0.019309817,10.343359,8.54015,8.540149
4.2492194,0.003584397,0.3607325,70000.0,151467.38,149824.06,149824.03,0.019309817,10.343464,8.540151,8.540149
4.2492194,0.003602541,0.43243814,70000.0,151467.36,149824.05,149824.05,0.019309817,10.343332,8.540149,8.54015
4.2492194,0.0034668432,0.3573669,70000.0,151467.38,149824.05,149824.06,0.019309817,10.343356,8.54015,8.54015
4.2492194,0.0034252717,0.32671082,70000.0,151467.34,149824.05,149824.05,0.019309817,10.343149,8.540151,8.540151
4.2492194,0.0034924773,0.31541875,70000.0,151467.36,149824.06,149824.06,0.019309817,10.343291,8.540151,8.54015
4.2492194,0.0032993224,0.26006857,70000.0,151467.36,149824.06,149824.06,0.019309817,10.343227,8.540152,8.54015
4.2492194,0.0037890167,0.2620586,70000.0,151467.36,149824.03,149824.06,0.019309817,10.343271,8.540152,8.540149
4.2492194,0.003198605,0.2735356,70000.0,151467.45,149824.08,149824.06,0.019309817,10.343789,8.540152,8.540151
4.2492194,0.00374116,0.27925834,70000.0,151467.38,149824.08,149824.05,0.019309817,10.343386,8.540151,8.54015
4.2492194,0.0032494063,0.25818768,70000.0,151467.39,149824.06,149824.06,0.019309817,10.343378,8.540152,8.540151
4.2492194,0.003580398,0.32874548,70000.0,151467.28,149824.08,149824.05,0.019309817,10.343125,8.540151,8.540149
4.2492194,0.0031531341,0.2761883,70000.0,151467.34,149824.06,149824.05,0.019309817,10.343609,8.540152,8.540149
4.2492194,0.003360818,0.3551865,70000.0,151467.38,149824.05,149824.06,0.019309817,10.343345,8.54015,8.540151
4.2492194,0.0033994915,0.39397278,70000.0,151467.39,149824.03,149824.03,0.019309817,10.3432865,8.540149,8.54015
4.2492194,0.0032120855,0.4409271,70000.0,151467.42,149824.06,149824.06,0.019309817,10.343542,8.54015,8.540151
4.2492194,0.0035088833,0.32127616,70000.0,151467.42,149824.08,149824.06,0.019309817,10.343442,8.540152,8.54015
4.2492194,0.0035908078,0.30997187,70000.0,151467.36,149824.05,149824.08,0.019309817,10.343383,8.540151,8.54015
4.2492194,0.0036957539,0.38223055,70000.0,151467.36,149824.06,149824.06,0.019309817,10.343124,8.54015,8.540149
4.2492194,0.0036017243,0.25148097,70000.0,151467.48,149824.05,149824.06,0.019309817,10.343516,8.540153,8.54015
4.2492194,0.0037127074,0.32735634,70000.0,151467.31,149824.06,149824.08,0.019309817,10.343333,8.540151,8.540151
4.2492194,0.0034090884,0.33835807,70000.0,151467.42,149824.06,149824.05,0.019309817,10.343426,8.540151,8.540149
4.2492194,0.0040427195,0.25852597,70000.0,151467.36,149824.08,149824.05,0.019309817,10.3431225,8.540151,8.540149
4.2492194,0.0036332023,0.3219772,70000.0,151467.34,149824.06,149824.05,0.019309817,10.343128,8.540152,8.540149
4.2492194,0.0039729704,0.31741086,70000.0,151467.42,149824.05,149824.06,0.019309817,10.34357,8.540152,8.54015
4.2492194,0.0037537694,0.23744439,70000.0,151467.4,149824.03,149824.06,0.019309817,10.343467,8.540152,8.540151
4.2492194,0.00378087,0.4260278,70000.0,151467.34,149824.06,149824.06,0.019309817,10.343276,8.540149,8.54015
4.2492194,0.0037704092,0.29278848,70000.0,151467.36,149824.03,149824.05,0.019309817,10.343879,8.540151,8.54015
4.2492194,0.0038180125,0.2662866,70000.0,151467.4,149824.06,149824.06,0.019309817,10.343786,8.540152,8.540149
4.2492194,0.0035609277,0.22942144,70000.0,151467.36,149824.06,149824.06,0.019309817,10.343418,8.540152,8.54015
4.2492194,0.0037185566,0.29970586,70000.0,151467.39,149824.05,149824.08,0.019309817,10.343675,8.540151,8.540149
4.2492194,0.0027582464,0.32025343,70000.0,151467.38,149824.06,149824.05,0.019309817,10.343191,8.540151,8.540149
4.2492194,0.0030940413,0.37700787,70000.0,151467.38,149824.05,149824.06,0.019309817,10.343392,8.540151,8.540149
4.2492194,0.002770293,0.40386504,70000.0,151467.34,149824.03,149824.06,0.019309817,10.343291,8.54015,8.540149
4.2492194,0.0030189226,0.26972735,70000.0,151467.38,149824.06,149824.06,0.019309817,10.343292,8.540151,8.54015
4.2492194,0.003249278,0.32529718,70000.0,151467.38,149824.06,149824.05,0.019309817,10.343441,8.540151,8.54015
4.2492194,0.0031777823,0.2491089,70000.0,151467.36,149824.06,149824.03,0.019309817,10.343253,8.540152,8.54015
4.2492194,0.0036520688,0.34156135,70000.0,151467.4,149824.06,149824.06,0.019309817,10.343476,8.540152,8.54015
4.2492194,0.0035077382,0.30172068,70000.0,151467.34,149824.06,149824.06,0.019309817,10.343425,8.540151,8.540151
4.2492194,0.0032954644,0.3734586,70000.0,151467.42,149824.05,149824.05,0.019309817,10.343583,8.54015,8.54015
4.2492194,0.0029855687,0.2513808,70000.0,151467.39,149824.06,149824.05,0.019309817,10.3437805,8.540152,8.540149
4.2492194,0.0036696452,0.26574075,70000.0,151467.33,149824.03,149824.05,0.019309817,10.34327,8.540152,8.54015
4.2492194,0.003795427,0.33753836,70000.0,151467.36,149824.06,149824.08,0.019309817,10.343462,8.540151,8.54015
4.2492194,0.0035141844,0.44338033,70000.0,151467.45,149824.06,149824.05,0.019309817,10.3436575,8.540148,8.54015
4.2492194,0.0031398423,0.3380935,70000.0,151467.38,149824.05,149824.05,0.019309817,10.34353,8.540151,8.54015
4.2492194,0.0035621845,0.24401818,70000.0,151467.4,149824.05,149824.05,0.019309817,10.343188,8.540152,8.54015
4.2492194,0.003675815,0.27628636,70000.0,151467.4,149824.05,149824.06,0.019309817,10.343566,8.540152,8.54015
4.2492194,0.0030339314,0.26661357,70000.0,151467.38,149824.06,149824.05,0.019309817,10.343225,8.540153,8.540149
4.2492194,0.0038001284,0.2756349,70000.0,151467.34,149824.06,149824.03,0.019309817,10.34341,8.540152,8.540149
4.2492194,0.0031542492,0.3819064,70000.0,151467.42,149824.05,149824.05,0.019309817,10.343553,8.54015,8.54015
4.2492194,0.0041119372,0.31537443,70000.0,151467.4,149824.06,149824.05,0.019309817,10.343479,8.540152,8.54015
4.2492194,0.0035684395,0.28577846,70000.0,151467.44,149824.05,149824.05,0.019309817,10.343662,8.540152,8.54015
4.2492194,0.0033056494,0.42572936,70000.0,151467.31,149824.05,149824.05,0.019309817,10.3430395,8.540149,8.54015
4.2492194,0.003812039,0.38104317,70000.0,151467.38,149824.08,149824.06,0.019309817,10.343154,8.54015,8.540149
4.2492194,0.003359916,0.30366895,70000.0,151467.39,149824.05,149824.06,0.019309817,10.343223,8.540152,8.54015
4.2492194,0.0038120765,0.27869865,70000.0,151467.42,149824.06,149824.08,0.019309817,10.343363,8.540153,8.54015
4.2492194,0.0035535416,0.28778106,70000.0,151467.4,149824.05,149824.06,0.019309817,10.343486,8.540151,8.54015
4.2492194,0.0038289889,0.2585796,70000.0,151467.36,149824.05,149824.06,0.019309817,10.343439,8.540151,8.54015
4.2492194,0.004077859,0.23331073,70000.0,151467.31,149824.06,149824.06,0.019309817,10.34322,8.540151,8.54015
4.2492194,0.004132145,0.27849382,70000.0,151467.39,149824.03,149824.06,0.019309817,10.343634,8.540152,8.540149
4.2492194,0.0034386227,0.37461156,70000.0,151467.36,149824.05,149824.08,0.019309817,10.343368,8.54015,8.54015
4.2492194,0.0031989166,0.32570297,70000.0,151467.36,149824.06,149824.06,0.019309817,10.343424,8.540151,8.54015
4.2492194,0.003487012,0.2769315,70000.0,151467.44,149824.05,149824.08,0.019309817,10.343629,8.540151,8.54015
4.2492194,0.004034557,0.32483265,70000.0,151467.39,149824.05,149824.05,0.019309817,10.343594,8.540151,8.54015
4.2492194,0.0033170441,0.2692439,70000.0,151467.36,149824.05,149824.06,0.019309817,10.343616,8.540152,8.54015
4.2492194,0.0035863654,0.3061415,70000.0,151467.4,149824.06,149824.06,0.019309817,10.343479,8.540151,8.54015
4.2492194,0.003678645,0.3976101,70000.0,151467.39,149824.05,149824.1,0.019309817,10.343264,8.54015,8.540151
4.2492194,0.0037160525,0.45470247,70000.0,151467.3,149824.06,149824.06,0.019309817,10.342958,8.540149,8.54015
4.2492194,0.0036350475,0.27622554,70000.0,151467.34,149824.06,149824.05,0.019309817,10.343165,8.540151,8.54015
4.2492194,0.0036370908,0.27553895,70000.0,151467.38,149824.06,149824.06,0.019309817,10.343283,8.540152,8.540149
4.2492194,0.0035737476,0.2458852,70000.0,151467.39,149824.06,149824.06,0.019309817,10.343443,8.540152,8.54015
4.2492194,0.0033359088,0.24981782,70000.0,151467.38,149824.05,149824.05,0.019309817,10.343332,8.540152,8.540148
4.2492194,0.0029070792,0.3190578,70000.0,151467.39,149824.06,149824.05,0.019309817,10.3431835,8.540151,8.54015
4.2492194,0.0029906393,0.389496,70000.0,151467.38,149824.03,149824.05,0.019309817,10.343195,8.54015,8.54015
4.2492194,0.0038398132,0.34696737,70000.0,151467.38,149824.06,149824.05,0.019309817,10.343255,8.540152,8.54015
4.2492194,0.0039006933,0.3171781,70000.0,151467.39,149824.05,149824.05,0.019309817,10.343675,8.540152,8.540151
4.2492194,0.0038221753,0.40056092,70000.0,151467.34,149824.06,149824.05,0.019309817,10.343683,8.54015,8.54015
4.2492194,0.0038750053,0.3586859,70000.0,151467.34,149824.05,149824.05,0.019309817,10.343429,8.540151,8.540149
4.2492194,0.0036157377,0.27260235,70000.0,151467.4,149824.06,149824.05,0.019309817,10.343463,8.540152,8.54015
4.2492194,0.0029744944,0.4134704,70000.0,151467.39,149824.05,149824.05,0.019309817,10.34334,8.54015,8.540151
4.2492194,0.0031022374,0.3769263,70000.0,151467.38,149824.02,149824.05,0.019309817,10.343558,8.540149,8.54015
4.2492194,0.0027215497,0.37519377,70000.0,151467.33,149824.05,149824.06,0.019309817,10.343267,8.54015,8.54015
4.2492194,0.0031409021,0.27908927,70000.0,151467.39,149824.06,149824.05,0.019309817,10.343772,8.540152,8.540151
4.2492194,0.0031201625,0.34647223,70000.0,151467.42,149824.05,149824.06,0.019309817,10.343491,8.54015,8.540149
4.2492194,0.0033844972,0.29669732,70000.0,151467.28,149824.06,149824.03,0.019309817,10.343261,8.540151,8.54015
4.2492194,0.0030178106,0.2554021,70000.0,151467.38,149824.08,149824.06,0.019309817,10.343247,8.540153,8.54015
4.2492194,0.0032396961,0.28203672,70000.0,151467.44,149824.05,149824.06,0.019309817,10.343711,8.540151,8.540149
4.2492194,0.0037036259,0.26334998,70000.0,151467.3,149824.06,149824.05,0.019309817,10.34321,8.540152,8.54015
4.2492194,0.0036938218,0.32493094,70000.0,151467.31,149824.08,149824.06,0.019309817,10.343054,8.540152,8.540151
4.2492194,0.0037404064,0.35199502,70000.0,151467.36,149824.06,149824.06,0.019309817,10.343526,8.540151,8.540151
4.2492194,0.003996906,0.26288685,70000.0,151467.4,149824.03,149824.08,0.019309817,10.343247,8.540152,8.540149
4.2492194,0.0030950771,0.4118919,70000.0,151467.39,149824.05,149824.06,0.019309817,10.343575,8.54015,8.540149
4.2492194,0.0035463003,0.3934009,70000.0,151467.38,149824.06,149824.06,0.019309817,10.343299,8.54015,8.540149
4.2492194,0.0030720464,0.2927615,70000.0,151467.38,149824.05,149824.05,0.019309817,10.343319,8.540151,8.540149
4.2492194,0.00404118,0.34959105,70000.0,151467.4,149824.06,149824.05,0.019309817,10.343617,8.540151,8.540151
4.2492194,0.0034105838,0.34798488,70000.0,151467.34,149824.03,149824.06,0.019309817,10.343027,8.540151,8.540151
4.2492194,0.0030841972,0.4472458,70000.0,151467.38,149824.06,149824.05,0.019309817,10.343477,8.540149,8.54015
4.2492194,0.003266166,0.368156,70000.0,151467.42,149824.05,149824.06,0.019309817,10.343355,8.54015,8.54015
4.2492194,0.0035137106,0.26337388,70000.0,151467.39,149824.06,149824.06,0.019309817,10.34321,8.540153,8.54015
4.2492194,0.0038398097,0.27562773,70000.0,151467.39,149824.05,149824.05,0.019309817,10.34316,8.540152,8.540151
4.2492194,0.0039794547,0.37286678,70000.0,151467.36,149824.05,149824.05,0.019309817,10.343218,8.54015,8.540151
4.2492194,0.0034944392,0.27037618,70000.0,151467.39,149824.06,149824.06,0.019309817,10.3436775,8.540153,8.54015
4.2492194,0.0038278885,0.2745231,70000.0,151467.36,149824.03,149824.06,0.019309817,10.343672,8.540153,8.540149
4.2492194,0.0039100773,0.4052397,70000.0,151467.44,149824.05,149824.06,0.019309817,10.343471,8.54015,8.54015
4.2492194,0.0039188326,0.34343174,70000.0,151467.31,149824.06,149824.05,0.019309817,10.343269,8.540151,8.54015
4.2492194,0.0035440298,0.48174474,70000.0,151467.38,149824.06,149824.06,0.019309817,10.343266,8.540148,8.540151
4.2492194,0.0040998566,0.3092688,70000.0,151467.38,149824.06,149824.06,0.019309817,10.34337,8.540152,8.54015
4.2492194,0.003753949,0.3541023,70000.0,151467.4,149824.06,149824.05,0.019309817,10.343819,8.540151,8.54015
4.2492194,0.0036040882,0.29411146,70000.0,151467.36,149824.05,149824.06,0.019309817,10.343565,8.540152,8.540149
4.2492194,0.003783015,0.31716618,70000.0,151467.42,149824.05,149824.05,0.019309817,10.343617,8.540151,8.54015
4.2492194,0.0038915845,0.37330407,70000.0,151467.42,149824.05,149824.05,0.019309817,10.343622,8.540151,8.54015
4.2492194,0.0037216458,0.29791337,70000.0,151467.39,149824.08,149824.06,0.019309817,10.343488,8.540151,8.54015
4.2492194,0.0035869058,0.26328686,70000.0,151467.31,149824.06,149824.06,0.019309817,10.343079,8.540153,8.54015
4.2492194,0.003740877,0.28036752,70000.0,151467.34,149824.05,149824.05,0.019309817,10.343345,8.540153,8.540149
4.2492194,0.004168271,0.27499473,70000.0,151467.39,149824.06,149824.03,0.019309817,10.343459,8.540153,8.540149
4.2492194,0.0039636763,0.2529182,70000.0,151467.38,149824.06,149824.06,0.019309817,10.343772,8.540152,8.540149
4.2492194,0.0040376494,0.3868576,70000.0,151467.34,149824.05,149824.08,0.019309817,10.343306,8.54015,8.540151
4.2492194,0.0038326152,0.3705071,70000.0,151467.45,149824.03,149824.06,0.019309817,10.343761,8.54015,8.54015
4.2492194,0.003463178,0.44379833,70000.0,151467.34,149824.05,149824.06,0.019309817,10.3431835,8.540151,8.540151
4.2492194,0.0035080286,0.29737356,70000.0,151467.4,149824.03,149824.06,0.019309817,10.343199,8.540152,8.54015
4.2492194,0.0040265685,0.30835333,70000.0,151467.39,149824.03,149824.08,0.019309817,10.343452,8.540151,8.54015
4.2492194,0.0036770143,0.2200698,70000.0,151467.38,149824.06,149824.06,0.019309817,10.343603,8.540151,8.54015
4.2492194,0.0036237922,0.2681591,70000.0,151467.44,149824.06,149824.03,0.019309817,10.343841,8.540153,8.54015
4.2492194,0.0036685502,0.33280236,70000.0,151467.36,149824.03,149824.05,0.019309817,10.343634,8.540151,8.540149
4.2492194,0.004003011,0.31945434,70000.0,151467.38,149824.06,149824.05,0.019309817,10.343339,8.540152,8.54015
4.2492194,0.003980245,0.29106927,70000.0,151467.38,149824.05,149824.05,0.019309817,10.343274,8.540152,8.54015
4.2492194,0.0034501404,0.34671816,70000.0,151467.4,149824.05,149824.06,0.019309817,10.343491,8.54015,8.54015
4.2492194,0.0034462416,0.26245457,70000.0,151467.36,149824.05,149824.05,0.019309817,10.34334,8.540152,8.54015
4.2492194,0.0039167325,0.33702138,70000.0,151467.42,149824.08,149824.06,0.019309817,10.343538,8.540151,8.54015
4.2492194,0.004130308,0.3015439,70000.0,151467.4,149824.06,149824.05,0.019309817,10.343238,8.54015,8.540149
4.2492194,0.0033395146,0.35873562,70000.0,151467.36,149824.05,149824.03,0.019309817,10.343224,8.540151,8.540149
4.2492194,0.0036609643,0.3884447,70000.0,151467.34,149824.05,149824.06,0.019309817,10.343065,8.540149,8.54015
4.2492194,0.0030256354,0.27704942,70000.0,151467.38,149824.05,149824.06,0.019309817,10.343473,8.540152,8.54015
4.2492194,0.003835915,0.28070232,70000.0,151467.34,149824.06,149824.06,0.019309817,10.342988,8.540152,8.54015
4.2492194,0.0035624297,0.28468934,70000.0,151467.39,149824.05,149824.05,0.019309817,10.343197,8.540152,8.540151
4.2492194,0.0032389457,0.28345215,70000.0,151467.34,149824.03,149824.08,0.019309817,10.343485,8.540152,8.540151
4.2492194,0.0035868976,0.27384368,70000.0,151467.36,149824.06,149824.06,0.019309817,10.343335,8.540152,8.54015
4.2492194,0.0032773328,0.32272345,70000.0,151467.4,149824.05,149824.05,0.019309817,10.343564,8.54015,8.540149
4.2492194,0.0040662675,0.2612889,70000.0,151467.36,149824.05,149824.06,0.019309817,10.343104,8.540152,8.54015
4.2492194,0.003497504,0.24905981,70000.0,151467.39,149824.03,149824.05,0.019309817,10.343401,8.540152,8.540151
4.2492194,0.003372661,0.26019284,70000.0,151467.42,149824.05,149824.08,0.019309817,10.343706,8.540152,8.540151
4.2492194,0.0034245355,0.2671503,70000.0,151467.31,149824.06,149824.06,0.019309817,10.3430805,8.540152,8.540149
4.2492194,0.0038411508,0.25180987,70000.0,151467.44,149824.05,149824.05,0.019309817,10.343915,8.540152,8.540149
4.2492194,0.0032490126,0.23812774,70000.0,151467.36,149824.06,149824.08,0.019309817,10.343588,8.540152,8.540151
4.2492194,0.004074409,0.36822113,70000.0,151467.36,149824.03,149824.06,0.019309817,10.34307,8.54015,8.54015
4.2492194,0.0034687005,0.3421262,70000.0,151467.38,149824.05,149824.06,0.019309817,10.343524,8.540151,8.540151
4.2492194,0.0035873328,0.30529296,70000.0,151467.38,149824.06,149824.08,0.019309817,10.343502,8.540151,8.540149
4.2492194,0.003394889,0.37017912,70000.0,151467.38,149824.06,149824.06,0.019309817,10.3433895,8.540151,8.540149
4.2492194,0.0037434555,0.28883204,70000.0,151467.38,149824.06,149824.06,0.019309817,10.343567,8.540152,8.540149
4.2492194,0.0036069916,0.26215506,70000.0,151467.38,149824.05,149824.02,0.019309817,10.343455,8.540152,8.540149
4.2492194,0.0042218794,0.24514322,70000.0,151467.38,149824.06,149824.06,0.019309817,10.343552,8.540153,8.540149
4.2492194,0.004123195,0.24888146,70000.0,151467.36,149824.06,149824.05,0.019309817,10.343554,8.540152,8.54015
4.2492194,0.0040229466,0.27070105,70000.0,151467.39,149824.05,149824.06,0.019309817,10.343624,8.540153,8.54015
4.2492194,0.0036416168,0.3287805,70000.0,151467.38,149824.05,149824.05,0.019309817,10.343602,8.54015,8.54015
4.2492194,0.003599621,0.25134748,70000.0,151467.33,149824.05,149824.06,0.019309817,10.343402,8.54015,8.540151
4.2492194,0.0034546684,0.25613084,70000.0,151467.39,149824.03,149824.05,0.019309817,10.343297,8.540152,8.540151
4.2492194,0.004061782,0.4681145,70000.0,151467.39,149824.05,149824.03,0.019309817,10.343342,8.540149,8.54015
4.2492194,0.0031229495,0.39220896,70000.0,151467.38,149824.08,149824.05,0.019309817,10.343378,8.54015,8.54015
4.2492194,0.003198985,0.32265663,70000.0,151467.39,149824.06,149824.06,0.019309817,10.343467,8.540151,8.540151
4.2492194,0.0035597065,0.27543157,70000.0,151467.4,149824.05,149824.05,0.019309817,10.343497,8.540153,8.540149
4.2492194,0.0032529775,0.26919425,70000.0,151467.38,149824.05,149824.06,0.019309817,10.343649,8.540152,8.540152
4.2492194,0.0033071893,0.3321891,70000.0,151467.39,149824.06,149824.05,0.019309817,10.343302,8.540151,8.540149
4.2492194,0.0039247004,0.27855873,70000.0,151467.36,149824.05,149824.05,0.019309817,10.343611,8.540152,8.540149
4.2492194,0.0036358112,0.26765478,70000.0,151467.4,149824.05,149824.06,0.019309817,10.343415,8.540151,8.54015
4.2492194,0.004401626,0.4461242,70000.0,151467.39,149824.05,149824.06,0.019309817,10.343359,8.540149,8.540149
4.2492194,0.004180162,0.38586795,70000.0,151467.34,149824.05,149824.05,0.019309817,10.343211,8.54015,8.540149
4.2492194,0.004028089,0.3187291,70000.0,151467.38,149824.06,149824.05,0.019309817,10.343182,8.540152,8.540149
4.2492194,0.0036946444,0.437802,70000.0,151467.36,149824.03,149824.05,0.019309817,10.343304,8.54015,8.540149
4.2492194,0.003248076,0.3444336,70000.0,151467.36,149824.06,149824.05,0.019309817,10.343315,8.540152,8.54015
4.2492194,0.004274125,0.2753718,70000.0,151467.44,149824.05,149824.06,0.019309817,10.343471,8.540152,8.540151
4.2492194,0.004231745,0.2934571,70000.0,151467.36,149824.05,149824.05,0.019309817,10.343181,8.540153,8.540149
4.2492194,0.003997368,0.35610634,70000.0,151467.39,149824.05,149824.06,0.019309817,10.34357,8.540151,8.54015
4.2492194,0.0041799485,0.36216843,70000.0,151467.36,149824.06,149824.05,0.019309817,10.343458,8.540151,8.540151
4.2492194,0.0038108411,0.26533884,70000.0,151467.39,149824.05,149824.06,0.019309817,10.343427,8.540151,8.54015
4.2492194,0.003942478,0.35734573,70000.0,151467.39,149824.08,149824.05,0.019309817,10.343491,8.540152,8.540149
4.2492194,0.0036449928,0.37973663,70000.0,151467.36,149824.06,149824.03,0.019309817,10.343354,8.540151,8.54015
4.2492194,0.0036851936,0.31786063,70000.0,151467.34,149824.06,149824.05,0.019309817,10.343133,8.540152,8.54015
4.2492194,0.003939035,0.27031696,70000.0,151467.31,149824.06,149824.05,0.019309817,10.342964,8.540152,8.54015
4.2492194,0.0035625235,0.27228576,70000.0,151467.36,149824.03,149824.08,0.019309817,10.343221,8.540153,8.54015
4.2492194,0.0035177919,0.34353572,70000.0,151467.34,149824.06,149824.06,0.019309817,10.343197,8.540152,8.54015
4.2492194,0.0035029666,0.35505834,70000.0,151467.33,149824.06,149824.05,0.019309817,10.343219,8.540152,8.54015
4.2492194,0.0038427585,0.379705,70000.0,151467.33,149824.05,149824.06,0.019309817,10.342984,8.54015,8.540149
4.2492194,0.0038061214,0.33344045,70000.0,151467.34,149824.05,149824.08,0.019309817,10.34321,8.540151,8.540152
4.2492194,0.0039123083,0.2686167,70000.0,151467.39,149824.06,149824.05,0.019309817,10.343642,8.540151,8.54015
4.2492194,0.0026926352,0.3521649,70000.0,151467.36,149824.05,149824.05,0.019309817,10.343166,8.540149,8.54015
4.2492194,0.003631786,0.33854243,70000.0,151467.4,149824.05,149824.06,0.019309817,10.343354,8.540152,8.54015
4.2492194,0.004178251,0.28264374,70000.0,151467.34,149824.05,149824.06,0.019309817,10.343042,8.540152,8.54015
4.2492194,0.0037596982,0.45539942,70000.0,151467.44,149824.06,149824.06,0.019309817,10.343571,8.54015,8.54015
4.2492194,0.003550545,0.38159427,70000.0,151467.33,149824.03,149824.08,0.019309817,10.34336,8.54015,8.540151
4.2492194,0.004112662,0.44681168,70000.0,151467.38,149824.08,149824.05,0.019309817,10.343165,8.54015,8.54015
4.2492194,0.003480864,0.2879362,70000.0,151467.36,149824.03,149824.06,0.019309817,10.343287,8.540153,8.54015
4.2492194,0.004018654,0.29385942,70000.0,151467.34,149824.06,149824.06,0.019309817,10.343353,8.540152,8.54015
4.2492194,0.0037535145,0.31720483,70000.0,151467.36,149824.06,149824.05,0.019309817,10.343026,8.540151,8.54015
4.2492194,0.0039732647,0.41635346,70000.0,151467.36,149824.08,149824.06,0.019309817,10.343121,8.540151,8.54015
4.2492194,0.004160422,0.44750595,70000.0,151467.39,149824.05,149824.05,0.019309817,10.343335,8.54015,8.540149
4.2492194,0.0038952061,0.28223217,70000.0,151467.34,149824.05,149824.05,0.019309817,10.343599,8.540152,8.54015
4.2492194,0.0045121536,0.3902561,70000.0,151467.33,149824.05,149824.05,0.019309817,10.343134,8.54015,8.540149
4.2492194,0.004294369,0.29621565,70000.0,151467.33,149824.05,149824.06,0.019309817,10.343349,8.540151,8.54015
4.2492194,0.003100509,0.28953496,70000.0,151467.39,149824.08,149824.05,0.019309817,10.343671,8.540152,8.540151
4.2492194,0.0039963624,0.29073554,70000.0,151467.4,149824.06,149824.06,0.019309817,10.343449,8.540152,8.54015
4.2492194,0.0041047167,0.26249164,70000.0,151467.39,149824.05,149824.05,0.019309817,10.343436,8.540152,8.54015
4.2492194,0.0038966972,0.33027256,70000.0,151467.42,149824.05,149824.05,0.019309817,10.343519,8.540151,8.54015
4.2492194,0.0044834986,0.33758697,70000.0,151467.34,149824.06,149824.08,0.019309817,10.343602,8.540151,8.540151
4.2492194,0.004526047,0.28280827,70000.0,151467.39,149824.05,149824.06,0.019309817,10.343843,8.540152,8.540149
4.2492194,0.0031996344,0.4464429,70000.0,151467.39,149824.06,149824.06,0.019309817,10.343431,8.540149,8.540149
4.2492194,0.003680927,0.3197292,70000.0,151467.34,149824.06,149824.06,0.019309817,10.343655,8.540151,8.54015
4.2492194,0.004267436,0.37705883,70000.0,151467.45,149824.05,149824.06,0.019309817,10.343745,8.54015,8.54015
4.2492194,0.0041587246,0.41236365,70000.0,151467.42,149824.06,149824.06,0.019309817,10.344006,8.54015,8.54015
4.2492194,0.004102299,0.31623146,70000.0,151467.36,149824.08,149824.06,0.019309817,10.343181,8.540152,8.540151
4.2492194,0.0040739053,0.26575658,70000.0,151467.38,149824.05,149824.05,0.019309817,10.343547,8.540152,8.54015
4.2492194,0.0036129022,0.25925672,70000.0,151467.34,149824.05,149824.06,0.019309817,10.343366,8.540152,8.540149
4.2492194,0.0032917429,0.30250525,70000.0,151467.39,149824.05,149824.05,0.019309817,10.343644,8.540152,8.54015
4.2492194,0.0036093637,0.26386607,70000.0,151467.45,149824.06,149824.06,0.019309817,10.343621,8.540152,8.54015
4.2492194,0.0039582676,0.3731778,70000.0,151467.44,149824.06,149824.06,0.019309817,10.34347,8.54015,8.54015
4.2492194,0.0037895476,0.4104206,70000.0,151467.33,149824.06,149824.08,0.019309817,10.343343,8.540151,8.540149
4.2492194,0.0041083544,0.28101248,70000.0,151467.39,149824.06,149824.03,0.019309817,10.343631,8.540151,8.54015
4.2492194,0.003626539,0.39604545,70000.0,151467.36,149824.05,149824.06,0.019309817,10.343516,8.54015,8.54015
4.2492194,0.003501695,0.3826901,70000.0,151467.4,149824.06,149824.05,0.019309817,10.343436,8.540151,8.54015
4.2492194,0.004448046,0.3270075,70000.0,151467.39,149824.02,149824.05,0.019309817,10.343195,8.540151,8.540149
4.2492194,0.0044968324,0.38868922,70000.0,151467.39,149824.08,149824.06,0.019309817,10.343349,8.540151,8.54015
4.2492194,0.0035136344,0.25804913,70000.0,151467.39,149824.05,149824.08,0.019309817,10.343581,8.540152,8.54015
4.2492194,0.0037091766,0.28468296,70000.0,151467.34,149824.05,149824.05,0.019309817,10.343448,8.540151,8.540149
4.2492194,0.0035348402,0.2562134,70000.0,151467.38,149824.05,149824.05,0.019309817,10.34346,8.540152,8.540149
4.2492194,0.0036491137,0.30136678,70000.0,151467.36,149824.03,149824.06,0.019309817,10.34349,8.540151,8.540151
4.2492194,0.0047942074,0.31066474,70000.0,151467.3,149824.08,149824.05,0.019309817,10.343284,8.540151,8.540151
4.2492194,0.00458986,0.2792307,70000.0,151467.34,149824.06,149824.05,0.019309817,10.343181,8.540153,8.54015
4.2492194,0.0044082617,0.43840092,70000.0,151467.39,149824.05,149824.06,0.019309817,10.343499,8.54015,8.54015
4.2492194,0.0038898687,0.3565967,70000.0,151467.42,149824.06,149824.05,0.019309817,10.343382,8.540151,8.54015
4.2492194,0.0036360614,0.38825205,70000.0,151467.39,149824.03,149824.05,0.019309817,10.343293,8.54015,8.540149
4.2492194,0.0032863405,0.2787124,70000.0,151467.38,149824.06,149824.06,0.019309817,10.343556,8.540153,8.540151
4.2492194,0.0038217444,0.34221795,70000.0,151467.38,149824.06,149824.05,0.019309817,10.343544,8.540151,8.54015
4.2492194,0.0033386361,0.364036,70000.0,151467.42,149824.06,149824.06,0.019309817,10.343395,8.540151,8.54015
4.2492194,0.0038344178,0.27419546,70000.0,151467.38,149824.05,149824.08,0.019309817,10.343229,8.540152,8.540149
4.2492194,0.0033898535,0.32079422,70000.0,151467.4,149824.05,149824.06,0.019309817,10.343651,8.540151,8.54015
4.2492194,0.004236722,0.34402475,70000.0,151467.36,149824.05,149824.05,0.019309817,10.343111,8.54015,8.540149
4.2492194,0.0034460598,0.2982485,70000.0,151467.34,149824.06,149824.05,0.019309817,10.343122,8.540152,8.54015
4.2492194,0.0038146991,0.3787601,70000.0,151467.45,149824.06,149824.08,0.019309817,10.343652,8.54015,8.54015
4.2492194,0.003575383,0.44005296,70000.0,151467.39,149824.03,149824.06,0.019309817,10.343138,8.54015,8.54015
4.2492194,0.003967942,0.42278054,70000.0,151467.38,149824.05,149824.05,0.019309817,10.343375,8.54015,8.54015
4.2492194,0.004252361,0.3568131,70000.0,151467.36,149824.06,149824.05,0.019309817,10.343074,8.54015,8.540151
4.2492194,0.0037981342,0.27431434,70000.0,151467.44,149824.05,149824.05,0.019309817,10.343521,8.540153,8.540149
4.2492194,0.0035526527,0.349269,70000.0,151467.39,149824.03,149824.06,0.019309817,10.343731,8.540149,8.540149
4.2492194,0.003199357,0.30347493,70000.0,151467.38,149824.05,149824.03,0.019309817,10.343403,8.54015,8.54015
4.2492194,0.003920503,0.28264058,70000.0,151467.31,149824.05,149824.05,0.019309817,10.343523,8.540152,8.54015
4.2492194,0.0040102564,0.31981036,70000.0,151467.38,149824.06,149824.03,0.019309817,10.343172,8.540151,8.540149
4.2492194,0.004028105,0.28995648,70000.0,151467.39,149824.05,149824.06,0.019309817,10.343517,8.540152,8.540151
4.2492194,0.004357491,0.28609845,70000.0,151467.34,149824.05,149824.06,0.019309817,10.3434515,8.540151,8.54015
4.2492194,0.003893202,0.3700099,70000.0,151467.39,149824.05,149824.08,0.019309817,10.34362,8.540151,8.54015
4.2492194,0.0036807957,0.45201862,70000.0,151467.45,149824.08,149824.05,0.019309817,10.343722,8.54015,8.540149
4.2492194,0.003868362,0.41030234,70000.0,151467.4,149824.03,149824.05,0.019309817,10.343846,8.540151,8.54015
4.2492194,0.0038392511,0.27339584,70000.0,151467.42,149824.03,149824.05,0.019309817,10.343591,8.540152,8.540149
4.2492194,0.004110461,0.2755866,70000.0,151467.39,149824.06,149824.05,0.019309817,10.34347,8.540153,8.540149
4.2492194,0.0044906596,0.28616813,70000.0,151467.38,149824.05,149824.06,0.019309817,10.343465,8.540153,8.54015
4.2492194,0.0037223923,0.4332187,70000.0,151467.34,149824.05,149824.06,0.019309817,10.343318,8.540149,8.54015
4.2492194,0.0033916594,0.39877003,70000.0,151467.39,149824.06,149824.06,0.019309817,10.343503,8.54015,8.54015
4.2492194,0.003818831,0.3012857,70000.0,151467.38,149824.05,149824.06,0.019309817,10.343168,8.540152,8.540149
4.2492194,0.0036474613,0.4324813,70000.0,151467.4,149824.08,149824.05,0.019309817,10.343634,8.54015,8.54015
4.2492194,0.0041244915,0.40151918,70000.0,151467.38,149824.05,149824.06,0.019309817,10.343286,8.540151,8.540149
4.2492194,0.0041317074,0.45013884,70000.0,151467.36,149824.05,149824.06,0.019309817,10.343358,8.54015,8.54015
4.2492194,0.0034660783,0.25391307,70000.0,151467.39,149824.05,149824.05,0.019309817,10.343696,8.540152,8.54015
4.2492194,0.0034898648,0.35914403,70000.0,151467.34,149824.06,149824.05,0.019309817,10.343027,8.540151,8.54015
4.2492194,0.0042614844,0.4503951,70000.0,151467.38,149824.06,149824.05,0.019309817,10.343429,8.54015,8.540149
4.2492194,0.0042360434,0.37225047,70000.0,151467.44,149824.06,149824.05,0.019309817,10.343632,8.540151,8.540151
4.2492194,0.0040469095,0.38186118,70000.0,151467.42,149824.05,149824.05,0.019309817,10.343539,8.540151,8.540149
4.2492194,0.00440987,0.2711861,70000.0,151467.39,149824.08,149824.03,0.019309817,10.343591,8.540153,8.540149
4.2492194,0.0039868047,0.3417025,70000.0,151467.4,149824.08,149824.06,0.019309817,10.343378,8.540152,8.54015
4.2492194,0.003545844,0.25075227,70000.0,151467.34,149824.05,149824.08,0.019309817,10.343207,8.540152,8.540151
4.2492194,0.0037293446,0.3392223,70000.0,151467.44,149824.05,149824.06,0.019309817,10.343624,8.54015,8.540149
4.2492194,0.0043386854,0.31359705,70000.0,151467.42,149824.06,149824.05,0.019309817,10.343668,8.540152,8.540151
4.2492194,0.004557587,0.23576064,70000.0,151467.39,149824.05,149824.05,0.019309817,10.343546,8.540151,8.540149
4.2492194,0.0036972922,0.24584825,70000.0,151467.39,149824.08,149824.05,0.019309817,10.343364,8.540153,8.54015
4.2492194,0.0038114546,0.29733145,70000.0,151467.36,149824.05,149824.05,0.019309817,10.34302,8.540152,8.540149
4.2492194,0.0037342543,0.2857735,70000.0,151467.4,149824.03,149824.08,0.019309817,10.343905,8.540152,8.54015
4.2492194,0.0035384053,0.2908562,70000.0,151467.36,149824.03,149824.06,0.019309817,10.343139,8.540152,8.540151
4.2492194,0.0038454246,0.29501593,70000.0,151467.4,149824.06,149824.06,0.019309817,10.343347,8.540153,8.540151
4.2492194,0.0034863707,0.44739282,70000.0,151467.4,149824.06,149824.03,0.019309817,10.343552,8.54015,8.54015
4.2492194,0.004235616,0.301651,70000.0,151467.45,149824.08,149824.06,0.019309817,10.343649,8.540152,8.540148
4.2492194,0.0041830707,0.44051084,70000.0,151467.34,149824.06,149824.05,0.019309817,10.343184,8.540151,8.540149
4.2492194,0.004356567,0.31984603,70000.0,151467.34,149824.06,149824.06,0.019309817,10.343218,8.540152,8.54015
4.2492194,0.0039122337,0.29193315,70000.0,151467.38,149824.06,149824.05,0.019309817,10.343715,8.540153,8.540151
4.2492194,0.0041708057,0.4509122,70000.0,151467.39,149824.06,149824.05,0.019309817,10.343235,8.54015,8.540149
4.2492194,0.0037993547,0.39537647,70000.0,151467.36,149824.05,149824.06,0.019309817,10.343318,8.54015,8.54015
4.2492194,0.0038212936,0.2752212,70000.0,151467.4,149824.06,149824.06,0.019309817,10.343363,8.540152,8.540151
4.2492194,0.0037518283,0.3171292,70000.0,151467.36,149824.08,149824.06,0.019309817,10.34347,8.540151,8.54015
4.2492194,0.003949804,0.2627135,70000.0,151467.38,149824.03,149824.03,0.019309817,10.343516,8.540152,8.54015
4.2492194,0.003884156,0.34693503,70000.0,151467.39,149824.03,149824.05,0.019309817,10.343207,8.540151,8.54015
4.2492194,0.0036794443,0.45966667,70000.0,151467.42,149824.03,149824.06,0.019309817,10.343407,8.54015,8.540151
4.2492194,0.004321203,0.3243237,70000.0,151467.4,149824.06,149824.06,0.019309817,10.343445,8.540152,8.540149
4.2492194,0.0036557375,0.2716339,70000.0,151467.42,149824.05,149824.06,0.019309817,10.343794,8.540152,8.54015
4.2492194,0.0037729403,0.36372548,70000.0,151467.38,149824.05,149824.05,0.019309817,10.343034,8.540151,8.54015
4.2492194,0.0051720473,0.30419096,70000.0,151467.36,149824.06,149824.08,0.019309817,10.343257,8.540152,8.540151
4.2492194,0.004378239,0.31646228,70000.0,151467.38,149824.05,149824.06,0.019309817,10.343588,8.540151,8.540149
4.2492194,0.0035103485,0.27777326,70000.0,151467.4,149824.03,149824.06,0.019309817,10.343969,8.540152,8.54015
4.2492194,0.003249554,0.34212092,70000.0,151467.4,149824.05,149824.06,0.019309817,10.34309,8.54015,8.540149
4.2492194,0.0038746607,0.34148213,70000.0,151467.39,149824.08,149824.05,0.019309817,10.343315,8.540152,8.54015
4.2492194,0.0039043562,0.29108405,70000.0,151467.36,149824.06,149824.05,0.019309817,10.343069,8.540152,8.54015
4.2492194,0.004355425,0.25307408,70000.0,151467.44,149824.08,149824.06,0.019309817,10.343524,8.540153,8.54015
4.2492194,0.0039022157,0.32716528,70000.0,151467.44,149824.05,149824.05,0.019309817,10.343427,8.540152,8.54015
4.2492194,0.0037927749,0.42185,70000.0,151467.38,149824.05,149824.05,0.019309817,10.343358,8.54015,8.54015
4.2492194,0.0038836384,0.41430315,70000.0,151467.33,149824.05,149824.06,0.019309817,10.343288,8.540149,8.540151
4.2492194,0.003928199,0.4386191,70000.0,151467.36,149824.06,149824.06,0.019309817,10.343216,8.540149,8.54015
4.2492194,0.0040454958,0.38479868,70000.0,151467.44,149824.05,149824.05,0.019309817,10.343642,8.54015,8.54015
4.2492194,0.003890385,0.28465882,70000.0,151467.44,149824.05,149824.06,0.019309817,10.343372,8.540151,8.54015
4.2492194,0.004307023,0.34116197,70000.0,151467.4,149824.06,149824.05,0.019309817,10.343422,8.540151,8.540151
4.2492194,0.0038700358,0.47273895,70000.0,151467.34,149824.08,149824.05,0.019309817,10.343607,8.540149,8.54015
4.2492194,0.0037187324,0.31639907,70000.0,151467.36,149824.06,149824.06,0.019309817,10.34344,8.540151,8.54015
4.2492194,0.0037610184,0.3648194,70000.0,151467.4,149824.03,149824.06,0.019309817,10.343526,8.54015,8.54015
4.2492194,0.0037589842,0.4284099,70000.0,151467.39,149824.08,149824.05,0.019309817,10.343425,8.54015,8.540149
4.2492194,0.003959379,0.31475314,70000.0,151467.39,149824.06,149824.06,0.019309817,10.343582,8.540152,8.54015
4.2492194,0.0040871566,0.3266007,70000.0,151467.34,149824.06,149824.05,0.019309817,10.34315,8.540151,8.54015
4.2492194,0.004067286,0.30208272,70000.0,151467.38,149824.03,149824.06,0.019309817,10.343613,8.540152,8.540149
4.2492194,0.003948015,0.4415156,70000.0,151467.38,149824.05,149824.08,0.019309817,10.343437,8.540149,8.54015
4.2492194,0.0041238395,0.29414377,70000.0,151467.36,149824.03,149824.05,0.019309817,10.3433895,8.540151,8.540149
4.2492194,0.0037206602,0.31097877,70000.0,151467.31,149824.05,149824.05,0.019309817,10.3433075,8.540151,8.54015
4.2492194,0.0038714395,0.32662585,70000.0,151467.34,149824.06,149824.05,0.019309817,10.343058,8.540151,8.540149
4.2492194,0.0035202627,0.308781,70000.0,151467.34,149824.05,149824.05,0.019309817,10.343308,8.540152,8.540149
4.2492194,0.003983094,0.41093805,70000.0,151467.39,149824.05,149824.06,0.019309817,10.343474,8.54015,8.54015
4.2492194,0.0039237575,0.34609726,70000.0,151467.4,149824.06,149824.05,0.019309817,10.343691,8.540152,8.540149
4.2492194,0.0034908596,0.30572602,70000.0,151467.38,149824.05,149824.06,0.019309817,10.343219,8.540152,8.540149
4.2492194,0.0038581397,0.3000611,70000.0,151467.42,149824.06,149824.05,0.019309817,10.343846,8.540152,8.54015
4.2492194,0.004123421,0.43016732,70000.0,151467.39,149824.05,149824.08,0.019309817,10.34361,8.54015,8.54015
4.2492194,0.0035730246,0.2999847,70000.0,151467.39,149824.06,149824.06,0.019309817,10.343738,8.540152,8.54015
4.2492194,0.0037793252,0.3580546,70000.0,151467.34,149824.06,149824.05,0.019309817,10.342953,8.540152,8.54015
4.2492194,0.003680994,0.27450258,70000.0,151467.4,149824.08,149824.06,0.019309817,10.343904,8.540151,8.540149
4.2492194,0.0035912055,0.34340656,70000.0,151467.39,149824.06,149824.05,0.019309817,10.343934,8.540151,8.540149
4.2492194,0.0041622673,0.27879295,70000.0,151467.34,149824.06,149824.06,0.019309817,10.343591,8.540151,8.540149
4.2492194,0.0042827222,0.3858952,70000.0,151467.38,149824.06,149824.06,0.019309817,10.343036,8.54015,8.54015
4.2492194,0.0032581466,0.43838888,70000.0,151467.33,149824.05,149824.05,0.019309817,10.343452,8.540151,8.54015
4.2492194,0.0043065897,0.31565857,70000.0,151467.33,149824.05,149824.06,0.019309817,10.343154,8.540152,8.540149
4.2492194,0.0038216885,0.265565,70000.0,151467.4,149824.06,149824.06,0.019309817,10.343297,8.540151,8.54015
4.2492194,0.0040245326,0.33861297,70000.0,151467.31,149824.05,149824.03,0.019309817,10.343451,8.540152,8.540149
4.2492194,0.004213131,0.35331395,70000.0,151467.42,149824.06,149824.05,0.019309817,10.343256,8.540151,8.54015
4.2492194,0.0037057593,0.28646266,70000.0,151467.39,149824.05,149824.05,0.019309817,10.343639,8.540152,8.54015
4.2492194,0.004081994,0.2767102,70000.0,151467.33,149824.06,149824.1,0.019309817,10.343293,8.540152,8.54015
4.2492194,0.0043510143,0.27672747,70000.0,151467.39,149824.06,149824.06,0.019309817,10.343586,8.540152,8.54015
4.2492194,0.0040328857,0.2714548,70000.0,151467.36,149824.05,149824.03,0.019309817,10.343111,8.540152,8.54015
4.2492194,0.0039674966,0.40237796,70000.0,151467.34,149824.05,149824.05,0.019309817,10.343298,8.54015,8.54015
4.2492194,0.0041134474,0.3665193,70000.0,151467.39,149824.06,149824.03,0.019309817,10.343311,8.540151,8.540151
4.2492194,0.003965076,0.40156898,70000.0,151467.4,149824.03,149824.06,0.019309817,10.343148,8.540149,8.540151
4.2492194,0.003838429,0.412176,70000.0,151467.4,149824.03,149824.08,0.019309817,10.343439,8.54015,8.54015
4.2492194,0.003820496,0.3396491,70000.0,151467.38,149824.06,149824.08,0.019309817,10.343257,8.540151,8.540149
4.2492194,0.0038569567,0.43223897,70000.0,151467.39,149824.06,149824.02,0.019309817,10.34345,8.54015,8.540149
4.2492194,0.0040441477,0.37606683,70000.0,151467.39,149824.05,149824.06,0.019309817,10.343461,8.54015,8.54015
4.2492194,0.0036993925,0.3081209,70000.0,151467.44,149824.08,149824.08,0.019309817,10.343509,8.540151,8.540151
4.2492194,0.004399805,0.28802136,70000.0,151467.38,149824.06,149824.06,0.019309817,10.343318,8.540152,8.540149
4.2492194,0.004008766,0.2866038,70000.0,151467.3,149824.06,149824.06,0.019309817,10.343093,8.540151,8.54015
4.2492194,0.004225941,0.37450612,70000.0,151467.39,149824.02,149824.05,0.019309817,10.343335,8.54015,8.54015
4.2492194,0.003881076,0.32993475,70000.0,151467.38,149824.05,149824.05,0.019309817,10.343343,8.540151,8.54015
4.2492194,0.0038501553,0.39369124,70000.0,151467.44,149824.08,149824.06,0.019309817,10.343744,8.54015,8.54015
4.2492194,0.0041160653,0.27722576,70000.0,151467.36,149824.06,149824.06,0.019309817,10.343234,8.540152,8.54015
4.2492194,0.003386046,0.4544596,70000.0,151467.38,149824.05,149824.05,0.019309817,10.343461,8.54015,8.540149
4.2492194,0.003959245,0.3769114,70000.0,151467.33,149824.06,149824.05,0.019309817,10.343486,8.540151,8.540151
4.2492194,0.003760882,0.2741767,70000.0,151467.42,149824.03,149824.05,0.019309817,10.343381,8.540153,8.540149
4.2492194,0.0043148394,0.29201153,70000.0,151467.36,149824.06,149824.05,0.019309817,10.343315,8.540153,8.540149
4.2492194,0.003410737,0.37396702,70000.0,151467.33,149824.06,149824.05,0.019309817,10.343111,8.54015,8.540149
4.2492194,0.0040201317,0.29996008,70000.0,151467.36,149824.05,149824.05,0.019309817,10.343185,8.540152,8.54015
4.2492194,0.004403588,0.36735865,70000.0,151467.39,149824.05,149824.05,0.019309817,10.343608,8.54015,8.54015
4.2492194,0.0038612399,0.42296904,70000.0,151467.33,149824.06,149824.06,0.019309817,10.34351,8.54015,8.54015
4.2492194,0.0033304575,0.36275247,70000.0,151467.33,149824.05,149824.05,0.019309817,10.343307,8.54015,8.540149
4.2492194,0.0042204564,0.33399326,70000.0,151467.39,149824.05,149824.06,0.019309817,10.343292,8.540151,8.54015
4.2492194,0.003943263,0.29326475,70000.0,151467.38,149824.05,149824.05,0.019309817,10.343449,8.540151,8.54015
4.2492194,0.0043261605,0.28062004,70000.0,151467.38,149824.06,149824.05,0.019309817,10.34333,8.540152,8.54015
4.2492194,0.0041506696,0.28321764,70000.0,151467.31,149824.05,149824.06,0.019309817,10.343012,8.540152,8.54015
4.2492194,0.0035926627,0.49137494,70000.0,151467.4,149824.05,149824.06,0.019309817,10.343559,8.54015,8.54015
4.2492194,0.0034277812,0.39815745,70000.0,151467.4,149824.03,149824.06,0.019309817,10.343208,8.54015,8.54015
4.2492194,0.0038772272,0.2772494,70000.0,151467.42,149824.06,149824.06,0.019309817,10.343823,8.540152,8.54015
4.2492194,0.0038887053,0.33631197,70000.0,151467.44,149824.08,149824.03,0.019309817,10.343609,8.540151,8.54015
4.2492194,0.0042272303,0.4066715,70000.0,151467.31,149824.06,149824.05,0.019309817,10.343147,8.540151,8.54015
4.2492194,0.004164111,0.38772455,70000.0,151467.33,149824.06,149824.05,0.019309817,10.343507,8.540151,8.54015
4.2492194,0.003351851,0.29263908,70000.0,151467.38,149824.06,149824.05,0.019309817,10.343247,8.540151,8.54015
4.2492194,0.0037595471,0.50438493,70000.0,151467.4,149824.05,149824.05,0.019309817,10.343429,8.540149,8.540149
4.2492194,0.00425934,0.4931184,70000.0,151467.38,149824.06,149824.06,0.019309817,10.343364,8.540149,8.540148
4.2492194,0.0046026167,0.28141257,70000.0,151467.4,149824.05,149824.06,0.019309817,10.343847,8.540151,8.54015
4.2492194,0.0046763085,0.28967395,70000.0,151467.38,149824.06,149824.03,0.019309817,10.343374,8.540152,8.54015
4.2492194,0.00440807,0.48380187,70000.0,151467.4,149824.05,149824.06,0.019309817,10.343425,8.540149,8.540149
4.2492194,0.0038758852,0.4764227,70000.0,151467.4,149824.06,149824.06,0.019309817,10.343282,8.540149,8.540149
4.2492194,0.0037731596,0.4492751,70000.0,151467.36,149824.06,149824.05,0.019309817,10.34296,8.54015,8.540149
4.2492194,0.0042574806,0.3036096,70000.0,151467.38,149824.06,149824.05,0.019309817,10.343183,8.540152,8.540149
4.2492194,0.004127825,0.4176616,70000.0,151467.42,149824.05,149824.08,0.019309817,10.344077,8.54015,8.540151
4.2492194,0.0038433243,0.34076524,70000.0,151467.34,149824.08,149824.05,0.019309817,10.34326,8.540151,8.54015
4.2492194,0.0045096967,0.29025313,70000.0,151467.36,149824.05,149824.05,0.019309817,10.343436,8.540152,8.54015
4.2492194,0.004295222,0.43505245,70000.0,151467.4,149824.06,149824.06,0.019309817,10.343671,8.540149,8.54015
4.2492194,0.0046263933,0.38284,70000.0,151467.38,149824.06,149824.03,0.019309817,10.343471,8.540149,8.540151
4.2492194,0.00394266,0.41812587,70000.0,151467.3,149824.05,149824.08,0.019309817,10.343105,8.54015,8.54015
4.2492194,0.0036639227,0.27199033,70000.0,151467.33,149824.03,149824.06,0.019309817,10.343264,8.540152,8.540149
4.2492194,0.0030763785,0.39949933,70000.0,151467.38,149824.05,149824.05,0.019309817,10.343675,8.540151,8.54015
4.2492194,0.003649822,0.31049216,70000.0,151467.34,149824.05,149824.03,0.019309817,10.3438015,8.540151,8.54015
4.2492194,0.0039724153,0.42374408,70000.0,151467.36,149824.03,149824.06,0.019309817,10.343398,8.54015,8.54015
4.2492194,0.0035444435,0.4416459,70000.0,151467.38,149824.03,149824.05,0.019309817,10.343164,8.54015,8.54015
4.2492194,0.004033824,0.43656975,70000.0,151467.36,149824.06,149824.05,0.019309817,10.3430805,8.54015,8.54015
4.2492194,0.0031421871,0.42426962,70000.0,151467.39,149824.03,149824.06,0.019309817,10.343195,8.54015,8.54015
4.2492194,0.0033908258,0.51625496,70000.0,151467.36,149824.03,149824.08,0.019309817,10.343328,8.540148,8.54015
4.2492194,0.0040906197,0.27356994,70000.0,151467.38,149824.06,149824.05,0.019309817,10.343381,8.540153,8.54015
4.2492194,0.0040193633,0.352826,70000.0,151467.33,149824.05,149824.06,0.019309817,10.343366,8.540151,8.54015
4.2492194,0.0043115215,0.40738538,70000.0,151467.42,149824.05,149824.06,0.019309817,10.343455,8.54015,8.540151
4.2492194,0.0041618715,0.39788333,70000.0,151467.38,149824.06,149824.06,0.019309817,10.343171,8.540149,8.54015
4.2492194,0.003957012,0.3758075,70000.0,151467.44,149824.06,149824.08,0.019309817,10.343621,8.540151,8.54015
4.2492194,0.003608027,0.31124017,70000.0,151467.38,149824.06,149824.06,0.019309817,10.3434515,8.540152,8.54015
4.2492194,0.003919419,0.2890311,70000.0,151467.38,149824.05,149824.06,0.019309817,10.343501,8.540152,8.540149
4.2492194,0.0045546875,0.39670986,70000.0,151467.39,149824.06,149824.08,0.019309817,10.34347,8.540151,8.54015
4.2492194,0.0041522705,0.31870192,70000.0,151467.39,149824.05,149824.06,0.019309817,10.343412,8.540152,8.540149
4.2492194,0.0032978982,0.3425748,70000.0,151467.36,149824.05,149824.05,0.019309817,10.343622,8.540151,8.54015
4.2492194,0.0041959956,0.40413362,70000.0,151467.38,149824.05,149824.06,0.019309817,10.34338,8.540149,8.540152
4.2492194,0.0037309227,0.28335726,70000.0,151467.4,149824.05,149824.06,0.019309817,10.34366,8.540152,8.54015
4.2492194,0.0034270484,0.3701071,70000.0,151467.34,149824.05,149824.05,0.019309817,10.343293,8.540151,8.54015
4.2492194,0.0037598792,0.25663534,70000.0,151467.36,149824.06,149824.05,0.019309817,10.343134,8.540153,8.540149
4.2492194,0.004236409,0.46601993,70000.0,151467.4,149824.05,149824.08,0.019309817,10.34346,8.540149,8.54015
4.2492194,0.0037313346,0.33142707,70000.0,151467.45,149824.06,149824.06,0.019309817,10.343513,8.540151,8.54015
4.2492194,0.0034485802,0.37442973,70000.0,151467.38,149824.08,149824.06,0.019309817,10.343252,8.540151,8.54015
4.2492194,0.003948107,0.30756685,70000.0,151467.4,149824.05,149824.05,0.019309817,10.343442,8.540152,8.540149
4.2492194,0.004045334,0.29513302,70000.0,151467.33,149824.08,149824.06,0.019309817,10.343357,8.540151,8.540151
4.2492194,0.0038431662,0.2872978,70000.0,151467.4,149824.03,149824.06,0.019309817,10.343643,8.540152,8.54015
4.2492194,0.004359919,0.30408633,70000.0,151467.34,149824.05,149824.06,0.019309817,10.34325,8.540151,8.54015
4.2492194,0.003399518,0.40342203,70000.0,151467.36,149824.05,149824.08,0.019309817,10.3432665,8.54015,8.54015
4.2492194,0.0042485762,0.29158586,70000.0,151467.38,149824.03,149824.05,0.019309817,10.343745,8.540152,8.54015
4.2492194,0.0036448094,0.40851137,70000.0,151467.34,149824.05,149824.05,0.019309817,10.343345,8.54015,8.54015
4.2492194,0.0039064977,0.40326694,70000.0,151467.34,149824.03,149824.06,0.019309817,10.34327,8.54015,8.54015
4.2492194,0.0041398327,0.28998637,70000.0,151467.36,149824.05,149824.05,0.019309817,10.343429,8.540152,8.540149
4.2492194,0.0040150504,0.30635285,70000.0,151467.36,149824.08,149824.05,0.019309817,10.343779,8.540151,8.540149
4.2492194,0.0038895798,0.3221117,70000.0,151467.36,149824.06,149824.05,0.019309817,10.343298,8.540152,8.54015
4.2492194,0.004229176,0.29952443,70000.0,151467.38,149824.06,149824.06,0.019309817,10.343539,8.540152,8.540151
4.2492194,0.004514307,0.3902974,70000.0,151467.38,149824.08,149824.06,0.019309817,10.343335,8.540151,8.54015
4.2492194,0.0042803762,0.3180689,70000.0,151467.38,149824.05,149824.03,0.019309817,10.343307,8.540151,8.54015
4.2492194,0.004677765,0.2932439,70000.0,151467.34,149824.06,149824.05,0.019309817,10.343413,8.540152,8.54015
4.2492194,0.0040380335,0.30610815,70000.0,151467.34,149824.06,149824.06,0.019309817,10.343025,8.540151,8.54015
4.2492194,0.00416916,0.3933523,70000.0,151467.38,149824.03,149824.05,0.019309817,10.34333,8.54015,8.540149
4.2492194,0.004484855,0.27518845,70000.0,151467.39,149824.06,149824.06,0.019309817,10.34365,8.540152,8.54015
4.2492194,0.003786582,0.3434412,70000.0,151467.38,149824.06,149824.05,0.019309817,10.343518,8.540152,8.54015
4.2492194,0.0043219975,0.39802617,70000.0,151467.34,149824.05,149824.05,0.019309817,10.343189,8.540151,8.54015
4.2492194,0.0038420267,0.45731175,70000.0,151467.36,149824.06,149824.06,0.019309817,10.343518,8.54015,8.54015
4.2492194,0.0041913283,0.4753127,70000.0,151467.34,149824.06,149824.06,0.019309817,10.343482,8.54015,8.540149
4.2492194,0.003932273,0.38052854,70000.0,151467.36,149824.05,149824.08,0.019309817,10.343203,8.54015,8.540149
4.2492194,0.0047602,0.35278907,70000.0,151467.42,149824.06,149824.06,0.019309817,10.343637,8.540152,8.54015
4.2492194,0.0036485903,0.32955095,70000.0,151467.33,149824.06,149824.1,0.019309817,10.343488,8.540151,8.54015
4.2492194,0.003702948,0.38280794,70000.0,151467.39,149824.06,149824.05,0.019309817,10.343502,8.540151,8.540149
4.2492194,0.0042986847,0.47720727,70000.0,151467.33,149824.05,149824.06,0.019309817,10.343363,8.540149,8.54015
4.2492194,0.0035976572,0.29929674,70000.0,151467.34,149824.08,149824.05,0.019309817,10.3431835,8.54015,8.540149
4.2492194,0.004027571,0.32452935,70000.0,151467.3,149824.06,149824.1,0.019309817,10.343155,8.540152,8.540151
4.2492194,0.0038574238,0.26640823,70000.0,151467.36,149824.05,149824.05,0.019309817,10.343193,8.540151,8.540151
4.2492194,0.0040997523,0.38347822,70000.0,151467.36,149824.03,149824.06,0.019309817,10.343518,8.540149,8.540148
4.2492194,0.003858364,0.28370523,70000.0,151467.31,149824.06,149824.05,0.019309817,10.342765,8.540152,8.54015
4.2492194,0.003880689,0.29563382,70000.0,151467.38,149824.06,149824.05,0.019309817,10.343744,8.540151,8.54015
4.2492194,0.003929523,0.42893776,70000.0,151467.38,149824.05,149824.05,0.019309817,10.34335,8.54015,8.540149
4.2492194,0.0033973241,0.27985388,70000.0,151467.42,149824.03,149824.05,0.019309817,10.343506,8.540151,8.54015
4.2492194,0.0040392685,0.29380104,70000.0,151467.4,149824.05,149824.05,0.019309817,10.343361,8.540151,8.540151
4.2492194,0.0036629585,0.33555022,70000.0,151467.33,149824.05,149824.06,0.019309817,10.3432255,8.540151,8.540149
4.2492194,0.0033901583,0.36890694,70000.0,151467.44,149824.06,149824.05,0.019309817,10.343439,8.540151,8.54015
4.2492194,0.0032037997,0.3068822,70000.0,151467.33,149824.03,149824.05,0.019309817,10.343335,8.540151,8.54015
4.2492194,0.0041917926,0.3279902,70000.0,151467.39,149824.08,149824.06,0.019309817,10.343591,8.540151,8.54015
4.2492194,0.0034902785,0.28930473,70000.0,151467.34,149824.05,149824.06,0.019309817,10.343097,8.540152,8.540149
4.2492194,0.003827746,0.38110054,70000.0,151467.39,149824.03,149824.05,0.019309817,10.34337,8.54015,8.54015
4.2492194,0.0046709874,0.26819298,70000.0,151467.38,149824.05,149824.05,0.019309817,10.343426,8.540152,8.54015
4.2492194,0.0048580724,0.25023177,70000.0,151467.33,149824.06,149824.06,0.019309817,10.343419,8.54015,8.540151
4.2492194,0.0040856786,0.3089782,70000.0,151467.4,149824.06,149824.05,0.019309817,10.3438015,8.540153,8.54015
4.2492194,0.0035136715,0.4705285,70000.0,151467.36,149824.06,149824.05,0.019309817,10.343051,8.54015,8.540149
4.2492194,0.0032919138,0.38769427,70000.0,151467.42,149824.03,149824.05,0.019309817,10.3435545,8.540149,8.54015
4.2492194,0.003774898,0.25849566,70000.0,151467.31,149824.05,149824.05,0.019309817,10.343078,8.540152,8.54015
4.2492194,0.003701306,0.32585505,70000.0,151467.39,149824.06,149824.06,0.019309817,10.343809,8.540151,8.54015
4.2492194,0.0039997827,0.26320657,70000.0,151467.38,149824.03,149824.05,0.019309817,10.34357,8.540152,8.540151
4.2492194,0.004791311,0.3759492,70000.0,151467.4,149824.03,149824.06,0.019309817,10.343821,8.54015,8.540149
4.2492194,0.0040221857,0.3014611,70000.0,151467.39,149824.08,149824.06,0.019309817,10.343521,8.540151,8.540149
4.2492194,0.0039515123,0.39924112,70000.0,151467.34,149824.05,149824.05,0.019309817,10.3435545,8.54015,8.540149
4.2492194,0.003634313,0.34882817,70000.0,151467.34,149824.05,149824.05,0.019309817,10.343116,8.54015,8.54015
4.2492194,0.0034251527,0.278803,70000.0,151467.33,149824.06,149824.05,0.019309817,10.343189,8.540152,8.54015
4.2492194,0.003564495,0.4221489,70000.0,151467.36,149824.06,149824.03,0.019309817,10.343281,8.54015,8.540149
4.2492194,0.004505667,0.43292886,70000.0,151467.34,149824.06,149824.06,0.019309817,10.343262,8.54015,8.54015
4.2492194,0.0041047605,0.28081292,70000.0,151467.36,149824.05,149824.06,0.019309817,10.343488,8.540151,8.54015
4.2492194,0.0038875605,0.24423985,70000.0,151467.39,149824.03,149824.08,0.019309817,10.343458,8.540151,8.540149
4.2492194,0.0040359497,0.33275086,70000.0,151467.39,149824.05,149824.05,0.019309817,10.342973,8.540151,8.540149
4.2492194,0.0044517927,0.26427215,70000.0,151467.38,149824.05,149824.05,0.019309817,10.343626,8.540151,8.540149
4.2492194,0.0043694302,0.3390637,70000.0,151467.34,149824.06,149824.03,0.019309817,10.343193,8.540151,8.54015
4.2492194,0.004532388,0.29240555,70000.0,151467.42,149824.06,149824.05,0.019309817,10.34342,8.540152,8.540151
4.2492194,0.0037850619,0.34348476,70000.0,151467.39,149824.08,149824.08,0.019309817,10.343352,8.540151,8.54015
4.2492194,0.004050058,0.45984894,70000.0,151467.36,149824.06,149824.05,0.019309817,10.343435,8.540149,8.54015
4.2492194,0.0042780214,0.42745325,70000.0,151467.42,149824.06,149824.05,0.019309817,10.34384,8.540151,8.540149
4.2492194,0.0042607957,0.3780718,70000.0,151467.34,149824.06,149824.06,0.019309817,10.343206,8.540151,8.54015
4.2492194,0.0042159525,0.43066686,70000.0,151467.39,149824.08,149824.06,0.019309817,10.343341,8.54015,8.540149
4.2492194,0.00460707,0.32097268,70000.0,151467.39,149824.05,149824.05,0.019309817,10.343212,8.54015,8.540151
4.2492194,0.0038385587,0.35835576,70000.0,151467.39,149824.05,149824.06,0.019309817,10.34332,8.540149,8.54015
4.2492194,0.003363308,0.31396234,70000.0,151467.39,149824.05,149824.05,0.019309817,10.343891,8.540151,8.540149
4.2492194,0.003997561,0.24227184,70000.0,151467.42,149824.05,149824.05,0.019309817,10.343846,8.540153,8.54015
4.2492194,0.0035528843,0.33774883,70000.0,151467.36,149824.05,149824.06,0.019309817,10.343206,8.540151,8.540151
4.2492194,0.0035486396,0.29707062,70000.0,151467.34,149824.05,149824.05,0.019309817,10.343529,8.540152,8.54015
4.2492194,0.0039334698,0.4528343,70000.0,151467.38,149824.08,149824.06,0.019309817,10.343278,8.54015,8.54015
4.2492194,0.003557562,0.38053858,70000.0,151467.38,149824.08,149824.05,0.019309817,10.343527,8.540151,8.540151
4.2492194,0.0041947556,0.42993507,70000.0,151467.39,149824.06,149824.06,0.019309817,10.343497,8.540151,8.54015
4.2492194,0.0041337437,0.32982898,70000.0,151467.38,149824.06,149824.08,0.019309817,10.343872,8.540151,8.540151
4.2492194,0.004189779,0.3147114,70000.0,151467.33,149824.05,149824.05,0.019309817,10.342828,8.540151,8.540149
4.2492194,0.0039146785,0.2747624,70000.0,151467.42,149824.05,149824.05,0.019309817,10.343333,8.540152,8.540149
4.2492194,0.0038257705,0.33855012,70000.0,151467.31,149824.05,149824.06,0.019309817,10.343371,8.540152,8.54015
4.2492194,0.003774279,0.3472091,70000.0,151467.44,149824.06,149824.06,0.019309817,10.343659,8.540151,8.540149
4.2492194,0.004488804,0.36772704,70000.0,151467.3,149824.08,149824.08,0.019309817,10.343005,8.540151,8.540149
4.2492194,0.004063277,0.26678535,70000.0,151467.44,149824.03,149824.06,0.019309817,10.343585,8.540153,8.540149
4.2492194,0.0038894273,0.3527534,70000.0,151467.4,149824.06,149824.06,0.019309817,10.343576,8.54015,8.540151
4.2492194,0.003907812,0.31637314,70000.0,151467.39,149824.05,149824.05,0.019309817,10.343483,8.540151,8.54015
4.2492194,0.0038151476,0.2697652,70000.0,151467.36,149824.06,149824.05,0.019309817,10.34355,8.540151,8.540149
4.2492194,0.0040357416,0.36083883,70000.0,151467.39,149824.06,149824.06,0.019309817,10.343568,8.540151,8.54015
4.2492194,0.0036492457,0.40583107,70000.0,151467.33,149824.05,149824.05,0.019309817,10.343124,8.540149,8.540149
4.2492194,0.0038091347,0.27856278,70000.0,151467.45,149824.06,149824.05,0.019309817,10.343223,8.540151,8.540149
4.2492194,0.0039519384,0.45849627,70000.0,151467.36,149824.06,149824.05,0.019309817,10.343287,8.54015,8.540149
4.2492194,0.0043620104,0.30264142,70000.0,151467.38,149824.06,149824.06,0.019309817,10.343784,8.540152,8.54015
4.2492194,0.004115032,0.33336848,70000.0,151467.34,149824.05,149824.03,0.019309817,10.343075,8.540152,8.540149
4.2492194,0.0042164125,0.2745233,70000.0,151467.45,149824.06,149824.06,0.019309817,10.343659,8.540152,8.54015
4.2492194,0.0040442436,0.3859515,70000.0,151467.4,149824.03,149824.08,0.019309817,10.343524,8.54015,8.540151
4.2492194,0.004374789,0.32006112,70000.0,151467.3,149824.05,149824.06,0.019309817,10.343153,8.540152,8.54015
4.2492194,0.0035553472,0.3362755,70000.0,151467.39,149824.05,149824.05,0.019309817,10.343174,8.54015,8.540149
4.2492194,0.004243616,0.27792343,70000.0,151467.39,149824.06,149824.05,0.019309817,10.343313,8.540153,8.54015
4.2492194,0.003997655,0.42390725,70000.0,151467.39,149824.05,149824.05,0.019309817,10.343461,8.540149,8.54015
4.2492194,0.0043616076,0.29637188,70000.0,151467.42,149824.05,149824.05,0.019309817,10.343687,8.540151,8.540149
4.2492194,0.003911217,0.3450197,70000.0,151467.38,149824.05,149824.05,0.019309817,10.343298,8.540152,8.54015
4.2492194,0.003689075,0.38451856,70000.0,151467.38,149824.05,149824.08,0.019309817,10.3436365,8.54015,8.540151
4.2492194,0.004169478,0.30863628,70000.0,151467.39,149824.06,149824.05,0.019309817,10.343735,8.540151,8.54015
4.2492194,0.0041730893,0.26476187,70000.0,151467.38,149824.05,149824.06,0.019309817,10.343298,8.540151,8.540149
4.2492194,0.004245474,0.361709,70000.0,151467.4,149824.06,149824.03,0.019309817,10.343497,8.540151,8.540149
4.2492194,0.004421566,0.42994523,70000.0,151467.4,149824.05,149824.05,0.019309817,10.34364,8.540149,8.540149
4.2492194,0.0038751434,0.3962621,70000.0,151467.33,149824.05,149824.06,0.019309817,10.3431425,8.54015,8.540149
4.2492194,0.004285769,0.28720856,70000.0,151467.39,149824.05,149824.06,0.019309817,10.34313,8.540152,8.540151
4.2492194,0.0043162135,0.4376659,70000.0,151467.36,149824.06,149824.05,0.019309817,10.343251,8.540149,8.540149
4.2492194,0.0041075684,0.28093666,70000.0,151467.4,149824.06,149824.06,0.019309817,10.343212,8.540153,8.540151
4.2492194,0.0042109075,0.28764403,70000.0,151467.38,149824.05,149824.06,0.019309817,10.343026,8.540153,8.54015
4.2492194,0.0043437365,0.2743429,70000.0,151467.33,149824.05,149824.05,0.019309817,10.343089,8.540152,8.54015
4.2492194,0.00347263,0.44611725,70000.0,151467.33,149824.06,149824.06,0.019309817,10.343295,8.540149,8.540149
4.2492194,0.004394725,0.40210164,70000.0,151467.42,149824.03,149824.08,0.019309817,10.343337,8.54015,8.54015
4.2492194,0.0041228887,0.36425984,70000.0,151467.4,149824.06,149824.05,0.019309817,10.343307,8.540151,8.540149
4.2492194,0.004039626,0.24063723,70000.0,151467.36,149824.05,149824.08,0.019309817,10.343105,8.540152,8.54015
4.2492194,0.0041065025,0.26690692,70000.0,151467.39,149824.08,149824.05,0.019309817,10.343242,8.540152,8.540149
4.2492194,0.0037503857,0.3268583,70000.0,151467.39,149824.06,149824.05,0.019309817,10.3436985,8.540151,8.540149
4.2492194,0.0039516166,0.3452507,70000.0,151467.33,149824.06,149824.06,0.019309817,10.343121,8.540152,8.54015
4.2492194,0.0036915415,0.30600542,70000.0,151467.38,149824.05,149824.08,0.019309817,10.343454,8.540152,8.54015
4.2492194,0.0034412856,0.33111298,70000.0,151467.4,149824.06,149824.06,0.019309817,10.3435545,8.540151,8.540151
4.2492194,0.004037766,0.29976124,70000.0,151467.33,149824.06,149824.05,0.019309817,10.343163,8.540152,8.54015
4.2492194,0.0042922394,0.367173,70000.0,151467.36,149824.06,149824.05,0.019309817,10.343471,8.54015,8.54015
4.2492194,0.0034863946,0.39744076,70000.0,151467.44,149824.05,149824.06,0.019309817,10.343429,8.54015,8.54015
4.2492194,0.003265836,0.3498388,70000.0,151467.33,149824.06,149824.06,0.019309817,10.343558,8.540151,8.54015
4.2492194,0.0037448537,0.37384546,70000.0,151467.34,149824.06,149824.06,0.019309817,10.343503,8.540151,8.54015
4.2492194,0.0040485514,0.3626095,70000.0,151467.39,149824.06,149824.05,0.019309817,10.343246,8.54015,8.54015
4.2492194,0.0062762457,0.26062286,70000.0,151467.34,149824.06,149824.06,0.019309817,10.343409,8.540152,8.54015
4.2492194,0.0046331664,0.23548657,70000.0,151467.39,149824.05,149824.06,0.019309817,10.343521,8.540151,8.540151
4.2492194,0.003642739,0.27377954,70000.0,151467.38,149824.06,149824.05,0.019309817,10.343376,8.540152,8.540151
4.2492194,0.004056938,0.2902753,70000.0,151467.4,149824.05,149824.05,0.019309817,10.343433,8.540152,8.54015
4.2492194,0.0033984724,0.33718976,70000.0,151467.4,149824.06,149824.06,0.019309817,10.343345,8.540151,8.540149
4.2492194,0.0033222388,0.3598577,70000.0,151467.4,149824.05,149824.08,0.019309817,10.343192,8.54015,8.540149
4.2492194,0.0035084526,0.27829918,70000.0,151467.38,149824.06,149824.05,0.019309817,10.343364,8.540152,8.54015
4.2492194,0.0034826398,0.3549482,70000.0,151467.34,149824.03,149824.06,0.019309817,10.343289,8.54015,8.54015
4.2492194,0.0033458227,0.3550568,70000.0,151467.4,149824.06,149824.05,0.019309817,10.343526,8.54015,8.540149
4.2492194,0.004230051,0.25370857,70000.0,151467.36,149824.05,149824.06,0.019309817,10.343256,8.540152,8.54015
4.2492194,0.0039813607,0.32562664,70000.0,151467.4,149824.05,149824.08,0.019309817,10.343294,8.540151,8.540152
4.2492194,0.0037638315,0.40336564,70000.0,151467.34,149824.05,149824.06,0.019309817,10.343484,8.54015,8.54015
4.2492194,0.0032962665,0.32886755,70000.0,151467.38,149824.05,149824.06,0.019309817,10.343714,8.540151,8.540149
4.2492194,0.003452559,0.38430417,70000.0,151467.42,149824.03,149824.06,0.019309817,10.343379,8.54015,8.540151
4.2492194,0.0040490553,0.49056962,70000.0,151467.34,149824.06,149824.05,0.019309817,10.343397,8.54015,8.540148
4.2492194,0.003822036,0.2892493,70000.0,151467.38,149824.06,149824.03,0.019309817,10.343627,8.540152,8.54015
4.2492194,0.0038548913,0.29058063,70000.0,151467.36,149824.08,149824.05,0.019309817,10.343453,8.540151,8.54015
4.2492194,0.0038129801,0.3215339,70000.0,151467.36,149824.05,149824.06,0.019309817,10.343153,8.54015,8.54015
4.2492194,0.004931744,0.23802616,70000.0,151467.3,149824.06,149824.05,0.019309817,10.343442,8.540153,8.54015
4.2492194,0.003892139,0.28495297,70000.0,151467.38,149824.06,149824.08,0.019309817,10.343223,8.540152,8.540151
4.2492194,0.0036886719,0.26164064,70000.0,151467.39,149824.03,149824.06,0.019309817,10.343348,8.540152,8.54015
4.2492194,0.0033351048,0.22938277,70000.0,151467.34,149824.05,149824.1,0.019309817,10.343242,8.540151,8.54015
4.2492194,0.0038205322,0.28068742,70000.0,151467.4,149824.06,149824.08,0.019309817,10.343474,8.540152,8.54015
4.2492194,0.0035517546,0.29288834,70000.0,151467.34,149824.05,149824.05,0.019309817,10.343236,8.540151,8.54015
4.2492194,0.0036843405,0.36072734,70000.0,151467.38,149824.06,149824.05,0.019309817,10.343452,8.540151,8.54015
4.2492194,0.0039472226,0.3216787,70000.0,151467.38,149824.06,149824.05,0.019309817,10.343648,8.540152,8.54015
4.2492194,0.0036537691,0.34025705,70000.0,151467.36,149824.06,149824.05,0.019309817,10.343493,8.540151,8.540149
4.2492194,0.004079416,0.2682082,70000.0,151467.34,149824.05,149824.05,0.019309817,10.343304,8.540152,8.540149
4.2492194,0.0038987969,0.3586014,70000.0,151467.38,149824.06,149824.05,0.019309817,10.343162,8.540151,8.54015
4.2492194,0.0045041614,0.3739967,70000.0,151467.39,149824.06,149824.05,0.019309817,10.343238,8.540151,8.540149
4.2492194,0.004476927,0.30806783,70000.0,151467.38,149824.06,149824.08,0.019309817,10.343645,8.540152,8.54015
4.2492194,0.0038833546,0.2948045,70000.0,151467.39,149824.05,149824.05,0.019309817,10.3433075,8.540152,8.54015
4.2492194,0.004099942,0.3985453,70000.0,151467.44,149824.03,149824.05,0.019309817,10.343321,8.54015,8.54015
4.2492194,0.003976909,0.39359164,70000.0,151467.44,149824.06,149824.06,0.019309817,10.343528,8.54015,8.540149
4.2492194,0.0042295856,0.29258662,70000.0,151467.4,149824.06,149824.05,0.019309817,10.343376,8.540153,8.540151
4.2492194,0.004580734,0.24690665,70000.0,151467.4,149824.05,149824.06,0.019309817,10.343562,8.540151,8.540151
4.2492194,0.0041065845,0.30985555,70000.0,151467.42,149824.06,149824.06,0.019309817,10.343273,8.540151,8.540149
4.2492194,0.003985982,0.41002044,70000.0,151467.38,149824.03,149824.06,0.019309817,10.3433895,8.540149,8.54015
4.2492194,0.0043330346,0.40903914,70000.0,151467.4,149824.05,149824.05,0.019309817,10.343594,8.54015,8.54015
4.2492194,0.0039444175,0.30131558,70000.0,151467.38,149824.06,149824.06,0.019309817,10.3436165,8.540151,8.54015
4.2492194,0.0040237163,0.28826213,70000.0,151467.44,149824.05,149824.06,0.019309817,10.343607,8.540152,8.54015
4.2492194,0.003943245,0.40867478,70000.0,151467.4,149824.05,149824.05,0.019309817,10.3432255,8.54015,8.54015
4.2492194,0.0040886924,0.34713864,70000.0,151467.42,149824.08,149824.05,0.019309817,10.343482,8.540151,8.54015
4.2492194,0.004163632,0.38106564,70000.0,151467.4,149824.06,149824.06,0.019309817,10.34356,8.540151,8.54015
4.2492194,0.00372719,0.28169864,70000.0,151467.38,149824.06,149824.05,0.019309817,10.343149,8.540152,8.540149
4.2492194,0.0037904403,0.30739313,70000.0,151467.38,149824.08,149824.06,0.019309817,10.343294,8.540152,8.540149
4.2492194,0.004074499,0.266096,70000.0,151467.36,149824.05,149824.06,0.019309817,10.343209,8.540152,8.540151
4.2492194,0.004438815,0.2878568,70000.0,151467.34,149824.03,149824.05,0.019309817,10.3429365,8.540151,8.540151
4.2492194,0.0040646126,0.2889723,70000.0,151467.39,149824.05,149824.06,0.019309817,10.343923,8.540152,8.54015
4.2492194,0.0033177356,0.41813478,70000.0,151467.36,149824.06,149824.05,0.019309817,10.343116,8.54015,8.54015
4.2492194,0.003858074,0.350304,70000.0,151467.36,149824.03,149824.05,0.019309817,10.343342,8.54015,8.54015
4.2492194,0.0034477215,0.30384272,70000.0,151467.39,149824.05,149824.05,0.019309817,10.34358,8.540151,8.54015
4.2492194,0.00406179,0.27400222,70000.0,151467.36,149824.06,149824.03,0.019309817,10.3433695,8.540151,8.54015
4.2492194,0.0038792123,0.37403852,70000.0,151467.38,149824.05,149824.1,0.019309817,10.343407,8.54015,8.540151
4.2492194,0.0038259423,0.42089987,70000.0,151467.36,149824.08,149824.06,0.019309817,10.3434305,8.54015,8.540151
4.2492194,0.0036692682,0.39724952,70000.0,151467.39,149824.03,149824.06,0.019309817,10.343309,8.54015,8.54015
4.2492194,0.0037019106,0.29651824,70000.0,151467.39,149824.06,149824.06,0.019309817,10.343736,8.540151,8.54015
4.2492194,0.0040166005,0.4027618,70000.0,151467.33,149824.05,149824.05,0.019309817,10.342998,8.54015,8.540151
4.2492194,0.0037277495,0.27829444,70000.0,151467.38,149824.05,149824.03,0.019309817,10.343435,8.540152,8.54015
4.2492194,0.0038216524,0.41004458,70000.0,151467.4,149824.05,149824.05,0.019309817,10.343839,8.540151,8.54015
4.2492194,0.0038425792,0.29043362,70000.0,151467.4,149824.05,149824.05,0.019309817,10.343424,8.540151,8.54015
4.2492194,0.0050836625,0.27156132,70000.0,151467.33,149824.06,149824.05,0.019309817,10.34327,8.540151,8.54015
4.2492194,0.004726474,0.32384014,70000.0,151467.36,149824.03,149824.05,0.019309817,10.343182,8.540151,8.540149
4.2492194,0.0048788325,0.36718628,70000.0,151467.39,149824.06,149824.06,0.019309817,10.343595,8.540151,8.54015
4.2492194,0.00410194,0.28637683,70000.0,151467.44,149824.05,149824.05,0.019309817,10.343661,8.540151,8.54015
4.2492194,0.004134275,0.28962296,70000.0,151467.39,149824.06,149824.05,0.019309817,10.343587,8.540151,8.54015
4.2492194,0.003536118,0.27491352,70000.0,151467.42,149824.06,149824.05,0.019309817,10.343809,8.540152,8.54015
4.2492194,0.003881375,0.33487868,70000.0,151467.34,149824.05,149824.05,0.019309817,10.343332,8.540151,8.54015
4.2492194,0.0036651432,0.34574315,70000.0,151467.42,149824.06,149824.06,0.019309817,10.343506,8.540151,8.540149
4.2492194,0.004147198,0.3017011,70000.0,151467.4,149824.06,149824.06,0.019309817,10.343263,8.540151,8.54015
4.2492194,0.0038577898,0.39644307,70000.0,151467.39,149824.05,149824.05,0.019309817,10.343469,8.540149,8.540149
4.2492194,0.004122128,0.5077075,70000.0,151467.42,149824.06,149824.06,0.019309817,10.34338,8.540149,8.540151
4.2492194,0.0043973452,0.26995122,70000.0,151467.39,149824.05,149824.05,0.019309817,10.343316,8.540152,8.540149
4.2492194,0.0034952792,0.46123382,70000.0,151467.42,149824.05,149824.06,0.019309817,10.343302,8.54015,8.54015
4.2492194,0.0040339134,0.4374886,70000.0,151467.4,149824.03,149824.06,0.019309817,10.34324,8.54015,8.54015
4.2492194,0.0038549732,0.31330702,70000.0,151467.39,149824.03,149824.05,0.019309817,10.343723,8.540151,8.540149
4.2492194,0.0041234675,0.24516383,70000.0,151467.4,149824.05,149824.03,0.019309817,10.343481,8.540153,8.54015
4.2492194,0.0043374225,0.27411968,70000.0,151467.34,149824.03,149824.06,0.019309817,10.343434,8.540153,8.54015
4.2492194,0.0036717833,0.3516909,70000.0,151467.33,149824.05,149824.08,0.019309817,10.343247,8.540151,8.54015
4.2492194,0.0037402909,0.34117952,70000.0,151467.31,149824.05,149824.06,0.019309817,10.342882,8.54015,8.540151
4.2492194,0.0036388712,0.32307565,70000.0,151467.33,149824.06,149824.05,0.019309817,10.343315,8.540151,8.54015
4.2492194,0.004308185,0.36955583,70000.0,151467.38,149824.05,149824.03,0.019309817,10.343132,8.540151,8.540149
4.2492194,0.0036805943,0.32960117,70000.0,151467.42,149824.06,149824.05,0.019309817,10.343928,8.54015,8.54015
4.2492194,0.003519073,0.43166947,70000.0,151467.38,149824.05,149824.05,0.019309817,10.343336,8.54015,8.540149
4.2492194,0.004559937,0.4462489,70000.0,151467.36,149824.08,149824.06,0.019309817,10.343195,8.54015,8.54015
4.2492194,0.0034935342,0.27271268,70000.0,151467.39,149824.06,149824.05,0.019309817,10.343121,8.540151,8.54015
4.2492194,0.0035328823,0.34186795,70000.0,151467.42,149824.08,149824.08,0.019309817,10.34364,8.54015,8.54015
4.2492194,0.0039247302,0.3220388,70000.0,151467.47,149824.06,149824.05,0.019309817,10.343854,8.54015,8.540149
4.2492194,0.0042959573,0.42141762,70000.0,151467.38,149824.03,149824.05,0.019309817,10.343498,8.54015,8.54015
4.2492194,0.003593996,0.2891395,70000.0,151467.39,149824.05,149824.05,0.019309817,10.343426,8.540151,8.54015
4.2492194,0.0037281713,0.4659661,70000.0,151467.4,149824.06,149824.06,0.019309817,10.34324,8.54015,8.54015
4.2492194,0.004072997,0.274881,70000.0,151467.38,149824.1,149824.03,0.019309817,10.343365,8.540152,8.54015
4.2492194,0.0043585543,0.2877527,70000.0,151467.42,149824.05,149824.06,0.019309817,10.343454,8.540152,8.540149
4.2492194,0.0035022113,0.27516517,70000.0,151467.33,149824.05,149824.06,0.019309817,10.343005,8.540152,8.540149
4.2492194,0.0036249075,0.428111,70000.0,151467.34,149824.05,149824.08,0.019309817,10.343347,8.54015,8.540151
4.2492194,0.0041271886,0.3216569,70000.0,151467.34,149824.05,149824.06,0.019309817,10.343117,8.540152,8.54015
4.2492194,0.0030141382,0.4724522,70000.0,151467.4,149824.08,149824.06,0.019309817,10.343408,8.540149,8.540149
4.2492194,0.0036835573,0.36598668,70000.0,151467.34,149824.06,149824.05,0.019309817,10.343634,8.54015,8.54015
4.2492194,0.004355069,0.41335973,70000.0,151467.45,149824.05,149824.05,0.019309817,10.343566,8.54015,8.540149
4.2492194,0.003801267,0.39385718,70000.0,151467.38,149824.06,149824.08,0.019309817,10.34315,8.54015,8.54015
4.2492194,0.0035334409,0.26613724,70000.0,151467.31,149824.05,149824.06,0.019309817,10.343086,8.540152,8.54015
4.2492194,0.0040296316,0.27408987,70000.0,151467.39,149824.05,149824.06,0.019309817,10.343421,8.540151,8.54015
4.2492194,0.0039673424,0.46636888,70000.0,151467.36,149824.08,149824.05,0.019309817,10.343126,8.540149,8.54015
4.2492194,0.0038720332,0.33269632,70000.0,151467.39,149824.05,149824.06,0.019309817,10.343393,8.540151,8.54015
4.2492194,0.0041849674,0.38210088,70000.0,151467.42,149824.05,149824.06,0.019309817,10.343125,8.54015,8.54015
4.2492194,0.0033805533,0.340823,70000.0,151467.42,149824.03,149824.05,0.019309817,10.34363,8.54015,8.540149
4.2492194,0.0043531302,0.49996355,70000.0,151467.39,149824.06,149824.05,0.019309817,10.343338,8.54015,8.540148
4.2492194,0.0042043664,0.27955624,70000.0,151467.36,149824.05,149824.06,0.019309817,10.343201,8.540152,8.54015
4.2492194,0.0044882027,0.28868872,70000.0,151467.31,149824.06,149824.08,0.019309817,10.343013,8.540152,8.540151
4.2492194,0.0043432936,0.35120124,70000.0,151467.39,149824.06,149824.05,0.019309817,10.343146,8.540151,8.54015
4.2492194,0.004076222,0.34454745,70000.0,151467.4,149824.06,149824.05,0.019309817,10.343283,8.540151,8.540151
4.2492194,0.004122923,0.2677403,70000.0,151467.4,149824.05,149824.06,0.019309817,10.343596,8.540152,8.54015
4.2492194,0.004029545,0.42671907,70000.0,151467.34,149824.06,149824.06,0.019309817,10.343192,8.540151,8.54015
4.2492194,0.0039231125,0.41402444,70000.0,151467.42,149824.06,149824.05,0.019309817,10.343743,8.54015,8.54015
4.2492194,0.0040060487,0.38478947,70000.0,151467.38,149824.05,149824.05,0.019309817,10.343079,8.540151,8.540149
4.2492194,0.0039653354,0.30440778,70000.0,151467.4,149824.05,149824.08,0.019309817,10.343588,8.540152,8.540151
4.2492194,0.003899513,0.4331681,70000.0,151467.4,149824.06,149824.05,0.019309817,10.343326,8.540149,8.540151
4.2492194,0.0046600974,0.32420424,70000.0,151467.38,149824.06,149824.05,0.019309817,10.343183,8.540151,8.540149
4.2492194,0.0045784507,0.29890504,70000.0,151467.45,149824.06,149824.05,0.019309817,10.343529,8.540152,8.540149
4.2492194,0.003695241,0.34974113,70000.0,151467.33,149824.06,149824.06,0.019309817,10.343204,8.540152,8.540149
4.2492194,0.0038476351,0.3324405,70000.0,151467.44,149824.06,149824.03,0.019309817,10.343599,8.540151,8.54015
4.2492194,0.00393158,0.3884343,70000.0,151467.34,149824.03,149824.05,0.019309817,10.343237,8.540149,8.54015
4.2492194,0.004655993,0.4235169,70000.0,151467.39,149824.05,149824.08,0.019309817,10.343281,8.54015,8.540151
4.2492194,0.0039042006,0.33691555,70000.0,151467.38,149824.06,149824.03,0.019309817,10.3433895,8.540151,8.54015
4.2492194,0.0038453168,0.28960606,70000.0,151467.4,149824.03,149824.05,0.019309817,10.343284,8.540152,8.54015
4.2492194,0.0033751545,0.4710497,70000.0,151467.36,149824.03,149824.06,0.019309817,10.343257,8.54015,8.54015
4.2492194,0.0044182157,0.35850644,70000.0,151467.38,149824.06,149824.06,0.019309817,10.343261,8.540151,8.54015
4.2492194,0.0043050633,0.26257616,70000.0,151467.38,149824.05,149824.05,0.019309817,10.343341,8.540152,8.54015
4.2492194,0.0041835653,0.39649874,70000.0,151467.44,149824.03,149824.03,0.019309817,10.343492,8.540149,8.54015
4.2492194,0.0042688744,0.3494082,70000.0,151467.42,149824.05,149824.05,0.019309817,10.343861,8.540151,8.54015
4.2492194,0.0038727417,0.2858898,70000.0,151467.31,149824.06,149824.05,0.019309817,10.343292,8.540153,8.540149
4.2492194,0.0038253888,0.27416915,70000.0,151467.36,149824.06,149824.06,0.019309817,10.343503,8.540152,8.540149
4.2492194,0.003989617,0.37888676,70000.0,151467.39,149824.06,149824.05,0.019309817,10.343481,8.540151,8.54015
4.2492194,0.004415849,0.2819606,70000.0,151467.42,149824.06,149824.08,0.019309817,10.343604,8.540153,8.540151
4.2492194,0.003818897,0.32347673,70000.0,151467.34,149824.05,149824.05,0.019309817,10.3436775,8.540151,8.540149
4.2492194,0.0039625657,0.36065462,70000.0,151467.38,149824.05,149824.05,0.019309817,10.343606,8.540152,8.54015
4.2492194,0.004141557,0.28141606,70000.0,151467.33,149824.05,149824.05,0.019309817,10.34348,8.540151,8.540149
4.2492194,0.0034910073,0.31281176,70000.0,151467.38,149824.08,149824.06,0.019309817,10.343338,8.540152,8.540149
4.2492194,0.0039823754,0.39253336,70000.0,151467.39,149824.06,149824.08,0.019309817,10.343261,8.54015,8.54015
4.2492194,0.0037636291,0.35416937,70000.0,151467.45,149824.06,149824.05,0.019309817,10.343667,8.540151,8.54015
4.2492194,0.004137803,0.30761924,70000.0,151467.47,149824.05,149824.06,0.019309817,10.343536,8.540152,8.540149
4.2492194,0.0040490385,0.305952,70000.0,151467.44,149824.06,149824.06,0.019309817,10.34362,8.540151,8.54015
4.2492194,0.0033722671,0.36798006,70000.0,151467.33,149824.06,149824.08,0.019309817,10.343304,8.540152,8.54015
4.2492194,0.0031699343,0.33040267,70000.0,151467.4,149824.05,149824.06,0.019309817,10.3439,8.54015,8.54015
4.2492194,0.003197598,0.42332566,70000.0,151467.36,149824.05,149824.06,0.019309817,10.343312,8.54015,8.540149
4.2492194,0.003750681,0.26295236,70000.0,151467.48,149824.05,149824.06,0.019309817,10.343964,8.540151,8.540151
4.2492194,0.0042670537,0.31970018,70000.0,151467.4,149824.06,149824.05,0.019309817,10.343443,8.54015,8.540149
4.2492194,0.0042120675,0.34540758,70000.0,151467.44,149824.06,149824.08,0.019309817,10.343731,8.540151,8.54015
4.2492194,0.0043337666,0.24750315,70000.0,151467.38,149824.06,149824.05,0.019309817,10.343581,8.540152,8.54015
4.2492194,0.0046709576,0.43204057,70000.0,151467.39,149824.05,149824.06,0.019309817,10.3433695,8.54015,8.54015
4.2492194,0.004549389,0.39177594,70000.0,151467.34,149824.06,149824.06,0.019309817,10.343303,8.54015,8.540151
4.2492194,0.0042232363,0.30439067,70000.0,151467.31,149824.05,149824.06,0.019309817,10.342984,8.540152,8.54015
4.2492194,0.0043099825,0.32346165,70000.0,151467.42,149824.06,149824.06,0.019309817,10.343583,8.540151,8.540151
4.2492194,0.003924176,0.32957256,70000.0,151467.39,149824.06,149824.05,0.019309817,10.343311,8.540153,8.54015
4.2492194,0.0038518745,0.28536037,70000.0,151467.45,149824.05,149824.06,0.019309817,10.343578,8.540151,8.54015
4.2492194,0.0044165473,0.2939742,70000.0,151467.38,149824.06,149824.05,0.019309817,10.343433,8.540152,8.54015
4.2492194,0.00339476,0.44238192,70000.0,151467.39,149824.05,149824.06,0.019309817,10.343503,8.54015,8.54015
4.2492194,0.0033979074,0.40399733,70000.0,151467.39,149824.05,149824.06,0.019309817,10.343556,8.54015,8.540151
4.2492194,0.004459721,0.2853043,70000.0,151467.4,149824.05,149824.06,0.019309817,10.343672,8.540151,8.540149
4.2492194,0.0037120443,0.3713042,70000.0,151467.44,149824.06,149824.03,0.019309817,10.343467,8.540151,8.540151
4.2492194,0.0042621624,0.39184234,70000.0,151467.36,149824.05,149824.03,0.019309817,10.343727,8.540151,8.540151
4.2492194,0.0038906166,0.27118346,70000.0,151467.36,149824.06,149824.05,0.019309817,10.343549,8.540153,8.54015
4.2492194,0.0039962204,0.30584723,70000.0,151467.42,149824.06,149824.05,0.019309817,10.343493,8.540151,8.54015
4.2492194,0.0041781934,0.33921695,70000.0,151467.44,149824.06,149824.05,0.019309817,10.343537,8.540151,8.540149
4.2492194,0.0035978719,0.27741036,70000.0,151467.36,149824.05,149824.06,0.019309817,10.343336,8.540152,8.54015
4.2492194,0.0038218137,0.31868568,70000.0,151467.47,149824.05,149824.06,0.019309817,10.343472,8.540151,8.540149
4.2492194,0.0039103003,0.36644068,70000.0,151467.4,149824.03,149824.06,0.019309817,10.343519,8.54015,8.54015
4.2492194,0.003798409,0.31761506,70000.0,151467.45,149824.05,149824.06,0.019309817,10.3435755,8.540151,8.54015
4.2492194,0.0035980935,0.28315738,70000.0,151467.39,149824.06,149824.05,0.019309817,10.343604,8.540151,8.540149
4.2492194,0.003346837,0.36286813,70000.0,151467.33,149824.06,149824.06,0.019309817,10.343269,8.540151,8.54015
4.2492194,0.0043331543,0.47547987,70000.0,151467.39,149824.05,149824.05,0.019309817,10.343528,8.54015,8.54015
4.2492194,0.004467331,0.26731515,70000.0,151467.4,149824.05,149824.06,0.019309817,10.343362,8.540151,8.54015
4.2492194,0.0043228655,0.44274604,70000.0,151467.36,149824.06,149824.05,0.019309817,10.343641,8.54015,8.540151
4.2492194,0.0044469647,0.32913312,70000.0,151467.38,149824.06,149824.05,0.019309817,10.343468,8.540152,8.540149
4.2492194,0.003783788,0.34860012,70000.0,151467.4,149824.03,149824.06,0.019309817,10.343757,8.54015,8.54015
4.2492194,0.0042299074,0.26520875,70000.0,151467.33,149824.06,149824.05,0.019309817,10.343176,8.540152,8.540149
4.2492194,0.0038433634,0.27685356,70000.0,151467.47,149824.06,149824.05,0.019309817,10.343632,8.540152,8.540149
4.2492194,0.004607597,0.31028017,70000.0,151467.33,149824.05,149824.05,0.019309817,10.343143,8.540151,8.54015
4.2492194,0.0040729535,0.32231924,70000.0,151467.4,149824.05,149824.05,0.019309817,10.343352,8.540152,8.54015
4.2492194,0.004009065,0.3141717,70000.0,151467.42,149824.05,149824.05,0.019309817,10.34385,8.540152,8.540149
4.2492194,0.0035861377,0.37423167,70000.0,151467.34,149824.05,149824.06,0.019309817,10.343441,8.54015,8.540151
4.2492194,0.0042264313,0.45625192,70000.0,151467.36,149824.05,149824.08,0.019309817,10.343152,8.54015,8.540149
4.2492194,0.003907113,0.29190302,70000.0,151467.39,149824.05,149824.06,0.019309817,10.343658,8.540152,8.540151
4.2492194,0.0040734285,0.40934575,70000.0,151467.39,149824.05,149824.03,0.019309817,10.343343,8.540151,8.540151
4.2492194,0.004017399,0.27915576,70000.0,151467.33,149824.06,149824.03,0.019309817,10.343414,8.540152,8.54015
4.2492194,0.0038700101,0.38821822,70000.0,151467.36,149824.05,149824.06,0.019309817,10.343363,8.540151,8.54015
4.2492194,0.0039435127,0.26870805,70000.0,151467.38,149824.05,149824.05,0.019309817,10.343492,8.540152,8.540149
4.2492194,0.0039076246,0.3450737,70000.0,151467.39,149824.03,149824.03,0.019309817,10.343572,8.54015,8.540149
4.2492194,0.0036636344,0.27682206,70000.0,151467.34,149824.08,149824.05,0.019309817,10.343395,8.540152,8.54015
4.2492194,0.008703262,0.21601011,70000.0,151467.39,149824.03,149824.08,0.019309817,10.343384,8.54015,8.540151
4.2492194,0.004039678,0.29596236,70000.0,151467.31,149824.06,149824.06,0.019309817,10.343386,8.540152,8.540149
4.2492194,0.004140052,0.2700515,70000.0,151467.36,149824.05,149824.05,0.019309817,10.343183,8.540151,8.54015
4.2492194,0.0043023177,0.39738315,70000.0,151467.4,149824.05,149824.06,0.019309817,10.343406,8.54015,8.54015
4.2492194,0.0037415472,0.27960357,70000.0,151467.33,149824.05,149824.05,0.019309817,10.343247,8.540151,8.540149
4.2492194,0.003470854,0.46488842,70000.0,151467.36,149824.05,149824.05,0.019309817,10.343318,8.540149,8.540151
4.2492194,0.003944474,0.52818006,70000.0,151467.4,149824.06,149824.06,0.019309817,10.343614,8.540149,8.54015
4.2492194,0.0031664907,0.4755314,70000.0,151467.38,149824.05,149824.06,0.019309817,10.34329,8.540149,8.540151
4.2492194,0.0040153963,0.35244194,70000.0,151467.34,149824.05,149824.05,0.019309817,10.343344,8.540151,8.540151
4.2492194,0.0040253145,0.28668168,70000.0,151467.36,149824.05,149824.06,0.019309817,10.343883,8.540152,8.54015
4.2492194,0.004370243,0.22562912,70000.0,151467.4,149824.06,149824.05,0.019309817,10.343554,8.540152,8.54015
4.2492194,0.004280328,0.3971843,70000.0,151467.31,149824.05,149824.06,0.019309817,10.343062,8.54015,8.540151
4.2492194,0.0038058097,0.414263,70000.0,151467.36,149824.05,149824.06,0.019309817,10.343486,8.54015,8.54015
4.2492194,0.004522938,0.3719533,70000.0,151467.36,149824.06,149824.08,0.019309817,10.34332,8.540151,8.540149
4.2492194,0.0045945267,0.325258,70000.0,151467.38,149824.05,149824.05,0.019309817,10.343564,8.540151,8.54015
4.2492194,0.0037341567,0.27958775,70000.0,151467.38,149824.06,149824.08,0.019309817,10.343236,8.540152,8.540151
4.2492194,0.0040070517,0.34723923,70000.0,151467.36,149824.05,149824.08,0.019309817,10.343714,8.54015,8.540151
4.2492194,0.0040806225,0.48191836,70000.0,151467.42,149824.06,149824.05,0.019309817,10.343565,8.540149,8.54015
4.2492194,0.0035205954,0.26363364,70000.0,151467.36,149824.05,149824.08,0.019309817,10.343314,8.540152,8.54015
4.2492194,0.0039035724,0.42042035,70000.0,151467.38,149824.06,149824.03,0.019309817,10.343276,8.540151,8.54015
4.2492194,0.0031747525,0.38437492,70000.0,151467.38,149824.05,149824.06,0.019309817,10.343662,8.540149,8.54015
4.2492194,0.0040053483,0.358018,70000.0,151467.42,149824.06,149824.05,0.019309817,10.34363,8.540151,8.54015
4.2492194,0.004215327,0.28966278,70000.0,151467.38,149824.08,149824.06,0.019309817,10.343683,8.540152,8.540149
4.2492194,0.00419773,0.44761437,70000.0,151467.38,149824.05,149824.05,0.019309817,10.343109,8.54015,8.540149
4.2492194,0.003864898,0.4131126,70000.0,151467.44,149824.06,149824.05,0.019309817,10.343447,8.54015,8.54015
4.2492194,0.0045262277,0.4120374,70000.0,151467.38,149824.06,149824.06,0.019309817,10.34319,8.540151,8.540151
4.2492194,0.0040615695,0.3633106,70000.0,151467.45,149824.06,149824.06,0.019309817,10.343638,8.540152,8.540151
4.2492194,0.0041915397,0.31107068,70000.0,151467.38,149824.06,149824.05,0.019309817,10.343293,8.540151,8.540149
4.2492194,0.003553035,0.3260929,70000.0,151467.38,149824.05,149824.05,0.019309817,10.343121,8.540152,8.54015
4.2492194,0.0036737039,0.4109006,70000.0,151467.4,149824.05,149824.05,0.019309817,10.343414,8.54015,8.540149
4.2492194,0.0037537743,0.43076593,70000.0,151467.39,149824.06,149824.06,0.019309817,10.34339,8.54015,8.54015
4.2492194,0.004241915,0.40205613,70000.0,151467.33,149824.05,149824.05,0.019309817,10.343327,8.54015,8.54015
4.2492194,0.004005115,0.42703003,70000.0,151467.38,149824.05,149824.05,0.019309817,10.343329,8.54015,8.54015
4.2492194,0.0038670867,0.32161394,70000.0,151467.4,149824.06,149824.05,0.019309817,10.343423,8.540151,8.540149
4.2492194,0.004086651,0.29345536,70000.0,151467.38,149824.05,149824.06,0.019309817,10.343196,8.540152,8.540151
4.2492194,0.0035454943,0.4034234,70000.0,151467.34,149824.05,149824.06,0.019309817,10.343294,8.54015,8.54015
4.2492194,0.003823844,0.28097725,70000.0,151467.44,149824.06,149824.06,0.019309817,10.343768,8.540152,8.54015
4.2492194,0.003718116,0.4437637,70000.0,151467.4,149824.05,149824.06,0.019309817,10.343273,8.54015,8.54015
4.2492194,0.004300515,0.46094948,70000.0,151467.38,149824.06,149824.05,0.019309817,10.343066,8.540151,8.540151
4.2492194,0.0043232576,0.3349889,70000.0,151467.42,149824.05,149824.08,0.019309817,10.343427,8.540152,8.540151
4.2492194,0.003826298,0.26426542,70000.0,151467.36,149824.06,149824.06,0.019309817,10.343676,8.540152,8.54015
4.2492194,0.0034992052,0.27336633,70000.0,151467.34,149824.06,149824.05,0.019309817,10.343296,8.540152,8.54015
4.2492194,0.0032589687,0.31919247,70000.0,151467.38,149824.05,149824.06,0.019309817,10.343485,8.540151,8.540149
4.2492194,0.004224223,0.2780225,70000.0,151467.36,149824.05,149824.08,0.019309817,10.343698,8.540152,8.540149
4.2492194,0.0038150274,0.3809115,70000.0,151467.33,149824.06,149824.03,0.019309817,10.3431015,8.540151,8.54015
4.2492194,0.003739325,0.4236176,70000.0,151467.38,149824.05,149824.08,0.019309817,10.343283,8.54015,8.54015
4.2492194,0.0037243199,0.36653218,70000.0,151467.44,149824.03,149824.06,0.019309817,10.3434105,8.54015,8.54015
4.2492194,0.004037293,0.27709007,70000.0,151467.44,149824.06,149824.05,0.019309817,10.343581,8.540152,8.540149
4.2492194,0.004079167,0.43201917,70000.0,151467.38,149824.06,149824.06,0.019309817,10.343629,8.54015,8.54015
4.2492194,0.004196485,0.38258693,70000.0,151467.39,149824.06,149824.05,0.019309817,10.343649,8.54015,8.540149
4.2492194,0.0038149108,0.3137043,70000.0,151467.39,149824.05,149824.06,0.019309817,10.343567,8.540152,8.54015
4.2492194,0.0033996003,0.39672017,70000.0,151467.38,149824.05,149824.06,0.019309817,10.343524,8.54015,8.540149
4.2492194,0.003610283,0.27211288,70000.0,151467.4,149824.05,149824.05,0.019309817,10.34362,8.540152,8.54015
4.2492194,0.0041043824,0.35409284,70000.0,151467.39,149824.05,149824.03,0.019309817,10.343435,8.540151,8.54015
4.2492194,0.003858427,0.3462902,70000.0,151467.31,149824.06,149824.08,0.019309817,10.343145,8.540151,8.54015
4.2492194,0.0035389848,0.25991827,70000.0,151467.36,149824.05,149824.05,0.019309817,10.343326,8.540152,8.54015
4.2492194,0.0040063704,0.47097066,70000.0,151467.38,149824.05,149824.06,0.019309817,10.3433695,8.540149,8.54015
4.2492194,0.0043139593,0.2851816,70000.0,151467.34,149824.05,149824.05,0.019309817,10.343143,8.540151,8.540149
4.2492194,0.004201605,0.3045583,70000.0,151467.39,149824.05,149824.05,0.019309817,10.343339,8.540152,8.540151
4.2492194,0.003554599,0.31943607,70000.0,151467.36,149824.06,149824.06,0.019309817,10.343549,8.540152,8.540151
4.2492194,0.0035420205,0.42954704,70000.0,151467.44,149824.06,149824.08,0.019309817,10.343265,8.540151,8.54015
4.2492194,0.0041738516,0.29180983,70000.0,151467.4,149824.05,149824.06,0.019309817,10.343333,8.540152,8.54015
4.2492194,0.0033491668,0.2743271,70000.0,151467.38,149824.06,149824.06,0.019309817,10.343388,8.540153,8.54015
4.2492194,0.00368927,0.3335184,70000.0,151467.39,149824.06,149824.06,0.019309817,10.343247,8.540151,8.540151
4.2492194,0.0037259725,0.3132645,70000.0,151467.45,149824.06,149824.05,0.019309817,10.343513,8.540152,8.54015
4.2492194,0.0041883267,0.29249114,70000.0,151467.39,149824.03,149824.06,0.019309817,10.343214,8.540152,8.54015
4.2492194,0.0034873215,0.44535372,70000.0,151467.4,149824.05,149824.05,0.019309817,10.343363,8.54015,8.54015
4.2492194,0.0037841594,0.36400238,70000.0,151467.39,149824.06,149824.06,0.019309817,10.343492,8.540151,8.54015
4.2492194,0.003863354,0.28844252,70000.0,151467.38,149824.06,149824.08,0.019309817,10.343623,8.540152,8.540151
4.2492194,0.0042651338,0.3429656,70000.0,151467.44,149824.06,149824.06,0.019309817,10.343422,8.540151,8.540149
4.2492194,0.004120516,0.3097974,70000.0,151467.33,149824.05,149824.06,0.019309817,10.343276,8.540152,8.54015
4.2492194,0.00378458,0.3013152,70000.0,151467.34,149824.05,149824.05,0.019309817,10.34327,8.540152,8.54015
4.2492194,0.0037958643,0.45747057,70000.0,151467.39,149824.06,149824.06,0.019309817,10.343424,8.54015,8.540149
4.2492194,0.004361035,0.2932018,70000.0,151467.4,149824.05,149824.03,0.019309817,10.34349,8.540152,8.54015
4.2492194,0.0037768595,0.48639584,70000.0,151467.45,149824.03,149824.05,0.019309817,10.343787,8.540149,8.540151
4.2492194,0.0040541445,0.29300776,70000.0,151467.36,149824.08,149824.05,0.019309817,10.343678,8.540152,8.540149
4.2492194,0.0038903712,0.37296918,70000.0,151467.36,149824.06,149824.05,0.019309817,10.343334,8.540151,8.540151
4.2492194,0.0041076555,0.26429728,70000.0,151467.42,149824.05,149824.05,0.019309817,10.343604,8.540152,8.540149
4.2492194,0.0037409922,0.4222614,70000.0,151467.44,149824.05,149824.06,0.019309817,10.343427,8.54015,8.540149
4.2492194,0.0034127568,0.4620694,70000.0,151467.39,149824.06,149824.05,0.019309817,10.343312,8.540149,8.540149
4.2492194,0.0038547327,0.38446608,70000.0,151467.44,149824.06,149824.05,0.019309817,10.3437195,8.540151,8.54015
4.2492194,0.003845139,0.27452162,70000.0,151467.39,149824.06,149824.06,0.019309817,10.34349,8.540153,8.54015
4.2492194,0.004053637,0.39358038,70000.0,151467.39,149824.05,149824.06,0.019309817,10.343255,8.54015,8.54015
4.2492194,0.0039662565,0.2659215,70000.0,151467.4,149824.05,149824.06,0.019309817,10.343702,8.540153,8.540149
4.2492194,0.0034626727,0.30934697,70000.0,151467.31,149824.06,149824.08,0.019309817,10.343206,8.54015,8.540151
4.2492194,0.003526723,0.2609901,70000.0,151467.38,149824.05,149824.05,0.019309817,10.343428,8.540152,8.54015
4.2492194,0.0040201275,0.29270667,70000.0,151467.4,149824.06,149824.06,0.019309817,10.343428,8.540151,8.54015
4.2492194,0.0041087326,0.3007811,70000.0,151467.34,149824.05,149824.05,0.019309817,10.343226,8.540152,8.54015
4.2492194,0.003987514,0.33031288,70000.0,151467.42,149824.06,149824.06,0.019309817,10.343446,8.540151,8.54015
1.796399e+25,0.83045423,0.99903303,310000.0,151467.36,149824.06,149824.05,18.954678,10.343482,8.540151,8.5401535
1.796399e+25,0.8430681,0.999057,310000.0,151467.39,149824.06,149824.05,18.954678,10.3429785,8.54015,8.540154
1.796399e+25,0.8660678,0.99937147,310000.0,151467.4,149824.05,149824.03,18.954678,10.343548,8.540152,8.540154
1.796399e+25,0.86606115,1.0006737,310000.0,151467.36,149824.05,149824.06,18.954678,10.343284,8.540151,8.540154
1.796399e+25,0.838134,0.99922633,310000.0,151467.39,149824.06,149824.05,18.954678,10.343595,8.540152,8.5401535
1.796399e+25,0.84477645,1.0001882,310000.0,151467.36,149824.06,149824.06,18.954678,10.34353,8.540151,8.5401535
1.796399e+25,0.83931535,1.0004637,310000.0,151467.39,149824.06,149824.05,18.954678,10.343551,8.540151,8.540154
1.796399e+25,0.8743612,1.000121,310000.0,151467.4,149824.06,149824.06,18.954678,10.343418,8.540151,8.540154
1.796399e+25,0.8598935,1.0005538,310000.0,151467.33,149824.06,149824.05,18.954678,10.343321,8.540152,8.5401535
1.796399e+25,0.85561997,0.9999882,310000.0,151467.4,149824.05,149824.03,18.954678,10.343514,8.540152,8.5401535
1.796399e+25,0.85665655,1.0003511,310000.0,151467.39,149824.05,149824.05,18.954678,10.343353,8.540151,8.5401535
1.796399e+25,0.84322685,0.9992323,310000.0,151467.42,149824.06,149824.05,18.954678,10.3434725,8.540152,8.5401535
1.796399e+25,0.8630027,0.99883884,310000.0,151467.42,149824.05,149824.06,18.954678,10.343633,8.540152,8.540154
1.796399e+25,0.8628281,1.0006251,310000.0,151467.4,149824.06,149824.02,18.954678,10.343271,8.540151,8.5401535
1.796399e+25,0.8684866,1.0006263,310000.0,151467.4,149824.06,149824.08,18.954678,10.343642,8.540151,8.540154
1.796399e+25,0.8747171,1.0001503,310000.0,151467.38,149824.05,149824.05,18.954678,10.343527,8.540151,8.540154
1.796399e+25,0.856148,1.0001603,310000.0,151467.39,149824.08,149824.06,18.954678,10.343291,8.540152,8.5401535
1.796399e+25,0.8550078,0.9996517,310000.0,151467.34,149824.05,149824.06,18.954678,10.34326,8.540152,8.540154
1.796399e+25,0.87363875,1.0009055,310000.0,151467.39,149824.03,149824.06,18.954678,10.343483,8.540152,8.5401535
1.796399e+25,0.8457442,1.0007216,310000.0,151467.44,149824.03,149824.06,18.954678,10.343517,8.540151,8.5401535
1.796399e+25,0.8670644,1.0004979,310000.0,151467.4,149824.05,149824.06,18.954678,10.343291,8.540152,8.5401535
1.796399e+25,0.83468145,1.0007529,310000.0,151467.44,149824.05,149824.05,18.954678,10.343834,8.540151,8.5401535
1.796399e+25,0.8310906,0.9991855,310000.0,151467.4,149824.05,149824.05,18.954678,10.343409,8.540151,8.5401535
1.796399e+25,0.8656861,1.0001271,310000.0,151467.39,149824.06,149824.05,18.954678,10.343332,8.540152,8.5401535
1.796399e+25,0.8543707,0.99985415,310000.0,151467.33,149824.05,149824.05,18.954678,10.343352,8.540151,8.540154
1.796399e+25,0.848902,0.9989144,310000.0,151467.44,149824.03,149824.06,18.954678,10.343884,8.540152,8.540154
1.796399e+25,0.8156875,1.0003264,310000.0,151467.31,149824.05,149824.05,18.954678,10.343325,8.540152,8.5401535
1.796399e+25,0.8511478,0.99901223,310000.0,151467.4,149824.06,149824.08,18.954678,10.343718,8.54015,8.540154
1.796399e+25,0.8753597,1.0005975,310000.0,151467.34,149824.06,149824.05,18.954678,10.3434305,8.540151,8.540154
1.796399e+25,0.8553255,0.9990791,310000.0,151467.36,149824.08,149824.03,18.954678,10.343103,8.540151,8.540154
1.796399e+25,0.8580888,1.0002834,310000.0,151467.36,149824.06,149824.06,18.954678,10.343325,8.540151,8.540154
1.796399e+25,0.85119414,0.999248,310000.0,151467.34,149824.06,149824.06,18.954678,10.343363,8.540151,8.5401535
1.796399e+25,0.8658235,0.99962664,310000.0,151467.4,149824.05,149824.05,18.954678,10.343708,8.540152,8.5401535
1.796399e+25,0.8386681,0.9997736,310000.0,151467.44,149824.05,149824.05,18.954678,10.343422,8.540152,8.540154
1.796399e+25,0.84043473,0.9992355,310000.0,151467.39,149824.08,149824.06,18.954678,10.343571,8.540152,8.540154
1.796399e+25,0.8496181,0.9992938,310000.0,151467.39,149824.06,149824.05,18.954678,10.342899,8.540152,8.5401535
1.796399e+25,0.8698471,0.9991937,310000.0,151467.39,149824.05,149824.05,18.954678,10.343231,8.540152,8.540154
1.796399e+25,0.8500402,0.99910575,310000.0,151467.4,149824.06,149824.06,18.954678,10.343598,8.540152,8.5401535
1.796399e+25,0.84056354,1.0002921,310000.0,151467.42,149824.05,149824.05,18.954678,10.343705,8.540151,8.540154
1.796399e+25,0.8612906,1.00034,310000.0,151467.4,149824.06,149824.05,18.954678,10.343442,8.540152,8.5401535
1.796399e+25,0.86731553,1.0006676,310000.0,151467.39,149824.05,149824.05,18.954678,10.343436,8.540151,8.5401535
1.796399e+25,0.85220504,0.99920875,310000.0,151467.39,149824.03,149824.05,18.954678,10.343286,8.540151,8.5401535
1.796399e+25,0.8583139,0.99911004,310000.0,151467.44,149824.05,149824.05,18.954678,10.3434,8.540152,8.5401535
1.796399e+25,0.83047724,0.99919933,310000.0,151467.42,149824.05,149824.05,18.954678,10.343368,8.540152,8.5401535
1.796399e+25,0.8523925,0.99913025,310000.0,151467.39,149824.05,149824.03,18.954678,10.343208,8.540153,8.540154
1.796399e+25,0.8640838,0.9991113,310000.0,151467.38,149824.03,149824.03,18.954678,10.343583,8.540149,8.5401535
1.796399e+25,0.83265126,1.0001323,310000.0,151467.36,149824.06,149824.06,18.954678,10.343094,8.540151,8.540154
1.796399e+25,0.8407165,0.99971914,310000.0,151467.44,149824.05,149824.06,18.954678,10.343497,8.540152,8.5401535
1.796399e+25,0.86196,0.9991064,310000.0,151467.44,149824.03,149824.03,18.954678,10.343775,8.540151,8.5401535
1.796399e+25,0.8465335,1.000508,310000.0,151467.38,149824.05,149824.06,18.954678,10.343276,8.540152,8.5401535
1.796399e+25,0.8464181,0.9993832,310000.0,151467.42,149824.06,149824.05,18.954678,10.343518,8.540152,8.5401535
1.796399e+25,0.8505734,0.9992111,310000.0,151467.4,149824.06,149824.05,18.954678,10.343394,8.540152,8.540154
1.796399e+25,0.8478854,0.9999424,310000.0,151467.42,149824.05,149824.05,18.954678,10.343265,8.540152,8.540154
1.796399e+25,0.83758366,1.0005395,310000.0,151467.38,149824.03,149824.05,18.954678,10.343274,8.540152,8.5401535
1.796399e+25,0.85767,1.0000651,310000.0,151467.4,149824.06,149824.03,18.954678,10.34341,8.540152,8.5401535
1.796399e+25,0.83455604,0.9997216,310000.0,151467.38,149824.03,149824.06,18.954678,10.343703,8.540152,8.540154
1.796399e+25,0.8286742,0.99905556,310000.0,151467.42,149824.05,149824.05,18.954678,10.343329,8.540153,8.5401535
1.796399e+25,0.8490673,0.99902916,310000.0,151467.42,149824.06,149824.05,18.954678,10.343464,8.540152,8.540153
1.796399e+25,0.8419365,0.99892366,310000.0,151467.4,149824.05,149824.03,18.954678,10.343699,8.540152,8.5401535
1.796399e+25,0.8443556,1.0005289,310000.0,151467.31,149824.03,149824.05,18.954678,10.343136,8.540151,8.540154
1.796399e+25,0.8277375,1.0002829,310000.0,151467.31,149824.05,149824.05,18.954678,10.342905,8.540152,8.540154
1.796399e+25,0.84558403,0.9994215,310000.0,151467.4,149824.05,149824.05,18.954678,10.343402,8.540153,8.540153
1.796399e+25,0.8412921,1.0004574,310000.0,151467.39,149824.06,149824.06,18.954678,10.3436165,8.540151,8.5401535
1.796399e+25,0.8479667,0.9994426,310000.0,151467.34,149824.06,149824.03,18.954678,10.343676,8.540152,8.5401535
1.796399e+25,0.8422571,0.99920285,310000.0,151467.38,149824.06,149824.03,18.954678,10.343508,8.540151,8.540153
1.796399e+25,0.837516,0.9989369,310000.0,151467.36,149824.05,149824.05,18.954678,10.343715,8.540151,8.5401535
1.796399e+25,0.8394077,0.9990366,310000.0,151467.4,149824.05,149824.06,18.954678,10.343597,8.540151,8.5401535
1.796399e+25,0.8310835,0.99916816,310000.0,151467.42,149824.08,149824.05,18.954678,10.343287,8.540153,8.5401535
1.796399e+25,0.83612525,0.9998884,310000.0,151467.36,149824.05,149824.06,18.954678,10.343145,8.540151,8.540154
1.796399e+25,0.84835815,0.99966466,310000.0,151467.34,149824.03,149824.05,18.954678,10.343053,8.540151,8.540154
1.796399e+25,0.8518411,1.0007374,310000.0,151467.34,149824.06,149824.05,18.954678,10.343792,8.540151,8.540154
1.796399e+25,0.8556651,1.0006115,310000.0,151467.38,149824.06,149824.08,18.954678,10.343386,8.540151,8.5401535
1.796399e+25,0.8474106,0.9990977,310000.0,151467.44,149824.06,149824.06,18.954678,10.343466,8.540152,8.540153
1.796399e+25,0.8347753,0.9996807,310000.0,151467.39,149824.05,149824.06,18.954678,10.343395,8.540152,8.5401535
1.796399e+25,0.84931195,0.99982256,310000.0,151467.38,149824.05,149824.08,18.954678,10.343252,8.540151,8.540153
1.796399e+25,0.82348305,0.9990527,310000.0,151467.38,149824.03,149824.05,18.954678,10.343181,8.54015,8.5401535
1.796399e+25,0.84984,0.99915165,310000.0,151467.42,149824.05,149824.05,18.954678,10.343198,8.54015,8.5401535
1.796399e+25,0.8518585,0.99992675,310000.0,151467.42,149824.06,149824.05,18.954678,10.34331,8.540152,8.5401535
1.796399e+25,0.84263587,1.0003916,310000.0,151467.39,149824.05,149824.05,18.954678,10.343245,8.540151,8.540154
1.796399e+25,0.85530853,0.99903125,310000.0,151467.36,149824.05,149824.05,18.954678,10.343406,8.540153,8.540154
1.796399e+25,0.8479561,1.0005128,310000.0,151467.34,149824.08,149824.06,18.954678,10.343269,8.540152,8.540154
1.796399e+25,0.84547216,0.9991824,310000.0,151467.38,149824.05,149824.06,18.954678,10.3434725,8.540151,8.5401535
1.796399e+25,0.8549943,0.99956995,310000.0,151467.39,149824.03,149824.05,18.954678,10.34347,8.540152,8.5401535
1.796399e+25,0.84662837,1.0000842,310000.0,151467.39,149824.05,149824.06,18.954678,10.3436165,8.540151,8.5401535
1.796399e+25,0.85741717,1.0006505,310000.0,151467.39,149824.05,149824.05,18.954678,10.343702,8.540151,8.540154
1.796399e+25,0.8784041,1.0009334,310000.0,151467.39,149824.05,149824.08,18.954678,10.343528,8.540152,8.5401535
1.796399e+25,0.8500213,1.0000465,310000.0,151467.36,149824.06,149824.08,18.954678,10.343559,8.540152,8.5401535
1.796399e+25,0.84181523,1.0004259,310000.0,151467.38,149824.05,149824.05,18.954678,10.34373,8.540152,8.5401535
1.796399e+25,0.86529833,0.99916047,310000.0,151467.4,149824.06,149824.05,18.954678,10.343528,8.540153,8.5401535
1.796399e+25,0.8397861,0.9986827,310000.0,151467.38,149824.06,149824.06,18.954678,10.343561,8.540151,8.54015
1.796399e+25,0.8382039,0.9987732,310000.0,151467.44,149824.06,149824.06,18.954678,10.343581,8.540152,8.540151
1.796399e+25,0.85530967,0.99876904,310000.0,151467.39,149824.05,149824.06,18.954678,10.343529,8.540152,8.54015
1.796399e+25,0.83234316,0.9983396,310000.0,151467.38,149824.03,149824.05,18.954678,10.343301,8.540151,8.540151
1.796399e+25,0.8428971,0.9986578,310000.0,151467.34,149824.03,149824.06,18.954678,10.343109,8.540152,8.540151
1.796399e+25,0.8471743,0.9986239,310000.0,151467.38,149824.06,149824.05,18.954678,10.343236,8.540152,8.540151
1.796399e+25,0.8436235,0.9986818,310000.0,151467.39,149824.06,149824.06,18.954678,10.343414,8.540152,8.540152
1.796399e+25,0.8547504,0.9987675,310000.0,151467.36,149824.08,149824.06,18.954678,10.343118,8.540152,8.540151
1.796399e+25,0.8666012,0.9987185,310000.0,151467.42,149824.08,149824.05,18.954678,10.343756,8.540152,8.54015
1.796399e+25,0.851828,0.99926907,310000.0,151467.42,149824.05,149824.06,18.954678,10.343399,8.54015,8.540151
1.796399e+25,0.8519274,0.99902743,310000.0,151467.31,149824.03,149824.06,18.954678,10.343063,8.540151,8.540151
1.796399e+25,0.8650396,0.9988071,310000.0,151467.38,149824.06,149824.08,18.954678,10.343323,8.540152,8.540151
1.796399e+25,0.8561972,0.9987778,310000.0,151467.4,149824.06,149824.08,18.954678,10.343591,8.540152,8.540152
1.796399e+25,0.86788595,0.9987193,310000.0,151467.39,149824.05,149824.05,18.954678,10.343431,8.540152,8.540151
1.796399e+25,0.8578021,0.9987903,310000.0,151467.4,149824.06,149824.06,18.954678,10.343629,8.540152,8.540151
1.796399e+25,0.8586575,0.9986297,310000.0,151467.36,149824.06,149824.05,18.954678,10.343313,8.540152,8.540151
1.796399e+25,0.85386777,0.9987057,310000.0,151467.39,149824.05,149824.06,18.954678,10.343543,8.540152,8.540152
1.796399e+25,0.8521067,0.9988463,310000.0,151467.39,149824.06,149824.05,18.954678,10.343209,8.540152,8.540151
1.796399e+25,0.8502294,0.9986704,310000.0,151467.39,149824.06,149824.08,18.954678,10.343411,8.540152,8.540152
1.796399e+25,0.8429126,0.9987539,310000.0,151467.38,149824.05,149824.05,18.954678,10.343408,8.540152,8.540151
1.796399e+25,0.84562564,0.99902517,310000.0,151467.36,149824.06,149824.03,18.954678,10.343397,8.540152,8.540151
1.796399e+25,0.8473727,0.9987897,310000.0,151467.39,149824.06,149824.06,18.954678,10.343189,8.540153,8.54015
1.796399e+25,0.8382995,0.99889547,310000.0,151467.42,149824.06,149824.08,18.954678,10.34342,8.540151,8.540151
1.796399e+25,0.8513351,0.9987696,310000.0,151467.4,149824.05,149824.03,18.954678,10.343494,8.540152,8.540151
1.796399e+25,0.83506405,0.9991143,310000.0,151467.39,149824.06,149824.05,18.954678,10.343419,8.540152,8.54015
1.796399e+25,0.82980174,0.9987932,310000.0,151467.4,149824.05,149824.03,18.954678,10.343528,8.540152,8.540151
1.796399e+25,0.8496567,0.9987013,310000.0,151467.34,149824.05,149824.05,18.954678,10.343601,8.540152,8.540152
1.796399e+25,0.84980994,0.9987421,310000.0,151467.34,149824.06,149824.05,18.954678,10.343369,8.540152,8.540151
1.796399e+25,0.8527218,0.9988341,310000.0,151467.34,149824.06,149824.03,18.954678,10.34305,8.540153,8.540151
1.796399e+25,0.8637427,0.9986736,310000.0,151467.42,149824.06,149824.06,18.954678,10.343317,8.540152,8.540151
1.796399e+25,0.8550978,0.9986981,310000.0,151467.42,149824.05,149824.05,18.954678,10.343738,8.540151,8.540151
1.796399e+25,0.8727809,0.9984177,310000.0,151467.36,149824.06,149824.06,18.954678,10.343125,8.540152,8.540151
1.796399e+25,0.861677,0.9990991,310000.0,151467.38,149824.06,149824.06,18.954678,10.343162,8.540152,8.540151
1.796399e+25,0.8685329,0.9990027,310000.0,151467.34,149824.08,149824.05,18.954678,10.343222,8.540151,8.54015
1.796399e+25,0.85064965,0.9986721,310000.0,151467.31,149824.06,149824.03,18.954678,10.34312,8.540151,8.540151
1.796399e+25,0.84690326,0.99867535,310000.0,151467.39,149824.05,149824.05,18.954678,10.343757,8.540152,8.540151
1.796399e+25,0.84612095,0.9993421,310000.0,151467.4,149824.08,149824.06,18.954678,10.343672,8.540151,8.540152
1.796399e+25,0.8800066,0.9988132,310000.0,151467.38,149824.05,149824.05,18.954678,10.343347,8.540152,8.540152
1.796399e+25,0.8991592,0.9987404,310000.0,151467.36,149824.06,149824.05,18.954678,10.3435545,8.540152,8.540151
1.796399e+25,0.8530739,0.9987395,310000.0,151467.4,149824.06,149824.06,18.954678,10.34356,8.540153,8.540152
1.796399e+25,0.8572515,0.9987645,310000.0,151467.38,149824.05,149824.06,18.954678,10.343355,8.540152,8.540151
1.796399e+25,0.87377936,0.9991836,310000.0,151467.42,149824.05,149824.06,18.954678,10.34354,8.54015,8.540151
1.796399e+25,0.85876936,0.99873614,310000.0,151467.39,149824.05,149824.05,18.954678,10.343134,8.540153,8.540151
1.796399e+25,0.85487866,0.9988537,310000.0,151467.39,149824.05,149824.05,18.954678,10.343046,8.540152,8.54015
1.796399e+25,0.86903375,0.9988283,310000.0,151467.42,149824.06,149824.06,18.954678,10.343365,8.540151,8.540151
1.796399e+25,0.90524715,0.9982561,310000.0,151467.42,149824.05,149824.05,18.954678,10.343634,8.540151,8.540151
1.796399e+25,0.86713743,0.9985766,310000.0,151467.38,149824.05,149824.03,18.954678,10.343481,8.540152,8.540151
1.796399e+25,0.844732,0.99879473,310000.0,151467.39,149824.06,149824.06,18.954678,10.343419,8.540153,8.540151
1.796399e+25,0.86488086,0.99873525,310000.0,151467.36,149824.05,149824.06,18.954678,10.3432455,8.540151,8.540152
1.796399e+25,0.87109005,0.99866897,310000.0,151467.38,149824.06,149824.06,18.954678,10.343625,8.540153,8.540151
1.796399e+25,0.83995765,0.9986419,310000.0,151467.34,149824.05,149824.06,18.954678,10.343656,8.540152,8.540151
1.796399e+25,0.826786,0.9987915,310000.0,151467.39,149824.06,149824.05,18.954678,10.343686,8.540152,8.540151
1.796399e+25,0.8458583,0.99869305,310000.0,151467.39,149824.06,149824.06,18.954678,10.343773,8.540152,8.54015
1.796399e+25,0.8567056,0.9987045,310000.0,151467.39,149824.06,149824.03,18.954678,10.3437805,8.540152,8.540151
1.796399e+25,0.8644643,0.99925506,310000.0,151467.4,149824.03,149824.05,18.954678,10.343598,8.54015,8.540151
1.796399e+25,0.83686894,0.99890375,310000.0,151467.34,149824.08,149824.05,18.954678,10.343362,8.540151,8.540151
1.796399e+25,0.85964257,0.9989331,310000.0,151467.34,149824.05,149824.03,18.954678,10.343307,8.540151,8.540151
1.796399e+25,0.860686,0.99900466,310000.0,151467.45,149824.06,149824.06,18.954678,10.343622,8.540151,8.540152
1.796399e+25,0.86332583,0.9985702,310000.0,151467.38,149824.05,149824.06,18.954678,10.343436,8.540151,8.540151
1.796399e+25,0.8809938,0.9987394,310000.0,151467.42,149824.06,149824.05,18.954678,10.343481,8.540152,8.540152
1.796399e+25,0.86322504,0.9987303,310000.0,151467.39,149824.03,149824.05,18.954678,10.343359,8.540151,8.540151
1.796399e+25,0.85586244,0.99877286,310000.0,151467.33,149824.05,149824.06,18.954678,10.343253,8.540152,8.540151
1.796399e+25,0.8555214,0.99906754,310000.0,151467.39,149824.06,149824.05,18.954678,10.343092,8.540152,8.54015
1.796399e+25,0.8621183,0.9989126,310000.0,151467.34,149824.05,149824.06,18.954678,10.34329,8.540151,8.540151
1.796399e+25,0.85906047,0.9988575,310000.0,151467.34,149824.05,149824.05,18.954678,10.343276,8.540152,8.540151
1.796399e+25,0.852068,0.99914,310000.0,151467.4,149824.05,149824.03,18.954678,10.343299,8.540151,8.54015
1.796399e+25,0.87152296,0.9990978,310000.0,151467.42,149824.06,149824.05,18.954678,10.343883,8.540152,8.54015
1.796399e+25,0.87063843,0.9981487,310000.0,151467.34,149824.05,149824.06,18.954678,10.343593,8.540151,8.540151
1.796399e+25,0.8605493,0.9987133,310000.0,151467.4,149824.05,149824.05,18.954678,10.343329,8.540151,8.540151
1.796399e+25,0.83681834,0.99878895,310000.0,151467.4,149824.06,149824.06,18.954678,10.343451,8.540153,8.540151
1.796399e+25,0.86429507,0.9987627,310000.0,151467.34,149824.06,149824.05,18.954678,10.343521,8.540152,8.540151
1.796399e+25,0.8609989,0.99899226,310000.0,151467.36,149824.08,149824.06,18.954678,10.343622,8.540151,8.540151
1.796399e+25,0.8390423,0.9987404,310000.0,151467.4,149824.03,149824.05,18.954678,10.343692,8.540152,8.540151
1.796399e+25,0.86626655,0.9986975,310000.0,151467.38,149824.06,149824.05,18.954678,10.343438,8.540152,8.540151
1.796399e+25,0.86874276,0.999094,310000.0,151467.33,149824.03,149824.08,18.954678,10.343064,8.540151,8.540152
1.796399e+25,0.8577385,0.9986944,310000.0,151467.38,149824.05,149824.08,18.954678,10.343334,8.540152,8.54015
1.796399e+25,0.8599636,0.9985075,310000.0,151467.36,149824.06,149824.03,18.954678,10.343039,8.540152,8.54015
1.796399e+25,0.84530056,0.9988891,310000.0,151467.36,149824.06,149824.06,18.954678,10.343111,8.540152,8.540151
1.796399e+25,0.84855,0.99883854,310000.0,151467.31,149824.06,149824.06,18.954678,10.34339,8.540153,8.540151
1.796399e+25,0.83913,0.9988279,310000.0,151467.33,149824.06,149824.06,18.954678,10.343038,8.540151,8.540151
1.796399e+25,0.86291593,0.99876386,310000.0,151467.33,149824.05,149824.05,18.954678,10.34327,8.540152,8.540151
1.796399e+25,0.8639335,0.9987762,310000.0,151467.38,149824.06,149824.08,18.954678,10.343462,8.540152,8.540151
1.796399e+25,0.8453902,0.99877053,310000.0,151467.33,149824.06,149824.06,18.954678,10.343177,8.540151,8.540152
1.796399e+25,0.8663024,0.9991198,310000.0,151467.39,149824.06,149824.03,18.954678,10.343628,8.540152,8.540151
1.796399e+25,0.85701686,0.99879646,310000.0,151467.38,149824.05,149824.05,18.954678,10.343341,8.540151,8.540151
1.796399e+25,0.8672911,0.99820024,310000.0,151467.36,149824.05,149824.05,18.954678,10.343454,8.54015,8.54015
1.796399e+25,0.88431317,0.9980531,310000.0,151467.34,149824.06,149824.05,18.954678,10.343132,8.540151,8.540151
1.796399e+25,0.87035954,0.9987145,310000.0,151467.36,149824.06,149824.05,18.954678,10.343242,8.540152,8.540151
1.796399e+25,0.865077,0.99869144,310000.0,151467.4,149824.05,149824.06,18.954678,10.343128,8.540151,8.540151
1.796399e+25,0.86559564,0.99903303,310000.0,151467.39,149824.06,149824.05,18.954678,10.343212,8.540151,8.540151
1.796399e+25,0.85917026,0.99900925,310000.0,151467.34,149824.06,149824.06,18.954678,10.343245,8.540151,8.540151
1.796399e+25,0.8666294,0.99914825,310000.0,151467.31,149824.06,149824.08,18.954678,10.343363,8.540152,8.540152
1.796399e+25,0.8348053,0.9990245,310000.0,151467.36,149824.05,149824.06,18.954678,10.343338,8.540151,8.540151
1.796399e+25,0.86695844,0.9988006,310000.0,151467.38,149824.03,149824.05,18.954678,10.343466,8.540152,8.540152
1.796399e+25,0.83666605,0.9986575,310000.0,151467.38,149824.06,149824.05,18.954678,10.343378,8.540152,8.540149
1.796399e+25,0.87153023,0.9987809,310000.0,151467.4,149824.08,149824.06,18.954678,10.343438,8.540152,8.540151
1.796399e+25,0.88002515,0.99872047,310000.0,151467.36,149824.05,149824.03,18.954678,10.343538,8.540153,8.540151
1.796399e+25,0.86306953,0.9986305,310000.0,151467.38,149824.06,149824.05,18.954678,10.343576,8.540153,8.540151
1.796399e+25,0.85897297,0.99836624,310000.0,151467.34,149824.08,149824.05,18.954678,10.343429,8.540151,8.54015
1.796399e+25,0.87525594,0.99901843,310000.0,151467.38,149824.06,149824.05,18.954678,10.3433275,8.540151,8.54015
1.796399e+25,0.87590665,0.9984109,310000.0,151467.36,149824.08,149824.06,18.954678,10.3431835,8.540151,8.540151
1.796399e+25,0.8515164,0.99876434,310000.0,151467.36,149824.05,149824.05,18.954678,10.343405,8.540152,8.540151
1.796399e+25,0.8582341,0.99879354,310000.0,151467.31,149824.06,149824.05,18.954678,10.3435755,8.540152,8.540151
1.796399e+25,0.85456973,0.9989973,310000.0,151467.44,149824.05,149824.05,18.954678,10.34355,8.540152,8.540151
1.796399e+25,0.85045046,0.99810743,310000.0,151467.4,149824.06,149824.06,18.954678,10.343323,8.540151,8.540151
1.796399e+25,0.8610424,0.9992594,310000.0,151467.33,149824.03,149824.06,18.954678,10.343442,8.54015,8.540151
1.796399e+25,0.85357803,0.9987977,310000.0,151467.42,149824.06,149824.06,18.954678,10.343277,8.540152,8.540152
1.796399e+25,0.86221987,0.99872375,310000.0,151467.34,149824.05,149824.06,18.954678,10.34328,8.540151,8.540151
1.796399e+25,0.85571814,0.99879646,310000.0,151467.31,149824.05,149824.06,18.954678,10.343143,8.540152,8.54015
1.796399e+25,0.86742336,0.99880767,310000.0,151467.38,149824.05,149824.06,18.954678,10.343368,8.540152,8.540152
1.796399e+25,0.84557354,0.9989266,310000.0,151467.39,149824.05,149824.08,18.954678,10.343414,8.540152,8.54015
1.796399e+25,0.8565539,0.99878776,310000.0,151467.36,149824.05,149824.05,18.954678,10.3431015,8.540152,8.540151
1.796399e+25,0.84704703,0.9987752,310000.0,151467.38,149824.05,149824.08,18.954678,10.343275,8.540151,8.540148
1.796399e+25,0.8225117,0.9989945,310000.0,151467.39,149824.06,149824.08,18.954678,10.343387,8.540151,8.540148
1.796399e+25,0.8484016,0.9988222,310000.0,151467.34,149824.05,149824.05,18.954678,10.343153,8.540152,8.540148
1.796399e+25,0.8403547,0.998771,310000.0,151467.33,149824.06,149824.06,18.954678,10.3432665,8.540152,8.540147
1.796399e+25,0.84336793,0.9989191,310000.0,151467.39,149824.05,149824.05,18.954678,10.343479,8.540152,8.540148
1.796399e+25,0.84484446,0.9989869,310000.0,151467.42,149824.05,149824.06,18.954678,10.343685,8.540152,8.540148
1.796399e+25,0.84326875,0.99888474,310000.0,151467.39,149824.06,149824.03,18.954678,10.343051,8.540152,8.540148
1.796399e+25,0.8401366,0.9986839,310000.0,151467.36,149824.06,149824.06,18.954678,10.344045,8.540152,8.540147
1.796399e+25,0.83653575,0.99889195,310000.0,151467.4,149824.06,149824.03,18.954678,10.343527,8.540151,8.540147
1.796399e+25,0.85703033,0.9988529,310000.0,151467.39,149824.03,149824.06,18.954678,10.343372,8.540152,8.540147
1.796399e+25,0.84604603,0.9987416,310000.0,151467.39,149824.08,149824.06,18.954678,10.343476,8.540152,8.540148
1.796399e+25,0.858167,0.9992641,310000.0,151467.42,149824.05,149824.05,18.954678,10.343685,8.54015,8.540148
1.796399e+25,0.85579616,0.9987336,310000.0,151467.34,149824.05,149824.08,18.954678,10.343535,8.540151,8.540148
1.796399e+25,0.8509359,0.999032,310000.0,151467.45,149824.05,149824.06,18.954678,10.34366,8.540151,8.540148
1.796399e+25,0.84720796,0.9988614,310000.0,151467.39,149824.05,149824.05,18.954678,10.343047,8.540152,8.540149
1.796399e+25,0.8425737,0.9990366,310000.0,151467.36,149824.05,149824.06,18.954678,10.343131,8.540152,8.540147
1.796399e+25,0.8243958,0.9988034,310000.0,151467.38,149824.06,149824.05,18.954678,10.343352,8.540152,8.540147
1.796399e+25,0.841683,0.9986949,310000.0,151467.36,149824.03,149824.05,18.954678,10.343535,8.540153,8.540147
1.796399e+25,0.84763,0.9986243,310000.0,151467.4,149824.06,149824.06,18.954678,10.343598,8.540151,8.540147
1.796399e+25,0.862638,0.9993047,310000.0,151467.33,149824.05,149824.06,18.954678,10.342939,8.54015,8.540148
1.796399e+25,0.8530677,0.99905187,310000.0,151467.36,149824.05,149824.05,18.954678,10.343133,8.540152,8.540147
1.796399e+25,0.8603707,0.9984824,310000.0,151467.42,149824.06,149824.05,18.954678,10.343363,8.540152,8.540148
1.796399e+25,0.8532667,0.9987203,310000.0,151467.4,149824.05,149824.05,18.954678,10.343445,8.540152,8.540147
1.796399e+25,0.8372837,0.9991413,310000.0,151467.38,149824.05,149824.06,18.954678,10.343661,8.540151,8.540147
1.796399e+25,0.85159653,0.9984207,310000.0,151467.42,149824.06,149824.05,18.954678,10.343462,8.540152,8.540148
1.796399e+25,0.8533201,0.9986985,310000.0,151467.38,149824.08,149824.03,18.954678,10.34333,8.540152,8.540147
1.796399e+25,0.8401506,0.9989723,310000.0,151467.47,149824.06,149824.08,18.954678,10.3436575,8.540151,8.540147
1.796399e+25,0.8449016,0.99919015,310000.0,151467.38,149824.05,149824.05,18.954678,10.343354,8.54015,8.540147
1.796399e+25,0.85171473,0.99902403,310000.0,151467.38,149824.06,149824.06,18.954678,10.343388,8.540151,8.540148
1.796399e+25,0.8478746,0.99836177,310000.0,151467.44,149824.08,149824.06,18.954678,10.34331,8.540151,8.540147
1.796399e+25,0.85807353,0.9990184,310000.0,151467.38,149824.06,149824.05,18.954678,10.343668,8.540151,8.540147
1.796399e+25,0.8646247,0.99869007,310000.0,151467.36,149824.05,149824.05,18.954678,10.343045,8.540152,8.540148
1.796399e+25,0.85754937,0.9981429,310000.0,151467.38,149824.05,149824.06,18.954678,10.343367,8.540151,8.540148
1.796399e+25,0.8649819,0.9986679,310000.0,151467.4,149824.06,149824.08,18.954678,10.343322,8.540153,8.540147
1.796399e+25,0.8502367,0.99938077,310000.0,151467.36,149824.05,149824.06,18.954678,10.343395,8.540149,8.540148
1.796399e+25,0.8449277,0.99924153,310000.0,151467.39,149824.08,149824.06,18.954678,10.343642,8.540151,8.540146
1.796399e+25,0.8555988,0.9990575,310000.0,151467.38,149824.05,149824.08,18.954678,10.3434105,8.540152,8.540148
1.796399e+25,0.85864407,0.99881005,310000.0,151467.39,149824.06,149824.06,18.954678,10.343437,8.540151,8.540148
1.796399e+25,0.8614642,0.99920565,310000.0,151467.39,149824.06,149824.06,18.954678,10.343579,8.540151,8.540147
1.796399e+25,0.8699623,0.9982565,310000.0,151467.39,149824.03,149824.06,18.954678,10.343594,8.540152,8.540148
1.796399e+25,0.8355327,0.99882793,310000.0,151467.4,149824.05,149824.06,18.954678,10.343472,8.540153,8.540148
1.796399e+25,0.8530503,0.9990896,310000.0,151467.39,149824.05,149824.06,18.954678,10.343185,8.540151,8.540148
1.796399e+25,0.83211845,0.99881995,310000.0,151467.36,149824.03,149824.03,18.954678,10.3433895,8.540152,8.540148
1.796399e+25,0.8560221,0.99862576,310000.0,151467.38,149824.05,149824.06,18.954678,10.3435335,8.540152,8.540148
1.796399e+25,0.84914833,0.9993354,310000.0,151467.36,149824.05,149824.05,18.954678,10.34364,8.540151,8.540147
1.796399e+25,0.85965574,0.99887216,310000.0,151467.38,149824.08,149824.05,18.954678,10.34343,8.540152,8.540147
1.796399e+25,0.84658384,0.9988037,310000.0,151467.33,149824.06,149824.05,18.954678,10.343018,8.540152,8.540148
1.796399e+25,0.84925437,0.9987325,310000.0,151467.44,149824.06,149824.08,18.954678,10.343535,8.540151,8.540148
1.796399e+25,0.84935755,0.9991061,310000.0,151467.4,149824.03,149824.06,18.954678,10.343377,8.54015,8.540148
1.796399e+25,0.84678334,0.9988685,310000.0,151467.36,149824.05,149824.05,18.954678,10.343227,8.540152,8.540148
1.796399e+25,0.85099345,0.9987074,310000.0,151467.33,149824.05,149824.05,18.954678,10.342959,8.540152,8.540147
1.796399e+25,0.86323947,0.99875605,310000.0,151467.4,149824.06,149824.06,18.954678,10.343503,8.540153,8.540147
1.796399e+25,0.8437669,0.9988887,310000.0,151467.36,149824.06,149824.06,18.954678,10.343469,8.540152,8.540147
1.796399e+25,0.8610917,0.99888897,310000.0,151467.36,149824.05,149824.05,18.954678,10.343142,8.540152,8.540147
1.796399e+25,0.8373855,0.9987132,310000.0,151467.47,149824.05,149824.05,18.954678,10.343909,8.540152,8.540148
1.796399e+25,0.8518847,0.9988179,310000.0,151467.28,149824.06,149824.03,18.954678,10.343328,8.540152,8.540148
1.796399e+25,0.840284,0.9986174,310000.0,151467.39,149824.05,149824.05,18.954678,10.343426,8.540152,8.540148
1.796399e+25,0.8488985,0.9987512,310000.0,151467.36,149824.03,149824.05,18.954678,10.343557,8.540151,8.540148
1.796399e+25,0.8459021,0.99864304,310000.0,151467.36,149824.05,149824.06,18.954678,10.343626,8.540152,8.540148
1.796399e+25,0.8552906,0.9988277,310000.0,151467.39,149824.05,149824.06,18.954678,10.343418,8.54015,8.540148
1.796399e+25,0.84666675,0.9985794,310000.0,151467.42,149824.06,149824.08,18.954678,10.343368,8.540153,8.540147
1.796399e+25,0.85065836,0.99906796,310000.0,151467.38,149824.05,149824.05,18.954678,10.3432865,8.540152,8.540148
1.796399e+25,0.8481828,0.9990405,310000.0,151467.44,149824.06,149824.06,18.954678,10.343538,8.540152,8.540147
1.796399e+25,0.85269374,0.99876624,310000.0,151467.42,149824.03,149824.06,18.954678,10.3434725,8.540152,8.540147
1.796399e+25,0.8502937,0.9988673,310000.0,151467.34,149824.05,149824.06,18.954678,10.3431015,8.540152,8.540147
1.796399e+25,0.8535856,0.99890894,310000.0,151467.39,149824.03,149824.06,18.954678,10.343399,8.540152,8.540148
1.796399e+25,0.8562559,0.99815756,310000.0,151467.4,149824.05,149824.05,18.954678,10.343602,8.540151,8.540148
1.796399e+25,0.85704637,0.9986821,310000.0,151467.36,149824.05,149824.05,18.954678,10.343616,8.540153,8.540148
1.796399e+25,0.82885003,0.9986513,310000.0,151467.34,149824.05,149824.06,18.954678,10.343319,8.540152,8.540148
1.796399e+25,0.85479,0.99880326,310000.0,151467.39,149824.05,149824.06,18.954678,10.343602,8.540152,8.540147
1.796399e+25,0.851293,0.99889296,310000.0,151467.34,149824.08,149824.06,18.954678,10.343305,8.540152,8.540147
1.796399e+25,0.8261565,0.99888587,310000.0,151467.45,149824.05,149824.05,18.954678,10.343616,8.540152,8.540147
1.796399e+25,0.8502643,0.9987775,310000.0,151467.42,149824.06,149824.03,18.954678,10.343441,8.540153,8.540148
1.796399e+25,0.8415592,0.999027,310000.0,151467.38,149824.06,149824.05,18.954678,10.343308,8.540151,8.540147
1.796399e+25,0.8419828,0.9992523,310000.0,151467.38,149824.08,149824.06,18.954678,10.343574,8.540151,8.540147
1.796399e+25,0.8619999,0.9984202,310000.0,151467.42,149824.08,149824.05,18.954678,10.343342,8.540151,8.540147
1.796399e+25,0.8602514,0.9986939,310000.0,151467.33,149824.05,149824.06,18.954678,10.343349,8.540152,8.540147
1.796399e+25,0.8627833,0.9987638,310000.0,151467.44,149824.06,149824.05,18.954678,10.343934,8.540151,8.540147
1.796399e+25,0.8446813,0.9991446,310000.0,151467.31,149824.05,149824.06,18.954678,10.343199,8.540152,8.540147
1.796399e+25,0.86310285,0.99902743,310000.0,151467.38,149824.05,149824.06,18.954678,10.343315,8.540151,8.540149
1.796399e+25,0.8541389,0.9987072,310000.0,151467.34,149824.05,149824.05,18.954678,10.343231,8.540152,8.540147
1.796399e+25,0.8556816,0.9987725,310000.0,151467.39,149824.06,149824.05,18.954678,10.343396,8.540153,8.540148
1.796399e+25,0.8515415,0.9986618,310000.0,151467.33,149824.06,149824.06,18.954678,10.342947,8.540153,8.540148
1.796399e+25,0.8704143,0.9990174,310000.0,151467.42,149824.06,149824.03,18.954678,10.343611,8.540152,8.540147
1.796399e+25,0.8487038,0.9987238,310000.0,151467.36,149824.06,149824.08,18.954678,10.343685,8.540153,8.540147
1.796399e+25,0.8561974,0.9987625,310000.0,151467.33,149824.05,149824.05,18.954678,10.343152,8.540152,8.540147
1.796399e+25,0.8525908,0.99909395,310000.0,151467.4,149824.06,149824.05,18.954678,10.343296,8.540152,8.540148
1.796399e+25,0.84596896,0.9990539,310000.0,151467.4,149824.06,149824.06,18.954678,10.343931,8.540151,8.540147
1.796399e+25,0.86794704,0.9986651,310000.0,151467.38,149824.06,149824.02,18.954678,10.343398,8.540152,8.540148
1.796399e+25,0.8496879,0.99909306,310000.0,151467.38,149824.06,149824.05,18.954678,10.34352,8.540151,8.540147
1.796399e+25,0.8500642,0.99864477,310000.0,151467.4,149824.06,149824.05,18.954678,10.343979,8.540153,8.540147
1.796399e+25,0.8668363,0.9985541,310000.0,151467.4,149824.05,149824.06,18.954678,10.34333,8.540151,8.540148
1.796399e+25,0.84622127,0.9988019,310000.0,151467.34,149824.05,149824.05,18.954678,10.343341,8.540152,8.540147
1.796399e+25,0.855022,0.99811155,310000.0,151467.38,149824.06,149824.05,18.954678,10.3432665,8.540151,8.540147
1.796399e+25,0.8545281,0.99915004,310000.0,151467.36,149824.05,149824.06,18.954678,10.343402,8.540151,8.540148
1.796399e+25,0.84654355,0.99864465,310000.0,151467.34,149824.05,149824.03,18.954678,10.343734,8.540152,8.540146
1.796399e+25,0.8553219,0.99885345,310000.0,151467.4,149824.03,149824.06,18.954678,10.343744,8.540151,8.540148
1.796399e+25,0.86454654,0.9987492,310000.0,151467.31,149824.03,149824.06,18.954678,10.343318,8.540151,8.540148
1.796399e+25,0.85120803,0.99874187,310000.0,151467.38,149824.05,149824.03,18.954678,10.343464,8.540152,8.540147
1.796399e+25,0.85448724,0.99862856,310000.0,151467.34,149824.06,149824.03,18.954678,10.34308,8.540151,8.540147
1.796399e+25,0.8467218,0.9989958,310000.0,151467.38,149824.06,149824.06,18.954678,10.343173,8.540152,8.540148
1.796399e+25,0.8529999,0.9988291,310000.0,151467.4,149824.06,149824.05,18.954678,10.343334,8.540152,8.540147
1.796399e+25,0.85706985,0.9987503,310000.0,151467.39,149824.06,149824.05,18.954678,10.343603,8.540152,8.540147
1.796399e+25,0.84891367,0.9984299,310000.0,151467.34,149824.08,149824.06,18.954678,10.3433695,8.540152,8.540147
1.796399e+25,0.8568345,0.9987286,310000.0,151467.38,149824.05,149824.05,18.954678,10.343029,8.540151,8.540147
1.796399e+25,0.860012,0.99882364,310000.0,151467.39,149824.05,149824.05,18.954678,10.343326,8.540152,8.540147
1.796399e+25,0.8543232,0.99901044,310000.0,151467.38,149824.08,149824.06,18.954678,10.343429,8.540151,8.540147
1.796399e+25,0.8567894,0.9988237,310000.0,151467.4,149824.06,149824.06,18.954678,10.343367,8.540152,8.540147
1.796399e+25,0.8617498,0.99882793,310000.0,151467.36,149824.06,149824.06,18.954678,10.343356,8.540151,8.540147
1.796399e+25,0.8639798,0.998892,310000.0,151467.39,149824.06,149824.05,18.954678,10.343519,8.540152,8.540147
1.796399e+25,0.8545204,0.99871284,310000.0,151467.36,149824.05,149824.06,18.954678,10.343295,8.540151,8.540147
1.796399e+25,0.856974,0.9988236,310000.0,151467.4,149824.05,149824.06,18.954678,10.343215,8.540152,8.540147
1.796399e+25,0.8520378,0.9989056,310000.0,151467.45,149824.05,149824.05,18.954678,10.343651,8.540152,8.540148
1.796399e+25,0.8508638,0.9987631,310000.0,151467.39,149824.06,149824.05,18.954678,10.343224,8.540153,8.540148
1.796399e+25,0.8605011,0.99888206,310000.0,151467.33,149824.05,149824.05,18.954678,10.34304,8.540152,8.540147
1.796399e+25,0.85037065,0.99868196,310000.0,151467.34,149824.05,149824.06,18.954678,10.343386,8.540152,8.540147
1.796399e+25,0.85263115,0.99850225,310000.0,151467.36,149824.06,149824.06,18.954678,10.343362,8.540152,8.540147
1.796399e+25,0.8383122,0.99894726,310000.0,151467.38,149824.05,149824.06,18.954678,10.343036,8.540151,8.540148
1.796399e+25,0.85199684,0.9988678,310000.0,151467.42,149824.06,149824.06,18.954678,10.343737,8.540151,8.540148
1.796399e+25,0.8481312,0.998457,310000.0,151467.39,149824.08,149824.06,18.954678,10.343523,8.540151,8.540148
1.796399e+25,0.84939265,0.9988286,310000.0,151467.39,149824.05,149824.03,18.954678,10.343546,8.540152,8.540148
1.796399e+25,0.8475346,0.99899817,310000.0,151467.39,149824.06,149824.05,18.954678,10.343217,8.540151,8.540148
1.796399e+25,0.85269624,0.99916077,310000.0,151467.36,149824.05,149824.06,18.954678,10.34354,8.540152,8.540147
1.796399e+25,0.8589391,0.9993208,310000.0,151467.38,149824.05,149824.06,18.954678,10.343498,8.54015,8.540147
1.796399e+25,0.8554769,0.99908435,310000.0,151467.34,149824.05,149824.06,18.954678,10.34316,8.540151,8.540148
1.796399e+25,0.86037266,0.99837124,310000.0,151467.4,149824.06,149824.06,18.954678,10.34345,8.540151,8.540148
1.796399e+25,0.847923,0.9986984,310000.0,151467.42,149824.05,149824.05,18.954678,10.343377,8.540151,8.540148
1.796399e+25,0.8572982,0.9987779,310000.0,151467.38,149824.06,149824.06,18.954678,10.343303,8.540152,8.540147
1.796399e+25,0.83880955,0.99885505,310000.0,151467.38,149824.06,149824.06,18.954678,10.343518,8.540151,8.540149
1.796399e+25,0.8614112,0.9987167,310000.0,151467.38,149824.06,149824.06,18.954678,10.3432865,8.540152,8.540147
1.796399e+25,0.8304705,0.9988221,310000.0,151467.42,149824.06,149824.06,18.954678,10.3433485,8.540152,8.540147
1.796399e+25,0.8478455,0.9987339,310000.0,151467.39,149824.05,149824.06,18.954678,10.343316,8.540152,8.540148
1.796399e+25,0.83530664,0.9987178,310000.0,151467.38,149824.05,149824.06,18.954678,10.343506,8.540152,8.5401535
1.796399e+25,0.8438227,0.9988596,310000.0,151467.38,149824.05,149824.06,18.954678,10.343256,8.540151,8.5401535
1.796399e+25,0.8460435,0.99814487,310000.0,151467.34,149824.06,149824.08,18.954678,10.343383,8.540152,8.5401535
1.796399e+25,0.8448255,0.99883544,310000.0,151467.3,149824.06,149824.05,18.954678,10.343182,8.540152,8.5401535
1.796399e+25,0.83126813,0.9990124,310000.0,151467.44,149824.06,149824.06,18.954678,10.343266,8.540151,8.5401535
1.796399e+25,0.85318124,0.99922454,310000.0,151467.34,149824.06,149824.05,18.954678,10.3430395,8.540152,8.5401535
1.796399e+25,0.83601826,0.9988091,310000.0,151467.38,149824.06,149824.06,18.954678,10.343599,8.540152,8.540153
1.796399e+25,0.85639274,0.9990902,310000.0,151467.4,149824.05,149824.05,18.954678,10.343554,8.540151,8.5401535
1.796399e+25,0.84587514,0.9988826,310000.0,151467.39,149824.06,149824.05,18.954678,10.343268,8.540152,8.5401535
1.796399e+25,0.84765065,0.99863905,310000.0,151467.39,149824.06,149824.06,18.954678,10.343636,8.540152,8.5401535
1.796399e+25,0.86058533,0.9985857,310000.0,151467.38,149824.05,149824.06,18.954678,10.343483,8.540152,8.540153
1.796399e+25,0.8508561,0.998166,310000.0,151467.4,149824.06,149824.06,18.954678,10.3434925,8.540151,8.540154
1.796399e+25,0.8656896,0.9994819,310000.0,151467.36,149824.05,149824.05,18.954678,10.343397,8.54015,8.5401535
1.796399e+25,0.8661053,0.9985597,310000.0,151467.36,149824.06,149824.05,18.954678,10.3434925,8.540152,8.540153
1.796399e+25,0.86149424,0.9988492,310000.0,151467.4,149824.06,149824.08,18.954678,10.343784,8.540153,8.5401535
1.796399e+25,0.85375065,0.99905396,310000.0,151467.38,149824.05,149824.05,18.954678,10.343634,8.540152,8.5401535
1.796399e+25,0.8468408,0.9987911,310000.0,151467.44,149824.05,149824.05,18.954678,10.343614,8.540152,8.5401535
1.796399e+25,0.8338446,0.99882144,310000.0,151467.36,149824.05,149824.06,18.954678,10.343127,8.540151,8.540153
1.796399e+25,0.85246617,0.99887073,310000.0,151467.4,149824.05,149824.05,18.954678,10.3437805,8.540151,8.540153
1.796399e+25,0.8812943,0.9986583,310000.0,151467.36,149824.06,149824.05,18.954678,10.343473,8.540153,8.540153
1.796399e+25,0.86985,0.9988313,310000.0,151467.39,149824.06,149824.06,18.954678,10.343547,8.540153,8.5401535
1.796399e+25,0.8636956,0.9989438,310000.0,151467.34,149824.05,149824.06,18.954678,10.343722,8.540152,8.5401535
1.796399e+25,0.8611394,0.99849844,310000.0,151467.39,149824.06,149824.03,18.954678,10.343301,8.540151,8.540153
1.796399e+25,0.8459058,0.99897444,310000.0,151467.4,149824.03,149824.06,18.954678,10.343473,8.540151,8.5401535
1.796399e+25,0.8551008,0.99907535,310000.0,151467.38,149824.06,149824.05,18.954678,10.343316,8.540152,8.5401535
1.796399e+25,0.86404306,0.9988121,310000.0,151467.38,149824.06,149824.06,18.954678,10.3435755,8.540152,8.5401535
1.796399e+25,0.86066747,0.99892867,310000.0,151467.39,149824.06,149824.05,18.954678,10.343588,8.540151,8.5401535
1.796399e+25,0.86558014,0.99905497,310000.0,151467.36,149824.05,149824.05,18.954678,10.343369,8.540151,8.540153
1.796399e+25,0.8443259,0.999092,310000.0,151467.34,149824.06,149824.06,18.954678,10.34324,8.540151,8.5401535
1.796399e+25,0.85593927,0.9987792,310000.0,151467.38,149824.03,149824.03,18.954678,10.343521,8.540151,8.5401535
1.796399e+25,0.854814,0.99915016,310000.0,151467.42,149824.08,149824.06,18.954678,10.34355,8.540151,8.540153
1.796399e+25,0.8628135,0.99891335,310000.0,151467.42,149824.05,149824.05,18.954678,10.343888,8.540152,8.5401535
1.796399e+25,0.85044086,0.9992344,310000.0,151467.47,149824.05,149824.03,18.954678,10.343632,8.54015,8.5401535
1.796399e+25,0.86353105,0.9989055,310000.0,151467.31,149824.06,149824.06,18.954678,10.343453,8.540152,8.5401535
1.796399e+25,0.8512919,0.9990197,310000.0,151467.4,149824.05,149824.05,18.954678,10.34356,8.540153,8.540153
1.796399e+25,0.8455392,0.9988586,310000.0,151467.45,149824.05,149824.06,18.954678,10.343647,8.540152,8.5401535
1.796399e+25,0.8608517,0.9985403,310000.0,151467.39,149824.06,149824.05,18.954678,10.3437805,8.540153,8.5401535
1.796399e+25,0.86082786,0.99906886,310000.0,151467.39,149824.06,149824.06,18.954678,10.343144,8.540151,8.540153
1.796399e+25,0.84799963,0.9988351,310000.0,151467.42,149824.06,149824.06,18.954678,10.343368,8.540152,8.540153
1.796399e+25,0.8668178,0.9987047,310000.0,151467.44,149824.05,149824.08,18.954678,10.34361,8.540152,8.5401535
1.796399e+25,0.8632043,0.9988726,310000.0,151467.44,149824.06,149824.06,18.954678,10.343568,8.540152,8.540153
1.796399e+25,0.86911654,0.9982242,310000.0,151467.38,149824.05,149824.05,18.954678,10.343187,8.540151,8.540153
1.796399e+25,0.8537638,0.99866945,310000.0,151467.42,149824.03,149824.06,18.954678,10.343843,8.540151,8.5401535
1.796399e+25,0.84310645,0.9990165,310000.0,151467.34,149824.05,149824.06,18.954678,10.343378,8.540153,8.540153
1.796399e+25,0.83950746,0.9987214,310000.0,151467.36,149824.03,149824.06,18.954678,10.343521,8.540152,8.5401535
1.796399e+25,0.86719584,0.99831176,310000.0,151467.39,149824.06,149824.05,18.954678,10.343427,8.540151,8.5401535
1.796399e+25,0.85238886,0.99955356,310000.0,151467.34,149824.05,149824.05,18.954678,10.343217,8.540149,8.5401535
1.796399e+25,0.83410984,0.9991185,310000.0,151467.34,149824.05,149824.05,18.954678,10.343176,8.540152,8.5401535
1.796399e+25,0.84927404,0.99897856,310000.0,151467.38,149824.03,149824.06,18.954678,10.3434,8.540151,8.5401535
1.796399e+25,0.8484394,0.9987991,310000.0,151467.36,149824.05,149824.08,18.954678,10.34301,8.540151,8.5401535
1.796399e+25,0.8541206,0.9987397,310000.0,151467.31,149824.06,149824.08,18.954678,10.343325,8.540152,8.540153
1.796399e+25,0.8659469,0.99911344,310000.0,151467.34,149824.06,149824.05,18.954678,10.343271,8.540152,8.540153
1.796399e+25,0.88191825,0.99875784,310000.0,151467.39,149824.06,149824.08,18.954678,10.343465,8.540152,8.5401535
1.796399e+25,0.8433011,0.9986446,310000.0,151467.38,149824.06,149824.06,18.954678,10.34339,8.540152,8.540153
1.796399e+25,0.8511673,0.9987865,310000.0,151467.34,149824.06,149824.05,18.954678,10.343072,8.540152,8.5401535
1.796399e+25,0.8570649,0.9986032,310000.0,151467.42,149824.05,149824.05,18.954678,10.343578,8.540153,8.5401535
1.796399e+25,0.86603135,0.9980976,310000.0,151467.39,149824.05,149824.06,18.954678,10.343363,8.540152,8.5401535
1.796399e+25,0.86612,0.9986749,310000.0,151467.33,149824.03,149824.08,18.954678,10.343257,8.540152,8.540153
1.796399e+25,0.86127406,0.99879396,310000.0,151467.38,149824.06,149824.05,18.954678,10.343276,8.540152,8.540153
1.796399e+25,0.8492614,0.9987505,310000.0,151467.42,149824.06,149824.06,18.954678,10.343499,8.540152,8.5401535
1.796399e+25,0.84602684,0.9987875,310000.0,151467.4,149824.05,149824.06,18.954678,10.34348,8.540152,8.5401535
1.796399e+25,0.83871853,0.9991405,310000.0,151467.39,149824.05,149824.06,18.954678,10.343277,8.540151,8.540153
1.796399e+25,0.8641132,0.9986417,310000.0,151467.38,149824.05,149824.08,18.954678,10.343346,8.540151,8.540153
1.796399e+25,0.8684147,0.9989176,310000.0,151467.39,149824.06,149824.05,18.954678,10.343344,8.540152,8.540152
1.796399e+25,0.8372959,0.9996035,310000.0,151467.33,149824.08,149824.05,18.954678,10.342918,8.540148,8.5401535
1.796399e+25,0.8567981,0.99881285,310000.0,151467.39,149824.06,149824.06,18.954678,10.343286,8.540151,8.540153
1.796399e+25,0.85469294,0.9988009,310000.0,151467.4,149824.05,149824.05,18.954678,10.343702,8.540152,8.540153
1.796399e+25,0.8544843,0.9986799,310000.0,151467.36,149824.05,149824.05,18.954678,10.342928,8.540152,8.540153
1.796399e+25,0.843002,0.9989522,310000.0,151467.4,149824.06,149824.06,18.954678,10.343714,8.540152,8.5401535
1.796399e+25,0.8560074,0.9988519,310000.0,151467.39,149824.03,149824.05,18.954678,10.343427,8.540151,8.5401535
1.796399e+25,0.8568195,0.9993587,310000.0,151467.39,149824.05,149824.05,18.954678,10.343508,8.540149,8.540153
1.796399e+25,0.8542895,0.99852717,310000.0,151467.44,149824.05,149824.06,18.954678,10.343469,8.540152,8.5401535
1.796399e+25,0.87194955,0.9990457,310000.0,151467.33,149824.08,149824.05,18.954678,10.343364,8.540151,8.540153
1.796399e+25,0.8699191,0.9990113,310000.0,151467.38,149824.08,149824.05,18.954678,10.343224,8.540151,8.5401535
1.796399e+25,0.8662865,0.9990966,310000.0,151467.39,149824.06,149824.06,18.954678,10.3433,8.540152,8.540153
1.796399e+25,0.8497418,0.99889547,310000.0,151467.36,149824.06,149824.05,18.954678,10.343413,8.540152,8.5401535
1.796399e+25,0.84923214,0.9991921,310000.0,151467.36,149824.06,149824.05,18.954678,10.343411,8.540151,8.540153
1.796399e+25,0.8777422,0.998797,310000.0,151467.39,149824.05,149824.05,18.954678,10.343245,8.540152,8.5401535
1.796399e+25,0.8534083,0.99892086,310000.0,151467.34,149824.05,149824.05,18.954678,10.343211,8.540152,8.540153
1.796399e+25,0.8569699,0.9994318,310000.0,151467.42,149824.03,149824.08,18.954678,10.343492,8.54015,8.5401535
1.796399e+25,0.8632419,0.99868107,310000.0,151467.36,149824.06,149824.06,18.954678,10.343388,8.540152,8.540154
1.796399e+25,0.85724634,0.99948716,310000.0,151467.31,149824.06,149824.06,18.954678,10.342938,8.54015,8.540153
1.796399e+25,0.8475994,0.99901724,310000.0,151467.36,149824.05,149824.05,18.954678,10.3435135,8.540151,8.5401535
1.796399e+25,0.8711676,0.99880075,310000.0,151467.4,149824.05,149824.06,18.954678,10.343478,8.540151,8.540153
1.796399e+25,0.825319,0.99891824,310000.0,151467.36,149824.05,149824.05,18.954678,10.343266,8.540151,8.540153
1.796399e+25,0.853103,0.99867195,310000.0,151467.39,149824.06,149824.05,18.954678,10.343325,8.540152,8.540153
1.796399e+25,0.858656,0.99884355,310000.0,151467.39,149824.06,149824.05,18.954678,10.343143,8.540152,8.540153
1.796399e+25,0.8578939,0.99875665,310000.0,151467.34,149824.05,149824.06,18.954678,10.34323,8.540152,8.540154
1.796399e+25,0.8556339,0.9987786,310000.0,151467.36,149824.05,149824.06,18.954678,10.343326,8.540152,8.5401535
1.796399e+25,0.8549125,0.99870944,310000.0,151467.36,149824.06,149824.06,18.954678,10.343406,8.540153,8.540153
1.796399e+25,0.8569406,0.9985685,310000.0,151467.39,149824.05,149824.06,18.954678,10.343453,8.540152,8.5401535
1.796399e+25,0.87195045,0.9992201,310000.0,151467.36,149824.03,149824.03,18.954678,10.34312,8.540149,8.540153
1.796399e+25,0.8690066,0.998905,310000.0,151467.4,149824.05,149824.06,18.954678,10.343427,8.540152,8.5401535
1.796399e+25,0.8486561,0.9989432,310000.0,151467.31,149824.06,149824.08,18.954678,10.343297,8.540152,8.540155
1.796399e+25,0.8375776,0.99872035,310000.0,151467.38,149824.05,149824.05,18.954678,10.343248,8.540153,8.5401535
1.796399e+25,0.8594547,0.9985722,310000.0,151467.38,149824.05,149824.06,18.954678,10.343464,8.540152,8.540155
1.796399e+25,0.8394742,0.9990628,310000.0,151467.34,149824.06,149824.05,18.954678,10.343189,8.540151,8.5401535
1.796399e+25,0.84613425,0.99885356,310000.0,151467.3,149824.06,149824.06,18.954678,10.343118,8.540151,8.540154
1.796399e+25,0.86749434,0.99922216,310000.0,151467.42,149824.03,149824.05,18.954678,10.3433895,8.540151,8.5401535
1.796399e+25,0.84432656,0.99893737,310000.0,151467.4,149824.08,149824.06,18.954678,10.343454,8.540152,8.540155
1.796399e+25,0.8533408,0.99831676,310000.0,151467.33,149824.05,149824.05,18.954678,10.34325,8.540151,8.540154
1.796399e+25,0.8563394,0.99871904,310000.0,151467.39,149824.06,149824.05,18.954678,10.343425,8.540152,8.540154
1.796399e+25,0.8470991,0.99933094,310000.0,151467.36,149824.06,149824.05,18.954678,10.343518,8.54015,8.540154
1.796399e+25,0.88469654,0.9987829,310000.0,151467.38,149824.05,149824.06,18.954678,10.343255,8.540152,8.540154
1.796399e+25,0.8574465,0.99930525,310000.0,151467.38,149824.05,149824.03,18.954678,10.343456,8.54015,8.5401535
1.796399e+25,0.8500378,0.9983935,310000.0,151467.4,149824.05,149824.06,18.954678,10.343787,8.540152,8.5401535
1.796399e+25,0.84779274,0.99952567,310000.0,151467.4,149824.06,149824.05,18.954678,10.3434925,8.54015,8.5401535
1.796399e+25,0.8490734,0.9986661,310000.0,151467.44,149824.05,149824.05,18.954678,10.343593,8.540152,8.5401535
1.796399e+25,0.85164016,0.99887234,310000.0,151467.34,149824.06,149824.05,18.954678,10.343654,8.540152,8.5401535
1.796399e+25,0.8583831,0.9987955,310000.0,151467.34,149824.06,149824.06,18.954678,10.343069,8.540152,8.540154
1.796399e+25,0.84905934,0.99872386,310000.0,151467.39,149824.06,149824.06,18.954678,10.343708,8.540152,8.540154
1.796399e+25,0.8648441,0.998175,310000.0,151467.39,149824.08,149824.06,18.954678,10.343484,8.540152,8.540154
1.796399e+25,0.8563642,0.9985453,310000.0,151467.39,149824.05,149824.06,18.954678,10.343366,8.540153,8.5401535
1.796399e+25,0.8498218,0.9987298,310000.0,151467.4,149824.02,149824.06,18.954678,10.343403,8.540151,8.5401535
1.796399e+25,0.8640191,0.9986449,310000.0,151467.33,149824.06,149824.05,18.954678,10.343351,8.540152,8.540154
1.796399e+25,0.85277843,0.9993698,310000.0,151467.38,149824.06,149824.05,18.954678,10.343703,8.54015,8.5401535
1.796399e+25,0.8491067,0.9993439,310000.0,151467.36,149824.03,149824.06,18.954678,10.343238,8.54015,8.5401535
1.796399e+25,0.84338826,0.9988433,310000.0,151467.42,149824.06,149824.08,18.954678,10.3433485,8.540152,8.540154
1.796399e+25,0.84526426,0.9987601,310000.0,151467.42,149824.06,149824.05,18.954678,10.3436365,8.540153,8.5401535
1.796399e+25,0.8546357,0.9984266,310000.0,151467.42,149824.05,149824.06,18.954678,10.3434725,8.540151,8.540154
1.796399e+25,0.8375441,0.9988309,310000.0,151467.38,149824.03,149824.05,18.954678,10.343263,8.540151,8.5401535
1.796399e+25,0.8335371,0.9993689,310000.0,151467.42,149824.05,149824.05,18.954678,10.343606,8.540151,8.540154
1.796399e+25,0.84572285,0.9988064,310000.0,151467.39,149824.05,149824.06,18.954678,10.343265,8.540152,8.540154
1.796399e+25,0.8630595,0.99861676,310000.0,151467.36,149824.05,149824.06,18.954678,10.343207,8.540152,8.540154
1.796399e+25,0.8500619,0.99922675,310000.0,151467.45,149824.05,149824.06,18.954678,10.343365,8.540149,8.5401535
1.796399e+25,0.8717999,0.99872005,310000.0,151467.38,149824.05,149824.05,18.954678,10.343239,8.540151,8.5401535
1.796399e+25,0.845463,0.999126,310000.0,151467.38,149824.06,149824.05,18.954678,10.343612,8.540151,8.5401535
1.796399e+25,0.87074804,0.99861276,310000.0,151467.42,149824.06,149824.06,18.954678,10.343689,8.540152,8.5401535
1.796399e+25,0.87999254,0.9986659,310000.0,151467.34,149824.06,149824.06,18.954678,10.343162,8.540152,8.540154
1.796399e+25,0.876418,0.9985966,310000.0,151467.34,149824.05,149824.05,18.954678,10.343149,8.540152,8.540154
1.796399e+25,0.8879001,0.99891263,310000.0,151467.36,149824.06,149824.03,18.954678,10.343376,8.540152,8.540154
1.796399e+25,0.87126404,0.9985246,310000.0,151467.42,149824.05,149824.06,18.954678,10.343371,8.540151,8.5401535
1.796399e+25,0.8607074,0.9986686,310000.0,151467.44,149824.05,149824.05,18.954678,10.344034,8.540152,8.540154
1.796399e+25,0.8532179,0.9987849,310000.0,151467.39,149824.05,149824.06,18.954678,10.343281,8.540152,8.540154
1.796399e+25,0.8664214,0.99883527,310000.0,151467.42,149824.05,149824.05,18.954678,10.343506,8.540152,8.5401535
1.796399e+25,0.8634817,0.99887836,310000.0,151467.36,149824.05,149824.06,18.954678,10.343219,8.540152,8.540154
1.796399e+25,0.8566852,0.99859136,310000.0,151467.38,149824.05,149824.06,18.954678,10.343496,8.540151,8.540155
1.796399e+25,0.86440957,0.998642,310000.0,151467.38,149824.05,149824.05,18.954678,10.343783,8.540152,8.540153
1.796399e+25,0.8578406,0.9986995,310000.0,151467.44,149824.05,149824.05,18.954678,10.3438635,8.540152,8.540154
1.796399e+25,0.84795517,0.99929583,310000.0,151467.4,149824.05,149824.06,18.954678,10.343668,8.54015,8.540154
1.796399e+25,0.8606989,0.99842113,310000.0,151467.39,149824.03,149824.06,18.954678,10.343755,8.540151,8.540154
1.796399e+25,0.8501834,0.99880135,310000.0,151467.38,149824.05,149824.05,18.954678,10.343177,8.540151,8.5401535
1.796399e+25,0.8605212,0.99882394,310000.0,151467.39,149824.05,149824.06,18.954678,10.34342,8.540153,8.540154
1.796399e+25,0.8633748,0.99895024,310000.0,151467.34,149824.05,149824.06,18.954678,10.343202,8.540151,8.540154
1.796399e+25,0.8663285,0.9994068,310000.0,151467.38,149824.05,149824.05,18.954678,10.343424,8.540149,8.540153
1.796399e+25,0.86233693,0.99869996,310000.0,151467.38,149824.05,149824.05,18.954678,10.343194,8.540152,8.5401535
1.796399e+25,0.84769946,0.99879456,310000.0,151467.39,149824.05,149824.05,18.954678,10.343452,8.540152,8.5401535
1.796399e+25,0.853158,0.9989112,310000.0,151467.36,149824.06,149824.05,18.954678,10.343178,8.540151,8.540153
1.796399e+25,0.8528191,0.99880517,310000.0,151467.42,149824.06,149824.05,18.954678,10.3434105,8.540152,8.540154
1.796399e+25,0.865589,0.9988469,310000.0,151467.36,149824.06,149824.05,18.954678,10.343283,8.540152,8.540154
1.796399e+25,0.84679693,0.99897003,310000.0,151467.44,149824.06,149824.06,18.954678,10.343431,8.540152,8.5401535
1.796399e+25,0.8616481,0.99873877,310000.0,151467.42,149824.05,149824.05,18.954678,10.343574,8.540151,8.5401535
1.796399e+25,0.85528785,0.99884564,310000.0,151467.42,149824.05,149824.05,18.954678,10.343859,8.540151,8.5401535
1.796399e+25,0.8562567,0.9994531,310000.0,151467.31,149824.05,149824.05,18.954678,10.343206,8.54015,8.540153
1.796399e+25,0.85601,0.99875766,310000.0,151467.4,149824.06,149824.06,18.954678,10.343587,8.540151,8.540153
1.796399e+25,0.8664744,0.99870574,310000.0,151467.4,149824.03,149824.05,18.954678,10.343555,8.540152,8.5401535
1.796399e+25,0.8613099,0.9987339,310000.0,151467.38,149824.05,149824.06,18.954678,10.343593,8.540152,8.540154
1.796399e+25,0.8526018,0.99861324,310000.0,151467.39,149824.06,149824.06,18.954678,10.343352,8.540151,8.5401535
1.796399e+25,0.8647637,0.9988076,310000.0,151467.33,149824.06,149824.1,18.954678,10.343179,8.540152,8.540154
1.796399e+25,0.8635468,0.9988889,310000.0,151467.38,149824.05,149824.03,18.954678,10.343225,8.540151,8.5401535
1.796399e+25,0.85095793,0.9987,310000.0,151467.38,149824.06,149824.05,18.954678,10.34334,8.540152,8.5401535
1.796399e+25,0.8546735,0.99892116,310000.0,151467.4,149824.05,149824.06,18.954678,10.343495,8.540152,8.5401535
1.796399e+25,0.85503334,0.9988335,310000.0,151467.42,149824.05,149824.05,18.954678,10.343603,8.540152,8.5401535
1.796399e+25,0.83688104,0.99928814,310000.0,151467.38,149824.05,149824.08,18.954678,10.343463,8.540151,8.540153
1.796399e+25,0.85381895,0.99897957,310000.0,151467.39,149824.06,149824.05,18.954678,10.343238,8.540151,8.540154
1.796399e+25,0.85834605,0.9988389,310000.0,151467.36,149824.05,149824.06,18.954678,10.343334,8.540152,8.540154
1.796399e+25,0.84711426,0.999155,310000.0,151467.42,149824.06,149824.05,18.954678,10.343806,8.540151,8.5401535
1.796399e+25,0.8363715,0.9987334,310000.0,151467.39,149824.05,149824.06,18.954678,10.343635,8.540152,8.540154
1.796399e+25,0.8358667,0.99884546,310000.0,151467.4,149824.06,149824.05,18.954678,10.343783,8.540153,8.540154
1.796399e+25,0.8527716,0.99864346,310000.0,151467.39,149824.05,149824.05,18.954678,10.343419,8.540153,8.5401535
1.796399e+25,0.84732664,0.99874616,310000.0,151467.33,149824.05,149824.06,18.954678,10.343373,8.540152,8.540153
1.796399e+25,0.8509483,0.99870884,310000.0,151467.31,149824.06,149824.05,18.954678,10.343507,8.540153,8.540154
1.796399e+25,0.8659176,0.99868625,310000.0,151467.4,149824.05,149824.05,18.954678,10.343701,8.540151,8.540154
1.796399e+25,0.8305585,0.99884355,310000.0,151467.38,149824.05,149824.05,18.954678,10.343481,8.540151,8.5401535
1.796399e+25,0.8514519,0.99871135,310000.0,151467.38,149824.06,149824.06,18.954678,10.343173,8.540153,8.5401535
1.796399e+25,0.8464108,0.99882567,310000.0,151467.39,149824.06,149824.06,18.954678,10.343624,8.540151,8.5401535
1.796399e+25,0.8623259,0.99881595,310000.0,151467.44,149824.06,149824.06,18.954678,10.343717,8.540152,8.5401535
1.796399e+25,0.87022,0.9984137,310000.0,151467.36,149824.05,149824.06,18.954678,10.343453,8.540151,8.5401535
1.796399e+25,0.86627626,0.99881774,310000.0,151467.45,149824.05,149824.05,18.954678,10.343445,8.540152,8.540154
1.796399e+25,0.85663515,0.9987886,310000.0,151467.4,149824.05,149824.05,18.954678,10.343801,8.540151,8.5401535
1.796399e+25,0.87033296,0.9986203,310000.0,151467.34,149824.05,149824.05,18.954678,10.343221,8.540151,8.5401535
1.796399e+25,0.85026383,0.9990942,310000.0,151467.4,149824.06,149824.06,18.954678,10.343391,8.540151,8.540155
1.796399e+25,0.8425279,0.9986302,310000.0,151467.36,149824.06,149824.05,18.954678,10.343155,8.540152,8.5401535
1.796399e+25,0.8518312,0.9990514,310000.0,151467.36,149824.03,149824.06,18.954678,10.343253,8.540151,8.540154
1.796399e+25,0.858146,0.99845546,310000.0,151467.38,149824.06,149824.06,18.954678,10.343578,8.540151,8.540154
1.796399e+25,0.854405,0.99887323,310000.0,151467.38,149824.05,149824.08,18.954678,10.343304,8.540152,8.540154
1.796399e+25,0.8648602,0.9981204,310000.0,151467.4,149824.08,149824.06,18.954678,10.343436,8.540152,8.5401535
1.796399e+25,0.8350355,0.9987681,310000.0,151467.36,149824.05,149824.06,18.954678,10.34326,8.540152,8.540154
1.796399e+25,0.84870607,0.9986086,310000.0,151467.36,149824.06,149824.06,18.954678,10.343253,8.540152,8.540154
1.796399e+25,0.8576964,0.9988935,310000.0,151467.39,149824.05,149824.06,18.954678,10.343311,8.540152,8.540154
1.796399e+25,0.8604744,0.9985055,310000.0,151467.44,149824.08,149824.05,18.954678,10.3436575,8.540152,8.540147
1.796399e+25,0.84663576,0.99886477,310000.0,151467.34,149824.05,149824.05,18.954678,10.343328,8.540152,8.540146
1.796399e+25,0.83576757,0.9988799,310000.0,151467.36,149824.05,149824.05,18.954678,10.34307,8.540152,8.540147
1.796399e+25,0.84697556,0.99873245,310000.0,151467.4,149824.06,149824.05,18.954678,10.343255,8.540151,8.540146
1.796399e+25,0.8537143,0.9988951,310000.0,151467.34,149824.05,149824.06,18.954678,10.343103,8.540153,8.540146
1.796399e+25,0.8487911,0.99894285,310000.0,151467.42,149824.05,149824.05,18.954678,10.343781,8.540152,8.540146
1.796399e+25,0.8534912,0.99881566,310000.0,151467.39,149824.03,149824.05,18.954678,10.3430805,8.540153,8.540146
1.796399e+25,0.8570919,0.998593,310000.0,151467.34,149824.06,149824.06,18.954678,10.343371,8.540153,8.540146
1.796399e+25,0.89134985,0.998418,310000.0,151467.44,149824.1,149824.05,18.954678,10.343326,8.540151,8.540146
1.796399e+25,0.8424906,0.998854,310000.0,151467.36,149824.05,149824.05,18.954678,10.343594,8.540151,8.540147
1.796399e+25,0.8425176,0.99872226,310000.0,151467.36,149824.05,149824.06,18.954678,10.34352,8.540152,8.540147
1.796399e+25,0.84921193,0.99879116,310000.0,151467.38,149824.06,149824.06,18.954678,10.3434515,8.540153,8.540147
1.796399e+25,0.8656408,0.99826324,310000.0,151467.38,149824.05,149824.06,18.954678,10.3433075,8.540151,8.540147
1.796399e+25,0.85635924,0.99886453,310000.0,151467.39,149824.05,149824.05,18.954678,10.343442,8.540152,8.540146
1.796399e+25,0.8587315,0.9987703,310000.0,151467.36,149824.05,149824.06,18.954678,10.343253,8.540152,8.540147
1.796399e+25,0.8568652,0.99871725,310000.0,151467.45,149824.06,149824.06,18.954678,10.343567,8.540152,8.540147
1.796399e+25,0.85381776,0.99885964,310000.0,151467.42,149824.08,149824.05,18.954678,10.343256,8.540152,8.540147
1.796399e+25,0.84950626,0.9994317,310000.0,151467.36,149824.05,149824.05,18.954678,10.343615,8.54015,8.540146
1.796399e+25,0.8367715,0.99875337,310000.0,151467.39,149824.06,149824.08,18.954678,10.343409,8.540152,8.540147
1.796399e+25,0.85384196,0.9994334,310000.0,151467.36,149824.06,149824.08,18.954678,10.3431425,8.54015,8.540147
1.796399e+25,0.87664217,0.99869347,310000.0,151467.36,149824.05,149824.08,18.954678,10.343393,8.540152,8.540147
1.796399e+25,0.86515725,0.9990891,310000.0,151467.4,149824.05,149824.08,18.954678,10.34318,8.54015,8.540147
1.796399e+25,0.88494605,0.99881196,310000.0,151467.38,149824.05,149824.05,18.954678,10.343397,8.540152,8.540147
1.796399e+25,0.85350245,0.99909043,310000.0,151467.34,149824.08,149824.06,18.954678,10.343238,8.540151,8.540148
1.796399e+25,0.85164475,0.998841,310000.0,151467.4,149824.05,149824.06,18.954678,10.343096,8.540152,8.540147
1.796399e+25,0.8689674,0.99900484,310000.0,151467.38,149824.06,149824.05,18.954678,10.343277,8.540151,8.540147
1.796399e+25,0.87443924,0.9987482,310000.0,151467.33,149824.05,149824.06,18.954678,10.343315,8.540152,8.540147
1.796399e+25,0.8579252,0.9988908,310000.0,151467.36,149824.05,149824.05,18.954678,10.343393,8.540151,8.540146
1.796399e+25,0.8784546,0.99846876,310000.0,151467.34,149824.05,149824.06,18.954678,10.343224,8.540152,8.540146
1.796399e+25,0.87343687,0.99870586,310000.0,151467.36,149824.06,149824.05,18.954678,10.343234,8.540152,8.540147
1.796399e+25,0.8543433,0.99891484,310000.0,151467.45,149824.05,149824.06,18.954678,10.343615,8.540151,8.540146
1.796399e+25,0.8423917,0.99949014,310000.0,151467.39,149824.03,149824.06,18.954678,10.343473,8.54015,8.540147
1.796399e+25,0.85227984,0.99921227,310000.0,151467.33,149824.06,149824.05,18.954678,10.343517,8.540151,8.540146
1.796399e+25,0.8461495,0.99876857,310000.0,151467.34,149824.06,149824.05,18.954678,10.343392,8.540153,8.540146
1.796399e+25,0.8544222,0.99914545,310000.0,151467.39,149824.08,149824.06,18.954678,10.3432045,8.540151,8.540146
1.796399e+25,0.85811573,0.99876195,310000.0,151467.4,149824.06,149824.06,18.954678,10.343369,8.540153,8.540146
1.796399e+25,0.8622513,0.9988787,310000.0,151467.34,149824.05,149824.06,18.954678,10.343096,8.540152,8.540147
1.796399e+25,0.8485743,0.99876916,310000.0,151467.4,149824.05,149824.05,18.954678,10.343616,8.540152,8.540146
1.796399e+25,0.8534665,0.998525,310000.0,151467.4,149824.05,149824.05,18.954678,10.343308,8.540153,8.540146
1.796399e+25,0.85462976,0.9989433,310000.0,151467.4,149824.06,149824.06,18.954678,10.343522,8.540151,8.540146
1.796399e+25,0.8502785,0.99930316,310000.0,151467.39,149824.06,149824.05,18.954678,10.343863,8.54015,8.540146
1.796399e+25,0.837748,0.9989083,310000.0,151467.39,149824.05,149824.05,18.954678,10.343842,8.540151,8.540147
1.796399e+25,0.85947204,0.9993705,310000.0,151467.36,149824.03,149824.06,18.954678,10.343201,8.54015,8.540147
1.796399e+25,0.85335374,0.9986005,310000.0,151467.34,149824.05,149824.05,18.954678,10.343306,8.540152,8.540146
1.796399e+25,0.85061723,0.9989216,310000.0,151467.34,149824.05,149824.06,18.954678,10.342938,8.540151,8.540146
1.796399e+25,0.8592372,0.99915665,310000.0,151467.38,149824.03,149824.06,18.954678,10.343728,8.54015,8.540146
1.796399e+25,0.8729895,0.9984485,310000.0,151467.4,149824.05,149824.05,18.954678,10.343214,8.540151,8.540146
1.796399e+25,0.86227506,0.998595,310000.0,151467.39,149824.06,149824.05,18.954678,10.343476,8.540151,8.540147
1.796399e+25,0.8553854,0.99900466,310000.0,151467.31,149824.05,149824.06,18.954678,10.343003,8.540152,8.540146
1.796399e+25,0.8555967,0.99936,310000.0,151467.4,149824.05,149824.06,18.954678,10.343522,8.540149,8.540147
1.796399e+25,0.866884,0.99865496,310000.0,151467.39,149824.03,149824.06,18.954678,10.343428,8.540152,8.540147
1.796399e+25,0.8642976,0.9986539,310000.0,151467.39,149824.05,149824.05,18.954678,10.343337,8.540151,8.540147
1.796399e+25,0.8472996,0.998777,310000.0,151467.4,149824.08,149824.05,18.954678,10.343533,8.540152,8.540146
1.796399e+25,0.86829835,0.9989991,310000.0,151467.36,149824.06,149824.06,18.954678,10.343162,8.540152,8.540147
1.796399e+25,0.86033463,0.9988311,310000.0,151467.38,149824.03,149824.05,18.954678,10.34356,8.540151,8.540146
1.796399e+25,0.8437608,0.998897,310000.0,151467.4,149824.05,149824.05,18.954678,10.343537,8.540152,8.540146
1.796399e+25,0.8606641,0.9994088,310000.0,151467.36,149824.05,149824.05,18.954678,10.343523,8.54015,8.540147
1.796399e+25,0.86195844,0.9988265,310000.0,151467.39,149824.05,149824.05,18.954678,10.343287,8.540152,8.540147
1.796399e+25,0.8645818,0.99811494,310000.0,151467.38,149824.05,149824.05,18.954678,10.34354,8.540151,8.540146
1.796399e+25,0.8521427,0.999128,310000.0,151467.44,149824.05,149824.05,18.954678,10.34328,8.54015,8.540146
1.796399e+25,0.8502038,0.9992651,310000.0,151467.36,149824.05,149824.05,18.954678,10.34378,8.540151,8.540147
1.796399e+25,0.85702133,0.9986339,310000.0,151467.39,149824.05,149824.08,18.954678,10.343769,8.540151,8.540146
1.796399e+25,0.84886384,0.9996573,310000.0,151467.4,149824.06,149824.05,18.954678,10.343396,8.540149,8.540147
1.796399e+25,0.84626853,0.99934924,310000.0,151467.34,149824.03,149824.05,18.954678,10.343226,8.54015,8.540145
1.796399e+25,0.85233074,0.99953014,310000.0,151467.38,149824.08,149824.03,18.954678,10.343282,8.54015,8.540146
1.796399e+25,0.8591747,0.9990164,310000.0,151467.36,149824.06,149824.05,18.954678,10.343473,8.540151,8.540146
1.796399e+25,0.8493493,0.999544,310000.0,151467.39,149824.06,149824.08,18.954678,10.343543,8.540149,8.540146
1.796399e+25,0.8709831,0.99864095,310000.0,151467.34,149824.05,149824.05,18.954678,10.343148,8.540152,8.540147
1.796399e+25,0.8743341,0.99873096,310000.0,151467.38,149824.05,149824.03,18.954678,10.343188,8.540152,8.540146
1.796399e+25,0.8545652,0.9994066,310000.0,151467.39,149824.05,149824.05,18.954678,10.34344,8.540149,8.540146
1.796399e+25,0.85880274,0.9989321,310000.0,151467.44,149824.06,149824.05,18.954678,10.343762,8.540152,8.540146
1.796399e+25,0.8582375,0.99875855,310000.0,151467.44,149824.06,149824.06,18.954678,10.343581,8.540152,8.540146
1.796399e+25,0.85951406,0.9990926,310000.0,151467.38,149824.06,149824.03,18.954678,10.343074,8.540151,8.540147
1.796399e+25,0.84933335,0.9987145,310000.0,151467.39,149824.05,149824.06,18.954678,10.343395,8.540152,8.540146
1.796399e+25,0.86027336,0.99868035,310000.0,151467.39,149824.05,149824.05,18.954678,10.343187,8.540152,8.540147
1.796399e+25,0.8704968,0.9986124,310000.0,151467.38,149824.08,149824.05,18.954678,10.34365,8.540152,8.540146
1.796399e+25,0.86607975,0.99892944,310000.0,151467.42,149824.06,149824.06,18.954678,10.343537,8.540151,8.540146
1.796399e+25,0.87723005,0.99872124,310000.0,151467.38,149824.06,149824.06,18.954678,10.343498,8.540153,8.540146
1.796399e+25,0.8566312,0.99873084,310000.0,151467.38,149824.05,149824.06,18.954678,10.343564,8.540153,8.540147
1.796399e+25,0.86197406,0.9987491,310000.0,151467.4,149824.03,149824.06,18.954678,10.343256,8.540152,8.540146
1.796399e+25,0.86689204,0.99871707,310000.0,151467.4,149824.06,149824.05,18.954678,10.34359,8.540152,8.540147
1.796399e+25,0.8640405,0.9986014,310000.0,151467.4,149824.03,149824.06,18.954678,10.343832,8.540151,8.540146
1.796399e+25,0.86223847,0.9986834,310000.0,151467.39,149824.03,149824.06,18.954678,10.343329,8.540152,8.540147
1.796399e+25,0.86238307,0.9987157,310000.0,151467.34,149824.06,149824.05,18.954678,10.343423,8.540153,8.540147
1.796399e+25,0.86396784,0.9987889,310000.0,151467.36,149824.06,149824.05,18.954678,10.343438,8.540153,8.540147
1.796399e+25,0.86738753,0.998596,310000.0,151467.38,149824.06,149824.06,18.954678,10.343266,8.540152,8.540147
1.796399e+25,0.86514086,0.99865,310000.0,151467.34,149824.05,149824.05,18.954678,10.343334,8.540153,8.540147
1.796399e+25,0.86844814,0.9983685,310000.0,151467.38,149824.05,149824.05,18.954678,10.343187,8.540151,8.540146
1.796399e+25,0.8475398,0.9994546,310000.0,151467.39,149824.05,149824.06,18.954678,10.343422,8.54015,8.540146
1.796399e+25,0.8622798,0.998736,310000.0,151467.36,149824.08,149824.05,18.954678,10.343352,8.540152,8.540146
1.796399e+25,0.8726635,0.9987184,310000.0,151467.39,149824.06,149824.06,18.954678,10.343577,8.540152,8.540146
1.796399e+25,0.8608588,0.9993195,310000.0,151467.38,149824.03,149824.05,18.954678,10.343364,8.540149,8.540146
1.796399e+25,0.8643852,0.99829286,310000.0,151467.42,149824.05,149824.05,18.954678,10.343458,8.54015,8.540147
1.796399e+25,0.8600939,0.99884325,310000.0,151467.34,149824.06,149824.03,18.954678,10.343371,8.540152,8.540147
1.796399e+25,0.8629196,0.9987374,310000.0,151467.39,149824.05,149824.05,18.954678,10.343371,8.540151,8.540147
1.796399e+25,0.86577415,0.9987629,310000.0,151467.36,149824.05,149824.05,18.954678,10.343491,8.540153,8.540146
1.796399e+25,0.8514211,0.99920774,310000.0,151467.34,149824.05,149824.05,18.954678,10.343138,8.540152,8.540147
1.796399e+25,0.85953027,0.99880385,310000.0,151467.39,149824.06,149824.06,18.954678,10.34311,8.540153,8.540146
1.796399e+25,0.8645569,0.998773,310000.0,151467.39,149824.08,149824.06,18.954678,10.343282,8.540152,8.540147
1.796399e+25,0.8518994,0.9987508,310000.0,151467.38,149824.03,149824.05,18.954678,10.343408,8.540151,8.540146
1.796399e+25,0.87177306,0.9988317,310000.0,151467.31,149824.05,149824.05,18.954678,10.343371,8.540152,8.540148
1.796399e+25,0.8589462,0.99871427,310000.0,151467.38,149824.06,149824.05,18.954678,10.34325,8.540151,8.540147
1.796399e+25,0.8570103,0.99903846,310000.0,151467.39,149824.06,149824.06,18.954678,10.343387,8.540152,8.540147
1.796399e+25,0.8479018,0.9989124,310000.0,151467.33,149824.03,149824.06,18.954678,10.343145,8.540152,8.540147
1.796399e+25,0.86999303,0.99895895,310000.0,151467.4,149824.05,149824.05,18.954678,10.343691,8.540152,8.540146
1.796399e+25,0.8502615,0.9988662,310000.0,151467.34,149824.08,149824.06,18.954678,10.343502,8.540152,8.540146
1.796399e+25,0.8579191,0.99922377,310000.0,151467.34,149824.06,149824.05,18.954678,10.343424,8.540152,8.540147
1.796399e+25,0.8632468,0.9988928,310000.0,151467.39,149824.06,149824.05,18.954678,10.343177,8.540152,8.540146
1.796399e+25,0.86593807,0.9991947,310000.0,151467.4,149824.06,149824.05,18.954678,10.343271,8.54015,8.540146
1.796399e+25,0.85327494,0.99929553,310000.0,151467.34,149824.05,149824.06,18.954678,10.343342,8.540151,8.540147
1.796399e+25,0.8617279,0.9986741,310000.0,151467.39,149824.05,149824.03,18.954678,10.343729,8.540152,8.540146
1.796399e+25,0.852016,0.9986943,310000.0,151467.4,149824.06,149824.05,18.954678,10.344038,8.540152,8.540146
1.796399e+25,0.8679246,0.9993658,310000.0,151467.38,149824.05,149824.06,18.954678,10.343066,8.54015,8.5401535
1.796399e+25,0.85176903,0.99945986,310000.0,151467.38,149824.03,149824.05,18.954678,10.343385,8.540149,8.540154
1.796399e+25,0.85459805,0.9986904,310000.0,151467.4,149824.03,149824.06,18.954678,10.343484,8.540152,8.540154
1.796399e+25,0.842827,0.9988632,310000.0,151467.39,149824.08,149824.06,18.954678,10.343592,8.540151,8.540154
1.796399e+25,0.8366586,0.9987097,310000.0,151467.38,149824.05,149824.05,18.954678,10.343459,8.540152,8.540154
1.796399e+25,0.8444163,0.9988326,310000.0,151467.36,149824.06,149824.08,18.954678,10.343298,8.540152,8.540154
1.796399e+25,0.8623024,0.9988348,310000.0,151467.39,149824.06,149824.06,18.954678,10.343227,8.540152,8.540154
1.796399e+25,0.8572694,0.9994441,310000.0,151467.4,149824.06,149824.08,18.954678,10.343395,8.54015,8.540155
1.796399e+25,0.84805864,0.9990023,310000.0,151467.39,149824.06,149824.05,18.954678,10.343631,8.540152,8.5401535
1.796399e+25,0.85611016,0.99915916,310000.0,151467.39,149824.05,149824.05,18.954678,10.343324,8.54015,8.540154
1.796399e+25,0.86031365,0.99891317,310000.0,151467.38,149824.05,149824.05,18.954678,10.343679,8.54015,8.540154
1.796399e+25,0.86490554,0.9990892,310000.0,151467.44,149824.06,149824.05,18.954678,10.343642,8.540151,8.540155
1.796399e+25,0.85100967,0.99862,310000.0,151467.4,149824.05,149824.05,18.954678,10.343752,8.540152,8.5401535
1.796399e+25,0.8662295,0.99931884,310000.0,151467.34,149824.05,149824.05,18.954678,10.343247,8.54015,8.540154
1.796399e+25,0.8489899,0.998747,310000.0,151467.38,149824.06,149824.08,18.954678,10.343203,8.540152,8.540154
1.796399e+25,0.8548615,0.9990824,310000.0,151467.4,149824.06,149824.05,18.954678,10.343245,8.540151,8.5401535
1.796399e+25,0.851726,0.9987783,310000.0,151467.38,149824.03,149824.02,18.954678,10.343327,8.540152,8.540154
1.796399e+25,0.8571666,0.9994235,310000.0,151467.31,149824.05,149824.06,18.954678,10.343156,8.54015,8.540154
1.796399e+25,0.8628891,0.9990283,310000.0,151467.4,149824.06,149824.06,18.954678,10.34356,8.540152,8.540154
1.796399e+25,0.84803206,0.9988127,310000.0,151467.38,149824.06,149824.05,18.954678,10.343201,8.540152,8.540154
1.796399e+25,0.88568604,0.9988164,310000.0,151467.42,149824.03,149824.05,18.954678,10.343516,8.540151,8.5401535
1.796399e+25,0.8533424,0.9990925,310000.0,151467.34,149824.03,149824.08,18.954678,10.343507,8.54015,8.540155
1.796399e+25,0.84777266,0.9987024,310000.0,151467.39,149824.06,149824.05,18.954678,10.343778,8.540153,8.540154
1.796399e+25,0.8619319,0.9987958,310000.0,151467.36,149824.05,149824.08,18.954678,10.343274,8.540151,8.540154
1.796399e+25,0.8614527,0.998724,310000.0,151467.4,149824.05,149824.06,18.954678,10.343281,8.540151,8.540154
1.796399e+25,0.8610954,0.99872047,310000.0,151467.39,149824.05,149824.06,18.954678,10.343493,8.540152,8.5401535
1.796399e+25,0.8620253,0.9988154,310000.0,151467.36,149824.03,149824.05,18.954678,10.343408,8.540152,8.540154
1.796399e+25,0.8676615,0.99914235,310000.0,151467.39,149824.06,149824.05,18.954678,10.343653,8.540151,8.540155
1.796399e+25,0.84637785,0.9993895,310000.0,151467.42,149824.05,149824.06,18.954678,10.343509,8.540149,8.540154
1.796399e+25,0.87856495,0.9988099,310000.0,151467.36,149824.06,149824.06,18.954678,10.343564,8.540153,8.540155
1.796399e+25,0.85588914,0.9986654,310000.0,151467.4,149824.05,149824.06,18.954678,10.343859,8.540153,8.540155
1.796399e+25,0.853176,0.99873793,310000.0,151467.4,149824.05,149824.06,18.954678,10.343849,8.540151,8.540154
1.796399e+25,0.8456017,0.99925685,310000.0,151467.4,149824.06,149824.06,18.954678,10.343547,8.540151,8.540154
1.796399e+25,0.85337293,0.99910945,310000.0,151467.36,149824.05,149824.06,18.954678,10.343336,8.540152,8.540155
1.796399e+25,0.8566768,0.9990324,310000.0,151467.38,149824.06,149824.05,18.954678,10.343146,8.540152,8.540155
1.796399e+25,0.8476373,0.9989476,310000.0,151467.34,149824.06,149824.05,18.954678,10.343222,8.54015,8.540154
1.796399e+25,0.8464055,0.9989791,310000.0,151467.44,149824.06,149824.05,18.954678,10.343974,8.540152,8.540154
1.796399e+25,0.8656266,0.9991785,310000.0,151467.4,149824.06,149824.05,18.954678,10.343684,8.540152,8.540154
1.796399e+25,0.8560583,0.9987543,310000.0,151467.44,149824.05,149824.06,18.954678,10.343539,8.540151,8.540154
1.796399e+25,0.8435666,0.99917173,310000.0,151467.36,149824.06,149824.06,18.954678,10.343116,8.540152,8.5401535
1.796399e+25,0.8570663,0.99934065,310000.0,151467.4,149824.03,149824.06,18.954678,10.343488,8.540149,8.540154
1.796399e+25,0.85973316,0.99885666,310000.0,151467.39,149824.06,149824.05,18.954678,10.343751,8.540153,8.540154
1.796399e+25,0.85590404,0.9995564,310000.0,151467.39,149824.06,149824.05,18.954678,10.343363,8.540149,8.540153
1.796399e+25,0.8692633,0.99843955,310000.0,151467.36,149824.05,149824.08,18.954678,10.343249,8.540151,8.540154
1.796399e+25,0.8544939,0.998708,310000.0,151467.36,149824.05,149824.05,18.954678,10.343407,8.540152,8.540154
1.796399e+25,0.86045235,0.998786,310000.0,151467.44,149824.08,149824.05,18.954678,10.343485,8.540152,8.540154
1.796399e+25,0.8674454,0.99878013,310000.0,151467.42,149824.05,149824.08,18.954678,10.343381,8.540151,8.540155
1.796399e+25,0.8714454,0.9992012,310000.0,151467.36,149824.03,149824.05,18.954678,10.343365,8.540151,8.540154
1.796399e+25,0.8698844,0.99889195,310000.0,151467.39,149824.06,149824.06,18.954678,10.343619,8.540152,8.540154
1.796399e+25,0.8470354,0.9987064,310000.0,151467.34,149824.06,149824.08,18.954678,10.343135,8.540152,8.540154
1.796399e+25,0.8600767,0.99943596,310000.0,151467.38,149824.03,149824.02,18.954678,10.343083,8.54015,8.540154
1.796399e+25,0.85645366,0.99903196,310000.0,151467.34,149824.06,149824.03,18.954678,10.343401,8.540151,8.540154
1.796399e+25,0.85699266,0.99883336,310000.0,151467.39,149824.05,149824.05,18.954678,10.343326,8.540152,8.540154
1.796399e+25,0.86639446,0.9985661,310000.0,151467.39,149824.05,149824.06,18.954678,10.343758,8.540152,8.540154
1.796399e+25,0.85840285,0.9991018,310000.0,151467.38,149824.03,149824.05,18.954678,10.343201,8.54015,8.540154
1.796399e+25,0.8721118,0.99870974,310000.0,151467.38,149824.06,149824.06,18.954678,10.343372,8.540153,8.540154
1.796399e+25,0.87021744,0.9988316,310000.0,151467.38,149824.05,149824.06,18.954678,10.343374,8.540151,8.540155
1.796399e+25,0.85573596,0.99902755,310000.0,151467.42,149824.05,149824.05,18.954678,10.343375,8.540151,8.540154
1.796399e+25,0.85158783,0.9991745,310000.0,151467.42,149824.06,149824.03,18.954678,10.343419,8.540152,8.540154
1.796399e+25,0.85408914,0.9993096,310000.0,151467.38,149824.03,149824.08,18.954678,10.343288,8.54015,8.540155
1.796399e+25,0.8601888,0.99903846,310000.0,151467.34,149824.05,149824.06,18.954678,10.343114,8.540151,8.540154
1.796399e+25,0.8579232,0.99929047,310000.0,151467.4,149824.05,149824.06,18.954678,10.343504,8.54015,8.540154
1.796399e+25,0.85451883,0.9993792,310000.0,151467.39,149824.05,149824.05,18.954678,10.343536,8.540149,8.5401535
1.796399e+25,0.86624306,0.9993739,310000.0,151467.36,149824.05,149824.06,18.954678,10.343473,8.54015,8.540154
1.796399e+25,0.8471226,0.99890035,310000.0,151467.42,149824.05,149824.05,18.954678,10.343237,8.540152,8.540154
1.796399e+25,0.8629218,0.99887615,310000.0,151467.4,149824.05,149824.06,18.954678,10.3434,8.540151,8.540154
1.796399e+25,0.8756945,0.998811,310000.0,151467.38,149824.06,149824.06,18.954678,10.343254,8.540152,8.540155
1.796399e+25,0.87572443,0.9985798,310000.0,151467.38,149824.05,149824.06,18.954678,10.343448,8.540152,8.540154
1.796399e+25,0.86437714,0.99910456,310000.0,151467.44,149824.08,149824.08,18.954678,10.343499,8.540151,8.5401535
1.796399e+25,0.84840006,0.99869066,310000.0,151467.34,149824.05,149824.05,18.954678,10.343339,8.540152,8.540154
1.796399e+25,0.8528004,0.99902177,310000.0,151467.33,149824.05,149824.08,18.954678,10.343345,8.540152,8.540155
1.796399e+25,0.85569036,0.99868363,310000.0,151467.39,149824.06,149824.06,18.954678,10.343433,8.540152,8.540154
1.796399e+25,0.8861859,0.99894077,310000.0,151467.33,149824.05,149824.08,18.954678,10.34308,8.540152,8.540154
1.796399e+25,0.8825486,0.99900895,310000.0,151467.4,149824.08,149824.03,18.954678,10.343566,8.540153,8.540153
1.796399e+25,0.86932784,0.99878484,310000.0,151467.36,149824.06,149824.06,18.954678,10.343112,8.540152,8.540154
1.796399e+25,0.8592937,0.9989028,310000.0,151467.3,149824.05,149824.06,18.954678,10.343034,8.540152,8.540155
1.796399e+25,0.8561347,0.9987808,310000.0,151467.36,149824.06,149824.08,18.954678,10.343183,8.540152,8.540154
1.796399e+25,0.8699644,0.9987701,310000.0,151467.36,149824.05,149824.05,18.954678,10.343134,8.540151,8.5401535
1.796399e+25,0.86198515,0.99868697,310000.0,151467.42,149824.05,149824.06,18.954678,10.343619,8.540152,8.540154
1.796399e+25,0.87077177,0.9991516,310000.0,151467.44,149824.08,149824.06,18.954678,10.343856,8.540151,8.540155
1.796399e+25,0.86239433,0.99843246,310000.0,151467.34,149824.06,149824.06,18.954678,10.343291,8.54015,8.540154
1.796399e+25,0.86631715,0.99897945,310000.0,151467.34,149824.05,149824.06,18.954678,10.343691,8.540152,8.540155
1.796399e+25,0.86861193,0.9987581,310000.0,151467.4,149824.03,149824.06,18.954678,10.343936,8.540152,8.540155
1.796399e+25,0.85582286,0.9987406,310000.0,151467.4,149824.06,149824.05,18.954678,10.3435955,8.540152,8.5401535
1.796399e+25,0.86405236,0.99926,310000.0,151467.39,149824.05,149824.06,18.954678,10.343465,8.54015,8.540155
1.796399e+25,0.8521969,0.9987626,310000.0,151467.38,149824.06,149824.06,18.954678,10.343215,8.540152,8.540154
1.796399e+25,0.86546,0.99876654,310000.0,151467.38,149824.05,149824.06,18.954678,10.343628,8.540151,8.5401535
1.796399e+25,0.8705486,0.9986625,310000.0,151467.39,149824.05,149824.05,18.954678,10.343438,8.540152,8.540154
1.796399e+25,0.84444755,0.9987838,310000.0,151467.4,149824.06,149824.08,18.954678,10.343239,8.540152,8.540154
1.796399e+25,0.8433986,0.99875635,310000.0,151467.36,149824.02,149824.05,18.954678,10.343346,8.540152,8.540153
1.796399e+25,0.8574606,0.9989376,310000.0,151467.36,149824.06,149824.05,18.954678,10.343091,8.540152,8.540154
1.796399e+25,0.85128844,0.99904937,310000.0,151467.38,149824.03,149824.03,18.954678,10.343413,8.540151,8.540154
1.796399e+25,0.86482775,0.9988854,310000.0,151467.39,149824.05,149824.06,18.954678,10.343317,8.54015,8.540154
1.796399e+25,0.8745044,0.99909854,310000.0,151467.38,149824.05,149824.06,18.954678,10.343239,8.540151,8.540154
1.796399e+25,0.8528255,0.99880505,310000.0,151467.44,149824.06,149824.05,18.954678,10.343356,8.540153,8.540154
1.796399e+25,0.86269027,0.9987665,310000.0,151467.4,149824.03,149824.08,18.954678,10.343334,8.540152,8.540155
1.796399e+25,0.854999,0.9988157,310000.0,151467.38,149824.08,149824.05,18.954678,10.343401,8.540151,8.540155
1.796399e+25,0.83633816,0.9989939,310000.0,151467.38,149824.06,149824.03,18.954678,10.3435135,8.540151,8.5401535
1.796399e+25,0.8581033,0.99868333,310000.0,151467.39,149824.06,149824.06,18.954678,10.34331,8.540151,8.540154
1.796399e+25,0.86146146,0.99937856,310000.0,151467.34,149824.05,149824.05,18.954678,10.34332,8.540149,8.5401535
1.796399e+25,0.8596979,0.99925,310000.0,151467.42,149824.05,149824.06,18.954678,10.343575,8.540149,8.540151
1.796399e+25,0.85144746,0.99950016,310000.0,151467.39,149824.08,149824.08,18.954678,10.343507,8.540149,8.54015
1.796399e+25,0.85018176,0.999313,310000.0,151467.4,149824.06,149824.06,18.954678,10.343316,8.54015,8.54015
1.796399e+25,0.8502633,0.99926835,310000.0,151467.4,149824.05,149824.03,18.954678,10.34348,8.54015,8.54015
1.796399e+25,0.86050373,0.99877626,310000.0,151467.36,149824.06,149824.06,18.954678,10.3436575,8.540152,8.540151
1.796399e+25,0.8615625,0.9990678,310000.0,151467.34,149824.05,149824.05,18.954678,10.343399,8.540151,8.54015
1.796399e+25,0.8367883,0.9989982,310000.0,151467.45,149824.05,149824.1,18.954678,10.343474,8.540151,8.540151
1.796399e+25,0.8470642,0.9987003,310000.0,151467.39,149824.06,149824.05,18.954678,10.343614,8.540152,8.540151
1.796399e+25,0.8624317,0.9994858,310000.0,151467.4,149824.05,149824.06,18.954678,10.343401,8.54015,8.540151
1.796399e+25,0.8609823,0.99892545,310000.0,151467.38,149824.05,149824.06,18.954678,10.343339,8.540152,8.54015
1.796399e+25,0.85087126,0.99940985,310000.0,151467.34,149824.02,149824.06,18.954678,10.343115,8.54015,8.540149
1.796399e+25,0.87052226,0.9987383,310000.0,151467.42,149824.06,149824.05,18.954678,10.343323,8.540152,8.54015
1.796399e+25,0.86501396,0.9991682,310000.0,151467.39,149824.05,149824.05,18.954678,10.343096,8.540151,8.540151
1.796399e+25,0.86290574,0.99890184,310000.0,151467.34,149824.06,149824.05,18.954678,10.343365,8.540153,8.54015
1.796399e+25,0.8633268,0.9988699,310000.0,151467.36,149824.06,149824.05,18.954678,10.343242,8.540151,8.540151
1.796399e+25,0.85272557,0.9989146,310000.0,151467.38,149824.06,149824.05,18.954678,10.343204,8.540151,8.54015
1.796399e+25,0.85533136,0.9985859,310000.0,151467.42,149824.08,149824.05,18.954678,10.343519,8.540152,8.54015
1.796399e+25,0.8692442,0.9988044,310000.0,151467.38,149824.06,149824.06,18.954678,10.343458,8.540152,8.54015
1.796399e+25,0.8556144,0.9991527,310000.0,151467.4,149824.06,149824.05,18.954678,10.343186,8.540152,8.54015
1.796399e+25,0.8723179,0.9989053,310000.0,151467.39,149824.05,149824.05,18.954678,10.343358,8.540152,8.540151
1.796399e+25,0.86328435,0.9993282,310000.0,151467.44,149824.05,149824.06,18.954678,10.343465,8.540149,8.540151
1.796399e+25,0.8541421,0.99936247,310000.0,151467.39,149824.06,149824.03,18.954678,10.343552,8.54015,8.54015
1.796399e+25,0.86168826,0.9993383,310000.0,151467.39,149824.06,149824.05,18.954678,10.343777,8.540151,8.54015
1.796399e+25,0.8723846,0.9987531,310000.0,151467.4,149824.05,149824.05,18.954678,10.3436,8.540152,8.54015
1.796399e+25,0.860142,0.9993638,310000.0,151467.36,149824.08,149824.06,18.954678,10.343662,8.54015,8.540151
1.796399e+25,0.86389256,0.9987909,310000.0,151467.38,149824.03,149824.05,18.954678,10.343433,8.540152,8.54015
1.796399e+25,0.86260724,0.9990412,310000.0,151467.47,149824.06,149824.05,18.954678,10.343597,8.54015,8.54015
1.796399e+25,0.86276615,0.99878633,310000.0,151467.4,149824.05,149824.08,18.954678,10.343299,8.540153,8.540151
1.796399e+25,0.8723259,0.9991286,310000.0,151467.42,149824.03,149824.06,18.954678,10.3434105,8.540151,8.540151
1.796399e+25,0.8648913,0.9986576,310000.0,151467.42,149824.05,149824.06,18.954678,10.344174,8.540151,8.540149
1.796399e+25,0.8591362,0.99949443,310000.0,151467.39,149824.05,149824.06,18.954678,10.343414,8.54015,8.54015
1.796399e+25,0.8726888,0.99849504,310000.0,151467.42,149824.05,149824.06,18.954678,10.343654,8.540151,8.540151
1.796399e+25,0.86241513,0.99880075,310000.0,151467.34,149824.06,149824.05,18.954678,10.343513,8.540152,8.540151
1.796399e+25,0.8540258,0.99874926,310000.0,151467.4,149824.06,149824.06,18.954678,10.343697,8.540153,8.540151
1.796399e+25,0.8753955,0.9987515,310000.0,151467.34,149824.06,149824.06,18.954678,10.343339,8.540152,8.540151
1.796399e+25,0.8545068,0.99880856,310000.0,151467.4,149824.05,149824.06,18.954678,10.34361,8.540152,8.54015
1.796399e+25,0.88742095,0.99883616,310000.0,151467.38,149824.05,149824.06,18.954678,10.343573,8.540152,8.540151
1.796399e+25,0.8579563,0.99847096,310000.0,151467.34,149824.03,149824.05,18.954678,10.343461,8.540152,8.54015
1.796399e+25,0.8696508,0.99883324,310000.0,151467.38,149824.06,149824.05,18.954678,10.343441,8.540153,8.54015
1.796399e+25,0.8686779,0.9989703,310000.0,151467.36,149824.05,149824.05,18.954678,10.34336,8.540152,8.540151
1.796399e+25,0.889081,0.9987036,310000.0,151467.39,149824.06,149824.06,18.954678,10.3434515,8.540152,8.54015
1.796399e+25,0.8722021,0.99876636,310000.0,151467.39,149824.05,149824.06,18.954678,10.343511,8.540153,8.540151
1.796399e+25,0.8691862,0.99891037,310000.0,151467.38,149824.05,149824.06,18.954678,10.343567,8.540152,8.540151
1.796399e+25,0.86953676,0.9988972,310000.0,151467.33,149824.06,149824.05,18.954678,10.343056,8.540152,8.54015
1.796399e+25,0.8692108,0.9988153,310000.0,151467.38,149824.05,149824.05,18.954678,10.34345,8.540152,8.540149
1.796399e+25,0.8597296,0.9988354,310000.0,151467.36,149824.05,149824.05,18.954678,10.34315,8.540152,8.540151
1.796399e+25,0.86519194,0.99905664,310000.0,151467.34,149824.06,149824.06,18.954678,10.343349,8.540151,8.540151
1.796399e+25,0.84721196,0.9987761,310000.0,151467.33,149824.05,149824.06,18.954678,10.343495,8.540152,8.54015
1.796399e+25,0.86859953,0.99882245,310000.0,151467.39,149824.06,149824.06,18.954678,10.343494,8.540152,8.540151
1.796399e+25,0.8563395,0.9993671,310000.0,151467.38,149824.08,149824.05,18.954678,10.343315,8.540151,8.540151
1.796399e+25,0.87247443,0.9992226,310000.0,151467.34,149824.05,149824.06,18.954678,10.343548,8.540152,8.540151
1.796399e+25,0.86061144,0.9992845,310000.0,151467.42,149824.03,149824.06,18.954678,10.34346,8.54015,8.540151
1.796399e+25,0.8611119,0.9994544,310000.0,151467.38,149824.03,149824.06,18.954678,10.343624,8.54015,8.54015
1.796399e+25,0.8841555,0.9987265,310000.0,151467.38,149824.03,149824.05,18.954678,10.343865,8.540152,8.54015
1.796399e+25,0.8677936,0.99906784,310000.0,151467.39,149824.06,149824.05,18.954678,10.343092,8.540151,8.540151
1.796399e+25,0.87055176,0.99943066,310000.0,151467.4,149824.03,149824.05,18.954678,10.343573,8.54015,8.54015
1.796399e+25,0.861891,0.9991251,310000.0,151467.38,149824.06,149824.06,18.954678,10.343523,8.540152,8.540151
1.796399e+25,0.85604465,0.9986297,310000.0,151467.4,149824.05,149824.05,18.954678,10.343381,8.540151,8.54015
1.796399e+25,0.86283565,0.9987757,310000.0,151467.39,149824.05,149824.05,18.954678,10.343477,8.540152,8.540151
1.796399e+25,0.8933756,0.9987371,310000.0,151467.38,149824.05,149824.08,18.954678,10.343202,8.540151,8.54015
1.796399e+25,0.880182,0.99899966,310000.0,151467.39,149824.05,149824.06,18.954678,10.343294,8.540152,8.54015
1.796399e+25,0.871121,0.9987398,310000.0,151467.44,149824.05,149824.03,18.954678,10.3437,8.540152,8.540151
1.796399e+25,0.870688,0.99923664,310000.0,151467.4,149824.06,149824.05,18.954678,10.343508,8.540151,8.54015
1.796399e+25,0.8595823,0.99937576,310000.0,151467.39,149824.06,149824.05,18.954678,10.343389,8.540151,8.540151
1.796399e+25,0.8795362,0.99872196,310000.0,151467.34,149824.05,149824.08,18.954678,10.34317,8.540152,8.540151
1.796399e+25,0.86791414,0.9988566,310000.0,151467.38,149824.05,149824.06,18.954678,10.343305,8.540151,8.540151
1.796399e+25,0.8819231,0.9990356,310000.0,151467.34,149824.06,149824.05,18.954678,10.34314,8.540151,8.54015
1.796399e+25,0.8615269,0.9992233,310000.0,151467.38,149824.06,149824.06,18.954678,10.343735,8.540151,8.54015
1.796399e+25,0.8744376,0.9990565,310000.0,151467.4,149824.06,149824.05,18.954678,10.343522,8.540152,8.54015
1.796399e+25,0.8684176,0.9987183,310000.0,151467.42,149824.06,149824.06,18.954678,10.343792,8.540153,8.54015
1.796399e+25,0.8719658,0.9989255,310000.0,151467.34,149824.06,149824.06,18.954678,10.343504,8.540151,8.54015
1.796399e+25,0.8588225,0.9989121,310000.0,151467.34,149824.06,149824.05,18.954678,10.343417,8.540152,8.54015
1.796399e+25,0.8788575,0.99911696,310000.0,151467.42,149824.05,149824.06,18.954678,10.34335,8.54015,8.540151
1.796399e+25,0.8581035,0.9990006,310000.0,151467.36,149824.08,149824.05,18.954678,10.343499,8.540151,8.540151
1.796399e+25,0.87063664,0.9988945,310000.0,151467.39,149824.06,149824.06,18.954678,10.343375,8.540151,8.54015
1.796399e+25,0.8578781,0.99883455,310000.0,151467.39,149824.03,149824.05,18.954678,10.34323,8.540152,8.540151
1.796399e+25,0.8520672,0.9986468,310000.0,151467.4,149824.05,149824.03,18.954678,10.343411,8.540151,8.54015
1.796399e+25,0.85588783,0.9990082,310000.0,151467.38,149824.06,149824.05,18.954678,10.343129,8.540152,8.540151
1.796399e+25,0.87551963,0.99894524,310000.0,151467.38,149824.05,149824.03,18.954678,10.343341,8.540152,8.54015
1.796399e+25,0.8604785,0.9990915,310000.0,151467.45,149824.06,149824.06,18.954678,10.343377,8.540151,8.540151
1.796399e+25,0.85465544,0.99888355,310000.0,151467.4,149824.05,149824.06,18.954678,10.343567,8.540152,8.540151
1.796399e+25,0.86970264,0.9989443,310000.0,151467.4,149824.08,149824.06,18.954678,10.343396,8.540151,8.54015
1.796399e+25,0.85358256,0.9987879,310000.0,151467.44,149824.06,149824.05,18.954678,10.343705,8.540151,8.540151
1.796399e+25,0.86862403,0.999314,310000.0,151467.31,149824.06,149824.08,18.954678,10.343425,8.540151,8.54015
1.796399e+25,0.853536,0.9990624,310000.0,151467.42,149824.05,149824.05,18.954678,10.343627,8.540151,8.54015
1.796399e+25,0.8739129,0.99845517,310000.0,151467.36,149824.05,149824.03,18.954678,10.343375,8.540151,8.54015
1.796399e+25,0.8541964,0.99878436,310000.0,151467.34,149824.05,149824.06,18.954678,10.343258,8.540152,8.540151
1.796399e+25,0.86021316,0.9984828,310000.0,151467.38,149824.05,149824.06,18.954678,10.343802,8.540152,8.540151
1.796399e+25,0.8584248,0.9990056,310000.0,151467.36,149824.06,149824.05,18.954678,10.343301,8.540151,8.54015
1.796399e+25,0.8467306,0.99881893,310000.0,151467.33,149824.05,149824.05,18.954678,10.343114,8.540152,8.540149
1.796399e+25,0.8556814,0.9993805,310000.0,151467.44,149824.05,149824.03,18.954678,10.34371,8.540151,8.540153
1.796399e+25,0.85084116,0.99910915,310000.0,151467.34,149824.06,149824.03,18.954678,10.343296,8.540151,8.5401535
1.796399e+25,0.85714084,0.9990095,310000.0,151467.39,149824.06,149824.06,18.954678,10.343534,8.540152,8.5401535
1.796399e+25,0.8769389,0.9987507,310000.0,151467.34,149824.06,149824.06,18.954678,10.343452,8.540152,8.5401535
1.796399e+25,0.8682272,0.99879664,310000.0,151467.4,149824.06,149824.05,18.954678,10.343515,8.540153,8.540153
1.796399e+25,0.86668646,0.9993349,310000.0,151467.39,149824.08,149824.06,18.954678,10.343071,8.54015,8.5401535
1.796399e+25,0.8696468,0.9992914,310000.0,151467.42,149824.05,149824.03,18.954678,10.343652,8.540151,8.5401535
1.796399e+25,0.86299753,0.99924845,310000.0,151467.39,149824.05,149824.05,18.954678,10.3432045,8.54015,8.5401535
1.796399e+25,0.85973287,0.999242,310000.0,151467.36,149824.05,149824.06,18.954678,10.343358,8.540151,8.5401535
1.796399e+25,0.86928093,0.9990707,310000.0,151467.38,149824.06,149824.05,18.954678,10.3432455,8.540152,8.540153
1.796399e+25,0.86356926,0.9985726,310000.0,151467.34,149824.1,149824.03,18.954678,10.343085,8.540152,8.5401535
1.796399e+25,0.8611832,0.9995839,310000.0,151467.39,149824.05,149824.06,18.954678,10.34366,8.540149,8.5401535
1.796399e+25,0.8710156,0.99891484,310000.0,151467.38,149824.05,149824.05,18.954678,10.343457,8.540152,8.5401535
1.796399e+25,0.8575114,0.9992334,310000.0,151467.38,149824.05,149824.05,18.954678,10.343126,8.540151,8.5401535
1.796399e+25,0.85312295,0.99883974,310000.0,151467.3,149824.03,149824.05,18.954678,10.343294,8.540151,8.5401535
1.796399e+25,0.8739325,0.9987961,310000.0,151467.36,149824.06,149824.06,18.954678,10.343439,8.540152,8.5401535
1.796399e+25,0.8674983,0.9987683,310000.0,151467.38,149824.05,149824.05,18.954678,10.343607,8.540152,8.540153
1.796399e+25,0.8696172,0.9988353,310000.0,151467.38,149824.05,149824.06,18.954678,10.343245,8.540152,8.540154
1.796399e+25,0.8551853,0.99938864,310000.0,151467.38,149824.05,149824.05,18.954678,10.343489,8.54015,8.5401535
1.796399e+25,0.8667977,0.99910784,310000.0,151467.42,149824.06,149824.05,18.954678,10.343483,8.540152,8.5401535
1.796399e+25,0.8533513,0.99905235,310000.0,151467.42,149824.06,149824.06,18.954678,10.343372,8.540151,8.540154
1.796399e+25,0.8567253,0.9993548,310000.0,151467.36,149824.05,149824.06,18.954678,10.343295,8.54015,8.5401535
1.796399e+25,0.8562148,0.99878156,310000.0,151467.34,149824.05,149824.05,18.954678,10.343167,8.540152,8.540153
1.796399e+25,0.8697277,0.9987659,310000.0,151467.39,149824.05,149824.05,18.954678,10.343504,8.540152,8.5401535
1.796399e+25,0.88843364,0.9988415,310000.0,151467.36,149824.06,149824.05,18.954678,10.343309,8.540152,8.5401535
1.796399e+25,0.8690027,0.99882424,310000.0,151467.36,149824.05,149824.05,18.954678,10.343011,8.540151,8.5401535
1.796399e+25,0.8663397,0.9988857,310000.0,151467.4,149824.06,149824.05,18.954678,10.3433,8.540151,8.540154
1.796399e+25,0.87651414,0.99927336,310000.0,151467.38,149824.05,149824.06,18.954678,10.343345,8.540151,8.5401535
1.796399e+25,0.86613905,0.99891686,310000.0,151467.34,149824.06,149824.08,18.954678,10.343222,8.540152,8.5401535
1.796399e+25,0.8769789,0.9988433,310000.0,151467.33,149824.05,149824.02,18.954678,10.343217,8.540152,8.5401535
1.796399e+25,0.85405636,0.999256,310000.0,151467.45,149824.06,149824.05,18.954678,10.343635,8.54015,8.540153
1.796399e+25,0.8547393,0.9995102,310000.0,151467.4,149824.06,149824.06,18.954678,10.343471,8.540149,8.5401535
1.796399e+25,0.86373824,0.9988096,310000.0,151467.39,149824.05,149824.05,18.954678,10.343447,8.540151,8.5401535
1.796399e+25,0.86972505,0.99882823,310000.0,151467.39,149824.06,149824.05,18.954678,10.343631,8.540152,8.5401535
1.796399e+25,0.8666366,0.99919176,310000.0,151467.33,149824.08,149824.06,18.954678,10.343392,8.540152,8.5401535
1.796399e+25,0.8539336,0.99897254,310000.0,151467.4,149824.05,149824.06,18.954678,10.343439,8.540152,8.540152
1.796399e+25,0.84692377,0.998792,310000.0,151467.36,149824.06,149824.06,18.954678,10.343439,8.540151,8.5401535
1.796399e+25,0.8723154,0.99898887,310000.0,151467.39,149824.06,149824.03,18.954678,10.343629,8.540151,8.5401535
1.796399e+25,0.8553436,0.9989484,310000.0,151467.38,149824.06,149824.06,18.954678,10.343663,8.540151,8.540154
1.796399e+25,0.8646672,0.9988972,310000.0,151467.39,149824.05,149824.03,18.954678,10.343426,8.540152,8.5401535
1.796399e+25,0.86616486,0.9992441,310000.0,151467.38,149824.06,149824.05,18.954678,10.343264,8.54015,8.5401535
1.796399e+25,0.88376737,0.99883705,310000.0,151467.36,149824.06,149824.05,18.954678,10.343283,8.540152,8.5401535
1.796399e+25,0.8628852,0.9992873,310000.0,151467.38,149824.05,149824.06,18.954678,10.3432255,8.540149,8.5401535
1.796399e+25,0.8707658,0.9988642,310000.0,151467.4,149824.08,149824.03,18.954678,10.343689,8.540153,8.5401535
1.796399e+25,0.87011796,0.99895346,310000.0,151467.39,149824.06,149824.06,18.954678,10.34335,8.540152,8.5401535
1.796399e+25,0.85882413,0.9992526,310000.0,151467.34,149824.05,149824.05,18.954678,10.343414,8.54015,8.5401535
1.796399e+25,0.8779636,0.9988689,310000.0,151467.38,149824.06,149824.05,18.954678,10.343409,8.540152,8.5401535
1.796399e+25,0.86293185,0.99870473,310000.0,151467.4,149824.06,149824.05,18.954678,10.343382,8.540152,8.5401535
1.796399e+25,0.8677393,0.9989085,310000.0,151467.38,149824.06,149824.05,18.954678,10.343339,8.540152,8.5401535
1.796399e+25,0.8654768,0.99946445,310000.0,151467.39,149824.02,149824.05,18.954678,10.3436365,8.54015,8.5401535
1.796399e+25,0.8678544,0.9988034,310000.0,151467.38,149824.05,149824.08,18.954678,10.34354,8.540151,8.5401535
1.796399e+25,0.8791855,0.9988549,310000.0,151467.38,149824.05,149824.03,18.954678,10.343324,8.540152,8.540153
1.796399e+25,0.87359947,0.9985702,310000.0,151467.42,149824.1,149824.05,18.954678,10.343686,8.540151,8.5401535
1.796399e+25,0.88085115,0.9990057,310000.0,151467.39,149824.05,149824.03,18.954678,10.34342,8.540151,8.5401535
1.796399e+25,0.8757935,0.99877876,310000.0,151467.4,149824.06,149824.05,18.954678,10.343791,8.540152,8.5401535
1.796399e+25,0.86720324,0.9987964,310000.0,151467.4,149824.08,149824.05,18.954678,10.34338,8.540153,8.5401535
1.796399e+25,0.8716781,0.9987821,310000.0,151467.38,149824.05,149824.05,18.954678,10.343741,8.540152,8.540154
1.796399e+25,0.8690118,0.9987764,310000.0,151467.4,149824.06,149824.06,18.954678,10.343639,8.540152,8.540153
1.796399e+25,0.8739585,0.9988928,310000.0,151467.4,149824.05,149824.06,18.954678,10.343263,8.540153,8.5401535
1.796399e+25,0.8665439,0.9987501,310000.0,151467.36,149824.05,149824.06,18.954678,10.343943,8.540152,8.540154
1.796399e+25,0.86379117,0.99891436,310000.0,151467.42,149824.08,149824.06,18.954678,10.3432865,8.540151,8.5401535
1.796399e+25,0.85366255,0.99920386,310000.0,151467.44,149824.05,149824.05,18.954678,10.343628,8.54015,8.5401535
1.796399e+25,0.8540382,0.99881536,310000.0,151467.4,149824.06,149824.06,18.954678,10.343415,8.540152,8.540154
1.796399e+25,0.8679655,0.99902064,310000.0,151467.34,149824.06,149824.06,18.954678,10.34352,8.540151,8.540154
1.796399e+25,0.8577488,0.9988013,310000.0,151467.44,149824.06,149824.06,18.954678,10.343562,8.540151,8.540153
1.796399e+25,0.88138956,0.99926996,310000.0,151467.4,149824.05,149824.05,18.954678,10.343292,8.54015,8.5401535
1.796399e+25,0.8734178,0.99873006,310000.0,151467.39,149824.06,149824.05,18.954678,10.343458,8.540152,8.5401535
1.796399e+25,0.86829036,0.9986508,310000.0,151467.36,149824.06,149824.03,18.954678,10.343435,8.540152,8.5401535
1.796399e+25,0.8738276,0.99937975,310000.0,151467.4,149824.05,149824.06,18.954678,10.343319,8.54015,8.5401535
1.796399e+25,0.8783263,0.9989183,310000.0,151467.4,149824.06,149824.05,18.954678,10.343779,8.540151,8.5401535
1.796399e+25,0.88348055,0.99880826,310000.0,151467.42,149824.05,149824.06,18.954678,10.343537,8.540151,8.540154
1.796399e+25,0.86235595,0.9987666,310000.0,151467.34,149824.05,149824.05,18.954678,10.34312,8.540152,8.5401535
1.796399e+25,0.8746145,0.99902576,310000.0,151467.44,149824.06,149824.05,18.954678,10.343169,8.540151,8.540154
1.796399e+25,0.8620166,0.9988584,310000.0,151467.36,149824.06,149824.05,18.954678,10.343352,8.540152,8.540154
1.796399e+25,0.8484482,0.99869007,310000.0,151467.33,149824.05,149824.06,18.954678,10.34353,8.540151,8.5401535
1.796399e+25,0.86785364,0.9989293,310000.0,151467.42,149824.05,149824.06,18.954678,10.34336,8.540151,8.5401535
1.796399e+25,0.8389525,0.9991347,310000.0,151467.34,149824.06,149824.06,18.954678,10.343225,8.540151,8.5401535
1.796399e+25,0.8771401,0.99869,310000.0,151467.34,149824.03,149824.05,18.954678,10.343223,8.540151,8.5401535
1.796399e+25,0.85917497,0.9988934,310000.0,151467.39,149824.05,149824.05,18.954678,10.343587,8.540153,8.5401535
1.796399e+25,0.8719281,0.9987858,310000.0,151467.34,149824.05,149824.05,18.954678,10.343273,8.540151,8.5401535
1.796399e+25,0.8605794,0.99838686,310000.0,151467.42,149824.03,149824.05,18.954678,10.343701,8.54015,8.540153
1.796399e+25,0.87470293,0.9990685,310000.0,151467.42,149824.05,149824.03,18.954678,10.343767,8.54015,8.540153
1.796399e+25,0.8636141,0.9990077,310000.0,151467.39,149824.06,149824.06,18.954678,10.343763,8.540152,8.5401535
1.796399e+25,0.8588596,0.99901575,310000.0,151467.4,149824.05,149824.05,18.954678,10.343772,8.540151,8.5401535
1.796399e+25,0.8668861,0.998587,310000.0,151467.36,149824.05,149824.05,18.954678,10.343696,8.540152,8.540154
1.796399e+25,0.87278676,0.99938136,310000.0,151467.45,149824.05,149824.05,18.954678,10.34386,8.54015,8.5401535
1.796399e+25,0.87308717,0.9987046,310000.0,151467.42,149824.03,149824.06,18.954678,10.343543,8.540151,8.540154
1.796399e+25,0.8805709,0.9987385,310000.0,151467.38,149824.03,149824.05,18.954678,10.343661,8.540152,8.5401535
1.796399e+25,0.8618644,0.99902105,310000.0,151467.42,149824.05,149824.03,18.954678,10.343638,8.540152,8.5401535
1.796399e+25,0.8738525,0.9993542,310000.0,151467.4,149824.06,149824.05,18.954678,10.343382,8.54015,8.540154
1.796399e+25,0.88407725,0.9988664,310000.0,151467.36,149824.06,149824.05,18.954678,10.343617,8.540152,8.5401535
1.796399e+25,0.8681808,0.99882036,310000.0,151467.39,149824.06,149824.03,18.954678,10.34342,8.540152,8.540153
1.796399e+25,0.8660424,0.9985444,310000.0,151467.36,149824.05,149824.05,18.954678,10.343391,8.540152,8.5401535
1.796399e+25,0.8852834,0.9987316,310000.0,151467.36,149824.06,149824.05,18.954678,10.343358,8.540152,8.5401535
1.796399e+25,0.8712964,0.9994384,310000.0,151467.38,149824.06,149824.06,18.954678,10.3432255,8.540148,8.5401535
1.796399e+25,0.8724927,0.9988982,310000.0,151467.34,149824.08,149824.05,18.954678,10.343439,8.540152,8.5401535
1.796399e+25,0.8652374,0.99944365,310000.0,151467.39,149824.06,149824.06,18.954678,10.343445,8.54015,8.5401535
1.796399e+25,0.8530771,0.9992476,310000.0,151467.38,149824.06,149824.03,18.954678,10.343172,8.540151,8.540153
1.796399e+25,0.8810113,0.9987518,310000.0,151467.39,149824.06,149824.05,18.954678,10.343254,8.540152,8.540153
1.796399e+25,0.88451385,0.99882346,310000.0,151467.36,149824.06,149824.06,18.954678,10.34345,8.540152,8.540153
1.796399e+25,0.8837587,0.9991568,310000.0,151467.4,149824.06,149824.06,18.954678,10.343563,8.540151,8.540153
1.796399e+25,0.88753617,0.9992003,310000.0,151467.38,149824.02,149824.05,18.954678,10.3435,8.54015,8.5401535
1.796399e+25,0.8694488,0.9992796,310000.0,151467.39,149824.08,149824.05,18.954678,10.343457,8.54015,8.5401535
1.796399e+25,0.87102365,0.99894017,310000.0,151467.39,149824.08,149824.03,18.954678,10.343372,8.540151,8.5401535
1.796399e+25,0.87611055,0.9984925,310000.0,151467.39,149824.06,149824.05,18.954678,10.3433,8.540152,8.5401535
1.796399e+25,0.87827253,0.9985974,310000.0,151467.45,149824.05,149824.05,18.954678,10.343939,8.540153,8.5401535
1.796399e+25,0.8812924,0.9990008,310000.0,151467.36,149824.05,149824.05,18.954678,10.343217,8.540151,8.5401535
1.796399e+25,0.8711526,0.9992704,310000.0,151467.44,149824.05,149824.05,18.954678,10.343695,8.54015,8.540154
1.796399e+25,0.8550073,0.9992438,310000.0,151467.38,149824.06,149824.03,18.954678,10.343582,8.540151,8.5401535
1.796399e+25,0.85107034,0.9986486,310000.0,151467.38,149824.05,149824.06,18.954678,10.34371,8.540153,8.5401535
1.796399e+25,0.85471696,0.9981733,310000.0,151467.42,149824.06,149824.05,18.954678,10.343379,8.540151,8.540154
1.796399e+25,0.8529821,0.9990025,310000.0,151467.4,149824.05,149824.06,18.954678,10.343383,8.540152,8.540154
1.796399e+25,0.870713,0.99912894,310000.0,151467.36,149824.06,149824.06,18.954678,10.343274,8.540151,8.540154
1.796399e+25,0.84099966,0.9991265,310000.0,151467.4,149824.08,149824.03,18.954678,10.343371,8.540151,8.5401535
1.796399e+25,0.85427994,0.99874467,310000.0,151467.36,149824.03,149824.03,18.954678,10.343506,8.540153,8.5401535
1.796399e+25,0.8550454,0.99888194,310000.0,151467.38,149824.06,149824.05,18.954678,10.343586,8.540153,8.5401535
1.796399e+25,0.8733231,0.99856895,310000.0,151467.34,149824.05,149824.03,18.954678,10.343237,8.540152,8.5401535
1.796399e+25,0.86115575,0.9993768,310000.0,151467.4,149824.06,149824.08,18.954678,10.343509,8.540149,8.540154
1.796399e+25,0.85942984,0.9989438,310000.0,151467.36,149824.05,149824.06,18.954678,10.342913,8.540152,8.5401535
1.796399e+25,0.8577274,0.99883944,310000.0,151467.38,149824.06,149824.08,18.954678,10.343386,8.540152,8.5401535
1.796399e+25,0.86340755,0.99881303,310000.0,151467.44,149824.05,149824.06,18.954678,10.343463,8.540151,8.5401535
1.796399e+25,0.87365896,0.999242,310000.0,151467.39,149824.05,149824.06,18.954678,10.343386,8.54015,8.5401535
1.796399e+25,0.862867,0.9991268,310000.0,151467.38,149824.05,149824.08,18.954678,10.343714,8.54015,8.540152
1.796399e+25,0.86624235,0.99912673,310000.0,151467.38,149824.06,149824.05,18.954678,10.343584,8.54015,8.540152
1.796399e+25,0.8605972,0.99880195,310000.0,151467.44,149824.06,149824.06,18.954678,10.343629,8.540153,8.540153
1.796399e+25,0.886131,0.99931145,310000.0,151467.38,149824.05,149824.08,18.954678,10.343185,8.540149,8.540152
1.796399e+25,0.8660723,0.9987915,310000.0,151467.36,149824.06,149824.05,18.954678,10.343229,8.540152,8.540153
1.796399e+25,0.85557675,0.9990112,310000.0,151467.4,149824.08,149824.06,18.954678,10.343478,8.540152,8.540153
1.796399e+25,0.852276,0.9986461,310000.0,151467.36,149824.03,149824.05,18.954678,10.343334,8.540152,8.540153
1.796399e+25,0.86081344,0.9988603,310000.0,151467.45,149824.06,149824.05,18.954678,10.34366,8.540152,8.540153
1.796399e+25,0.85049254,0.99919,310000.0,151467.34,149824.06,149824.06,18.954678,10.343292,8.540152,8.540152
1.796399e+25,0.85548484,0.99901164,310000.0,151467.36,149824.05,149824.05,18.954678,10.343142,8.540152,8.540152
1.796399e+25,0.8671181,0.99875045,310000.0,151467.38,149824.05,149824.06,18.954678,10.343534,8.540151,8.540153
1.796399e+25,0.8657017,0.99918693,310000.0,151467.39,149824.05,149824.1,18.954678,10.343467,8.54015,8.540152
1.796399e+25,0.8711951,0.9989287,310000.0,151467.42,149824.05,149824.06,18.954678,10.343793,8.540152,8.540152
1.796399e+25,0.8574526,0.9994982,310000.0,151467.34,149824.05,149824.08,18.954678,10.343036,8.540149,8.540153
1.796399e+25,0.87128645,0.9988442,310000.0,151467.39,149824.05,149824.06,18.954678,10.343181,8.540151,8.540153
1.796399e+25,0.8569518,0.99902064,310000.0,151467.38,149824.06,149824.06,18.954678,10.343177,8.540152,8.540153
1.796399e+25,0.8686085,0.99886453,310000.0,151467.36,149824.03,149824.06,18.954678,10.343087,8.540152,8.540151
1.796399e+25,0.88089645,0.9987758,310000.0,151467.34,149824.05,149824.05,18.954678,10.343055,8.540152,8.540152
1.796399e+25,0.8618927,0.9991353,310000.0,151467.36,149824.06,149824.05,18.954678,10.343181,8.540152,8.540153
1.796399e+25,0.8578486,0.9992085,310000.0,151467.39,149824.05,149824.05,18.954678,10.34374,8.54015,8.540152
1.796399e+25,0.86502,0.9987285,310000.0,151467.38,149824.06,149824.05,18.954678,10.343664,8.540152,8.540153
1.796399e+25,0.85873216,0.99878836,310000.0,151467.38,149824.03,149824.06,18.954678,10.343254,8.540152,8.540152
1.796399e+25,0.8725005,0.9987766,310000.0,151467.38,149824.05,149824.05,18.954678,10.343468,8.540151,8.540152
1.796399e+25,0.84629214,0.9990999,310000.0,151467.39,149824.05,149824.06,18.954678,10.343698,8.540151,8.540153
1.796399e+25,0.87480885,0.99896866,310000.0,151467.38,149824.05,149824.06,18.954678,10.343511,8.540151,8.540153
1.796399e+25,0.8762846,0.99889445,310000.0,151467.31,149824.05,149824.06,18.954678,10.343104,8.540151,8.540152
1.796399e+25,0.8598285,0.9991532,310000.0,151467.42,149824.08,149824.06,18.954678,10.343541,8.540152,8.540151
1.796399e+25,0.8705523,0.99873793,310000.0,151467.36,149824.06,149824.05,18.954678,10.343248,8.540152,8.540152
1.796399e+25,0.84157985,0.99881685,310000.0,151467.34,149824.05,149824.06,18.954678,10.343444,8.540152,8.540153
1.796399e+25,0.8428531,0.9986982,310000.0,151467.4,149824.05,149824.05,18.954678,10.343615,8.540152,8.540153
1.796399e+25,0.8672553,0.9989533,310000.0,151467.36,149824.05,149824.05,18.954678,10.343404,8.540152,8.540152
1.796399e+25,0.88906294,0.9987719,310000.0,151467.39,149824.05,149824.06,18.954678,10.3434925,8.540153,8.540152
1.796399e+25,0.8678552,0.9987874,310000.0,151467.4,149824.06,149824.05,18.954678,10.343312,8.540153,8.540152
1.796399e+25,0.856401,0.99875575,310000.0,151467.4,149824.06,149824.05,18.954678,10.343482,8.540152,8.540153
1.796399e+25,0.85301495,0.99939734,310000.0,151467.36,149824.05,149824.05,18.954678,10.343256,8.540151,8.540153
1.796399e+25,0.86096925,0.9989589,310000.0,151467.34,149824.05,149824.06,18.954678,10.343558,8.540151,8.540153
1.796399e+25,0.8739435,0.9988203,310000.0,151467.36,149824.05,149824.06,18.954678,10.343359,8.540151,8.540153
1.796399e+25,0.88352704,0.99931216,310000.0,151467.36,149824.05,149824.1,18.954678,10.343475,8.540151,8.540152
1.796399e+25,0.87041914,0.998669,310000.0,151467.33,149824.1,149824.05,18.954678,10.343076,8.540152,8.540153
1.796399e+25,0.8724002,0.9987827,310000.0,151467.38,149824.05,149824.06,18.954678,10.34386,8.540152,8.540152
1.796399e+25,0.85158974,0.9988572,310000.0,151467.34,149824.06,149824.06,18.954678,10.34349,8.540152,8.540152
1.796399e+25,0.85782593,0.99896497,310000.0,151467.39,149824.06,149824.08,18.954678,10.343939,8.540151,8.540152
1.796399e+25,0.86050063,0.9982978,310000.0,151467.39,149824.08,149824.06,18.954678,10.343486,8.540152,8.540152
1.796399e+25,0.8621809,0.99881846,310000.0,151467.44,149824.06,149824.06,18.954678,10.343889,8.540153,8.5401535
1.796399e+25,0.8740462,0.99877244,310000.0,151467.4,149824.06,149824.05,18.954678,10.343489,8.540151,8.540152
1.796399e+25,0.883062,0.99892557,310000.0,151467.4,149824.03,149824.05,18.954678,10.343453,8.540152,8.540152
1.796399e+25,0.85235167,0.99900126,310000.0,151467.4,149824.06,149824.05,18.954678,10.343549,8.540152,8.5401535
1.796399e+25,0.8611649,0.99867976,310000.0,151467.39,149824.06,149824.06,18.954678,10.343589,8.540152,8.540153
1.796399e+25,0.85127366,0.99893814,310000.0,151467.4,149824.05,149824.06,18.954678,10.343432,8.540151,8.540152
1.796399e+25,0.85154295,0.9987328,310000.0,151467.44,149824.06,149824.06,18.954678,10.34366,8.540152,8.540152
1.796399e+25,0.865097,0.9985591,310000.0,151467.38,149824.08,149824.05,18.954678,10.343258,8.540151,8.540152
1.796399e+25,0.8755545,0.99936515,310000.0,151467.38,149824.08,149824.05,18.954678,10.342978,8.540149,8.540153
1.796399e+25,0.869831,0.9987823,310000.0,151467.4,149824.05,149824.06,18.954678,10.343427,8.540152,8.540152
1.796399e+25,0.8567792,0.9987594,310000.0,151467.31,149824.05,149824.06,18.954678,10.343167,8.540152,8.540152
1.796399e+25,0.8713385,0.999164,310000.0,151467.4,149824.03,149824.05,18.954678,10.343667,8.540151,8.540153
1.796399e+25,0.8796213,0.99909204,310000.0,151467.39,149824.06,149824.06,18.954678,10.343497,8.540151,8.540153
1.796399e+25,0.85901415,0.99888605,310000.0,151467.36,149824.03,149824.05,18.954678,10.343206,8.540152,8.540152
1.796399e+25,0.8607471,0.99908775,310000.0,151467.39,149824.06,149824.06,18.954678,10.343386,8.540151,8.540152
1.796399e+25,0.8457469,0.9987801,310000.0,151467.39,149824.05,149824.05,18.954678,10.343187,8.540151,8.540153
1.796399e+25,0.850268,0.9991822,310000.0,151467.33,149824.06,149824.05,18.954678,10.343072,8.54015,8.540153
1.796399e+25,0.8681374,0.99890614,310000.0,151467.36,149824.05,149824.06,18.954678,10.343348,8.540152,8.540153
1.796399e+25,0.8599585,0.9987968,310000.0,151467.44,149824.06,149824.06,18.954678,10.343904,8.540152,8.540153
1.796399e+25,0.85558945,0.9989719,310000.0,151467.42,149824.05,149824.08,18.954678,10.343437,8.540152,8.540153
1.796399e+25,0.8485689,0.99885064,310000.0,151467.33,149824.06,149824.06,18.954678,10.343348,8.540152,8.540152
1.796399e+25,0.8576461,0.9990777,310000.0,151467.36,149824.05,149824.05,18.954678,10.342955,8.540152,8.540152
1.796399e+25,0.8720547,0.99861073,310000.0,151467.38,149824.06,149824.06,18.954678,10.343171,8.540151,8.540152
1.796399e+25,0.8618187,0.9993474,310000.0,151467.4,149824.05,149824.05,18.954678,10.343627,8.54015,8.540153
1.796399e+25,0.8592323,0.9995281,310000.0,151467.36,149824.05,149824.05,18.954678,10.343341,8.54015,8.540152
1.796399e+25,0.85547674,0.9992912,310000.0,151467.39,149824.06,149824.05,18.954678,10.343276,8.54015,8.540152
1.796399e+25,0.85879356,0.9990971,310000.0,151467.39,149824.06,149824.06,18.954678,10.343579,8.540152,8.540152
1.796399e+25,0.8780046,0.99873,310000.0,151467.39,149824.03,149824.06,18.954678,10.34332,8.540152,8.5401535
1.796399e+25,0.8628704,0.9993761,310000.0,151467.38,149824.05,149824.06,18.954678,10.343195,8.54015,8.540153
1.796399e+25,0.8631487,0.9991296,310000.0,151467.42,149824.06,149824.06,18.954678,10.343569,8.540151,8.540152
1.796399e+25,0.87372345,0.99948895,310000.0,151467.36,149824.03,149824.05,18.954678,10.343372,8.540149,8.540151
1.796399e+25,0.83924764,0.99882513,310000.0,151467.39,149824.05,149824.05,18.954678,10.3436775,8.540152,8.540153
1.796399e+25,0.8658041,0.9988059,310000.0,151467.4,149824.06,149824.05,18.954678,10.343591,8.540152,8.540152
1.796399e+25,0.8372384,0.99893045,310000.0,151467.38,149824.05,149824.03,18.954678,10.343449,8.540152,8.540153
1.796399e+25,0.8581812,0.9993183,310000.0,151467.34,149824.03,149824.06,18.954678,10.343079,8.54015,8.540152
1.796399e+25,0.867859,0.999352,310000.0,151467.38,149824.03,149824.06,18.954678,10.343466,8.54015,8.540153
1.796399e+25,0.8727268,0.99910074,310000.0,151467.4,149824.06,149824.05,18.954678,10.343447,8.54015,8.540152
1.796399e+25,0.85464585,0.9988394,310000.0,151467.38,149824.05,149824.05,18.954678,10.343558,8.540151,8.540152
1.796399e+25,0.8474256,0.9994277,310000.0,151467.39,149824.06,149824.06,18.954678,10.343485,8.54015,8.540153
1.796399e+25,0.8460276,0.998985,310000.0,151467.39,149824.06,149824.05,18.954678,10.343336,8.540151,8.540152
1.796399e+25,0.8643625,0.9987248,310000.0,151467.36,149824.06,149824.06,18.954678,10.343178,8.540152,8.540153
1.796399e+25,0.867368,0.9990362,310000.0,151467.44,149824.06,149824.03,18.954678,10.343594,8.54015,8.540152
1.796399e+25,0.86172134,0.99868727,310000.0,151467.39,149824.06,149824.06,18.954678,10.34358,8.540153,8.540153
1.796399e+25,0.85240275,0.9989901,310000.0,151467.34,149824.05,149824.05,18.954678,10.343347,8.540151,8.540153
1.796399e+25,0.8521676,0.9992739,310000.0,151467.4,149824.08,149824.06,18.954678,10.34372,8.54015,8.540153
1.796399e+25,0.8660305,0.9992945,310000.0,151467.33,149824.06,149824.03,18.954678,10.343282,8.54015,8.540153
1.796399e+25,0.8555969,0.9990936,310000.0,151467.42,149824.06,149824.05,18.954678,10.343711,8.540151,8.540153
1.796399e+25,0.8492168,0.99898994,310000.0,151467.38,149824.05,149824.05,18.954678,10.343419,8.540152,8.540152
1.796399e+25,0.8592569,0.9987916,310000.0,151467.38,149824.06,149824.08,18.954678,10.343346,8.540151,8.540153
1.796399e+25,0.8521549,0.9990129,310000.0,151467.36,149824.06,149824.03,18.954678,10.343573,8.540151,8.540153
1.796399e+25,0.85431415,0.99890107,310000.0,151467.36,149824.05,149824.05,18.954678,10.343321,8.540153,8.540152
1.796399e+25,0.85613835,0.99872255,310000.0,151467.39,149824.05,149824.06,18.954678,10.343754,8.540153,8.540153
1.796399e+25,0.8500705,0.99899924,310000.0,151467.36,149824.05,149824.06,18.954678,10.343136,8.540151,8.5401535
1.796399e+25,0.8643109,0.998735,310000.0,151467.34,149824.05,149824.05,18.954678,10.34321,8.540153,8.540153
1.796399e+25,0.8684626,0.99877506,310000.0,151467.42,149824.05,149824.06,18.954678,10.343455,8.540152,8.540153
1.796399e+25,0.8567879,0.9987696,310000.0,151467.44,149824.05,149824.06,18.954678,10.343772,8.540152,8.540153
1.796399e+25,0.8684671,0.99924904,310000.0,151467.31,149824.05,149824.05,18.954678,10.343139,8.540151,8.540153
1.796399e+25,0.8549352,0.9988359,310000.0,151467.4,149824.05,149824.05,18.954678,10.343557,8.540152,8.540152
1.796399e+25,0.8639021,0.9986918,310000.0,151467.34,149824.08,149824.08,18.954678,10.343131,8.540151,8.540152
1.796399e+25,0.87689334,0.99911046,310000.0,151467.34,149824.06,149824.05,18.954678,10.342992,8.540152,8.540152
1.796399e+25,0.85471636,0.9991347,310000.0,151467.45,149824.03,149824.05,18.954678,10.344012,8.540151,8.540153
1.796399e+25,0.8623476,0.99913865,310000.0,151467.39,149824.06,149824.06,18.954678,10.343399,8.540151,8.540153
1.796399e+25,0.86808753,0.9989574,310000.0,151467.34,149824.06,149824.05,18.954678,10.343581,8.540152,8.540152
1.796399e+25,0.8653514,0.9990394,310000.0,151467.39,149824.06,149824.06,18.954678,10.343708,8.540152,8.540153
1.796399e+25,0.8380406,0.99876654,310000.0,151467.4,149824.05,149824.05,18.954678,10.343746,8.540152,8.540153
1.796399e+25,0.8653032,0.9989111,310000.0,151467.36,149824.06,149824.05,18.954678,10.343187,8.540151,8.540152
1.796399e+25,0.83699864,0.9992302,310000.0,151467.42,149824.06,149824.05,18.954678,10.343412,8.540151,8.540152
1.796399e+25,0.87119925,0.9994149,310000.0,151467.33,149824.06,149824.06,18.954678,10.343244,8.54015,8.540153
1.796399e+25,0.85517025,0.9984649,310000.0,151467.36,149824.03,149824.06,18.954678,10.343293,8.54015,8.540153
1.796399e+25,0.84520805,0.99873173,310000.0,151467.38,149824.05,149824.06,18.954678,10.34399,8.540152,8.540153
1.796399e+25,0.85389477,0.99927425,310000.0,151467.36,149824.05,149824.05,18.954678,10.343477,8.54015,8.540153
1.796399e+25,0.87256485,0.99901885,310000.0,151467.34,149824.06,149824.05,18.954678,10.3433275,8.540152,8.540153
1.796399e+25,0.85517967,0.9989929,310000.0,151467.4,149824.08,149824.08,18.954678,10.343689,8.540151,8.540152
1.796399e+25,0.8745694,0.9988989,310000.0,151467.34,149824.05,149824.03,18.954678,10.343433,8.540152,8.540146
1.796399e+25,0.86233896,0.9990009,310000.0,151467.42,149824.03,149824.05,18.954678,10.34352,8.540152,8.540147
1.796399e+25,0.8621124,0.9982738,310000.0,151467.45,149824.05,149824.08,18.954678,10.343584,8.540151,8.540147
1.796399e+25,0.854713,0.9990998,310000.0,151467.39,149824.06,149824.03,18.954678,10.343424,8.540152,8.540146
1.796399e+25,0.85732085,0.9988615,310000.0,151467.42,149824.03,149824.08,18.954678,10.343943,8.540152,8.540147
1.796399e+25,0.8450689,0.9988701,310000.0,151467.34,149824.05,149824.03,18.954678,10.34323,8.540152,8.540146
1.796399e+25,0.87050664,0.99911326,310000.0,151467.39,149824.03,149824.05,18.954678,10.343572,8.54015,8.540146
1.796399e+25,0.844337,0.99875134,310000.0,151467.34,149824.06,149824.05,18.954678,10.343078,8.540152,8.540146
1.796399e+25,0.85418403,0.99900615,310000.0,151467.34,149824.05,149824.05,18.954678,10.343525,8.540152,8.540146
1.796399e+25,0.8738563,0.99879897,310000.0,151467.33,149824.06,149824.05,18.954678,10.34299,8.540152,8.540146
1.796399e+25,0.85040516,0.9995493,310000.0,151467.38,149824.06,149824.05,18.954678,10.343054,8.54015,8.540147
1.796399e+25,0.84352225,0.99886006,310000.0,151467.38,149824.05,149824.06,18.954678,10.343461,8.540152,8.540146
1.796399e+25,0.85765696,0.9988917,310000.0,151467.36,149824.06,149824.05,18.954678,10.343375,8.540151,8.540147
1.796399e+25,0.86634797,0.9988698,310000.0,151467.4,149824.05,149824.06,18.954678,10.343599,8.540152,8.540146
1.796399e+25,0.8678629,0.99863607,310000.0,151467.39,149824.05,149824.05,18.954678,10.343792,8.540151,8.540146
1.796399e+25,0.8668481,0.99938023,310000.0,151467.34,149824.05,149824.05,18.954678,10.34358,8.54015,8.540147
1.796399e+25,0.86368674,0.9989434,310000.0,151467.4,149824.05,149824.05,18.954678,10.343393,8.540151,8.540147
1.796399e+25,0.91118103,0.99865514,310000.0,151467.36,149824.06,149824.05,18.954678,10.343427,8.540152,8.540146
1.796399e+25,0.8739286,0.99866384,310000.0,151467.36,149824.06,149824.08,18.954678,10.343325,8.540152,8.540146
1.796399e+25,0.872509,0.99890834,310000.0,151467.44,149824.05,149824.05,18.954678,10.343656,8.540152,8.540147
1.796399e+25,0.8615828,0.9985287,310000.0,151467.39,149824.06,149824.05,18.954678,10.343285,8.540151,8.540147
1.796399e+25,0.886854,0.9994983,310000.0,151467.39,149824.08,149824.06,18.954678,10.343856,8.54015,8.540146
1.796399e+25,0.9252303,0.9986563,310000.0,151467.4,149824.05,149824.05,18.954678,10.343333,8.540152,8.540146
1.796399e+25,0.86364096,0.9990843,310000.0,151467.4,149824.05,149824.03,18.954678,10.3436165,8.540151,8.540147
1.796399e+25,0.8538398,0.99948543,310000.0,151467.42,149824.05,149824.03,18.954678,10.343379,8.54015,8.540147
1.796399e+25,0.8633561,0.99882823,310000.0,151467.36,149824.06,149824.08,18.954678,10.343336,8.540153,8.540147
1.796399e+25,0.8996804,0.99884415,310000.0,151467.39,149824.06,149824.05,18.954678,10.343297,8.540152,8.540147
1.796399e+25,0.9033633,0.9987025,310000.0,151467.39,149824.05,149824.06,18.954678,10.343355,8.540152,8.540147
1.796399e+25,0.9408007,0.99890935,310000.0,151467.38,149824.06,149824.03,18.954678,10.3435135,8.540153,8.540146
1.796399e+25,0.8753406,0.9989158,310000.0,151467.34,149824.05,149824.05,18.954678,10.343581,8.540152,8.540147
1.796399e+25,0.8579699,0.99832135,310000.0,151467.39,149824.06,149824.06,18.954678,10.343675,8.540152,8.540146
1.796399e+25,0.85846055,0.9988751,310000.0,151467.38,149824.03,149824.06,18.954678,10.34359,8.540152,8.540147
1.796399e+25,0.8674806,0.9987853,310000.0,151467.44,149824.06,149824.05,18.954678,10.343878,8.540152,8.540148
1.796399e+25,0.8553211,0.99897045,310000.0,151467.39,149824.05,149824.06,18.954678,10.343631,8.540153,8.540146
1.796399e+25,0.8754073,0.99919957,310000.0,151467.44,149824.06,149824.06,18.954678,10.343573,8.540151,8.540147
1.796399e+25,0.85591626,0.9989923,310000.0,151467.42,149824.06,149824.05,18.954678,10.343559,8.540152,8.540146
1.796399e+25,0.87046,0.99963397,310000.0,151467.34,149824.03,149824.06,18.954678,10.343396,8.540149,8.540147
1.796399e+25,0.860792,0.9988243,310000.0,151467.42,149824.05,149824.06,18.954678,10.343438,8.540152,8.540147
1.796399e+25,0.87343794,0.9992229,310000.0,151467.4,149824.06,149824.05,18.954678,10.343737,8.540152,8.540147
1.796399e+25,0.8713299,0.99953127,310000.0,151467.39,149824.05,149824.05,18.954678,10.343652,8.54015,8.540146
1.796399e+25,0.85781455,0.999009,310000.0,151467.39,149824.05,149824.06,18.954678,10.343293,8.540152,8.540146
1.796399e+25,0.85950714,0.99932915,310000.0,151467.36,149824.05,149824.03,18.954678,10.3431835,8.540151,8.540146
1.796399e+25,0.85945743,0.9991522,310000.0,151467.33,149824.06,149824.06,18.954678,10.343269,8.540151,8.540146
1.796399e+25,0.86675584,0.999172,310000.0,151467.33,149824.06,149824.06,18.954678,10.343212,8.540151,8.540147
1.796399e+25,0.8583067,0.9993439,310000.0,151467.38,149824.03,149824.06,18.954678,10.343224,8.54015,8.540147
1.796399e+25,0.8524014,0.998724,310000.0,151467.38,149824.06,149824.05,18.954678,10.343554,8.540151,8.540146
1.796399e+25,0.8587724,0.9988708,310000.0,151467.38,149824.05,149824.05,18.954678,10.343396,8.540151,8.540146
1.796399e+25,0.8615798,0.99903715,310000.0,151467.31,149824.08,149824.06,18.954678,10.343493,8.540152,8.540147
1.796399e+25,0.86825687,0.9986839,310000.0,151467.4,149824.05,149824.06,18.954678,10.343465,8.540152,8.540147
1.796399e+25,0.8664968,0.9995541,310000.0,151467.4,149824.05,149824.05,18.954678,10.34337,8.540151,8.540146
1.796399e+25,0.86078656,0.99827105,310000.0,151467.4,149824.06,149824.05,18.954678,10.343797,8.540152,8.540147
1.796399e+25,0.85637,0.9989882,310000.0,151467.38,149824.06,149824.05,18.954678,10.343321,8.540151,8.540146
1.796399e+25,0.8615835,0.998759,310000.0,151467.34,149824.06,149824.05,18.954678,10.343143,8.540151,8.540147
1.796399e+25,0.84748524,0.9989356,310000.0,151467.3,149824.05,149824.05,18.954678,10.343064,8.540153,8.540147
1.796399e+25,0.84313107,0.99911106,310000.0,151467.36,149824.06,149824.06,18.954678,10.343362,8.540151,8.540147
1.796399e+25,0.87123466,0.9989494,310000.0,151467.38,149824.03,149824.03,18.954678,10.343346,8.540151,8.540146
1.796399e+25,0.8754077,0.9983288,310000.0,151467.39,149824.06,149824.05,18.954678,10.343366,8.540152,8.540147
1.796399e+25,0.8656226,0.9992027,310000.0,151467.36,149824.05,149824.05,18.954678,10.343159,8.540151,8.540147
1.796399e+25,0.85346,0.9988478,310000.0,151467.42,149824.08,149824.06,18.954678,10.34348,8.540152,8.540145
1.796399e+25,0.8614149,0.9988403,310000.0,151467.38,149824.03,149824.06,18.954678,10.343488,8.540152,8.540147
1.796399e+25,0.85784256,0.9988599,310000.0,151467.33,149824.05,149824.06,18.954678,10.343524,8.540152,8.540146
1.796399e+25,0.8383946,0.9989764,310000.0,151467.36,149824.06,149824.06,18.954678,10.343484,8.540152,8.540146
1.796399e+25,0.8590051,0.99950314,310000.0,151467.31,149824.03,149824.03,18.954678,10.343326,8.54015,8.540147
1.796399e+25,0.8642283,0.99880445,310000.0,151467.4,149824.06,149824.05,18.954678,10.343284,8.540153,8.540146
1.796399e+25,0.8686526,0.9983985,310000.0,151467.36,149824.05,149824.06,18.954678,10.3431225,8.54015,8.540146
1.796399e+25,0.87835497,0.99869776,310000.0,151467.39,149824.05,149824.06,18.954678,10.343633,8.540152,8.540147
1.796399e+25,0.8366308,0.9987981,310000.0,151467.38,149824.06,149824.05,18.954678,10.343336,8.540151,8.540145
1.796399e+25,0.84725577,0.9996303,310000.0,151467.42,149824.06,149824.05,18.954678,10.343575,8.540149,8.540146
1.796399e+25,0.86608106,0.99924785,310000.0,151467.33,149824.08,149824.05,18.954678,10.342939,8.540151,8.540145
1.796399e+25,0.85936165,0.9991076,310000.0,151467.38,149824.05,149824.06,18.954678,10.343342,8.540151,8.540147
1.796399e+25,0.854935,0.99883,310000.0,151467.42,149824.05,149824.05,18.954678,10.343496,8.540152,8.540146
1.796399e+25,0.86199975,0.99919575,310000.0,151467.38,149824.06,149824.05,18.954678,10.343433,8.540151,8.540146
1.796399e+25,0.86963636,0.99877244,310000.0,151467.34,149824.05,149824.02,18.954678,10.343372,8.540152,8.540146
1.796399e+25,0.8713891,0.9987001,310000.0,151467.39,149824.06,149824.05,18.954678,10.343553,8.540152,8.540146
1.796399e+25,0.8764095,0.9989004,310000.0,151467.38,149824.05,149824.06,18.954678,10.343271,8.540152,8.540146
1.796399e+25,0.8661751,0.99898773,310000.0,151467.39,149824.06,149824.06,18.954678,10.343306,8.540152,8.540147
1.796399e+25,0.86686546,0.99935216,310000.0,151467.34,149824.03,149824.06,18.954678,10.343373,8.54015,8.540147
1.796399e+25,0.8580348,0.999173,310000.0,151467.38,149824.06,149824.05,18.954678,10.343336,8.540151,8.540146
1.796399e+25,0.8526537,0.99934477,310000.0,151467.39,149824.08,149824.05,18.954678,10.343393,8.540151,8.540147
1.796399e+25,0.86782324,0.99922633,310000.0,151467.38,149824.08,149824.06,18.954678,10.343256,8.540151,8.540146
1.796399e+25,0.86728907,0.99885327,310000.0,151467.42,149824.05,149824.05,18.954678,10.343456,8.540152,8.540147
1.796399e+25,0.8654873,0.99880487,310000.0,151467.4,149824.05,149824.06,18.954678,10.343291,8.540152,8.540146
1.796399e+25,0.8738693,0.99880576,310000.0,151467.38,149824.06,149824.06,18.954678,10.343451,8.540151,8.540146
1.796399e+25,0.8673226,0.9990397,310000.0,151467.42,149824.06,149824.05,18.954678,10.343346,8.540152,8.540147
1.796399e+25,0.8606379,0.998839,310000.0,151467.39,149824.05,149824.05,18.954678,10.34348,8.540151,8.540147
1.796399e+25,0.86352307,0.9990437,310000.0,151467.39,149824.06,149824.05,18.954678,10.3435955,8.540152,8.540147
1.796399e+25,0.8634154,0.9987748,310000.0,151467.39,149824.06,149824.05,18.954678,10.3432255,8.540151,8.540146
1.796399e+25,0.85928386,0.9988958,310000.0,151467.39,149824.05,149824.06,18.954678,10.343266,8.540151,8.540147
1.796399e+25,0.8581165,0.9990939,310000.0,151467.45,149824.06,149824.06,18.954678,10.343803,8.540151,8.540146
1.796399e+25,0.87053883,0.9986187,310000.0,151467.44,149824.05,149824.06,18.954678,10.343491,8.540152,8.540146
1.796399e+25,0.840815,0.9989962,310000.0,151467.39,149824.06,149824.05,18.954678,10.343568,8.540151,8.540146
1.796399e+25,0.87397295,0.99886405,310000.0,151467.4,149824.05,149824.05,18.954678,10.343422,8.540151,8.540146
1.796399e+25,0.86770564,0.99880946,310000.0,151467.38,149824.06,149824.03,18.954678,10.34356,8.54015,8.540147
1.796399e+25,0.860848,0.9989702,310000.0,151467.36,149824.03,149824.06,18.954678,10.343453,8.540152,8.540147
1.796399e+25,0.84654146,0.99881446,310000.0,151467.4,149824.06,149824.05,18.954678,10.343413,8.540151,8.540147
1.796399e+25,0.8624135,0.9992254,310000.0,151467.44,149824.03,149824.06,18.954678,10.343371,8.54015,8.540147
1.796399e+25,0.87962794,0.9989463,310000.0,151467.36,149824.03,149824.02,18.954678,10.343505,8.540152,8.540146
1.796399e+25,0.8771339,0.9988146,310000.0,151467.39,149824.06,149824.05,18.954678,10.343256,8.540152,8.540147
1.796399e+25,0.8736607,0.99916846,310000.0,151467.4,149824.05,149824.06,18.954678,10.343395,8.540152,8.540145
1.796399e+25,0.8644523,0.9988056,310000.0,151467.42,149824.06,149824.05,18.954678,10.343589,8.540152,8.540147
1.796399e+25,0.86881167,0.99878544,310000.0,151467.38,149824.06,149824.03,18.954678,10.343631,8.540152,8.540147
1.796399e+25,0.8523142,0.99914736,310000.0,151467.38,149824.06,149824.06,18.954678,10.343433,8.540151,8.540147
1.796399e+25,0.86410767,0.99896574,310000.0,151467.36,149824.05,149824.05,18.954678,10.343169,8.540152,8.540146
1.796399e+25,0.8680128,0.9988199,310000.0,151467.42,149824.03,149824.03,18.954678,10.343429,8.540152,8.540147
1.796399e+25,0.87426543,0.9987929,310000.0,151467.4,149824.05,149824.06,18.954678,10.343875,8.540152,8.540147
1.796399e+25,0.8625012,0.9987347,310000.0,151467.42,149824.06,149824.05,18.954678,10.343513,8.540152,8.540147
1.796399e+25,0.85810786,0.9988513,310000.0,151467.39,149824.05,149824.06,18.954678,10.343357,8.540151,8.540146
1.796399e+25,0.8456653,0.99937034,310000.0,151467.38,149824.06,149824.05,18.954678,10.343349,8.540152,8.540146
1.796399e+25,0.8673119,0.9993946,310000.0,151467.4,149824.06,149824.05,18.954678,10.3438,8.540151,8.540146
1.796399e+25,0.87203807,0.9994225,310000.0,151467.42,149824.06,149824.05,18.954678,10.343602,8.54015,8.540146
1.796399e+25,0.85587955,0.9995026,310000.0,151467.39,149824.05,149824.08,18.954678,10.343557,8.54015,8.540147
1.796399e+25,0.8475219,0.99879724,310000.0,151467.38,149824.08,149824.05,18.954678,10.343276,8.540153,8.540147
1.796399e+25,0.86634916,0.9995072,310000.0,151467.36,149824.05,149824.05,18.954678,10.343607,8.540149,8.540147
1.796399e+25,0.8649344,0.99878144,310000.0,151467.34,149824.05,149824.06,18.954678,10.343322,8.540152,8.540146
1.796399e+25,0.87166625,0.9988448,310000.0,151467.34,149824.06,149824.06,18.954678,10.34324,8.540151,8.540147
1.796399e+25,0.8612713,0.9993795,310000.0,151467.39,149824.06,149824.05,18.954678,10.343435,8.540151,8.540147
1.796399e+25,0.8597478,0.99884546,310000.0,151467.34,149824.06,149824.06,18.954678,10.34332,8.540153,8.540147
1.796399e+25,0.872893,0.9989662,310000.0,151467.36,149824.06,149824.03,18.954678,10.343285,8.540151,8.540147
1.796399e+25,0.8697685,0.9988554,310000.0,151467.33,149824.03,149824.03,18.954678,10.342985,8.540151,8.540149
1.796399e+25,0.8665201,0.9991454,310000.0,151467.36,149824.06,149824.06,18.954678,10.343237,8.540152,8.540148
1.796399e+25,0.8602232,0.9990029,310000.0,151467.42,149824.06,149824.05,18.954678,10.343537,8.540152,8.540148
1.796399e+25,0.8651189,0.99890035,310000.0,151467.38,149824.05,149824.08,18.954678,10.3432665,8.540153,8.540148
1.796399e+25,0.869664,0.998721,310000.0,151467.36,149824.05,149824.05,18.954678,10.343172,8.540152,8.540149
1.796399e+25,0.8651619,0.99893576,310000.0,151467.4,149824.05,149824.05,18.954678,10.343452,8.540152,8.540149
1.796399e+25,0.8623146,0.9992764,310000.0,151467.38,149824.05,149824.06,18.954678,10.343195,8.540151,8.540149
1.796399e+25,0.8654106,0.9990922,310000.0,151467.36,149824.06,149824.05,18.954678,10.343214,8.540152,8.540149
1.796399e+25,0.85652536,0.9991212,310000.0,151467.36,149824.06,149824.05,18.954678,10.342912,8.540151,8.540149
1.796399e+25,0.8586104,0.9992384,310000.0,151467.42,149824.08,149824.06,18.954678,10.343759,8.540152,8.540148
1.796399e+25,0.8768774,0.99913937,310000.0,151467.4,149824.05,149824.06,18.954678,10.343436,8.540152,8.540149
1.796399e+25,0.8705464,0.99897087,310000.0,151467.39,149824.06,149824.06,18.954678,10.343141,8.540152,8.540148
1.796399e+25,0.86962277,0.9993857,310000.0,151467.42,149824.03,149824.06,18.954678,10.343738,8.54015,8.540149
1.796399e+25,0.87332535,0.9990228,310000.0,151467.34,149824.05,149824.06,18.954678,10.343331,8.540151,8.540148
1.796399e+25,0.8679204,0.99896926,310000.0,151467.39,149824.05,149824.05,18.954678,10.34326,8.540152,8.540149
1.796399e+25,0.86838514,0.99842596,310000.0,151467.38,149824.05,149824.05,18.954678,10.343232,8.540151,8.540149
1.796399e+25,0.8632133,0.99934554,310000.0,151467.42,149824.06,149824.06,18.954678,10.343901,8.54015,8.540149
1.796399e+25,0.8589605,0.99931735,310000.0,151467.38,149824.06,149824.05,18.954678,10.343255,8.540151,8.540148
1.796399e+25,0.8701525,0.9988777,310000.0,151467.34,149824.08,149824.06,18.954678,10.343324,8.540152,8.540149
1.796399e+25,0.85640717,0.99934185,310000.0,151467.34,149824.03,149824.08,18.954678,10.343091,8.54015,8.540149
1.796399e+25,0.8695226,0.99942356,310000.0,151467.47,149824.05,149824.06,18.954678,10.343933,8.54015,8.540149
1.796399e+25,0.8546013,0.99895424,310000.0,151467.44,149824.05,149824.06,18.954678,10.343629,8.540151,8.540149
1.796399e+25,0.8507352,0.9992091,310000.0,151467.38,149824.06,149824.06,18.954678,10.343204,8.540152,8.540148
1.796399e+25,0.8650712,0.9989684,310000.0,151467.38,149824.06,149824.06,18.954678,10.343439,8.540152,8.540149
1.796399e+25,0.86793137,0.99880093,310000.0,151467.42,149824.05,149824.06,18.954678,10.343533,8.540151,8.540149
1.796399e+25,0.87548566,0.9991951,310000.0,151467.33,149824.06,149824.06,18.954678,10.343221,8.540151,8.540149
1.796399e+25,0.8738531,0.999499,310000.0,151467.38,149824.05,149824.06,18.954678,10.343333,8.54015,8.540149
1.796399e+25,0.86097777,0.99908394,310000.0,151467.4,149824.08,149824.05,18.954678,10.3436985,8.540152,8.540148
1.796399e+25,0.87588555,0.9988959,310000.0,151467.38,149824.05,149824.08,18.954678,10.343641,8.540152,8.540149
1.796399e+25,0.85606384,0.9987616,310000.0,151467.36,149824.06,149824.06,18.954678,10.3435545,8.540152,8.540148
1.796399e+25,0.8566419,0.9988855,310000.0,151467.39,149824.06,149824.06,18.954678,10.34341,8.540152,8.54015
1.796399e+25,0.86761546,0.9989244,310000.0,151467.4,149824.06,149824.05,18.954678,10.343688,8.540152,8.540148
1.796399e+25,0.8659068,0.9989424,310000.0,151467.42,149824.05,149824.05,18.954678,10.343551,8.540152,8.540149
1.796399e+25,0.85460424,0.9993115,310000.0,151467.34,149824.05,149824.08,18.954678,10.342958,8.540151,8.540149
1.796399e+25,0.8689573,0.9991202,310000.0,151467.42,149824.08,149824.05,18.954678,10.343195,8.540151,8.540149
1.796399e+25,0.8740264,0.9993078,310000.0,151467.38,149824.05,149824.06,18.954678,10.343168,8.54015,8.540149
1.796399e+25,0.8544027,0.99894637,310000.0,151467.4,149824.05,149824.06,18.954678,10.343519,8.540152,8.54015
1.796399e+25,0.87709135,0.99902534,310000.0,151467.38,149824.05,149824.06,18.954678,10.343369,8.540152,8.540149
1.796399e+25,0.86661637,0.9990454,310000.0,151467.36,149824.05,149824.06,18.954678,10.343304,8.540152,8.540149
1.796399e+25,0.86475223,0.9988984,310000.0,151467.4,149824.06,149824.06,18.954678,10.343453,8.540152,8.540149
1.796399e+25,0.85766315,0.99889016,310000.0,151467.36,149824.05,149824.05,18.954678,10.343257,8.540152,8.540148
1.796399e+25,0.8503759,0.9994471,310000.0,151467.38,149824.03,149824.06,18.954678,10.343493,8.54015,8.540149
1.796399e+25,0.87461466,0.9991242,310000.0,151467.34,149824.05,149824.05,18.954678,10.343261,8.540152,8.540148
1.796399e+25,0.8487793,0.99940175,310000.0,151467.39,149824.03,149824.05,18.954678,10.34356,8.540151,8.540149
1.796399e+25,0.87162715,0.999229,310000.0,151467.38,149824.05,149824.06,18.954678,10.343256,8.54015,8.540148
1.796399e+25,0.86682224,0.99888206,310000.0,151467.36,149824.05,149824.06,18.954678,10.343442,8.540153,8.540149
1.796399e+25,0.8729643,0.99888945,310000.0,151467.33,149824.08,149824.05,18.954678,10.343101,8.540152,8.540149
1.796399e+25,0.8663883,0.9991927,310000.0,151467.39,149824.06,149824.06,18.954678,10.343592,8.54015,8.540148
1.796399e+25,0.85308766,0.99908143,310000.0,151467.3,149824.03,149824.06,18.954678,10.343183,8.540151,8.540148
1.796399e+25,0.8625283,0.99942493,310000.0,151467.4,149824.05,149824.06,18.954678,10.343628,8.54015,8.540149
1.796399e+25,0.8602186,0.99917406,310000.0,151467.44,149824.03,149824.06,18.954678,10.343202,8.540151,8.540149
1.796399e+25,0.85754025,0.9989477,310000.0,151467.4,149824.05,149824.06,18.954678,10.343457,8.540152,8.540149
1.796399e+25,0.8584223,0.99930555,310000.0,151467.44,149824.05,149824.06,18.954678,10.343618,8.54015,8.540149
1.796399e+25,0.865633,0.99882215,310000.0,151467.39,149824.06,149824.08,18.954678,10.343556,8.540152,8.54015
1.796399e+25,0.8786809,0.99894786,310000.0,151467.34,149824.05,149824.05,18.954678,10.343493,8.540152,8.540149
1.796399e+25,0.87056905,0.99949527,310000.0,151467.39,149824.05,149824.06,18.954678,10.343512,8.540151,8.540149
1.796399e+25,0.8510902,0.9988242,310000.0,151467.4,149824.05,149824.06,18.954678,10.343655,8.540151,8.540149
1.796399e+25,0.86132765,0.9989195,310000.0,151467.38,149824.06,149824.05,18.954678,10.343319,8.540151,8.540149
1.796399e+25,0.8749925,0.9985047,310000.0,151467.36,149824.05,149824.06,18.954678,10.343206,8.540151,8.540149
1.796399e+25,0.8616856,0.99899733,310000.0,151467.4,149824.05,149824.03,18.954678,10.343222,8.540152,8.540148
1.796399e+25,0.87348634,0.9989044,310000.0,151467.39,149824.05,149824.05,18.954678,10.343669,8.540152,8.540149
1.796399e+25,0.8533418,0.9990199,310000.0,151467.34,149824.03,149824.05,18.954678,10.343249,8.540152,8.540149
1.796399e+25,0.86388445,0.9992256,310000.0,151467.36,149824.08,149824.06,18.954678,10.343358,8.540152,8.540148
1.796399e+25,0.87182623,0.9990124,310000.0,151467.36,149824.06,149824.06,18.954678,10.343226,8.540151,8.540149
1.796399e+25,0.871622,0.9990117,310000.0,151467.36,149824.05,149824.06,18.954678,10.343022,8.540152,8.540149
1.796399e+25,0.86342347,0.9990741,310000.0,151467.36,149824.03,149824.06,18.954678,10.343214,8.540152,8.540149
1.796399e+25,0.8686907,0.9993736,310000.0,151467.34,149824.05,149824.06,18.954678,10.343202,8.54015,8.540149
1.796399e+25,0.8734693,0.9991424,310000.0,151467.4,149824.06,149824.06,18.954678,10.343588,8.540151,8.540149
1.796399e+25,0.8625985,0.99911535,310000.0,151467.39,149824.05,149824.06,18.954678,10.3434515,8.540152,8.540149
1.796399e+25,0.8618609,0.99901366,310000.0,151467.39,149824.05,149824.08,18.954678,10.343522,8.540152,8.540149
1.796399e+25,0.8755901,0.9989011,310000.0,151467.42,149824.05,149824.06,18.954678,10.343489,8.540152,8.540149
1.796399e+25,0.87175876,0.9992588,310000.0,151467.42,149824.06,149824.06,18.954678,10.343618,8.54015,8.540148
1.796399e+25,0.8624556,0.9989698,310000.0,151467.34,149824.06,149824.05,18.954678,10.343387,8.540152,8.540149
1.796399e+25,0.86388844,0.99948865,310000.0,151467.38,149824.03,149824.05,18.954678,10.343239,8.54015,8.540149
1.796399e+25,0.84705895,0.9989592,310000.0,151467.4,149824.05,149824.06,18.954678,10.343379,8.540152,8.540149
1.796399e+25,0.8707057,0.9984844,310000.0,151467.4,149824.06,149824.06,18.954678,10.343364,8.540152,8.540148
1.796399e+25,0.8526088,0.9990097,310000.0,151467.36,149824.06,149824.05,18.954678,10.343534,8.540152,8.540149
1.796399e+25,0.8633424,0.99884737,310000.0,151467.4,149824.03,149824.03,18.954678,10.343647,8.540152,8.540149
1.796399e+25,0.86480224,0.9992186,310000.0,151467.39,149824.06,149824.05,18.954678,10.343447,8.540151,8.540149
1.796399e+25,0.85387063,0.9992622,310000.0,151467.34,149824.06,149824.05,18.954678,10.342996,8.540152,8.540149
1.796399e+25,0.8502058,0.99870133,310000.0,151467.33,149824.05,149824.05,18.954678,10.343271,8.540152,8.540148
1.796399e+25,0.86361516,0.99902415,310000.0,151467.34,149824.06,149824.06,18.954678,10.343237,8.540152,8.540149
1.796399e+25,0.8861378,0.99952203,310000.0,151467.39,149824.08,149824.06,18.954678,10.3434105,8.54015,8.540149
1.796399e+25,0.8671594,0.99897933,310000.0,151467.42,149824.03,149824.06,18.954678,10.343278,8.540152,8.540149
1.796399e+25,0.8585729,0.999131,310000.0,151467.36,149824.05,149824.05,18.954678,10.343663,8.540152,8.540148
1.796399e+25,0.8527893,0.9989735,310000.0,151467.4,149824.05,149824.05,18.954678,10.3433485,8.540153,8.540149
1.796399e+25,0.87087196,0.9984225,310000.0,151467.39,149824.06,149824.05,18.954678,10.34369,8.540151,8.540149
1.796399e+25,0.8666449,0.9993377,310000.0,151467.33,149824.05,149824.06,18.954678,10.343212,8.54015,8.540149
1.796399e+25,0.8577463,0.99918544,310000.0,151467.36,149824.06,149824.05,18.954678,10.343248,8.540152,8.540148
1.796399e+25,0.8690744,0.9988784,310000.0,151467.39,149824.05,149824.05,18.954678,10.343435,8.540152,8.540149
1.796399e+25,0.85402864,0.9992979,310000.0,151467.39,149824.05,149824.06,18.954678,10.343316,8.540151,8.54015
1.796399e+25,0.856509,0.9990119,310000.0,151467.4,149824.05,149824.06,18.954678,10.343565,8.540151,8.540148
1.796399e+25,0.8510883,0.99881744,310000.0,151467.38,149824.06,149824.05,18.954678,10.343636,8.540151,8.540149
1.796399e+25,0.8552703,0.9990008,310000.0,151467.42,149824.05,149824.08,18.954678,10.343414,8.540152,8.540148
1.796399e+25,0.8740051,0.99952716,310000.0,151467.36,149824.08,149824.05,18.954678,10.343079,8.54015,8.540149
1.796399e+25,0.8697555,0.9990384,310000.0,151467.38,149824.05,149824.05,18.954678,10.343158,8.540151,8.540149
1.796399e+25,0.87359434,0.99906397,310000.0,151467.36,149824.06,149824.06,18.954678,10.343222,8.540152,8.540149
1.796399e+25,0.8491199,0.9988445,310000.0,151467.42,149824.06,149824.05,18.954678,10.343605,8.540151,8.540148
1.796399e+25,0.86133325,0.99873465,310000.0,151467.36,149824.05,149824.06,18.954678,10.343704,8.540151,8.540149
1.796399e+25,0.87220603,0.9988132,310000.0,151467.38,149824.05,149824.05,18.954678,10.343539,8.540152,8.540148
1.796399e+25,0.8648133,0.99883157,310000.0,151467.33,149824.06,149824.03,18.954678,10.343429,8.540152,8.54015
1.796399e+25,0.87848765,0.99891007,310000.0,151467.38,149824.06,149824.06,18.954678,10.343336,8.540152,8.54015
1.796399e+25,0.8629194,0.99887604,310000.0,151467.4,149824.05,149824.05,18.954678,10.343794,8.540152,8.540149
1.796399e+25,0.85939157,0.9989316,310000.0,151467.42,149824.06,149824.06,18.954678,10.343342,8.540152,8.540149
1.796399e+25,0.8638877,0.9990461,310000.0,151467.38,149824.05,149824.06,18.954678,10.343457,8.540151,8.540149
1.796399e+25,0.86580116,0.99911237,310000.0,151467.4,149824.06,149824.06,18.954678,10.343436,8.540151,8.540149
1.796399e+25,0.8641784,0.99889123,310000.0,151467.42,149824.06,149824.08,18.954678,10.343213,8.540151,8.540149
1.796399e+25,0.8563628,0.9989421,310000.0,151467.42,149824.08,149824.06,18.954678,10.343707,8.540151,8.5401535
1.796399e+25,0.8657858,0.9993155,310000.0,151467.45,149824.05,149824.06,18.954678,10.343774,8.54015,8.5401535
1.796399e+25,0.8626906,0.9989812,310000.0,151467.38,149824.05,149824.03,18.954678,10.343445,8.540151,8.540153
1.796399e+25,0.8476629,0.9988642,310000.0,151467.4,149824.05,149824.03,18.954678,10.343358,8.540153,8.5401535
1.796399e+25,0.85741335,0.9993124,310000.0,151467.38,149824.05,149824.05,18.954678,10.343395,8.54015,8.540153
1.796399e+25,0.85832703,0.9988113,310000.0,151467.34,149824.05,149824.05,18.954678,10.343344,8.540152,8.5401535
1.796399e+25,0.854819,0.9991779,310000.0,151467.34,149824.08,149824.06,18.954678,10.343269,8.540152,8.540153
1.796399e+25,0.89049304,0.9987159,310000.0,151467.44,149824.08,149824.06,18.954678,10.343381,8.540151,8.540153
1.796399e+25,0.88402975,0.99919003,310000.0,151467.39,149824.06,149824.06,18.954678,10.34333,8.540151,8.5401535
1.796399e+25,0.868206,0.99885,310000.0,151467.42,149824.05,149824.08,18.954678,10.343512,8.540152,8.5401535
1.796399e+25,0.89546824,0.9988577,310000.0,151467.42,149824.06,149824.06,18.954678,10.343411,8.540152,8.540153
1.796399e+25,0.88026124,0.9987828,310000.0,151467.4,149824.06,149824.06,18.954678,10.343354,8.540152,8.540153
1.796399e+25,0.8743484,0.99873656,310000.0,151467.3,149824.05,149824.08,18.954678,10.343368,8.540152,8.540153
1.796399e+25,0.8718344,0.99934834,310000.0,151467.4,149824.05,149824.06,18.954678,10.343495,8.54015,8.5401535
1.796399e+25,0.8542891,0.99885046,310000.0,151467.34,149824.05,149824.05,18.954678,10.343209,8.540151,8.5401535
1.796399e+25,0.85425115,0.9988626,310000.0,151467.38,149824.05,149824.06,18.954678,10.343145,8.540151,8.540153
1.796399e+25,0.8778918,0.99875975,310000.0,151467.38,149824.06,149824.06,18.954678,10.34356,8.540152,8.5401535
1.796399e+25,0.8596182,0.99876463,310000.0,151467.38,149824.05,149824.06,18.954678,10.343469,8.540152,8.540153
1.796399e+25,0.8638438,0.9992809,310000.0,151467.38,149824.05,149824.03,18.954678,10.343374,8.540151,8.5401535
1.796399e+25,0.8738779,0.9988718,310000.0,151467.34,149824.03,149824.06,18.954678,10.343429,8.540152,8.5401535
1.796399e+25,0.92793804,0.9992031,310000.0,151467.4,149824.05,149824.06,18.954678,10.343522,8.540152,8.5401535
1.796399e+25,0.85392076,0.9989117,310000.0,151467.38,149824.08,149824.08,18.954678,10.3435,8.540151,8.5401535
1.796399e+25,0.88056666,0.9987881,310000.0,151467.39,149824.06,149824.05,18.954678,10.343102,8.540153,8.5401535
1.796399e+25,0.8425004,0.9988473,310000.0,151467.36,149824.06,149824.06,18.954678,10.34331,8.540151,8.540153
1.796399e+25,0.87888235,0.99900573,310000.0,151467.4,149824.06,149824.06,18.954678,10.343517,8.540153,8.540153
1.796399e+25,0.884115,0.9990205,310000.0,151467.36,149824.05,149824.03,18.954678,10.343394,8.540151,8.5401535
1.796399e+25,0.8688987,0.9987083,310000.0,151467.39,149824.06,149824.06,18.954678,10.34321,8.540152,8.540153
1.796399e+25,0.87579495,0.99909604,310000.0,151467.34,149824.08,149824.05,18.954678,10.342987,8.540152,8.5401535
1.796399e+25,0.8655438,0.9989541,310000.0,151467.4,149824.08,149824.05,18.954678,10.343379,8.540151,8.540153
1.796399e+25,0.88224316,0.99940234,310000.0,151467.36,149824.05,149824.06,18.954678,10.3434725,8.540151,8.540153
1.796399e+25,0.87672555,0.999027,310000.0,151467.42,149824.05,149824.05,18.954678,10.34362,8.540152,8.540153
1.796399e+25,0.88854325,0.9988234,310000.0,151467.36,149824.06,149824.05,18.954678,10.343238,8.540151,8.5401535
1.796399e+25,0.8963059,0.998771,310000.0,151467.36,149824.05,149824.05,18.954678,10.343662,8.540152,8.5401535
1.796399e+25,0.9391992,0.99840826,310000.0,151467.42,149824.06,149824.05,18.954678,10.343447,8.540152,8.5401535
1.796399e+25,0.88552696,0.9989588,310000.0,151467.39,149824.05,149824.05,18.954678,10.343451,8.540151,8.5401535
1.796399e+25,0.88920414,0.9990107,310000.0,151467.38,149824.05,149824.06,18.954678,10.34343,8.540152,8.5401535
1.796399e+25,0.8660685,0.9990459,310000.0,151467.39,149824.06,149824.06,18.954678,10.343539,8.540152,8.540154
1.796399e+25,0.878726,0.9989874,310000.0,151467.39,149824.05,149824.06,18.954678,10.34354,8.540153,8.5401535
1.796399e+25,0.89073056,0.99844885,310000.0,151467.38,149824.05,149824.05,18.954678,10.343649,8.540151,8.5401535
1.796399e+25,0.88152605,0.9988154,310000.0,151467.42,149824.06,149824.05,18.954678,10.343981,8.540152,8.5401535
1.796399e+25,0.8725156,0.9989695,310000.0,151467.36,149824.05,149824.08,18.954678,10.343019,8.540151,8.540153
1.796399e+25,0.8779577,0.9988551,310000.0,151467.38,149824.05,149824.08,18.954678,10.343381,8.540152,8.5401535
1.796399e+25,0.8705491,0.99920124,310000.0,151467.34,149824.03,149824.03,18.954678,10.343595,8.54015,8.5401535
1.796399e+25,0.8596129,0.9993961,310000.0,151467.38,149824.05,149824.05,18.954678,10.343265,8.54015,8.5401535
1.796399e+25,0.860045,0.9990103,310000.0,151467.33,149824.05,149824.05,18.954678,10.34321,8.540152,8.540153
1.796399e+25,0.85989237,0.9993966,310000.0,151467.42,149824.06,149824.08,18.954678,10.343383,8.54015,8.5401535
1.796399e+25,0.86093974,0.99872583,310000.0,151467.38,149824.05,149824.05,18.954678,10.343731,8.540152,8.540153
1.796399e+25,0.89998764,0.9990734,310000.0,151467.38,149824.08,149824.06,18.954678,10.343444,8.540151,8.540153
1.796399e+25,0.865347,0.99884886,310000.0,151467.34,149824.06,149824.06,18.954678,10.343334,8.540152,8.540153
1.796399e+25,0.86769813,0.9988415,310000.0,151467.36,149824.05,149824.06,18.954678,10.34304,8.540152,8.540153
1.796399e+25,0.88759947,0.99897385,310000.0,151467.36,149824.05,149824.05,18.954678,10.343282,8.540152,8.540153
1.796399e+25,0.8686783,0.9988239,310000.0,151467.33,149824.06,149824.05,18.954678,10.343192,8.540152,8.540153
1.796399e+25,0.8643978,0.9990281,310000.0,151467.4,149824.06,149824.08,18.954678,10.343295,8.540151,8.5401535
1.796399e+25,0.87876517,0.99874705,310000.0,151467.39,149824.05,149824.06,18.954678,10.343575,8.540152,8.5401535
1.796399e+25,0.85583276,0.99928045,310000.0,151467.34,149824.05,149824.06,18.954678,10.343303,8.540151,8.540153
1.796399e+25,0.8786116,0.9990484,310000.0,151467.39,149824.08,149824.06,18.954678,10.343595,8.540151,8.5401535
1.796399e+25,0.8843838,0.99855727,310000.0,151467.4,149824.06,149824.05,18.954678,10.343428,8.540152,8.540153
1.796399e+25,0.8795798,0.9988492,310000.0,151467.38,149824.06,149824.06,18.954678,10.343452,8.540152,8.540153
1.796399e+25,0.88169247,0.99871933,310000.0,151467.4,149824.05,149824.03,18.954678,10.3433695,8.540152,8.540153
1.796399e+25,0.87492704,0.9987814,310000.0,151467.4,149824.06,149824.06,18.954678,10.343296,8.540153,8.5401535
1.796399e+25,0.8593877,0.9990059,310000.0,151467.39,149824.05,149824.06,18.954678,10.343519,8.540152,8.540154
1.796399e+25,0.8518527,0.9983916,310000.0,151467.42,149824.06,149824.06,18.954678,10.343484,8.540151,8.540153
1.796399e+25,0.87591136,0.9988095,310000.0,151467.36,149824.1,149824.03,18.954678,10.343238,8.540152,8.540154
1.796399e+25,0.86785203,0.9988379,310000.0,151467.4,149824.06,149824.05,18.954678,10.343312,8.540152,8.540153
1.796399e+25,0.87162405,0.99880946,310000.0,151467.34,149824.05,149824.06,18.954678,10.343003,8.540153,8.5401535
1.796399e+25,0.8433868,0.99954826,310000.0,151467.39,149824.06,149824.06,18.954678,10.343179,8.540149,8.540153
1.796399e+25,0.8654056,0.9989664,310000.0,151467.36,149824.06,149824.08,18.954678,10.343502,8.540152,8.5401535
1.796399e+25,0.85255337,0.9988195,310000.0,151467.33,149824.06,149824.06,18.954678,10.343697,8.540152,8.5401535
1.796399e+25,0.8632376,0.9992927,310000.0,151467.38,149824.03,149824.05,18.954678,10.343414,8.540149,8.5401535
1.796399e+25,0.86077935,0.99942756,310000.0,151467.39,149824.06,149824.05,18.954678,10.343409,8.54015,8.540153
1.796399e+25,0.8810117,0.99918455,310000.0,151467.38,149824.05,149824.08,18.954678,10.3435545,8.540151,8.540153
1.796399e+25,0.865525,0.99891376,310000.0,151467.38,149824.05,149824.08,18.954678,10.343451,8.540151,8.5401535
1.796399e+25,0.8791327,0.9989175,310000.0,151467.38,149824.05,149824.06,18.954678,10.343662,8.540152,8.5401535
1.796399e+25,0.8620144,0.99925345,310000.0,151467.4,149824.05,149824.05,18.954678,10.343617,8.540151,8.5401535
1.796399e+25,0.8629319,0.99855465,310000.0,151467.42,149824.06,149824.05,18.954678,10.343372,8.540152,8.540153
1.796399e+25,0.83816725,0.99911886,310000.0,151467.34,149824.08,149824.05,18.954678,10.34346,8.540152,8.5401535
1.796399e+25,0.85818964,0.9989245,310000.0,151467.4,149824.06,149824.06,18.954678,10.343492,8.540152,8.5401535
1.796399e+25,0.869211,0.9983179,310000.0,151467.33,149824.03,149824.05,18.954678,10.343423,8.540152,8.540153
1.796399e+25,0.8691159,0.9983405,310000.0,151467.42,149824.06,149824.06,18.954678,10.34354,8.540151,8.5401535
1.796399e+25,0.8700801,0.9988099,310000.0,151467.39,149824.06,149824.06,18.954678,10.3433695,8.540151,8.5401535
1.796399e+25,0.86187977,0.99912035,310000.0,151467.42,149824.05,149824.03,18.954678,10.343528,8.540152,8.540152
1.796399e+25,0.86481965,0.9991325,310000.0,151467.34,149824.08,149824.08,18.954678,10.343259,8.540151,8.5401535
1.796399e+25,0.8680637,0.998879,310000.0,151467.34,149824.06,149824.08,18.954678,10.343405,8.540152,8.5401535
1.796399e+25,0.84831977,0.9989742,310000.0,151467.36,149824.05,149824.08,18.954678,10.343235,8.540152,8.540153
1.796399e+25,0.8658264,0.998802,310000.0,151467.4,149824.05,149824.08,18.954678,10.343411,8.540151,8.5401535
1.796399e+25,0.86951196,0.9984374,310000.0,151467.4,149824.05,149824.06,18.954678,10.343642,8.540151,8.5401535
1.796399e+25,0.8493279,0.9987974,310000.0,151467.34,149824.05,149824.08,18.954678,10.3433,8.540152,8.5401535
1.796399e+25,0.85895854,0.99931866,310000.0,151467.42,149824.05,149824.05,18.954678,10.343346,8.540151,8.5401535
1.796399e+25,0.86250424,0.999133,310000.0,151467.39,149824.08,149824.08,18.954678,10.343126,8.540152,8.540154
1.796399e+25,0.86558306,0.9986979,310000.0,151467.4,149824.05,149824.08,18.954678,10.343749,8.540152,8.5401535
1.796399e+25,0.85562116,0.99841756,310000.0,151467.36,149824.03,149824.06,18.954678,10.343265,8.54015,8.5401535
1.796399e+25,0.8555295,0.9989487,310000.0,151467.38,149824.08,149824.05,18.954678,10.343873,8.540152,8.540153
1.796399e+25,0.83799666,0.9986837,310000.0,151467.31,149824.05,149824.05,18.954678,10.342949,8.540152,8.540153
1.796399e+25,0.86081815,0.99880344,310000.0,151467.34,149824.05,149824.05,18.954678,10.343178,8.540151,8.5401535
1.796399e+25,0.8769253,0.99907357,310000.0,151467.34,149824.08,149824.06,18.954678,10.3433485,8.540152,8.5401535
1.796399e+25,0.875474,0.9989158,310000.0,151467.36,149824.05,149824.05,18.954678,10.343469,8.540152,8.5401535
1.796399e+25,0.8689562,0.99885714,310000.0,151467.42,149824.05,149824.03,18.954678,10.343524,8.540151,8.5401535
1.796399e+25,0.8784417,0.9986166,310000.0,151467.42,149824.06,149824.06,18.954678,10.343367,8.540152,8.5401535
1.796399e+25,0.8549638,0.9990923,310000.0,151467.39,149824.06,149824.05,18.954678,10.343584,8.540152,8.5401535
1.796399e+25,0.86674666,0.99884915,310000.0,151467.38,149824.06,149824.06,18.954678,10.343242,8.540152,8.5401535
1.796399e+25,0.86021495,0.99886495,310000.0,151467.33,149824.05,149824.05,18.954678,10.343322,8.540152,8.540153
1.796399e+25,0.85531497,0.999117,310000.0,151467.36,149824.05,149824.06,18.954678,10.343618,8.540151,8.540153
1.796399e+25,0.85484505,0.99897224,310000.0,151467.39,149824.06,149824.06,18.954678,10.343434,8.540152,8.5401535
1.796399e+25,0.85063493,0.99910194,310000.0,151467.39,149824.06,149824.06,18.954678,10.343275,8.540151,8.5401535
1.796399e+25,0.86293334,0.9988093,310000.0,151467.44,149824.05,149824.05,18.954678,10.343678,8.540152,8.540153
1.796399e+25,0.85104924,0.9988718,310000.0,151467.38,149824.06,149824.06,18.954678,10.343383,8.540152,8.540153
1.796399e+25,0.85611266,0.99879026,310000.0,151467.31,149824.06,149824.06,18.954678,10.343279,8.540153,8.540154
1.796399e+25,0.8393702,0.9992318,310000.0,151467.4,149824.06,149824.08,18.954678,10.343613,8.540152,8.5401535
1.796399e+25,0.861448,0.9992963,310000.0,151467.39,149824.06,149824.06,18.954678,10.3433275,8.54015,8.5401535
1.796399e+25,0.86675954,0.9987787,310000.0,151467.42,149824.06,149824.06,18.954678,10.343862,8.540152,8.5401535
1.796399e+25,0.8636508,0.9990474,310000.0,151467.31,149824.05,149824.06,18.954678,10.343193,8.540151,8.5401535
1.796399e+25,0.8678997,0.9993462,310000.0,151467.39,149824.06,149824.05,18.954678,10.343319,8.540151,8.540153
1.796399e+25,0.86838,0.99913126,310000.0,151467.31,149824.06,149824.05,18.954678,10.343391,8.540151,8.540154
1.796399e+25,0.8638723,0.99883145,310000.0,151467.38,149824.05,149824.05,18.954678,10.34319,8.540152,8.540153
1.796399e+25,0.86995745,0.99844384,310000.0,151467.38,149824.06,149824.03,18.954678,10.343249,8.540151,8.540153
1.796399e+25,0.85112363,0.9988556,310000.0,151467.39,149824.06,149824.06,18.954678,10.343209,8.540152,8.540152
1.796399e+25,0.8592498,0.99883723,310000.0,151467.45,149824.06,149824.06,18.954678,10.343578,8.540152,8.540153
1.796399e+25,0.85863996,0.9989148,310000.0,151467.39,149824.06,149824.06,18.954678,10.343337,8.540152,8.540153
1.796399e+25,0.86093557,0.99880785,310000.0,151467.44,149824.05,149824.05,18.954678,10.34365,8.540153,8.540153
1.796399e+25,0.8540004,0.99916095,310000.0,151467.33,149824.08,149824.08,18.954678,10.343401,8.540151,8.540152
1.796399e+25,0.8417953,0.99904764,310000.0,151467.44,149824.06,149824.05,18.954678,10.343727,8.540151,8.540153
1.796399e+25,0.85943437,0.9989132,310000.0,151467.42,149824.06,149824.06,18.954678,10.343675,8.54015,8.540153
1.796399e+25,0.85525256,0.998907,310000.0,151467.44,149824.06,149824.08,18.954678,10.343485,8.540152,8.540153
1.796399e+25,0.8846384,0.99903375,310000.0,151467.4,149824.06,149824.05,18.954678,10.343517,8.540151,8.5401535
1.796399e+25,0.87079537,0.99918926,310000.0,151467.39,149824.05,149824.05,18.954678,10.343529,8.540151,8.540152
1.796399e+25,0.8534882,0.99881667,310000.0,151467.39,149824.03,149824.05,18.954678,10.343521,8.540152,8.540152
1.796399e+25,0.86453384,0.9990676,310000.0,151467.34,149824.06,149824.03,18.954678,10.343474,8.540152,8.5401535
1.796399e+25,0.8708761,0.99884135,310000.0,151467.4,149824.03,149824.06,18.954678,10.343402,8.540152,8.540153
1.796399e+25,0.86478543,0.99905497,310000.0,151467.36,149824.05,149824.05,18.954678,10.343407,8.540151,8.540153
1.796399e+25,0.85622716,0.99916375,310000.0,151467.45,149824.08,149824.05,18.954678,10.343614,8.540151,8.540153
1.796399e+25,0.859319,0.99881196,310000.0,151467.36,149824.06,149824.06,18.954678,10.343357,8.540152,8.540152
1.796399e+25,0.8499783,0.99883294,310000.0,151467.4,149824.06,149824.05,18.954678,10.34324,8.540151,8.540152
1.796399e+25,0.8792397,0.9987723,310000.0,151467.33,149824.05,149824.05,18.954678,10.343207,8.540151,8.5401535
1.796399e+25,0.8755825,0.9993434,310000.0,151467.36,149824.06,149824.05,18.954678,10.343366,8.54015,8.540153
1.796399e+25,0.8487839,0.99928963,310000.0,151467.39,149824.05,149824.08,18.954678,10.343718,8.540151,8.540152
1.796399e+25,0.8755515,0.99898386,310000.0,151467.45,149824.05,149824.03,18.954678,10.343584,8.540151,8.540153
1.796399e+25,0.8595979,0.99903196,310000.0,151467.39,149824.06,149824.05,18.954678,10.343281,8.540153,8.540152
1.796399e+25,0.86975634,0.99904466,310000.0,151467.38,149824.06,149824.06,18.954678,10.343426,8.540151,8.5401535
1.796399e+25,0.8685245,0.9988913,310000.0,151467.36,149824.06,149824.05,18.954678,10.343557,8.540152,8.540153
1.796399e+25,0.8682631,0.99878997,310000.0,151467.36,149824.05,149824.06,18.954678,10.343526,8.540152,8.5401535
1.796399e+25,0.8681742,0.99896204,310000.0,151467.42,149824.05,149824.08,18.954678,10.34366,8.540152,8.540152
1.796399e+25,0.8516735,0.99933666,310000.0,151467.4,149824.08,149824.03,18.954678,10.343246,8.54015,8.540153
1.796399e+25,0.8607222,0.9993021,310000.0,151467.39,149824.05,149824.06,18.954678,10.343343,8.54015,8.540153
1.796399e+25,0.8568054,0.99920374,310000.0,151467.31,149824.06,149824.05,18.954678,10.343141,8.540152,8.5401535
1.796399e+25,0.8727321,0.9986073,310000.0,151467.38,149824.05,149824.05,18.954678,10.343555,8.540152,8.5401535
1.796399e+25,0.8731526,0.9988726,310000.0,151467.36,149824.03,149824.05,18.954678,10.342987,8.540152,8.540153
1.796399e+25,0.8595836,0.99895555,310000.0,151467.4,149824.05,149824.03,18.954678,10.343259,8.540151,8.540153
1.796399e+25,0.8656379,0.99930155,310000.0,151467.36,149824.05,149824.06,18.954678,10.343514,8.540149,8.540153
1.796399e+25,0.8604732,0.9988618,310000.0,151467.33,149824.03,149824.05,18.954678,10.343192,8.540151,8.540153
1.796399e+25,0.860095,0.99926376,310000.0,151467.36,149824.06,149824.05,18.954678,10.343227,8.540151,8.5401535
1.796399e+25,0.8504684,0.9984031,310000.0,151467.38,149824.06,149824.05,18.954678,10.343346,8.540151,8.5401535
1.796399e+25,0.8704599,0.99882996,310000.0,151467.33,149824.05,149824.06,18.954678,10.343023,8.540151,8.540153
1.796399e+25,0.85568804,0.99919707,310000.0,151467.4,149824.05,149824.06,18.954678,10.343508,8.540151,8.540153
1.796399e+25,0.8556519,0.99884415,310000.0,151467.39,149824.05,149824.06,18.954678,10.343616,8.540152,8.540153
1.796399e+25,0.8596714,0.99870294,310000.0,151467.39,149824.05,149824.06,18.954678,10.3431635,8.540151,8.5401535
1.796399e+25,0.8585891,0.99906105,310000.0,151467.34,149824.08,149824.06,18.954678,10.343587,8.540152,8.540153
1.796399e+25,0.8714407,0.9986507,310000.0,151467.4,149824.05,149824.05,18.954678,10.343599,8.540152,8.5401535
1.796399e+25,0.8751596,0.9993985,310000.0,151467.38,149824.05,149824.06,18.954678,10.343406,8.540149,8.540152
1.796399e+25,0.86122984,0.9989783,310000.0,151467.39,149824.06,149824.06,18.954678,10.343487,8.540152,8.540153
1.796399e+25,0.86319894,0.9990928,310000.0,151467.44,149824.08,149824.05,18.954678,10.343589,8.540151,8.540153
1.796399e+25,0.8645648,0.9986697,310000.0,151467.38,149824.06,149824.06,18.954678,10.343551,8.540152,8.540154
1.796399e+25,0.863477,0.9988645,310000.0,151467.34,149824.06,149824.06,18.954678,10.343453,8.540152,8.5401535
1.796399e+25,0.8698244,0.99883455,310000.0,151467.4,149824.05,149824.05,18.954678,10.343396,8.540153,8.540153
1.796399e+25,0.871797,0.99893826,310000.0,151467.39,149824.05,149824.06,18.954678,10.343365,8.540152,8.540152
1.796399e+25,0.86556625,0.9988647,310000.0,151467.34,149824.05,149824.06,18.954678,10.343609,8.540152,8.540153
1.796399e+25,0.8730506,0.9993316,310000.0,151467.36,149824.05,149824.06,18.954678,10.343307,8.540149,8.540152
1.796399e+25,0.86693394,0.99904335,310000.0,151467.36,149824.06,149824.05,18.954678,10.343867,8.540152,8.540153
1.796399e+25,0.8696339,0.998848,310000.0,151467.4,149824.06,149824.06,18.954678,10.343468,8.540153,8.540153
1.796399e+25,0.8656519,0.9988126,310000.0,151467.3,149824.03,149824.05,18.954678,10.343141,8.540151,8.540153
1.796399e+25,0.84600985,0.9994532,310000.0,151467.38,149824.06,149824.05,18.954678,10.343516,8.54015,8.540153
1.796399e+25,0.8707542,0.9988566,310000.0,151467.34,149824.05,149824.03,18.954678,10.343462,8.540152,8.540152
1.796399e+25,0.8679345,0.9990887,310000.0,151467.4,149824.06,149824.05,18.954678,10.343201,8.540151,8.540151
1.796399e+25,0.8706306,0.99924386,310000.0,151467.38,149824.05,149824.06,18.954678,10.343313,8.540151,8.540152
1.796399e+25,0.8752325,0.99889815,310000.0,151467.33,149824.05,149824.06,18.954678,10.343309,8.540152,8.540153
1.796399e+25,0.86998767,0.99868107,310000.0,151467.31,149824.05,149824.06,18.954678,10.343246,8.540152,8.540153
1.796399e+25,0.8690093,0.99888796,310000.0,151467.38,149824.05,149824.08,18.954678,10.343361,8.540152,8.540153
1.796399e+25,0.8491371,0.9990184,310000.0,151467.42,149824.06,149824.05,18.954678,10.343612,8.540151,8.540152
1.796399e+25,0.8668273,0.9992503,310000.0,151467.42,149824.06,149824.06,18.954678,10.343357,8.540151,8.540152
1.796399e+25,0.85939026,0.99882406,310000.0,151467.36,149824.06,149824.06,18.954678,10.343535,8.540152,8.540152
1.796399e+25,0.8813829,0.9990529,310000.0,151467.39,149824.05,149824.06,18.954678,10.343065,8.540152,8.540153
1.796399e+25,0.8561954,0.9990371,310000.0,151467.34,149824.06,149824.06,18.954678,10.343201,8.540151,8.540153
1.796399e+25,0.86943525,0.9992479,310000.0,151467.38,149824.06,149824.06,18.954678,10.343655,8.540151,8.540153
1.796399e+25,0.8597885,0.99897313,310000.0,151467.34,149824.05,149824.05,18.954678,10.343051,8.540153,8.540153
1.796399e+25,0.8662171,0.99893403,310000.0,151467.39,149824.06,149824.05,18.954678,10.343198,8.540151,8.540152
1.796399e+25,0.8647434,0.9989483,310000.0,151467.38,149824.06,149824.05,18.954678,10.34391,8.540152,8.540152
1.796399e+25,0.8559571,0.9989155,310000.0,151467.42,149824.05,149824.05,18.954678,10.343503,8.540152,8.540153
1.796399e+25,0.8617564,0.99861455,310000.0,151467.34,149824.03,149824.05,18.954678,10.343283,8.540151,8.540153
1.796399e+25,0.87346363,0.9992214,310000.0,151467.38,149824.05,149824.08,18.954678,10.343191,8.540151,8.5401535
1.796399e+25,0.85725677,0.99891806,310000.0,151467.38,149824.05,149824.06,18.954678,10.343208,8.540151,8.540153
1.796399e+25,0.8566043,0.9990155,310000.0,151467.36,149824.05,149824.06,18.954678,10.342931,8.540153,8.540152
1.796399e+25,0.8555641,0.99935275,310000.0,151467.4,149824.05,149824.05,18.954678,10.343335,8.540149,8.540153
1.796399e+25,0.8597484,0.9990715,310000.0,151467.42,149824.06,149824.06,18.954678,10.343163,8.540152,8.540153
1.796399e+25,0.8769859,0.9988626,310000.0,151467.4,149824.05,149824.06,18.954678,10.343422,8.540151,8.540153
1.796399e+25,0.86765015,0.99844176,310000.0,151467.42,149824.05,149824.03,18.954678,10.343591,8.540152,8.540152
1.796399e+25,0.8591316,0.9987442,310000.0,151467.38,149824.05,149824.05,18.954678,10.343598,8.540151,8.540152
1.796399e+25,0.87166744,0.9990893,310000.0,151467.42,149824.06,149824.06,18.954678,10.343856,8.540152,8.540153
1.796399e+25,0.8646295,0.99892735,310000.0,151467.36,149824.06,149824.03,18.954678,10.343429,8.540152,8.540152
1.796399e+25,0.8638981,0.99877983,310000.0,151467.4,149824.06,149824.05,18.954678,10.34367,8.540151,8.540153
1.796399e+25,0.8726904,0.99925697,310000.0,151467.42,149824.06,149824.03,18.954678,10.343913,8.54015,8.540152
1.796399e+25,0.8528279,0.9988839,310000.0,151467.39,149824.06,149824.05,18.954678,10.343311,8.540152,8.540153
1.796399e+25,0.85200816,0.9992004,310000.0,151467.38,149824.06,149824.05,18.954678,10.3433275,8.540151,8.540152
1.796399e+25,0.8764285,0.9989133,310000.0,151467.42,149824.06,149824.06,18.954678,10.343731,8.540152,8.540153
1.796399e+25,0.85385114,0.9989209,310000.0,151467.4,149824.03,149824.05,18.954678,10.343521,8.540152,8.540153
1.796399e+25,0.8779045,0.9989449,310000.0,151467.38,149824.06,149824.05,18.954678,10.3436165,8.540152,8.540152
1.796399e+25,0.8603216,0.999309,310000.0,151467.4,149824.06,149824.06,18.954678,10.343411,8.540152,8.540153
1.796399e+25,0.8614376,0.99889404,310000.0,151467.36,149824.05,149824.06,18.954678,10.342987,8.540152,8.540153
1.796399e+25,0.87066966,0.999114,310000.0,151467.36,149824.06,149824.06,18.954678,10.343143,8.540151,8.5401535
1.796399e+25,0.87244564,0.9984043,310000.0,151467.33,149824.05,149824.06,18.954678,10.343427,8.540151,8.540152
1.796399e+25,0.8847613,0.9983464,310000.0,151467.4,149824.05,149824.06,18.954678,10.343313,8.540151,8.540152
1.796399e+25,0.8718187,0.99903566,310000.0,151467.36,149824.06,149824.05,18.954678,10.343163,8.540151,8.540152
1.796399e+25,0.86046696,0.9991708,310000.0,151467.38,149824.08,149824.08,18.954678,10.3434305,8.540152,8.540153
1.796399e+25,0.8616621,0.9988017,310000.0,151467.34,149824.05,149824.05,18.954678,10.343065,8.540152,8.540152
1.796399e+25,0.85794723,0.99921215,310000.0,151467.36,149824.05,149824.05,18.954678,10.343273,8.540152,8.540153
1.796399e+25,0.86091197,0.99879855,310000.0,151467.45,149824.03,149824.03,18.954678,10.34368,8.540151,8.540152
1.796399e+25,0.86175853,0.99887484,310000.0,151467.36,149824.06,149824.05,18.954678,10.343055,8.540152,8.540152
1.796399e+25,0.8593428,0.99892837,310000.0,151467.44,149824.08,149824.06,18.954678,10.343372,8.540152,8.540152
1.796399e+25,0.8707281,0.9989151,310000.0,151467.34,149824.05,149824.06,18.954678,10.343116,8.540152,8.540153
1.796399e+25,0.8767031,0.9983662,310000.0,151467.36,149824.03,149824.03,18.954678,10.343408,8.540152,8.540152
1.796399e+25,0.871635,0.9989816,310000.0,151467.44,149824.06,149824.06,18.954678,10.343435,8.540151,8.540152
1.796399e+25,0.86041635,0.9989266,310000.0,151467.39,149824.05,149824.05,18.954678,10.343231,8.540151,8.540152
1.796399e+25,0.86677706,0.99884486,310000.0,151467.39,149824.06,149824.06,18.954678,10.343539,8.540151,8.540146
1.796399e+25,0.87578,0.99840766,310000.0,151467.4,149824.06,149824.03,18.954678,10.343497,8.540151,8.540145
1.796399e+25,0.86120456,0.99897546,310000.0,151467.34,149824.05,149824.03,18.954678,10.343265,8.540152,8.540145
1.796399e+25,0.86686605,0.99915516,310000.0,151467.44,149824.05,149824.06,18.954678,10.343942,8.540152,8.540146
1.796399e+25,0.864255,0.9989208,310000.0,151467.34,149824.05,149824.06,18.954678,10.343235,8.540151,8.540147
1.796399e+25,0.84472835,0.9995039,310000.0,151467.42,149824.05,149824.03,18.954678,10.343437,8.54015,8.540146
1.796399e+25,0.88038886,0.9983823,310000.0,151467.4,149824.08,149824.05,18.954678,10.34361,8.540152,8.540146
1.796399e+25,0.8637157,0.99837357,310000.0,151467.36,149824.08,149824.05,18.954678,10.343257,8.540152,8.540145
1.796399e+25,0.8668159,0.99882686,310000.0,151467.4,149824.06,149824.03,18.954678,10.343648,8.540153,8.540146
1.796399e+25,0.8608279,0.99931186,310000.0,151467.39,149824.03,149824.06,18.954678,10.343464,8.54015,8.540146
1.796399e+25,0.86904824,0.99829745,310000.0,151467.39,149824.03,149824.03,18.954678,10.34356,8.540151,8.540146
1.796399e+25,0.8635516,0.998869,310000.0,151467.36,149824.05,149824.05,18.954678,10.343468,8.540151,8.540146
1.796399e+25,0.87007046,0.99903893,310000.0,151467.38,149824.05,149824.05,18.954678,10.343639,8.540152,8.540145
1.796399e+25,0.864666,0.9988621,310000.0,151467.38,149824.05,149824.03,18.954678,10.343275,8.540152,8.540145
1.796399e+25,0.8670027,0.9988546,310000.0,151467.44,149824.05,149824.06,18.954678,10.343463,8.540152,8.540146
1.796399e+25,0.87513655,0.99884534,310000.0,151467.4,149824.06,149824.05,18.954678,10.343723,8.540152,8.540146
1.796399e+25,0.860947,0.9987907,310000.0,151467.39,149824.05,149824.05,18.954678,10.343588,8.540152,8.540145
1.796399e+25,0.8603471,0.99892867,310000.0,151467.44,149824.08,149824.05,18.954678,10.343541,8.540151,8.540145
1.796399e+25,0.8592223,0.9988965,310000.0,151467.4,149824.08,149824.06,18.954678,10.343345,8.540152,8.540146
1.796399e+25,0.8600844,0.9990493,310000.0,151467.4,149824.06,149824.05,18.954678,10.343456,8.540151,8.540145
1.796399e+25,0.85867804,0.9988606,310000.0,151467.34,149824.06,149824.05,18.954678,10.343325,8.540153,8.540146
1.796399e+25,0.8678579,0.9990309,310000.0,151467.4,149824.03,149824.06,18.954678,10.34336,8.540151,8.540146
1.796399e+25,0.8656989,0.99895114,310000.0,151467.34,149824.05,149824.05,18.954678,10.343312,8.540152,8.540147
1.796399e+25,0.86848336,0.99895513,310000.0,151467.39,149824.03,149824.05,18.954678,10.343198,8.540152,8.540146
1.796399e+25,0.8794652,0.9990518,310000.0,151467.38,149824.08,149824.06,18.954678,10.343516,8.540152,8.540146
1.796399e+25,0.8828754,0.99885195,310000.0,151467.34,149824.06,149824.03,18.954678,10.342967,8.540151,8.540145
1.796399e+25,0.86583966,0.9986108,310000.0,151467.44,149824.05,149824.06,18.954678,10.343699,8.540151,8.540146
1.796399e+25,0.86175513,0.9987675,310000.0,151467.38,149824.08,149824.06,18.954678,10.343826,8.540152,8.540146
1.796399e+25,0.8698337,0.99913985,310000.0,151467.42,149824.05,149824.06,18.954678,10.343395,8.540151,8.540146
1.796399e+25,0.86283565,0.9993423,310000.0,151467.42,149824.06,149824.06,18.954678,10.3438,8.540151,8.540146
1.796399e+25,0.8637713,0.9988516,310000.0,151467.4,149824.06,149824.05,18.954678,10.3436575,8.540153,8.540146
1.796399e+25,0.8647791,0.99906284,310000.0,151467.38,149824.06,149824.06,18.954678,10.343405,8.540152,8.540146
1.796399e+25,0.8861128,0.9988086,310000.0,151467.42,149824.03,149824.05,18.954678,10.343473,8.540152,8.540145
1.796399e+25,0.87377715,0.99903,310000.0,151467.33,149824.06,149824.05,18.954678,10.343112,8.540152,8.540146
1.796399e+25,0.8680598,0.9990827,310000.0,151467.4,149824.05,149824.03,18.954678,10.343368,8.540152,8.540145
1.796399e+25,0.86044925,0.9989636,310000.0,151467.4,149824.05,149824.05,18.954678,10.343807,8.540151,8.540146
1.796399e+25,0.8656538,0.99885654,310000.0,151467.4,149824.05,149824.05,18.954678,10.343661,8.540152,8.540147
1.796399e+25,0.8638894,0.9992554,310000.0,151467.34,149824.03,149824.06,18.954678,10.343534,8.54015,8.540147
1.796399e+25,0.867017,0.9990659,310000.0,151467.42,149824.05,149824.05,18.954678,10.343578,8.54015,8.540146
1.796399e+25,0.86895376,0.9983729,310000.0,151467.42,149824.06,149824.03,18.954678,10.343275,8.540151,8.540146
1.796399e+25,0.86841244,0.9988839,310000.0,151467.42,149824.06,149824.05,18.954678,10.343595,8.540152,8.540146
1.796399e+25,0.870476,0.9993341,310000.0,151467.39,149824.06,149824.08,18.954678,10.343366,8.54015,8.540147
1.796399e+25,0.8811705,0.9990311,310000.0,151467.38,149824.06,149824.05,18.954678,10.343521,8.540151,8.540146
1.796399e+25,0.8576953,0.99929893,310000.0,151467.42,149824.05,149824.05,18.954678,10.34354,8.54015,8.540147
1.796399e+25,0.8591103,0.9989214,310000.0,151467.4,149824.05,149824.06,18.954678,10.343685,8.540152,8.540146
1.796399e+25,0.8688803,0.99895024,310000.0,151467.36,149824.05,149824.05,18.954678,10.343144,8.540152,8.540145
1.796399e+25,0.86263704,0.9988536,310000.0,151467.38,149824.05,149824.05,18.954678,10.3434925,8.540151,8.540147
1.796399e+25,0.8572867,0.999305,310000.0,151467.4,149824.05,149824.05,18.954678,10.3434,8.54015,8.540146
1.796399e+25,0.87353724,0.9989093,310000.0,151467.34,149824.06,149824.06,18.954678,10.343246,8.540152,8.540145
1.796399e+25,0.8660419,0.9991697,310000.0,151467.38,149824.08,149824.06,18.954678,10.343219,8.540152,8.540146
1.796399e+25,0.87355983,0.9989314,310000.0,151467.36,149824.06,149824.08,18.954678,10.343154,8.540152,8.540147
1.796399e+25,0.87294894,0.99859804,310000.0,151467.4,149824.03,149824.05,18.954678,10.343607,8.540151,8.540145
1.796399e+25,0.86279523,0.99888414,310000.0,151467.38,149824.06,149824.03,18.954678,10.343528,8.540152,8.540146
1.796399e+25,0.8697495,0.9982925,310000.0,151467.36,149824.03,149824.05,18.954678,10.3433275,8.540151,8.540146
1.796399e+25,0.86356306,0.9989598,310000.0,151467.42,149824.05,149824.05,18.954678,10.343531,8.540152,8.540146
1.796399e+25,0.87534094,0.9989633,310000.0,151467.39,149824.06,149824.06,18.954678,10.3434925,8.540152,8.540145
1.796399e+25,0.88045114,0.99883574,310000.0,151467.39,149824.06,149824.05,18.954678,10.343288,8.540151,8.540146
1.796399e+25,0.8656787,0.9988322,310000.0,151467.38,149824.05,149824.06,18.954678,10.34336,8.540152,8.540147
1.796399e+25,0.86666733,0.9988592,310000.0,151467.33,149824.05,149824.03,18.954678,10.343497,8.540152,8.540145
1.796399e+25,0.86886036,0.9988694,310000.0,151467.39,149824.05,149824.03,18.954678,10.343727,8.540152,8.540146
1.796399e+25,0.86097795,0.9991655,310000.0,151467.34,149824.06,149824.06,18.954678,10.343669,8.540152,8.540146
1.796399e+25,0.87087405,0.99904716,310000.0,151467.34,149824.05,149824.06,18.954678,10.343286,8.540151,8.540146
1.796399e+25,0.8721502,0.99880075,310000.0,151467.36,149824.06,149824.06,18.954678,10.343365,8.540151,8.540145
1.796399e+25,0.8635782,0.9989021,310000.0,151467.42,149824.06,149824.05,18.954678,10.343601,8.540152,8.540145
1.796399e+25,0.8684749,0.9987811,310000.0,151467.39,149824.06,149824.03,18.954678,10.343496,8.540152,8.540146
1.796399e+25,0.8680094,0.9990329,310000.0,151467.38,149824.06,149824.05,18.954678,10.343153,8.540151,8.540147
1.796399e+25,0.8670476,0.99898607,310000.0,151467.42,149824.06,149824.05,18.954678,10.34337,8.540152,8.540146
1.796399e+25,0.8582231,0.99898696,310000.0,151467.39,149824.05,149824.05,18.954678,10.343553,8.540152,8.540146
1.796399e+25,0.8710559,0.9994861,310000.0,151467.39,149824.05,149824.05,18.954678,10.343717,8.540149,8.540145
1.796399e+25,0.86564046,0.9988381,310000.0,151467.39,149824.05,149824.05,18.954678,10.343486,8.540152,8.540145
1.796399e+25,0.85018396,0.99934894,310000.0,151467.38,149824.06,149824.05,18.954678,10.343398,8.54015,8.540145
1.796399e+25,0.87842494,0.9990781,310000.0,151467.39,149824.05,149824.05,18.954678,10.343432,8.540151,8.540146
1.796399e+25,0.8699415,0.99892557,310000.0,151467.38,149824.05,149824.03,18.954678,10.34365,8.540152,8.540146
1.796399e+25,0.86198497,0.99893826,310000.0,151467.36,149824.05,149824.03,18.954678,10.343162,8.540151,8.540146
1.796399e+25,0.8455798,0.99886817,310000.0,151467.39,149824.05,149824.06,18.954678,10.343865,8.540152,8.540145
1.796399e+25,0.8702822,0.99889326,310000.0,151467.36,149824.06,149824.03,18.954678,10.34349,8.540152,8.540146
1.796399e+25,0.866763,0.9988624,310000.0,151467.36,149824.05,149824.06,18.954678,10.343649,8.540152,8.540146
1.796399e+25,0.8701757,0.99890345,310000.0,151467.42,149824.08,149824.03,18.954678,10.343336,8.540152,8.540147
1.796399e+25,0.8730187,0.9989325,310000.0,151467.36,149824.06,149824.03,18.954678,10.343416,8.540152,8.540146
1.796399e+25,0.8673171,0.99882966,310000.0,151467.44,149824.05,149824.06,18.954678,10.343524,8.540152,8.540145
1.796399e+25,0.8573608,0.9990728,310000.0,151467.4,149824.05,149824.06,18.954678,10.343343,8.540152,8.540146
1.796399e+25,0.86173064,0.99943095,310000.0,151467.42,149824.06,149824.08,18.954678,10.343859,8.540149,8.540146
1.796399e+25,0.86142236,0.9991974,310000.0,151467.42,149824.06,149824.05,18.954678,10.343619,8.540151,8.540147
1.796399e+25,0.87532246,0.99886787,310000.0,151467.38,149824.06,149824.06,18.954678,10.343582,8.540152,8.540146
1.796399e+25,0.8796779,0.99876684,310000.0,151467.36,149824.05,149824.05,18.954678,10.343558,8.540152,8.540145
1.796399e+25,0.8706671,0.9988859,310000.0,151467.34,149824.05,149824.03,18.954678,10.343163,8.540151,8.540146
1.796399e+25,0.8675899,0.9988688,310000.0,151467.4,149824.05,149824.05,18.954678,10.343639,8.540152,8.540145
1.796399e+25,0.8631693,0.9988624,310000.0,151467.33,149824.06,149824.06,18.954678,10.343235,8.540152,8.540146
1.796399e+25,0.8670395,0.9990583,310000.0,151467.38,149824.05,149824.05,18.954678,10.343416,8.540151,8.540146
1.796399e+25,0.8666098,0.9988313,310000.0,151467.34,149824.08,149824.06,18.954678,10.343231,8.540152,8.540146
1.796399e+25,0.86827904,0.998815,310000.0,151467.38,149824.05,149824.03,18.954678,10.343304,8.540152,8.540147
1.796399e+25,0.87395805,0.99881756,310000.0,151467.4,149824.05,149824.05,18.954678,10.343742,8.540151,8.540145
1.796399e+25,0.8717685,0.9987215,310000.0,151467.38,149824.06,149824.06,18.954678,10.343132,8.540152,8.540146
1.796399e+25,0.8570727,0.9989555,310000.0,151467.38,149824.05,149824.06,18.954678,10.343352,8.540151,8.540145
1.796399e+25,0.87075025,0.998937,310000.0,151467.4,149824.05,149824.05,18.954678,10.343348,8.540152,8.540145
1.796399e+25,0.87215924,0.9988343,310000.0,151467.39,149824.06,149824.05,18.954678,10.343625,8.540153,8.540146
1.796399e+25,0.85846424,0.99880743,310000.0,151467.39,149824.05,149824.06,18.954678,10.343646,8.540153,8.540145
1.796399e+25,0.8797035,0.99896777,310000.0,151467.38,149824.06,149824.05,18.954678,10.343342,8.540151,8.540146
1.796399e+25,0.8712173,0.9988685,310000.0,151467.42,149824.05,149824.05,18.954678,10.343497,8.540151,8.540146
1.796399e+25,0.87347454,0.9988683,310000.0,151467.38,149824.05,149824.05,18.954678,10.343573,8.540152,8.540145
1.796399e+25,0.8726091,0.99945295,310000.0,151467.39,149824.05,149824.05,18.954678,10.343158,8.54015,8.540146
1.796399e+25,0.8629313,0.9988171,310000.0,151467.44,149824.03,149824.05,18.954678,10.343586,8.540152,8.540145
1.796399e+25,0.8603985,0.99889416,310000.0,151467.34,149824.05,149824.05,18.954678,10.3431635,8.540152,8.540146
1.796399e+25,0.8674943,0.999319,310000.0,151467.42,149824.03,149824.05,18.954678,10.343661,8.54015,8.540146
1.796399e+25,0.8783454,0.9989901,310000.0,151467.33,149824.05,149824.06,18.954678,10.343377,8.540153,8.540146
1.796399e+25,0.86700386,0.99857277,310000.0,151467.38,149824.05,149824.05,18.954678,10.343182,8.540152,8.540146
1.796399e+25,0.88075185,0.9988852,310000.0,151467.38,149824.06,149824.05,18.954678,10.343609,8.540152,8.540146
1.796399e+25,0.8623726,0.99902666,310000.0,151467.39,149824.05,149824.03,18.954678,10.343654,8.540151,8.540146
1.796399e+25,0.8723541,0.99901754,310000.0,151467.39,149824.05,149824.05,18.954678,10.34326,8.540152,8.540147
1.796399e+25,0.85954666,0.9987996,310000.0,151467.36,149824.05,149824.06,18.954678,10.34341,8.540152,8.540146
1.796399e+25,0.8719273,0.9989717,310000.0,151467.34,149824.05,149824.06,18.954678,10.343298,8.540151,8.540145
1.796399e+25,0.8808238,0.99901474,310000.0,151467.36,149824.06,149824.02,18.954678,10.343263,8.540152,8.540146
1.796399e+25,0.8731091,0.9989614,310000.0,151467.38,149824.05,149824.06,18.954678,10.343351,8.540152,8.540146
1.796399e+25,0.858327,0.9989899,310000.0,151467.34,149824.05,149824.03,18.954678,10.343343,8.540151,8.540145
1.796399e+25,0.8695457,0.99888927,310000.0,151467.36,149824.05,149824.05,18.954678,10.343191,8.540151,8.540145
1.796399e+25,0.86261433,0.99924064,310000.0,151467.36,149824.05,149824.06,18.954678,10.343461,8.540151,8.540145
1.796399e+25,0.86470854,0.9991873,310000.0,151467.38,149824.06,149824.03,18.954678,10.343551,8.540151,8.540145
1.796399e+25,0.8913942,0.9989129,310000.0,151467.36,149824.05,149824.06,18.954678,10.343166,8.540151,8.540146
1.796399e+25,0.86762255,0.9987448,310000.0,151467.36,149824.05,149824.05,18.954678,10.343276,8.540152,8.540146
1.796399e+25,0.86895,0.9990206,310000.0,151467.42,149824.05,149824.05,18.954678,10.343832,8.540152,8.540145
1.796399e+25,0.87902564,0.9989053,310000.0,151467.39,149824.05,149824.05,18.954678,10.343362,8.540152,8.540146
1.796399e+25,0.8865559,0.99903435,310000.0,151467.39,149824.05,149824.03,18.954678,10.343316,8.540151,8.540145
1.796399e+25,0.89303863,0.998992,310000.0,151467.39,149824.06,149824.05,18.954678,10.343662,8.540151,8.540146
1.796399e+25,0.86159503,0.9989566,310000.0,151467.39,149824.05,149824.02,18.954678,10.343392,8.540151,8.540145
1.796399e+25,0.8701369,0.9988897,310000.0,151467.42,149824.06,149824.03,18.954678,10.343554,8.540152,8.540146
1.796399e+25,0.8784648,0.9988715,310000.0,151467.42,149824.03,149824.03,18.954678,10.343834,8.540152,8.540146
1.796399e+25,0.8639371,0.99900436,310000.0,151467.38,149824.05,149824.06,18.954678,10.343442,8.540152,8.540145
1.796399e+25,0.8642578,0.9993546,310000.0,151467.38,149824.06,149824.03,18.954678,10.343277,8.54015,8.540145
1.796399e+25,0.87366825,0.9987472,310000.0,151467.38,149824.05,149824.06,18.954678,10.342999,8.540152,8.540145
1.796399e+25,0.8655147,0.99896854,310000.0,151467.39,149824.06,149824.05,18.954678,10.343354,8.540151,8.540145
1.796399e+25,0.8493951,0.99897885,310000.0,151467.34,149824.06,149824.03,18.954678,10.343318,8.540152,8.540144
1.796399e+25,0.85397315,0.99885875,310000.0,151467.31,149824.06,149824.05,18.954678,10.343198,8.540151,8.540145
1.796399e+25,0.8637584,0.99890417,310000.0,151467.33,149824.06,149824.05,18.954678,10.343624,8.540152,8.540146
1.796399e+25,0.86888826,0.99868137,310000.0,151467.36,149824.06,149824.03,18.954678,10.343588,8.540153,8.540146
1.796399e+25,0.8655167,0.99869025,310000.0,151467.3,149824.05,149824.06,18.954678,10.343093,8.540153,8.540146
1.796399e+25,0.8602606,0.9989436,310000.0,151467.44,149824.05,149824.06,18.954678,10.343762,8.54015,8.540146
1.796399e+25,0.86530966,0.9989355,310000.0,151467.36,149824.05,149824.08,18.954678,10.34313,8.540153,8.540145
1.796399e+25,0.8710927,0.99878466,310000.0,151467.31,149824.08,149824.05,18.954678,10.343429,8.540151,8.540145
1.796399e+25,0.8607648,0.9989741,310000.0,151467.4,149824.06,149824.06,18.954678,10.343778,8.540153,8.540146
1.796399e+25,0.86360383,0.9989541,310000.0,151467.38,149824.06,149824.05,18.954678,10.343222,8.540152,8.540146
1.796399e+25,0.8575688,0.9988486,310000.0,151467.34,149824.05,149824.05,18.954678,10.343125,8.540152,8.540146
1.796399e+25,0.8600009,0.9988507,310000.0,151467.38,149824.06,149824.06,18.954678,10.343459,8.540151,8.540146
1.796399e+25,0.8556977,0.998867,310000.0,151467.38,149824.06,149824.05,18.954678,10.3434,8.540153,8.540146
1.796399e+25,0.8753854,0.99892795,310000.0,151467.38,149824.05,149824.05,18.954678,10.343413,8.540152,8.540146
1.796399e+25,0.86507535,0.9988809,310000.0,151467.38,149824.08,149824.05,18.954678,10.343402,8.540152,8.540145
1.796399e+25,0.86267895,0.99917316,310000.0,151467.4,149824.05,149824.05,18.954678,10.343521,8.54015,8.540145
1.796399e+25,0.8606704,0.9989573,310000.0,151467.36,149824.06,149824.06,18.954678,10.343214,8.540151,8.540146
1.796399e+25,0.8612852,0.99890107,310000.0,151467.42,149824.06,149824.03,18.954678,10.343527,8.540151,8.540145
1.796399e+25,0.86729527,0.9990949,310000.0,151467.45,149824.03,149824.06,18.954678,10.343905,8.54015,8.540145
1.796399e+25,0.8531522,0.9990145,310000.0,151467.39,149824.08,149824.06,18.954678,10.343449,8.540152,8.540146
1.796399e+25,0.85296935,0.9988511,310000.0,151467.42,149824.06,149824.06,18.954678,10.3433275,8.540152,8.540146
1.796399e+25,0.8491384,0.99883974,310000.0,151467.44,149824.05,149824.03,18.954678,10.343814,8.540151,8.540145
1.796399e+25,0.87992185,0.9989078,310000.0,151467.36,149824.05,149824.06,18.954678,10.343199,8.540151,8.540146
1.796399e+25,0.861486,0.9991,310000.0,151467.38,149824.08,149824.06,18.954678,10.343446,8.540152,8.540145
1.796399e+25,0.8598502,0.9989235,310000.0,151467.4,149824.06,149824.06,18.954678,10.343583,8.540152,8.540145
1.796399e+25,0.8743698,0.9989216,310000.0,151467.38,149824.05,149824.05,18.954678,10.343329,8.540151,8.540145
1.796399e+25,0.87012255,0.9988304,310000.0,151467.39,149824.06,149824.05,18.954678,10.343004,8.540152,8.540146
1.796399e+25,0.86949205,0.99887174,310000.0,151467.36,149824.05,149824.06,18.954678,10.3435755,8.540152,8.540146
250759.14,0.013121609,0.5586212,37000.0,151467.4,149824.06,149824.05,0.7491672,10.34342,8.540151,8.540172
250759.14,0.015816176,0.4682275,37000.0,151467.39,149824.05,149824.05,0.7491672,10.343173,8.540152,8.540164
250759.14,0.012608951,0.5537667,37000.0,151467.34,149824.06,149824.05,0.7491672,10.343621,8.540152,8.540161
250759.14,0.011136569,0.57906824,37000.0,151467.39,149824.06,149824.05,0.7491672,10.343575,8.540151,8.540171
250759.14,0.013010902,0.47035006,37000.0,151467.34,149824.06,149824.06,0.7491672,10.3434,8.540152,8.540163
250759.14,0.013077431,0.6233458,37000.0,151467.44,149824.08,149824.06,0.7491672,10.343499,8.54015,8.540171
250759.14,0.014692987,0.6326664,37000.0,151467.38,149824.05,149824.05,0.7491672,10.34381,8.54015,8.540158
250759.14,0.014225685,0.61676216,37000.0,151467.4,149824.03,149824.05,0.7491672,10.343716,8.54015,8.540168
250759.14,0.017630732,0.437359,37000.0,151467.36,149824.06,149824.06,0.7491672,10.343206,8.540152,8.540152
250759.14,0.014183858,0.6183627,37000.0,151467.44,149824.08,149824.05,0.7491672,10.343486,8.540151,8.540164
250759.14,0.014541258,0.44501683,37000.0,151467.34,149824.05,149824.06,0.7491672,10.343273,8.540152,8.540153
250759.14,0.014846651,0.71940076,37000.0,151467.4,149824.06,149824.03,0.7491672,10.343581,8.540149,8.540176
250759.14,0.01195629,0.6748067,37000.0,151467.39,149824.06,149824.05,0.7491672,10.343305,8.54015,8.540167
250759.14,0.01197766,0.619118,37000.0,151467.33,149824.05,149824.06,0.7491672,10.343236,8.54015,8.540155
250759.14,0.014860818,0.6182484,37000.0,151467.36,149824.06,149824.06,0.7491672,10.343272,8.54015,8.540149
250759.14,0.014506667,0.59480995,37000.0,151467.44,149824.05,149824.03,0.7491672,10.343323,8.540151,8.540155
250759.14,0.014246102,0.6317332,37000.0,151467.3,149824.06,149824.05,0.7491672,10.343316,8.54015,8.540175
250759.14,0.01569478,0.49466574,37000.0,151467.4,149824.05,149824.06,0.7491672,10.3434725,8.540151,8.540171
250759.14,0.015710097,0.44691333,37000.0,151467.42,149824.05,149824.05,0.7491672,10.343222,8.540151,8.540156
250759.14,0.01641434,0.60856706,37000.0,151467.36,149824.05,149824.05,0.7491672,10.343269,8.54015,8.540155
250759.14,0.018560216,0.5232672,37000.0,151467.33,149824.06,149824.03,0.7491672,10.342936,8.540152,8.540149
250759.14,0.016158741,0.56430393,37000.0,151467.38,149824.06,149824.05,0.7491672,10.343322,8.54015,8.540164
250759.14,0.013951458,0.6563694,37000.0,151467.36,149824.06,149824.03,0.7491672,10.343523,8.540149,8.540168
250759.14,0.0149699915,0.62432855,37000.0,151467.36,149824.06,149824.06,0.7491672,10.343259,8.540149,8.540165
250759.14,0.016131371,0.5444699,37000.0,151467.39,149824.06,149824.08,0.7491672,10.343817,8.540152,8.540161
250759.14,0.014206282,0.64873,37000.0,151467.36,149824.06,149824.05,0.7491672,10.343742,8.540149,8.540165
250759.14,0.014604241,0.63441676,37000.0,151467.34,149824.06,149824.08,0.7491672,10.3434305,8.54015,8.540169
250759.14,0.012557596,0.632834,37000.0,151467.4,149824.05,149824.03,0.7491672,10.343467,8.540149,8.540158
250759.14,0.014220649,0.48304516,37000.0,151467.4,149824.05,149824.06,0.7491672,10.343398,8.540152,8.540156
250759.14,0.014829358,0.55002457,37000.0,151467.39,149824.06,149824.05,0.7491672,10.343395,8.540151,8.540165
250759.14,0.014719729,0.43620706,37000.0,151467.39,149824.05,149824.05,0.7491672,10.343053,8.540151,8.54016
250759.14,0.012661128,0.58660626,37000.0,151467.36,149824.03,149824.05,0.7491672,10.343194,8.54015,8.5401535
250759.14,0.012610771,0.47206485,37000.0,151467.31,149824.03,149824.05,0.7491672,10.343234,8.540153,8.540155
250759.14,0.015062052,0.47084185,37000.0,151467.38,149824.05,149824.08,0.7491672,10.343733,8.540152,8.540157
250759.14,0.0142834,0.4204522,37000.0,151467.38,149824.05,149824.06,0.7491672,10.3436775,8.540152,8.540155
250759.14,0.015082455,0.6402423,37000.0,151467.38,149824.08,149824.05,0.7491672,10.343594,8.54015,8.540166
250759.14,0.014788166,0.4910299,37000.0,151467.39,149824.06,149824.08,0.7491672,10.343545,8.540153,8.540167
250759.14,0.013736108,0.52531374,37000.0,151467.45,149824.05,149824.05,0.7491672,10.343812,8.540151,8.54015
250759.14,0.015803488,0.4733753,37000.0,151467.36,149824.05,149824.06,0.7491672,10.343593,8.540151,8.540166
250759.14,0.015764808,0.615034,37000.0,151467.38,149824.05,149824.05,0.7491672,10.34335,8.54015,8.540161
250759.14,0.014287778,0.54559,37000.0,151467.34,149824.08,149824.05,0.7491672,10.343532,8.540152,8.5401745
250759.14,0.013960344,0.61709,37000.0,151467.38,149824.06,149824.05,0.7491672,10.343179,8.54015,8.54017
250759.14,0.013297783,0.5994564,37000.0,151467.39,149824.05,149824.05,0.7491672,10.343585,8.540151,8.540168
250759.14,0.01582404,0.5604741,37000.0,151467.36,149824.08,149824.05,0.7491672,10.343348,8.540152,8.540162
250759.14,0.015561091,0.56484383,37000.0,151467.36,149824.05,149824.05,0.7491672,10.343431,8.54015,8.540167
250759.14,0.012511866,0.46262565,37000.0,151467.36,149824.05,149824.05,0.7491672,10.343194,8.540152,8.540168
250759.14,0.015344562,0.5649755,37000.0,151467.33,149824.05,149824.06,0.7491672,10.343552,8.540151,8.540174
250759.14,0.014416617,0.58690834,37000.0,151467.44,149824.05,149824.05,0.7491672,10.343212,8.54015,8.540152
250759.14,0.014007127,0.60996574,37000.0,151467.34,149824.08,149824.06,0.7491672,10.343325,8.540151,8.540164
250759.14,0.017270776,0.63798743,37000.0,151467.44,149824.08,149824.03,0.7491672,10.3435135,8.54015,8.540151
250759.14,0.016303927,0.61477315,37000.0,151467.42,149824.05,149824.05,0.7491672,10.343606,8.54015,8.540154
250759.14,0.0149974795,0.5537095,37000.0,151467.38,149824.05,149824.06,0.7491672,10.34331,8.54015,8.5401535
250759.14,0.013214813,0.64953333,37000.0,151467.38,149824.05,149824.06,0.7491672,10.343166,8.540149,8.540147
250759.14,0.015851824,0.46437562,37000.0,151467.38,149824.06,149824.06,0.7491672,10.343566,8.540153,8.540157
250759.14,0.014575805,0.6378875,37000.0,151467.47,149824.06,149824.03,0.7491672,10.343395,8.54015,8.540156
250759.14,0.012602482,0.6583645,37000.0,151467.4,149824.06,149824.05,0.7491672,10.3434105,8.54015,8.540161
250759.14,0.014437166,0.52867764,37000.0,151467.38,149824.06,149824.05,0.7491672,10.343319,8.540151,8.540162
250759.14,0.016240332,0.49665728,37000.0,151467.38,149824.05,149824.05,0.7491672,10.343318,8.540151,8.540156
250759.14,0.01499902,0.60477704,37000.0,151467.34,149824.05,149824.03,0.7491672,10.343348,8.540149,8.540161
250759.14,0.01615914,0.5795065,37000.0,151467.42,149824.03,149824.05,0.7491672,10.343387,8.540149,8.540154
250759.14,0.014733716,0.54718846,37000.0,151467.42,149824.06,149824.06,0.7491672,10.343267,8.540151,8.540161
250759.14,0.013860126,0.5559031,37000.0,151467.42,149824.05,149824.03,0.7491672,10.343432,8.540151,8.54016
250759.14,0.016273472,0.45118895,37000.0,151467.38,149824.05,149824.05,0.7491672,10.343264,8.540152,8.5401535
250759.14,0.015371468,0.68137825,37000.0,151467.38,149824.06,149824.06,0.7491672,10.343171,8.540149,8.540154
250759.14,0.017496925,0.6404475,37000.0,151467.36,149824.03,149824.05,0.7491672,10.343149,8.540149,8.540155
250759.14,0.012585981,0.5499847,37000.0,151467.4,149824.06,149824.05,0.7491672,10.3434305,8.540151,8.54015
250759.14,0.013884021,0.5785483,37000.0,151467.31,149824.06,149824.06,0.7491672,10.343337,8.54015,8.540149
250759.14,0.014168293,0.47472924,37000.0,151467.3,149824.05,149824.08,0.7491672,10.343397,8.540152,8.540166
250759.14,0.016468588,0.53722966,37000.0,151467.34,149824.06,149824.05,0.7491672,10.343285,8.540151,8.540149
250759.14,0.014122213,0.4930392,37000.0,151467.36,149824.05,149824.05,0.7491672,10.34354,8.540152,8.54016
250759.14,0.014353337,0.55072016,37000.0,151467.42,149824.05,149824.06,0.7491672,10.343576,8.540151,8.5401535
250759.14,0.013667709,0.56871307,37000.0,151467.33,149824.05,149824.08,0.7491672,10.343142,8.54015,8.540164
250759.14,0.011187398,0.49801984,37000.0,151467.38,149824.08,149824.03,0.7491672,10.343452,8.540151,8.540174
250759.14,0.015899824,0.66020215,37000.0,151467.36,149824.08,149824.05,0.7491672,10.343086,8.540149,8.540151
250759.14,0.014577093,0.50002116,37000.0,151467.36,149824.06,149824.05,0.7491672,10.343766,8.540152,8.540152
250759.14,0.0153168235,0.5333891,37000.0,151467.36,149824.03,149824.06,0.7491672,10.343684,8.540151,8.540156
250759.14,0.012603035,0.6222524,37000.0,151467.38,149824.02,149824.06,0.7491672,10.343562,8.54015,8.540164
250759.14,0.016097207,0.6265572,37000.0,151467.33,149824.03,149824.08,0.7491672,10.3429,8.54015,8.540148
250759.14,0.015186924,0.6848909,37000.0,151467.4,149824.06,149824.06,0.7491672,10.34364,8.540148,8.540162
250759.14,0.015627107,0.6721761,37000.0,151467.34,149824.06,149824.05,0.7491672,10.343389,8.540149,8.54015
250759.14,0.015923826,0.5156627,37000.0,151467.36,149824.06,149824.05,0.7491672,10.3434,8.540151,8.540146
250759.14,0.01619557,0.6419528,37000.0,151467.42,149824.06,149824.06,0.7491672,10.343649,8.540151,8.540169
250759.14,0.014928168,0.58382505,37000.0,151467.38,149824.05,149824.05,0.7491672,10.343411,8.540151,8.540176
250759.14,0.015150974,0.57246816,37000.0,151467.33,149824.06,149824.08,0.7491672,10.3433485,8.54015,8.54016
250759.14,0.016359756,0.58883756,37000.0,151467.34,149824.05,149824.06,0.7491672,10.343395,8.54015,8.5401745
250759.14,0.014116858,0.4826899,37000.0,151467.36,149824.05,149824.05,0.7491672,10.343674,8.540152,8.540158
250759.14,0.014131423,0.5331648,37000.0,151467.39,149824.03,149824.05,0.7491672,10.343505,8.540151,8.540155
250759.14,0.012930831,0.51057744,37000.0,151467.38,149824.03,149824.05,0.7491672,10.343505,8.540152,8.540144
250759.14,0.012995571,0.58218455,37000.0,151467.38,149824.03,149824.06,0.7491672,10.343491,8.54015,8.540156
250759.14,0.014685978,0.6838322,37000.0,151467.39,149824.06,149824.05,0.7491672,10.343578,8.540149,8.540152
250759.14,0.01577253,0.46229354,37000.0,151467.39,149824.03,149824.06,0.7491672,10.343289,8.540152,8.540152
250759.14,0.014031004,0.6035503,37000.0,151467.38,149824.05,149824.05,0.7491672,10.343414,8.54015,8.540144
250759.14,0.014577413,0.5155666,37000.0,151467.42,149824.05,149824.06,0.7491672,10.3431,8.540152,8.540151
250759.14,0.0152317835,0.5606593,37000.0,151467.34,149824.03,149824.06,0.7491672,10.343408,8.54015,8.540142
250759.14,0.015249017,0.5543481,37000.0,151467.36,149824.05,149824.06,0.7491672,10.343236,8.540151,8.540151
250759.14,0.013882958,0.6698905,37000.0,151467.38,149824.06,149824.05,0.7491672,10.343466,8.540149,8.540159
250759.14,0.011389095,0.6478441,37000.0,151467.4,149824.03,149824.05,0.7491672,10.343748,8.540149,8.540162
250759.14,0.011076402,0.5935262,37000.0,151467.39,149824.05,149824.06,0.7491672,10.34372,8.54015,8.540173
250759.14,0.015199687,0.5172263,37000.0,151467.39,149824.03,149824.05,0.7491672,10.343404,8.540151,8.540153
250759.14,0.014072565,0.59356904,37000.0,151467.38,149824.06,149824.06,0.7491672,10.343304,8.54015,8.540161
250759.14,0.01637189,0.6345057,37000.0,151467.38,149824.08,149824.05,0.7491672,10.343718,8.54015,8.540159
250759.14,0.014047567,0.54858136,37000.0,151467.34,149824.05,149824.05,0.7491672,10.343453,8.540151,8.5401535
250759.14,0.014637289,0.46828824,37000.0,151467.34,149824.06,149824.05,0.7491672,10.343535,8.540153,8.540158
250759.14,0.015370267,0.601777,37000.0,151467.39,149824.03,149824.06,0.7491672,10.343296,8.540151,8.540156
250759.14,0.013567884,0.66423506,37000.0,151467.39,149824.06,149824.08,0.7491672,10.343324,8.540149,8.540151
250759.14,0.014601259,0.5935768,37000.0,151467.4,149824.03,149824.05,0.7491672,10.34328,8.54015,8.540158
250759.14,0.01236445,0.45927468,37000.0,151467.34,149824.05,149824.03,0.7491672,10.343292,8.540151,8.540151
250759.14,0.011733941,0.6550053,37000.0,151467.44,149824.05,149824.06,0.7491672,10.343547,8.54015,8.540156
250759.14,0.013600152,0.6624454,37000.0,151467.42,149824.05,149824.08,0.7491672,10.343726,8.540148,8.540156
250759.14,0.015907329,0.60911393,37000.0,151467.34,149824.03,149824.06,0.7491672,10.343268,8.54015,8.540166
250759.14,0.015969435,0.55970716,37000.0,151467.42,149824.06,149824.05,0.7491672,10.34361,8.540152,8.5401535
250759.14,0.015215523,0.610099,37000.0,151467.4,149824.03,149824.05,0.7491672,10.343468,8.54015,8.540159
250759.14,0.014353605,0.510423,37000.0,151467.36,149824.08,149824.05,0.7491672,10.343525,8.540152,8.540158
250759.14,0.016021883,0.50879526,37000.0,151467.42,149824.05,149824.06,0.7491672,10.343329,8.540152,8.540166
250759.14,0.0136482045,0.51120013,37000.0,151467.38,149824.06,149824.06,0.7491672,10.343595,8.540151,8.540172
250759.14,0.015854672,0.58521426,37000.0,151467.34,149824.06,149824.06,0.7491672,10.343294,8.54015,8.54016
250759.14,0.01406557,0.45189792,37000.0,151467.38,149824.06,149824.06,0.7491672,10.343244,8.540152,8.540155
250759.14,0.013600627,0.5646385,37000.0,151467.42,149824.06,149824.05,0.7491672,10.343576,8.540151,8.540146
250759.14,0.012469531,0.58910537,37000.0,151467.34,149824.05,149824.05,0.7491672,10.343229,8.54015,8.540161
250759.14,0.016194923,0.49237362,37000.0,151467.36,149824.06,149824.05,0.7491672,10.343188,8.540152,8.540149
250759.14,0.013300636,0.5493537,37000.0,151467.31,149824.06,149824.05,0.7491672,10.343146,8.540151,8.54016
250759.14,0.014591101,0.6793262,37000.0,151467.38,149824.06,149824.05,0.7491672,10.343259,8.540149,8.540174
250759.14,0.014815786,0.6270228,37000.0,151467.38,149824.03,149824.05,0.7491672,10.343406,8.54015,8.540167
250759.14,0.016189741,0.68213844,37000.0,151467.36,149824.06,149824.03,0.7491672,10.343287,8.54015,8.540144
250759.14,0.0159067,0.5142544,37000.0,151467.33,149824.05,149824.05,0.7491672,10.343367,8.540152,8.540152
250759.14,0.01614707,0.5890638,37000.0,151467.36,149824.05,149824.05,0.7491672,10.34343,8.540151,8.540141
250759.14,0.012935049,0.6940012,37000.0,151467.39,149824.05,149824.05,0.7491672,10.34335,8.540149,8.540145
250759.14,0.01324157,0.6142469,37000.0,151467.42,149824.03,149824.02,0.7491672,10.343892,8.54015,8.540126
250759.14,0.014749234,0.56383795,37000.0,151467.38,149824.06,149824.06,0.7491672,10.343582,8.540152,8.540131
250759.14,0.015090749,0.51399803,37000.0,151467.39,149824.08,149824.05,0.7491672,10.3435,8.540151,8.54015
250759.14,0.015743116,0.5878259,37000.0,151467.4,149824.02,149824.06,0.7491672,10.343581,8.540149,8.540135
250759.14,0.013290281,0.6055639,37000.0,151467.44,149824.03,149824.06,0.7491672,10.3436,8.54015,8.540145
250759.14,0.01644126,0.7030693,37000.0,151467.36,149824.05,149824.02,0.7491672,10.343401,8.540149,8.540148
250759.14,0.01577914,0.6559797,37000.0,151467.4,149824.05,149824.03,0.7491672,10.343624,8.540149,8.540131
250759.14,0.01399244,0.48989928,37000.0,151467.34,149824.05,149824.06,0.7491672,10.343237,8.540152,8.54013
250759.14,0.01506451,0.64519507,37000.0,151467.4,149824.08,149824.03,0.7491672,10.343625,8.54015,8.540124
250759.14,0.016122427,0.63374066,37000.0,151467.38,149824.05,149824.05,0.7491672,10.343166,8.54015,8.540124
250759.14,0.0158918,0.60651815,37000.0,151467.38,149824.06,149824.03,0.7491672,10.343384,8.540151,8.540145
250759.14,0.015921047,0.5357561,37000.0,151467.31,149824.06,149824.05,0.7491672,10.343158,8.540151,8.540156
250759.14,0.016946107,0.49061373,37000.0,151467.31,149824.06,149824.05,0.7491672,10.342764,8.540151,8.540133
250759.14,0.01406008,0.6700439,37000.0,151467.38,149824.03,149824.05,0.7491672,10.343323,8.540149,8.540146
250759.14,0.014635198,0.6425263,37000.0,151467.44,149824.06,149824.05,0.7491672,10.343893,8.540149,8.540137
250759.14,0.016943712,0.6690951,37000.0,151467.39,149824.05,149824.05,0.7491672,10.34363,8.54015,8.540141
250759.14,0.015165529,0.5403392,37000.0,151467.34,149824.05,149824.06,0.7491672,10.3436,8.540152,8.5401325
250759.14,0.016451161,0.48344702,37000.0,151467.33,149824.05,149824.05,0.7491672,10.343351,8.540151,8.540134
250759.14,0.017017424,0.61731017,37000.0,151467.36,149824.05,149824.05,0.7491672,10.343275,8.54015,8.540142
250759.14,0.015102615,0.66059047,37000.0,151467.47,149824.05,149824.03,0.7491672,10.3437605,8.54015,8.540151
250759.14,0.015777554,0.6440337,37000.0,151467.31,149824.06,149824.05,0.7491672,10.343194,8.54015,8.540127
250759.14,0.016799845,0.547887,37000.0,151467.33,149824.06,149824.03,0.7491672,10.343217,8.540151,8.54014
250759.14,0.017250163,0.6111213,37000.0,151467.36,149824.05,149824.05,0.7491672,10.343284,8.54015,8.540129
250759.14,0.015453424,0.5824017,37000.0,151467.39,149824.06,149824.05,0.7491672,10.343837,8.540151,8.540152
250759.14,0.017153423,0.66294897,37000.0,151467.39,149824.06,149824.03,0.7491672,10.34337,8.54015,8.54013
250759.14,0.014509826,0.46872506,37000.0,151467.4,149824.05,149824.05,0.7491672,10.343715,8.540152,8.540145
250759.14,0.019378921,0.68004966,37000.0,151467.34,149824.08,149824.05,0.7491672,10.34344,8.54015,8.540135
250759.14,0.016541038,0.61145484,37000.0,151467.39,149824.05,149824.05,0.7491672,10.343729,8.540151,8.540133
250759.14,0.017093604,0.71347654,37000.0,151467.4,149824.06,149824.05,0.7491672,10.343511,8.540149,8.540144
250759.14,0.016430784,0.566832,37000.0,151467.33,149824.05,149824.05,0.7491672,10.343218,8.540151,8.54015
250759.14,0.015362709,0.6513759,37000.0,151467.39,149824.06,149824.05,0.7491672,10.343209,8.54015,8.540134
250759.14,0.016422676,0.53774214,37000.0,151467.42,149824.05,149824.06,0.7491672,10.343573,8.540151,8.540136
250759.14,0.013904585,0.54989964,37000.0,151467.39,149824.03,149824.06,0.7491672,10.343629,8.540152,8.540139
250759.14,0.01598089,0.52871376,37000.0,151467.39,149824.05,149824.03,0.7491672,10.34333,8.540152,8.540144
250759.14,0.014757741,0.6051855,37000.0,151467.33,149824.03,149824.05,0.7491672,10.343557,8.54015,8.54015
250759.14,0.015076532,0.61581755,37000.0,151467.4,149824.06,149824.03,0.7491672,10.34377,8.540151,8.540133
250759.14,0.012452384,0.52922857,37000.0,151467.33,149824.06,149824.05,0.7491672,10.3431,8.540152,8.540122
250759.14,0.014953401,0.62123644,37000.0,151467.39,149824.05,149824.06,0.7491672,10.34364,8.54015,8.540142
250759.14,0.014458337,0.7226241,37000.0,151467.4,149824.06,149824.06,0.7491672,10.343408,8.540149,8.540129
250759.14,0.017687747,0.62711424,37000.0,151467.39,149824.05,149824.03,0.7491672,10.343617,8.54015,8.5401325
250759.14,0.013409888,0.68241954,37000.0,151467.38,149824.05,149824.05,0.7491672,10.342953,8.54015,8.540138
250759.14,0.016105209,0.5519213,37000.0,151467.39,149824.06,149824.06,0.7491672,10.343112,8.540151,8.540131
250759.14,0.01537189,0.58194023,37000.0,151467.42,149824.05,149824.05,0.7491672,10.343333,8.540151,8.540135
250759.14,0.01475313,0.5668007,37000.0,151467.38,149824.06,149824.05,0.7491672,10.3432865,8.540151,8.540144
250759.14,0.015713012,0.6039827,37000.0,151467.34,149824.02,149824.06,0.7491672,10.343383,8.54015,8.540132
250759.14,0.01626713,0.48525673,37000.0,151467.36,149824.06,149824.05,0.7491672,10.343277,8.540152,8.540139
250759.14,0.015897142,0.46023768,37000.0,151467.42,149824.05,149824.03,0.7491672,10.343503,8.540151,8.540148
250759.14,0.015884215,0.523381,37000.0,151467.34,149824.05,149824.05,0.7491672,10.342975,8.540152,8.540149
250759.14,0.015388689,0.57588893,37000.0,151467.36,149824.03,149824.05,0.7491672,10.343251,8.540151,8.540136
250759.14,0.013988721,0.6837027,37000.0,151467.44,149824.06,149824.05,0.7491672,10.343517,8.540149,8.540135
250759.14,0.016181573,0.6024798,37000.0,151467.4,149824.02,149824.06,0.7491672,10.343581,8.54015,8.540144
250759.14,0.015927056,0.5229665,37000.0,151467.39,149824.05,149824.05,0.7491672,10.343142,8.540151,8.540123
250759.14,0.014783767,0.54648346,37000.0,151467.39,149824.06,149824.06,0.7491672,10.343533,8.540151,8.540147
250759.14,0.016113868,0.5547478,37000.0,151467.38,149824.02,149824.05,0.7491672,10.343795,8.540151,8.540145
250759.14,0.017066948,0.6279096,37000.0,151467.34,149824.05,149824.05,0.7491672,10.343093,8.54015,8.540143
250759.14,0.015113189,0.4874819,37000.0,151467.34,149824.05,149824.06,0.7491672,10.343127,8.540152,8.540143
250759.14,0.014928444,0.6715297,37000.0,151467.47,149824.08,149824.05,0.7491672,10.343504,8.540149,8.540152
250759.14,0.012139979,0.5697137,37000.0,151467.4,149824.06,149824.05,0.7491672,10.343614,8.540151,8.540137
250759.14,0.01623523,0.6017332,37000.0,151467.39,149824.05,149824.05,0.7491672,10.343488,8.540151,8.540144
250759.14,0.015606681,0.4937608,37000.0,151467.34,149824.05,149824.05,0.7491672,10.343162,8.540152,8.540143
250759.14,0.0153564885,0.6921845,37000.0,151467.44,149824.03,149824.06,0.7491672,10.343521,8.540149,8.540143
250759.14,0.014525088,0.5260658,37000.0,151467.39,149824.06,149824.03,0.7491672,10.343603,8.540151,8.540151
250759.14,0.0155531615,0.5346341,37000.0,151467.4,149824.05,149824.06,0.7491672,10.343438,8.540151,8.5401325
250759.14,0.01730388,0.6025227,37000.0,151467.34,149824.05,149824.06,0.7491672,10.34333,8.54015,8.540151
250759.14,0.01692204,0.6977366,37000.0,151467.36,149824.05,149824.03,0.7491672,10.343454,8.540149,8.540146
250759.14,0.015076836,0.62817234,37000.0,151467.4,149824.05,149824.05,0.7491672,10.343531,8.54015,8.540141
250759.14,0.0153061,0.69042796,37000.0,151467.42,149824.06,149824.06,0.7491672,10.343783,8.54015,8.540133
250759.14,0.015006863,0.6368335,37000.0,151467.38,149824.03,149824.03,0.7491672,10.343198,8.54015,8.540134
250759.14,0.014340113,0.6502641,37000.0,151467.39,149824.05,149824.05,0.7491672,10.343264,8.54015,8.540134
250759.14,0.01646327,0.7233137,37000.0,151467.39,149824.06,149824.05,0.7491672,10.343463,8.540149,8.540138
250759.14,0.01534096,0.71200347,37000.0,151467.39,149824.05,149824.05,0.7491672,10.343376,8.54015,8.540138
250759.14,0.014135211,0.4510078,37000.0,151467.36,149824.05,149824.06,0.7491672,10.343307,8.540152,8.540135
250759.14,0.015281083,0.6094571,37000.0,151467.4,149824.03,149824.03,0.7491672,10.343388,8.54015,8.540124
250759.14,0.017292697,0.5641082,37000.0,151467.39,149824.06,149824.05,0.7491672,10.343584,8.540152,8.54013
250759.14,0.016993335,0.6857167,37000.0,151467.42,149824.05,149824.03,0.7491672,10.343552,8.540149,8.540141
250759.14,0.017199494,0.4890266,37000.0,151467.36,149824.06,149824.05,0.7491672,10.343266,8.540152,8.540152
250759.14,0.017087778,0.48240837,37000.0,151467.38,149824.05,149824.05,0.7491672,10.343427,8.540151,8.540147
250759.14,0.013263888,0.6467848,37000.0,151467.36,149824.05,149824.05,0.7491672,10.343303,8.54015,8.540149
250759.14,0.014494488,0.5856875,37000.0,151467.33,149824.05,149824.03,0.7491672,10.343377,8.54015,8.540126
250759.14,0.015368175,0.64492077,37000.0,151467.3,149824.03,149824.05,0.7491672,10.343239,8.54015,8.540135
250759.14,0.014976509,0.5483588,37000.0,151467.36,149824.03,149824.06,0.7491672,10.343308,8.540151,8.5401325
250759.14,0.014986313,0.5424707,37000.0,151467.36,149824.05,149824.06,0.7491672,10.343374,8.540151,8.540144
250759.14,0.014130836,0.61127657,37000.0,151467.39,149824.03,149824.06,0.7491672,10.343504,8.54015,8.540137
250759.14,0.016342763,0.5023253,37000.0,151467.38,149824.03,149824.03,0.7491672,10.343548,8.540151,8.540139
250759.14,0.016276205,0.48507425,37000.0,151467.38,149824.06,149824.03,0.7491672,10.343112,8.540153,8.540142
250759.14,0.013822321,0.5972462,37000.0,151467.34,149824.05,149824.03,0.7491672,10.343284,8.54015,8.5401325
250759.14,0.01543311,0.6353882,37000.0,151467.33,149824.05,149824.03,0.7491672,10.343022,8.54015,8.540135
250759.14,0.014252204,0.589272,37000.0,151467.39,149824.06,149824.05,0.7491672,10.343453,8.540152,8.54014
250759.14,0.0149568,0.48897943,37000.0,151467.39,149824.03,149824.06,0.7491672,10.343195,8.540152,8.540135
250759.14,0.016222736,0.45656323,37000.0,151467.42,149824.03,149824.03,0.7491672,10.343669,8.540151,8.540148
250759.14,0.013509032,0.6265625,37000.0,151467.39,149824.06,149824.03,0.7491672,10.343499,8.540151,8.540146
250759.14,0.014191425,0.55224186,37000.0,151467.4,149824.06,149824.05,0.7491672,10.343508,8.540151,8.540147
250759.14,0.015399079,0.6448002,37000.0,151467.33,149824.03,149824.05,0.7491672,10.3429785,8.54015,8.540148
250759.14,0.015439251,0.5574765,37000.0,151467.39,149824.05,149824.05,0.7491672,10.343333,8.540151,8.540138
250759.14,0.014024677,0.57057345,37000.0,151467.4,149824.06,149824.05,0.7491672,10.34349,8.540152,8.540146
250759.14,0.013648154,0.49626285,37000.0,151467.34,149824.06,149824.06,0.7491672,10.343252,8.540151,8.540134
250759.14,0.015256701,0.52405274,37000.0,151467.38,149824.06,149824.05,0.7491672,10.343341,8.540152,8.540135
250759.14,0.016134318,0.4853351,37000.0,151467.34,149824.08,149824.06,0.7491672,10.343473,8.540152,8.540126
250759.14,0.016834406,0.54869705,37000.0,151467.33,149824.08,149824.05,0.7491672,10.342999,8.540152,8.540139
250759.14,0.015612377,0.581671,37000.0,151467.36,149824.05,149824.03,0.7491672,10.343736,8.540151,8.54014
250759.14,0.016030937,0.6660379,37000.0,151467.38,149824.06,149824.05,0.7491672,10.343533,8.54015,8.5401535
250759.14,0.016100196,0.4880572,37000.0,151467.39,149824.03,149824.06,0.7491672,10.343511,8.540152,8.540135
250759.14,0.014164071,0.61117053,37000.0,151467.33,149824.06,149824.05,0.7491672,10.343517,8.540151,8.540138
250759.14,0.01763537,0.68671143,37000.0,151467.36,149824.03,149824.05,0.7491672,10.3435335,8.540149,8.540137
250759.14,0.015005283,0.5110828,37000.0,151467.42,149824.05,149824.05,0.7491672,10.343747,8.540152,8.540135
250759.14,0.016066412,0.6418049,37000.0,151467.38,149824.06,149824.03,0.7491672,10.343387,8.540151,8.540133
250759.14,0.016336886,0.54018605,37000.0,151467.42,149824.06,149824.08,0.7491672,10.343466,8.540152,8.540134
250759.14,0.014803889,0.610906,37000.0,151467.39,149824.03,149824.06,0.7491672,10.343733,8.54015,8.540132
250759.14,0.016943738,0.5820223,37000.0,151467.39,149824.05,149824.05,0.7491672,10.343545,8.540152,8.540139
250759.14,0.017140301,0.6976685,37000.0,151467.34,149824.05,149824.05,0.7491672,10.343024,8.54015,8.540133
250759.14,0.017459301,0.48529103,37000.0,151467.42,149824.05,149824.03,0.7491672,10.343794,8.540152,8.540132
250759.14,0.014733044,0.539638,37000.0,151467.36,149824.05,149824.05,0.7491672,10.343494,8.540152,8.540144
250759.14,0.018643586,0.5630325,37000.0,151467.33,149824.03,149824.06,0.7491672,10.343507,8.540151,8.54015
250759.14,0.015719153,0.5144921,37000.0,151467.42,149824.03,149824.06,0.7491672,10.343874,8.540152,8.540128
250759.14,0.0155375,0.45924592,37000.0,151467.39,149824.06,149824.1,0.7491672,10.343348,8.540152,8.540147
250759.14,0.014709904,0.6054703,37000.0,151467.38,149824.08,149824.06,0.7491672,10.343552,8.540151,8.540146
250759.14,0.0161682,0.54519325,37000.0,151467.34,149824.05,149824.06,0.7491672,10.343045,8.540152,8.540138
250759.14,0.017433701,0.4462914,37000.0,151467.34,149824.06,149824.05,0.7491672,10.343318,8.540152,8.540141
250759.14,0.015365597,0.6371927,37000.0,151467.31,149824.03,149824.05,0.7491672,10.34318,8.54015,8.540143
250759.14,0.015074853,0.5023115,37000.0,151467.39,149824.05,149824.08,0.7491672,10.343392,8.540153,8.540145
250759.14,0.017907836,0.5732392,37000.0,151467.36,149824.06,149824.06,0.7491672,10.343427,8.540151,8.540144
250759.14,0.016599493,0.5543807,37000.0,151467.38,149824.05,149824.05,0.7491672,10.343289,8.540152,8.540143
250759.14,0.016679807,0.63309175,37000.0,151467.38,149824.05,149824.06,0.7491672,10.343632,8.54015,8.540151
250759.14,0.016546404,0.46402225,37000.0,151467.33,149824.05,149824.05,0.7491672,10.343135,8.540152,8.540135
250759.14,0.014613869,0.63531023,37000.0,151467.42,149824.05,149824.03,0.7491672,10.343427,8.54015,8.540136
250759.14,0.016633278,0.568528,37000.0,151467.33,149824.08,149824.05,0.7491672,10.343027,8.540152,8.540143
250759.14,0.015376851,0.6869415,37000.0,151467.4,149824.06,149824.06,0.7491672,10.343258,8.54015,8.540142
250759.14,0.015484287,0.65287054,37000.0,151467.33,149824.05,149824.08,0.7491672,10.343278,8.540149,8.540139
250759.14,0.015399022,0.65528834,37000.0,151467.38,149824.03,149824.06,0.7491672,10.343603,8.54015,8.5401325
250759.14,0.014568623,0.5987618,37000.0,151467.4,149824.06,149824.05,0.7491672,10.343473,8.540151,8.540139
250759.14,0.016137546,0.671937,37000.0,151467.36,149824.05,149824.06,0.7491672,10.343244,8.54015,8.540149
250759.14,0.016752914,0.51258814,37000.0,151467.38,149824.06,149824.06,0.7491672,10.343588,8.540152,8.540138
250759.14,0.015302394,0.6375496,37000.0,151467.4,149824.03,149824.1,0.7491672,10.343557,8.54015,8.540135
250759.14,0.014430207,0.526035,37000.0,151467.38,149824.02,149824.06,0.7491672,10.342987,8.540152,8.540139
250759.14,0.016468704,0.6851574,37000.0,151467.38,149824.05,149824.05,0.7491672,10.343294,8.540149,8.540137
250759.14,0.0142634,0.67271775,37000.0,151467.38,149824.06,149824.05,0.7491672,10.343291,8.54015,8.540134
250759.14,0.018696435,0.45558697,37000.0,151467.33,149824.06,149824.05,0.7491672,10.343475,8.540152,8.540133
250759.14,0.015372698,0.5700237,37000.0,151467.31,149824.08,149824.06,0.7491672,10.343015,8.540152,8.540149
250759.14,0.014276346,0.64453346,37000.0,151467.34,149824.03,149824.05,0.7491672,10.34309,8.54015,8.540142
250759.14,0.016216554,0.71335286,37000.0,151467.38,149824.06,149824.08,0.7491672,10.343434,8.540149,8.540131
250759.14,0.016436126,0.6539704,37000.0,151467.42,149824.06,149824.05,0.7491672,10.343664,8.540149,8.540126
250759.14,0.015259001,0.67728674,37000.0,151467.34,149824.05,149824.05,0.7491672,10.343368,8.54015,8.540137
250759.14,0.015205155,0.5746854,37000.0,151467.36,149824.08,149824.08,0.7491672,10.343354,8.540152,8.54015
250759.14,0.015329849,0.6878349,37000.0,151467.38,149824.08,149824.08,0.7491672,10.343454,8.54015,8.540139
250759.14,0.016352965,0.5149892,37000.0,151467.36,149824.03,149824.05,0.7491672,10.343519,8.540152,8.540138
250759.14,0.016731447,0.6755263,37000.0,151467.38,149824.08,149824.03,0.7491672,10.343336,8.54015,8.540132
250759.14,0.015094045,0.61540574,37000.0,151467.4,149824.05,149824.03,0.7491672,10.343508,8.54015,8.540145
250759.14,0.016980609,0.62667745,37000.0,151467.36,149824.06,149824.05,0.7491672,10.343458,8.540151,8.540137
250759.14,0.015435122,0.7125748,37000.0,151467.4,149824.05,149824.03,0.7491672,10.343272,8.540148,8.540142
250759.14,0.014801062,0.72189504,37000.0,151467.33,149824.08,149824.06,0.7491672,10.343024,8.540149,8.540134
250759.14,0.017584058,0.6569956,37000.0,151467.36,149824.05,149824.06,0.7491672,10.343409,8.54015,8.540143
250759.14,0.014119986,0.5790259,37000.0,151467.36,149824.06,149824.08,0.7491672,10.343199,8.540151,8.540147
250759.14,0.016156342,0.63820064,37000.0,151467.42,149824.06,149824.03,0.7491672,10.343233,8.54015,8.540134
250759.14,0.01353229,0.5233172,37000.0,151467.33,149824.05,149824.05,0.7491672,10.343353,8.540152,8.540142
250759.14,0.01781159,0.57879084,37000.0,151467.38,149824.06,149824.06,0.7491672,10.343172,8.540152,8.540145
250759.14,0.018955698,0.50562894,37000.0,151467.34,149824.06,149824.06,0.7491672,10.343218,8.540152,8.540138
250759.14,0.019498684,0.6183192,37000.0,151467.42,149824.03,149824.06,0.7491672,10.343522,8.54015,8.540136
250759.14,0.014724012,0.56458116,37000.0,151467.39,149824.06,149824.06,0.7491672,10.343194,8.540152,8.540139
250759.14,0.015142251,0.7022747,37000.0,151467.4,149824.06,149824.05,0.7491672,10.34344,8.540149,8.540136
250759.14,0.015980333,0.5407514,37000.0,151467.38,149824.05,149824.06,0.7491672,10.343185,8.540152,8.540142
250759.14,0.017175175,0.602252,37000.0,151467.34,149824.05,149824.05,0.7491672,10.343458,8.54015,8.540145
250759.14,0.017556043,0.67930347,37000.0,151467.42,149824.06,149824.06,0.7491672,10.343671,8.54015,8.540142
250759.14,0.01731158,0.603948,37000.0,151467.39,149824.05,149824.08,0.7491672,10.343719,8.540151,8.540151
250759.14,0.016362304,0.61766297,37000.0,151467.36,149824.05,149824.08,0.7491672,10.34342,8.54015,8.540139
250759.14,0.015663888,0.6202992,37000.0,151467.34,149824.03,149824.05,0.7491672,10.3430605,8.54015,8.540139
250759.14,0.016546255,0.6597821,37000.0,151467.38,149824.1,149824.06,0.7491672,10.343512,8.540151,8.540138
250759.14,0.014106492,0.6158292,37000.0,151467.44,149824.06,149824.05,0.7491672,10.343611,8.54015,8.540134
250759.14,0.015787141,0.5446244,37000.0,151467.4,149824.06,149824.05,0.7491672,10.343263,8.540151,8.540138
250759.14,0.014789336,0.5380794,37000.0,151467.36,149824.06,149824.08,0.7491672,10.343617,8.540152,8.540135
250759.14,0.015041109,0.69452494,37000.0,151467.38,149824.06,149824.03,0.7491672,10.343238,8.54015,8.540142
250759.14,0.014554959,0.52542204,37000.0,151467.38,149824.05,149824.06,0.7491672,10.343624,8.540152,8.54014
250759.14,0.016610071,0.4935539,37000.0,151467.36,149824.05,149824.05,0.7491672,10.343482,8.540152,8.540133
250759.14,0.01552468,0.56121665,37000.0,151467.31,149824.06,149824.08,0.7491672,10.343104,8.540151,8.540136
250759.14,0.016838318,0.7115021,37000.0,151467.36,149824.06,149824.06,0.7491672,10.34331,8.540149,8.540134
250759.14,0.014448135,0.7001452,37000.0,151467.36,149824.05,149824.03,0.7491672,10.343122,8.540149,8.540139
250759.14,0.014612485,0.66082895,37000.0,151467.36,149824.05,149824.05,0.7491672,10.343046,8.54015,8.540139
250759.14,0.015720984,0.6982517,37000.0,151467.39,149824.06,149824.05,0.7491672,10.343658,8.540149,8.540141
250759.14,0.016191643,0.6036504,37000.0,151467.39,149824.06,149824.06,0.7491672,10.342974,8.540151,8.540137
250759.14,0.014527075,0.6219563,37000.0,151467.38,149824.03,149824.06,0.7491672,10.343436,8.54015,8.540146
250759.14,0.016897324,0.68135846,37000.0,151467.42,149824.03,149824.06,0.7491672,10.343287,8.540148,8.540133
250759.14,0.01837106,0.5629152,37000.0,151467.34,149824.03,149824.06,0.7491672,10.343448,8.540152,8.540145
250759.14,0.015161064,0.64450103,37000.0,151467.36,149824.05,149824.05,0.7491672,10.343713,8.540149,8.540143
250759.14,0.014733335,0.6596192,37000.0,151467.42,149824.05,149824.05,0.7491672,10.343308,8.54015,8.54015
250759.14,0.01477934,0.5603871,37000.0,151467.33,149824.06,149824.08,0.7491672,10.343066,8.540151,8.540131
250759.14,0.015751615,0.5818485,37000.0,151467.4,149824.05,149824.1,0.7491672,10.3433275,8.54015,8.54014
250759.14,0.017804895,0.5357463,37000.0,151467.39,149824.05,149824.06,0.7491672,10.343399,8.540151,8.540144
250759.14,0.016897732,0.6221848,37000.0,151467.33,149824.03,149824.06,0.7491672,10.343325,8.54015,8.540133
250759.14,0.019615922,0.61863637,37000.0,151467.38,149824.05,149824.08,0.7491672,10.34361,8.54015,8.540142
250759.14,0.016931279,0.46204913,37000.0,151467.4,149824.05,149824.03,0.7491672,10.343705,8.540152,8.540145
250759.14,0.014634136,0.6536463,37000.0,151467.34,149824.03,149824.05,0.7491672,10.343184,8.54015,8.540141
250759.14,0.016625741,0.49268544,37000.0,151467.38,149824.05,149824.05,0.7491672,10.343189,8.540151,8.540134
250759.14,0.015515033,0.73388404,37000.0,151467.36,149824.06,149824.06,0.7491672,10.343354,8.540149,8.540151
250759.14,0.015817795,0.5732616,37000.0,151467.4,149824.05,149824.06,0.7491672,10.34371,8.540151,8.540144
250759.14,0.019565674,0.5289752,37000.0,151467.39,149824.1,149824.03,0.7491672,10.343409,8.540151,8.540135
250759.14,0.018676003,0.5170567,37000.0,151467.4,149824.05,149824.06,0.7491672,10.343638,8.540151,8.540144
250759.14,0.019983308,0.4863109,37000.0,151467.38,149824.06,149824.05,0.7491672,10.343467,8.540152,8.540137
250759.14,0.013929031,0.686714,37000.0,151467.36,149824.06,149824.05,0.7491672,10.343175,8.54015,8.540139
250759.14,0.018622676,0.6124056,37000.0,151467.4,149824.06,149824.05,0.7491672,10.343601,8.54015,8.540148
250759.14,0.017244555,0.62196153,37000.0,151467.36,149824.08,149824.06,0.7491672,10.343447,8.540151,8.540146
250759.14,0.016578749,0.48811826,37000.0,151467.4,149824.05,149824.08,0.7491672,10.343563,8.540152,8.540142
250759.14,0.016600605,0.65906537,37000.0,151467.36,149824.05,149824.05,0.7491672,10.3433075,8.540151,8.540138
250759.14,0.015704988,0.54435337,37000.0,151467.38,149824.06,149824.05,0.7491672,10.343522,8.540152,8.540134
250759.14,0.018878218,0.67052597,37000.0,151467.39,149824.05,149824.06,0.7491672,10.34343,8.54015,8.540136
250759.14,0.017151726,0.6037194,37000.0,151467.4,149824.05,149824.05,0.7491672,10.343446,8.540151,8.540139
250759.14,0.01709067,0.46901116,37000.0,151467.4,149824.08,149824.06,0.7491672,10.34381,8.540153,8.540131
250759.14,0.01827681,0.5884068,37000.0,151467.34,149824.08,149824.05,0.7491672,10.343136,8.540152,8.540124
250759.14,0.01752014,0.73313934,37000.0,151467.38,149824.06,149824.06,0.7491672,10.34355,8.540148,8.5401325
250759.14,0.015736775,0.55803734,37000.0,151467.4,149824.06,149824.05,0.7491672,10.343468,8.540152,8.540144
250759.14,0.017791692,0.7061363,37000.0,151467.38,149824.06,149824.05,0.7491672,10.343343,8.540149,8.54014
250759.14,0.018038968,0.61514175,37000.0,151467.33,149824.06,149824.06,0.7491672,10.343105,8.540151,8.540144
250759.14,0.016663074,0.65387434,37000.0,151467.36,149824.06,149824.05,0.7491672,10.343498,8.54015,8.540144
250759.14,0.019647542,0.4636294,37000.0,151467.34,149824.05,149824.03,0.7491672,10.343551,8.540151,8.54015
250759.14,0.0170803,0.61038107,37000.0,151467.42,149824.05,149824.03,0.7491672,10.343384,8.54015,8.540145
250759.14,0.017335277,0.49564037,37000.0,151467.33,149824.05,149824.05,0.7491672,10.343363,8.540153,8.540145
250759.14,0.016296934,0.48342088,37000.0,151467.4,149824.05,149824.08,0.7491672,10.343966,8.540153,8.54015
250759.14,0.018609574,0.6064293,37000.0,151467.4,149824.05,149824.05,0.7491672,10.343636,8.540151,8.540149
250759.14,0.018352631,0.53736967,37000.0,151467.45,149824.08,149824.05,0.7491672,10.344027,8.540151,8.54015
250759.14,0.01631848,0.5145635,37000.0,151467.4,149824.06,149824.03,0.7491672,10.34389,8.540152,8.540151
250759.14,0.01523387,0.59853905,37000.0,151467.39,149824.06,149824.05,0.7491672,10.34346,8.540151,8.540129
250759.14,0.014099524,0.5927742,37000.0,151467.36,149824.05,149824.05,0.7491672,10.343397,8.54015,8.540138
250759.14,0.017934747,0.62626857,37000.0,151467.39,149824.06,149824.06,0.7491672,10.343326,8.540151,8.540141
250759.14,0.018889043,0.5780162,37000.0,151467.42,149824.05,149824.06,0.7491672,10.343376,8.54015,8.540146
250759.14,0.018892223,0.48842806,37000.0,151467.39,149824.05,149824.06,0.7491672,10.343773,8.540152,8.540159
250759.14,0.017434249,0.46943495,37000.0,151467.4,149824.03,149824.05,0.7491672,10.34342,8.540151,8.540136
250759.14,0.017296206,0.52473116,37000.0,151467.36,149824.08,149824.05,0.7491672,10.343148,8.540152,8.540156
250759.14,0.017114809,0.479189,37000.0,151467.39,149824.06,149824.05,0.7491672,10.343425,8.540151,8.54015
250759.14,0.01801358,0.622045,37000.0,151467.45,149824.06,149824.05,0.7491672,10.343816,8.54015,8.540146
250759.14,0.015069567,0.58312386,37000.0,151467.42,149824.05,149824.08,0.7491672,10.343801,8.540151,8.540151
250759.14,0.016415372,0.5709248,37000.0,151467.38,149824.06,149824.05,0.7491672,10.343081,8.540151,8.5401535
250759.14,0.016094647,0.66998047,37000.0,151467.36,149824.06,149824.05,0.7491672,10.343504,8.54015,8.540147
250759.14,0.016772484,0.5728296,37000.0,151467.34,149824.06,149824.06,0.7491672,10.343271,8.540151,8.540144
250759.14,0.019886805,0.48811632,37000.0,151467.31,149824.05,149824.03,0.7491672,10.343323,8.540152,8.540142
250759.14,0.018280301,0.54674935,37000.0,151467.42,149824.06,149824.05,0.7491672,10.343226,8.540152,8.54015
250759.14,0.018721431,0.63080966,37000.0,151467.44,149824.05,149824.06,0.7491672,10.343379,8.540151,8.540147
250759.14,0.01536181,0.6663155,37000.0,151467.34,149824.06,149824.06,0.7491672,10.343157,8.54015,8.540152
250759.14,0.016441144,0.5104286,37000.0,151467.33,149824.05,149824.06,0.7491672,10.343555,8.540152,8.540149
250759.14,0.0158429,0.7104199,37000.0,151467.42,149824.06,149824.05,0.7491672,10.343347,8.540148,8.540148
250759.14,0.019382691,0.49370173,37000.0,151467.4,149824.06,149824.06,0.7491672,10.343779,8.540151,8.540138
250759.14,0.017406397,0.65037453,37000.0,151467.33,149824.05,149824.03,0.7491672,10.343102,8.54015,8.54014
250759.14,0.01801811,0.5455949,37000.0,151467.34,149824.08,149824.08,0.7491672,10.343461,8.540152,8.540147
250759.14,0.01635788,0.648141,37000.0,151467.36,149824.08,149824.06,0.7491672,10.343383,8.54015,8.540141
250759.14,0.017143253,0.48135376,37000.0,151467.38,149824.06,149824.06,0.7491672,10.343275,8.540153,8.540132
250759.14,0.017395772,0.48047212,37000.0,151467.36,149824.06,149824.06,0.7491672,10.343388,8.540152,8.540134
250759.14,0.018747753,0.56909114,37000.0,151467.4,149824.03,149824.06,0.7491672,10.343801,8.54015,8.54014
250759.14,0.016390694,0.6376187,37000.0,151467.36,149824.06,149824.03,0.7491672,10.343266,8.54015,8.540147
250759.14,0.017977932,0.5468837,37000.0,151467.34,149824.03,149824.06,0.7491672,10.343308,8.540152,8.540146
250759.14,0.017517626,0.55959195,37000.0,151467.36,149824.06,149824.08,0.7491672,10.343355,8.54015,8.540135
250759.14,0.017607542,0.58232105,37000.0,151467.36,149824.06,149824.05,0.7491672,10.3433895,8.540151,8.540143
250759.14,0.01883247,0.5952738,37000.0,151467.36,149824.05,149824.06,0.7491672,10.343386,8.540151,8.540149
250759.14,0.016192466,0.6685836,37000.0,151467.38,149824.06,149824.06,0.7491672,10.343398,8.54015,8.540143
250759.14,0.018243957,0.5631767,37000.0,151467.36,149824.05,149824.06,0.7491672,10.343396,8.540151,8.540136
250759.14,0.013899761,0.6131208,37000.0,151467.38,149824.05,149824.06,0.7491672,10.343497,8.540149,8.540142
250759.14,0.016535258,0.6812176,37000.0,151467.42,149824.06,149824.08,0.7491672,10.3434515,8.540149,8.540142
250759.14,0.016778613,0.6076132,37000.0,151467.39,149824.05,149824.05,0.7491672,10.343115,8.54015,8.540144
250759.14,0.01722186,0.6005248,37000.0,151467.39,149824.05,149824.06,0.7491672,10.343665,8.540151,8.540149
250759.14,0.018353257,0.6667751,37000.0,151467.33,149824.05,149824.05,0.7491672,10.342904,8.54015,8.540153
250759.14,0.016975477,0.7210832,37000.0,151467.4,149824.08,149824.06,0.7491672,10.343307,8.540148,8.540149
250759.14,0.017251248,0.6611307,37000.0,151467.4,149824.05,149824.05,0.7491672,10.343621,8.54015,8.54015
250759.14,0.015499767,0.6789871,37000.0,151467.31,149824.06,149824.08,0.7491672,10.3434925,8.540149,8.540146
250759.14,0.018270684,0.54220474,37000.0,151467.39,149824.06,149824.06,0.7491672,10.343225,8.540151,8.5401535
250759.14,0.017794454,0.50804317,37000.0,151467.36,149824.06,149824.05,0.7491672,10.3432665,8.540153,8.540137
250759.14,0.017536322,0.6792768,37000.0,151467.36,149824.05,149824.05,0.7491672,10.34395,8.54015,8.540151
250759.14,0.016481366,0.6093603,37000.0,151467.4,149824.03,149824.06,0.7491672,10.343439,8.54015,8.540149
250759.14,0.015956584,0.5955155,37000.0,151467.34,149824.05,149824.08,0.7491672,10.343427,8.54015,8.540146
250759.14,0.017250953,0.7026707,37000.0,151467.38,149824.05,149824.05,0.7491672,10.343458,8.540149,8.540142
250759.14,0.015283688,0.6146477,37000.0,151467.34,149824.05,149824.06,0.7491672,10.343324,8.54015,8.540152
250759.14,0.017104588,0.582885,37000.0,151467.45,149824.06,149824.06,0.7491672,10.343476,8.54015,8.540152
250759.14,0.01751903,0.5275026,37000.0,151467.34,149824.06,149824.06,0.7491672,10.3432665,8.540151,8.54015
250759.14,0.018585686,0.6319144,37000.0,151467.39,149824.05,149824.05,0.7491672,10.343711,8.54015,8.540158
250759.14,0.016071603,0.5886881,37000.0,151467.44,149824.05,149824.06,0.7491672,10.343596,8.54015,8.540129
250759.14,0.017661992,0.6405914,37000.0,151467.38,149824.08,149824.08,0.7491672,10.343117,8.54015,8.540149
250759.14,0.017012201,0.63268393,37000.0,151467.38,149824.06,149824.05,0.7491672,10.343414,8.54015,8.540149
250759.14,0.017278949,0.5821458,37000.0,151467.4,149824.05,149824.05,0.7491672,10.343621,8.540151,8.540143
250759.14,0.015364016,0.5936509,37000.0,151467.42,149824.05,149824.05,0.7491672,10.343318,8.540151,8.540142
250759.14,0.012591852,0.5261834,37000.0,151467.38,149824.06,149824.06,0.7491672,10.343509,8.540151,8.54014
250759.14,0.0181996,0.6455997,37000.0,151467.34,149824.06,149824.05,0.7491672,10.343575,8.54015,8.540139
250759.14,0.018192831,0.53234535,37000.0,151467.36,149824.05,149824.05,0.7491672,10.342979,8.540152,8.540146
250759.14,0.017468845,0.6028969,37000.0,151467.34,149824.06,149824.06,0.7491672,10.343303,8.540151,8.540161
250759.14,0.015741115,0.63761336,37000.0,151467.38,149824.02,149824.03,0.7491672,10.343437,8.54015,8.540152
250759.14,0.017622331,0.547181,37000.0,151467.3,149824.08,149824.05,0.7491672,10.34348,8.540152,8.540151
250759.14,0.016394148,0.49423486,37000.0,151467.34,149824.05,149824.03,0.7491672,10.343335,8.540153,8.540139
250759.14,0.015697151,0.64919096,37000.0,151467.39,149824.05,149824.06,0.7491672,10.34331,8.540151,8.540143
250759.14,0.013746145,0.63266057,37000.0,151467.42,149824.05,149824.05,0.7491672,10.343568,8.54015,8.540154
250759.14,0.016952768,0.6107619,37000.0,151467.33,149824.05,149824.03,0.7491672,10.342948,8.54015,8.540151
250759.14,0.01866917,0.64725775,37000.0,151467.38,149824.05,149824.05,0.7491672,10.343137,8.54015,8.54014
250759.14,0.017615872,0.5199492,37000.0,151467.38,149824.06,149824.06,0.7491672,10.34316,8.540152,8.540146
250759.14,0.016726227,0.5718442,37000.0,151467.4,149824.06,149824.06,0.7491672,10.343373,8.540151,8.540142
250759.14,0.017649489,0.6083577,37000.0,151467.38,149824.05,149824.05,0.7491672,10.343516,8.54015,8.540147
250759.14,0.015435603,0.5428884,37000.0,151467.42,149824.08,149824.06,0.7491672,10.3435,8.540152,8.540141
250759.14,0.017408386,0.66684914,37000.0,151467.4,149824.05,149824.05,0.7491672,10.343421,8.540149,8.54015
250759.14,0.01521163,0.5911214,37000.0,151467.36,149824.05,149824.06,0.7491672,10.343471,8.54015,8.540151
250759.14,0.015316389,0.6721667,37000.0,151467.36,149824.05,149824.06,0.7491672,10.34318,8.54015,8.540154
250759.14,0.014596611,0.47672778,37000.0,151467.38,149824.05,149824.08,0.7491672,10.343722,8.540152,8.540143
250759.14,0.01796143,0.6819153,37000.0,151467.34,149824.08,149824.05,0.7491672,10.343658,8.54015,8.540149
250759.14,0.016123058,0.533598,37000.0,151467.33,149824.05,149824.05,0.7491672,10.343268,8.540151,8.540153
250759.14,0.017222809,0.48481148,37000.0,151467.39,149824.06,149824.05,0.7491672,10.343397,8.540152,8.540149
250759.14,0.01650656,0.6277327,37000.0,151467.44,149824.05,149824.06,0.7491672,10.343483,8.54015,8.540146
250759.14,0.015866512,0.63711923,37000.0,151467.31,149824.06,149824.06,0.7491672,10.343124,8.54015,8.540137
250759.14,0.016374076,0.59338635,37000.0,151467.34,149824.06,149824.05,0.7491672,10.3435755,8.540151,8.540151
250759.14,0.018126229,0.65326995,37000.0,151467.4,149824.03,149824.05,0.7491672,10.343331,8.54015,8.540151
250759.14,0.016909767,0.5627586,37000.0,151467.39,149824.05,149824.06,0.7491672,10.343686,8.54015,8.540155
250759.14,0.01952674,0.5824505,37000.0,151467.36,149824.05,149824.06,0.7491672,10.343269,8.540152,8.540152
250759.14,0.018645274,0.6146376,37000.0,151467.38,149824.06,149824.06,0.7491672,10.343325,8.54015,8.540152
250759.14,0.015977815,0.54125446,37000.0,151467.38,149824.06,149824.06,0.7491672,10.343594,8.540152,8.540157
250759.14,0.017774884,0.6694732,37000.0,151467.39,149824.05,149824.06,0.7491672,10.343505,8.54015,8.540134
250759.14,0.016145553,0.60939527,37000.0,151467.36,149824.06,149824.1,0.7491672,10.343266,8.54015,8.540141
250759.14,0.01761889,0.61336684,37000.0,151467.45,149824.05,149824.05,0.7491672,10.343539,8.54015,8.540155
250759.14,0.014531807,0.6233868,37000.0,151467.4,149824.05,149824.05,0.7491672,10.343214,8.54015,8.540146
250759.14,0.014376377,0.65254194,37000.0,151467.4,149824.08,149824.06,0.7491672,10.343279,8.54015,8.540154
250759.14,0.016597698,0.5083708,37000.0,151467.33,149824.06,149824.06,0.7491672,10.343345,8.540152,8.5401535
250759.14,0.017740138,0.5467098,37000.0,151467.38,149824.05,149824.05,0.7491672,10.343184,8.540152,8.540151
250759.14,0.015305346,0.71613425,37000.0,151467.36,149824.05,149824.06,0.7491672,10.342945,8.54015,8.5401535
250759.14,0.01817319,0.64455867,37000.0,151467.38,149824.02,149824.08,0.7491672,10.343599,8.54015,8.540157
250759.14,0.015046577,0.66229546,37000.0,151467.36,149824.05,149824.03,0.7491672,10.343189,8.54015,8.540159
250759.14,0.017031442,0.48801938,37000.0,151467.39,149824.05,149824.05,0.7491672,10.34373,8.540153,8.540148
250759.14,0.015085202,0.4784948,37000.0,151467.39,149824.05,149824.05,0.7491672,10.343377,8.540153,8.540152
250759.14,0.015666926,0.6993113,37000.0,151467.4,149824.03,149824.06,0.7491672,10.343719,8.540148,8.540145
250759.14,0.017024595,0.56680596,37000.0,151467.34,149824.05,149824.06,0.7491672,10.343116,8.540151,8.540156
250759.14,0.017473802,0.61653453,37000.0,151467.34,149824.06,149824.06,0.7491672,10.343067,8.540151,8.54015
250759.14,0.018101675,0.6703808,37000.0,151467.4,149824.03,149824.06,0.7491672,10.343495,8.540149,8.540154
250759.14,0.016529934,0.48141727,37000.0,151467.42,149824.06,149824.08,0.7491672,10.343443,8.540153,8.540149
250759.14,0.014985698,0.5113224,37000.0,151467.4,149824.06,149824.03,0.7491672,10.343669,8.540152,8.5401535
250759.14,0.018933835,0.57008344,37000.0,151467.42,149824.06,149824.03,0.7491672,10.343887,8.540152,8.540159
250759.14,0.017576037,0.6454344,37000.0,151467.38,149824.05,149824.03,0.7491672,10.3434,8.540149,8.540174
250759.14,0.015579272,0.6420392,37000.0,151467.47,149824.05,149824.06,0.7491672,10.343664,8.540149,8.540177
250759.14,0.0172668,0.53069496,37000.0,151467.3,149824.05,149824.05,0.7491672,10.343172,8.540152,8.540177
250759.14,0.017375031,0.61545074,37000.0,151467.33,149824.03,149824.06,0.7491672,10.343374,8.54015,8.540163
250759.14,0.015092353,0.61927587,37000.0,151467.34,149824.06,149824.06,0.7491672,10.343541,8.540152,8.540158
250759.14,0.017819775,0.71844393,37000.0,151467.39,149824.06,149824.05,0.7491672,10.34327,8.54015,8.540171
250759.14,0.016997911,0.51743346,37000.0,151467.42,149824.05,149824.06,0.7491672,10.343475,8.540152,8.540163
250759.14,0.01797351,0.6434012,37000.0,151467.4,149824.05,149824.03,0.7491672,10.343471,8.540151,8.540173
250759.14,0.018180618,0.6336935,37000.0,151467.31,149824.03,149824.06,0.7491672,10.342837,8.540149,8.540177
250759.14,0.01529993,0.6215144,37000.0,151467.34,149824.06,149824.05,0.7491672,10.343514,8.540151,8.540164
250759.14,0.016658999,0.57068497,37000.0,151467.36,149824.06,149824.06,0.7491672,10.343387,8.540151,8.540167
250759.14,0.018626325,0.66909164,37000.0,151467.39,149824.08,149824.03,0.7491672,10.343286,8.54015,8.540184
250759.14,0.015275749,0.65614814,37000.0,151467.42,149824.06,149824.05,0.7491672,10.34369,8.54015,8.540172
250759.14,0.016599322,0.6346147,37000.0,151467.39,149824.05,149824.05,0.7491672,10.343374,8.540151,8.540169
250759.14,0.015093122,0.7005335,37000.0,151467.42,149824.06,149824.05,0.7491672,10.343629,8.54015,8.540178
250759.14,0.01957885,0.48018536,37000.0,151467.39,149824.06,149824.06,0.7491672,10.343174,8.540152,8.540173
250759.14,0.02001108,0.56475663,37000.0,151467.4,149824.08,149824.05,0.7491672,10.343373,8.540151,8.54017
250759.14,0.017741311,0.56347644,37000.0,151467.42,149824.06,149824.05,0.7491672,10.343441,8.540151,8.540156
250759.14,0.017092466,0.64073014,37000.0,151467.33,149824.03,149824.06,0.7491672,10.343419,8.54015,8.540173
250759.14,0.015050825,0.7103089,37000.0,151467.42,149824.03,149824.05,0.7491672,10.343621,8.54015,8.540171
250759.14,0.019395333,0.61223435,37000.0,151467.38,149824.06,149824.06,0.7491672,10.343721,8.540151,8.540156
250759.14,0.019009655,0.50560737,37000.0,151467.31,149824.05,149824.03,0.7491672,10.343359,8.540152,8.540155
250759.14,0.017721722,0.597881,37000.0,151467.39,149824.03,149824.03,0.7491672,10.343397,8.540151,8.540164
250759.14,0.015976472,0.7243144,37000.0,151467.45,149824.06,149824.03,0.7491672,10.343444,8.540149,8.540174
250759.14,0.015556945,0.7196243,37000.0,151467.33,149824.05,149824.05,0.7491672,10.343272,8.540149,8.540166
250759.14,0.016571665,0.6750864,37000.0,151467.38,149824.06,149824.05,0.7491672,10.343509,8.54015,8.540183
250759.14,0.016878352,0.6217367,37000.0,151467.34,149824.05,149824.05,0.7491672,10.343085,8.54015,8.540175
250759.14,0.019639483,0.67760026,37000.0,151467.42,149824.06,149824.02,0.7491672,10.343605,8.54015,8.540176
250759.14,0.020786365,0.5772106,37000.0,151467.39,149824.05,149824.06,0.7491672,10.343741,8.540152,8.540181
250759.14,0.017914122,0.6042111,37000.0,151467.38,149824.06,149824.05,0.7491672,10.343539,8.540151,8.540177
250759.14,0.018149883,0.646557,37000.0,151467.36,149824.06,149824.05,0.7491672,10.343575,8.54015,8.54018
250759.14,0.01866282,0.63304687,37000.0,151467.4,149824.05,149824.05,0.7491672,10.343429,8.54015,8.540162
250759.14,0.018263964,0.6286788,37000.0,151467.38,149824.03,149824.05,0.7491672,10.343161,8.54015,8.540175
250759.14,0.014363838,0.7065116,37000.0,151467.38,149824.03,149824.06,0.7491672,10.3432865,8.54015,8.540171
250759.14,0.014638025,0.5766398,37000.0,151467.47,149824.05,149824.06,0.7491672,10.343883,8.540151,8.540155
250759.14,0.017459562,0.57064736,37000.0,151467.4,149824.05,149824.02,0.7491672,10.343381,8.540152,8.540169
250759.14,0.018352658,0.57935137,37000.0,151467.33,149824.06,149824.03,0.7491672,10.343623,8.540151,8.540161
250759.14,0.018022105,0.66281605,37000.0,151467.4,149824.06,149824.06,0.7491672,10.343716,8.54015,8.540155
250759.14,0.015354798,0.5258015,37000.0,151467.39,149824.06,149824.05,0.7491672,10.343389,8.540151,8.540176
250759.14,0.02068552,0.66315633,37000.0,151467.4,149824.06,149824.06,0.7491672,10.343146,8.54015,8.540171
250759.14,0.019470336,0.53016275,37000.0,151467.33,149824.06,149824.03,0.7491672,10.343153,8.540152,8.540173
250759.14,0.018023564,0.5953811,37000.0,151467.39,149824.06,149824.03,0.7491672,10.343679,8.540151,8.540186
250759.14,0.017132869,0.56470215,37000.0,151467.44,149824.08,149824.06,0.7491672,10.344051,8.540151,8.540182
250759.14,0.016280772,0.66218585,37000.0,151467.34,149824.02,149824.05,0.7491672,10.343778,8.540149,8.540163
250759.14,0.01619088,0.5390415,37000.0,151467.4,149824.03,149824.05,0.7491672,10.343579,8.540152,8.540172
250759.14,0.017538093,0.6803451,37000.0,151467.38,149824.05,149824.06,0.7491672,10.343264,8.54015,8.540173
250759.14,0.019222194,0.678415,37000.0,151467.42,149824.03,149824.08,0.7491672,10.343902,8.540149,8.540177
250759.14,0.018191636,0.618954,37000.0,151467.39,149824.06,149824.06,0.7491672,10.343506,8.540151,8.540172
250759.14,0.017426793,0.65411067,37000.0,151467.39,149824.05,149824.05,0.7491672,10.343695,8.54015,8.540158
250759.14,0.017408295,0.53219485,37000.0,151467.42,149824.05,149824.03,0.7491672,10.343258,8.540151,8.540172
250759.14,0.021509321,0.4161087,37000.0,151467.39,149824.06,149824.06,0.7491672,10.343423,8.540151,8.540175
250759.14,0.018514296,0.68631107,37000.0,151467.39,149824.05,149824.05,0.7491672,10.343307,8.54015,8.540162
250759.14,0.01810322,0.59989274,37000.0,151467.38,149824.05,149824.03,0.7491672,10.343361,8.54015,8.540173
250759.14,0.016783576,0.6047388,37000.0,151467.36,149824.05,149824.03,0.7491672,10.343374,8.540151,8.540183
250759.14,0.0175868,0.53103375,37000.0,151467.4,149824.06,149824.06,0.7491672,10.343665,8.540152,8.540182
250759.14,0.018497648,0.69387364,37000.0,151467.36,149824.03,149824.05,0.7491672,10.343124,8.540149,8.540169
250759.14,0.018812958,0.5519574,37000.0,151467.42,149824.06,149824.05,0.7491672,10.343498,8.540152,8.540178
250759.14,0.014720892,0.69092363,37000.0,151467.39,149824.03,149824.05,0.7491672,10.343308,8.54015,8.54017
250759.14,0.020317541,0.545822,37000.0,151467.38,149824.06,149824.06,0.7491672,10.343475,8.540151,8.540179
250759.14,0.01863417,0.57205844,37000.0,151467.39,149824.05,149824.05,0.7491672,10.343234,8.540151,8.540155
250759.14,0.018523613,0.6547909,37000.0,151467.33,149824.05,149824.05,0.7491672,10.343194,8.54015,8.540158
250759.14,0.019103957,0.7024014,37000.0,151467.36,149824.03,149824.03,0.7491672,10.343271,8.54015,8.540159
250759.14,0.016543666,0.6961526,37000.0,151467.36,149824.06,149824.05,0.7491672,10.343442,8.54015,8.540163
250759.14,0.018766735,0.57609946,37000.0,151467.39,149824.06,149824.05,0.7491672,10.343589,8.540151,8.540163
250759.14,0.016317103,0.6772878,37000.0,151467.44,149824.08,149824.08,0.7491672,10.343482,8.54015,8.540158
250759.14,0.019108089,0.54302037,37000.0,151467.4,149824.05,149824.05,0.7491672,10.343418,8.540152,8.540159
250759.14,0.01819965,0.562537,37000.0,151467.38,149824.08,149824.08,0.7491672,10.34347,8.540152,8.540162
250759.14,0.018062774,0.70100147,37000.0,151467.33,149824.05,149824.05,0.7491672,10.3430805,8.540149,8.540163
250759.14,0.016679037,0.54317313,37000.0,151467.36,149824.06,149824.03,0.7491672,10.343209,8.540152,8.540156
250759.14,0.017509915,0.68039334,37000.0,151467.4,149824.05,149824.06,0.7491672,10.343685,8.54015,8.540158
250759.14,0.017335488,0.69359297,37000.0,151467.34,149824.05,149824.08,0.7491672,10.343267,8.54015,8.540154
250759.14,0.015102991,0.679883,37000.0,151467.39,149824.05,149824.05,0.7491672,10.343456,8.54015,8.540155
250759.14,0.016545206,0.51613325,37000.0,151467.34,149824.06,149824.05,0.7491672,10.343425,8.540152,8.5401535
250759.14,0.016976256,0.6757574,37000.0,151467.36,149824.06,149824.05,0.7491672,10.343956,8.54015,8.540169
250759.14,0.017182149,0.6669743,37000.0,151467.45,149824.03,149824.05,0.7491672,10.34374,8.54015,8.540163
250759.14,0.017497797,0.5250949,37000.0,151467.42,149824.05,149824.05,0.7491672,10.343458,8.540152,8.540163
250759.14,0.018172981,0.63112676,37000.0,151467.34,149824.06,149824.05,0.7491672,10.343165,8.540151,8.540168
250759.14,0.016167646,0.55833334,37000.0,151467.34,149824.06,149824.05,0.7491672,10.343222,8.540151,8.540164
250759.14,0.016687248,0.6431496,37000.0,151467.34,149824.06,149824.05,0.7491672,10.343198,8.54015,8.540163
250759.14,0.019249633,0.70531845,37000.0,151467.4,149824.08,149824.03,0.7491672,10.343343,8.54015,8.540158
250759.14,0.013438178,0.6969635,37000.0,151467.38,149824.05,149824.05,0.7491672,10.343496,8.54015,8.540168
250759.14,0.01966552,0.6048105,37000.0,151467.44,149824.05,149824.05,0.7491672,10.343706,8.54015,8.540166
250759.14,0.02062118,0.5616336,37000.0,151467.4,149824.06,149824.05,0.7491672,10.343608,8.540152,8.540175
250759.14,0.017023785,0.5411186,37000.0,151467.34,149824.05,149824.05,0.7491672,10.343473,8.540152,8.540171
250759.14,0.019626861,0.65365213,37000.0,151467.33,149824.08,149824.06,0.7491672,10.34313,8.540151,8.540163
250759.14,0.018206788,0.5941687,37000.0,151467.31,149824.06,149824.05,0.7491672,10.343042,8.540151,8.540162
250759.14,0.016377486,0.49177688,37000.0,151467.39,149824.06,149824.05,0.7491672,10.343384,8.540153,8.54016
250759.14,0.017980382,0.5162302,37000.0,151467.36,149824.06,149824.05,0.7491672,10.343295,8.540153,8.540166
250759.14,0.01855906,0.67473173,37000.0,151467.42,149824.03,149824.05,0.7491672,10.343907,8.540149,8.540188
250759.14,0.018884977,0.65281767,37000.0,151467.4,149824.05,149824.05,0.7491672,10.343979,8.54015,8.54018
250759.14,0.01699429,0.6413162,37000.0,151467.36,149824.03,149824.05,0.7491672,10.34354,8.54015,8.540165
250759.14,0.018298611,0.57011974,37000.0,151467.39,149824.05,149824.06,0.7491672,10.343454,8.540151,8.540169
250759.14,0.017262956,0.6678505,37000.0,151467.38,149824.02,149824.05,0.7491672,10.343246,8.54015,8.5401745
250759.14,0.01850011,0.53251046,37000.0,151467.31,149824.05,149824.05,0.7491672,10.343279,8.540152,8.540173
250759.14,0.016747128,0.6258345,37000.0,151467.36,149824.05,149824.06,0.7491672,10.3432455,8.54015,8.540192
250759.14,0.019415207,0.5634956,37000.0,151467.34,149824.05,149824.05,0.7491672,10.343126,8.540152,8.540167
250759.14,0.014385937,0.54914707,37000.0,151467.39,149824.05,149824.05,0.7491672,10.343359,8.540152,8.540169
250759.14,0.02054423,0.5135622,37000.0,151467.39,149824.05,149824.08,0.7491672,10.34332,8.540151,8.540158
250759.14,0.019150589,0.672179,37000.0,151467.39,149824.08,149824.06,0.7491672,10.34341,8.540151,8.540152
250759.14,0.018167732,0.6464562,37000.0,151467.39,149824.05,149824.05,0.7491672,10.343257,8.54015,8.540163
250759.14,0.01819763,0.6552291,37000.0,151467.39,149824.05,149824.06,0.7491672,10.343405,8.54015,8.540162
250759.14,0.019400354,0.6360813,37000.0,151467.39,149824.06,149824.05,0.7491672,10.343626,8.54015,8.540163
250759.14,0.016256256,0.70971704,37000.0,151467.38,149824.03,149824.06,0.7491672,10.343325,8.54015,8.540165
250759.14,0.021109466,0.6700601,37000.0,151467.39,149824.08,149824.06,0.7491672,10.343437,8.54015,8.540158
250759.14,0.016269263,0.6382535,37000.0,151467.36,149824.08,149824.05,0.7491672,10.343467,8.540151,8.540153
250759.14,0.019521473,0.5912011,37000.0,151467.38,149824.06,149824.05,0.7491672,10.343549,8.540151,8.540158
250759.14,0.01891088,0.5312316,37000.0,151467.39,149824.06,149824.05,0.7491672,10.343624,8.540151,8.540166
250759.14,0.01947542,0.68196464,37000.0,151467.47,149824.03,149824.06,0.7491672,10.343605,8.54015,8.540168
250759.14,0.017520417,0.5802382,37000.0,151467.36,149824.06,149824.06,0.7491672,10.343064,8.540151,8.540151
250759.14,0.017991053,0.72878623,37000.0,151467.44,149824.08,149824.06,0.7491672,10.343769,8.540149,8.540155
250759.14,0.016861824,0.5763652,37000.0,151467.38,149824.08,149824.06,0.7491672,10.343453,8.540151,8.540159
250759.14,0.017909234,0.6968184,37000.0,151467.4,149824.06,149824.05,0.7491672,10.343336,8.540149,8.540163
250759.14,0.020031007,0.55932647,37000.0,151467.4,149824.05,149824.06,0.7491672,10.343506,8.540152,8.540165
250759.14,0.01863049,0.5275117,37000.0,151467.36,149824.05,149824.06,0.7491672,10.34321,8.540152,8.540161
250759.14,0.019944888,0.7388544,37000.0,151467.36,149824.05,149824.06,0.7491672,10.342971,8.540148,8.540143
250759.14,0.017107502,0.61330134,37000.0,151467.31,149824.03,149824.08,0.7491672,10.343147,8.540151,8.540158
250759.14,0.020279216,0.7157984,37000.0,151467.39,149824.08,149824.06,0.7491672,10.343579,8.540149,8.540155
250759.14,0.017985553,0.60134155,37000.0,151467.38,149824.05,149824.06,0.7491672,10.34342,8.540151,8.540161
250759.14,0.01641363,0.65292937,37000.0,151467.33,149824.05,149824.05,0.7491672,10.343431,8.54015,8.540155
250759.14,0.017400883,0.72506166,37000.0,151467.38,149824.05,149824.05,0.7491672,10.34324,8.540149,8.5401535
250759.14,0.01264981,0.55965704,37000.0,151467.34,149824.05,149824.06,0.7491672,10.343112,8.54015,8.540155
250759.14,0.014503079,0.69851923,37000.0,151467.38,149824.05,149824.05,0.7491672,10.343208,8.540149,8.540156
250759.14,0.018324738,0.6921377,37000.0,151467.39,149824.06,149824.05,0.7491672,10.343348,8.54015,8.540153
250759.14,0.016546775,0.69153,37000.0,151467.34,149824.05,149824.05,0.7491672,10.343043,8.54015,8.540154
250759.14,0.016315605,0.72313035,37000.0,151467.4,149824.05,149824.05,0.7491672,10.343498,8.540149,8.540156
250759.14,0.021306325,0.45488226,37000.0,151467.4,149824.08,149824.05,0.7491672,10.343667,8.540152,8.540164
250759.14,0.018898027,0.54570305,37000.0,151467.38,149824.03,149824.06,0.7491672,10.343658,8.540152,8.5401535
250759.14,0.019444618,0.634186,37000.0,151467.36,149824.05,149824.05,0.7491672,10.343238,8.54015,8.540161
250759.14,0.016693672,0.69400233,37000.0,151467.44,149824.05,149824.06,0.7491672,10.343782,8.54015,8.540153
250759.14,0.017414154,0.64552575,37000.0,151467.34,149824.05,149824.05,0.7491672,10.343182,8.54015,8.540172
250759.14,0.02068694,0.4961153,37000.0,151467.39,149824.05,149824.06,0.7491672,10.343661,8.540151,8.54016
250759.14,0.018122619,0.61492485,37000.0,151467.38,149824.05,149824.05,0.7491672,10.343124,8.54015,8.540158
250759.14,0.015904319,0.6518741,37000.0,151467.42,149824.03,149824.05,0.7491672,10.343623,8.54015,8.540155
250759.14,0.01697557,0.5105395,37000.0,151467.36,149824.06,149824.06,0.7491672,10.343656,8.540153,8.5401535
250759.14,0.018722404,0.6806253,37000.0,151467.44,149824.05,149824.06,0.7491672,10.343904,8.54015,8.540151
250759.14,0.018711748,0.60368776,37000.0,151467.36,149824.05,149824.03,0.7491672,10.343449,8.540152,8.540156
250759.14,0.020188585,0.7156937,37000.0,151467.39,149824.05,149824.05,0.7491672,10.343203,8.54015,8.540157
250759.14,0.016342685,0.6681067,37000.0,151467.36,149824.05,149824.08,0.7491672,10.343181,8.540149,8.54016
250759.14,0.015421817,0.5974442,37000.0,151467.38,149824.06,149824.05,0.7491672,10.343495,8.540151,8.540171
250759.14,0.018009411,0.71196824,37000.0,151467.4,149824.05,149824.06,0.7491672,10.343259,8.540149,8.540165
250759.14,0.01796942,0.6311043,37000.0,151467.42,149824.06,149824.05,0.7491672,10.34364,8.540151,8.540146
250759.14,0.01595609,0.70163375,37000.0,151467.36,149824.06,149824.08,0.7491672,10.343204,8.54015,8.540164
250759.14,0.018214935,0.53334755,37000.0,151467.4,149824.06,149824.05,0.7491672,10.343452,8.540152,8.540152
250759.14,0.0179443,0.6187284,37000.0,151467.39,149824.05,149824.03,0.7491672,10.343483,8.540152,8.54016
250759.14,0.017061863,0.67057455,37000.0,151467.4,149824.06,149824.03,0.7491672,10.343441,8.54015,8.540176
250759.14,0.021173665,0.69495475,37000.0,151467.4,149824.05,149824.05,0.7491672,10.343362,8.54015,8.540158
250759.14,0.02020758,0.72375464,37000.0,151467.38,149824.06,149824.06,0.7491672,10.343638,8.540149,8.540181
250759.14,0.019469496,0.6786812,37000.0,151467.4,149824.03,149824.06,0.7491672,10.3435335,8.540149,8.540167
250759.14,0.016689975,0.6697307,37000.0,151467.39,149824.06,149824.06,0.7491672,10.343426,8.54015,8.540151
250759.14,0.01951537,0.71264476,37000.0,151467.42,149824.05,149824.08,0.7491672,10.343316,8.54015,8.540152
250759.14,0.01811335,0.7009729,37000.0,151467.42,149824.05,149824.03,0.7491672,10.34342,8.540149,8.540145
250759.14,0.018859109,0.6848395,37000.0,151467.31,149824.05,149824.06,0.7491672,10.343394,8.54015,8.540156
250759.14,0.017287312,0.6879604,37000.0,151467.38,149824.05,149824.05,0.7491672,10.343151,8.54015,8.540161
250759.14,0.017989343,0.6649273,37000.0,151467.39,149824.06,149824.05,0.7491672,10.343605,8.540151,8.540165
250759.14,0.020055018,0.65529823,37000.0,151467.33,149824.05,149824.1,0.7491672,10.3431015,8.54015,8.540159
250759.14,0.021273645,0.73387325,37000.0,151467.44,149824.03,149824.05,0.7491672,10.343588,8.540149,8.540175
250759.14,0.017335925,0.6158902,37000.0,151467.38,149824.05,149824.05,0.7491672,10.343013,8.54015,8.540156
250759.14,0.018262198,0.6853162,37000.0,151467.36,149824.08,149824.05,0.7491672,10.343245,8.54015,8.5401535
250759.14,0.017212063,0.662094,37000.0,151467.39,149824.1,149824.06,0.7491672,10.343737,8.54015,8.540169
250759.14,0.016155131,0.6966279,37000.0,151467.39,149824.03,149824.06,0.7491672,10.34342,8.54015,8.5401535
250759.14,0.02126631,0.6436919,37000.0,151467.4,149824.08,149824.06,0.7491672,10.343315,8.540151,8.540157
250759.14,0.016052999,0.6037055,37000.0,151467.39,149824.08,149824.05,0.7491672,10.34346,8.540152,8.540158
250759.14,0.017775772,0.6063301,37000.0,151467.39,149824.06,149824.03,0.7491672,10.343305,8.540151,8.540161
250759.14,0.018511426,0.6348014,37000.0,151467.39,149824.05,149824.05,0.7491672,10.343704,8.54015,8.540164
250759.14,0.017381722,0.618537,37000.0,151467.38,149824.06,149824.05,0.7491672,10.343267,8.540152,8.540151
250759.14,0.016796302,0.5435043,37000.0,151467.31,149824.06,149824.05,0.7491672,10.343193,8.540151,8.540144
250759.14,0.017687086,0.47385705,37000.0,151467.33,149824.05,149824.05,0.7491672,10.343436,8.540151,8.540163
250759.14,0.020304894,0.5841124,37000.0,151467.38,149824.06,149824.06,0.7491672,10.343465,8.540151,8.540151
250759.14,0.017896835,0.6757663,37000.0,151467.34,149824.06,149824.06,0.7491672,10.34345,8.54015,8.540153
250759.14,0.017926805,0.7139231,37000.0,151467.36,149824.05,149824.05,0.7491672,10.343126,8.540149,8.540153
250759.14,0.020570418,0.6282032,37000.0,151467.36,149824.05,149824.05,0.7491672,10.343437,8.540151,8.540157
250759.14,0.016816678,0.7611471,37000.0,151467.38,149824.05,149824.08,0.7491672,10.343175,8.540148,8.5401535
250759.14,0.019195972,0.5181348,37000.0,151467.3,149824.06,149824.05,0.7491672,10.342971,8.540151,8.54015
250759.14,0.021444341,0.6645611,37000.0,151467.31,149824.05,149824.05,0.7491672,10.342766,8.54015,8.540152
250759.14,0.017234743,0.5249601,37000.0,151467.34,149824.05,149824.06,0.7491672,10.343344,8.540152,8.540153
250759.14,0.016068926,0.70889604,37000.0,151467.36,149824.05,149824.06,0.7491672,10.34351,8.540149,8.5401535
250759.14,0.020616684,0.59964216,37000.0,151467.36,149824.05,149824.05,0.7491672,10.343603,8.540151,8.540148
250759.14,0.018927565,0.62216103,37000.0,151467.39,149824.05,149824.05,0.7491672,10.343287,8.54015,8.540156
250759.14,0.017116286,0.6282184,37000.0,151467.34,149824.06,149824.05,0.7491672,10.343132,8.540151,8.540163
250759.14,0.017433396,0.5549742,37000.0,151467.38,149824.08,149824.06,0.7491672,10.3431425,8.540151,8.5401745
250759.14,0.018072259,0.62618935,37000.0,151467.39,149824.03,149824.06,0.7491672,10.343919,8.54015,8.540158
250759.14,0.016741702,0.6241932,37000.0,151467.38,149824.03,149824.08,0.7491672,10.343482,8.540151,8.540144
250759.14,0.015640818,0.6839076,37000.0,151467.39,149824.02,149824.03,0.7491672,10.343453,8.54015,8.540154
250759.14,0.015872201,0.6926582,37000.0,151467.36,149824.08,149824.05,0.7491672,10.343594,8.54015,8.540163
250759.14,0.019408155,0.61410296,37000.0,151467.36,149824.06,149824.03,0.7491672,10.343528,8.540151,8.54017
250759.14,0.016598718,0.5204608,37000.0,151467.42,149824.06,149824.03,0.7491672,10.343254,8.540152,8.540173
250759.14,0.01564368,0.68847847,37000.0,151467.33,149824.06,149824.05,0.7491672,10.343075,8.54015,8.540161
250759.14,0.018333461,0.5133477,37000.0,151467.36,149824.03,149824.08,0.7491672,10.343139,8.540151,8.5401535
250759.14,0.017406667,0.5617086,37000.0,151467.39,149824.06,149824.08,0.7491672,10.343254,8.540152,8.540155
250759.14,0.019875452,0.5704806,37000.0,151467.33,149824.05,149824.05,0.7491672,10.343212,8.540151,8.540153
250759.14,0.020163614,0.6092763,37000.0,151467.45,149824.08,149824.05,0.7491672,10.343528,8.540151,8.540182
250759.14,0.02070512,0.57664025,37000.0,151467.34,149824.08,149824.08,0.7491672,10.3431425,8.540151,8.540168
250759.14,0.018533617,0.6551685,37000.0,151467.38,149824.06,149824.05,0.7491672,10.343622,8.540149,8.540165
250759.14,0.018078486,0.5311325,37000.0,151467.33,149824.06,149824.05,0.7491672,10.343496,8.540152,8.5401535
250759.14,0.0168193,0.5816212,37000.0,151467.4,149824.03,149824.06,0.7491672,10.34357,8.540151,8.540156
250759.14,0.017322015,0.7273239,37000.0,151467.36,149824.06,149824.05,0.7491672,10.34333,8.540149,8.540164
250759.14,0.019147718,0.61734647,37000.0,151467.38,149824.06,149824.06,0.7491672,10.343107,8.540152,8.540159
250759.14,0.020469332,0.53628314,37000.0,151467.39,149824.05,149824.03,0.7491672,10.343895,8.540153,8.540159
250759.14,0.018990487,0.6960013,37000.0,151467.34,149824.06,149824.05,0.7491672,10.343298,8.540149,8.540158
250759.14,0.019931206,0.56299436,37000.0,151467.39,149824.05,149824.06,0.7491672,10.343234,8.540151,8.540166
250759.14,0.015976077,0.6555611,37000.0,151467.34,149824.05,149824.05,0.7491672,10.343414,8.54015,8.540167
250759.14,0.018547948,0.7265161,37000.0,151467.38,149824.05,149824.05,0.7491672,10.343222,8.540149,8.5402
250759.14,0.020593682,0.58238524,37000.0,151467.34,149824.05,149824.05,0.7491672,10.343293,8.540151,8.540197
250759.14,0.017584702,0.62811065,37000.0,151467.34,149824.08,149824.06,0.7491672,10.343452,8.540152,8.54016
250759.14,0.020163167,0.63832366,37000.0,151467.36,149824.03,149824.05,0.7491672,10.342869,8.54015,8.540158
250759.14,0.021582816,0.6031293,37000.0,151467.36,149824.05,149824.05,0.7491672,10.343327,8.540151,8.540194
250759.14,0.018272525,0.7182244,37000.0,151467.42,149824.06,149824.05,0.7491672,10.343397,8.54015,8.540153
250759.14,0.019436298,0.55092216,37000.0,151467.39,149824.06,149824.06,0.7491672,10.34373,8.540152,8.540157
250759.14,0.01957081,0.70582944,37000.0,151467.42,149824.06,149824.06,0.7491672,10.343751,8.54015,8.540155
250759.14,0.01807094,0.6245415,37000.0,151467.39,149824.06,149824.05,0.7491672,10.343489,8.540151,8.540177
250759.14,0.019877858,0.6764777,37000.0,151467.39,149824.03,149824.06,0.7491672,10.343308,8.54015,8.540152
250759.14,0.01807399,0.5879422,37000.0,151467.33,149824.06,149824.05,0.7491672,10.343111,8.540151,8.540151
250759.14,0.019072933,0.7034298,37000.0,151467.38,149824.05,149824.03,0.7491672,10.343355,8.54015,8.540173
250759.14,0.02152973,0.7530006,37000.0,151467.39,149824.06,149824.06,0.7491672,10.343811,8.540149,8.540175
250759.14,0.019911557,0.5449068,37000.0,151467.39,149824.06,149824.06,0.7491672,10.34342,8.540152,8.540156
250759.14,0.018157238,0.6131297,37000.0,151467.38,149824.06,149824.06,0.7491672,10.343885,8.540151,8.540164
250759.14,0.017574161,0.5993896,37000.0,151467.38,149824.03,149824.02,0.7491672,10.343336,8.54015,8.540154
250759.14,0.02061538,0.7394629,37000.0,151467.38,149824.06,149824.08,0.7491672,10.343529,8.540149,8.540151
250759.14,0.02112804,0.73294646,37000.0,151467.39,149824.05,149824.06,0.7491672,10.343356,8.540149,8.540159
250759.14,0.01856234,0.63180214,37000.0,151467.4,149824.06,149824.05,0.7491672,10.343515,8.54015,8.540179
250759.14,0.020470211,0.58916104,37000.0,151467.38,149824.05,149824.06,0.7491672,10.343249,8.540152,8.540153
250759.14,0.01939748,0.7011112,37000.0,151467.34,149824.06,149824.05,0.7491672,10.343217,8.540149,8.540155
250759.14,0.018200474,0.66654676,37000.0,151467.34,149824.06,149824.08,0.7491672,10.343482,8.54015,8.540151
250759.14,0.01675507,0.55104405,37000.0,151467.38,149824.03,149824.05,0.7491672,10.343428,8.540152,8.540151
250759.14,0.021923011,0.58566386,37000.0,151467.44,149824.05,149824.05,0.7491672,10.343777,8.540152,8.540156
250759.14,0.022747315,0.7517608,37000.0,151467.34,149824.06,149824.05,0.7491672,10.343429,8.540149,8.540154
250759.14,0.021055281,0.6275633,37000.0,151467.34,149824.08,149824.06,0.7491672,10.342832,8.540151,8.540151
250759.14,0.01727887,0.65740776,37000.0,151467.33,149824.03,149824.06,0.7491672,10.342997,8.54015,8.540157
250759.14,0.01940231,0.6982453,37000.0,151467.33,149824.06,149824.03,0.7491672,10.343339,8.540151,8.540163
250759.14,0.020385649,0.6684988,37000.0,151467.38,149824.06,149824.05,0.7491672,10.343224,8.54015,8.540166
250759.14,0.02007134,0.7030565,37000.0,151467.33,149824.03,149824.05,0.7491672,10.343109,8.54015,8.54015
250759.14,0.019082872,0.52425206,37000.0,151467.44,149824.05,149824.03,0.7491672,10.343788,8.540152,8.540187
250759.14,0.01720366,0.68283755,37000.0,151467.38,149824.05,149824.03,0.7491672,10.34355,8.54015,8.540151
250759.14,0.021691002,0.5630688,37000.0,151467.36,149824.05,149824.06,0.7491672,10.343106,8.540151,8.540162
250759.14,0.019150725,0.70763445,37000.0,151467.38,149824.03,149824.05,0.7491672,10.343245,8.54015,8.540162
250759.14,0.016390849,0.5416172,37000.0,151467.38,149824.05,149824.05,0.7491672,10.343584,8.540151,8.540162
250759.14,0.016690033,0.61845237,37000.0,151467.4,149824.06,149824.05,0.7491672,10.3435755,8.540152,8.540162
250759.14,0.019754672,0.6463864,37000.0,151467.36,149824.06,149824.06,0.7491672,10.343457,8.54015,8.5401535
250759.14,0.020844182,0.6900084,37000.0,151467.4,149824.08,149824.05,0.7491672,10.343391,8.54015,8.540189
250759.14,0.019019173,0.7062411,37000.0,151467.42,149824.06,149824.06,0.7491672,10.343625,8.54015,8.540196
250759.14,0.0194179,0.70917565,37000.0,151467.34,149824.06,149824.06,0.7491672,10.343353,8.54015,8.540156
250759.14,0.01629955,0.63828516,37000.0,151467.34,149824.03,149824.06,0.7491672,10.343446,8.54015,8.540158
250759.14,0.016946802,0.669946,37000.0,151467.39,149824.03,149824.08,0.7491672,10.343416,8.54015,8.540152
250759.14,0.018187404,0.5520979,37000.0,151467.39,149824.05,149824.05,0.7491672,10.343513,8.540152,8.540186
250759.14,0.01830756,0.6719806,37000.0,151467.39,149824.05,149824.05,0.7491672,10.343352,8.54015,8.540173
250759.14,0.01779246,0.63161343,37000.0,151467.38,149824.03,149824.03,0.7491672,10.34329,8.540149,8.540165
250759.14,0.018316142,0.6466498,37000.0,151467.44,149824.06,149824.03,0.7491672,10.343887,8.540151,8.540165
250759.14,0.018090736,0.59737223,37000.0,151467.47,149824.08,149824.05,0.7491672,10.3437805,8.540152,8.540155
250759.14,0.021319516,0.65008694,37000.0,151467.36,149824.05,149824.06,0.7491672,10.343701,8.54015,8.540163
250759.14,0.01799394,0.7153409,37000.0,151467.38,149824.06,149824.05,0.7491672,10.343536,8.54015,8.540153
250759.14,0.021825708,0.6665298,37000.0,151467.33,149824.03,149824.1,0.7491672,10.34341,8.54015,8.540159
250759.14,0.018569726,0.6689286,37000.0,151467.44,149824.06,149824.08,0.7491672,10.343846,8.540151,8.540166
250759.14,0.017969666,0.68514025,37000.0,151467.36,149824.06,149824.05,0.7491672,10.3432,8.54015,8.540152
250759.14,0.018899035,0.72404945,37000.0,151467.36,149824.08,149824.06,0.7491672,10.343015,8.54015,8.540154
250759.14,0.019185636,0.7083517,37000.0,151467.39,149824.05,149824.05,0.7491672,10.343508,8.540149,8.540155
250759.14,0.017113868,0.6606539,37000.0,151467.42,149824.08,149824.05,0.7491672,10.343902,8.54015,8.540159
250759.14,0.018704804,0.57937557,37000.0,151467.38,149824.08,149824.06,0.7491672,10.343605,8.540152,8.540151
250759.14,0.019318495,0.5795474,37000.0,151467.38,149824.05,149824.03,0.7491672,10.3436985,8.540152,8.540155
250759.14,0.014817593,0.62258554,37000.0,151467.38,149824.06,149824.06,0.7491672,10.3435335,8.540151,8.5401535
250759.14,0.016715849,0.6940048,37000.0,151467.42,149824.06,149824.06,0.7491672,10.343561,8.54015,8.540155
250759.14,0.01736589,0.6718247,37000.0,151467.31,149824.05,149824.05,0.7491672,10.343132,8.54015,8.540166
250759.14,0.022270929,0.7142446,37000.0,151467.39,149824.06,149824.06,0.7491672,10.343202,8.54015,8.540158
250759.14,0.02212462,0.5303968,37000.0,151467.42,149824.03,149824.06,0.7491672,10.343371,8.540152,8.540147
250759.14,0.020293683,0.67917174,37000.0,151467.39,149824.03,149824.06,0.7491672,10.34342,8.540151,8.540148
250759.14,0.019665409,0.6101018,37000.0,151467.36,149824.06,149824.06,0.7491672,10.343375,8.540152,8.540188
250759.14,0.018532142,0.68106914,37000.0,151467.34,149824.03,149824.06,0.7491672,10.34344,8.54015,8.5401535
250759.14,0.016896022,0.59829223,37000.0,151467.39,149824.05,149824.03,0.7491672,10.343387,8.540151,8.540157
250759.14,0.015158693,0.71908104,37000.0,151467.38,149824.06,149824.06,0.7491672,10.343435,8.540149,8.540162
250759.14,0.015187312,0.6536215,37000.0,151467.36,149824.05,149824.05,0.7491672,10.343212,8.54015,8.540172
250759.14,0.016743362,0.59764844,37000.0,151467.38,149824.03,149824.05,0.7491672,10.343276,8.540151,8.540169
250759.14,0.018638948,0.5552212,37000.0,151467.4,149824.06,149824.06,0.7491672,10.343329,8.540151,8.540152
250759.14,0.019544749,0.7176528,37000.0,151467.38,149824.05,149824.06,0.7491672,10.343486,8.54015,8.540156
250759.14,0.018816607,0.5214781,37000.0,151467.38,149824.06,149824.05,0.7491672,10.343577,8.540152,8.540157
250759.14,0.015608662,0.62900805,37000.0,151467.4,149824.06,149824.05,0.7491672,10.34379,8.540151,8.540166
250759.14,0.0163005,0.65203637,37000.0,151467.42,149824.06,149824.06,0.7491672,10.34376,8.540151,8.540162
250759.14,0.014797287,0.7181577,37000.0,151467.44,149824.08,149824.05,0.7491672,10.343768,8.54015,8.540179
250759.14,0.018160574,0.5912365,37000.0,151467.33,149824.03,149824.05,0.7491672,10.343191,8.540151,8.540153
250759.14,0.0200129,0.75133806,37000.0,151467.4,149824.05,149824.05,0.7491672,10.343889,8.540149,8.540154
250759.14,0.02080151,0.7323601,37000.0,151467.38,149824.06,149824.05,0.7491672,10.3432045,8.540149,8.540152
250759.14,0.01806804,0.5697882,37000.0,151467.33,149824.05,149824.08,0.7491672,10.343047,8.540152,8.540153
250759.14,0.016638823,0.6158012,37000.0,151467.39,149824.06,149824.05,0.7491672,10.343461,8.540151,8.5401535
250759.14,0.018929567,0.68031776,37000.0,151467.38,149824.05,149824.06,0.7491672,10.343101,8.54015,8.540153
250759.14,0.018563418,0.7162672,37000.0,151467.42,149824.06,149824.05,0.7491672,10.34316,8.54015,8.540155
250759.14,0.019672062,0.6871015,37000.0,151467.44,149824.03,149824.05,0.7491672,10.343527,8.54015,8.540156
250759.14,0.015976371,0.64642406,37000.0,151467.45,149824.06,149824.06,0.7491672,10.343469,8.540151,8.540151
250759.14,0.016492762,0.7266274,37000.0,151467.4,149824.06,149824.06,0.7491672,10.343494,8.540149,8.540154
250759.14,0.01790602,0.57161623,37000.0,151467.38,149824.05,149824.05,0.7491672,10.343287,8.540152,8.540155
250759.14,0.016576475,0.679024,37000.0,151467.4,149824.05,149824.08,0.7491672,10.343357,8.540151,8.540149
250759.14,0.020365007,0.7182889,37000.0,151467.4,149824.05,149824.05,0.7491672,10.343422,8.54015,8.540153
250759.14,0.022595268,0.64805853,37000.0,151467.33,149824.06,149824.06,0.7491672,10.3432865,8.540151,8.540153
250759.14,0.02114226,0.5810506,37000.0,151467.42,149824.06,149824.05,0.7491672,10.343562,8.540152,8.5401535
250759.14,0.018918216,0.730592,37000.0,151467.34,149824.06,149824.03,0.7491672,10.343242,8.540149,8.540156
250759.14,0.01964893,0.5399954,37000.0,151467.34,149824.05,149824.05,0.7491672,10.343764,8.540152,8.540153
250759.14,0.018720979,0.6541443,37000.0,151467.44,149824.05,149824.06,0.7491672,10.343574,8.540151,8.5401535
250759.14,0.015225281,0.63289833,37000.0,151467.4,149824.06,149824.08,0.7491672,10.343768,8.54015,8.540155
250759.14,0.01877306,0.661903,37000.0,151467.4,149824.05,149824.08,0.7491672,10.343395,8.54015,8.540156
250759.14,0.022094885,0.6524979,37000.0,151467.39,149824.03,149824.05,0.7491672,10.343302,8.54015,8.540151
250759.14,0.020201735,0.6101616,37000.0,151467.4,149824.06,149824.06,0.7491672,10.343455,8.540151,8.540153
250759.14,0.019153511,0.7192513,37000.0,151467.38,149824.06,149824.06,0.7491672,10.343389,8.540149,8.540155
250759.14,0.018567719,0.64672977,37000.0,151467.36,149824.06,149824.05,0.7491672,10.343335,8.540152,8.540151
250759.14,0.01957074,0.66595,37000.0,151467.36,149824.06,149824.05,0.7491672,10.343336,8.54015,8.540152
250759.14,0.014612612,0.58537936,37000.0,151467.36,149824.08,149824.05,0.7491672,10.343156,8.540151,8.540154
250759.14,0.02169322,0.66557217,37000.0,151467.34,149824.05,149824.06,0.7491672,10.343361,8.540151,8.540156
250759.14,0.02177875,0.67445165,37000.0,151467.34,149824.03,149824.06,0.7491672,10.343259,8.54015,8.540158
250759.14,0.019645575,0.52352726,37000.0,151467.34,149824.03,149824.05,0.7491672,10.343269,8.540151,8.5401535
250759.14,0.020676274,0.56380296,37000.0,151467.4,149824.08,149824.06,0.7491672,10.343615,8.540152,8.540153
250759.14,0.017961498,0.6419548,37000.0,151467.39,149824.05,149824.05,0.7491672,10.343476,8.54015,8.540151
250759.14,0.019085176,0.62984294,37000.0,151467.4,149824.05,149824.06,0.7491672,10.343797,8.54015,8.540185
250759.14,0.01748086,0.65639925,37000.0,151467.39,149824.05,149824.06,0.7491672,10.343394,8.54015,8.540171
250759.14,0.016786786,0.55439246,37000.0,151467.38,149824.06,149824.06,0.7491672,10.343183,8.540152,8.5401535
250759.14,0.01819748,0.6793517,37000.0,151467.4,149824.05,149824.05,0.7491672,10.343657,8.54015,8.540168
250759.14,0.019979844,0.66490823,37000.0,151467.4,149824.05,149824.06,0.7491672,10.343603,8.54015,8.540143
250759.14,0.019666616,0.5515129,37000.0,151467.38,149824.06,149824.05,0.7491672,10.343745,8.540153,8.540181
250759.14,0.019101245,0.72719145,37000.0,151467.42,149824.08,149824.05,0.7491672,10.343301,8.54015,8.540167
250759.14,0.019718839,0.53570324,37000.0,151467.45,149824.05,149824.06,0.7491672,10.343798,8.540152,8.540163
250759.14,0.019101068,0.7247543,37000.0,151467.38,149824.06,149824.03,0.7491672,10.343487,8.540149,8.540173
250759.14,0.01688463,0.5721004,37000.0,151467.4,149824.05,149824.06,0.7491672,10.343255,8.540152,8.540153
250759.14,0.018411187,0.69496816,37000.0,151467.4,149824.06,149824.06,0.7491672,10.343589,8.54015,8.540153
250759.14,0.022038998,0.6895215,37000.0,151467.39,149824.03,149824.05,0.7491672,10.343353,8.54015,8.540129
250759.14,0.019649863,0.56691283,37000.0,151467.44,149824.08,149824.06,0.7491672,10.343297,8.540151,8.540138
250759.14,0.018443722,0.65917873,37000.0,151467.39,149824.06,149824.05,0.7491672,10.343201,8.540149,8.54014
250759.14,0.017354256,0.7097226,37000.0,151467.39,149824.06,149824.05,0.7491672,10.343499,8.54015,8.540147
250759.14,0.016724061,0.6291496,37000.0,151467.44,149824.06,149824.03,0.7491672,10.343806,8.540151,8.540146
250759.14,0.021663371,0.6233552,37000.0,151467.34,149824.06,149824.05,0.7491672,10.343829,8.540151,8.540134
250759.14,0.022990042,0.6515334,37000.0,151467.38,149824.06,149824.02,0.7491672,10.343542,8.54015,8.54015
250759.14,0.019271653,0.6347452,37000.0,151467.36,149824.06,149824.05,0.7491672,10.343661,8.540151,8.540132
250759.14,0.016858723,0.625527,37000.0,151467.42,149824.05,149824.06,0.7491672,10.343823,8.54015,8.540137
250759.14,0.020752786,0.5745198,37000.0,151467.34,149824.05,149824.05,0.7491672,10.343022,8.540151,8.540108
250759.14,0.015766578,0.6966047,37000.0,151467.36,149824.06,149824.03,0.7491672,10.343172,8.54015,8.540139
250759.14,0.022189705,0.7343179,37000.0,151467.42,149824.05,149824.05,0.7491672,10.343482,8.540149,8.540146
250759.14,0.021500532,0.6144559,37000.0,151467.39,149824.06,149824.03,0.7491672,10.343676,8.540151,8.540149
250759.14,0.021486482,0.6045092,37000.0,151467.36,149824.03,149824.03,0.7491672,10.343577,8.54015,8.540147
250759.14,0.017399639,0.6476858,37000.0,151467.4,149824.03,149824.05,0.7491672,10.343373,8.54015,8.540147
250759.14,0.01600276,0.57736915,37000.0,151467.42,149824.06,149824.05,0.7491672,10.343751,8.540152,8.540143
250759.14,0.020492947,0.6205701,37000.0,151467.39,149824.05,149824.05,0.7491672,10.34354,8.540151,8.540121
250759.14,0.021598155,0.7420329,37000.0,151467.34,149824.05,149824.05,0.7491672,10.343266,8.540149,8.540153
250759.14,0.020014562,0.66315,37000.0,151467.31,149824.03,149824.06,0.7491672,10.342881,8.54015,8.540149
250759.14,0.018138235,0.69013536,37000.0,151467.42,149824.08,149824.06,0.7491672,10.343465,8.54015,8.540141
250759.14,0.017578712,0.65497273,37000.0,151467.39,149824.05,149824.05,0.7491672,10.343515,8.54015,8.540132
250759.14,0.019533042,0.62192506,37000.0,151467.4,149824.03,149824.06,0.7491672,10.3437195,8.54015,8.540143
250759.14,0.018804424,0.7168875,37000.0,151467.42,149824.06,149824.05,0.7491672,10.343669,8.54015,8.54013
250759.14,0.020907238,0.57378316,37000.0,151467.42,149824.05,149824.06,0.7491672,10.343385,8.540152,8.540097
250759.14,0.021966124,0.7323705,37000.0,151467.4,149824.05,149824.06,0.7491672,10.343489,8.540149,8.540132
250759.14,0.020865962,0.6324628,37000.0,151467.42,149824.03,149824.05,0.7491672,10.343581,8.54015,8.540133
250759.14,0.018837184,0.6863136,37000.0,151467.38,149824.06,149824.06,0.7491672,10.3433485,8.54015,8.54013
250759.14,0.020674564,0.6525489,37000.0,151467.38,149824.06,149824.06,0.7491672,10.343391,8.540151,8.540147
250759.14,0.016964456,0.5807087,37000.0,151467.36,149824.08,149824.05,0.7491672,10.343458,8.540151,8.540156
250759.14,0.019901112,0.70217055,37000.0,151467.38,149824.05,149824.05,0.7491672,10.343277,8.54015,8.540149
250759.14,0.023521127,0.6055355,37000.0,151467.39,149824.06,149824.05,0.7491672,10.343692,8.540151,8.540149
250759.14,0.01642847,0.6807062,37000.0,151467.39,149824.06,149824.06,0.7491672,10.343255,8.54015,8.5401535
250759.14,0.019961106,0.5848659,37000.0,151467.38,149824.06,149824.03,0.7491672,10.343558,8.540152,8.540139
250759.14,0.018415663,0.5929134,37000.0,151467.39,149824.05,149824.05,0.7491672,10.343541,8.540151,8.540149
250759.14,0.018773628,0.72112334,37000.0,151467.38,149824.05,149824.06,0.7491672,10.343174,8.54015,8.540135
250759.14,0.0177217,0.68271065,37000.0,151467.38,149824.05,149824.06,0.7491672,10.3433895,8.54015,8.540155
250759.14,0.019551098,0.6372702,37000.0,151467.39,149824.05,149824.06,0.7491672,10.34335,8.54015,8.540146
250759.14,0.020362733,0.60259753,37000.0,151467.39,149824.08,149824.06,0.7491672,10.343246,8.540152,8.540151
250759.14,0.02028703,0.7039041,37000.0,151467.39,149824.05,149824.06,0.7491672,10.343284,8.54015,8.540151
250759.14,0.019648666,0.6059658,37000.0,151467.42,149824.06,149824.06,0.7491672,10.343834,8.540151,8.540139
250759.14,0.019008078,0.60444415,37000.0,151467.39,149824.06,149824.05,0.7491672,10.343764,8.540151,8.5401535
250759.14,0.019165568,0.64012086,37000.0,151467.4,149824.06,149824.06,0.7491672,10.343549,8.540151,8.540153
250759.14,0.01901039,0.7133772,37000.0,151467.34,149824.05,149824.05,0.7491672,10.343227,8.54015,8.540118
250759.14,0.019278958,0.59975046,37000.0,151467.4,149824.05,149824.06,0.7491672,10.34353,8.540152,8.540131
250759.14,0.020214338,0.6753401,37000.0,151467.38,149824.06,149824.06,0.7491672,10.343337,8.54015,8.54014
250759.14,0.02029998,0.6357686,37000.0,151467.38,149824.06,149824.03,0.7491672,10.34357,8.54015,8.540128
250759.14,0.019616593,0.6756524,37000.0,151467.36,149824.05,149824.06,0.7491672,10.343552,8.540149,8.54013
250759.14,0.020639932,0.5365201,37000.0,151467.39,149824.06,149824.06,0.7491672,10.3433895,8.540152,8.540128
250759.14,0.020231742,0.6052061,37000.0,151467.36,149824.03,149824.03,0.7491672,10.343599,8.540151,8.540145
250759.14,0.019550435,0.6918911,37000.0,151467.34,149824.03,149824.05,0.7491672,10.343713,8.540149,8.540139
250759.14,0.017644037,0.6774737,37000.0,151467.42,149824.05,149824.08,0.7491672,10.343458,8.540149,8.540131
250759.14,0.017187394,0.66235906,37000.0,151467.39,149824.06,149824.05,0.7491672,10.343343,8.54015,8.540139
250759.14,0.017873067,0.6662135,37000.0,151467.42,149824.05,149824.06,0.7491672,10.343826,8.540149,8.54015
250759.14,0.01514044,0.5368997,37000.0,151467.36,149824.05,149824.06,0.7491672,10.343231,8.540152,8.540146
250759.14,0.013857236,0.6217818,37000.0,151467.36,149824.06,149824.05,0.7491672,10.34311,8.540151,8.54015
250759.14,0.013744559,0.5460426,37000.0,151467.38,149824.06,149824.05,0.7491672,10.343141,8.540151,8.540151
250759.14,0.013405517,0.5264656,37000.0,151467.4,149824.03,149824.05,0.7491672,10.343283,8.540152,8.540136
250759.14,0.0147061,0.57595354,37000.0,151467.44,149824.08,149824.06,0.7491672,10.343478,8.540152,8.540139
250759.14,0.01449467,0.53579956,37000.0,151467.36,149824.06,149824.06,0.7491672,10.343376,8.540152,8.540156
250759.14,0.013835757,0.5878935,37000.0,151467.38,149824.08,149824.06,0.7491672,10.343114,8.540151,8.540145
250759.14,0.013049305,0.7213177,37000.0,151467.39,149824.03,149824.08,0.7491672,10.3434925,8.54015,8.540156
250759.14,0.013699586,0.6368286,37000.0,151467.27,149824.06,149824.05,0.7491672,10.342998,8.540151,8.54014
250759.14,0.013155042,0.6047629,37000.0,151467.39,149824.06,149824.06,0.7491672,10.343399,8.540152,8.540158
250759.14,0.014220055,0.66147244,37000.0,151467.39,149824.03,149824.05,0.7491672,10.343088,8.54015,8.540133
250759.14,0.014232267,0.64508504,37000.0,151467.39,149824.06,149824.06,0.7491672,10.343737,8.54015,8.540144
250759.14,0.013581729,0.69698995,37000.0,151467.36,149824.05,149824.08,0.7491672,10.343577,8.540149,8.540119
250759.14,0.013028624,0.5867215,37000.0,151467.39,149824.05,149824.05,0.7491672,10.343506,8.540152,8.540138
250759.14,0.013476233,0.72391593,37000.0,151467.39,149824.05,149824.06,0.7491672,10.34301,8.540149,8.5401535
250759.14,0.014026678,0.60952467,37000.0,151467.36,149824.06,149824.05,0.7491672,10.343551,8.540151,8.540121
250759.14,0.0130172325,0.5934358,37000.0,151467.39,149824.06,149824.06,0.7491672,10.3434305,8.540151,8.540136
250759.14,0.014711243,0.6214676,37000.0,151467.38,149824.05,149824.06,0.7491672,10.34329,8.54015,8.540136
250759.14,0.0139128715,0.6547226,37000.0,151467.38,149824.06,149824.05,0.7491672,10.343253,8.540151,8.540132
250759.14,0.013223375,0.6410702,37000.0,151467.39,149824.02,149824.05,0.7491672,10.343587,8.540149,8.54013
250759.14,0.013536544,0.5951187,37000.0,151467.36,149824.06,149824.03,0.7491672,10.343322,8.540152,8.540143
250759.14,0.013629477,0.71700996,37000.0,151467.4,149824.03,149824.06,0.7491672,10.3435545,8.54015,8.540157
250759.14,0.013832544,0.64015126,37000.0,151467.38,149824.03,149824.05,0.7491672,10.343502,8.540149,8.540137
250759.14,0.01455686,0.5154246,37000.0,151467.4,149824.03,149824.06,0.7491672,10.343721,8.540151,8.540154
250759.14,0.01362106,0.5760778,37000.0,151467.39,149824.06,149824.03,0.7491672,10.343532,8.540152,8.540149
250759.14,0.012956777,0.6664207,37000.0,151467.36,149824.06,149824.05,0.7491672,10.343455,8.54015,8.540132
250759.14,0.0129611865,0.74140835,37000.0,151467.36,149824.05,149824.05,0.7491672,10.343369,8.540149,8.540127
250759.14,0.014548493,0.70371366,37000.0,151467.39,149824.05,149824.05,0.7491672,10.343302,8.540149,8.540139
250759.14,0.014607693,0.5646123,37000.0,151467.4,149824.06,149824.05,0.7491672,10.343433,8.540152,8.540143
250759.14,0.014013353,0.6931495,37000.0,151467.4,149824.06,149824.03,0.7491672,10.343527,8.54015,8.540133
250759.14,0.0132047385,0.6632346,37000.0,151467.42,149824.05,149824.05,0.7491672,10.343501,8.54015,8.540131
250759.14,0.01433597,0.49772438,37000.0,151467.39,149824.03,149824.06,0.7491672,10.343664,8.540152,8.540145
250759.14,0.015187804,0.69318503,37000.0,151467.42,149824.06,149824.05,0.7491672,10.343483,8.54015,8.540145
250759.14,0.013382926,0.55685335,37000.0,151467.34,149824.06,149824.06,0.7491672,10.343402,8.540152,8.54015
250759.14,0.013549919,0.5670714,37000.0,151467.36,149824.05,149824.06,0.7491672,10.343207,8.540152,8.540131
250759.14,0.012687382,0.6648613,37000.0,151467.44,149824.05,149824.05,0.7491672,10.34347,8.54015,8.540136
250759.14,0.0132833645,0.6194837,37000.0,151467.38,149824.05,149824.06,0.7491672,10.343402,8.54015,8.540126
250759.14,0.01356995,0.60072845,37000.0,151467.36,149824.05,149824.08,0.7491672,10.343411,8.540152,8.540134
250759.14,0.012859582,0.53038555,37000.0,151467.38,149824.05,149824.06,0.7491672,10.343317,8.540152,8.540136
250759.14,0.012203113,0.60716754,37000.0,151467.33,149824.03,149824.08,0.7491672,10.343151,8.540151,8.540145
250759.14,0.014213178,0.6549623,37000.0,151467.4,149824.05,149824.06,0.7491672,10.34363,8.54015,8.54014
250759.14,0.013924185,0.5306892,37000.0,151467.34,149824.05,149824.06,0.7491672,10.343393,8.540151,8.540122
250759.14,0.011467497,0.6813185,37000.0,151467.36,149824.05,149824.05,0.7491672,10.343523,8.54015,8.540124
250759.14,0.0135425925,0.7611799,37000.0,151467.33,149824.08,149824.06,0.7491672,10.34302,8.540149,8.540132
250759.14,0.014035582,0.60868084,37000.0,151467.38,149824.05,149824.05,0.7491672,10.343393,8.540151,8.540147
250759.14,0.012718034,0.67200357,37000.0,151467.34,149824.06,149824.03,0.7491672,10.34375,8.54015,8.540139
250759.14,0.012888072,0.58305943,37000.0,151467.28,149824.06,149824.06,0.7491672,10.3428335,8.540151,8.540135
250759.14,0.014367128,0.63432413,37000.0,151467.36,149824.05,149824.05,0.7491672,10.3436365,8.540151,8.540132
250759.14,0.014086905,0.5240738,37000.0,151467.44,149824.05,149824.06,0.7491672,10.34355,8.540153,8.540136
250759.14,0.0129528735,0.57614595,37000.0,151467.28,149824.06,149824.08,0.7491672,10.343126,8.540152,8.540147
250759.14,0.014769161,0.5060079,37000.0,151467.4,149824.06,149824.06,0.7491672,10.343381,8.540152,8.540135
250759.14,0.013449926,0.54502845,37000.0,151467.36,149824.03,149824.05,0.7491672,10.343429,8.540152,8.540131
250759.14,0.014079182,0.7013047,37000.0,151467.38,149824.05,149824.03,0.7491672,10.343496,8.54015,8.540127
250759.14,0.014393937,0.5994698,37000.0,151467.39,149824.06,149824.06,0.7491672,10.343333,8.540151,8.540135
250759.14,0.013460629,0.5750907,37000.0,151467.33,149824.06,149824.05,0.7491672,10.3436775,8.540151,8.540139
250759.14,0.013349032,0.71775484,37000.0,151467.36,149824.06,149824.03,0.7491672,10.343552,8.54015,8.540134
250759.14,0.012871854,0.67744905,37000.0,151467.45,149824.08,149824.05,0.7491672,10.343412,8.54015,8.540135
250759.14,0.014398874,0.5286827,37000.0,151467.39,149824.06,149824.03,0.7491672,10.343554,8.540152,8.540133
250759.14,0.013445362,0.74612963,37000.0,151467.44,149824.06,149824.06,0.7491672,10.34346,8.540149,8.540122
250759.14,0.014547854,0.7153302,37000.0,151467.39,149824.06,149824.06,0.7491672,10.343457,8.540149,8.540133
250759.14,0.0145093165,0.5657329,37000.0,151467.38,149824.06,149824.06,0.7491672,10.343522,8.540152,8.540138
250759.14,0.014706234,0.626929,37000.0,151467.44,149824.05,149824.06,0.7491672,10.343268,8.540151,8.540133
250759.14,0.014756629,0.5311331,37000.0,151467.42,149824.06,149824.05,0.7491672,10.34369,8.540151,8.54012
250759.14,0.013089955,0.6262396,37000.0,151467.38,149824.05,149824.03,0.7491672,10.343566,8.540151,8.540139
250759.14,0.014461873,0.7128085,37000.0,151467.4,149824.06,149824.06,0.7491672,10.343215,8.540149,8.54015
250759.14,0.015014555,0.55114615,37000.0,151467.33,149824.05,149824.08,0.7491672,10.342999,8.540153,8.540102
250759.14,0.016294105,0.61697584,37000.0,151467.42,149824.05,149824.05,0.7491672,10.34344,8.540151,8.540145
250759.14,0.015643585,0.6241495,37000.0,151467.38,149824.06,149824.06,0.7491672,10.343285,8.54015,8.540148
250759.14,0.015169668,0.58012015,37000.0,151467.44,149824.03,149824.03,0.7491672,10.3439,8.540151,8.540122
250759.14,0.01583066,0.6403271,37000.0,151467.38,149824.08,149824.06,0.7491672,10.343115,8.540151,8.540113
250759.14,0.015290325,0.5847368,37000.0,151467.4,149824.06,149824.05,0.7491672,10.343605,8.540152,8.540128
250759.14,0.013939261,0.59073526,37000.0,151467.36,149824.05,149824.05,0.7491672,10.343312,8.540152,8.540129
250759.14,0.012959909,0.6718865,37000.0,151467.44,149824.05,149824.06,0.7491672,10.343841,8.54015,8.540128
250759.14,0.015385906,0.67596793,37000.0,151467.36,149824.03,149824.06,0.7491672,10.343,8.54015,8.5401325
250759.14,0.01321879,0.6715074,37000.0,151467.45,149824.05,149824.06,0.7491672,10.343563,8.54015,8.540145
250759.14,0.016767945,0.644518,37000.0,151467.36,149824.05,149824.05,0.7491672,10.343215,8.540151,8.540144
250759.14,0.0163157,0.73220915,37000.0,151467.42,149824.06,149824.05,0.7491672,10.343784,8.540148,8.54012
250759.14,0.017445736,0.68282443,37000.0,151467.39,149824.08,149824.06,0.7491672,10.343376,8.54015,8.540125
250759.14,0.015429885,0.6773444,37000.0,151467.4,149824.06,149824.05,0.7491672,10.343521,8.54015,8.540142
250759.14,0.014824917,0.6581192,37000.0,151467.36,149824.06,149824.06,0.7491672,10.343385,8.540151,8.540148
250759.14,0.014990494,0.71803623,37000.0,151467.4,149824.05,149824.05,0.7491672,10.343465,8.54015,8.540145
250759.14,0.014236695,0.62140113,37000.0,151467.36,149824.08,149824.06,0.7491672,10.343233,8.540151,8.5401325
250759.14,0.016139984,0.55124414,37000.0,151467.36,149824.03,149824.03,0.7491672,10.343377,8.540152,8.540145
250759.14,0.01695999,0.5866813,37000.0,151467.39,149824.06,149824.05,0.7491672,10.343574,8.540152,8.540113
250759.14,0.015743058,0.59530854,37000.0,151467.33,149824.05,149824.05,0.7491672,10.343151,8.540151,8.540138
250759.14,0.016204642,0.49409112,37000.0,151467.36,149824.05,149824.05,0.7491672,10.343097,8.540152,8.540147
250759.14,0.015854077,0.7048852,37000.0,151467.4,149824.05,149824.05,0.7491672,10.343644,8.540149,8.540125
250759.14,0.014484241,0.7081723,37000.0,151467.38,149824.05,149824.05,0.7491672,10.343686,8.540149,8.540149
250759.14,0.014699609,0.6272497,37000.0,151467.4,149824.06,149824.05,0.7491672,10.343614,8.54015,8.540135
250759.14,0.0140754245,0.54387915,37000.0,151467.4,149824.03,149824.06,0.7491672,10.34343,8.540153,8.540122
250759.14,0.014027887,0.5897257,37000.0,151467.39,149824.08,149824.05,0.7491672,10.343357,8.540152,8.540123
250759.14,0.014289974,0.5081764,37000.0,151467.36,149824.03,149824.03,0.7491672,10.343693,8.540151,8.540125
250759.14,0.014024038,0.57814664,37000.0,151467.38,149824.05,149824.05,0.7491672,10.343552,8.540151,8.540127
250759.14,0.016833764,0.5538205,37000.0,151467.42,149824.06,149824.05,0.7491672,10.343384,8.540152,8.540118
250759.14,0.014689793,0.6053821,37000.0,151467.4,149824.06,149824.06,0.7491672,10.343535,8.540151,8.540144
250759.14,0.015059758,0.7185677,37000.0,151467.4,149824.08,149824.03,0.7491672,10.343473,8.540149,8.540143
250759.14,0.0149387065,0.71297836,37000.0,151467.39,149824.03,149824.05,0.7491672,10.343203,8.54015,8.540122
250759.14,0.015315621,0.6407989,37000.0,151467.44,149824.03,149824.06,0.7491672,10.343437,8.54015,8.540138
250759.14,0.014744866,0.74655795,37000.0,151467.38,149824.03,149824.03,0.7491672,10.343481,8.540149,8.540145
250759.14,0.015825674,0.63463926,37000.0,151467.39,149824.05,149824.06,0.7491672,10.343338,8.54015,8.540138
250759.14,0.014104815,0.7125067,37000.0,151467.42,149824.06,149824.03,0.7491672,10.343438,8.54015,8.540145
250759.14,0.016069721,0.7546427,37000.0,151467.36,149824.05,149824.05,0.7491672,10.343445,8.540149,8.5401325
250759.14,0.015074388,0.6342598,37000.0,151467.38,149824.06,149824.06,0.7491672,10.343365,8.540152,8.540148
250759.14,0.015896773,0.70909035,37000.0,151467.33,149824.05,149824.05,0.7491672,10.34298,8.54015,8.540113
250759.14,0.015493681,0.64711875,37000.0,151467.38,149824.05,149824.05,0.7491672,10.343511,8.540151,8.54012
250759.14,0.016751083,0.6781469,37000.0,151467.36,149824.03,149824.06,0.7491672,10.343357,8.540149,8.540147
250759.14,0.015401727,0.72924113,37000.0,151467.44,149824.08,149824.06,0.7491672,10.343711,8.540148,8.540122
250759.14,0.015587735,0.7332686,37000.0,151467.4,149824.03,149824.06,0.7491672,10.343247,8.54015,8.540136
250759.14,0.015258983,0.69077015,37000.0,151467.38,149824.06,149824.06,0.7491672,10.343315,8.54015,8.540147
250759.14,0.015358987,0.6088843,37000.0,151467.34,149824.08,149824.03,0.7491672,10.343341,8.540151,8.540146
250759.14,0.016620878,0.6472946,37000.0,151467.34,149824.06,149824.05,0.7491672,10.343236,8.540151,8.540145
250759.14,0.014244523,0.65407246,37000.0,151467.39,149824.02,149824.05,0.7491672,10.343463,8.54015,8.540142
250759.14,0.014641115,0.7212312,37000.0,151467.39,149824.03,149824.05,0.7491672,10.343265,8.54015,8.540123
250759.14,0.016788663,0.5909976,37000.0,151467.42,149824.05,149824.05,0.7491672,10.344132,8.54015,8.540113
250759.14,0.0143867405,0.62828517,37000.0,151467.3,149824.06,149824.05,0.7491672,10.343392,8.540151,8.540116
250759.14,0.015113197,0.6492099,37000.0,151467.31,149824.05,149824.05,0.7491672,10.34362,8.54015,8.540131
250759.14,0.015957788,0.66860646,37000.0,151467.39,149824.05,149824.03,0.7491672,10.343552,8.54015,8.540123
250759.14,0.015583321,0.68366456,37000.0,151467.38,149824.05,149824.06,0.7491672,10.343082,8.54015,8.540128
250759.14,0.013573664,0.72335744,37000.0,151467.38,149824.06,149824.08,0.7491672,10.343423,8.54015,8.54014
250759.14,0.01675717,0.71508163,37000.0,151467.42,149824.05,149824.05,0.7491672,10.343639,8.540149,8.540138
250759.14,0.014992982,0.698101,37000.0,151467.39,149824.06,149824.06,0.7491672,10.34346,8.54015,8.540118
250759.14,0.015398203,0.64728785,37000.0,151467.36,149824.03,149824.08,0.7491672,10.343501,8.540151,8.540134
250759.14,0.016147448,0.73594064,37000.0,151467.4,149824.08,149824.05,0.7491672,10.343298,8.540149,8.540136
250759.14,0.014978115,0.5494125,37000.0,151467.34,149824.05,149824.06,0.7491672,10.343403,8.540152,8.540148
250759.14,0.016283354,0.65872824,37000.0,151467.38,149824.05,149824.06,0.7491672,10.343079,8.540151,8.540128
250759.14,0.016983928,0.7323794,37000.0,151467.4,149824.06,149824.05,0.7491672,10.343587,8.540149,8.540136
250759.14,0.014537245,0.6814525,37000.0,151467.36,149824.06,149824.05,0.7491672,10.343393,8.54015,8.54012
250759.14,0.014678799,0.6664031,37000.0,151467.3,149824.05,149824.05,0.7491672,10.343391,8.54015,8.540128
250759.14,0.015152607,0.7237702,37000.0,151467.39,149824.08,149824.06,0.7491672,10.343266,8.54015,8.540121
250759.14,0.016070547,0.6668622,37000.0,151467.39,149824.05,149824.06,0.7491672,10.343318,8.54015,8.540138
250759.14,0.015128036,0.60902894,37000.0,151467.39,149824.06,149824.05,0.7491672,10.343512,8.540151,8.540128
250759.14,0.017419918,0.52474856,37000.0,151467.33,149824.06,149824.03,0.7491672,10.34327,8.540152,8.540097
250759.14,0.016625943,0.71559733,37000.0,151467.36,149824.05,149824.06,0.7491672,10.343361,8.54015,8.540116
250759.14,0.016271973,0.66187555,37000.0,151467.39,149824.08,149824.06,0.7491672,10.343635,8.540151,8.540105
250759.14,0.015843896,0.6155037,37000.0,151467.38,149824.06,149824.06,0.7491672,10.343111,8.540151,8.540113
250759.14,0.016131312,0.6604553,37000.0,151467.31,149824.06,149824.03,0.7491672,10.343481,8.54015,8.5401
250759.14,0.014351815,0.6018537,37000.0,151467.34,149824.06,149824.05,0.7491672,10.343561,8.540151,8.54011
250759.14,0.013828202,0.5447455,37000.0,151467.39,149824.06,149824.06,0.7491672,10.343473,8.540152,8.54014
250759.14,0.017385503,0.60601115,37000.0,151467.4,149824.05,149824.05,0.7491672,10.343572,8.540151,8.540124
250759.14,0.03753279,0.7025854,37000.0,151467.31,149824.05,149824.05,0.7491672,10.343148,8.54015,8.540142
250759.14,0.0165904,0.61024076,37000.0,151467.33,149824.06,149824.06,0.7491672,10.343402,8.540151,8.540117
250759.14,0.01617191,0.5743918,37000.0,151467.39,149824.05,149824.06,0.7491672,10.3434305,8.540152,8.540137
250759.14,0.016567338,0.67421824,37000.0,151467.38,149824.06,149824.05,0.7491672,10.343386,8.540151,8.540134
250759.14,0.016246067,0.60049736,37000.0,151467.39,149824.05,149824.06,0.7491672,10.343628,8.540151,8.540127
250759.14,0.014373893,0.6569408,37000.0,151467.36,149824.05,149824.05,0.7491672,10.343707,8.54015,8.540117
250759.14,0.016013198,0.6822414,37000.0,151467.34,149824.05,149824.05,0.7491672,10.34348,8.54015,8.540121
250759.14,0.016869457,0.6876157,37000.0,151467.38,149824.06,149824.06,0.7491672,10.343549,8.540149,8.540123
250759.14,0.01645709,0.71407,37000.0,151467.4,149824.06,149824.08,0.7491672,10.343348,8.54015,8.540145
250759.14,0.015587043,0.6488589,37000.0,151467.33,149824.05,149824.06,0.7491672,10.343346,8.540151,8.540149
250759.14,0.016197942,0.58809716,37000.0,151467.38,149824.05,149824.05,0.7491672,10.343447,8.540151,8.540148
250759.14,0.015638355,0.69475454,37000.0,151467.38,149824.06,149824.05,0.7491672,10.343317,8.54015,8.54012
250759.14,0.015363472,0.7134772,37000.0,151467.34,149824.06,149824.05,0.7491672,10.343207,8.54015,8.540111
250759.14,0.014755056,0.68155587,37000.0,151467.38,149824.03,149824.06,0.7491672,10.343613,8.54015,8.540133
250759.14,0.016492514,0.7264719,37000.0,151467.4,149824.06,149824.05,0.7491672,10.343531,8.54015,8.540132
250759.14,0.0143596055,0.688592,37000.0,151467.39,149824.05,149824.06,0.7491672,10.343583,8.54015,8.540146
250759.14,0.015466454,0.6809338,37000.0,151467.4,149824.05,149824.05,0.7491672,10.343412,8.54015,8.540124
250759.14,0.015540691,0.53262365,37000.0,151467.38,149824.06,149824.05,0.7491672,10.343391,8.540153,8.540143
250759.14,0.013591323,0.659771,37000.0,151467.4,149824.06,149824.05,0.7491672,10.343731,8.540151,8.540125
250759.14,0.012578277,0.5953227,37000.0,151467.3,149824.06,149824.06,0.7491672,10.3430395,8.540152,8.540142
250759.14,0.014585262,0.6832713,37000.0,151467.38,149824.02,149824.03,0.7491672,10.343502,8.540149,8.540141
250759.14,0.01619508,0.59714514,37000.0,151467.36,149824.06,149824.05,0.7491672,10.343231,8.540151,8.54014
250759.14,0.013575273,0.56103826,37000.0,151467.39,149824.06,149824.06,0.7491672,10.343508,8.540152,8.540145
250759.14,0.015665852,0.7409702,37000.0,151467.38,149824.05,149824.06,0.7491672,10.343602,8.54015,8.540147
250759.14,0.015505912,0.5750823,37000.0,151467.38,149824.03,149824.05,0.7491672,10.343242,8.540152,8.54014
250759.14,0.016151542,0.59806013,37000.0,151467.34,149824.06,149824.08,0.7491672,10.343593,8.540152,8.540094
250759.14,0.016112955,0.5340878,37000.0,151467.39,149824.05,149824.06,0.7491672,10.3435955,8.540153,8.540131
250759.14,0.015332801,0.61624634,37000.0,151467.38,149824.03,149824.05,0.7491672,10.343359,8.540151,8.540142
250759.14,0.015594807,0.7101556,37000.0,151467.36,149824.06,149824.05,0.7491672,10.34338,8.54015,8.540148
250759.14,0.017430844,0.7164303,37000.0,151467.39,149824.06,149824.06,0.7491672,10.343386,8.54015,8.5401325
250759.14,0.017441839,0.7286353,37000.0,151467.33,149824.06,149824.06,0.7491672,10.343355,8.540149,8.540146
250759.14,0.01585512,0.51429904,37000.0,151467.4,149824.05,149824.05,0.7491672,10.343547,8.540152,8.540152
250759.14,0.016454142,0.64446914,37000.0,151467.36,149824.06,149824.05,0.7491672,10.343422,8.540151,8.540152
250759.14,0.016044961,0.7473212,37000.0,151467.36,149824.06,149824.05,0.7491672,10.343237,8.540149,8.540149
250759.14,0.014682739,0.5604783,37000.0,151467.3,149824.05,149824.05,0.7491672,10.342836,8.540152,8.540147
250759.14,0.016566975,0.6451372,37000.0,151467.39,149824.05,149824.06,0.7491672,10.343254,8.540151,8.540152
250759.14,0.013765207,0.703639,37000.0,151467.34,149824.06,149824.06,0.7491672,10.343088,8.54015,8.540141
250759.14,0.01775709,0.5152609,37000.0,151467.42,149824.06,149824.06,0.7491672,10.34378,8.540152,8.540151
250759.14,0.015164984,0.5806669,37000.0,151467.36,149824.05,149824.03,0.7491672,10.343187,8.540152,8.540134
250759.14,0.014122979,0.6836142,37000.0,151467.44,149824.05,149824.05,0.7491672,10.343322,8.54015,8.54015
250759.14,0.013554533,0.65802985,37000.0,151467.44,149824.06,149824.05,0.7491672,10.343425,8.540151,8.540144
250759.14,0.0154456645,0.6741119,37000.0,151467.3,149824.05,149824.06,0.7491672,10.343138,8.54015,8.540145
250759.14,0.015155095,0.64111954,37000.0,151467.4,149824.05,149824.06,0.7491672,10.343262,8.540151,8.540145
250759.14,0.01601449,0.54784995,37000.0,151467.4,149824.06,149824.06,0.7491672,10.343434,8.540152,8.540143
250759.14,0.0146796,0.73941004,37000.0,151467.4,149824.05,149824.06,0.7491672,10.342985,8.540148,8.540146
250759.14,0.014377117,0.7024352,37000.0,151467.38,149824.08,149824.06,0.7491672,10.343318,8.54015,8.540149
250759.14,0.016376257,0.7357952,37000.0,151467.36,149824.08,149824.06,0.7491672,10.343198,8.540149,8.540147
250759.14,0.017285045,0.6431983,37000.0,151467.38,149824.06,149824.05,0.7491672,10.343395,8.540152,8.540144
250759.14,0.016035767,0.5403144,37000.0,151467.4,149824.06,149824.06,0.7491672,10.343154,8.540153,8.540148
250759.14,0.015235831,0.64513063,37000.0,151467.4,149824.05,149824.05,0.7491672,10.34356,8.540151,8.540136
250759.14,0.012790118,0.56574327,37000.0,151467.38,149824.05,149824.06,0.7491672,10.343712,8.540152,8.540138
250759.14,0.014199313,0.6553369,37000.0,151467.36,149824.05,149824.05,0.7491672,10.343113,8.540151,8.540146
250759.14,0.01528784,0.7479558,37000.0,151467.34,149824.06,149824.05,0.7491672,10.343622,8.540149,8.540149
250759.14,0.015392398,0.6708056,37000.0,151467.34,149824.05,149824.08,0.7491672,10.343306,8.54015,8.540144
250759.14,0.015550368,0.67487645,37000.0,151467.36,149824.06,149824.05,0.7491672,10.343165,8.54015,8.540142
250759.14,0.015110338,0.68512625,37000.0,151467.33,149824.06,149824.05,0.7491672,10.343258,8.54015,8.540137
250759.14,0.015091661,0.6902109,37000.0,151467.39,149824.05,149824.06,0.7491672,10.343469,8.540151,8.5401535
250759.14,0.0122809885,0.73466045,37000.0,151467.4,149824.05,149824.03,0.7491672,10.343621,8.540149,8.540139
250759.14,0.016352262,0.58793974,37000.0,151467.36,149824.03,149824.06,0.7491672,10.343532,8.540153,8.540141
250759.14,0.015873374,0.61903954,37000.0,151467.39,149824.06,149824.08,0.7491672,10.343166,8.540151,8.540142
250759.14,0.015510199,0.6795904,37000.0,151467.34,149824.05,149824.06,0.7491672,10.343528,8.54015,8.540136
250759.14,0.016289601,0.62960386,37000.0,151467.36,149824.06,149824.05,0.7491672,10.343209,8.540151,8.540145
250759.14,0.016283534,0.5768506,37000.0,151467.36,149824.05,149824.05,0.7491672,10.343454,8.540151,8.540142
250759.14,0.014666298,0.56434965,37000.0,151467.36,149824.05,149824.06,0.7491672,10.343303,8.540152,8.54014
250759.14,0.0137713505,0.5581976,37000.0,151467.4,149824.05,149824.05,0.7491672,10.343732,8.540152,8.5401325
250759.14,0.015069507,0.7035152,37000.0,151467.42,149824.05,149824.06,0.7491672,10.343488,8.54015,8.540137
250759.14,0.015728159,0.61221963,37000.0,151467.31,149824.05,149824.05,0.7491672,10.343052,8.540151,8.540136
250759.14,0.015108674,0.6716308,37000.0,151467.34,149824.05,149824.06,0.7491672,10.343306,8.540151,8.540142
250759.14,0.015547721,0.68022454,37000.0,151467.39,149824.05,149824.05,0.7491672,10.343336,8.54015,8.540141
250759.14,0.0148423035,0.6968784,37000.0,151467.39,149824.05,149824.03,0.7491672,10.343634,8.54015,8.54014
250759.14,0.015314798,0.534677,37000.0,151467.36,149824.06,149824.05,0.7491672,10.343197,8.540152,8.540151
250759.14,0.016104119,0.6758506,37000.0,151467.36,149824.03,149824.05,0.7491672,10.3432665,8.54015,8.540143
250759.14,0.015953034,0.613355,37000.0,151467.39,149824.06,149824.08,0.7491672,10.343235,8.540151,8.540134
250759.14,0.015246517,0.606873,37000.0,151467.38,149824.05,149824.06,0.7491672,10.343505,8.540152,8.540146
250759.14,0.016229767,0.65542626,37000.0,151467.31,149824.03,149824.06,0.7491672,10.343285,8.54015,8.540141
250759.14,0.016102016,0.5798504,37000.0,151467.38,149824.06,149824.05,0.7491672,10.34371,8.540152,8.540134
250759.14,0.013537643,0.70985174,37000.0,151467.36,149824.05,149824.06,0.7491672,10.343133,8.54015,8.540131
250759.14,0.016747277,0.74470025,37000.0,151467.3,149824.05,149824.06,0.7491672,10.343066,8.540149,8.540151
250759.14,0.015736306,0.67581815,37000.0,151467.39,149824.06,149824.08,0.7491672,10.343635,8.54015,8.54015
250759.14,0.01577308,0.5389386,37000.0,151467.36,149824.06,149824.08,0.7491672,10.343651,8.540152,8.54015
250759.14,0.015748085,0.6664327,37000.0,151467.33,149824.06,149824.05,0.7491672,10.343315,8.54015,8.54014
250759.14,0.01463099,0.6940641,37000.0,151467.36,149824.05,149824.05,0.7491672,10.34348,8.54015,8.540139
250759.14,0.012467995,0.7405776,37000.0,151467.42,149824.06,149824.05,0.7491672,10.343478,8.540149,8.540143
250759.14,0.017100794,0.7102786,37000.0,151467.39,149824.05,149824.05,0.7491672,10.343305,8.54015,8.540143
250759.14,0.016514156,0.7150867,37000.0,151467.38,149824.05,149824.06,0.7491672,10.343495,8.54015,8.540133
250759.14,0.015918164,0.55742484,37000.0,151467.45,149824.03,149824.05,0.7491672,10.343749,8.540153,8.54015
250759.14,0.016290132,0.7059925,37000.0,151467.4,149824.08,149824.06,0.7491672,10.343588,8.54015,8.540147
250759.14,0.013598688,0.69163245,37000.0,151467.36,149824.05,149824.05,0.7491672,10.343389,8.540149,8.54015
250759.14,0.014203146,0.6555867,37000.0,151467.39,149824.03,149824.05,0.7491672,10.343698,8.54015,8.540142
250759.14,0.0114566,0.5358333,37000.0,151467.34,149824.06,149824.05,0.7491672,10.343083,8.540153,8.540145
250759.14,0.015594439,0.6627565,37000.0,151467.4,149824.05,149824.03,0.7491672,10.343554,8.54015,8.540154
250759.14,0.014152945,0.70723855,37000.0,151467.4,149824.05,149824.05,0.7491672,10.343461,8.54015,8.5401325
250759.14,0.016250545,0.6865136,37000.0,151467.38,149824.06,149824.06,0.7491672,10.343503,8.54015,8.5401535
250759.14,0.015941015,0.53726846,37000.0,151467.38,149824.08,149824.05,0.7491672,10.343347,8.540153,8.540135
250759.14,0.016128076,0.648285,37000.0,151467.36,149824.05,149824.05,0.7491672,10.34303,8.54015,8.540144
250759.14,0.016083598,0.6033971,37000.0,151467.38,149824.06,149824.05,0.7491672,10.343398,8.540151,8.540135
250759.14,0.016216649,0.69347405,37000.0,151467.4,149824.02,149824.06,0.7491672,10.343391,8.54015,8.540138
250759.14,0.015629558,0.5963868,37000.0,151467.4,149824.05,149824.06,0.7491672,10.343354,8.540151,8.540147
250759.14,0.014730394,0.62904274,37000.0,151467.28,149824.06,149824.05,0.7491672,10.342874,8.540151,8.540136
250759.14,0.01748875,0.62412304,37000.0,151467.39,149824.05,149824.05,0.7491672,10.343804,8.540151,8.540151
250759.14,0.014404509,0.67731386,37000.0,151467.33,149824.06,149824.06,0.7491672,10.343086,8.54015,8.540151
250759.14,0.015205503,0.63136786,37000.0,151467.4,149824.06,149824.05,0.7491672,10.343545,8.540151,8.540149
250759.14,0.01692235,0.5652638,37000.0,151467.34,149824.05,149824.05,0.7491672,10.34358,8.540152,8.540143
250759.14,0.014545722,0.70758075,37000.0,151467.39,149824.05,149824.03,0.7491672,10.343633,8.54015,8.5401535
250759.14,0.014515178,0.6718762,37000.0,151467.38,149824.05,149824.05,0.7491672,10.343281,8.540151,8.540139
250759.14,0.020905245,0.7276205,37000.0,151467.42,149824.08,149824.06,0.7491672,10.343607,8.54015,8.540124
250759.14,0.017691467,0.7085412,37000.0,151467.38,149824.05,149824.05,0.7491672,10.343532,8.54015,8.540139
250759.14,0.016209712,0.6305272,37000.0,151467.33,149824.03,149824.06,0.7491672,10.342991,8.54015,8.540144
250759.14,0.025172265,0.5257907,37000.0,151467.36,149824.06,149824.08,0.7491672,10.343524,8.540152,8.540145
250759.14,0.015210527,0.63271374,37000.0,151467.36,149824.03,149824.05,0.7491672,10.343571,8.54015,8.540138
250759.14,0.01608795,0.6076123,37000.0,151467.38,149824.05,149824.06,0.7491672,10.343289,8.540151,8.5401325
250759.14,0.016571239,0.5753885,37000.0,151467.34,149824.05,149824.03,0.7491672,10.343496,8.540152,8.540149
250759.14,0.01557913,0.5271164,37000.0,151467.34,149824.06,149824.06,0.7491672,10.343175,8.540152,8.540139
250759.14,0.015541455,0.70696265,37000.0,151467.36,149824.05,149824.05,0.7491672,10.34339,8.54015,8.540138
250759.14,0.015522022,0.68879026,37000.0,151467.38,149824.05,149824.03,0.7491672,10.343464,8.54015,8.540149
250759.14,0.014798591,0.70211565,37000.0,151467.36,149824.06,149824.05,0.7491672,10.343217,8.540149,8.540138
250759.14,0.015047186,0.747145,37000.0,151467.38,149824.05,149824.05,0.7491672,10.34354,8.54015,8.540137
250759.14,0.017241271,0.6421679,37000.0,151467.44,149824.08,149824.08,0.7491672,10.3436985,8.540152,8.540133
250759.14,0.01645516,0.62367475,37000.0,151467.36,149824.05,149824.06,0.7491672,10.343307,8.540151,8.54014
250759.14,0.014674397,0.7250568,37000.0,151467.39,149824.05,149824.06,0.7491672,10.343485,8.540149,8.540149
250759.14,0.016421948,0.66204846,37000.0,151467.34,149824.05,149824.08,0.7491672,10.343373,8.540151,8.540142
250759.14,0.014315509,0.6042208,37000.0,151467.42,149824.08,149824.05,0.7491672,10.3437605,8.540151,8.540141
250759.14,0.01519085,0.6100578,37000.0,151467.44,149824.05,149824.05,0.7491672,10.343838,8.540151,8.540146
250759.14,0.017668623,0.5843065,37000.0,151467.33,149824.06,149824.02,0.7491672,10.3434105,8.540152,8.540146
250759.14,0.017610803,0.6284386,37000.0,151467.28,149824.05,149824.06,0.7491672,10.34315,8.540152,8.54014
250759.14,0.013914296,0.6232855,37000.0,151467.39,149824.05,149824.03,0.7491672,10.343434,8.54015,8.540144
250759.14,0.014129681,0.532126,37000.0,151467.38,149824.05,149824.03,0.7491672,10.343667,8.540152,8.540148
250759.14,0.014979705,0.70168227,37000.0,151467.44,149824.03,149824.05,0.7491672,10.343348,8.540149,8.540136
250759.14,0.01562825,0.578073,37000.0,151467.4,149824.05,149824.05,0.7491672,10.343436,8.540152,8.540132
250759.14,0.016732534,0.7271655,37000.0,151467.38,149824.05,149824.05,0.7491672,10.343352,8.54015,8.540132
250759.14,0.017287973,0.75013155,37000.0,151467.4,149824.08,149824.05,0.7491672,10.343668,8.540149,8.540137
250759.14,0.015228794,0.7049444,37000.0,151467.39,149824.05,149824.05,0.7491672,10.343674,8.54015,8.540141
250759.14,0.016078537,0.7298926,37000.0,151467.39,149824.06,149824.03,0.7491672,10.343391,8.54015,8.540119
250759.14,0.0147950705,0.6627376,37000.0,151467.33,149824.06,149824.06,0.7491672,10.343013,8.540152,8.5401325
250759.14,0.01553853,0.65276885,37000.0,151467.4,149824.06,149824.06,0.7491672,10.343461,8.540151,8.540138
250759.14,0.015211531,0.7491489,37000.0,151467.34,149824.06,149824.06,0.7491672,10.343062,8.540148,8.540135
250759.14,0.015420948,0.69464636,37000.0,151467.38,149824.05,149824.03,0.7491672,10.343147,8.54015,8.540133
250759.14,0.015666801,0.568118,37000.0,151467.36,149824.06,149824.06,0.7491672,10.343126,8.540152,8.540142
250759.14,0.014725691,0.6792186,37000.0,151467.36,149824.05,149824.06,0.7491672,10.343076,8.540151,8.540142
250759.14,0.014944161,0.600399,37000.0,151467.3,149824.05,149824.03,0.7491672,10.343084,8.540152,8.540136
250759.14,0.015685,0.58196735,37000.0,151467.44,149824.03,149824.05,0.7491672,10.34388,8.540151,8.540136
250759.14,0.017960189,0.61722594,37000.0,151467.36,149824.06,149824.06,0.7491672,10.34369,8.540151,8.54014
250759.14,0.01644059,0.6005283,37000.0,151467.4,149824.05,149824.06,0.7491672,10.343794,8.540151,8.540137
250759.14,0.016652454,0.60967124,37000.0,151467.38,149824.05,149824.06,0.7491672,10.343251,8.540151,8.540137
250759.14,0.016622098,0.6753644,37000.0,151467.38,149824.05,149824.06,0.7491672,10.34334,8.54015,8.54014
250759.14,0.01698013,0.56671715,37000.0,151467.39,149824.06,149824.06,0.7491672,10.343569,8.540152,8.540126
250759.14,0.016496144,0.60117614,37000.0,151467.42,149824.06,149824.08,0.7491672,10.343619,8.540152,8.540135
250759.14,0.014681709,0.6687906,37000.0,151467.34,149824.05,149824.05,0.7491672,10.343311,8.54015,8.540139
250759.14,0.016384294,0.5565912,37000.0,151467.36,149824.06,149824.05,0.7491672,10.343277,8.540153,8.540141
250759.14,0.015876189,0.58476263,37000.0,151467.36,149824.06,149824.06,0.7491672,10.343238,8.540151,8.540133
250759.14,0.015951356,0.71473217,37000.0,151467.38,149824.05,149824.05,0.7491672,10.343285,8.540149,8.54014
250759.14,0.016827343,0.6225542,37000.0,151467.39,149824.06,149824.08,0.7491672,10.343592,8.540151,8.540125
250759.14,0.016492039,0.71467406,37000.0,151467.42,149824.05,149824.08,0.7491672,10.343323,8.54015,8.540134
250759.14,0.01709441,0.6566173,37000.0,151467.33,149824.06,149824.05,0.7491672,10.343333,8.540151,8.540131
250759.14,0.015021744,0.7174693,37000.0,151467.36,149824.03,149824.05,0.7491672,10.343285,8.540151,8.540141
250759.14,0.017496478,0.73573637,37000.0,151467.4,149824.05,149824.03,0.7491672,10.343588,8.540149,8.540145
250759.14,0.018632866,0.53735214,37000.0,151467.44,149824.05,149824.06,0.7491672,10.343977,8.540151,8.540135
250759.14,0.017488128,0.60545236,37000.0,151467.39,149824.06,149824.05,0.7491672,10.343364,8.540152,8.540134
250759.14,0.01717966,0.58423007,37000.0,151467.44,149824.03,149824.06,0.7491672,10.343602,8.540152,8.540138
250759.14,0.016963439,0.6843735,37000.0,151467.39,149824.05,149824.06,0.7491672,10.343353,8.54015,8.540127
250759.14,0.017613087,0.5523036,37000.0,151467.3,149824.06,149824.06,0.7491672,10.343156,8.540152,8.540142
250759.14,0.016591024,0.6696548,37000.0,151467.33,149824.06,149824.06,0.7491672,10.343363,8.54015,8.5401325
250759.14,0.016092263,0.6854954,37000.0,151467.36,149824.03,149824.06,0.7491672,10.343427,8.54015,8.540137
250759.14,0.018172136,0.5944189,37000.0,151467.42,149824.05,149824.05,0.7491672,10.343607,8.540152,8.540139
250759.14,0.014722426,0.6531879,37000.0,151467.34,149824.05,149824.06,0.7491672,10.342939,8.54015,8.540141
250759.14,0.014928835,0.7077751,37000.0,151467.28,149824.06,149824.03,0.7491672,10.343132,8.54015,8.54015
250759.14,0.017252335,0.55101323,37000.0,151467.34,149824.03,149824.05,0.7491672,10.343188,8.540152,8.540138
250759.14,0.01635796,0.677226,37000.0,151467.31,149824.02,149824.06,0.7491672,10.343071,8.54015,8.540143
250759.14,0.015470219,0.7024893,37000.0,151467.34,149824.05,149824.06,0.7491672,10.343397,8.54015,8.540134
250759.14,0.016041797,0.5653489,37000.0,151467.34,149824.05,149824.05,0.7491672,10.343456,8.540152,8.540143
250759.14,0.01711542,0.576446,37000.0,151467.44,149824.05,149824.06,0.7491672,10.343735,8.540152,8.540133
250759.14,0.017776366,0.6901961,37000.0,151467.33,149824.05,149824.05,0.7491672,10.343422,8.54015,8.5401325
250759.14,0.016855214,0.6308178,37000.0,151467.34,149824.05,149824.06,0.7491672,10.343055,8.540151,8.540149
250759.14,0.014636304,0.69233435,37000.0,151467.4,149824.05,149824.05,0.7491672,10.34328,8.54015,8.540141
250759.14,0.017138233,0.66637176,37000.0,151467.38,149824.06,149824.06,0.7491672,10.343398,8.54015,8.540143
250759.14,0.015541693,0.57471037,37000.0,151467.4,149824.05,149824.06,0.7491672,10.343383,8.540152,8.540137
250759.14,0.017285248,0.72221065,37000.0,151467.33,149824.06,149824.05,0.7491672,10.343202,8.540151,8.540138
250759.14,0.015284587,0.6676372,37000.0,151467.4,149824.05,149824.05,0.7491672,10.343611,8.54015,8.540137
250759.14,0.01612252,0.6464264,37000.0,151467.39,149824.06,149824.06,0.7491672,10.343566,8.540151,8.540126
250759.14,0.015567366,0.7115632,37000.0,151467.36,149824.05,149824.03,0.7491672,10.343244,8.54015,8.540136
250759.14,0.016843379,0.6900614,37000.0,151467.36,149824.02,149824.06,0.7491672,10.343632,8.540149,8.540134
250759.14,0.015733855,0.5621513,37000.0,151467.42,149824.05,149824.05,0.7491672,10.343753,8.540152,8.540133
250759.14,0.016844109,0.5816829,37000.0,151467.39,149824.05,149824.06,0.7491672,10.343299,8.540151,8.540154
250759.14,0.01523382,0.6272369,37000.0,151467.36,149824.05,149824.08,0.7491672,10.343249,8.540151,8.540127
250759.14,0.016576737,0.6194904,37000.0,151467.33,149824.03,149824.03,0.7491672,10.343058,8.540151,8.540147
250759.14,0.018304706,0.59520763,37000.0,151467.39,149824.08,149824.08,0.7491672,10.343369,8.540151,8.540144
250759.14,0.014479895,0.7114736,37000.0,151467.39,149824.05,149824.06,0.7491672,10.343236,8.54015,8.540153
250759.14,0.015489715,0.63418216,37000.0,151467.33,149824.06,149824.03,0.7491672,10.343175,8.540152,8.540148
250759.14,0.014026863,0.68825245,37000.0,151467.34,149824.05,149824.05,0.7491672,10.343264,8.54015,8.540138
250759.14,0.015487389,0.6767239,37000.0,151467.34,149824.05,149824.06,0.7491672,10.343618,8.54015,8.540129
250759.14,0.017839888,0.693328,37000.0,151467.39,149824.05,149824.08,0.7491672,10.343465,8.54015,8.540138
250759.14,0.016569512,0.58478785,37000.0,151467.42,149824.05,149824.06,0.7491672,10.343793,8.540152,8.540132
250759.14,0.015059425,0.7115308,37000.0,151467.39,149824.08,149824.05,0.7491672,10.343185,8.54015,8.540139
250759.14,0.015528292,0.70130885,37000.0,151467.4,149824.05,149824.05,0.7491672,10.343582,8.54015,8.540134
250759.14,0.015896223,0.7465164,37000.0,151467.36,149824.05,149824.05,0.7491672,10.343284,8.540149,8.540136
250759.14,0.017697696,0.67986387,37000.0,151467.4,149824.06,149824.05,0.7491672,10.343493,8.54015,8.540135
250759.14,0.017500794,0.6161466,37000.0,151467.39,149824.06,149824.05,0.7491672,10.343798,8.540151,8.540142
250759.14,0.015856458,0.6558349,37000.0,151467.39,149824.05,149824.06,0.7491672,10.343424,8.54015,8.540133
250759.14,0.016905949,0.5943955,37000.0,151467.39,149824.08,149824.05,0.7491672,10.343376,8.540151,8.540137
250759.14,0.015449854,0.7002304,37000.0,151467.38,149824.03,149824.05,0.7491672,10.343752,8.540151,8.540137
250759.14,0.017739544,0.58599913,37000.0,151467.42,149824.03,149824.05,0.7491672,10.343547,8.540152,8.540123
250759.14,0.01576458,0.56048805,37000.0,151467.4,149824.06,149824.06,0.7491672,10.343672,8.540153,8.540088
250759.14,0.019721907,0.67718494,37000.0,151467.38,149824.03,149824.06,0.7491672,10.34324,8.54015,8.540149
250759.14,0.017220642,0.5358758,37000.0,151467.36,149824.05,149824.05,0.7491672,10.343393,8.540152,8.540136
250759.14,0.01413941,0.6462779,37000.0,151467.34,149824.06,149824.06,0.7491672,10.3436985,8.540151,8.54014
250759.14,0.016219579,0.68935865,37000.0,151467.38,149824.05,149824.06,0.7491672,10.343598,8.54015,8.540136
250759.14,0.016270027,0.7259669,37000.0,151467.42,149824.05,149824.06,0.7491672,10.343724,8.540148,8.540143
250759.14,0.016170783,0.6489114,37000.0,151467.38,149824.05,149824.05,0.7491672,10.343681,8.540151,8.540136
250759.14,0.015886374,0.63795805,37000.0,151467.39,149824.06,149824.05,0.7491672,10.343469,8.540152,8.5401325
250759.14,0.015384035,0.6904829,37000.0,151467.38,149824.05,149824.05,0.7491672,10.343398,8.540151,8.54014
250759.14,0.017304078,0.736699,37000.0,151467.39,149824.03,149824.05,0.7491672,10.3435335,8.54015,8.540135
250759.14,0.01447649,0.5575311,37000.0,151467.36,149824.05,149824.06,0.7491672,10.343505,8.540152,8.540147
250759.14,0.014694833,0.59036046,37000.0,151467.34,149824.05,149824.05,0.7491672,10.343688,8.540152,8.540139
250759.14,0.015824623,0.6234479,37000.0,151467.4,149824.06,149824.05,0.7491672,10.343787,8.540151,8.540139
250759.14,0.015823517,0.673657,37000.0,151467.34,149824.05,149824.05,0.7491672,10.343243,8.54015,8.540112
250759.14,0.016152201,0.5607509,37000.0,151467.31,149824.05,149824.05,0.7491672,10.343173,8.540152,8.54014
250759.14,0.015919706,0.6180274,37000.0,151467.39,149824.06,149824.05,0.7491672,10.3432255,8.540151,8.540143
250759.14,0.015305547,0.67407787,37000.0,151467.42,149824.06,149824.06,0.7491672,10.343505,8.540151,8.540159
250759.14,0.015305206,0.7725311,37000.0,151467.34,149824.08,149824.05,0.7491672,10.343161,8.540149,8.540166
250759.14,0.015324692,0.68343353,37000.0,151467.36,149824.05,149824.03,0.7491672,10.343279,8.540149,8.540149
250759.14,0.015237237,0.7189158,37000.0,151467.42,149824.06,149824.05,0.7491672,10.343441,8.54015,8.540137
250759.14,0.017442662,0.59052837,37000.0,151467.4,149824.08,149824.05,0.7491672,10.343751,8.540151,8.540142
250759.14,0.016946174,0.7224093,37000.0,151467.34,149824.06,149824.05,0.7491672,10.343357,8.54015,8.540143
250759.14,0.01754286,0.6328537,37000.0,151467.38,149824.06,149824.06,0.7491672,10.343347,8.540151,8.5401325
250759.14,0.017155249,0.7397033,37000.0,151467.42,149824.06,149824.05,0.7491672,10.343444,8.540149,8.54013
250759.14,0.018258266,0.6152147,37000.0,151467.38,149824.05,149824.05,0.7491672,10.343055,8.540151,8.540136
250759.14,0.017770939,0.6293616,37000.0,151467.38,149824.08,149824.05,0.7491672,10.3432045,8.540152,8.540111
250759.14,0.018942254,0.7475882,37000.0,151467.4,149824.05,149824.03,0.7491672,10.343528,8.540148,8.540121
250759.14,0.017239809,0.64625144,37000.0,151467.36,149824.05,149824.05,0.7491672,10.343415,8.54015,8.540152
250759.14,0.016528726,0.5915993,37000.0,151467.38,149824.08,149824.05,0.7491672,10.343533,8.540151,8.540129
250759.14,0.015669584,0.65555394,37000.0,151467.36,149824.05,149824.06,0.7491672,10.3433,8.540151,8.540137
250759.14,0.015789462,0.6520121,37000.0,151467.36,149824.05,149824.03,0.7491672,10.343165,8.54015,8.540152
250759.14,0.017178588,0.69682217,37000.0,151467.44,149824.06,149824.03,0.7491672,10.343896,8.54015,8.540168
250759.14,0.017828543,0.67382854,37000.0,151467.36,149824.06,149824.05,0.7491672,10.343497,8.54015,8.5401945
250759.14,0.016112631,0.7350776,37000.0,151467.42,149824.03,149824.05,0.7491672,10.343415,8.540149,8.540179
250759.14,0.015064367,0.68147403,37000.0,151467.34,149824.05,149824.03,0.7491672,10.34321,8.54015,8.540172
250759.14,0.0174412,0.69442856,37000.0,151467.36,149824.05,149824.05,0.7491672,10.343264,8.54015,8.540172
250759.14,0.018685186,0.67808,37000.0,151467.3,149824.03,149824.05,0.7491672,10.342958,8.54015,8.54017
250759.14,0.01898038,0.74611735,37000.0,151467.39,149824.08,149824.03,0.7491672,10.343217,8.54015,8.540188
250759.14,0.01923542,0.6585548,37000.0,151467.34,149824.06,149824.06,0.7491672,10.343228,8.540151,8.540175
250759.14,0.016470443,0.76385826,37000.0,151467.4,149824.05,149824.05,0.7491672,10.343214,8.540149,8.540177
250759.14,0.017778434,0.62914777,37000.0,151467.42,149824.03,149824.05,0.7491672,10.343453,8.540151,8.540176
250759.14,0.016895572,0.7718237,37000.0,151467.34,149824.05,149824.06,0.7491672,10.343044,8.540149,8.540202
250759.14,0.018543404,0.59044516,37000.0,151467.4,149824.03,149824.05,0.7491672,10.343541,8.54015,8.54016
250759.14,0.017868906,0.65343714,37000.0,151467.38,149824.06,149824.03,0.7491672,10.343413,8.540151,8.54016
250759.14,0.017994918,0.5879419,37000.0,151467.39,149824.05,149824.03,0.7491672,10.343733,8.540151,8.540204
250759.14,0.017689098,0.7679376,37000.0,151467.33,149824.06,149824.06,0.7491672,10.343349,8.540149,8.540193
250759.14,0.01725943,0.6611117,37000.0,151467.31,149824.05,149824.08,0.7491672,10.343428,8.540151,8.540179
250759.14,0.015419783,0.6336037,37000.0,151467.39,149824.03,149824.05,0.7491672,10.343425,8.540152,8.540164
250759.14,0.01792676,0.6116395,37000.0,151467.38,149824.06,149824.06,0.7491672,10.343193,8.540152,8.540178
250759.14,0.015961466,0.7136793,37000.0,151467.36,149824.06,149824.08,0.7491672,10.343378,8.54015,8.540188
250759.14,0.019734446,0.59619915,37000.0,151467.36,149824.05,149824.05,0.7491672,10.343326,8.540152,8.540171
250759.14,0.015089809,0.68912166,37000.0,151467.3,149824.05,149824.05,0.7491672,10.342871,8.54015,8.540156
250759.14,0.01590301,0.7699357,37000.0,151467.4,149824.05,149824.05,0.7491672,10.34349,8.540149,8.540184
250759.14,0.017354973,0.6933591,37000.0,151467.31,149824.06,149824.03,0.7491672,10.343329,8.540149,8.540199
250759.14,0.01726613,0.642211,37000.0,151467.36,149824.05,149824.05,0.7491672,10.343648,8.540152,8.540162
250759.14,0.015483644,0.66800916,37000.0,151467.34,149824.03,149824.05,0.7491672,10.343227,8.54015,8.540187
250759.14,0.018048052,0.6769622,37000.0,151467.39,149824.06,149824.06,0.7491672,10.343704,8.540151,8.540195
250759.14,0.0171294,0.566239,37000.0,151467.45,149824.05,149824.06,0.7491672,10.343583,8.540151,8.540199
250759.14,0.015302124,0.7283415,37000.0,151467.33,149824.05,149824.03,0.7491672,10.343241,8.540149,8.540189
250759.14,0.015953029,0.6784949,37000.0,151467.38,149824.03,149824.05,0.7491672,10.343287,8.54015,8.540162
250759.14,0.016099226,0.6531947,37000.0,151467.4,149824.08,149824.06,0.7491672,10.343406,8.540151,8.540184
250759.14,0.017505055,0.56066674,37000.0,151467.39,149824.08,149824.05,0.7491672,10.343382,8.540153,8.540178
250759.14,0.018099478,0.6666228,37000.0,151467.36,149824.05,149824.03,0.7491672,10.34313,8.540151,8.540193
250759.14,0.017753154,0.6625155,37000.0,151467.38,149824.05,149824.05,0.7491672,10.3434515,8.540151,8.540204
250759.14,0.018236712,0.65606606,37000.0,151467.34,149824.03,149824.05,0.7491672,10.343481,8.540151,8.540198
250759.14,0.017608998,0.5845864,37000.0,151467.38,149824.06,149824.05,0.7491672,10.343275,8.540152,8.540188
250759.14,0.01631354,0.6303851,37000.0,151467.4,149824.06,149824.03,0.7491672,10.343435,8.540151,8.540173
250759.14,0.01625874,0.72275573,37000.0,151467.45,149824.06,149824.06,0.7491672,10.343273,8.54015,8.540171
250759.14,0.017667806,0.6171325,37000.0,151467.38,149824.06,149824.03,0.7491672,10.343288,8.540151,8.540164
250759.14,0.018526405,0.62179506,37000.0,151467.34,149824.06,149824.03,0.7491672,10.343053,8.540151,8.540165
250759.14,0.016467165,0.69987446,37000.0,151467.39,149824.05,149824.06,0.7491672,10.343707,8.54015,8.54016
250759.14,0.018779375,0.7145778,37000.0,151467.39,149824.05,149824.08,0.7491672,10.34327,8.540149,8.540172
250759.14,0.017124167,0.6536163,37000.0,151467.36,149824.08,149824.05,0.7491672,10.343052,8.540151,8.540178
250759.14,0.015987003,0.72318643,37000.0,151467.38,149824.06,149824.03,0.7491672,10.343438,8.54015,8.540182
250759.14,0.014762524,0.64388317,37000.0,151467.39,149824.05,149824.06,0.7491672,10.343994,8.540151,8.54018
250759.14,0.017057624,0.7013707,37000.0,151467.4,149824.05,149824.06,0.7491672,10.343555,8.54015,8.540184
250759.14,0.018515762,0.7077962,37000.0,151467.4,149824.05,149824.06,0.7491672,10.34351,8.54015,8.54016
250759.14,0.019950232,0.6603946,37000.0,151467.44,149824.08,149824.05,0.7491672,10.343644,8.540152,8.540194
250759.14,0.015387474,0.75553256,37000.0,151467.42,149824.05,149824.05,0.7491672,10.343435,8.540149,8.540175
250759.14,0.01809329,0.6249984,37000.0,151467.42,149824.05,149824.06,0.7491672,10.343214,8.540151,8.540185
250759.14,0.01696864,0.611486,37000.0,151467.31,149824.06,149824.03,0.7491672,10.343494,8.540152,8.540171
250759.14,0.013792797,0.6500192,37000.0,151467.33,149824.06,149824.06,0.7491672,10.343379,8.540151,8.540191
250759.14,0.016366564,0.7668268,37000.0,151467.4,149824.05,149824.03,0.7491672,10.34337,8.540149,8.540196
250759.14,0.016187001,0.70796597,37000.0,151467.34,149824.05,149824.05,0.7491672,10.343348,8.540149,8.5401745
250759.14,0.017037544,0.59112936,37000.0,151467.34,149824.05,149824.06,0.7491672,10.343322,8.540152,8.540199
250759.14,0.01731856,0.5671761,37000.0,151467.42,149824.05,149824.05,0.7491672,10.343432,8.540152,8.540198
250759.14,0.017981153,0.56610215,37000.0,151467.4,149824.06,149824.06,0.7491672,10.343668,8.540152,8.540193
250759.14,0.018132562,0.67959857,37000.0,151467.45,149824.06,149824.05,0.7491672,10.343654,8.54015,8.540197
250759.14,0.01738506,0.57710433,37000.0,151467.39,149824.03,149824.05,0.7491672,10.343043,8.540152,8.540155
250759.14,0.016835986,0.7523692,37000.0,151467.36,149824.06,149824.03,0.7491672,10.343219,8.54015,8.540176
250759.14,0.01734431,0.65443456,37000.0,151467.42,149824.06,149824.05,0.7491672,10.343688,8.540151,8.540178
250759.14,0.016530178,0.71123064,37000.0,151467.42,149824.06,149824.05,0.7491672,10.34346,8.54015,8.540165
250759.14,0.019348446,0.6302338,37000.0,151467.3,149824.05,149824.06,0.7491672,10.343501,8.540152,8.540176
250759.14,0.018936083,0.7318885,37000.0,151467.44,149824.03,149824.06,0.7491672,10.343589,8.54015,8.540176
250759.14,0.018696552,0.60015666,37000.0,151467.39,149824.05,149824.05,0.7491672,10.343167,8.540152,8.540168
250759.14,0.015409922,0.65440005,37000.0,151467.36,149824.05,149824.05,0.7491672,10.343404,8.54015,8.540187
250759.14,0.018112885,0.6352053,37000.0,151467.4,149824.05,149824.03,0.7491672,10.34356,8.540151,8.540169
250759.14,0.01580308,0.6161131,37000.0,151467.34,149824.06,149824.06,0.7491672,10.343375,8.540151,8.540171
250759.14,0.01725244,0.5728014,37000.0,151467.39,149824.05,149824.03,0.7491672,10.343319,8.540151,8.540163
250759.14,0.017813917,0.6379291,37000.0,151467.36,149824.05,149824.05,0.7491672,10.343726,8.54015,8.540178
250759.14,0.018574152,0.65766764,37000.0,151467.4,149824.05,149824.06,0.7491672,10.343551,8.540152,8.54017
250759.14,0.018626818,0.647276,37000.0,151467.42,149824.05,149824.03,0.7491672,10.343514,8.540151,8.540197
250759.14,0.017400261,0.56537443,37000.0,151467.4,149824.06,149824.05,0.7491672,10.343555,8.540153,8.540189
250759.14,0.016880607,0.7454303,37000.0,151467.39,149824.05,149824.05,0.7491672,10.343314,8.540149,8.540179
250759.14,0.016263874,0.77491826,37000.0,151467.38,149824.08,149824.06,0.7491672,10.343611,8.540149,8.540185
250759.14,0.0139800925,0.60954833,37000.0,151467.39,149824.05,149824.03,0.7491672,10.3436,8.540152,8.540159
250759.14,0.01684454,0.60564876,37000.0,151467.34,149824.03,149824.05,0.7491672,10.343163,8.540152,8.540185
250759.14,0.0154986745,0.7150581,37000.0,151467.44,149824.03,149824.05,0.7491672,10.343605,8.54015,8.540201
250759.14,0.019368783,0.4794574,37000.0,151467.33,149824.05,149824.03,0.7491672,10.343069,8.540151,8.540185
250759.14,0.017606998,0.74985635,37000.0,151467.38,149824.06,149824.05,0.7491672,10.343615,8.540149,8.540177
250759.14,0.017568637,0.6838039,37000.0,151467.33,149824.03,149824.05,0.7491672,10.342897,8.54015,8.540177
250759.14,0.01713391,0.5529294,37000.0,151467.36,149824.06,149824.05,0.7491672,10.343631,8.540151,8.540181
250759.14,0.016179256,0.5761894,37000.0,151467.31,149824.05,149824.05,0.7491672,10.343178,8.540152,8.540157
250759.14,0.016430227,0.7117771,37000.0,151467.33,149824.03,149824.08,0.7491672,10.343466,8.54015,8.540169
250759.14,0.01818902,0.6933564,37000.0,151467.34,149824.05,149824.06,0.7491672,10.343268,8.540151,8.540175
250759.14,0.017318413,0.7611933,37000.0,151467.38,149824.03,149824.05,0.7491672,10.343497,8.540149,8.540175
250759.14,0.017762909,0.735875,37000.0,151467.4,149824.03,149824.05,0.7491672,10.343414,8.54015,8.5401745
250759.14,0.017655808,0.5507132,37000.0,151467.33,149824.05,149824.06,0.7491672,10.343308,8.540152,8.540153
250759.14,0.013019878,0.6598608,37000.0,151467.33,149824.05,149824.02,0.7491672,10.343059,8.540151,8.540209
250759.14,0.017543599,0.6661834,37000.0,151467.36,149824.05,149824.03,0.7491672,10.343627,8.540151,8.540198
250759.14,0.018720832,0.5707109,37000.0,151467.4,149824.08,149824.05,0.7491672,10.343666,8.540151,8.540196
250759.14,0.018236592,0.64406514,37000.0,151467.4,149824.05,149824.05,0.7491672,10.343535,8.540151,8.540205
250759.14,0.015961977,0.6934046,37000.0,151467.36,149824.05,149824.06,0.7491672,10.343349,8.54015,8.540193
250759.14,0.016637139,0.700357,37000.0,151467.42,149824.05,149824.05,0.7491672,10.343415,8.54015,8.540173
250759.14,0.016149724,0.73664355,37000.0,151467.28,149824.05,149824.1,0.7491672,10.343054,8.54015,8.540167
250759.14,0.0168706,0.7150432,37000.0,151467.39,149824.06,149824.05,0.7491672,10.343566,8.540149,8.540164
250759.14,0.017416388,0.5934641,37000.0,151467.38,149824.05,149824.03,0.7491672,10.343481,8.540152,8.540162
250759.14,0.016272772,0.6199063,37000.0,151467.36,149824.06,149824.03,0.7491672,10.34323,8.540152,8.540158
250759.14,0.017360538,0.7274949,37000.0,151467.39,149824.05,149824.06,0.7491672,10.343398,8.54015,8.540157
250759.14,0.018243227,0.71673757,37000.0,151467.33,149824.05,149824.05,0.7491672,10.343191,8.540151,8.54016
250759.14,0.015973102,0.58912694,37000.0,151467.44,149824.05,149824.03,0.7491672,10.343486,8.540152,8.540193
250759.14,0.015497526,0.555211,37000.0,151467.38,149824.06,149824.05,0.7491672,10.343439,8.540153,8.540182
250759.14,0.017615734,0.73780936,37000.0,151467.39,149824.08,149824.06,0.7491672,10.343522,8.54015,8.54018
250759.14,0.013670359,0.6651945,37000.0,151467.44,149824.06,149824.06,0.7491672,10.343634,8.540152,8.540159
250759.14,0.01660949,0.6010739,37000.0,151467.38,149824.06,149824.03,0.7491672,10.343399,8.540151,8.540171
250759.14,0.016992277,0.694655,37000.0,151467.34,149824.05,149824.05,0.7491672,10.343135,8.54015,8.540182
250759.14,0.019769484,0.59029967,37000.0,151467.39,149824.05,149824.05,0.7491672,10.343379,8.54015,8.540185
250759.14,0.019016689,0.538728,37000.0,151467.36,149824.05,149824.05,0.7491672,10.343265,8.540152,8.540191
250759.14,0.018778754,0.6930808,37000.0,151467.39,149824.06,149824.03,0.7491672,10.343492,8.54015,8.540184
250759.14,0.016860407,0.58864725,37000.0,151467.34,149824.05,149824.05,0.7491672,10.343199,8.540152,8.540167
250759.14,0.018452805,0.7781974,37000.0,151467.39,149824.03,149824.03,0.7491672,10.3434725,8.540148,8.540161
250759.14,0.016123999,0.63947356,37000.0,151467.34,149824.03,149824.06,0.7491672,10.343332,8.540151,8.540191
250759.14,0.015512703,0.57495254,37000.0,151467.34,149824.05,149824.05,0.7491672,10.34335,8.540152,8.540191
250759.14,0.015439582,0.7063622,37000.0,151467.42,149824.06,149824.06,0.7491672,10.343543,8.54015,8.540174
250759.14,0.017822802,0.64726526,37000.0,151467.39,149824.06,149824.06,0.7491672,10.343011,8.54015,8.540181
250759.14,0.016932355,0.7290687,37000.0,151467.4,149824.05,149824.03,0.7491672,10.343596,8.54015,8.540184
250759.14,0.017778175,0.5619388,37000.0,151467.42,149824.05,149824.05,0.7491672,10.343519,8.540151,8.540183
250759.14,0.016598674,0.70314765,37000.0,151467.38,149824.06,149824.06,0.7491672,10.343514,8.54015,8.540187
250759.14,0.015710158,0.63054866,37000.0,151467.36,149824.05,149824.08,0.7491672,10.343216,8.540151,8.540157
250759.14,0.020109542,0.5457098,37000.0,151467.39,149824.06,149824.05,0.7491672,10.343469,8.540153,8.540153
250759.14,0.018916873,0.5956203,37000.0,151467.44,149824.06,149824.05,0.7491672,10.343631,8.540152,8.540159
250759.14,0.016255118,0.6819309,37000.0,151467.38,149824.05,149824.05,0.7491672,10.3432665,8.540151,8.540149
250759.14,0.018002842,0.65197027,37000.0,151467.34,149824.08,149824.08,0.7491672,10.343503,8.54015,8.54015
250759.14,0.016963778,0.7032411,37000.0,151467.34,149824.05,149824.05,0.7491672,10.34354,8.54015,8.5401535
250759.14,0.017560437,0.66751456,37000.0,151467.4,149824.06,149824.08,0.7491672,10.343392,8.540151,8.540153
250759.14,0.01657162,0.633581,37000.0,151467.38,149824.06,149824.06,0.7491672,10.343417,8.540152,8.540154
250759.14,0.018996365,0.63189363,37000.0,151467.39,149824.05,149824.06,0.7491672,10.343531,8.540151,8.540147
250759.14,0.018675579,0.7342427,37000.0,151467.4,149824.03,149824.05,0.7491672,10.343735,8.54015,8.540153
250759.14,0.020179704,0.58198005,37000.0,151467.42,149824.05,149824.03,0.7491672,10.343492,8.540151,8.54015
250759.14,0.017894533,0.6290305,37000.0,151467.4,149824.06,149824.03,0.7491672,10.343216,8.540151,8.540155
250759.14,0.017090838,0.69277185,37000.0,151467.39,149824.06,149824.08,0.7491672,10.343315,8.54015,8.540152
250759.14,0.018148713,0.7107498,37000.0,151467.36,149824.05,149824.03,0.7491672,10.343364,8.54015,8.540152
250759.14,0.017324198,0.6201933,37000.0,151467.34,149824.05,149824.05,0.7491672,10.343219,8.540152,8.540152
250759.14,0.01735754,0.70676947,37000.0,151467.38,149824.05,149824.06,0.7491672,10.343208,8.54015,8.540152
250759.14,0.019550396,0.74963653,37000.0,151467.44,149824.05,149824.05,0.7491672,10.343507,8.54015,8.540151
250759.14,0.018186333,0.5499765,37000.0,151467.38,149824.05,149824.06,0.7491672,10.343403,8.540153,8.540158
250759.14,0.016125195,0.60199964,37000.0,151467.4,149824.03,149824.08,0.7491672,10.343472,8.540152,8.54015
250759.14,0.014494862,0.6823096,37000.0,151467.44,149824.06,149824.03,0.7491672,10.343781,8.54015,8.540173
250759.14,0.01732029,0.72094375,37000.0,151467.47,149824.05,149824.05,0.7491672,10.343798,8.54015,8.540148
250759.14,0.018930847,0.5999867,37000.0,151467.38,149824.06,149824.05,0.7491672,10.343165,8.540152,8.540147
250759.14,0.017468253,0.59536,37000.0,151467.38,149824.06,149824.06,0.7491672,10.343356,8.540152,8.540171
250759.14,0.018024534,0.6816955,37000.0,151467.39,149824.03,149824.05,0.7491672,10.343678,8.540151,8.540175
250759.14,0.018560614,0.7794684,37000.0,151467.44,149824.06,149824.06,0.7491672,10.3435545,8.540149,8.540145
250759.14,0.017855475,0.75130415,37000.0,151467.38,149824.08,149824.05,0.7491672,10.34335,8.54015,8.540154
250759.14,0.016948715,0.691966,37000.0,151467.38,149824.05,149824.06,0.7491672,10.343607,8.54015,8.540152
250759.14,0.017748443,0.7059212,37000.0,151467.36,149824.06,149824.05,0.7491672,10.343103,8.540151,8.540151
250759.14,0.01791173,0.5904647,37000.0,151467.39,149824.06,149824.05,0.7491672,10.343373,8.540152,8.540152
250759.14,0.018214548,0.6259852,37000.0,151467.39,149824.05,149824.05,0.7491672,10.3434305,8.540151,8.540156
250759.14,0.019633494,0.6335016,37000.0,151467.39,149824.08,149824.06,0.7491672,10.343333,8.540152,8.540151
250759.14,0.01861651,0.60251,37000.0,151467.36,149824.08,149824.03,0.7491672,10.343462,8.540152,8.540154
250759.14,0.017255725,0.68721974,37000.0,151467.36,149824.08,149824.05,0.7491672,10.343205,8.540151,8.540155
250759.14,0.018338272,0.7496542,37000.0,151467.34,149824.08,149824.06,0.7491672,10.343354,8.54015,8.540152
250759.14,0.017442435,0.6588057,37000.0,151467.39,149824.06,149824.03,0.7491672,10.343234,8.540151,8.5401535
250759.14,0.019814799,0.7026671,37000.0,151467.38,149824.05,149824.05,0.7491672,10.343324,8.540151,8.540165
250759.14,0.01790507,0.59786975,37000.0,151467.3,149824.05,149824.05,0.7491672,10.343015,8.540152,8.540172
250759.14,0.0192197,0.5806697,37000.0,151467.34,149824.06,149824.03,0.7491672,10.343148,8.540152,8.54015
250759.14,0.018491272,0.6702045,37000.0,151467.34,149824.06,149824.06,0.7491672,10.343188,8.540151,8.540153
250759.14,0.018814817,0.5737451,37000.0,151467.31,149824.05,149824.05,0.7491672,10.343548,8.540152,8.540149
250759.14,0.016922222,0.6148625,37000.0,151467.39,149824.06,149824.05,0.7491672,10.343539,8.540151,8.54015
250759.14,0.017497906,0.66224176,37000.0,151467.39,149824.05,149824.06,0.7491672,10.343388,8.540151,8.540147
250759.14,0.017296242,0.57821834,37000.0,151467.36,149824.03,149824.03,0.7491672,10.3437195,8.540153,8.540151
250759.14,0.01753863,0.75109994,37000.0,151467.36,149824.06,149824.05,0.7491672,10.343494,8.54015,8.540151
250759.14,0.017305981,0.71520466,37000.0,151467.36,149824.05,149824.06,0.7491672,10.3438015,8.54015,8.540149
250759.14,0.016880035,0.6572393,37000.0,151467.36,149824.06,149824.06,0.7491672,10.343229,8.540151,8.540151
250759.14,0.017492622,0.6273429,37000.0,151467.34,149824.05,149824.05,0.7491672,10.343194,8.540151,8.540149
250759.14,0.016749073,0.7115465,37000.0,151467.36,149824.03,149824.06,0.7491672,10.343759,8.54015,8.540163
250759.14,0.01606142,0.7314458,37000.0,151467.33,149824.05,149824.03,0.7491672,10.3433695,8.54015,8.540149
250759.14,0.017260808,0.6711691,37000.0,151467.36,149824.05,149824.06,0.7491672,10.343192,8.540151,8.540152
250759.14,0.01842563,0.5959655,37000.0,151467.38,149824.06,149824.06,0.7491672,10.34358,8.540151,8.540149
250759.14,0.014759916,0.7548141,37000.0,151467.4,149824.08,149824.06,0.7491672,10.343762,8.54015,8.540151
250759.14,0.019041613,0.6555019,37000.0,151467.34,149824.05,149824.03,0.7491672,10.343223,8.540152,8.540148
250759.14,0.018858902,0.5980782,37000.0,151467.38,149824.03,149824.06,0.7491672,10.343285,8.540152,8.540155
250759.14,0.017037176,0.73318136,37000.0,151467.38,149824.03,149824.05,0.7491672,10.34329,8.54015,8.540155
250759.14,0.017855175,0.6791841,37000.0,151467.34,149824.05,149824.06,0.7491672,10.343507,8.54015,8.540149
250759.14,0.017045695,0.6260416,37000.0,151467.39,149824.03,149824.06,0.7491672,10.343625,8.540152,8.5401535
250759.14,0.014327889,0.78014684,37000.0,151467.34,149824.05,149824.06,0.7491672,10.343256,8.540149,8.540151
250759.14,0.018182259,0.6587971,37000.0,151467.34,149824.03,149824.06,0.7491672,10.343207,8.54015,8.540149
250759.14,0.016746493,0.71201146,37000.0,151467.36,149824.03,149824.05,0.7491672,10.343386,8.540149,8.54016
250759.14,0.01763448,0.63501084,37000.0,151467.33,149824.05,149824.06,0.7491672,10.343196,8.540152,8.540145
250759.14,0.017963037,0.7284805,37000.0,151467.4,149824.06,149824.02,0.7491672,10.343701,8.54015,8.540147
250759.14,0.01908595,0.61086386,37000.0,151467.4,149824.08,149824.06,0.7491672,10.343699,8.540151,8.540152
250759.14,0.019771669,0.60207164,37000.0,151467.39,149824.05,149824.06,0.7491672,10.343354,8.540152,8.540152
250759.14,0.018019669,0.6477863,37000.0,151467.38,149824.06,149824.06,0.7491672,10.343242,8.540152,8.540149
250759.14,0.01847185,0.6015745,37000.0,151467.36,149824.08,149824.05,0.7491672,10.343765,8.540152,8.540152
250759.14,0.018027911,0.71287864,37000.0,151467.36,149824.06,149824.05,0.7491672,10.343662,8.540151,8.540153
250759.14,0.017054616,0.648749,37000.0,151467.42,149824.05,149824.03,0.7491672,10.343799,8.540151,8.54015
250759.14,0.017137107,0.63085866,37000.0,151467.39,149824.08,149824.06,0.7491672,10.343349,8.540151,8.54015
250759.14,0.015506366,0.7107855,37000.0,151467.36,149824.06,149824.05,0.7491672,10.343395,8.540151,8.540151
250759.14,0.015768616,0.6905044,37000.0,151467.44,149824.05,149824.06,0.7491672,10.343379,8.540151,8.54015
250759.14,0.017075278,0.7249277,37000.0,151467.34,149824.08,149824.05,0.7491672,10.343208,8.54015,8.540152
250759.14,0.0186503,0.6113448,37000.0,151467.31,149824.05,149824.08,0.7491672,10.343208,8.540152,8.540152
250759.14,0.018354053,0.57164806,37000.0,151467.44,149824.05,149824.06,0.7491672,10.343378,8.540151,8.540151
250759.14,0.014755374,0.7157014,37000.0,151467.34,149824.06,149824.08,0.7491672,10.343331,8.540149,8.540151
250759.14,0.017191565,0.6521377,37000.0,151467.31,149824.05,149824.05,0.7491672,10.343004,8.540151,8.540149
250759.14,0.017610295,0.69019425,37000.0,151467.36,149824.06,149824.05,0.7491672,10.3435,8.54015,8.540151
250759.14,0.017613681,0.6972602,37000.0,151467.33,149824.06,149824.06,0.7491672,10.343299,8.540151,8.540153
250759.14,0.015424352,0.66274506,37000.0,151467.39,149824.03,149824.08,0.7491672,10.343552,8.54015,8.540154
250759.14,0.014418711,0.6553734,37000.0,151467.4,149824.08,149824.03,0.7491672,10.343495,8.540152,8.54015
250759.14,0.016125105,0.6768098,37000.0,151467.34,149824.06,149824.03,0.7491672,10.343533,8.540151,8.540151
250759.14,0.017663395,0.6461191,37000.0,151467.38,149824.06,149824.05,0.7491672,10.343456,8.54015,8.54015
250759.14,0.017409645,0.59683245,37000.0,151467.42,149824.05,149824.08,0.7491672,10.34382,8.540152,8.540155
250759.14,0.015996467,0.5823241,37000.0,151467.36,149824.05,149824.06,0.7491672,10.343236,8.540151,8.540153
250759.14,0.020552384,0.5469848,37000.0,151467.34,149824.05,149824.05,0.7491672,10.343202,8.540151,8.54015
250759.14,0.017932354,0.66152996,37000.0,151467.45,149824.05,149824.06,0.7491672,10.34366,8.540151,8.540147
250759.14,0.016654503,0.7404997,37000.0,151467.39,149824.06,149824.05,0.7491672,10.343619,8.54015,8.540153
250759.14,0.016360722,0.71235085,37000.0,151467.38,149824.06,149824.06,0.7491672,10.343269,8.54015,8.540155
250759.14,0.016383769,0.6833639,37000.0,151467.4,149824.06,149824.06,0.7491672,10.343284,8.540151,8.540152
250759.14,0.017085858,0.6154369,37000.0,151467.4,149824.03,149824.05,0.7491672,10.343417,8.540152,8.54015
250759.14,0.017486615,0.74989706,37000.0,151467.34,149824.06,149824.06,0.7491672,10.343297,8.540149,8.540149
250759.14,0.017688707,0.5971438,37000.0,151467.34,149824.05,149824.06,0.7491672,10.343823,8.540152,8.540153
250759.14,0.01675428,0.72928494,37000.0,151467.36,149824.08,149824.06,0.7491672,10.343213,8.54015,8.540151
250759.14,0.016977055,0.7088198,37000.0,151467.36,149824.08,149824.05,0.7491672,10.343399,8.540151,8.540152
250759.14,0.01860049,0.7507886,37000.0,151467.38,149824.05,149824.06,0.7491672,10.343471,8.540149,8.540151
250759.14,0.016100867,0.6621949,37000.0,151467.36,149824.05,149824.05,0.7491672,10.343373,8.540152,8.540147
250759.14,0.016551489,0.6830661,37000.0,151467.39,149824.05,149824.05,0.7491672,10.343435,8.54015,8.540151
250759.14,0.018408358,0.6821591,37000.0,151467.44,149824.06,149824.05,0.7491672,10.343708,8.540151,8.540149
250759.14,0.018287893,0.686095,37000.0,151467.38,149824.06,149824.05,0.7491672,10.343679,8.54015,8.540153
250759.14,0.019419452,0.73635423,37000.0,151467.4,149824.06,149824.06,0.7491672,10.343646,8.540149,8.540153
250759.14,0.018540232,0.6805058,37000.0,151467.4,149824.05,149824.06,0.7491672,10.34342,8.54015,8.540152
250759.14,0.016687276,0.6370292,37000.0,151467.39,149824.05,149824.06,0.7491672,10.343381,8.540152,8.540148
250759.14,0.016428519,0.75643694,37000.0,151467.36,149824.03,149824.05,0.7491672,10.343216,8.54015,8.540149
250759.14,0.01749634,0.61703944,37000.0,151467.42,149824.05,149824.06,0.7491672,10.343488,8.540151,8.540152
250759.14,0.016096517,0.653547,37000.0,151467.4,149824.05,149824.06,0.7491672,10.343502,8.540152,8.540121
250759.14,0.017673753,0.5809709,37000.0,151467.4,149824.05,149824.06,0.7491672,10.3435135,8.540152,8.540155
250759.14,0.018945217,0.7052089,37000.0,151467.31,149824.08,149824.06,0.7491672,10.343268,8.540151,8.540141
250759.14,0.018448954,0.61717546,37000.0,151467.39,149824.03,149824.06,0.7491672,10.343273,8.540152,8.540155
250759.14,0.018430747,0.72315586,37000.0,151467.36,149824.03,149824.06,0.7491672,10.343116,8.54015,8.540178
250759.14,0.01690222,0.7259868,37000.0,151467.38,149824.08,149824.06,0.7491672,10.343606,8.54015,8.540163
250759.14,0.016307618,0.62874866,37000.0,151467.4,149824.06,149824.05,0.7491672,10.343509,8.540151,8.540145
250759.14,0.017329313,0.596421,37000.0,151467.39,149824.05,149824.05,0.7491672,10.343623,8.540152,8.540157
250759.14,0.017972374,0.67765963,37000.0,151467.4,149824.08,149824.05,0.7491672,10.34355,8.540151,8.540151
250759.14,0.017348245,0.6751968,37000.0,151467.39,149824.03,149824.05,0.7491672,10.3436775,8.54015,8.540144
250759.14,0.018037234,0.56820697,37000.0,151467.34,149824.06,149824.06,0.7491672,10.343413,8.540152,8.540145
250759.14,0.018380513,0.5598009,37000.0,151467.38,149824.06,149824.08,0.7491672,10.343675,8.540152,8.540152
250759.14,0.017080171,0.73596257,37000.0,151467.34,149824.08,149824.08,0.7491672,10.343436,8.54015,8.540136
250759.14,0.01893618,0.69190776,37000.0,151467.36,149824.03,149824.05,0.7491672,10.343339,8.54015,8.54013
250759.14,0.016759086,0.7318672,37000.0,151467.39,149824.05,149824.06,0.7491672,10.343512,8.540151,8.540141
250759.14,0.018050164,0.72505575,37000.0,151467.31,149824.02,149824.05,0.7491672,10.34292,8.54015,8.54014
250759.14,0.01761176,0.64409274,37000.0,151467.42,149824.05,149824.08,0.7491672,10.343352,8.540151,8.540148
250759.14,0.0176011,0.64952934,37000.0,151467.4,149824.05,149824.06,0.7491672,10.343347,8.540151,8.54013
250759.14,0.017295996,0.6095951,37000.0,151467.44,149824.06,149824.06,0.7491672,10.343622,8.540151,8.540135
250759.14,0.01766806,0.7033155,37000.0,151467.45,149824.05,149824.06,0.7491672,10.343628,8.54015,8.540141
250759.14,0.017417766,0.7336266,37000.0,151467.38,149824.06,149824.05,0.7491672,10.343573,8.54015,8.540149
250759.14,0.016164672,0.6980712,37000.0,151467.34,149824.05,149824.06,0.7491672,10.34315,8.540151,8.540134
250759.14,0.020007927,0.70870256,37000.0,151467.36,149824.03,149824.05,0.7491672,10.343145,8.54015,8.540141
250759.14,0.016980316,0.7272816,37000.0,151467.33,149824.05,149824.06,0.7491672,10.343203,8.540149,8.540142
250759.14,0.01780078,0.7653109,37000.0,151467.33,149824.06,149824.06,0.7491672,10.343405,8.540149,8.540134
250759.14,0.020066882,0.5659307,37000.0,151467.36,149824.08,149824.06,0.7491672,10.34315,8.540151,8.540149
250759.14,0.018214785,0.6294172,37000.0,151467.33,149824.06,149824.06,0.7491672,10.34331,8.540151,8.540131
250759.14,0.014055873,0.71391344,37000.0,151467.39,149824.05,149824.05,0.7491672,10.3432,8.54015,8.540145
250759.14,0.0178372,0.7442993,37000.0,151467.34,149824.05,149824.05,0.7491672,10.342995,8.54015,8.540142
250759.14,0.017816396,0.6011069,37000.0,151467.38,149824.08,149824.08,0.7491672,10.343505,8.540152,8.540148
250759.14,0.018951364,0.6309552,37000.0,151467.44,149824.06,149824.06,0.7491672,10.3437805,8.540152,8.540138
250759.14,0.018938022,0.70656556,37000.0,151467.33,149824.06,149824.06,0.7491672,10.343152,8.54015,8.540145
250759.14,0.017966049,0.72781163,37000.0,151467.34,149824.03,149824.06,0.7491672,10.343458,8.540151,8.54015
250759.14,0.016114436,0.6921865,37000.0,151467.38,149824.06,149824.1,0.7491672,10.343417,8.540151,8.540145
250759.14,0.01865828,0.57197875,37000.0,151467.42,149824.06,149824.06,0.7491672,10.343835,8.540151,8.540145
250759.14,0.017380333,0.7284464,37000.0,151467.38,149824.05,149824.06,0.7491672,10.343507,8.540151,8.540134
250759.14,0.017670592,0.7139237,37000.0,151467.45,149824.05,149824.05,0.7491672,10.343446,8.54015,8.540148
250759.14,0.017828848,0.6306457,37000.0,151467.36,149824.06,149824.05,0.7491672,10.343214,8.540152,8.540152
250759.14,0.017542029,0.63959926,37000.0,151467.4,149824.06,149824.05,0.7491672,10.343335,8.540151,8.540151
250759.14,0.018437669,0.5700077,37000.0,151467.44,149824.05,149824.03,0.7491672,10.3440275,8.540152,8.540151
250759.14,0.016131552,0.63878393,37000.0,151467.4,149824.05,149824.06,0.7491672,10.343787,8.540151,8.540156
250759.14,0.018370843,0.7236997,37000.0,151467.36,149824.03,149824.06,0.7491672,10.343445,8.540149,8.540144
250759.14,0.017825754,0.57630175,37000.0,151467.39,149824.05,149824.05,0.7491672,10.343615,8.540152,8.540134
250759.14,0.016990257,0.5674738,37000.0,151467.36,149824.05,149824.05,0.7491672,10.343353,8.540152,8.540146
250759.14,0.018255958,0.7331837,37000.0,151467.44,149824.03,149824.05,0.7491672,10.343766,8.54015,8.540141
250759.14,0.01846151,0.73668224,37000.0,151467.38,149824.03,149824.06,0.7491672,10.343638,8.54015,8.540135
250759.14,0.019028058,0.71189386,37000.0,151467.38,149824.06,149824.06,0.7491672,10.343216,8.54015,8.540143
250759.14,0.017580163,0.6816865,37000.0,151467.39,149824.05,149824.06,0.7491672,10.343393,8.54015,8.540148
250759.14,0.019899715,0.62130696,37000.0,151467.33,149824.05,149824.03,0.7491672,10.342961,8.540151,8.540133
250759.14,0.018386543,0.593724,37000.0,151467.45,149824.05,149824.05,0.7491672,10.343503,8.540151,8.54014
250759.14,0.016799487,0.6929461,37000.0,151467.42,149824.05,149824.06,0.7491672,10.343341,8.54015,8.540143
250759.14,0.018248558,0.6952709,37000.0,151467.45,149824.05,149824.06,0.7491672,10.343714,8.540149,8.540129
250759.14,0.018973965,0.6803403,37000.0,151467.44,149824.06,149824.05,0.7491672,10.343461,8.540151,8.540141
250759.14,0.018136257,0.5653343,37000.0,151467.38,149824.06,149824.06,0.7491672,10.343444,8.540151,8.540145
250759.14,0.019396067,0.6602036,37000.0,151467.38,149824.06,149824.02,0.7491672,10.34334,8.540152,8.54013
250759.14,0.018942531,0.6967195,37000.0,151467.38,149824.06,149824.05,0.7491672,10.343459,8.54015,8.54015
250759.14,0.015786016,0.6351682,37000.0,151467.45,149824.08,149824.06,0.7491672,10.343967,8.540151,8.540149
250759.14,0.017799087,0.6518084,37000.0,151467.4,149824.08,149824.06,0.7491672,10.3435135,8.540151,8.540125
250759.14,0.01759094,0.68002033,37000.0,151467.33,149824.05,149824.05,0.7491672,10.343379,8.540151,8.540132
250759.14,0.017488608,0.6292023,37000.0,151467.33,149824.06,149824.06,0.7491672,10.3433075,8.540152,8.540132
250759.14,0.019544072,0.7922162,37000.0,151467.38,149824.08,149824.06,0.7491672,10.343345,8.540149,8.540126
250759.14,0.018095348,0.6441381,37000.0,151467.4,149824.06,149824.06,0.7491672,10.343249,8.54015,8.540142
250759.14,0.019923424,0.6079736,37000.0,151467.36,149824.06,149824.06,0.7491672,10.343128,8.540152,8.5401325
250759.14,0.020597763,0.55492926,37000.0,151467.33,149824.03,149824.06,0.7491672,10.343247,8.540153,8.540137
250759.14,0.01889305,0.6475819,37000.0,151467.34,149824.06,149824.03,0.7491672,10.343354,8.540151,8.5401325
250759.14,0.017012049,0.7224126,37000.0,151467.36,149824.05,149824.06,0.7491672,10.343558,8.540151,8.540141
250759.14,0.0171855,0.7154385,37000.0,151467.33,149824.06,149824.08,0.7491672,10.343172,8.54015,8.5401535
250759.14,0.019461485,0.66942483,37000.0,151467.38,149824.06,149824.05,0.7491672,10.343321,8.540151,8.540133
250759.14,0.019517303,0.711014,37000.0,151467.42,149824.03,149824.03,0.7491672,10.3436,8.54015,8.540132
250759.14,0.020842234,0.6597681,37000.0,151467.4,149824.08,149824.06,0.7491672,10.34343,8.540151,8.540127
250759.14,0.017411102,0.7427535,37000.0,151467.33,149824.05,149824.03,0.7491672,10.3433,8.54015,8.540141
250759.14,0.01822487,0.72796226,37000.0,151467.38,149824.05,149824.06,0.7491672,10.343281,8.54015,8.540126
250759.14,0.018212482,0.6362351,37000.0,151467.4,149824.06,149824.05,0.7491672,10.343346,8.540151,8.540135
250759.14,0.017484142,0.60077405,37000.0,151467.42,149824.06,149824.08,0.7491672,10.3436575,8.54015,8.540137
250759.14,0.017083848,0.623595,37000.0,151467.42,149824.06,149824.05,0.7491672,10.343687,8.540151,8.540138
250759.14,0.017024184,0.74999505,37000.0,151467.44,149824.06,149824.05,0.7491672,10.343506,8.540149,8.540138
250759.14,0.018606521,0.77495474,37000.0,151467.33,149824.03,149824.06,0.7491672,10.343158,8.540149,8.540145
250759.14,0.018771129,0.62705415,37000.0,151467.3,149824.06,149824.05,0.7491672,10.343026,8.540151,8.540143
250759.14,0.016504582,0.6914803,37000.0,151467.4,149824.06,149824.05,0.7491672,10.343471,8.540151,8.540136
250759.14,0.01757225,0.69055545,37000.0,151467.36,149824.06,149824.05,0.7491672,10.343254,8.540151,8.540142
250759.14,0.019656477,0.50112593,37000.0,151467.34,149824.03,149824.06,0.7491672,10.343362,8.540151,8.540128
250759.14,0.021195516,0.5616603,37000.0,151467.42,149824.06,149824.05,0.7491672,10.343589,8.540152,8.540135
250759.14,0.01908468,0.52884305,37000.0,151467.38,149824.05,149824.05,0.7491672,10.343557,8.540152,8.540143
250759.14,0.015653493,0.79665095,37000.0,151467.36,149824.08,149824.06,0.7491672,10.343287,8.540149,8.540141
250759.14,0.018893372,0.7033689,37000.0,151467.34,149824.03,149824.03,0.7491672,10.343597,8.54015,8.540134
250759.14,0.018595096,0.72439414,37000.0,151467.42,149824.05,149824.03,0.7491672,10.343719,8.54015,8.540131
250759.14,0.01944297,0.5622566,37000.0,151467.39,149824.06,149824.05,0.7491672,10.343531,8.540151,8.540131
250759.14,0.020695733,0.7739608,37000.0,151467.4,149824.08,149824.05,0.7491672,10.343537,8.54015,8.540141
250759.14,0.016843902,0.7377376,37000.0,151467.39,149824.05,149824.06,0.7491672,10.343351,8.54015,8.540139
250759.14,0.017417183,0.6599846,37000.0,151467.44,149824.06,149824.05,0.7491672,10.343705,8.540151,8.540133
250759.14,0.019554272,0.5731979,37000.0,151467.45,149824.05,149824.06,0.7491672,10.343467,8.540152,8.54014
250759.14,0.01802336,0.7143765,37000.0,151467.34,149824.05,149824.05,0.7491672,10.343364,8.540151,8.540152
250759.14,0.016760569,0.7503228,37000.0,151467.36,149824.06,149824.06,0.7491672,10.343107,8.54015,8.54014
250759.14,0.017616842,0.61864007,37000.0,151467.4,149824.08,149824.06,0.7491672,10.343636,8.540151,8.540141
250759.14,0.01693572,0.5994419,37000.0,151467.39,149824.05,149824.06,0.7491672,10.3434305,8.540151,8.540137
250759.14,0.015581509,0.69098485,37000.0,151467.44,149824.06,149824.05,0.7491672,10.3434725,8.540151,8.540151
250759.14,0.019500038,0.58367556,37000.0,151467.39,149824.06,149824.08,0.7491672,10.343632,8.540151,8.540137
250759.14,0.02003342,0.6973223,37000.0,151467.44,149824.06,149824.05,0.7491672,10.343739,8.540151,8.540138
250759.14,0.020018639,0.7013444,37000.0,151467.39,149824.05,149824.05,0.7491672,10.343366,8.540151,8.540137
250759.14,0.020370342,0.67683613,37000.0,151467.39,149824.06,149824.06,0.7491672,10.343475,8.54015,8.540135
250759.14,0.019329492,0.6233919,37000.0,151467.38,149824.06,149824.06,0.7491672,10.343475,8.540151,8.540138
250759.14,0.016938029,0.6806764,37000.0,151467.38,149824.03,149824.05,0.7491672,10.343359,8.540149,8.540142
250759.14,0.017243357,0.7414931,37000.0,151467.36,149824.05,149824.05,0.7491672,10.343105,8.540149,8.540126
250759.14,0.016130434,0.6475878,37000.0,151467.39,149824.06,149824.05,0.7491672,10.343675,8.540151,8.540144
250759.14,0.017736776,0.6613969,37000.0,151467.38,149824.05,149824.06,0.7491672,10.343424,8.540151,8.540152
250759.14,0.018370766,0.56801546,37000.0,151467.36,149824.06,149824.06,0.7491672,10.3433485,8.540151,8.540141
250759.14,0.020041136,0.5608325,37000.0,151467.4,149824.05,149824.05,0.7491672,10.343583,8.540151,8.5401535
250759.14,0.01844598,0.6866629,37000.0,151467.34,149824.06,149824.06,0.7491672,10.343343,8.540151,8.540152
250759.14,0.019350117,0.6175194,37000.0,151467.34,149824.05,149824.06,0.7491672,10.343224,8.540151,8.540149
250759.14,0.018967059,0.6631966,37000.0,151467.33,149824.03,149824.05,0.7491672,10.3435135,8.540151,8.54015
250759.14,0.017011063,0.6676738,37000.0,151467.34,149824.05,149824.05,0.7491672,10.343202,8.540151,8.540142
250759.14,0.018687753,0.6093168,37000.0,151467.42,149824.03,149824.06,0.7491672,10.343532,8.540152,8.540142
250759.14,0.01988073,0.6564115,37000.0,151467.38,149824.05,149824.05,0.7491672,10.343237,8.540152,8.540148
250759.14,0.01964707,0.6343929,37000.0,151467.39,149824.05,149824.05,0.7491672,10.343452,8.540152,8.540144
250759.14,0.01841494,0.73090947,37000.0,151467.44,149824.06,149824.08,0.7491672,10.343514,8.54015,8.540157
250759.14,0.017101448,0.78585756,37000.0,151467.36,149824.06,149824.05,0.7491672,10.343363,8.540148,8.540152
250759.14,0.016567178,0.7519764,37000.0,151467.44,149824.08,149824.06,0.7491672,10.343567,8.540149,8.540146
250759.14,0.01739635,0.59874594,37000.0,151467.36,149824.05,149824.06,0.7491672,10.343418,8.540152,8.540148
250759.14,0.016239604,0.62703234,37000.0,151467.39,149824.05,149824.06,0.7491672,10.343394,8.540152,8.540152
250759.14,0.015895989,0.7292217,37000.0,151467.33,149824.05,149824.06,0.7491672,10.343201,8.54015,8.540149
250759.14,0.019209296,0.57154286,37000.0,151467.38,149824.05,149824.05,0.7491672,10.343793,8.540152,8.540137
250759.14,0.01878374,0.5732906,37000.0,151467.44,149824.05,149824.05,0.7491672,10.343381,8.540151,8.540152
250759.14,0.018726066,0.58154166,37000.0,151467.42,149824.03,149824.06,0.7491672,10.343815,8.540152,8.540152
250759.14,0.019048018,0.7126987,37000.0,151467.33,149824.06,149824.06,0.7491672,10.343471,8.540151,8.540151
250759.14,0.01866046,0.7002758,37000.0,151467.36,149824.05,149824.05,0.7491672,10.343386,8.540151,8.540149
250759.14,0.01999819,0.76308435,37000.0,151467.48,149824.06,149824.05,0.7491672,10.343934,8.540149,8.540149
250759.14,0.019644236,0.5731305,37000.0,151467.39,149824.05,149824.06,0.7491672,10.343444,8.540153,8.540148
250759.14,0.018210288,0.5640127,37000.0,151467.39,149824.06,149824.03,0.7491672,10.343442,8.540151,8.540145
250759.14,0.018918214,0.633874,37000.0,151467.4,149824.06,149824.05,0.7491672,10.343472,8.540152,8.540148
250759.14,0.019734355,0.7591437,37000.0,151467.42,149824.03,149824.06,0.7491672,10.343612,8.540149,8.540148
250759.14,0.020906402,0.49409607,37000.0,151467.4,149824.06,149824.05,0.7491672,10.343029,8.540151,8.5401535
250759.14,0.020441301,0.5384611,37000.0,151467.4,149824.03,149824.03,0.7491672,10.343254,8.540152,8.54014
250759.14,0.018185882,0.5824081,37000.0,151467.39,149824.06,149824.05,0.7491672,10.343637,8.540153,8.540147
250759.14,0.018294409,0.6325391,37000.0,151467.36,149824.05,149824.03,0.7491672,10.343354,8.540152,8.540143
250759.14,0.019657096,0.66284865,37000.0,151467.39,149824.06,149824.06,0.7491672,10.343462,8.540151,8.540149
250759.14,0.017795613,0.61087483,37000.0,151467.45,149824.03,149824.08,0.7491672,10.343666,8.540152,8.5401535
250759.14,0.018916592,0.7602296,37000.0,151467.38,149824.05,149824.06,0.7491672,10.343341,8.54015,8.540151
250759.14,0.019833678,0.7710392,37000.0,151467.36,149824.05,149824.03,0.7491672,10.343032,8.540149,8.540132
250759.14,0.018514715,0.6289454,37000.0,151467.38,149824.06,149824.05,0.7491672,10.343244,8.540152,8.540143
250759.14,0.019152595,0.7382818,37000.0,151467.39,149824.06,149824.03,0.7491672,10.343468,8.54015,8.540148
250759.14,0.018479807,0.7135719,37000.0,151467.4,149824.06,149824.06,0.7491672,10.343321,8.540151,8.540146
250759.14,0.02088753,0.75144434,37000.0,151467.36,149824.05,149824.05,0.7491672,10.343257,8.54015,8.540138
250759.14,0.018160615,0.7600769,37000.0,151467.39,149824.06,149824.05,0.7491672,10.343425,8.540149,8.540135
250759.14,0.019467374,0.6108091,37000.0,151467.42,149824.08,149824.06,0.7491672,10.343444,8.540152,8.540132
250759.14,0.019178972,0.6453099,37000.0,151467.36,149824.05,149824.05,0.7491672,10.343379,8.540152,8.540141
250759.14,0.01927254,0.609667,37000.0,151467.36,149824.03,149824.05,0.7491672,10.343503,8.540152,8.540125
250759.14,0.019223759,0.5748896,37000.0,151467.33,149824.06,149824.03,0.7491672,10.343084,8.540152,8.540148
250759.14,0.020806966,0.56248426,37000.0,151467.34,149824.08,149824.06,0.7491672,10.342983,8.540151,8.540148
250759.14,0.022335464,0.5823597,37000.0,151467.36,149824.06,149824.05,0.7491672,10.343745,8.540152,8.540105
250759.14,0.021209748,0.72290814,37000.0,151467.44,149824.06,149824.05,0.7491672,10.343664,8.54015,8.540149
250759.14,0.01755402,0.6490665,37000.0,151467.39,149824.06,149824.03,0.7491672,10.343335,8.540151,8.540145
250759.14,0.016935127,0.69572985,37000.0,151467.44,149824.05,149824.05,0.7491672,10.3434,8.54015,8.540139
250759.14,0.01872621,0.61771053,37000.0,151467.42,149824.08,149824.06,0.7491672,10.343676,8.540151,8.540145
250759.14,0.018424954,0.6989446,37000.0,151467.39,149824.05,149824.05,0.7491672,10.343401,8.54015,8.540131
250759.14,0.017942261,0.74799323,37000.0,151467.36,149824.05,149824.06,0.7491672,10.3431015,8.54015,8.540135
250759.14,0.018092945,0.65359235,37000.0,151467.36,149824.06,149824.06,0.7491672,10.34329,8.540151,8.540136
250759.14,0.020244997,0.6984596,37000.0,151467.36,149824.03,149824.05,0.7491672,10.343246,8.54015,8.540145
250759.14,0.017610867,0.7460182,37000.0,151467.38,149824.06,149824.05,0.7491672,10.343321,8.54015,8.540169
250759.14,0.017807089,0.7397407,37000.0,151467.36,149824.06,149824.08,0.7491672,10.3430195,8.54015,8.540177
250759.14,0.017741216,0.756012,37000.0,151467.4,149824.08,149824.05,0.7491672,10.343345,8.54015,8.54015
250759.14,0.018923102,0.58078706,37000.0,151467.31,149824.05,149824.08,0.7491672,10.343277,8.540151,8.540126
250759.14,0.017311735,0.73964083,37000.0,151467.34,149824.03,149824.05,0.7491672,10.343375,8.54015,8.540184
250759.14,0.017218508,0.6818138,37000.0,151467.39,149824.05,149824.05,0.7491672,10.34359,8.540151,8.54015
250759.14,0.019348085,0.73025835,37000.0,151467.38,149824.06,149824.06,0.7491672,10.3435955,8.54015,8.540148
250759.14,0.020085212,0.78198546,37000.0,151467.4,149824.05,149824.03,0.7491672,10.343445,8.540149,8.5401535
250759.14,0.019297143,0.80003065,37000.0,151467.38,149824.06,149824.03,0.7491672,10.343118,8.540149,8.54015
250759.14,0.020010926,0.7420468,37000.0,151467.39,149824.03,149824.06,0.7491672,10.343402,8.54015,8.540149
250759.14,0.018710935,0.60582364,37000.0,151467.38,149824.03,149824.05,0.7491672,10.343031,8.540152,8.540153
250759.14,0.018351238,0.6274057,37000.0,151467.4,149824.05,149824.05,0.7491672,10.343174,8.540152,8.540147
250759.14,0.01723313,0.6958579,37000.0,151467.34,149824.06,149824.06,0.7491672,10.343234,8.54015,8.540166
250759.14,0.015791409,0.64591515,37000.0,151467.31,149824.06,149824.06,0.7491672,10.343508,8.540151,8.540149
250759.14,0.0190866,0.6600507,37000.0,151467.31,149824.06,149824.06,0.7491672,10.34333,8.540151,8.540152
250759.14,0.020816075,0.6473391,37000.0,151467.36,149824.05,149824.06,0.7491672,10.343427,8.540151,8.540147
250759.14,0.020068955,0.7198389,37000.0,151467.45,149824.06,149824.05,0.7491672,10.343537,8.54015,8.54015
250759.14,0.019458592,0.64427257,37000.0,151467.3,149824.05,149824.08,0.7491672,10.343292,8.540152,8.5401535
250759.14,0.020301022,0.7305761,37000.0,151467.4,149824.06,149824.05,0.7491672,10.343356,8.54015,8.540145
250759.14,0.02028588,0.67356217,37000.0,151467.4,149824.05,149824.06,0.7491672,10.343471,8.540151,8.540151
250759.14,0.018619439,0.611201,37000.0,151467.38,149824.03,149824.05,0.7491672,10.343864,8.540152,8.540149
250759.14,0.017994575,0.7349238,37000.0,151467.36,149824.05,149824.03,0.7491672,10.343429,8.54015,8.5401535
250759.14,0.018874077,0.59836024,37000.0,151467.38,149824.03,149824.06,0.7491672,10.343819,8.540152,8.540148
250759.14,0.019419685,0.66581315,37000.0,151467.38,149824.06,149824.06,0.7491672,10.343286,8.540151,8.540142
250759.14,0.018947346,0.58797556,37000.0,151467.4,149824.06,149824.05,0.7491672,10.343254,8.540151,8.540147
250759.14,0.017125096,0.68793905,37000.0,151467.4,149824.03,149824.08,0.7491672,10.343286,8.54015,8.540141
250759.14,0.019316198,0.6596866,37000.0,151467.33,149824.05,149824.06,0.7491672,10.343075,8.540152,8.540149
250759.14,0.020378,0.6239131,37000.0,151467.33,149824.05,149824.05,0.7491672,10.34347,8.540152,8.54015
250759.14,0.018968774,0.6964838,37000.0,151467.38,149824.06,149824.06,0.7491672,10.3434725,8.54015,8.540142
250759.14,0.020168414,0.7006765,37000.0,151467.4,149824.05,149824.06,0.7491672,10.343333,8.54015,8.540149
250759.14,0.022507653,0.7170562,37000.0,151467.42,149824.06,149824.05,0.7491672,10.343331,8.54015,8.540151
250759.14,0.01930249,0.70689154,37000.0,151467.36,149824.05,149824.06,0.7491672,10.34339,8.54015,8.54016
250759.14,0.017565286,0.63171494,37000.0,151467.36,149824.08,149824.06,0.7491672,10.343201,8.540151,8.540147
250759.14,0.019086318,0.661923,37000.0,151467.38,149824.06,149824.05,0.7491672,10.343347,8.54015,8.540144
250759.14,0.019608459,0.7679955,37000.0,151467.38,149824.06,149824.05,0.7491672,10.3433695,8.540149,8.540145
250759.14,0.019319367,0.676498,37000.0,151467.4,149824.03,149824.05,0.7491672,10.343352,8.54015,8.540174
250759.14,0.019289479,0.7293023,37000.0,151467.39,149824.06,149824.06,0.7491672,10.343326,8.54015,8.540158
250759.14,0.016626272,0.7343197,37000.0,151467.39,149824.06,149824.06,0.7491672,10.343328,8.54015,8.5401745
250759.14,0.021579223,0.7065736,37000.0,151467.38,149824.06,149824.06,0.7491672,10.343267,8.540151,8.540149
250759.14,0.020437509,0.73684144,37000.0,151467.4,149824.05,149824.05,0.7491672,10.343587,8.54015,8.54015
250759.14,0.01973523,0.5814736,37000.0,151467.36,149824.05,149824.05,0.7491672,10.343084,8.540153,8.540146
250759.14,0.018128382,0.6617395,37000.0,151467.31,149824.03,149824.05,0.7491672,10.34329,8.540151,8.54014
250759.14,0.018450923,0.7910442,37000.0,151467.36,149824.06,149824.05,0.7491672,10.343293,8.540149,8.540146
250759.14,0.020496435,0.78573436,37000.0,151467.42,149824.05,149824.03,0.7491672,10.343499,8.540149,8.540151
250759.14,0.02001833,0.6408945,37000.0,151467.38,149824.05,149824.05,0.7491672,10.343028,8.540151,8.54015
250759.14,0.017579786,0.7260295,37000.0,151467.34,149824.03,149824.05,0.7491672,10.343169,8.54015,8.540151
250759.14,0.01734427,0.6124902,37000.0,151467.33,149824.05,149824.03,0.7491672,10.343619,8.540151,8.54015
250759.14,0.019415183,0.7959122,37000.0,151467.38,149824.05,149824.06,0.7491672,10.343444,8.540149,8.540149
250759.14,0.018425036,0.72569066,37000.0,151467.42,149824.05,149824.05,0.7491672,10.343784,8.54015,8.540146
250759.14,0.02073383,0.61561334,37000.0,151467.44,149824.05,149824.08,0.7491672,10.3435335,8.540151,8.540145
250759.14,0.021897672,0.57304263,37000.0,151467.39,149824.05,149824.05,0.7491672,10.343502,8.540151,8.540149
250759.14,0.019733615,0.6030329,37000.0,151467.36,149824.08,149824.08,0.7491672,10.343285,8.540152,8.540152
250759.14,0.017492224,0.7060649,37000.0,151467.34,149824.08,149824.06,0.7491672,10.343391,8.540151,8.540151
250759.14,0.017985005,0.7748556,37000.0,151467.38,149824.05,149824.06,0.7491672,10.343415,8.540149,8.540147
250759.14,0.016651599,0.65163344,37000.0,151467.47,149824.06,149824.08,0.7491672,10.343785,8.540152,8.540149
250759.14,0.016694056,0.59206235,37000.0,151467.36,149824.06,149824.06,0.7491672,10.34341,8.540152,8.54015
250759.14,0.020109907,0.616503,37000.0,151467.4,149824.06,149824.05,0.7491672,10.343484,8.540152,8.540153
250759.14,0.02120583,0.6128991,37000.0,151467.36,149824.05,149824.06,0.7491672,10.343361,8.540153,8.540153
250759.14,0.020935368,0.6787912,37000.0,151467.38,149824.06,149824.06,0.7491672,10.343344,8.54015,8.540142
250759.14,0.02018895,0.6289142,37000.0,151467.31,149824.06,149824.06,0.7491672,10.343412,8.540151,8.540127
250759.14,0.019098232,0.7312556,37000.0,151467.4,149824.06,149824.06,0.7491672,10.343175,8.54015,8.540146
250759.14,0.018873647,0.5893443,37000.0,151467.45,149824.03,149824.03,0.7491672,10.343712,8.540152,8.540146
250759.14,0.02118354,0.5790204,37000.0,151467.36,149824.03,149824.05,0.7491672,10.343408,8.540153,8.540149
250759.14,0.018769883,0.66591054,37000.0,151467.4,149824.06,149824.02,0.7491672,10.343254,8.540151,8.540151
250759.14,0.020167172,0.61581045,37000.0,151467.38,149824.03,149824.05,0.7491672,10.34352,8.540152,8.540154
250759.14,0.018372964,0.7538869,37000.0,151467.39,149824.05,149824.06,0.7491672,10.343141,8.54015,8.540142
250759.14,0.01979489,0.6543722,37000.0,151467.42,149824.06,149824.06,0.7491672,10.34372,8.540151,8.540102
250759.14,0.020016715,0.5919903,37000.0,151467.36,149824.05,149824.05,0.7491672,10.343419,8.540151,8.540155
250759.14,0.021223214,0.62808305,37000.0,151467.39,149824.08,149824.05,0.7491672,10.343226,8.540151,8.540147
250759.14,0.01975969,0.75081205,37000.0,151467.42,149824.06,149824.03,0.7491672,10.343294,8.54015,8.540152
250759.14,0.019039908,0.6786699,37000.0,151467.39,149824.05,149824.05,0.7491672,10.343442,8.540151,8.540151
250759.14,0.020071395,0.74109685,37000.0,151467.38,149824.06,149824.06,0.7491672,10.3432865,8.54015,8.540141
250759.14,0.018407995,0.59928536,37000.0,151467.42,149824.05,149824.05,0.7491672,10.343392,8.540152,8.540145
250759.14,0.019342821,0.77954304,37000.0,151467.4,149824.06,149824.06,0.7491672,10.343448,8.540149,8.540145
250759.14,0.021796472,0.63565207,37000.0,151467.39,149824.05,149824.06,0.7491672,10.3435335,8.540152,8.540141
250759.14,0.019286772,0.61603683,37000.0,151467.38,149824.05,149824.06,0.7491672,10.343358,8.540152,8.540144
250759.14,0.02078019,0.62121946,37000.0,151467.39,149824.05,149824.05,0.7491672,10.343234,8.540152,8.540143
250759.14,0.020647695,0.6270253,37000.0,151467.42,149824.03,149824.05,0.7491672,10.343424,8.540151,8.540144
250759.14,0.017717358,0.6123901,37000.0,151467.39,149824.06,149824.06,0.7491672,10.343396,8.540152,8.540143
250759.14,0.020007886,0.6870173,37000.0,151467.4,149824.06,149824.03,0.7491672,10.343596,8.540152,8.540145
250759.14,0.019638905,0.59173,37000.0,151467.36,149824.06,149824.05,0.7491672,10.343324,8.540153,8.540143
250759.14,0.020273611,0.7135162,37000.0,151467.36,149824.06,149824.05,0.7491672,10.3432865,8.54015,8.54014
250759.14,0.02239007,0.5781942,37000.0,151467.4,149824.02,149824.06,0.7491672,10.3433275,8.540152,8.540144
250759.14,0.0242628,0.6731399,37000.0,151467.4,149824.06,149824.05,0.7491672,10.34313,8.540151,8.540142
250759.14,0.020107731,0.70056945,37000.0,151467.4,149824.03,149824.05,0.7491672,10.34341,8.54015,8.54014
250759.14,0.019712323,0.69932526,37000.0,151467.36,149824.08,149824.06,0.7491672,10.343703,8.540151,8.540142
250759.14,0.01768008,0.7295076,37000.0,151467.38,149824.05,149824.05,0.7491672,10.343372,8.54015,8.540143
250759.14,0.020986117,0.62658,37000.0,151467.4,149824.05,149824.06,0.7491672,10.343559,8.540151,8.540141
250759.14,0.022066528,0.6916683,37000.0,151467.39,149824.06,149824.05,0.7491672,10.343572,8.54015,8.540141
250759.14,0.02076529,0.6978654,37000.0,151467.4,149824.08,149824.08,0.7491672,10.343253,8.540149,8.540141
250759.14,0.018056402,0.7234523,37000.0,151467.38,149824.08,149824.06,0.7491672,10.343302,8.540149,8.54014
250759.14,0.018984068,0.66346014,37000.0,151467.4,149824.06,149824.08,0.7491672,10.343242,8.54015,8.54014
250759.14,0.01721622,0.6758061,37000.0,151467.4,149824.06,149824.08,0.7491672,10.343414,8.540149,8.540142
250759.14,0.02032771,0.6045324,37000.0,151467.44,149824.05,149824.05,0.7491672,10.343349,8.54015,8.540142
250759.14,0.020645123,0.57559896,37000.0,151467.4,149824.06,149824.06,0.7491672,10.343395,8.540151,8.540138
250759.14,0.018639974,0.62549937,37000.0,151467.39,149824.08,149824.08,0.7491672,10.343185,8.54015,8.540141
