snr_gt,snr_raw,snr_denoised,frequency_hz_true,frequency_hz_raw,frequency_hz_denoised,frequency_hz_signal,amplitude_true,amplitude_raw,amplitude_denoised,amplitude_signal
1.7974057e+25,0.9055375,0.08330998,310000.0,151467.4,149824.05,149824.05,18.959988,10.343467,8.54014,8.540153
1.7974057e+25,0.8929267,0.09966649,310000.0,151467.42,149824.05,149824.03,18.959988,10.343457,8.540147,8.5401535
1.7974057e+25,0.93072474,0.08475178,310000.0,151467.4,149824.06,149824.05,18.959988,10.343505,8.540152,8.5401535
1.7974057e+25,0.9409382,0.089628145,310000.0,151467.39,149824.05,149824.03,18.959988,10.34341,8.540157,8.540153
1.7974057e+25,0.8956532,0.08522309,310000.0,151467.45,149824.06,149824.05,18.959988,10.343457,8.540153,8.5401535
1.7974057e+25,0.91381377,0.10449752,310000.0,151467.42,149824.05,149824.06,18.959988,10.343474,8.540162,8.5401535
1.7974057e+25,0.8974831,0.08988476,310000.0,151467.34,149824.05,149824.05,18.959988,10.343511,8.540156,8.5401535
1.7974057e+25,0.91957116,0.09788968,310000.0,151467.38,149824.06,149824.06,18.959988,10.343284,8.540154,8.5401535
1.7974057e+25,0.9280569,0.07974207,310000.0,151467.4,149824.06,149824.05,18.959988,10.3434725,8.540164,8.5401535
1.7974057e+25,0.92530245,0.08337904,310000.0,151467.39,149824.05,149824.03,18.959988,10.34345,8.540163,8.5401535
1.7974057e+25,0.95581895,0.09592693,310000.0,151467.38,149824.06,149824.06,18.959988,10.343337,8.54016,8.5401535
1.7974057e+25,0.88392866,0.09369626,310000.0,151467.36,149824.05,149824.05,18.959988,10.343078,8.540157,8.540153
1.7974057e+25,0.919553,0.11742063,310000.0,151467.39,149824.05,149824.05,18.959988,10.34337,8.540132,8.5401535
1.7974057e+25,0.93161136,0.0839208,310000.0,151467.39,149824.05,149824.05,18.959988,10.343481,8.540087,8.5401535
1.7974057e+25,0.9197804,0.08217673,310000.0,151467.33,149824.06,149824.05,18.959988,10.343107,8.540134,8.5401535
1.7974057e+25,0.9504376,0.10868963,310000.0,151467.36,149824.05,149824.03,18.959988,10.343253,8.540144,8.5401535
1.7974057e+25,0.93463814,0.09571896,310000.0,151467.42,149824.06,149824.03,18.959988,10.343594,8.540144,8.5401535
1.7974057e+25,0.9209152,0.082171336,310000.0,151467.36,149824.06,149824.06,18.959988,10.343354,8.540117,8.5401535
1.7974057e+25,0.9165699,0.08182267,310000.0,151467.34,149824.06,149824.06,18.959988,10.343509,8.540146,8.5401535
1.7974057e+25,0.9358862,0.10845276,310000.0,151467.4,149824.05,149824.05,18.959988,10.343642,8.540141,8.5401535
1.7974057e+25,0.92305946,0.09543265,310000.0,151467.39,149824.05,149824.05,18.959988,10.343572,8.540156,8.5401535
1.7974057e+25,0.97130257,0.1379259,310000.0,151467.36,149824.06,149824.03,18.959988,10.343417,8.540155,8.540153
1.7974057e+25,0.9779419,0.20139478,310000.0,151467.4,149824.08,149824.05,18.959988,10.3433895,8.540159,8.5401535
1.7974057e+25,0.9518482,0.113033965,310000.0,151467.36,149824.05,149824.03,18.959988,10.343224,8.540148,8.540153
1.7974057e+25,0.93859804,0.1558757,310000.0,151467.39,149824.03,149824.05,18.959988,10.343334,8.540128,8.540153
1.7974057e+25,0.90479773,0.110294655,310000.0,151467.36,149824.08,149824.06,18.959988,10.343423,8.540134,8.5401535
1.7974057e+25,0.92476654,0.11218108,310000.0,151467.38,149824.06,149824.05,18.959988,10.343421,8.540098,8.5401535
1.7974057e+25,0.9582496,0.1154769,310000.0,151467.38,149824.06,149824.05,18.959988,10.343321,8.540157,8.5401535
1.7974057e+25,0.9073047,0.08633474,310000.0,151467.38,149824.06,149824.05,18.959988,10.343138,8.540154,8.5401535
1.7974057e+25,0.9496824,0.13101281,310000.0,151467.34,149824.06,149824.05,18.959988,10.343318,8.540148,8.5401535
1.7974057e+25,0.96937984,0.14941369,310000.0,151467.42,149824.05,149824.06,18.959988,10.343431,8.540154,8.540153
1.7974057e+25,0.88779527,0.099122785,310000.0,151467.34,149824.06,149824.06,18.959988,10.343144,8.540147,8.5401535
1.7974057e+25,0.8913388,0.10943755,310000.0,151467.34,149824.05,149824.06,18.959988,10.343498,8.540159,8.5401535
1.7974057e+25,0.9279798,0.09149621,310000.0,151467.4,149824.05,149824.06,18.959988,10.343434,8.540173,8.540153
1.7974057e+25,0.907739,0.09900405,310000.0,151467.36,149824.05,149824.03,18.959988,10.343254,8.540151,8.540153
1.7974057e+25,0.9485893,0.16863246,310000.0,151467.45,149824.06,149824.05,18.959988,10.343747,8.540124,8.5401535
1.7974057e+25,0.938696,0.19066024,310000.0,151467.39,149824.06,149824.05,18.959988,10.343365,8.540161,8.540153
1.7974057e+25,0.93866163,0.089732185,310000.0,151467.4,149824.05,149824.05,18.959988,10.343554,8.540148,8.5401535
1.7974057e+25,0.8977346,0.11391214,310000.0,151467.38,149824.05,149824.05,18.959988,10.343389,8.540122,8.540153
1.7974057e+25,0.95136064,0.12758486,310000.0,151467.36,149824.06,149824.05,18.959988,10.343054,8.540148,8.540153
1.7974057e+25,0.9835697,0.18998134,310000.0,151467.36,149824.05,149824.06,18.959988,10.343358,8.540152,8.540153
1.7974057e+25,0.95720965,0.11813748,310000.0,151467.42,149824.05,149824.05,18.959988,10.3435135,8.540149,8.540153
1.7974057e+25,0.9620827,0.12671743,310000.0,151467.38,149824.05,149824.06,18.959988,10.343434,8.540154,8.5401535
1.7974057e+25,0.9210787,0.10046967,310000.0,151467.44,149824.06,149824.05,18.959988,10.34362,8.540162,8.540153
1.7974057e+25,0.9655834,0.13695125,310000.0,151467.36,149824.05,149824.06,18.959988,10.343485,8.540153,8.5401535
1.7974057e+25,0.92602175,0.10907198,310000.0,151467.36,149824.05,149824.05,18.959988,10.343367,8.540177,8.5401535
1.7974057e+25,0.88860005,0.0909484,310000.0,151467.39,149824.06,149824.05,18.959988,10.34367,8.540154,8.540153
1.7974057e+25,0.97724813,0.15739563,310000.0,151467.36,149824.06,149824.05,18.959988,10.34341,8.540153,8.5401535
1.7974057e+25,0.9191335,0.110051215,310000.0,151467.38,149824.03,149824.06,18.959988,10.343387,8.540141,8.5401535
1.7974057e+25,0.90232944,0.11295828,310000.0,151467.39,149824.06,149824.05,18.959988,10.343495,8.540144,8.540152
1.7974057e+25,0.9063596,0.09533791,310000.0,151467.39,149824.06,149824.05,18.959988,10.343387,8.540114,8.540153
1.7974057e+25,0.91517997,0.08174951,310000.0,151467.38,149824.05,149824.05,18.959988,10.3436165,8.540163,8.540153
1.7974057e+25,0.92123604,0.121721596,310000.0,151467.39,149824.03,149824.06,18.959988,10.343237,8.540124,8.5401535
1.7974057e+25,0.9392768,0.10479643,310000.0,151467.38,149824.06,149824.06,18.959988,10.343127,8.540157,8.540153
1.7974057e+25,0.9228718,0.098699264,310000.0,151467.36,149824.05,149824.06,18.959988,10.343261,8.54016,8.5401535
1.7974057e+25,0.9481209,0.13057461,310000.0,151467.38,149824.06,149824.06,18.959988,10.343397,8.540141,8.5401535
1.7974057e+25,0.90469074,0.083752215,310000.0,151467.4,149824.08,149824.06,18.959988,10.3435135,8.540142,8.540153
1.7974057e+25,0.91207045,0.08338637,310000.0,151467.42,149824.05,149824.06,18.959988,10.343639,8.54015,8.5401535
1.7974057e+25,0.9612111,0.11804187,310000.0,151467.38,149824.06,149824.06,18.959988,10.343141,8.540149,8.5401535
1.7974057e+25,0.93567634,0.09895591,310000.0,151467.39,149824.05,149824.06,18.959988,10.343405,8.540146,8.540153
1.7974057e+25,0.9374927,0.10943597,310000.0,151467.38,149824.05,149824.06,18.959988,10.343514,8.540162,8.540153
1.7974057e+25,0.9706929,0.15021077,310000.0,151467.36,149824.06,149824.08,18.959988,10.343386,8.540156,8.54015
1.7974057e+25,0.91354865,0.12490107,310000.0,151467.38,149824.05,149824.05,18.959988,10.34355,8.540147,8.540151
1.7974057e+25,0.95358336,0.13246502,310000.0,151467.42,149824.03,149824.05,18.959988,10.343402,8.540156,8.54015
1.7974057e+25,0.9284942,0.09853237,310000.0,151467.36,149824.05,149824.05,18.959988,10.343232,8.540156,8.540151
1.7974057e+25,0.95629275,0.11751925,310000.0,151467.39,149824.06,149824.06,18.959988,10.343469,8.54015,8.540151
1.7974057e+25,0.91229296,0.08915206,310000.0,151467.38,149824.05,149824.05,18.959988,10.343477,8.540135,8.54015
1.7974057e+25,0.9159234,0.09669236,310000.0,151467.36,149824.08,149824.05,18.959988,10.34308,8.540162,8.54015
1.7974057e+25,0.9763938,0.16386157,310000.0,151467.36,149824.03,149824.03,18.959988,10.343263,8.540142,8.54015
1.7974057e+25,0.98190504,0.17048195,310000.0,151467.36,149824.06,149824.08,18.959988,10.343234,8.540154,8.540151
1.7974057e+25,0.9670735,0.1319075,310000.0,151467.39,149824.05,149824.05,18.959988,10.343474,8.54016,8.540151
1.7974057e+25,0.96576345,0.17872001,310000.0,151467.42,149824.06,149824.05,18.959988,10.343696,8.54015,8.54015
1.7974057e+25,0.9219881,0.081905864,310000.0,151467.36,149824.06,149824.05,18.959988,10.34345,8.540152,8.54015
1.7974057e+25,0.8955141,0.15348898,310000.0,151467.34,149824.06,149824.05,18.959988,10.343084,8.540128,8.540151
1.7974057e+25,0.8983788,0.11080485,310000.0,151467.38,149824.05,149824.06,18.959988,10.343524,8.540127,8.54015
1.7974057e+25,0.9281306,0.09110529,310000.0,151467.31,149824.05,149824.05,18.959988,10.34332,8.540131,8.54015
1.7974057e+25,0.9444904,0.1363577,310000.0,151467.4,149824.06,149824.06,18.959988,10.3435,8.540151,8.540151
1.7974057e+25,0.9166838,0.12072197,310000.0,151467.34,149824.08,149824.08,18.959988,10.342911,8.540144,8.54015
1.7974057e+25,0.96318734,0.11965382,310000.0,151467.38,149824.06,149824.06,18.959988,10.343402,8.540145,8.54015
1.7974057e+25,0.94583714,0.10494022,310000.0,151467.36,149824.05,149824.05,18.959988,10.3434725,8.540141,8.54015
1.7974057e+25,0.90643805,0.09825198,310000.0,151467.33,149824.06,149824.06,18.959988,10.343067,8.540166,8.54015
1.7974057e+25,0.971496,0.15923041,310000.0,151467.4,149824.06,149824.06,18.959988,10.343465,8.54015,8.540151
1.7974057e+25,0.9528947,0.13752024,310000.0,151467.33,149824.06,149824.03,18.959988,10.3432865,8.540151,8.54015
1.7974057e+25,0.92488855,0.104578614,310000.0,151467.39,149824.05,149824.05,18.959988,10.343217,8.54015,8.54015
1.7974057e+25,0.9114967,0.13698038,310000.0,151467.36,149824.05,149824.06,18.959988,10.343468,8.540165,8.540151
1.7974057e+25,0.9303277,0.095157936,310000.0,151467.39,149824.06,149824.06,18.959988,10.343594,8.540111,8.54015
1.7974057e+25,0.900668,0.124615096,310000.0,151467.34,149824.05,149824.05,18.959988,10.343324,8.540108,8.54015
1.7974057e+25,0.95416266,0.14893578,310000.0,151467.36,149824.05,149824.06,18.959988,10.343436,8.540158,8.54015
1.7974057e+25,0.94289947,0.11139031,310000.0,151467.38,149824.05,149824.06,18.959988,10.343323,8.540155,8.540151
1.7974057e+25,0.9128315,0.101226635,310000.0,151467.36,149824.06,149824.06,18.959988,10.343521,8.540148,8.54015
1.7974057e+25,0.89543813,0.09657978,310000.0,151467.38,149824.06,149824.06,18.959988,10.343469,8.540163,8.540151
1.7974057e+25,0.9548068,0.12132542,310000.0,151467.4,149824.05,149824.05,18.959988,10.343507,8.540139,8.540151
1.7974057e+25,0.9526333,0.11891941,310000.0,151467.44,149824.03,149824.06,18.959988,10.343448,8.54016,8.540151
1.7974057e+25,0.9406541,0.093082905,310000.0,151467.39,149824.05,149824.03,18.959988,10.343077,8.540139,8.54015
1.7974057e+25,0.9588536,0.11500895,310000.0,151467.34,149824.03,149824.03,18.959988,10.343104,8.540156,8.54015
1.7974057e+25,0.92539334,0.107368916,310000.0,151467.28,149824.05,149824.05,18.959988,10.342869,8.540141,8.54015
1.7974057e+25,0.9310168,0.09215928,310000.0,151467.42,149824.05,149824.05,18.959988,10.34354,8.5401535,8.540151
1.7974057e+25,0.910368,0.09235795,310000.0,151467.4,149824.06,149824.06,18.959988,10.343112,8.540124,8.54015
1.7974057e+25,0.9216303,0.14498423,310000.0,151467.4,149824.05,149824.08,18.959988,10.343424,8.540129,8.54015
1.7974057e+25,0.9543713,0.18212844,310000.0,151467.38,149824.05,149824.06,18.959988,10.343318,8.540116,8.540151
1.7974057e+25,0.92459244,0.17645796,310000.0,151467.38,149824.06,149824.06,18.959988,10.343218,8.540145,8.54015
1.7974057e+25,0.9809436,0.17376007,310000.0,151467.39,149824.03,149824.05,18.959988,10.343359,8.540147,8.54015
1.7974057e+25,0.9671565,0.13772745,310000.0,151467.36,149824.05,149824.06,18.959988,10.343425,8.540147,8.54015
1.7974057e+25,0.95665425,0.14186701,310000.0,151467.36,149824.08,149824.05,18.959988,10.34294,8.540139,8.54015
1.7974057e+25,0.9366012,0.14252228,310000.0,151467.4,149824.05,149824.03,18.959988,10.343519,8.540151,8.540151
1.7974057e+25,0.93121994,0.11627556,310000.0,151467.36,149824.05,149824.06,18.959988,10.343179,8.540128,8.54015
1.7974057e+25,0.9386904,0.16727813,310000.0,151467.36,149824.05,149824.08,18.959988,10.343473,8.540166,8.54015
1.7974057e+25,0.95105726,0.10133143,310000.0,151467.38,149824.05,149824.05,18.959988,10.343131,8.540131,8.540151
1.7974057e+25,0.92737234,0.08604021,310000.0,151467.34,149824.05,149824.05,18.959988,10.343245,8.540167,8.54015
1.7974057e+25,0.96532136,0.12101434,310000.0,151467.33,149824.05,149824.06,18.959988,10.343301,8.540156,8.540151
1.7974057e+25,0.94279164,0.097838596,310000.0,151467.44,149824.05,149824.06,18.959988,10.343751,8.540164,8.54015
1.7974057e+25,0.95145017,0.1474902,310000.0,151467.36,149824.06,149824.06,18.959988,10.343336,8.540138,8.54015
1.7974057e+25,0.93658906,0.15759206,310000.0,151467.34,149824.06,149824.06,18.959988,10.343309,8.5401125,8.54015
1.7974057e+25,0.93481725,0.13069841,310000.0,151467.4,149824.05,149824.06,18.959988,10.343612,8.54016,8.54015
1.7974057e+25,0.95912963,0.22042005,310000.0,151467.34,149824.05,149824.05,18.959988,10.343462,8.540138,8.540151
1.7974057e+25,0.95165765,0.17905466,310000.0,151467.36,149824.06,149824.03,18.959988,10.343144,8.540172,8.54015
1.7974057e+25,0.9448148,0.17155063,310000.0,151467.39,149824.06,149824.06,18.959988,10.3435755,8.540146,8.540151
1.7974057e+25,0.9671818,0.1842776,310000.0,151467.39,149824.03,149824.05,18.959988,10.343252,8.540184,8.540151
1.7974057e+25,0.9575989,0.12378632,310000.0,151467.34,149824.06,149824.05,18.959988,10.343359,8.540147,8.540151
1.7974057e+25,0.9360479,0.12302191,310000.0,151467.39,149824.03,149824.06,18.959988,10.343536,8.54014,8.54015
1.7974057e+25,0.9273797,0.17000313,310000.0,151467.38,149824.06,149824.05,18.959988,10.34329,8.540155,8.54015
1.7974057e+25,0.9211473,0.13121992,310000.0,151467.39,149824.03,149824.05,18.959988,10.34337,8.540174,8.54015
1.7974057e+25,0.9638475,0.12299794,310000.0,151467.42,149824.06,149824.06,18.959988,10.343234,8.540149,8.54015
1.7974057e+25,0.93970144,0.17015159,310000.0,151467.38,149824.05,149824.06,18.959988,10.3435545,8.540079,8.540149
1.7974057e+25,0.922167,0.12635235,310000.0,151467.34,149824.05,149824.05,18.959988,10.343158,8.540177,8.54015
1.7974057e+25,0.96901846,0.13184503,310000.0,151467.42,149824.06,149824.05,18.959988,10.343569,8.540139,8.54015
1.7974057e+25,0.9307612,0.087536044,310000.0,151467.4,149824.05,149824.05,18.959988,10.343344,8.540104,8.540151
1.7974057e+25,0.9451612,0.1404177,310000.0,151467.36,149824.05,149824.06,18.959988,10.343325,8.540148,8.540151
1.7974057e+25,0.95506847,0.14226358,310000.0,151467.31,149824.05,149824.05,18.959988,10.342972,8.540149,8.540149
1.7974057e+25,0.9821518,0.19449618,310000.0,151467.38,149824.05,149824.06,18.959988,10.343398,8.540154,8.54015
1.7974057e+25,0.92284024,0.14162898,310000.0,151467.36,149824.06,149824.05,18.959988,10.343162,8.540135,8.540151
1.7974057e+25,0.9337657,0.17085567,310000.0,151467.39,149824.05,149824.05,18.959988,10.34335,8.5401325,8.540151
1.7974057e+25,0.94706345,0.14412598,310000.0,151467.4,149824.05,149824.06,18.959988,10.343711,8.5401535,8.54015
1.7974057e+25,0.94402045,0.113222785,310000.0,151467.38,149824.06,149824.06,18.959988,10.343605,8.540154,8.54015
1.7974057e+25,0.93580127,0.11143711,310000.0,151467.38,149824.05,149824.05,18.959988,10.34324,8.540175,8.540151
1.7974057e+25,0.93423486,0.112198494,310000.0,151467.38,149824.03,149824.05,18.959988,10.343426,8.540183,8.540151
1.7974057e+25,0.9181523,0.112349994,310000.0,151467.39,149824.05,149824.05,18.959988,10.343737,8.540145,8.54015
1.7974057e+25,0.9110073,0.107396886,310000.0,151467.36,149824.06,149824.08,18.959988,10.343147,8.540157,8.540151
1.7974057e+25,0.91539806,0.121853806,310000.0,151467.39,149824.06,149824.05,18.959988,10.343557,8.540129,8.54015
1.7974057e+25,0.9265501,0.08986526,310000.0,151467.38,149824.06,149824.06,18.959988,10.343105,8.540159,8.54015
1.7974057e+25,0.9711997,0.1641478,310000.0,151467.34,149824.06,149824.03,18.959988,10.343337,8.540153,8.540151
1.7974057e+25,0.91030246,0.08513246,310000.0,151467.36,149824.06,149824.08,18.959988,10.343372,8.540145,8.54015
1.7974057e+25,0.94706017,0.11288703,310000.0,151467.42,149824.06,149824.05,18.959988,10.343451,8.540139,8.54015
1.7974057e+25,0.9416502,0.13611111,310000.0,151467.38,149824.06,149824.06,18.959988,10.34325,8.540137,8.54015
1.7974057e+25,0.9349141,0.10115196,310000.0,151467.34,149824.06,149824.05,18.959988,10.34345,8.540145,8.54015
1.7974057e+25,0.92216873,0.116739005,310000.0,151467.34,149824.06,149824.06,18.959988,10.343336,8.540135,8.540151
1.7974057e+25,0.914068,0.09044998,310000.0,151467.36,149824.05,149824.06,18.959988,10.343361,8.540147,8.54015
1.7974057e+25,0.9571761,0.11927255,310000.0,151467.38,149824.05,149824.05,18.959988,10.343335,8.540148,8.54015
1.7974057e+25,0.9490119,0.13871704,310000.0,151467.38,149824.05,149824.06,18.959988,10.343394,8.540163,8.54015
1.7974057e+25,0.95329505,0.13638489,310000.0,151467.39,149824.03,149824.06,18.959988,10.343453,8.540162,8.54015
1.7974057e+25,0.92919666,0.111010134,310000.0,151467.38,149824.03,149824.06,18.959988,10.343584,8.540137,8.54015
1.7974057e+25,0.8888394,0.11889738,310000.0,151467.4,149824.05,149824.08,18.959988,10.343936,8.540142,8.54015
1.7974057e+25,0.91219515,0.13293135,310000.0,151467.34,149824.06,149824.05,18.959988,10.343084,8.540156,8.54015
1.7974057e+25,0.9677725,0.13089149,310000.0,151467.38,149824.08,149824.06,18.959988,10.34337,8.540153,8.540151
1.7974057e+25,0.93305147,0.085850686,310000.0,151467.39,149824.08,149824.06,18.959988,10.343571,8.540156,8.54015
1.7974057e+25,0.9489591,0.113692656,310000.0,151467.38,149824.05,149824.05,18.959988,10.3433895,8.540157,8.54015
1.7974057e+25,0.93447363,0.12540284,310000.0,151467.36,149824.05,149824.03,18.959988,10.343323,8.540155,8.54015
1.7974057e+25,0.9660501,0.13650165,310000.0,151467.39,149824.05,149824.03,18.959988,10.343617,8.540148,8.54015
1.7974057e+25,0.947425,0.14627175,310000.0,151467.39,149824.06,149824.03,18.959988,10.34386,8.540149,8.54015
1.7974057e+25,0.947684,0.14010112,310000.0,151467.4,149824.05,149824.05,18.959988,10.343313,8.540158,8.54015
1.7974057e+25,0.9314823,0.08804178,310000.0,151467.38,149824.05,149824.06,18.959988,10.343438,8.540147,8.54015
1.7974057e+25,0.9201815,0.0977686,310000.0,151467.4,149824.08,149824.06,18.959988,10.34319,8.54015,8.54015
1.7974057e+25,0.96592087,0.11397174,310000.0,151467.34,149824.06,149824.05,18.959988,10.343282,8.540148,8.54015
1.7974057e+25,0.9212911,0.08229876,310000.0,151467.42,149824.06,149824.05,18.959988,10.343561,8.540145,8.54015
1.7974057e+25,0.94548446,0.10764381,310000.0,151467.42,149824.06,149824.03,18.959988,10.343741,8.54014,8.540151
1.7974057e+25,0.96728575,0.14792837,310000.0,151467.42,149824.06,149824.05,18.959988,10.343622,8.540153,8.54015
1.7974057e+25,0.9149293,0.12295107,310000.0,151467.39,149824.06,149824.03,18.959988,10.343301,8.540164,8.54015
1.7974057e+25,0.92225647,0.082327515,310000.0,151467.36,149824.06,149824.03,18.959988,10.343323,8.540141,8.540151
1.7974057e+25,0.92610395,0.09214075,310000.0,151467.34,149824.06,149824.03,18.959988,10.343553,8.540155,8.540151
1.7974057e+25,0.9142087,0.0964885,310000.0,151467.34,149824.06,149824.06,18.959988,10.34323,8.5401325,8.540151
1.7974057e+25,0.96020395,0.123773865,310000.0,151467.33,149824.05,149824.05,18.959988,10.343248,8.54014,8.540151
1.7974057e+25,0.92105937,0.12702948,310000.0,151467.4,149824.06,149824.06,18.959988,10.343531,8.540155,8.54015
1.7974057e+25,0.9098173,0.09700279,310000.0,151467.4,149824.05,149824.05,18.959988,10.343587,8.540114,8.54015
1.7974057e+25,0.91587293,0.087677665,310000.0,151467.34,149824.06,149824.03,18.959988,10.343213,8.540163,8.54015
1.7974057e+25,0.90583044,0.11216509,310000.0,151467.39,149824.08,149824.06,18.959988,10.343378,8.540134,8.540151
1.7974057e+25,0.89988786,0.085338324,310000.0,151467.39,149824.06,149824.06,18.959988,10.343558,8.54013,8.54015
1.7974057e+25,0.9367338,0.120407194,310000.0,151467.4,149824.06,149824.05,18.959988,10.343377,8.540127,8.540151
1.7974057e+25,0.9188627,0.08425618,310000.0,151467.36,149824.06,149824.06,18.959988,10.343329,8.540153,8.540151
1.7974057e+25,0.99373984,0.22130714,310000.0,151467.38,149824.08,149824.06,18.959988,10.343475,8.540149,8.54015
1.7974057e+25,0.9270463,0.116602905,310000.0,151467.4,149824.05,149824.03,18.959988,10.343743,8.540148,8.540151
1.7974057e+25,0.96601146,0.11469885,310000.0,151467.39,149824.06,149824.05,18.959988,10.343418,8.540138,8.540151
1.7974057e+25,0.9309566,0.0960873,310000.0,151467.4,149824.06,149824.06,18.959988,10.343374,8.540188,8.540151
1.7974057e+25,0.92291605,0.107635036,310000.0,151467.36,149824.06,149824.03,18.959988,10.343056,8.540129,8.540151
1.7974057e+25,0.9333059,0.08796705,310000.0,151467.38,149824.06,149824.03,18.959988,10.343192,8.540151,8.540151
1.7974057e+25,0.9277762,0.10426274,310000.0,151467.42,149824.03,149824.06,18.959988,10.343287,8.540141,8.540151
1.7974057e+25,0.88136744,0.08447551,310000.0,151467.33,149824.05,149824.06,18.959988,10.34321,8.540161,8.540152
1.7974057e+25,0.91400594,0.114036284,310000.0,151467.36,149824.06,149824.08,18.959988,10.343585,8.540122,8.54015
1.7974057e+25,0.92837155,0.104429245,310000.0,151467.34,149824.06,149824.06,18.959988,10.343352,8.540115,8.54015
1.7974057e+25,0.9177509,0.08626063,310000.0,151467.36,149824.05,149824.05,18.959988,10.343195,8.540176,8.540151
1.7974057e+25,0.90980935,0.08414176,310000.0,151467.44,149824.06,149824.05,18.959988,10.343574,8.540109,8.540151
1.7974057e+25,0.9181917,0.10624462,310000.0,151467.45,149824.06,149824.06,18.959988,10.343835,8.540157,8.540151
1.7974057e+25,0.9294307,0.13146171,310000.0,151467.36,149824.05,149824.06,18.959988,10.34308,8.540151,8.540151
1.7974057e+25,0.91350824,0.14452888,310000.0,151467.39,149824.06,149824.06,18.959988,10.343622,8.54013,8.540151
1.7974057e+25,0.91711086,0.13088988,310000.0,151467.38,149824.05,149824.06,18.959988,10.343209,8.540142,8.540151
1.7974057e+25,0.9075033,0.0874386,310000.0,151467.39,149824.06,149824.06,18.959988,10.343069,8.540148,8.540151
1.7974057e+25,0.96209884,0.14818758,310000.0,151467.38,149824.03,149824.08,18.959988,10.343482,8.540144,8.540151
1.7974057e+25,0.9445213,0.12520564,310000.0,151467.39,149824.06,149824.06,18.959988,10.343489,8.540109,8.540151
1.7974057e+25,0.9388837,0.11139329,310000.0,151467.4,149824.06,149824.06,18.959988,10.343785,8.540149,8.540151
1.7974057e+25,0.97310317,0.17110868,310000.0,151467.39,149824.05,149824.05,18.959988,10.343492,8.540155,8.540151
1.7974057e+25,0.91084045,0.09472993,310000.0,151467.42,149824.06,149824.06,18.959988,10.343447,8.540175,8.54015
1.7974057e+25,0.9164816,0.08687169,310000.0,151467.34,149824.05,149824.06,18.959988,10.343082,8.540166,8.540151
1.7974057e+25,0.9448291,0.09593616,310000.0,151467.39,149824.05,149824.06,18.959988,10.343285,8.540161,8.540151
1.7974057e+25,0.9520857,0.10533345,310000.0,151467.39,149824.05,149824.06,18.959988,10.343217,8.540149,8.54015
1.7974057e+25,0.9506799,0.105741926,310000.0,151467.36,149824.05,149824.05,18.959988,10.343132,8.540155,8.540151
1.7974057e+25,0.9557417,0.12708455,310000.0,151467.38,149824.06,149824.05,18.959988,10.343549,8.540151,8.540151
1.7974057e+25,0.89658386,0.09449755,310000.0,151467.4,149824.06,149824.06,18.959988,10.34333,8.540158,8.540151
1.7974057e+25,0.9376068,0.09837984,310000.0,151467.34,149824.06,149824.05,18.959988,10.343022,8.540166,8.540151
1.7974057e+25,0.96025866,0.14464009,310000.0,151467.44,149824.06,149824.06,18.959988,10.343624,8.540148,8.54015
1.7974057e+25,0.92794335,0.09986087,310000.0,151467.38,149824.06,149824.06,18.959988,10.343365,8.540172,8.540151
1.7974057e+25,0.9301339,0.0871296,310000.0,151467.33,149824.08,149824.06,18.959988,10.343048,8.540167,8.540151
1.7974057e+25,0.8956371,0.09692506,310000.0,151467.38,149824.08,149824.05,18.959988,10.343486,8.540134,8.540151
1.7974057e+25,0.94383717,0.10238119,310000.0,151467.42,149824.06,149824.06,18.959988,10.34341,8.540147,8.540151
1.7974057e+25,0.9096075,0.084861994,310000.0,151467.33,149824.06,149824.08,18.959988,10.343065,8.540118,8.540151
1.7974057e+25,0.93245167,0.12087202,310000.0,151467.42,149824.08,149824.05,18.959988,10.343341,8.54016,8.54015
1.7974057e+25,0.919526,0.09109018,310000.0,151467.38,149824.05,149824.06,18.959988,10.343256,8.540167,8.540151
1.7974057e+25,0.904855,0.103208765,310000.0,151467.36,149824.08,149824.06,18.959988,10.343267,8.540135,8.540151
1.7974057e+25,0.9438761,0.09068568,310000.0,151467.38,149824.05,149824.05,18.959988,10.343371,8.540165,8.540152
1.7974057e+25,0.9307366,0.09680719,310000.0,151467.36,149824.06,149824.06,18.959988,10.34334,8.540166,8.540151
1.7974057e+25,0.90585583,0.090393886,310000.0,151467.34,149824.05,149824.06,18.959988,10.343211,8.540123,8.54015
1.7974057e+25,0.91753346,0.11211839,310000.0,151467.34,149824.03,149824.06,18.959988,10.343474,8.540115,8.54015
1.7974057e+25,0.92487174,0.08587237,310000.0,151467.36,149824.03,149824.06,18.959988,10.343114,8.540148,8.540152
1.7974057e+25,0.9122332,0.12055303,310000.0,151467.39,149824.05,149824.05,18.959988,10.3434,8.54015,8.54015
1.7974057e+25,0.9036007,0.08586999,310000.0,151467.39,149824.05,149824.08,18.959988,10.343275,8.540158,8.540151
1.7974057e+25,0.9561243,0.12773977,310000.0,151467.38,149824.06,149824.08,18.959988,10.343358,8.540144,8.540151
1.7974057e+25,0.9104329,0.10809033,310000.0,151467.34,149824.06,149824.06,18.959988,10.343263,8.54017,8.540151
1.7974057e+25,0.91934854,0.10339041,310000.0,151467.4,149824.06,149824.06,18.959988,10.343372,8.540161,8.540151
1.7974057e+25,0.93763953,0.11370379,310000.0,151467.38,149824.03,149824.06,18.959988,10.343311,8.54017,8.540151
1.7974057e+25,0.9185393,0.08490369,310000.0,151467.36,149824.06,149824.05,18.959988,10.343262,8.540185,8.54015
1.7974057e+25,0.9605162,0.116821416,310000.0,151467.44,149824.08,149824.05,18.959988,10.343571,8.540145,8.540151
1.7974057e+25,0.93272257,0.0868282,310000.0,151467.4,149824.03,149824.06,18.959988,10.343528,8.5401325,8.540151
1.7974057e+25,0.9616221,0.114885435,310000.0,151467.38,149824.06,149824.05,18.959988,10.343603,8.540144,8.540151
1.7974057e+25,0.91945624,0.0838104,310000.0,151467.4,149824.06,149824.06,18.959988,10.343591,8.5401325,8.540151
1.7974057e+25,0.92356575,0.08658785,310000.0,151467.34,149824.05,149824.06,18.959988,10.343215,8.540119,8.540151
1.7974057e+25,0.9363921,0.09197635,310000.0,151467.38,149824.05,149824.08,18.959988,10.343361,8.540155,8.540151
1.7974057e+25,0.9056078,0.093975715,310000.0,151467.42,149824.08,149824.06,18.959988,10.343528,8.54014,8.540151
1.7974057e+25,0.92785895,0.104164235,310000.0,151467.38,149824.06,149824.06,18.959988,10.343379,8.540145,8.540151
1.7974057e+25,0.8852051,0.100861944,310000.0,151467.39,149824.06,149824.06,18.959988,10.343538,8.540144,8.540151
1.7974057e+25,0.91202575,0.085445754,310000.0,151467.39,149824.05,149824.06,18.959988,10.343533,8.540148,8.54015
1.7974057e+25,0.9045501,0.08614547,310000.0,151467.38,149824.05,149824.06,18.959988,10.34323,8.540162,8.540151
1.7974057e+25,0.90719897,0.087335676,310000.0,151467.33,149824.06,149824.06,18.959988,10.343051,8.540161,8.540151
1.7974057e+25,0.8962299,0.09201051,310000.0,151467.39,149824.05,149824.06,18.959988,10.343142,8.54016,8.540151
1.7974057e+25,0.8964157,0.08960826,310000.0,151467.42,149824.03,149824.06,18.959988,10.343592,8.540176,8.540151
1.7974057e+25,0.90060306,0.107149564,310000.0,151467.44,149824.06,149824.06,18.959988,10.343784,8.540162,8.540151
1.7974057e+25,0.9373737,0.13682309,310000.0,151467.36,149824.03,149824.08,18.959988,10.342951,8.540148,8.540151
1.7974057e+25,0.9303701,0.10825664,310000.0,151467.39,149824.06,149824.06,18.959988,10.343555,8.540172,8.540151
1.7974057e+25,0.95672673,0.116935626,310000.0,151467.39,149824.08,149824.06,18.959988,10.343564,8.540142,8.540151
1.7974057e+25,0.90071946,0.101344205,310000.0,151467.42,149824.08,149824.05,18.959988,10.343317,8.540166,8.54015
1.7974057e+25,0.92125756,0.08620688,310000.0,151467.36,149824.05,149824.06,18.959988,10.343542,8.540129,8.540151
1.7974057e+25,0.92192185,0.090052344,310000.0,151467.34,149824.06,149824.05,18.959988,10.343086,8.540163,8.54015
1.7974057e+25,0.93240917,0.101544395,310000.0,151467.36,149824.05,149824.06,18.959988,10.343163,8.540159,8.540151
1.7974057e+25,0.92104286,0.08867142,310000.0,151467.39,149824.06,149824.05,18.959988,10.34341,8.540125,8.54015
1.7974057e+25,0.9152794,0.088191144,310000.0,151467.42,149824.03,149824.11,18.959988,10.343694,8.540141,8.540151
1.7974057e+25,0.9176768,0.08686664,310000.0,151467.44,149824.05,149824.06,18.959988,10.343863,8.540144,8.540151
1.7974057e+25,0.96946436,0.11748596,310000.0,151467.39,149824.06,149824.06,18.959988,10.343408,8.540155,8.540151
1.7974057e+25,0.93512374,0.09091394,310000.0,151467.34,149824.05,149824.05,18.959988,10.343263,8.540167,8.540151
1.7974057e+25,0.970198,0.15285726,310000.0,151467.36,149824.03,149824.05,18.959988,10.343051,8.540147,8.540151
1.7974057e+25,0.9265857,0.08781409,310000.0,151467.42,149824.06,149824.06,18.959988,10.343656,8.54013,8.540151
1.7974057e+25,0.9227908,0.08687858,310000.0,151467.38,149824.05,149824.05,18.959988,10.343565,8.540135,8.540151
1.7974057e+25,0.928228,0.0875053,310000.0,151467.38,149824.03,149824.05,18.959988,10.3433695,8.540122,8.54015
1.7974057e+25,0.9441833,0.13055733,310000.0,151467.3,149824.06,149824.06,18.959988,10.343323,8.540157,8.540151
1.7974057e+25,0.94810146,0.16099098,310000.0,151467.38,149824.05,149824.05,18.959988,10.343323,8.540137,8.540151
1.7974057e+25,0.9614761,0.1392781,310000.0,151467.4,149824.06,149824.06,18.959988,10.343366,8.5401535,8.54015
1.7974057e+25,0.95718306,0.124014035,310000.0,151467.36,149824.05,149824.06,18.959988,10.343274,8.540144,8.540151
1.7974057e+25,0.95381254,0.1355562,310000.0,151467.38,149824.05,149824.06,18.959988,10.343106,8.540149,8.540151
1.7974057e+25,0.9264172,0.094224595,310000.0,151467.34,149824.06,149824.03,18.959988,10.342996,8.540148,8.54015
1.7974057e+25,0.9304185,0.08981459,310000.0,151467.42,149824.03,149824.06,18.959988,10.343648,8.540128,8.54015
1.7974057e+25,0.9079956,0.08623221,310000.0,151467.34,149824.06,149824.06,18.959988,10.343423,8.540189,8.54015
1.7974057e+25,0.9150726,0.08557475,310000.0,151467.4,149824.08,149824.06,18.959988,10.343427,8.540168,8.540151
1.7974057e+25,0.91045177,0.09255533,310000.0,151467.4,149824.06,149824.08,18.959988,10.343459,8.540109,8.540151
1.7974057e+25,0.9049599,0.09432208,310000.0,151467.44,149824.05,149824.06,18.959988,10.34375,8.540144,8.54015
1.7974057e+25,0.9415869,0.10883537,310000.0,151467.38,149824.05,149824.05,18.959988,10.343384,8.540157,8.540151
1.7974057e+25,0.9481018,0.11237106,310000.0,151467.39,149824.05,149824.05,18.959988,10.34319,8.540149,8.54015
1.7974057e+25,0.9147529,0.08447503,310000.0,151467.38,149824.05,149824.06,18.959988,10.343696,8.540131,8.540151
1.7974057e+25,0.93540114,0.08764898,310000.0,151467.38,149824.03,149824.05,18.959988,10.343376,8.540174,8.540151
1.7974057e+25,0.919096,0.10791518,310000.0,151467.39,149824.05,149824.05,18.959988,10.343676,8.540116,8.54015
1.7974057e+25,0.9104051,0.105735935,310000.0,151467.39,149824.03,149824.03,18.959988,10.343104,8.540152,8.540151
1.7974057e+25,0.9059369,0.08777935,310000.0,151467.36,149824.06,149824.05,18.959988,10.343232,8.540149,8.540152
1.7974057e+25,0.9113378,0.09256845,310000.0,151467.42,149824.06,149824.06,18.959988,10.34369,8.540151,8.540152
1.7974057e+25,0.88360107,0.09011648,310000.0,151467.39,149824.06,149824.05,18.959988,10.343483,8.540151,8.540151
1.7974057e+25,0.9084817,0.0881633,310000.0,151467.38,149824.05,149824.05,18.959988,10.343238,8.540113,8.540152
1.7974057e+25,0.9124169,0.098932266,310000.0,151467.38,149824.06,149824.05,18.959988,10.343536,8.540148,8.540151
1.7974057e+25,0.9232815,0.09322645,310000.0,151467.38,149824.05,149824.08,18.959988,10.343455,8.540154,8.540152
1.7974057e+25,0.9743779,0.14494103,310000.0,151467.4,149824.05,149824.05,18.959988,10.343489,8.540142,8.540151
1.7974057e+25,0.95666707,0.10451934,310000.0,151467.38,149824.05,149824.06,18.959988,10.343415,8.540168,8.540152
1.7974057e+25,0.93796444,0.0927212,310000.0,151467.36,149824.06,149824.05,18.959988,10.343232,8.540144,8.540153
1.7974057e+25,0.9339237,0.0877676,310000.0,151467.33,149824.05,149824.06,18.959988,10.34305,8.5401535,8.540152
1.7974057e+25,0.8995302,0.10173852,310000.0,151467.39,149824.08,149824.06,18.959988,10.343651,8.540177,8.540152
1.7974057e+25,0.92679894,0.08776279,310000.0,151467.31,149824.05,149824.05,18.959988,10.343416,8.540129,8.540151
1.7974057e+25,0.9554369,0.10195189,310000.0,151467.39,149824.05,149824.05,18.959988,10.343273,8.540151,8.540152
1.7974057e+25,0.9300742,0.09325759,310000.0,151467.34,149824.05,149824.05,18.959988,10.343366,8.540142,8.540151
1.7974057e+25,0.93800944,0.09572,310000.0,151467.4,149824.06,149824.05,18.959988,10.343561,8.540149,8.540152
1.7974057e+25,0.92680275,0.08998641,310000.0,151467.47,149824.05,149824.05,18.959988,10.343803,8.540151,8.540152
1.7974057e+25,0.95241773,0.10787879,310000.0,151467.39,149824.06,149824.06,18.959988,10.343217,8.540142,8.540152
1.7974057e+25,0.93523824,0.13609895,310000.0,151467.38,149824.06,149824.05,18.959988,10.343305,8.540122,8.540152
1.7974057e+25,0.9670493,0.122407556,310000.0,151467.39,149824.06,149824.05,18.959988,10.343475,8.540152,8.540153
1.7974057e+25,0.9248345,0.08846326,310000.0,151467.44,149824.06,149824.05,18.959988,10.3437395,8.540116,8.540152
1.7974057e+25,0.95727843,0.1496761,310000.0,151467.38,149824.06,149824.05,18.959988,10.343419,8.540125,8.540153
1.7974057e+25,0.926137,0.11253847,310000.0,151467.42,149824.05,149824.05,18.959988,10.343487,8.54015,8.540152
1.7974057e+25,0.9248159,0.08928462,310000.0,151467.38,149824.05,149824.05,18.959988,10.343373,8.540148,8.540153
1.7974057e+25,0.9394672,0.09530735,310000.0,151467.34,149824.08,149824.05,18.959988,10.343427,8.540171,8.540151
1.7974057e+25,0.9305061,0.089110516,310000.0,151467.38,149824.06,149824.05,18.959988,10.343369,8.540172,8.540152
1.7974057e+25,0.9007273,0.10773062,310000.0,151467.38,149824.06,149824.03,18.959988,10.343586,8.540116,8.540151
1.7974057e+25,0.9517464,0.10635635,310000.0,151467.44,149824.05,149824.05,18.959988,10.343695,8.54016,8.540152
1.7974057e+25,0.93675274,0.09646884,310000.0,151467.36,149824.06,149824.03,18.959988,10.343368,8.540157,8.540151
1.7974057e+25,0.9253019,0.09195216,310000.0,151467.39,149824.05,149824.03,18.959988,10.343358,8.540139,8.540152
1.7974057e+25,0.9230858,0.08845353,310000.0,151467.39,149824.06,149824.06,18.959988,10.343559,8.540153,8.540152
1.7974057e+25,0.9206327,0.08941748,310000.0,151467.31,149824.08,149824.06,18.959988,10.34285,8.540141,8.540153
1.7974057e+25,0.92179334,0.088516556,310000.0,151467.4,149824.06,149824.05,18.959988,10.343613,8.540161,8.540153
1.7974057e+25,0.9312923,0.089587726,310000.0,151467.42,149824.05,149824.05,18.959988,10.343845,8.540165,8.540152
1.7974057e+25,0.92156255,0.089142144,310000.0,151467.4,149824.05,149824.05,18.959988,10.343531,8.540154,8.540152
1.7974057e+25,0.9315492,0.089411825,310000.0,151467.38,149824.05,149824.05,18.959988,10.34327,8.540163,8.540152
1.7974057e+25,0.94148076,0.08774187,310000.0,151467.42,149824.06,149824.03,18.959988,10.343642,8.540151,8.540152
1.7974057e+25,0.9389456,0.10994095,310000.0,151467.42,149824.03,149824.05,18.959988,10.343661,8.540155,8.540153
1.7974057e+25,0.9307695,0.08955291,310000.0,151467.38,149824.06,149824.05,18.959988,10.34321,8.540137,8.540152
1.7974057e+25,0.90074307,0.09585716,310000.0,151467.4,149824.03,149824.05,18.959988,10.343321,8.540096,8.540152
1.7974057e+25,0.92461985,0.08991269,310000.0,151467.38,149824.06,149824.03,18.959988,10.343367,8.540135,8.540151
1.7974057e+25,0.9304071,0.08734878,310000.0,151467.44,149824.06,149824.05,18.959988,10.343571,8.540181,8.540152
1.7974057e+25,0.9342247,0.097506665,310000.0,151467.36,149824.06,149824.05,18.959988,10.343303,8.540139,8.540152
1.7974057e+25,0.9118155,0.08881983,310000.0,151467.36,149824.05,149824.03,18.959988,10.343183,8.540156,8.540152
1.7974057e+25,0.9160735,0.08976168,310000.0,151467.34,149824.05,149824.06,18.959988,10.343145,8.5401325,8.540152
1.7974057e+25,0.9285533,0.08869607,310000.0,151467.38,149824.02,149824.05,18.959988,10.343387,8.540161,8.540151
1.7974057e+25,0.9107827,0.0885578,310000.0,151467.39,149824.06,149824.06,18.959988,10.343317,8.540115,8.540152
1.7974057e+25,0.90544623,0.10668645,310000.0,151467.34,149824.06,149824.03,18.959988,10.343202,8.540116,8.540153
1.7974057e+25,0.92437917,0.08961923,310000.0,151467.39,149824.05,149824.05,18.959988,10.343119,8.540137,8.540152
1.7974057e+25,0.92451733,0.0876664,310000.0,151467.38,149824.05,149824.06,18.959988,10.343501,8.540127,8.540152
1.7974057e+25,0.92060775,0.09086992,310000.0,151467.4,149824.05,149824.06,18.959988,10.343465,8.540143,8.540152
1.7974057e+25,0.92328644,0.09000481,310000.0,151467.34,149824.08,149824.06,18.959988,10.343199,8.540151,8.540152
1.7974057e+25,0.9355537,0.09192844,310000.0,151467.4,149824.05,149824.05,18.959988,10.343554,8.540146,8.540152
1.7974057e+25,0.9322341,0.093855456,310000.0,151467.38,149824.03,149824.05,18.959988,10.343161,8.540112,8.540152
1.7974057e+25,0.93345857,0.091091596,310000.0,151467.42,149824.05,149824.05,18.959988,10.343356,8.540152,8.540152
1.7974057e+25,0.9266114,0.08923863,310000.0,151467.38,149824.06,149824.05,18.959988,10.343621,8.540147,8.540152
1.7974057e+25,0.9025027,0.099281676,310000.0,151467.36,149824.06,149824.06,18.959988,10.343545,8.5401125,8.540153
1.7974057e+25,0.9262489,0.08782287,310000.0,151467.36,149824.08,149824.08,18.959988,10.343298,8.540157,8.540152
1.7974057e+25,0.9691069,0.12436276,310000.0,151467.39,149824.05,149824.06,18.959988,10.343278,8.540149,8.540152
1.7974057e+25,0.9362977,0.09038922,310000.0,151467.39,149824.05,149824.05,18.959988,10.343183,8.540129,8.540152
1.7974057e+25,0.89752346,0.08636855,310000.0,151467.38,149824.05,149824.05,18.959988,10.343334,8.540121,8.540152
1.7974057e+25,0.91194147,0.087599285,310000.0,151467.36,149824.06,149824.03,18.959988,10.343116,8.540148,8.540152
1.7974057e+25,0.9313778,0.08348712,310000.0,151467.36,149824.03,149824.05,18.959988,10.343275,8.540162,8.540152
1.7974057e+25,0.9426883,0.08976146,310000.0,151467.4,149824.05,149824.05,18.959988,10.34376,8.540145,8.540152
1.7974057e+25,0.93590164,0.089291535,310000.0,151467.44,149824.06,149824.05,18.959988,10.34368,8.540129,8.540152
1.7974057e+25,0.9338797,0.08698311,310000.0,151467.4,149824.06,149824.03,18.959988,10.343593,8.540131,8.540152
1.7974057e+25,0.91827554,0.088987745,310000.0,151467.39,149824.06,149824.05,18.959988,10.343317,8.540154,8.540152
1.7974057e+25,0.929184,0.09063869,310000.0,151467.38,149824.05,149824.05,18.959988,10.343515,8.540167,8.540153
1.7974057e+25,0.91472083,0.09997399,310000.0,151467.38,149824.06,149824.05,18.959988,10.3433895,8.540123,8.540153
1.7974057e+25,0.9276293,0.097409464,310000.0,151467.31,149824.05,149824.05,18.959988,10.343236,8.5401535,8.540152
1.7974057e+25,0.9251418,0.08927232,310000.0,151467.34,149824.05,149824.05,18.959988,10.3433,8.540139,8.540153
1.7974057e+25,0.9356519,0.09613828,310000.0,151467.39,149824.06,149824.03,18.959988,10.343472,8.540143,8.540152
1.7974057e+25,0.93455637,0.08933149,310000.0,151467.4,149824.08,149824.06,18.959988,10.343467,8.540144,8.540152
1.7974057e+25,0.93697935,0.098855026,310000.0,151467.39,149824.03,149824.06,18.959988,10.343509,8.540131,8.540153
1.7974057e+25,0.9078476,0.09252778,310000.0,151467.34,149824.06,149824.05,18.959988,10.343122,8.54016,8.540152
1.7974057e+25,0.9111494,0.088812,310000.0,151467.4,149824.03,149824.05,18.959988,10.343502,8.540124,8.540152
1.7974057e+25,0.88970375,0.10372661,310000.0,151467.4,149824.05,149824.06,18.959988,10.343702,8.540126,8.540153
1.7974057e+25,0.9296238,0.0892692,310000.0,151467.34,149824.06,149824.03,18.959988,10.343206,8.540145,8.540151
1.7974057e+25,0.9383102,0.09321114,310000.0,151467.34,149824.06,149824.06,18.959988,10.343204,8.540136,8.540152
1.7974057e+25,0.92959076,0.08998383,310000.0,151467.34,149824.06,149824.06,18.959988,10.343261,8.540148,8.540152
1.7974057e+25,0.9380958,0.09076529,310000.0,151467.36,149824.08,149824.06,18.959988,10.343471,8.5401535,8.540152
1.7974057e+25,0.9041546,0.09412442,310000.0,151467.31,149824.06,149824.05,18.959988,10.34318,8.540156,8.540151
1.7974057e+25,0.907936,0.0970416,310000.0,151467.38,149824.05,149824.03,18.959988,10.343751,8.540139,8.540152
1.7974057e+25,0.93197304,0.08921145,310000.0,151467.34,149824.05,149824.03,18.959988,10.34308,8.54013,8.540152
1.7974057e+25,0.9188587,0.0898779,310000.0,151467.39,149824.05,149824.05,18.959988,10.343497,8.54017,8.540152
1.7974057e+25,0.9258562,0.08758077,310000.0,151467.31,149824.03,149824.06,18.959988,10.343326,8.540162,8.540152
1.7974057e+25,0.9306318,0.09288357,310000.0,151467.4,149824.05,149824.05,18.959988,10.343518,8.540127,8.540152
1.7974057e+25,0.93081987,0.092027605,310000.0,151467.34,149824.05,149824.03,18.959988,10.342963,8.540117,8.540152
1.7974057e+25,0.9204489,0.089707404,310000.0,151467.4,149824.05,149824.05,18.959988,10.343482,8.540161,8.540153
1.7974057e+25,0.93433076,0.08799506,310000.0,151467.38,149824.06,149824.05,18.959988,10.343408,8.540153,8.540152
1.7974057e+25,0.95619583,0.09574133,310000.0,151467.4,149824.05,149824.06,18.959988,10.343397,8.5401325,8.540152
1.7974057e+25,0.92247355,0.08895321,310000.0,151467.38,149824.05,149824.06,18.959988,10.343684,8.540126,8.540151
1.7974057e+25,0.92504066,0.097332284,310000.0,151467.38,149824.03,149824.05,18.959988,10.343266,8.540149,8.540149
1.7974057e+25,0.9202506,0.088753745,310000.0,151467.38,149824.03,149824.03,18.959988,10.343177,8.540122,8.540149
1.7974057e+25,0.91246057,0.08967101,310000.0,151467.39,149824.06,149824.06,18.959988,10.343604,8.540169,8.540148
1.7974057e+25,0.91001374,0.090131655,310000.0,151467.39,149824.08,149824.05,18.959988,10.343526,8.540125,8.540148
1.7974057e+25,0.9063462,0.090805694,310000.0,151467.38,149824.05,149824.05,18.959988,10.343405,8.540156,8.540149
1.7974057e+25,0.9102415,0.09794578,310000.0,151467.39,149824.06,149824.05,18.959988,10.343465,8.540167,8.540148
1.7974057e+25,0.9278206,0.0920777,310000.0,151467.4,149824.03,149824.06,18.959988,10.343738,8.540173,8.540148
1.7974057e+25,0.9441694,0.09958975,310000.0,151467.38,149824.05,149824.05,18.959988,10.34344,8.540144,8.540147
1.7974057e+25,0.9424612,0.08959237,310000.0,151467.31,149824.06,149824.03,18.959988,10.343031,8.540166,8.540149
1.7974057e+25,0.91614294,0.101104,310000.0,151467.4,149824.06,149824.03,18.959988,10.343527,8.540137,8.540148
1.7974057e+25,0.9222892,0.090263516,310000.0,151467.36,149824.03,149824.05,18.959988,10.3432455,8.540149,8.540148
1.7974057e+25,0.9328974,0.09281929,310000.0,151467.36,149824.06,149824.05,18.959988,10.343354,8.540141,8.540147
1.7974057e+25,0.91276586,0.08974473,310000.0,151467.42,149824.06,149824.03,18.959988,10.343665,8.540135,8.540148
1.7974057e+25,0.93436295,0.09227081,310000.0,151467.38,149824.06,149824.05,18.959988,10.343369,8.540112,8.540147
1.7974057e+25,0.9273384,0.09409664,310000.0,151467.39,149824.06,149824.05,18.959988,10.343253,8.540158,8.540149
1.7974057e+25,0.92788243,0.091405496,310000.0,151467.33,149824.06,149824.05,18.959988,10.3431,8.540141,8.540149
1.7974057e+25,0.9329672,0.09350293,310000.0,151467.39,149824.06,149824.06,18.959988,10.343723,8.540139,8.540149
1.7974057e+25,0.93774587,0.10134471,310000.0,151467.4,149824.05,149824.06,18.959988,10.3434305,8.54016,8.540149
1.7974057e+25,0.93909764,0.090283014,310000.0,151467.34,149824.05,149824.06,18.959988,10.343518,8.540172,8.540148
1.7974057e+25,0.91422755,0.09308126,310000.0,151467.4,149824.05,149824.05,18.959988,10.343497,8.540166,8.540148
1.7974057e+25,0.92960066,0.09434524,310000.0,151467.4,149824.08,149824.05,18.959988,10.343196,8.540133,8.540147
1.7974057e+25,0.9101156,0.08991782,310000.0,151467.39,149824.05,149824.05,18.959988,10.343354,8.5401535,8.540148
1.7974057e+25,0.9708935,0.13665146,310000.0,151467.39,149824.05,149824.03,18.959988,10.343363,8.540151,8.540148
1.7974057e+25,0.9310291,0.08972765,310000.0,151467.36,149824.05,149824.1,18.959988,10.34309,8.540158,8.540148
1.7974057e+25,0.93102646,0.093007825,310000.0,151467.34,149824.05,149824.05,18.959988,10.343378,8.540127,8.540149
1.7974057e+25,0.91709524,0.0925421,310000.0,151467.39,149824.05,149824.05,18.959988,10.34337,8.540132,8.540149
1.7974057e+25,0.9344793,0.09023002,310000.0,151467.4,149824.08,149824.06,18.959988,10.343385,8.540166,8.540148
1.7974057e+25,0.9307932,0.0914004,310000.0,151467.38,149824.05,149824.08,18.959988,10.34348,8.540148,8.540149
1.7974057e+25,0.94149864,0.092136756,310000.0,151467.36,149824.06,149824.03,18.959988,10.343511,8.540134,8.540148
1.7974057e+25,0.934947,0.09630297,310000.0,151467.42,149824.06,149824.06,18.959988,10.3437605,8.540146,8.540149
1.7974057e+25,0.93395513,0.08970646,310000.0,151467.4,149824.08,149824.05,18.959988,10.343372,8.540174,8.540148
1.7974057e+25,0.9204983,0.09283641,310000.0,151467.38,149824.05,149824.05,18.959988,10.34317,8.540155,8.540148
1.7974057e+25,0.9344934,0.092619404,310000.0,151467.4,149824.05,149824.05,18.959988,10.343506,8.54013,8.540147
1.7974057e+25,0.9186683,0.09388656,310000.0,151467.36,149824.06,149824.05,18.959988,10.343008,8.540153,8.540148
1.7974057e+25,0.9355242,0.09103795,310000.0,151467.39,149824.05,149824.05,18.959988,10.343065,8.540144,8.540148
1.7974057e+25,0.9210996,0.089533255,310000.0,151467.36,149824.05,149824.05,18.959988,10.343452,8.540141,8.540148
1.7974057e+25,0.931225,0.089112915,310000.0,151467.34,149824.06,149824.05,18.959988,10.343245,8.540134,8.540148
1.7974057e+25,0.9226244,0.09109907,310000.0,151467.39,149824.05,149824.06,18.959988,10.343491,8.540125,8.540149
1.7974057e+25,0.92880017,0.0925165,310000.0,151467.39,149824.06,149824.05,18.959988,10.343593,8.540142,8.540148
1.7974057e+25,0.9218594,0.090795785,310000.0,151467.33,149824.05,149824.05,18.959988,10.343103,8.540132,8.540147
1.7974057e+25,0.93132645,0.09655206,310000.0,151467.4,149824.05,149824.05,18.959988,10.34371,8.540165,8.540148
1.7974057e+25,0.9306386,0.091779314,310000.0,151467.4,149824.03,149824.05,18.959988,10.343641,8.540143,8.540148
1.7974057e+25,0.9337535,0.09130388,310000.0,151467.39,149824.05,149824.05,18.959988,10.343183,8.54013,8.540148
1.7974057e+25,0.9349041,0.09046653,310000.0,151467.36,149824.05,149824.03,18.959988,10.343263,8.540138,8.540149
1.7974057e+25,0.94169384,0.09920667,310000.0,151467.4,149824.03,149824.05,18.959988,10.343254,8.5401535,8.540148
1.7974057e+25,0.9099546,0.09833405,310000.0,151467.45,149824.05,149824.05,18.959988,10.343884,8.540148,8.540148
1.7974057e+25,0.92427,0.09056313,310000.0,151467.38,149824.05,149824.05,18.959988,10.343134,8.540136,8.540149
1.7974057e+25,0.92273784,0.088365376,310000.0,151467.4,149824.08,149824.03,18.959988,10.343319,8.540135,8.540147
1.7974057e+25,0.9434228,0.09010757,310000.0,151467.34,149824.05,149824.06,18.959988,10.343348,8.540104,8.540149
1.7974057e+25,0.9297349,0.09191136,310000.0,151467.42,149824.06,149824.06,18.959988,10.343373,8.540151,8.540148
1.7974057e+25,0.9298198,0.09037085,310000.0,151467.34,149824.03,149824.05,18.959988,10.34329,8.54015,8.540149
1.7974057e+25,0.9322099,0.091270626,310000.0,151467.38,149824.06,149824.05,18.959988,10.343474,8.540127,8.540148
1.7974057e+25,0.93434834,0.090572014,310000.0,151467.4,149824.06,149824.05,18.959988,10.343484,8.540147,8.540149
1.7974057e+25,0.91403383,0.088561445,310000.0,151467.4,149824.05,149824.03,18.959988,10.343798,8.540134,8.540148
1.7974057e+25,0.93419087,0.08916899,310000.0,151467.4,149824.05,149824.05,18.959988,10.343355,8.540125,8.540148
1.7974057e+25,0.9258284,0.08911986,310000.0,151467.4,149824.06,149824.05,18.959988,10.343773,8.540131,8.540148
1.7974057e+25,0.9484873,0.10274117,310000.0,151467.38,149824.06,149824.06,18.959988,10.343398,8.540139,8.540148
1.7974057e+25,0.9370072,0.09169993,310000.0,151467.34,149824.05,149824.05,18.959988,10.34315,8.540151,8.540147
1.7974057e+25,0.9002443,0.095527746,310000.0,151467.4,149824.06,149824.05,18.959988,10.343531,8.540135,8.540147
1.7974057e+25,0.928442,0.09240717,310000.0,151467.34,149824.05,149824.03,18.959988,10.342944,8.5401,8.540148
1.7974057e+25,0.93438023,0.09673247,310000.0,151467.42,149824.06,149824.05,18.959988,10.343536,8.54013,8.540148
1.7974057e+25,0.93211806,0.09109217,310000.0,151467.34,149824.06,149824.03,18.959988,10.343388,8.540126,8.540148
1.7974057e+25,0.9402214,0.09224968,310000.0,151467.4,149824.05,149824.05,18.959988,10.343597,8.540113,8.540148
1.7974057e+25,0.96943676,0.13503283,310000.0,151467.39,149824.06,149824.06,18.959988,10.343416,8.540141,8.540148
1.7974057e+25,0.94192547,0.09221851,310000.0,151467.39,149824.06,149824.03,18.959988,10.343543,8.5401325,8.540149
1.7974057e+25,0.9194854,0.091257036,310000.0,151467.42,149824.05,149824.05,18.959988,10.343631,8.540136,8.540147
1.7974057e+25,0.9572291,0.11754199,310000.0,151467.39,149824.05,149824.05,18.959988,10.343353,8.540149,8.540147
1.7974057e+25,0.9293198,0.08773417,310000.0,151467.4,149824.08,149824.06,18.959988,10.3434725,8.540151,8.540148
1.7974057e+25,0.95161897,0.10673084,310000.0,151467.33,149824.06,149824.03,18.959988,10.342996,8.540144,8.540148
1.7974057e+25,0.9137563,0.08878421,310000.0,151467.38,149824.03,149824.05,18.959988,10.343413,8.540142,8.540149
1.7974057e+25,0.9341278,0.091995955,310000.0,151467.39,149824.06,149824.05,18.959988,10.343613,8.540136,8.540149
1.7974057e+25,0.9206523,0.09107464,310000.0,151467.45,149824.05,149824.03,18.959988,10.343618,8.540141,8.540148
1.7974057e+25,0.92505807,0.09180262,310000.0,151467.45,149824.06,149824.06,18.959988,10.343785,8.540145,8.540148
1.7974057e+25,0.9272114,0.09447926,310000.0,151467.33,149824.05,149824.08,18.959988,10.343075,8.54018,8.540147
1.7974057e+25,0.9641185,0.12054908,310000.0,151467.38,149824.03,149824.06,18.959988,10.343116,8.540154,8.540149
1.7974057e+25,0.9339332,0.09159379,310000.0,151467.42,149824.05,149824.05,18.959988,10.343487,8.540154,8.540148
1.7974057e+25,0.93742824,0.091719024,310000.0,151467.34,149824.05,149824.06,18.959988,10.343122,8.540135,8.540149
1.7974057e+25,0.92839944,0.09208304,310000.0,151467.44,149824.05,149824.05,18.959988,10.343741,8.540117,8.540148
1.7974057e+25,0.95393723,0.11082988,310000.0,151467.4,149824.05,149824.06,18.959988,10.343393,8.540148,8.540148
1.7974057e+25,0.9297292,0.10107903,310000.0,151467.38,149824.05,149824.05,18.959988,10.343434,8.540147,8.540148
1.7974057e+25,0.9288359,0.08989218,310000.0,151467.36,149824.03,149824.03,18.959988,10.343328,8.54017,8.540148
1.7974057e+25,0.93467444,0.093638666,310000.0,151467.38,149824.05,149824.03,18.959988,10.343592,8.540132,8.540148
1.7974057e+25,0.9148283,0.091893554,310000.0,151467.42,149824.05,149824.05,18.959988,10.343501,8.5401745,8.540148
1.7974057e+25,0.94430804,0.10977935,310000.0,151467.38,149824.05,149824.08,18.959988,10.343207,8.540143,8.540148
1.7974057e+25,0.9234581,0.08999499,310000.0,151467.36,149824.05,149824.08,18.959988,10.343086,8.54013,8.540147
1.7974057e+25,0.9328558,0.09936317,310000.0,151467.44,149824.03,149824.05,18.959988,10.343554,8.540155,8.540147
1.7974057e+25,0.91583955,0.091848075,310000.0,151467.42,149824.06,149824.05,18.959988,10.343634,8.540138,8.540148
1.7974057e+25,0.93482083,0.09037134,310000.0,151467.39,149824.03,149824.05,18.959988,10.343369,8.540151,8.540148
1.7974057e+25,0.92523104,0.089253135,310000.0,151467.39,149824.05,149824.05,18.959988,10.3433275,8.540152,8.540147
1.7974057e+25,0.93279326,0.09463762,310000.0,151467.38,149824.08,149824.05,18.959988,10.343259,8.540144,8.540149
1.7974057e+25,0.9405908,0.08953409,310000.0,151467.4,149824.05,149824.05,18.959988,10.343297,8.540103,8.540149
1.7974057e+25,0.9378977,0.0952533,310000.0,151467.4,149824.05,149824.03,18.959988,10.343338,8.540162,8.540148
1.7974057e+25,0.9342112,0.091542676,310000.0,151467.42,149824.05,149824.06,18.959988,10.343334,8.540153,8.540148
1.7974057e+25,0.9360241,0.0894757,310000.0,151467.33,149824.06,149824.03,18.959988,10.343283,8.540132,8.540148
1.7974057e+25,0.9174426,0.09639339,310000.0,151467.39,149824.03,149824.05,18.959988,10.343646,8.540141,8.540148
1.7974057e+25,0.9233209,0.09640606,310000.0,151467.4,149824.06,149824.05,18.959988,10.343397,8.54016,8.540148
1.7974057e+25,0.9178957,0.09075726,310000.0,151467.33,149824.06,149824.05,18.959988,10.343276,8.540172,8.540148
1.7974057e+25,0.9227433,0.09043903,310000.0,151467.42,149824.06,149824.03,18.959988,10.343592,8.540146,8.540148
1.7974057e+25,0.9393509,0.089927286,310000.0,151467.39,149824.03,149824.05,18.959988,10.343502,8.540128,8.540148
1.7974057e+25,0.914523,0.09235654,310000.0,151467.42,149824.05,149824.05,18.959988,10.343585,8.540162,8.540147
1.7974057e+25,0.9436413,0.11285418,310000.0,151467.4,149824.05,149824.03,18.959988,10.343612,8.540172,8.540149
1.7974057e+25,0.93926716,0.093613096,310000.0,151467.39,149824.06,149824.05,18.959988,10.343402,8.540165,8.540147
1.7974057e+25,0.9401037,0.09023545,310000.0,151467.4,149824.05,149824.03,18.959988,10.34337,8.540144,8.540148
1.7974057e+25,0.92498815,0.09219563,310000.0,151467.39,149824.06,149824.03,18.959988,10.343336,8.540119,8.540149
1.7974057e+25,0.93187344,0.09302838,310000.0,151467.38,149824.06,149824.05,18.959988,10.343318,8.540139,8.540149
1.7974057e+25,0.9358474,0.09190534,310000.0,151467.4,149824.05,149824.05,18.959988,10.343696,8.540145,8.540149
1.7974057e+25,0.9115642,0.091781564,310000.0,151467.39,149824.08,149824.05,18.959988,10.343213,8.540158,8.540148
1.7974057e+25,0.9307424,0.090260655,310000.0,151467.42,149824.06,149824.06,18.959988,10.343463,8.540171,8.540149
1.7974057e+25,0.93800265,0.10690848,310000.0,151467.27,149824.05,149824.05,18.959988,10.343067,8.540153,8.540148
1.7974057e+25,0.9245664,0.09148642,310000.0,151467.36,149824.06,149824.05,18.959988,10.343362,8.540135,8.540149
1.7974057e+25,0.92519546,0.0889617,310000.0,151467.38,149824.06,149824.05,18.959988,10.343627,8.540137,8.540149
1.7974057e+25,0.9089121,0.09082359,310000.0,151467.34,149824.05,149824.05,18.959988,10.343107,8.540151,8.540149
1.7974057e+25,0.89406437,0.087786764,310000.0,151467.34,149824.05,149824.08,18.959988,10.343121,8.540154,8.540149
1.7974057e+25,0.89470375,0.09675007,310000.0,151467.42,149824.08,149824.06,18.959988,10.343486,8.540127,8.540148
1.7974057e+25,0.92433745,0.089416154,310000.0,151467.38,149824.05,149824.08,18.959988,10.343412,8.540176,8.54015
1.7974057e+25,0.9305517,0.092988685,310000.0,151467.4,149824.03,149824.06,18.959988,10.343407,8.540168,8.540149
1.7974057e+25,0.9357801,0.09938148,310000.0,151467.38,149824.06,149824.05,18.959988,10.342934,8.540108,8.540149
1.7974057e+25,0.93529415,0.10309753,310000.0,151467.39,149824.05,149824.06,18.959988,10.343312,8.540174,8.540148
1.7974057e+25,0.9085706,0.089248955,310000.0,151467.34,149824.05,149824.06,18.959988,10.343084,8.540157,8.54015
1.7974057e+25,0.93272984,0.09233521,310000.0,151467.36,149824.06,149824.05,18.959988,10.343437,8.540134,8.54015
1.7974057e+25,0.93101656,0.09132546,310000.0,151467.4,149824.06,149824.06,18.959988,10.343293,8.5401325,8.540149
1.7974057e+25,0.9320611,0.09293932,310000.0,151467.39,149824.05,149824.06,18.959988,10.343315,8.540156,8.540149
1.7974057e+25,0.93043244,0.092576586,310000.0,151467.42,149824.08,149824.05,18.959988,10.34357,8.54017,8.540149
1.7974057e+25,0.9362921,0.09364548,310000.0,151467.33,149824.05,149824.05,18.959988,10.343517,8.540169,8.540149
1.7974057e+25,0.9313461,0.09269894,310000.0,151467.38,149824.03,149824.05,18.959988,10.343156,8.540164,8.540149
1.7974057e+25,0.9343817,0.0922781,310000.0,151467.39,149824.05,149824.06,18.959988,10.3435,8.540151,8.54015
1.7974057e+25,0.92432505,0.09412153,310000.0,151467.4,149824.05,149824.06,18.959988,10.343321,8.540153,8.540149
1.7974057e+25,0.9261881,0.09468224,310000.0,151467.4,149824.06,149824.08,18.959988,10.343583,8.540116,8.540149
1.7974057e+25,0.9322069,0.09360734,310000.0,151467.36,149824.08,149824.08,18.959988,10.343303,8.540167,8.540149
1.7974057e+25,0.91620886,0.09401861,310000.0,151467.36,149824.05,149824.06,18.959988,10.343419,8.540149,8.540149
1.7974057e+25,0.89633983,0.102873884,310000.0,151467.39,149824.05,149824.06,18.959988,10.343578,8.540133,8.54015
1.7974057e+25,0.9432738,0.09450163,310000.0,151467.4,149824.05,149824.05,18.959988,10.343254,8.540159,8.540149
1.7974057e+25,0.94046825,0.093870394,310000.0,151467.39,149824.05,149824.03,18.959988,10.343569,8.540153,8.540149
1.7974057e+25,0.8871683,0.09295641,310000.0,151467.36,149824.06,149824.06,18.959988,10.34339,8.540153,8.540149
1.7974057e+25,0.91618645,0.09860132,310000.0,151467.36,149824.03,149824.1,18.959988,10.343188,8.54014,8.540149
1.7974057e+25,0.93715864,0.093494184,310000.0,151467.38,149824.03,149824.1,18.959988,10.343161,8.540138,8.540149
1.7974057e+25,0.89740896,0.09762958,310000.0,151467.4,149824.05,149824.03,18.959988,10.343608,8.540158,8.540149
1.7974057e+25,0.9386662,0.10170196,310000.0,151467.39,149824.06,149824.08,18.959988,10.343293,8.540129,8.540149
1.7974057e+25,0.946657,0.0929776,310000.0,151467.38,149824.06,149824.06,18.959988,10.3431835,8.540169,8.540149
1.7974057e+25,0.9437784,0.09703766,310000.0,151467.36,149824.05,149824.08,18.959988,10.343202,8.540127,8.540148
1.7974057e+25,0.9438198,0.10955989,310000.0,151467.31,149824.05,149824.08,18.959988,10.343121,8.540152,8.540149
1.7974057e+25,0.9298783,0.093654126,310000.0,151467.39,149824.05,149824.05,18.959988,10.343377,8.540134,8.540149
1.7974057e+25,0.91419446,0.092878304,310000.0,151467.44,149824.06,149824.08,18.959988,10.343436,8.54015,8.54015
1.7974057e+25,0.93592715,0.0955847,310000.0,151467.36,149824.05,149824.05,18.959988,10.343199,8.540181,8.540149
1.7974057e+25,0.93615174,0.090552196,310000.0,151467.31,149824.03,149824.06,18.959988,10.343183,8.54017,8.540149
1.7974057e+25,0.9294349,0.093652986,310000.0,151467.36,149824.06,149824.05,18.959988,10.343063,8.54014,8.54015
1.7974057e+25,0.93897575,0.09571918,310000.0,151467.39,149824.06,149824.03,18.959988,10.343581,8.540149,8.540149
1.7974057e+25,0.9402771,0.0934556,310000.0,151467.38,149824.06,149824.08,18.959988,10.343462,8.540165,8.540149
1.7974057e+25,0.9207622,0.09168975,310000.0,151467.4,149824.05,149824.05,18.959988,10.343301,8.5401325,8.540149
1.7974057e+25,0.9352245,0.09221411,310000.0,151467.34,149824.03,149824.02,18.959988,10.343281,8.540096,8.540149
1.7974057e+25,0.9490447,0.09396805,310000.0,151467.42,149824.06,149824.06,18.959988,10.343678,8.540159,8.540149
1.7974057e+25,0.92349195,0.09284178,310000.0,151467.33,149824.05,149824.05,18.959988,10.343243,8.540151,8.540149
1.7974057e+25,0.9346777,0.091281794,310000.0,151467.31,149824.06,149824.05,18.959988,10.343025,8.540152,8.540149
1.7974057e+25,0.91688144,0.09207237,310000.0,151467.38,149824.03,149824.05,18.959988,10.343247,8.540145,8.540149
1.7974057e+25,0.92299706,0.09262375,310000.0,151467.42,149824.05,149824.06,18.959988,10.343574,8.540159,8.540149
1.7974057e+25,0.9208711,0.09260193,310000.0,151467.4,149824.08,149824.08,18.959988,10.343626,8.5401535,8.540149
1.7974057e+25,0.9319198,0.091152325,310000.0,151467.31,149824.05,149824.05,18.959988,10.343153,8.540148,8.540149
1.7974057e+25,0.9085411,0.09011343,310000.0,151467.38,149824.05,149824.06,18.959988,10.343272,8.540133,8.540149
1.7974057e+25,0.92754376,0.09505572,310000.0,151467.4,149824.08,149824.06,18.959988,10.343465,8.540114,8.540149
1.7974057e+25,0.9418108,0.09269291,310000.0,151467.36,149824.05,149824.05,18.959988,10.343488,8.540124,8.540149
1.7974057e+25,0.9430362,0.09436832,310000.0,151467.39,149824.05,149824.06,18.959988,10.343266,8.540124,8.540149
1.7974057e+25,0.9046033,0.087416336,310000.0,151467.39,149824.03,149824.06,18.959988,10.3435335,8.540159,8.54015
1.7974057e+25,0.9352275,0.089858085,310000.0,151467.34,149824.05,149824.05,18.959988,10.343314,8.540147,8.540149
1.7974057e+25,0.9328187,0.088871814,310000.0,151467.33,149824.06,149824.08,18.959988,10.343457,8.540105,8.540149
1.7974057e+25,0.924585,0.091312885,310000.0,151467.38,149824.05,149824.05,18.959988,10.343283,8.540156,8.540149
1.7974057e+25,0.9221893,0.0903889,310000.0,151467.39,149824.05,149824.06,18.959988,10.343243,8.540151,8.540149
1.7974057e+25,0.9327306,0.0924424,310000.0,151467.36,149824.06,149824.06,18.959988,10.343506,8.540121,8.540149
1.7974057e+25,0.943492,0.09573002,310000.0,151467.39,149824.05,149824.06,18.959988,10.343374,8.540143,8.540149
1.7974057e+25,0.9424478,0.09286767,310000.0,151467.38,149824.03,149824.06,18.959988,10.343442,8.540188,8.540149
1.7974057e+25,0.88681775,0.09816901,310000.0,151467.36,149824.03,149824.05,18.959988,10.3431225,8.540138,8.54015
1.7974057e+25,0.92418957,0.08976613,310000.0,151467.4,149824.06,149824.08,18.959988,10.34351,8.540132,8.540149
1.7974057e+25,0.9257082,0.091456056,310000.0,151467.39,149824.05,149824.08,18.959988,10.343611,8.540126,8.540149
1.7974057e+25,0.9090558,0.10351853,310000.0,151467.39,149824.05,149824.06,18.959988,10.343212,8.540136,8.540149
1.7974057e+25,0.92480654,0.09299702,310000.0,151467.36,149824.03,149824.06,18.959988,10.34343,8.540141,8.540149
1.7974057e+25,0.93410814,0.09572666,310000.0,151467.39,149824.06,149824.06,18.959988,10.343467,8.540142,8.54015
1.7974057e+25,0.9331272,0.09247631,310000.0,151467.36,149824.03,149824.06,18.959988,10.343389,8.540109,8.540149
1.7974057e+25,0.9286873,0.094069116,310000.0,151467.38,149824.05,149824.06,18.959988,10.34308,8.540145,8.540149
1.7974057e+25,0.9279995,0.09211264,310000.0,151467.39,149824.06,149824.06,18.959988,10.343539,8.540134,8.540149
1.7974057e+25,0.9490235,0.093713656,310000.0,151467.36,149824.03,149824.08,18.959988,10.343073,8.540163,8.540149
1.7974057e+25,0.93623513,0.093136825,310000.0,151467.4,149824.06,149824.05,18.959988,10.343489,8.540132,8.540149
1.7974057e+25,0.9322226,0.09389725,310000.0,151467.4,149824.08,149824.06,18.959988,10.3436575,8.540129,8.540149
1.7974057e+25,0.93327266,0.09388655,310000.0,151467.42,149824.06,149824.05,18.959988,10.343643,8.540156,8.540149
1.7974057e+25,0.8920647,0.09085069,310000.0,151467.45,149824.06,149824.02,18.959988,10.343739,8.540145,8.540149
1.7974057e+25,0.91229796,0.09104492,310000.0,151467.36,149824.06,149824.05,18.959988,10.343274,8.540128,8.540149
1.7974057e+25,0.9343628,0.09143248,310000.0,151467.38,149824.08,149824.06,18.959988,10.343426,8.540151,8.540148
1.7974057e+25,0.94274473,0.093000166,310000.0,151467.33,149824.05,149824.06,18.959988,10.342919,8.5401535,8.540149
1.7974057e+25,0.92441565,0.09256613,310000.0,151467.42,149824.06,149824.06,18.959988,10.343384,8.540113,8.540149
1.7974057e+25,0.9342442,0.09480264,310000.0,151467.38,149824.05,149824.08,18.959988,10.343263,8.540133,8.54015
1.7974057e+25,0.9462292,0.092373,310000.0,151467.36,149824.05,149824.06,18.959988,10.343271,8.540131,8.540149
1.7974057e+25,0.92833835,0.0925563,310000.0,151467.42,149824.05,149824.08,18.959988,10.343814,8.5401325,8.540149
1.7974057e+25,0.9206425,0.092295036,310000.0,151467.38,149824.06,149824.06,18.959988,10.343307,8.540158,8.540149
1.7974057e+25,0.9170958,0.091081984,310000.0,151467.42,149824.05,149824.06,18.959988,10.343509,8.540151,8.540149
1.7974057e+25,0.92949665,0.090921395,310000.0,151467.39,149824.06,149824.08,18.959988,10.343331,8.540143,8.540149
1.7974057e+25,0.91741055,0.09220684,310000.0,151467.38,149824.05,149824.08,18.959988,10.343539,8.540118,8.54015
1.7974057e+25,0.9257431,0.09319474,310000.0,151467.4,149824.06,149824.06,18.959988,10.343651,8.540133,8.540149
1.7974057e+25,0.93786454,0.09403852,310000.0,151467.38,149824.06,149824.08,18.959988,10.343339,8.540136,8.540149
1.7974057e+25,0.92979205,0.09449982,310000.0,151467.38,149824.06,149824.06,18.959988,10.343438,8.540153,8.540149
1.7974057e+25,0.9214557,0.09234492,310000.0,151467.36,149824.06,149824.06,18.959988,10.343305,8.540149,8.540149
1.7974057e+25,0.9287672,0.092800796,310000.0,151467.39,149824.06,149824.08,18.959988,10.343445,8.540108,8.540149
1.7974057e+25,0.94027245,0.093149364,310000.0,151467.4,149824.05,149824.06,18.959988,10.343593,8.540119,8.540149
1.7974057e+25,0.9182015,0.09110632,310000.0,151467.38,149824.05,149824.06,18.959988,10.34374,8.540143,8.540149
1.7974057e+25,0.93268204,0.08987776,310000.0,151467.38,149824.06,149824.03,18.959988,10.343281,8.540151,8.540149
1.7974057e+25,0.928748,0.088368736,310000.0,151467.36,149824.05,149824.06,18.959988,10.343718,8.540156,8.540149
1.7974057e+25,0.9345161,0.09134662,310000.0,151467.39,149824.06,149824.06,18.959988,10.343247,8.540145,8.540149
1.7974057e+25,0.92652273,0.09277307,310000.0,151467.38,149824.06,149824.06,18.959988,10.343478,8.540142,8.540149
1.7974057e+25,0.940092,0.09510592,310000.0,151467.33,149824.06,149824.06,18.959988,10.343164,8.540144,8.540149
1.7974057e+25,0.9437357,0.09261856,310000.0,151467.38,149824.05,149824.06,18.959988,10.343634,8.540179,8.540149
1.7974057e+25,0.9135831,0.09136956,310000.0,151467.42,149824.05,149824.03,18.959988,10.343253,8.540169,8.540149
1.7974057e+25,0.9234965,0.092305236,310000.0,151467.33,149824.05,149824.08,18.959988,10.342989,8.5401745,8.540149
1.7974057e+25,0.93803257,0.09270979,310000.0,151467.38,149824.05,149824.05,18.959988,10.3433895,8.540169,8.54015
1.7974057e+25,0.93194765,0.094153434,310000.0,151467.39,149824.06,149824.05,18.959988,10.34344,8.540182,8.540149
1.7974057e+25,0.92506224,0.09062059,310000.0,151467.39,149824.08,149824.03,18.959988,10.3435955,8.540164,8.540149
1.7974057e+25,0.9379172,0.09416381,310000.0,151467.42,149824.06,149824.08,18.959988,10.343702,8.540151,8.540149
1.7974057e+25,0.9415996,0.0981137,310000.0,151467.36,149824.03,149824.06,18.959988,10.343203,8.540151,8.540149
1.7974057e+25,0.93734616,0.09012806,310000.0,151467.38,149824.05,149824.05,18.959988,10.3433,8.540155,8.540149
1.7974057e+25,0.93135625,0.09142278,310000.0,151467.34,149824.06,149824.05,18.959988,10.343323,8.540124,8.540148
1.7974057e+25,0.93670154,0.09401192,310000.0,151467.39,149824.05,149824.05,18.959988,10.343376,8.540119,8.540149
1.7974057e+25,0.9366877,0.10309031,310000.0,151467.34,149824.05,149824.03,18.959988,10.34315,8.540123,8.540149
1.7974057e+25,0.92962664,0.093662456,310000.0,151467.33,149824.05,149824.05,18.959988,10.3433695,8.540177,8.540149
1.7974057e+25,0.9333931,0.09171379,310000.0,151467.39,149824.03,149824.06,18.959988,10.343586,8.540155,8.540149
1.7974057e+25,0.92763084,0.0910806,310000.0,151467.38,149824.05,149824.05,18.959988,10.34368,8.540171,8.540148
1.7974057e+25,0.9275013,0.09238462,310000.0,151467.39,149824.06,149824.03,18.959988,10.343488,8.54014,8.540149
1.7974057e+25,0.9299589,0.09368911,310000.0,151467.38,149824.03,149824.06,18.959988,10.343352,8.540165,8.540149
1.7974057e+25,0.95807713,0.094045505,310000.0,151467.33,149824.06,149824.06,18.959988,10.343161,8.54016,8.540148
1.7974057e+25,0.94358367,0.09100721,310000.0,151467.4,149824.06,149824.05,18.959988,10.343318,8.540118,8.540149
1.7974057e+25,0.9279799,0.09220563,310000.0,151467.42,149824.06,149824.06,18.959988,10.343479,8.540149,8.540149
1.7974057e+25,0.9175417,0.09181323,310000.0,151467.38,149824.05,149824.06,18.959988,10.343133,8.540139,8.540148
1.7974057e+25,0.9140536,0.09257727,310000.0,151467.4,149824.05,149824.05,18.959988,10.343563,8.540146,8.540147
1.7974057e+25,0.92188007,0.09011604,310000.0,151467.38,149824.05,149824.06,18.959988,10.343484,8.540151,8.540148
1.7974057e+25,0.91847205,0.09280163,310000.0,151467.38,149824.06,149824.06,18.959988,10.343302,8.540163,8.540146
1.7974057e+25,0.928496,0.09262466,310000.0,151467.33,149824.05,149824.06,18.959988,10.343573,8.540141,8.540148
1.7974057e+25,0.91337603,0.09038033,310000.0,151467.39,149824.05,149824.05,18.959988,10.34349,8.540164,8.540147
1.7974057e+25,0.9147033,0.08872249,310000.0,151467.38,149824.06,149824.05,18.959988,10.343365,8.540151,8.540147
1.7974057e+25,0.9417749,0.09330452,310000.0,151467.4,149824.06,149824.06,18.959988,10.343458,8.540146,8.540147
1.7974057e+25,0.91532815,0.094488055,310000.0,151467.31,149824.06,149824.05,18.959988,10.343134,8.540142,8.540147
1.7974057e+25,0.9361451,0.09500966,310000.0,151467.42,149824.03,149824.06,18.959988,10.343336,8.540151,8.540148
1.7974057e+25,0.9309282,0.09287065,310000.0,151467.4,149824.06,149824.05,18.959988,10.343421,8.540137,8.540146
1.7974057e+25,0.93925387,0.093986645,310000.0,151467.39,149824.03,149824.06,18.959988,10.343369,8.540178,8.540147
1.7974057e+25,0.9480708,0.09402666,310000.0,151467.39,149824.06,149824.05,18.959988,10.343493,8.5401325,8.540147
1.7974057e+25,0.92266846,0.094909996,310000.0,151467.45,149824.06,149824.05,18.959988,10.343533,8.540133,8.540147
1.7974057e+25,0.921341,0.09486399,310000.0,151467.33,149824.05,149824.05,18.959988,10.34307,8.540144,8.540147
1.7974057e+25,0.93855023,0.09588968,310000.0,151467.36,149824.05,149824.05,18.959988,10.343293,8.540126,8.540147
1.7974057e+25,0.93796045,0.09278489,310000.0,151467.36,149824.03,149824.05,18.959988,10.34337,8.54012,8.540147
1.7974057e+25,0.92258555,0.09243131,310000.0,151467.33,149824.06,149824.06,18.959988,10.343142,8.540126,8.540147
1.7974057e+25,0.9443541,0.09707451,310000.0,151467.38,149824.03,149824.05,18.959988,10.343534,8.540133,8.540147
1.7974057e+25,0.9332881,0.09585551,310000.0,151467.39,149824.05,149824.06,18.959988,10.343328,8.540121,8.540147
1.7974057e+25,0.91411453,0.09286837,310000.0,151467.4,149824.05,149824.05,18.959988,10.343331,8.5401325,8.540147
1.7974057e+25,0.9267128,0.09460518,310000.0,151467.31,149824.05,149824.06,18.959988,10.3431835,8.540119,8.540146
1.7974057e+25,0.95820075,0.09389211,310000.0,151467.4,149824.06,149824.05,18.959988,10.343648,8.540149,8.540147
1.7974057e+25,0.93582165,0.09309542,310000.0,151467.38,149824.06,149824.05,18.959988,10.343375,8.540147,8.540147
1.7974057e+25,0.9487217,0.091113314,310000.0,151467.4,149824.05,149824.06,18.959988,10.343579,8.540175,8.540147
1.7974057e+25,0.945811,0.09453934,310000.0,151467.42,149824.06,149824.05,18.959988,10.343636,8.540143,8.540148
1.7974057e+25,0.95197463,0.09678635,310000.0,151467.39,149824.05,149824.03,18.959988,10.3432665,8.54013,8.540146
1.7974057e+25,0.93163526,0.09263366,310000.0,151467.38,149824.06,149824.05,18.959988,10.3435135,8.540118,8.540147
1.7974057e+25,0.91380674,0.09357221,310000.0,151467.39,149824.05,149824.06,18.959988,10.343703,8.540139,8.540147
1.7974057e+25,0.9236762,0.09409752,310000.0,151467.39,149824.05,149824.05,18.959988,10.343548,8.540154,8.540147
1.7974057e+25,0.9217601,0.094663955,310000.0,151467.42,149824.05,149824.05,18.959988,10.343822,8.540147,8.540146
1.7974057e+25,0.9352925,0.09504571,310000.0,151467.34,149824.03,149824.06,18.959988,10.343304,8.540143,8.540146
1.7974057e+25,0.92033815,0.095522,310000.0,151467.34,149824.05,149824.05,18.959988,10.34348,8.540148,8.540148
1.7974057e+25,0.9286466,0.092400655,310000.0,151467.39,149824.05,149824.08,18.959988,10.343434,8.540151,8.540147
1.7974057e+25,0.9324829,0.0941066,310000.0,151467.34,149824.06,149824.06,18.959988,10.343138,8.540114,8.540146
1.7974057e+25,0.9217356,0.09289812,310000.0,151467.38,149824.06,149824.06,18.959988,10.34321,8.540131,8.540148
1.7974057e+25,0.94014585,0.09338075,310000.0,151467.39,149824.03,149824.05,18.959988,10.343284,8.540137,8.540147
1.7974057e+25,0.9312959,0.093586594,310000.0,151467.36,149824.06,149824.03,18.959988,10.343094,8.540143,8.540146
1.7974057e+25,0.94287133,0.093956016,310000.0,151467.39,149824.06,149824.06,18.959988,10.343464,8.540145,8.540148
1.7974057e+25,0.93391603,0.09426369,310000.0,151467.38,149824.06,149824.05,18.959988,10.343108,8.540117,8.540147
1.7974057e+25,0.94245803,0.09482522,310000.0,151467.39,149824.05,149824.06,18.959988,10.343254,8.540139,8.540147
1.7974057e+25,0.930312,0.094819486,310000.0,151467.36,149824.05,149824.05,18.959988,10.343359,8.54017,8.540147
1.7974057e+25,0.9338114,0.09344397,310000.0,151467.39,149824.06,149824.06,18.959988,10.343348,8.54016,8.540148
1.7974057e+25,0.9395968,0.09499615,310000.0,151467.33,149824.06,149824.03,18.959988,10.34329,8.540154,8.540146
1.7974057e+25,0.94164234,0.09321739,310000.0,151467.33,149824.05,149824.05,18.959988,10.343354,8.540163,8.540146
1.7974057e+25,0.9282419,0.09544086,310000.0,151467.39,149824.05,149824.06,18.959988,10.343239,8.5401535,8.540146
1.7974057e+25,0.93232405,0.09295267,310000.0,151467.4,149824.05,149824.05,18.959988,10.343268,8.540157,8.540147
1.7974057e+25,0.93029696,0.09459003,310000.0,151467.38,149824.03,149824.06,18.959988,10.343579,8.540147,8.540147
1.7974057e+25,0.9311168,0.09494566,310000.0,151467.31,149824.05,149824.06,18.959988,10.343554,8.540135,8.540147
1.7974057e+25,0.9483356,0.09981317,310000.0,151467.39,149824.06,149824.05,18.959988,10.343324,8.540157,8.540147
1.7974057e+25,0.9284786,0.09400459,310000.0,151467.44,149824.06,149824.06,18.959988,10.343543,8.540137,8.540147
1.7974057e+25,0.93893903,0.09925005,310000.0,151467.39,149824.06,149824.06,18.959988,10.34339,8.540165,8.540147
1.7974057e+25,0.9317758,0.096499026,310000.0,151467.36,149824.06,149824.05,18.959988,10.3434925,8.54014,8.540147
1.7974057e+25,0.92323524,0.09222389,310000.0,151467.39,149824.02,149824.05,18.959988,10.343179,8.540146,8.540147
1.7974057e+25,0.94140464,0.09517347,310000.0,151467.31,149824.08,149824.08,18.959988,10.342937,8.540121,8.540148
1.7974057e+25,0.9208989,0.09229318,310000.0,151467.38,149824.06,149824.03,18.959988,10.3433275,8.540151,8.540147
1.7974057e+25,0.9254639,0.094861716,310000.0,151467.38,149824.06,149824.05,18.959988,10.343341,8.540121,8.540147
1.7974057e+25,0.9342151,0.09331418,310000.0,151467.39,149824.05,149824.05,18.959988,10.343404,8.540144,8.540147
1.7974057e+25,0.93749344,0.09417485,310000.0,151467.4,149824.08,149824.05,18.959988,10.343429,8.540147,8.540147
1.7974057e+25,0.924282,0.09474617,310000.0,151467.42,149824.06,149824.06,18.959988,10.3437805,8.540138,8.540148
1.7974057e+25,0.9357983,0.09544983,310000.0,151467.36,149824.05,149824.05,18.959988,10.343216,8.540111,8.540147
1.7974057e+25,0.94708633,0.09562173,310000.0,151467.38,149824.05,149824.05,18.959988,10.343746,8.540165,8.540147
1.7974057e+25,0.9378879,0.09498916,310000.0,151467.38,149824.06,149824.06,18.959988,10.34349,8.540167,8.540147
1.7974057e+25,0.9349991,0.09394993,310000.0,151467.4,149824.06,149824.06,18.959988,10.343611,8.540178,8.540147
1.7974057e+25,0.9271336,0.09525389,310000.0,151467.38,149824.05,149824.06,18.959988,10.343197,8.540167,8.540147
1.7974057e+25,0.93663734,0.095703036,310000.0,151467.36,149824.06,149824.05,18.959988,10.343286,8.540135,8.540147
1.7974057e+25,0.93906087,0.10066103,310000.0,151467.36,149824.06,149824.06,18.959988,10.343367,8.540153,8.540147
1.7974057e+25,0.9459162,0.0959205,310000.0,151467.39,149824.06,149824.06,18.959988,10.343551,8.540155,8.540147
1.7974057e+25,0.9217849,0.094175026,310000.0,151467.34,149824.05,149824.06,18.959988,10.343474,8.540126,8.540147
1.7974057e+25,0.9252326,0.09475988,310000.0,151467.4,149824.05,149824.06,18.959988,10.343392,8.540167,8.540147
1.7974057e+25,0.9147725,0.09198026,310000.0,151467.42,149824.05,149824.05,18.959988,10.343708,8.540177,8.540147
1.7974057e+25,0.9271375,0.093896605,310000.0,151467.4,149824.06,149824.05,18.959988,10.343559,8.540137,8.540147
1.7974057e+25,0.9458168,0.094667144,310000.0,151467.42,149824.05,149824.05,18.959988,10.343803,8.540153,8.540146
1.7974057e+25,0.92219263,0.099928066,310000.0,151467.36,149824.05,149824.06,18.959988,10.342985,8.540146,8.540147
1.7974057e+25,0.9162987,0.10259631,310000.0,151467.39,149824.06,149824.06,18.959988,10.3434105,8.540145,8.540147
1.7974057e+25,0.91113085,0.10221471,310000.0,151467.4,149824.08,149824.03,18.959988,10.343627,8.540151,8.540147
1.7974057e+25,0.92350185,0.09162632,310000.0,151467.38,149824.08,149824.06,18.959988,10.343438,8.540157,8.540147
1.7974057e+25,0.920223,0.09882528,310000.0,151467.39,149824.06,149824.03,18.959988,10.343395,8.540153,8.540146
1.7974057e+25,0.89703214,0.103530884,310000.0,151467.38,149824.03,149824.05,18.959988,10.343374,8.540167,8.540147
1.7974057e+25,0.9420576,0.095598266,310000.0,151467.38,149824.06,149824.05,18.959988,10.343757,8.540138,8.540147
1.7974057e+25,0.9314949,0.094679885,310000.0,151467.39,149824.06,149824.06,18.959988,10.343705,8.540108,8.540148
1.7974057e+25,0.92678887,0.09449146,310000.0,151467.4,149824.06,149824.05,18.959988,10.343543,8.5401325,8.540147
1.7974057e+25,0.92987007,0.09248587,310000.0,151467.36,149824.06,149824.05,18.959988,10.343266,8.540138,8.540147
1.7974057e+25,0.9206484,0.09490427,310000.0,151467.4,149824.03,149824.05,18.959988,10.343863,8.540143,8.540147
1.7974057e+25,0.9261366,0.092632174,310000.0,151467.4,149824.08,149824.05,18.959988,10.343499,8.540145,8.540147
1.7974057e+25,0.916887,0.09111177,310000.0,151467.4,149824.05,149824.05,18.959988,10.343422,8.540162,8.540147
1.7974057e+25,0.9403127,0.09537031,310000.0,151467.4,149824.05,149824.05,18.959988,10.343715,8.540128,8.540147
1.7974057e+25,0.9379907,0.093404256,310000.0,151467.38,149824.05,149824.05,18.959988,10.343284,8.540143,8.540147
1.7974057e+25,0.9441284,0.094363734,310000.0,151467.39,149824.08,149824.06,18.959988,10.343816,8.540141,8.540148
1.7974057e+25,0.9422747,0.09395015,310000.0,151467.34,149824.03,149824.06,18.959988,10.343313,8.5401535,8.540147
1.7974057e+25,0.93243206,0.093763486,310000.0,151467.38,149824.06,149824.06,18.959988,10.343329,8.540119,8.540148
1.7974057e+25,0.9268962,0.09318875,310000.0,151467.4,149824.05,149824.06,18.959988,10.343588,8.540156,8.540148
1.7974057e+25,0.93988526,0.09320148,310000.0,151467.4,149824.06,149824.05,18.959988,10.343542,8.540138,8.540146
1.7974057e+25,0.9337651,0.09689,310000.0,151467.42,149824.06,149824.05,18.959988,10.343755,8.540135,8.540147
1.7974057e+25,0.9263973,0.09567739,310000.0,151467.34,149824.06,149824.05,18.959988,10.343083,8.540115,8.540148
1.7974057e+25,0.9101342,0.093933165,310000.0,151467.4,149824.05,149824.05,18.959988,10.3433485,8.540152,8.540146
1.7974057e+25,0.9310057,0.09671398,310000.0,151467.39,149824.05,149824.05,18.959988,10.343726,8.540127,8.540147
1.7974057e+25,0.94091046,0.09496569,310000.0,151467.38,149824.06,149824.05,18.959988,10.343229,8.540172,8.540147
1.7974057e+25,0.92302704,0.09418856,310000.0,151467.38,149824.03,149824.06,18.959988,10.343639,8.540138,8.540147
1.7974057e+25,0.9534068,0.0925972,310000.0,151467.34,149824.06,149824.05,18.959988,10.343214,8.54014,8.540147
1.7974057e+25,0.937009,0.09272178,310000.0,151467.38,149824.06,149824.06,18.959988,10.343396,8.540122,8.540147
1.7974057e+25,0.9128345,0.093640655,310000.0,151467.39,149824.03,149824.05,18.959988,10.34335,8.540105,8.540147
1.7974057e+25,0.93599784,0.09312989,310000.0,151467.36,149824.05,149824.06,18.959988,10.343352,8.540146,8.540147
1.7974057e+25,0.9382488,0.099706106,310000.0,151467.38,149824.06,149824.06,18.959988,10.3433485,8.540151,8.540147
1.7974057e+25,0.93619096,0.09398887,310000.0,151467.42,149824.05,149824.05,18.959988,10.343595,8.540147,8.540147
1.7974057e+25,0.94487196,0.093574725,310000.0,151467.39,149824.03,149824.06,18.959988,10.34298,8.54016,8.540147
1.7974057e+25,0.9387638,0.0982857,310000.0,151467.42,149824.05,149824.05,18.959988,10.343787,8.540155,8.540146
1.7974057e+25,0.9339033,0.098066054,310000.0,151467.38,149824.03,149824.05,18.959988,10.343521,8.540171,8.540147
1.7974057e+25,0.9367471,0.09380621,310000.0,151467.39,149824.06,149824.06,18.959988,10.343275,8.540152,8.540148
1.7974057e+25,0.94534445,0.10256163,310000.0,151467.39,149824.05,149824.06,18.959988,10.343497,8.540156,8.540147
1.7974057e+25,0.93831176,0.09798303,310000.0,151467.4,149824.06,149824.06,18.959988,10.343386,8.540154,8.540147
1.7974057e+25,0.9302026,0.09942319,310000.0,151467.38,149824.05,149824.06,18.959988,10.343281,8.540143,8.540146
1.7974057e+25,0.91090214,0.093071714,310000.0,151467.34,149824.05,149824.06,18.959988,10.343396,8.540141,8.540152
1.7974057e+25,0.9202353,0.09032557,310000.0,151467.44,149824.05,149824.06,18.959988,10.343623,8.540117,8.540153
1.7974057e+25,0.91428906,0.093046665,310000.0,151467.34,149824.06,149824.05,18.959988,10.343569,8.540108,8.540153
1.7974057e+25,0.90762854,0.09275133,310000.0,151467.38,149824.05,149824.06,18.959988,10.343193,8.540133,8.540152
1.7974057e+25,0.9261627,0.10126159,310000.0,151467.31,149824.05,149824.05,18.959988,10.343189,8.540151,8.540153
1.7974057e+25,0.92514676,0.10214601,310000.0,151467.38,149824.08,149824.05,18.959988,10.343339,8.540153,8.540152
1.7974057e+25,0.900084,0.10533065,310000.0,151467.36,149824.06,149824.05,18.959988,10.343023,8.540149,8.540152
1.7974057e+25,0.8924157,0.100937344,310000.0,151467.36,149824.05,149824.06,18.959988,10.3431015,8.540153,8.540152
1.7974057e+25,0.91255885,0.10622275,310000.0,151467.36,149824.05,149824.05,18.959988,10.343296,8.540156,8.540153
1.7974057e+25,0.92390245,0.10708271,310000.0,151467.39,149824.05,149824.03,18.959988,10.343511,8.540151,8.540152
1.7974057e+25,0.9403858,0.09554603,310000.0,151467.34,149824.06,149824.03,18.959988,10.34323,8.540121,8.540152
1.7974057e+25,0.9354667,0.10625209,310000.0,151467.36,149824.06,149824.06,18.959988,10.343219,8.540151,8.540153
1.7974057e+25,0.9218259,0.10730066,310000.0,151467.4,149824.05,149824.05,18.959988,10.343531,8.540148,8.540153
1.7974057e+25,0.90332603,0.10575655,310000.0,151467.4,149824.05,149824.06,18.959988,10.343483,8.540145,8.540153
1.7974057e+25,0.9116284,0.10483837,310000.0,151467.36,149824.03,149824.05,18.959988,10.343526,8.540152,8.540152
1.7974057e+25,0.9323489,0.09424639,310000.0,151467.4,149824.06,149824.05,18.959988,10.343643,8.540144,8.540152
1.7974057e+25,0.93110955,0.10538741,310000.0,151467.34,149824.05,149824.06,18.959988,10.343462,8.540157,8.540153
1.7974057e+25,0.9432663,0.09784373,310000.0,151467.38,149824.05,149824.06,18.959988,10.343331,8.540173,8.540153
1.7974057e+25,0.93000233,0.09408765,310000.0,151467.39,149824.05,149824.06,18.959988,10.34332,8.540158,8.540151
1.7974057e+25,0.93119514,0.105052486,310000.0,151467.34,149824.06,149824.05,18.959988,10.343471,8.540139,8.540153
1.7974057e+25,0.90880466,0.10537094,310000.0,151467.38,149824.03,149824.08,18.959988,10.343253,8.540141,8.540153
1.7974057e+25,0.9375759,0.09931886,310000.0,151467.4,149824.05,149824.03,18.959988,10.343502,8.540141,8.540152
1.7974057e+25,0.8984826,0.10396047,310000.0,151467.34,149824.06,149824.05,18.959988,10.343216,8.540154,8.540153
1.7974057e+25,0.9281343,0.10824894,310000.0,151467.42,149824.05,149824.08,18.959988,10.343552,8.540154,8.540153
1.7974057e+25,0.941705,0.09730414,310000.0,151467.39,149824.06,149824.05,18.959988,10.343402,8.540139,8.5401535
1.7974057e+25,0.93425125,0.096498206,310000.0,151467.4,149824.06,149824.06,18.959988,10.343777,8.540154,8.540152
1.7974057e+25,0.9264019,0.10205119,310000.0,151467.44,149824.05,149824.06,18.959988,10.343731,8.540168,8.540153
1.7974057e+25,0.93979245,0.09688827,310000.0,151467.38,149824.05,149824.06,18.959988,10.343041,8.5401325,8.540153
1.7974057e+25,0.9287245,0.09835214,310000.0,151467.34,149824.05,149824.05,18.959988,10.34291,8.540164,8.540153
1.7974057e+25,0.9310003,0.10518704,310000.0,151467.4,149824.05,149824.06,18.959988,10.343865,8.540152,8.540152
1.7974057e+25,0.93838644,0.102182575,310000.0,151467.38,149824.03,149824.06,18.959988,10.343095,8.540165,8.5401535
1.7974057e+25,0.9326028,0.10390996,310000.0,151467.4,149824.05,149824.06,18.959988,10.343496,8.540143,8.540153
1.7974057e+25,0.9391367,0.095505744,310000.0,151467.4,149824.06,149824.06,18.959988,10.34358,8.540168,8.540153
1.7974057e+25,0.9350033,0.09510829,310000.0,151467.38,149824.06,149824.05,18.959988,10.343524,8.540141,8.540153
1.7974057e+25,0.9501577,0.09937662,310000.0,151467.38,149824.06,149824.06,18.959988,10.343295,8.540117,8.540153
1.7974057e+25,0.926705,0.10591709,310000.0,151467.34,149824.06,149824.05,18.959988,10.343391,8.540142,8.540153
1.7974057e+25,0.9463919,0.09456137,310000.0,151467.39,149824.08,149824.05,18.959988,10.343264,8.540152,8.540153
1.7974057e+25,0.9427619,0.094155096,310000.0,151467.4,149824.05,149824.06,18.959988,10.343415,8.5401535,8.540153
1.7974057e+25,0.95024747,0.092748016,310000.0,151467.38,149824.06,149824.06,18.959988,10.343321,8.540117,8.540153
1.7974057e+25,0.9315089,0.094409816,310000.0,151467.39,149824.06,149824.03,18.959988,10.343292,8.540138,8.540153
1.7974057e+25,0.93618673,0.09488091,310000.0,151467.4,149824.08,149824.05,18.959988,10.343266,8.54014,8.540153
1.7974057e+25,0.93768626,0.10713166,310000.0,151467.4,149824.06,149824.08,18.959988,10.3434515,8.540152,8.540153
1.7974057e+25,0.9228158,0.100396134,310000.0,151467.42,149824.05,149824.05,18.959988,10.343744,8.54013,8.540152
1.7974057e+25,0.94236434,0.0979799,310000.0,151467.38,149824.05,149824.05,18.959988,10.343155,8.540174,8.540152
1.7974057e+25,0.94811594,0.09756389,310000.0,151467.44,149824.06,149824.03,18.959988,10.343604,8.540129,8.540153
1.7974057e+25,0.94230634,0.102507874,310000.0,151467.39,149824.05,149824.06,18.959988,10.343397,8.540128,8.540153
1.7974057e+25,0.92374235,0.09638729,310000.0,151467.4,149824.05,149824.05,18.959988,10.343497,8.540148,8.540153
1.7974057e+25,0.93734294,0.096894145,310000.0,151467.38,149824.05,149824.06,18.959988,10.343233,8.540153,8.540153
1.7974057e+25,0.9492604,0.101110324,310000.0,151467.39,149824.06,149824.08,18.959988,10.343503,8.540118,8.540153
1.7974057e+25,0.92538345,0.10827783,310000.0,151467.39,149824.05,149824.06,18.959988,10.343542,8.540141,8.5401535
1.7974057e+25,0.922292,0.09633976,310000.0,151467.34,149824.08,149824.06,18.959988,10.343235,8.540161,8.540152
1.7974057e+25,0.92191845,0.10123066,310000.0,151467.39,149824.06,149824.05,18.959988,10.343361,8.540142,8.540152
1.7974057e+25,0.9286657,0.094969615,310000.0,151467.34,149824.03,149824.05,18.959988,10.343296,8.540182,8.540153
1.7974057e+25,0.9188661,0.10262462,310000.0,151467.44,149824.05,149824.05,18.959988,10.343588,8.540166,8.540152
1.7974057e+25,0.95153046,0.09626503,310000.0,151467.39,149824.03,149824.03,18.959988,10.3434725,8.540164,8.540152
1.7974057e+25,0.93947077,0.09629887,310000.0,151467.42,149824.03,149824.05,18.959988,10.343508,8.54015,8.540153
1.7974057e+25,0.92922187,0.09657416,310000.0,151467.39,149824.05,149824.05,18.959988,10.3432665,8.540139,8.540153
1.7974057e+25,0.94025874,0.09588414,310000.0,151467.39,149824.05,149824.05,18.959988,10.343322,8.540145,8.540153
1.7974057e+25,0.9465628,0.09548599,310000.0,151467.38,149824.03,149824.08,18.959988,10.3433895,8.540166,8.540153
1.7974057e+25,0.945192,0.094100066,310000.0,151467.39,149824.08,149824.05,18.959988,10.343398,8.540147,8.540153
1.7974057e+25,0.9488009,0.09561157,310000.0,151467.39,149824.06,149824.05,18.959988,10.343465,8.540138,8.540152
1.7974057e+25,0.9402346,0.097551115,310000.0,151467.39,149824.05,149824.06,18.959988,10.343536,8.540119,8.540153
1.7974057e+25,0.9452713,0.094698645,310000.0,151467.42,149824.06,149824.08,18.959988,10.343723,8.540114,8.5401535
1.7974057e+25,0.9428215,0.09692386,310000.0,151467.36,149824.08,149824.05,18.959988,10.3435755,8.540122,8.540153
1.7974057e+25,0.95759547,0.09370515,310000.0,151467.38,149824.05,149824.05,18.959988,10.343422,8.540139,8.540152
1.7974057e+25,0.9274497,0.09293721,310000.0,151467.42,149824.05,149824.05,18.959988,10.343326,8.5401535,8.540153
1.7974057e+25,0.92665386,0.09494342,310000.0,151467.36,149824.06,149824.06,18.959988,10.343356,8.540107,8.540152
1.7974057e+25,0.942858,0.09470692,310000.0,151467.4,149824.06,149824.05,18.959988,10.343398,8.540101,8.540153
1.7974057e+25,0.9273133,0.092891835,310000.0,151467.33,149824.03,149824.05,18.959988,10.343071,8.540125,8.540152
1.7974057e+25,0.92866343,0.09379042,310000.0,151467.38,149824.05,149824.08,18.959988,10.343205,8.540143,8.5401535
1.7974057e+25,0.9472201,0.09655129,310000.0,151467.36,149824.06,149824.06,18.959988,10.343341,8.540105,8.540153
1.7974057e+25,0.9275022,0.095285386,310000.0,151467.4,149824.05,149824.03,18.959988,10.343204,8.540121,8.540153
1.7974057e+25,0.93471956,0.09732291,310000.0,151467.38,149824.06,149824.06,18.959988,10.343646,8.540158,8.5401535
1.7974057e+25,0.920787,0.09585648,310000.0,151467.38,149824.06,149824.06,18.959988,10.343196,8.540156,8.540153
1.7974057e+25,0.93725896,0.09812752,310000.0,151467.39,149824.08,149824.03,18.959988,10.343455,8.54016,8.540153
1.7974057e+25,0.9315341,0.09646013,310000.0,151467.39,149824.06,149824.06,18.959988,10.343064,8.540156,8.540153
1.7974057e+25,0.93399864,0.096693285,310000.0,151467.38,149824.06,149824.05,18.959988,10.343289,8.540162,8.540152
1.7974057e+25,0.951514,0.09802098,310000.0,151467.39,149824.03,149824.06,18.959988,10.3433895,8.540159,8.540153
1.7974057e+25,0.9276449,0.09809101,310000.0,151467.4,149824.05,149824.05,18.959988,10.343608,8.540138,8.540152
1.7974057e+25,0.93506646,0.09841394,310000.0,151467.36,149824.02,149824.05,18.959988,10.343268,8.540159,8.540152
1.7974057e+25,0.9431053,0.09456056,310000.0,151467.44,149824.06,149824.05,18.959988,10.343563,8.540125,8.540153
1.7974057e+25,0.94954693,0.09475262,310000.0,151467.36,149824.03,149824.06,18.959988,10.343562,8.540166,8.540152
1.7974057e+25,0.9225555,0.09627587,310000.0,151467.36,149824.06,149824.05,18.959988,10.343557,8.5401535,8.540152
1.7974057e+25,0.9301048,0.09734508,310000.0,151467.36,149824.03,149824.05,18.959988,10.343306,8.540189,8.540153
1.7974057e+25,0.9305692,0.09741707,310000.0,151467.38,149824.06,149824.05,18.959988,10.343237,8.540131,8.540152
1.7974057e+25,0.9380802,0.09501832,310000.0,151467.31,149824.03,149824.05,18.959988,10.343278,8.540159,8.5401535
1.7974057e+25,0.9307086,0.09517473,310000.0,151467.36,149824.05,149824.05,18.959988,10.343361,8.540133,8.540152
1.7974057e+25,0.9356148,0.092699334,310000.0,151467.38,149824.06,149824.08,18.959988,10.343167,8.540161,8.540152
1.7974057e+25,0.92266685,0.10581491,310000.0,151467.34,149824.05,149824.08,18.959988,10.343181,8.5401535,8.540153
1.7974057e+25,0.91486144,0.106975324,310000.0,151467.38,149824.05,149824.05,18.959988,10.343389,8.540151,8.540153
1.7974057e+25,0.91783714,0.10634602,310000.0,151467.38,149824.05,149824.03,18.959988,10.343385,8.540148,8.540153
1.7974057e+25,0.9355523,0.106375076,310000.0,151467.36,149824.05,149824.06,18.959988,10.343519,8.540148,8.5401535
1.7974057e+25,0.9244792,0.09794898,310000.0,151467.4,149824.06,149824.06,18.959988,10.343329,8.540155,8.540153
1.7974057e+25,0.92770654,0.09470662,310000.0,151467.31,149824.05,149824.05,18.959988,10.343228,8.540142,8.540152
1.7974057e+25,0.92242223,0.10125073,310000.0,151467.39,149824.06,149824.05,18.959988,10.343419,8.540151,8.540152
1.7974057e+25,0.92795414,0.10361748,310000.0,151467.4,149824.05,149824.05,18.959988,10.343618,8.540154,8.540153
1.7974057e+25,0.95088184,0.09672762,310000.0,151467.38,149824.05,149824.05,18.959988,10.343638,8.540167,8.540152
1.7974057e+25,0.9480974,0.10497685,310000.0,151467.4,149824.03,149824.05,18.959988,10.343423,8.5401125,8.540153
1.7974057e+25,0.92744356,0.10446086,310000.0,151467.36,149824.03,149824.06,18.959988,10.343091,8.540131,8.540153
1.7974057e+25,0.92160326,0.10586057,310000.0,151467.34,149824.05,149824.05,18.959988,10.3431425,8.540158,8.540152
1.7974057e+25,0.93355304,0.10007155,310000.0,151467.44,149824.05,149824.06,18.959988,10.3437,8.540169,8.540152
1.7974057e+25,0.9353285,0.09828417,310000.0,151467.4,149824.06,149824.05,18.959988,10.343585,8.540142,8.5401535
1.7974057e+25,0.9373599,0.105617896,310000.0,151467.39,149824.06,149824.06,18.959988,10.343456,8.540169,8.540152
1.7974057e+25,0.9215275,0.095820166,310000.0,151467.36,149824.06,149824.05,18.959988,10.343441,8.540163,8.540148
1.7974057e+25,0.92067516,0.09654648,310000.0,151467.34,149824.05,149824.05,18.959988,10.3432045,8.540142,8.540148
1.7974057e+25,0.9236593,0.10175946,310000.0,151467.39,149824.06,149824.05,18.959988,10.343229,8.540126,8.540149
1.7974057e+25,0.922025,0.10026886,310000.0,151467.38,149824.05,149824.06,18.959988,10.343608,8.540138,8.540149
1.7974057e+25,0.9125656,0.105850875,310000.0,151467.36,149824.08,149824.06,18.959988,10.343189,8.540141,8.540148
1.7974057e+25,0.8934818,0.10406094,310000.0,151467.38,149824.06,149824.05,18.959988,10.343818,8.540136,8.540149
1.7974057e+25,0.91471916,0.09974486,310000.0,151467.36,149824.05,149824.05,18.959988,10.343553,8.540171,8.540149
1.7974057e+25,0.92173356,0.09704327,310000.0,151467.38,149824.05,149824.05,18.959988,10.343136,8.54012,8.540149
1.7974057e+25,0.9197946,0.09630332,310000.0,151467.38,149824.06,149824.03,18.959988,10.343425,8.540127,8.540149
1.7974057e+25,0.92690957,0.09739271,310000.0,151467.39,149824.06,149824.05,18.959988,10.343334,8.540194,8.540149
1.7974057e+25,0.93752086,0.09546695,310000.0,151467.39,149824.08,149824.05,18.959988,10.343622,8.540163,8.540148
1.7974057e+25,0.93479526,0.09904125,310000.0,151467.34,149824.06,149824.03,18.959988,10.343333,8.540134,8.540149
1.7974057e+25,0.928084,0.096481845,310000.0,151467.34,149824.05,149824.06,18.959988,10.343219,8.540133,8.540148
1.7974057e+25,0.93918914,0.099763595,310000.0,151467.39,149824.05,149824.06,18.959988,10.343164,8.5401325,8.54015
1.7974057e+25,0.9342018,0.09520976,310000.0,151467.42,149824.06,149824.05,18.959988,10.3434515,8.540101,8.540148
1.7974057e+25,0.93908876,0.097898245,310000.0,151467.39,149824.05,149824.06,18.959988,10.343401,8.540138,8.540149
1.7974057e+25,0.9390052,0.09479754,310000.0,151467.38,149824.03,149824.05,18.959988,10.343468,8.540131,8.540149
1.7974057e+25,0.9273654,0.096420445,310000.0,151467.38,149824.05,149824.03,18.959988,10.343231,8.540166,8.540149
1.7974057e+25,0.9430932,0.09463625,310000.0,151467.4,149824.06,149824.05,18.959988,10.34359,8.540135,8.540149
1.7974057e+25,0.94435775,0.09672767,310000.0,151467.44,149824.05,149824.05,18.959988,10.343623,8.540161,8.540149
1.7974057e+25,0.93856883,0.09591696,310000.0,151467.34,149824.06,149824.06,18.959988,10.343111,8.540147,8.540149
1.7974057e+25,0.92498434,0.09567931,310000.0,151467.36,149824.08,149824.05,18.959988,10.343568,8.540128,8.540149
1.7974057e+25,0.949797,0.09901889,310000.0,151467.34,149824.06,149824.05,18.959988,10.343325,8.540153,8.540148
1.7974057e+25,0.939937,0.09739652,310000.0,151467.4,149824.05,149824.05,18.959988,10.343477,8.540136,8.540149
1.7974057e+25,0.95552593,0.096381135,310000.0,151467.4,149824.05,149824.06,18.959988,10.343774,8.540172,8.540149
1.7974057e+25,0.9293453,0.09485377,310000.0,151467.39,149824.05,149824.08,18.959988,10.343502,8.540141,8.540149
1.7974057e+25,0.93391573,0.099343576,310000.0,151467.42,149824.05,149824.05,18.959988,10.343338,8.540169,8.540149
1.7974057e+25,0.9481857,0.0962464,310000.0,151467.4,149824.03,149824.06,18.959988,10.34357,8.5401535,8.540149
1.7974057e+25,0.93970513,0.09890376,310000.0,151467.39,149824.05,149824.05,18.959988,10.343301,8.540144,8.540149
1.7974057e+25,0.94516355,0.09662524,310000.0,151467.38,149824.06,149824.05,18.959988,10.343263,8.540129,8.540149
1.7974057e+25,0.95795256,0.09655125,310000.0,151467.38,149824.03,149824.06,18.959988,10.343726,8.540147,8.540149
1.7974057e+25,0.9355915,0.0941056,310000.0,151467.34,149824.08,149824.05,18.959988,10.343405,8.54014,8.540149
1.7974057e+25,0.95013446,0.09881453,310000.0,151467.44,149824.05,149824.06,18.959988,10.3435755,8.540162,8.540149
1.7974057e+25,0.938574,0.09655367,310000.0,151467.42,149824.05,149824.05,18.959988,10.343471,8.540113,8.540149
1.7974057e+25,0.9377697,0.09824645,310000.0,151467.39,149824.06,149824.05,18.959988,10.343408,8.540144,8.540148
1.7974057e+25,0.94677395,0.09835418,310000.0,151467.36,149824.05,149824.05,18.959988,10.343077,8.540161,8.540149
1.7974057e+25,0.9321934,0.09606962,310000.0,151467.34,149824.06,149824.05,18.959988,10.343179,8.540129,8.540149
1.7974057e+25,0.9402061,0.098788485,310000.0,151467.4,149824.06,149824.05,18.959988,10.343449,8.540175,8.540148
1.7974057e+25,0.94009084,0.09511629,310000.0,151467.45,149824.05,149824.05,18.959988,10.343668,8.540146,8.540148
1.7974057e+25,0.9370253,0.09578013,310000.0,151467.4,149824.06,149824.1,18.959988,10.343663,8.540138,8.54015
1.7974057e+25,0.9559561,0.099861585,310000.0,151467.36,149824.06,149824.06,18.959988,10.34319,8.540144,8.540149
1.7974057e+25,0.93868405,0.0972074,310000.0,151467.42,149824.03,149824.06,18.959988,10.34369,8.540116,8.540149
1.7974057e+25,0.943126,0.09707421,310000.0,151467.39,149824.06,149824.05,18.959988,10.34347,8.540154,8.540149
1.7974057e+25,0.9311683,0.09733842,310000.0,151467.39,149824.06,149824.05,18.959988,10.343234,8.540143,8.540149
1.7974057e+25,0.92470163,0.098047145,310000.0,151467.38,149824.08,149824.03,18.959988,10.343463,8.540135,8.540149
1.7974057e+25,0.9315812,0.09775047,310000.0,151467.4,149824.05,149824.05,18.959988,10.343295,8.540148,8.540149
1.7974057e+25,0.955338,0.09651675,310000.0,151467.39,149824.05,149824.05,18.959988,10.343517,8.540129,8.540149
1.7974057e+25,0.94203955,0.09604826,310000.0,151467.4,149824.06,149824.06,18.959988,10.343569,8.540135,8.540148
1.7974057e+25,0.92587686,0.0947696,310000.0,151467.42,149824.05,149824.06,18.959988,10.343655,8.540144,8.540149
1.7974057e+25,0.9285348,0.09823735,310000.0,151467.38,149824.08,149824.05,18.959988,10.343528,8.540136,8.540148
1.7974057e+25,0.9399349,0.09949186,310000.0,151467.39,149824.03,149824.03,18.959988,10.343454,8.540123,8.540148
1.7974057e+25,0.94263715,0.098164506,310000.0,151467.38,149824.08,149824.06,18.959988,10.343465,8.540143,8.540149
1.7974057e+25,0.9373694,0.09704744,310000.0,151467.39,149824.05,149824.05,18.959988,10.34342,8.540141,8.540148
1.7974057e+25,0.94726163,0.0966027,310000.0,151467.34,149824.05,149824.06,18.959988,10.343081,8.540109,8.540149
1.7974057e+25,0.9399826,0.09775086,310000.0,151467.4,149824.03,149824.03,18.959988,10.343737,8.54016,8.540148
1.7974057e+25,0.95046365,0.0965268,310000.0,151467.39,149824.06,149824.06,18.959988,10.343649,8.540146,8.540149
1.7974057e+25,0.9257656,0.092688985,310000.0,151467.38,149824.05,149824.05,18.959988,10.343741,8.540148,8.540147
1.7974057e+25,0.9426254,0.097524814,310000.0,151467.42,149824.05,149824.05,18.959988,10.343528,8.540146,8.540148
1.7974057e+25,0.92545027,0.09536512,310000.0,151467.36,149824.06,149824.05,18.959988,10.343358,8.540095,8.540148
1.7974057e+25,0.9430651,0.0958056,310000.0,151467.36,149824.06,149824.05,18.959988,10.343182,8.540143,8.540148
1.7974057e+25,0.9423819,0.097102486,310000.0,151467.38,149824.05,149824.05,18.959988,10.343102,8.54014,8.540149
1.7974057e+25,0.9373876,0.0965546,310000.0,151467.36,149824.08,149824.06,18.959988,10.343568,8.54013,8.540149
1.7974057e+25,0.9473737,0.09625518,310000.0,151467.36,149824.03,149824.05,18.959988,10.34339,8.540122,8.540149
1.7974057e+25,0.94805783,0.09933913,310000.0,151467.36,149824.03,149824.06,18.959988,10.343404,8.54013,8.540148
1.7974057e+25,0.93374974,0.09610762,310000.0,151467.45,149824.05,149824.05,18.959988,10.343799,8.540159,8.540149
1.7974057e+25,0.9494721,0.096006006,310000.0,151467.38,149824.05,149824.05,18.959988,10.343123,8.540132,8.540149
1.7974057e+25,0.95957214,0.10047096,310000.0,151467.33,149824.06,149824.08,18.959988,10.343164,8.540147,8.540149
1.7974057e+25,0.9544438,0.09786501,310000.0,151467.4,149824.05,149824.05,18.959988,10.343389,8.540149,8.540148
1.7974057e+25,0.94357413,0.09465797,310000.0,151467.39,149824.05,149824.05,18.959988,10.34324,8.540174,8.540148
1.7974057e+25,0.9328655,0.09994484,310000.0,151467.38,149824.08,149824.05,18.959988,10.343223,8.540149,8.540149
1.7974057e+25,0.94781524,0.098786265,310000.0,151467.36,149824.06,149824.03,18.959988,10.343253,8.540117,8.540149
1.7974057e+25,0.94568914,0.09581091,310000.0,151467.31,149824.06,149824.06,18.959988,10.343186,8.540158,8.540148
1.7974057e+25,0.948365,0.095743634,310000.0,151467.36,149824.06,149824.05,18.959988,10.343306,8.540102,8.540149
1.7974057e+25,0.9110042,0.09624739,310000.0,151467.4,149824.05,149824.06,18.959988,10.343497,8.540155,8.540148
1.7974057e+25,0.9328485,0.09919163,310000.0,151467.38,149824.06,149824.05,18.959988,10.343105,8.540104,8.540149
1.7974057e+25,0.93710184,0.096636616,310000.0,151467.4,149824.06,149824.05,18.959988,10.343728,8.540164,8.540148
1.7974057e+25,0.94471806,0.09762576,310000.0,151467.42,149824.05,149824.03,18.959988,10.343561,8.540142,8.540148
1.7974057e+25,0.92852694,0.09596868,310000.0,151467.36,149824.06,149824.05,18.959988,10.3433485,8.540118,8.540148
1.7974057e+25,0.93645424,0.09669067,310000.0,151467.38,149824.05,149824.06,18.959988,10.343215,8.540162,8.540149
1.7974057e+25,0.93409574,0.09814823,310000.0,151467.39,149824.05,149824.06,18.959988,10.343289,8.540149,8.540149
1.7974057e+25,0.9399869,0.09736348,310000.0,151467.4,149824.08,149824.05,18.959988,10.343578,8.540133,8.540149
1.7974057e+25,0.94620216,0.09885034,310000.0,151467.38,149824.06,149824.05,18.959988,10.3432,8.540141,8.540149
1.7974057e+25,0.9321172,0.09525028,310000.0,151467.4,149824.06,149824.06,18.959988,10.343745,8.540117,8.54015
1.7974057e+25,0.94672245,0.09856244,310000.0,151467.33,149824.05,149824.05,18.959988,10.343226,8.540171,8.540148
1.7974057e+25,0.93433344,0.09638821,310000.0,151467.4,149824.05,149824.03,18.959988,10.343426,8.540181,8.540149
1.7974057e+25,0.9376231,0.09501095,310000.0,151467.4,149824.06,149824.05,18.959988,10.343408,8.540139,8.540149
1.7974057e+25,0.9274196,0.09432399,310000.0,151467.4,149824.05,149824.05,18.959988,10.343524,8.540157,8.540148
1.7974057e+25,0.932457,0.09692915,310000.0,151467.38,149824.08,149824.06,18.959988,10.343238,8.540127,8.540148
1.7974057e+25,0.93432283,0.0946497,310000.0,151467.4,149824.05,149824.08,18.959988,10.343656,8.540153,8.540148
1.7974057e+25,0.9392654,0.095686436,310000.0,151467.39,149824.06,149824.06,18.959988,10.343455,8.540157,8.540148
1.7974057e+25,0.9371058,0.095117815,310000.0,151467.38,149824.05,149824.05,18.959988,10.343496,8.540164,8.540148
1.7974057e+25,0.9421766,0.09732854,310000.0,151467.38,149824.08,149824.05,18.959988,10.343354,8.54016,8.540149
1.7974057e+25,0.9405528,0.09416773,310000.0,151467.34,149824.05,149824.05,18.959988,10.343519,8.540152,8.540149
1.7974057e+25,0.9202667,0.09561561,310000.0,151467.39,149824.03,149824.06,18.959988,10.343562,8.54014,8.540149
1.7974057e+25,0.9230514,0.098440625,310000.0,151467.39,149824.05,149824.06,18.959988,10.343332,8.540132,8.540149
1.7974057e+25,0.9470255,0.09611353,310000.0,151467.39,149824.05,149824.03,18.959988,10.343261,8.540148,8.540148
1.7974057e+25,0.93552244,0.09820863,310000.0,151467.38,149824.06,149824.05,18.959988,10.343204,8.540094,8.540149
1.7974057e+25,0.94504625,0.095067434,310000.0,151467.38,149824.08,149824.05,18.959988,10.343123,8.540166,8.540149
1.7974057e+25,0.9398712,0.100819804,310000.0,151467.42,149824.06,149824.05,18.959988,10.343612,8.540163,8.540148
1.7974057e+25,0.9447303,0.094957374,310000.0,151467.34,149824.03,149824.05,18.959988,10.343229,8.540158,8.540149
1.7974057e+25,0.936521,0.09668965,310000.0,151467.3,149824.08,149824.03,18.959988,10.343078,8.540154,8.540148
1.7974057e+25,0.94635993,0.09630562,310000.0,151467.36,149824.05,149824.08,18.959988,10.343226,8.54015,8.540149
1.7974057e+25,0.95546365,0.09816201,310000.0,151467.36,149824.06,149824.05,18.959988,10.343345,8.540168,8.540148
1.7974057e+25,0.9387317,0.094239764,310000.0,151467.31,149824.05,149824.06,18.959988,10.3432455,8.540127,8.540149
1.7974057e+25,0.94815844,0.096666895,310000.0,151467.36,149824.03,149824.03,18.959988,10.343542,8.540121,8.540149
1.7974057e+25,0.93870765,0.09609235,310000.0,151467.36,149824.05,149824.05,18.959988,10.343573,8.540154,8.540149
1.7974057e+25,0.9404942,0.095042035,310000.0,151467.38,149824.06,149824.05,18.959988,10.343405,8.540152,8.540149
1.7974057e+25,0.94575495,0.09744427,310000.0,151467.4,149824.06,149824.05,18.959988,10.34351,8.540143,8.540149
1.7974057e+25,0.9352719,0.097165406,310000.0,151467.34,149824.05,149824.05,18.959988,10.3435755,8.540154,8.540149
1.7974057e+25,0.9452076,0.09609535,310000.0,151467.42,149824.06,149824.03,18.959988,10.343489,8.540149,8.540148
1.7974057e+25,0.9113821,0.09644951,310000.0,151467.38,149824.06,149824.06,18.959988,10.343566,8.540156,8.540149
1.7974057e+25,0.9343499,0.09578687,310000.0,151467.38,149824.06,149824.06,18.959988,10.343227,8.540099,8.540149
1.7974057e+25,0.9341557,0.09566507,310000.0,151467.39,149824.05,149824.06,18.959988,10.343402,8.540106,8.540149
1.7974057e+25,0.93873215,0.09693674,310000.0,151467.38,149824.06,149824.05,18.959988,10.34348,8.540175,8.54015
1.7974057e+25,0.9417415,0.0956881,310000.0,151467.4,149824.05,149824.06,18.959988,10.343296,8.5401325,8.540149
1.7974057e+25,0.94492,0.09886856,310000.0,151467.38,149824.02,149824.05,18.959988,10.343322,8.54018,8.540149
1.7974057e+25,0.929366,0.09674869,310000.0,151467.38,149824.05,149824.06,18.959988,10.343362,8.540134,8.540149
1.7974057e+25,0.9394966,0.09783742,310000.0,151467.36,149824.06,149824.06,18.959988,10.343237,8.540154,8.540149
1.7974057e+25,0.9412029,0.09678639,310000.0,151467.38,149824.06,149824.08,18.959988,10.3434,8.540129,8.540149
1.7974057e+25,0.9402958,0.09890445,310000.0,151467.31,149824.05,149824.05,18.959988,10.343472,8.54015,8.540149
1.7974057e+25,0.95010656,0.09824355,310000.0,151467.44,149824.03,149824.05,18.959988,10.343657,8.540139,8.540149
1.7974057e+25,0.93166757,0.095609985,310000.0,151467.39,149824.08,149824.05,18.959988,10.3435,8.540093,8.540149
1.7974057e+25,0.9394847,0.09658913,310000.0,151467.3,149824.06,149824.08,18.959988,10.343135,8.540106,8.54015
1.7974057e+25,0.943328,0.09621044,310000.0,151467.4,149824.03,149824.06,18.959988,10.343608,8.540183,8.540148
1.7974057e+25,0.9506245,0.095389135,310000.0,151467.36,149824.06,149824.03,18.959988,10.343099,8.540181,8.540148
1.7974057e+25,0.9289547,0.096887216,310000.0,151467.33,149824.06,149824.08,18.959988,10.343261,8.540165,8.540149
1.7974057e+25,0.93955,0.09678595,310000.0,151467.36,149824.05,149824.08,18.959988,10.34314,8.540126,8.540149
1.7974057e+25,0.9352705,0.09822131,310000.0,151467.38,149824.05,149824.06,18.959988,10.343313,8.540164,8.540149
1.7974057e+25,0.9090614,0.09420929,310000.0,151467.36,149824.05,149824.05,18.959988,10.34344,8.540188,8.540149
1.7974057e+25,0.93185264,0.09394979,310000.0,151467.39,149824.05,149824.05,18.959988,10.343419,8.540163,8.54015
1.7974057e+25,0.93522304,0.09597361,310000.0,151467.38,149824.05,149824.05,18.959988,10.343189,8.540159,8.540151
1.7974057e+25,0.9386464,0.09340077,310000.0,151467.39,149824.05,149824.08,18.959988,10.343513,8.540165,8.540149
1.7974057e+25,0.9235458,0.09256136,310000.0,151467.39,149824.05,149824.08,18.959988,10.343283,8.540189,8.54015
1.7974057e+25,0.93481684,0.096144095,310000.0,151467.38,149824.05,149824.06,18.959988,10.34325,8.540129,8.540149
1.7974057e+25,0.9273428,0.09423656,310000.0,151467.38,149824.05,149824.06,18.959988,10.3435135,8.540154,8.54015
1.7974057e+25,0.89904,0.095336996,310000.0,151467.38,149824.06,149824.06,18.959988,10.343416,8.540137,8.540149
1.7974057e+25,0.94306886,0.09739377,310000.0,151467.42,149824.05,149824.03,18.959988,10.343658,8.540146,8.54015
1.7974057e+25,0.95000815,0.09839453,310000.0,151467.39,149824.05,149824.08,18.959988,10.343466,8.540132,8.54015
1.7974057e+25,0.9460978,0.10026243,310000.0,151467.33,149824.05,149824.05,18.959988,10.343418,8.540143,8.54015
1.7974057e+25,0.9402849,0.100178294,310000.0,151467.38,149824.08,149824.06,18.959988,10.343682,8.540135,8.540149
1.7974057e+25,0.95174766,0.0982567,310000.0,151467.42,149824.03,149824.05,18.959988,10.343592,8.540141,8.540149
1.7974057e+25,0.9368816,0.1000073,310000.0,151467.39,149824.06,149824.06,18.959988,10.343222,8.540181,8.54015
1.7974057e+25,0.9335472,0.097292334,310000.0,151467.34,149824.05,149824.05,18.959988,10.3433075,8.540134,8.540149
1.7974057e+25,0.9602684,0.09920478,310000.0,151467.34,149824.05,149824.05,18.959988,10.343463,8.540134,8.540149
1.7974057e+25,0.942252,0.099426195,310000.0,151467.39,149824.05,149824.06,18.959988,10.343265,8.54016,8.540149
1.7974057e+25,0.9432108,0.100010954,310000.0,151467.36,149824.06,149824.08,18.959988,10.343012,8.54016,8.540149
1.7974057e+25,0.9517227,0.100666694,310000.0,151467.33,149824.05,149824.05,18.959988,10.34306,8.540134,8.540149
1.7974057e+25,0.93512625,0.10143836,310000.0,151467.4,149824.06,149824.06,18.959988,10.343449,8.540156,8.54015
1.7974057e+25,0.9277702,0.09968912,310000.0,151467.34,149824.06,149824.05,18.959988,10.343357,8.540141,8.540149
1.7974057e+25,0.95052177,0.097990446,310000.0,151467.39,149824.05,149824.08,18.959988,10.343254,8.540151,8.540149
1.7974057e+25,0.93839395,0.10040408,310000.0,151467.39,149824.06,149824.03,18.959988,10.343356,8.540151,8.540149
1.7974057e+25,0.94136316,0.09837177,310000.0,151467.34,149824.08,149824.06,18.959988,10.343158,8.540173,8.540149
1.7974057e+25,0.93219024,0.09763979,310000.0,151467.4,149824.05,149824.06,18.959988,10.343475,8.540177,8.540149
1.7974057e+25,0.9409189,0.0978372,310000.0,151467.3,149824.06,149824.06,18.959988,10.3431015,8.540127,8.540149
1.7974057e+25,0.9392655,0.09841445,310000.0,151467.36,149824.06,149824.06,18.959988,10.343554,8.54015,8.540149
1.7974057e+25,0.93296844,0.10255052,310000.0,151467.4,149824.03,149824.05,18.959988,10.343408,8.540117,8.54015
1.7974057e+25,0.94753915,0.09888088,310000.0,151467.38,149824.05,149824.06,18.959988,10.343568,8.540121,8.54015
1.7974057e+25,0.9436805,0.09822065,310000.0,151467.39,149824.08,149824.03,18.959988,10.343165,8.540151,8.540149
1.7974057e+25,0.9462287,0.1009452,310000.0,151467.44,149824.06,149824.08,18.959988,10.343798,8.540134,8.54015
1.7974057e+25,0.9428856,0.09721792,310000.0,151467.39,149824.08,149824.05,18.959988,10.343591,8.540134,8.54015
1.7974057e+25,0.93302256,0.09724324,310000.0,151467.42,149824.05,149824.08,18.959988,10.343626,8.540147,8.54015
1.7974057e+25,0.9322449,0.10085005,310000.0,151467.42,149824.05,149824.08,18.959988,10.343773,8.540152,8.54015
1.7974057e+25,0.9362748,0.09750602,310000.0,151467.33,149824.05,149824.06,18.959988,10.343156,8.540155,8.540149
1.7974057e+25,0.9430637,0.09850605,310000.0,151467.4,149824.06,149824.06,18.959988,10.3433485,8.540154,8.54015
1.7974057e+25,0.94405496,0.09966059,310000.0,151467.36,149824.05,149824.05,18.959988,10.343087,8.54015,8.540149
1.7974057e+25,0.9387012,0.09515044,310000.0,151467.38,149824.06,149824.06,18.959988,10.343464,8.54012,8.54015
1.7974057e+25,0.95032763,0.099039175,310000.0,151467.36,149824.05,149824.05,18.959988,10.343075,8.540128,8.540149
1.7974057e+25,0.94523627,0.09958007,310000.0,151467.36,149824.05,149824.05,18.959988,10.343288,8.54015,8.540149
1.7974057e+25,0.9468713,0.09909268,310000.0,151467.39,149824.03,149824.05,18.959988,10.343412,8.540163,8.540149
1.7974057e+25,0.94352806,0.098529644,310000.0,151467.39,149824.06,149824.06,18.959988,10.343398,8.540125,8.54015
1.7974057e+25,0.9542973,0.09588172,310000.0,151467.38,149824.05,149824.05,18.959988,10.343277,8.540154,8.540149
1.7974057e+25,0.9525019,0.096812196,310000.0,151467.4,149824.06,149824.06,18.959988,10.343456,8.540151,8.540149
1.7974057e+25,0.9489815,0.099480964,310000.0,151467.38,149824.06,149824.03,18.959988,10.343273,8.540167,8.54015
1.7974057e+25,0.9554926,0.101655796,310000.0,151467.34,149824.03,149824.05,18.959988,10.343191,8.54012,8.540148
1.7974057e+25,0.95446485,0.09744526,310000.0,151467.4,149824.08,149824.05,18.959988,10.343555,8.540136,8.540149
1.7974057e+25,0.9417488,0.09994486,310000.0,151467.39,149824.03,149824.06,18.959988,10.34339,8.5401745,8.540149
1.7974057e+25,0.9334871,0.100627646,310000.0,151467.36,149824.05,149824.03,18.959988,10.343648,8.540136,8.540149
1.7974057e+25,0.9471027,0.10159644,310000.0,151467.33,149824.05,149824.08,18.959988,10.343185,8.5401325,8.540149
1.7974057e+25,0.9526654,0.0974599,310000.0,151467.36,149824.06,149824.05,18.959988,10.343574,8.540164,8.540149
1.7974057e+25,0.9357407,0.099306166,310000.0,151467.39,149824.05,149824.06,18.959988,10.343136,8.540123,8.540149
1.7974057e+25,0.94672674,0.097686574,310000.0,151467.38,149824.05,149824.06,18.959988,10.343459,8.540131,8.54015
1.7974057e+25,0.9466669,0.09841625,310000.0,151467.36,149824.03,149824.05,18.959988,10.343448,8.540156,8.540149
1.7974057e+25,0.94497347,0.10039105,310000.0,151467.34,149824.06,149824.08,18.959988,10.343193,8.540159,8.540149
1.7974057e+25,0.9529411,0.09833876,310000.0,151467.36,149824.08,149824.06,18.959988,10.343589,8.540162,8.54015
1.7974057e+25,0.93938696,0.10142185,310000.0,151467.36,149824.06,149824.05,18.959988,10.343675,8.540155,8.540149
1.7974057e+25,0.9456584,0.10218387,310000.0,151467.36,149824.05,149824.06,18.959988,10.343333,8.540112,8.54015
1.7974057e+25,0.95305675,0.09777739,310000.0,151467.39,149824.05,149824.06,18.959988,10.343397,8.540146,8.540149
1.7974057e+25,0.9420735,0.09955112,310000.0,151467.39,149824.06,149824.06,18.959988,10.343594,8.540152,8.540149
1.7974057e+25,0.9467961,0.09933479,310000.0,151467.36,149824.05,149824.05,18.959988,10.343498,8.540135,8.54015
1.7974057e+25,0.9398535,0.10010621,310000.0,151467.36,149824.08,149824.06,18.959988,10.343285,8.540127,8.540149
1.7974057e+25,0.9362858,0.0982862,310000.0,151467.38,149824.06,149824.06,18.959988,10.343365,8.540157,8.54015
1.7974057e+25,0.94326663,0.09854192,310000.0,151467.44,149824.06,149824.05,18.959988,10.343831,8.540176,8.54015
1.7974057e+25,0.95063084,0.09906696,310000.0,151467.39,149824.05,149824.06,18.959988,10.343794,8.540154,8.540149
1.7974057e+25,0.95021445,0.09659831,310000.0,151467.39,149824.03,149824.03,18.959988,10.343692,8.540146,8.540149
1.7974057e+25,0.94576347,0.098265,310000.0,151467.39,149824.06,149824.05,18.959988,10.343533,8.540149,8.540149
1.7974057e+25,0.9313391,0.097852714,310000.0,151467.31,149824.05,149824.06,18.959988,10.343183,8.540173,8.54015
1.7974057e+25,0.9404683,0.100580916,310000.0,151467.39,149824.06,149824.06,18.959988,10.343082,8.540159,8.540149
1.7974057e+25,0.9388483,0.09951154,310000.0,151467.38,149824.05,149824.06,18.959988,10.343687,8.54014,8.540149
1.7974057e+25,0.94892263,0.09589085,310000.0,151467.4,149824.03,149824.06,18.959988,10.343303,8.540171,8.540149
1.7974057e+25,0.94482964,0.098381594,310000.0,151467.42,149824.05,149824.06,18.959988,10.3435755,8.540155,8.540149
1.7974057e+25,0.945062,0.09967487,310000.0,151467.38,149824.08,149824.06,18.959988,10.3432665,8.540157,8.540149
1.7974057e+25,0.9410193,0.10198489,310000.0,151467.4,149824.05,149824.05,18.959988,10.34343,8.540162,8.540149
1.7974057e+25,0.9377011,0.09775904,310000.0,151467.39,149824.05,149824.06,18.959988,10.3433895,8.540144,8.540149
1.7974057e+25,0.922546,0.0965905,310000.0,151467.4,149824.08,149824.06,18.959988,10.343646,8.540133,8.540149
1.7974057e+25,0.94922537,0.096445665,310000.0,151467.36,149824.06,149824.06,18.959988,10.343292,8.540148,8.54015
1.7974057e+25,0.9370621,0.09844222,310000.0,151467.39,149824.05,149824.06,18.959988,10.343447,8.540145,8.54015
1.7974057e+25,0.9446161,0.09767245,310000.0,151467.39,149824.05,149824.06,18.959988,10.343426,8.540167,8.540149
1.7974057e+25,0.9311355,0.09904522,310000.0,151467.42,149824.08,149824.05,18.959988,10.343596,8.540157,8.54015
1.7974057e+25,0.94560814,0.100794405,310000.0,151467.33,149824.03,149824.06,18.959988,10.3431015,8.540149,8.54015
1.7974057e+25,0.9423429,0.09752684,310000.0,151467.34,149824.08,149824.08,18.959988,10.3434725,8.540149,8.540151
1.7974057e+25,0.91648614,0.096486434,310000.0,151467.36,149824.06,149824.08,18.959988,10.343177,8.540139,8.540149
1.7974057e+25,0.95063984,0.0978407,310000.0,151467.42,149824.06,149824.05,18.959988,10.343693,8.540139,8.540148
1.7974057e+25,0.9306749,0.09645563,310000.0,151467.39,149824.05,149824.05,18.959988,10.343587,8.540152,8.540149
1.7974057e+25,0.9039012,0.09648185,310000.0,151467.4,149824.06,149824.03,18.959988,10.343338,8.540121,8.540149
1.7974057e+25,0.93061787,0.09640927,310000.0,151467.31,149824.06,149824.03,18.959988,10.343207,8.540122,8.54015
1.7974057e+25,0.943768,0.099118784,310000.0,151467.4,149824.05,149824.06,18.959988,10.343409,8.540149,8.54015
1.7974057e+25,0.9448611,0.09896704,310000.0,151467.38,149824.06,149824.06,18.959988,10.343363,8.540147,8.540149
1.7974057e+25,0.9271329,0.09728707,310000.0,151467.39,149824.06,149824.05,18.959988,10.343336,8.540155,8.54015
1.7974057e+25,0.9427778,0.10058999,310000.0,151467.4,149824.05,149824.05,18.959988,10.343789,8.540171,8.54015
1.7974057e+25,0.9493979,0.100178234,310000.0,151467.42,149824.05,149824.06,18.959988,10.343533,8.540142,8.54015
1.7974057e+25,0.9295041,0.09786159,310000.0,151467.42,149824.06,149824.08,18.959988,10.343678,8.540149,8.54015
1.7974057e+25,0.93940663,0.101759665,310000.0,151467.4,149824.06,149824.06,18.959988,10.343455,8.54014,8.54015
1.7974057e+25,0.9376103,0.09580497,310000.0,151467.38,149824.06,149824.06,18.959988,10.343309,8.540167,8.540149
1.7974057e+25,0.927067,0.0969812,310000.0,151467.42,149824.06,149824.03,18.959988,10.343617,8.540119,8.54015
1.7974057e+25,0.95567924,0.0963694,310000.0,151467.4,149824.08,149824.06,18.959988,10.343614,8.540129,8.540149
1.7974057e+25,0.948078,0.09697017,310000.0,151467.38,149824.06,149824.05,18.959988,10.343395,8.540141,8.54015
1.7974057e+25,0.9453455,0.09855471,310000.0,151467.33,149824.06,149824.06,18.959988,10.34323,8.540173,8.540149
1.7974057e+25,0.94772106,0.09872605,310000.0,151467.39,149824.03,149824.05,18.959988,10.343342,8.540139,8.540149
1.7974057e+25,0.9355926,0.097658254,310000.0,151467.38,149824.03,149824.06,18.959988,10.34309,8.540159,8.54015
1.7974057e+25,0.92824596,0.09980285,310000.0,151467.39,149824.03,149824.06,18.959988,10.343635,8.5401535,8.540149
1.7974057e+25,0.9372715,0.09880763,310000.0,151467.38,149824.06,149824.08,18.959988,10.343137,8.540119,8.540149
1.7974057e+25,0.9431986,0.09909966,310000.0,151467.38,149824.05,149824.05,18.959988,10.343492,8.540139,8.540149
1.7974057e+25,0.9401591,0.09877381,310000.0,151467.39,149824.03,149824.06,18.959988,10.343219,8.540179,8.540149
1.7974057e+25,0.9474443,0.097930305,310000.0,151467.34,149824.05,149824.06,18.959988,10.343299,8.540148,8.54015
1.7974057e+25,0.9586736,0.09988239,310000.0,151467.4,149824.06,149824.06,18.959988,10.343532,8.540119,8.540149
1.7974057e+25,0.9569888,0.09564996,310000.0,151467.4,149824.06,149824.06,18.959988,10.343603,8.540174,8.540149
1.7974057e+25,0.94211197,0.097120576,310000.0,151467.4,149824.06,149824.06,18.959988,10.343573,8.540155,8.54015
1.7974057e+25,0.9236978,0.09787164,310000.0,151467.39,149824.06,149824.08,18.959988,10.343461,8.540176,8.54015
1.7974057e+25,0.9389784,0.098799035,310000.0,151467.36,149824.05,149824.05,18.959988,10.34337,8.540162,8.54015
1.7974057e+25,0.9389552,0.09663994,310000.0,151467.36,149824.05,149824.05,18.959988,10.343497,8.540135,8.540149
1.7974057e+25,0.93665725,0.100270756,310000.0,151467.38,149824.06,149824.05,18.959988,10.34321,8.540125,8.540149
1.7974057e+25,0.9373566,0.09642272,310000.0,151467.38,149824.06,149824.05,18.959988,10.343534,8.540128,8.540149
1.7974057e+25,0.8998551,0.0928157,310000.0,151467.39,149824.03,149824.05,18.959988,10.343377,8.540142,8.540149
1.7974057e+25,0.9219495,0.096772894,310000.0,151467.39,149824.06,149824.06,18.959988,10.343354,8.540151,8.54015
1.7974057e+25,0.9265876,0.095717505,310000.0,151467.38,149824.06,149824.08,18.959988,10.343074,8.540137,8.54015
1.7974057e+25,0.9128604,0.09675262,310000.0,151467.38,149824.06,149824.05,18.959988,10.343412,8.540143,8.54015
1.7974057e+25,0.9291188,0.09985675,310000.0,151467.42,149824.06,149824.06,18.959988,10.343774,8.540186,8.54015
1.7974057e+25,0.9188035,0.09660726,310000.0,151467.36,149824.06,149824.03,18.959988,10.343446,8.540154,8.540149
1.7974057e+25,0.93229896,0.0995686,310000.0,151467.42,149824.03,149824.06,18.959988,10.343788,8.540161,8.540149
1.7974057e+25,0.92513496,0.10050764,310000.0,151467.34,149824.05,149824.05,18.959988,10.343752,8.5401535,8.54015
1.7974057e+25,0.9296117,0.09952261,310000.0,151467.42,149824.05,149824.06,18.959988,10.343607,8.540143,8.54015
1.7974057e+25,0.9336958,0.098727964,310000.0,151467.4,149824.08,149824.06,18.959988,10.34337,8.540143,8.540149
1.7974057e+25,0.9443856,0.10009847,310000.0,151467.34,149824.08,149824.05,18.959988,10.343309,8.54015,8.540149
1.7974057e+25,0.9382911,0.099485025,310000.0,151467.4,149824.06,149824.05,18.959988,10.343511,8.540142,8.54015
1.7974057e+25,0.9365466,0.09821856,310000.0,151467.39,149824.05,149824.06,18.959988,10.34348,8.540154,8.540149
1.7974057e+25,0.92618954,0.096980624,310000.0,151467.31,149824.03,149824.05,18.959988,10.342989,8.540141,8.54015
1.7974057e+25,0.94085586,0.09760836,310000.0,151467.44,149824.08,149824.03,18.959988,10.34359,8.540128,8.54015
1.7974057e+25,0.9371316,0.10090797,310000.0,151467.42,149824.03,149824.05,18.959988,10.343552,8.540111,8.540149
1.7974057e+25,0.9486081,0.09960449,310000.0,151467.4,149824.06,149824.05,18.959988,10.343546,8.54014,8.540149
1.7974057e+25,0.9565834,0.0968092,310000.0,151467.39,149824.06,149824.05,18.959988,10.343411,8.540136,8.540149
1.7974057e+25,0.9466094,0.09876786,310000.0,151467.42,149824.06,149824.06,18.959988,10.3435755,8.54014,8.540149
1.7974057e+25,0.9339787,0.0969298,310000.0,151467.39,149824.03,149824.05,18.959988,10.343528,8.540126,8.54015
1.7974057e+25,0.9278882,0.09847737,310000.0,151467.38,149824.05,149824.06,18.959988,10.343274,8.540172,8.540149
1.7974057e+25,0.9376264,0.09904094,310000.0,151467.33,149824.03,149824.05,18.959988,10.34324,8.540136,8.540149
1.7974057e+25,0.91471463,0.097604126,310000.0,151467.3,149824.05,149824.05,18.959988,10.343255,8.540152,8.540149
1.7974057e+25,0.93566394,0.09990551,310000.0,151467.36,149824.05,149824.06,18.959988,10.343192,8.540142,8.540149
1.7974057e+25,0.9441854,0.0996085,310000.0,151467.36,149824.06,149824.03,18.959988,10.343315,8.540139,8.540149
1.7974057e+25,0.9502008,0.10115411,310000.0,151467.34,149824.05,149824.06,18.959988,10.342974,8.540148,8.54015
1.7974057e+25,0.93755066,0.10280965,310000.0,151467.39,149824.05,149824.03,18.959988,10.343255,8.540162,8.54015
1.7974057e+25,0.9336669,0.101455465,310000.0,151467.4,149824.06,149824.05,18.959988,10.343804,8.540132,8.54015
1.7974057e+25,0.9439879,0.099862576,310000.0,151467.34,149824.05,149824.05,18.959988,10.343202,8.540116,8.54015
1.7974057e+25,0.92981315,0.100476034,310000.0,151467.34,149824.08,149824.05,18.959988,10.343506,8.540153,8.540149
1.7974057e+25,0.93321407,0.099584796,310000.0,151467.4,149824.05,149824.03,18.959988,10.343711,8.540172,8.54015
1.7974057e+25,0.9492078,0.1019594,310000.0,151467.36,149824.06,149824.06,18.959988,10.343141,8.5401745,8.54015
1.7974057e+25,0.95131856,0.102881275,310000.0,151467.39,149824.08,149824.05,18.959988,10.34357,8.540135,8.54015
1.7974057e+25,0.93787783,0.09837933,310000.0,151467.36,149824.05,149824.06,18.959988,10.34345,8.540161,8.540149
1.7974057e+25,0.94345987,0.100472964,310000.0,151467.36,149824.03,149824.03,18.959988,10.343497,8.54016,8.54015
1.7974057e+25,0.93575865,0.09795537,310000.0,151467.39,149824.06,149824.06,18.959988,10.343304,8.54018,8.540149
1.7974057e+25,0.931736,0.10154626,310000.0,151467.36,149824.05,149824.05,18.959988,10.343702,8.540126,8.54015
1.7974057e+25,0.9379093,0.10110856,310000.0,151467.36,149824.05,149824.05,18.959988,10.343282,8.540153,8.540149
1.7974057e+25,0.93756574,0.09870371,310000.0,151467.42,149824.05,149824.05,18.959988,10.343407,8.540155,8.54015
1.7974057e+25,0.9344366,0.10480262,310000.0,151467.39,149824.06,149824.05,18.959988,10.343282,8.540127,8.540149
1.7974057e+25,0.9281105,0.103054225,310000.0,151467.36,149824.06,149824.06,18.959988,10.343225,8.540139,8.54015
1.7974057e+25,0.9332873,0.100499235,310000.0,151467.33,149824.05,149824.03,18.959988,10.34368,8.54015,8.54015
1.7974057e+25,0.9317134,0.100083835,310000.0,151467.42,149824.05,149824.03,18.959988,10.343474,8.540173,8.54015
1.7974057e+25,0.9426638,0.09886472,310000.0,151467.39,149824.05,149824.05,18.959988,10.343532,8.540164,8.54015
1.7974057e+25,0.9315068,0.09869919,310000.0,151467.38,149824.06,149824.05,18.959988,10.343477,8.540135,8.54015
1.7974057e+25,0.9439812,0.101916865,310000.0,151467.39,149824.05,149824.05,18.959988,10.343382,8.540124,8.54015
1.7974057e+25,0.94005597,0.10186486,310000.0,151467.4,149824.05,149824.05,18.959988,10.343409,8.540164,8.54015
1.7974057e+25,0.94676834,0.09957448,310000.0,151467.39,149824.05,149824.06,18.959988,10.343175,8.540154,8.54015
1.7974057e+25,0.94808257,0.103542864,310000.0,151467.42,149824.06,149824.03,18.959988,10.343585,8.540136,8.54015
1.7974057e+25,0.9379404,0.09917634,310000.0,151467.4,149824.06,149824.06,18.959988,10.34368,8.540141,8.54015
1.7974057e+25,0.94065374,0.10259677,310000.0,151467.4,149824.06,149824.05,18.959988,10.343424,8.540142,8.540149
1.7974057e+25,0.93184936,0.09954871,310000.0,151467.36,149824.05,149824.05,18.959988,10.3434725,8.540153,8.54015
1.7974057e+25,0.9306671,0.09646086,310000.0,151467.33,149824.05,149824.05,18.959988,10.342972,8.540151,8.54015
1.7974057e+25,0.9463917,0.10146549,310000.0,151467.4,149824.06,149824.05,18.959988,10.343318,8.540165,8.54015
1.7974057e+25,0.9290197,0.09932348,310000.0,151467.39,149824.05,149824.03,18.959988,10.343681,8.540118,8.54015
1.7974057e+25,0.9452578,0.09992078,310000.0,151467.39,149824.06,149824.03,18.959988,10.343384,8.540158,8.54015
1.7974057e+25,0.9379743,0.10323948,310000.0,151467.44,149824.05,149824.06,18.959988,10.343496,8.540139,8.540149
1.7974057e+25,0.93581474,0.10055483,310000.0,151467.38,149824.08,149824.05,18.959988,10.343266,8.5401325,8.54015
1.7974057e+25,0.9316437,0.09942802,310000.0,151467.34,149824.05,149824.05,18.959988,10.343285,8.540151,8.54015
1.7974057e+25,0.93432486,0.100810274,310000.0,151467.39,149824.05,149824.05,18.959988,10.343698,8.540119,8.540149
1.7974057e+25,0.95295393,0.09903774,310000.0,151467.36,149824.06,149824.03,18.959988,10.343287,8.5401325,8.54015
1.7974057e+25,0.94652206,0.099477805,310000.0,151467.36,149824.05,149824.03,18.959988,10.343362,8.540146,8.54015
1.7974057e+25,0.9427613,0.09962821,310000.0,151467.4,149824.05,149824.03,18.959988,10.343439,8.540128,8.540149
1.7974057e+25,0.9352188,0.09749438,310000.0,151467.39,149824.05,149824.05,18.959988,10.343499,8.540121,8.540149
1.7974057e+25,0.9436592,0.10065935,310000.0,151467.36,149824.03,149824.05,18.959988,10.343378,8.540124,8.54015
1.7974057e+25,0.9502533,0.10042369,310000.0,151467.39,149824.06,149824.06,18.959988,10.34342,8.540187,8.54015
1.7974057e+25,0.943218,0.101238534,310000.0,151467.38,149824.05,149824.05,18.959988,10.343486,8.540133,8.540149
1.7974057e+25,0.94438183,0.09944653,310000.0,151467.39,149824.05,149824.03,18.959988,10.343347,8.540132,8.540149
1.7974057e+25,0.93953496,0.101484135,310000.0,151467.33,149824.06,149824.03,18.959988,10.343186,8.540143,8.540149
1.7974057e+25,0.922754,0.09850172,310000.0,151467.39,149824.06,149824.05,18.959988,10.343346,8.540148,8.54015
1.7974057e+25,0.9464847,0.10026245,310000.0,151467.4,149824.05,149824.03,18.959988,10.343372,8.540098,8.54015
1.7974057e+25,0.94467217,0.099240884,310000.0,151467.4,149824.06,149824.05,18.959988,10.343502,8.540179,8.540149
1.7974057e+25,0.9474332,0.101012476,310000.0,151467.38,149824.06,149824.05,18.959988,10.343469,8.54011,8.540149
1.7974057e+25,0.94234514,0.09881132,310000.0,151467.39,149824.05,149824.05,18.959988,10.343463,8.540107,8.54015
1.7974057e+25,0.93495804,0.099420846,310000.0,151467.36,149824.05,149824.05,18.959988,10.343191,8.540134,8.54015
1.7974057e+25,0.93859386,0.09877329,310000.0,151467.38,149824.05,149824.03,18.959988,10.343299,8.5401325,8.54015
1.7974057e+25,0.93787354,0.09794661,310000.0,151467.42,149824.06,149824.03,18.959988,10.34359,8.540168,8.540149
1.7974057e+25,0.951632,0.099722356,310000.0,151467.39,149824.06,149824.05,18.959988,10.343309,8.540136,8.54015
1.7974057e+25,0.95678836,0.103300266,310000.0,151467.33,149824.05,149824.05,18.959988,10.34318,8.540147,8.54015
1.7974057e+25,0.9456072,0.10072749,310000.0,151467.4,149824.06,149824.06,18.959988,10.343518,8.540171,8.54015
1.7974057e+25,0.934751,0.09998929,310000.0,151467.34,149824.06,149824.05,18.959988,10.342991,8.540158,8.540149
1.7974057e+25,0.93281597,0.10126941,310000.0,151467.31,149824.06,149824.03,18.959988,10.342999,8.540131,8.540149
1.7974057e+25,0.9409081,0.10268308,310000.0,151467.4,149824.05,149824.08,18.959988,10.343563,8.540144,8.540149
1.7974057e+25,0.9430842,0.10036038,310000.0,151467.38,149824.03,149824.05,18.959988,10.343436,8.540148,8.54015
1.7974057e+25,0.9374123,0.099590175,310000.0,151467.36,149824.05,149824.03,18.959988,10.343456,8.540147,8.54015
1.7974057e+25,0.946095,0.102200754,310000.0,151467.4,149824.06,149824.05,18.959988,10.343536,8.540106,8.540149
1.7974057e+25,0.9373468,0.10284527,310000.0,151467.36,149824.06,149824.05,18.959988,10.343546,8.540143,8.540149
1.7974057e+25,0.93282694,0.101381905,310000.0,151467.4,149824.08,149824.05,18.959988,10.343699,8.540151,8.54015
1.7974057e+25,0.93950135,0.10053314,310000.0,151467.39,149824.05,149824.05,18.959988,10.343589,8.540157,8.54015
1.7974057e+25,0.95206493,0.10189194,310000.0,151467.39,149824.05,149824.03,18.959988,10.343563,8.5401535,8.54015
1.7974057e+25,0.9510796,0.10071907,310000.0,151467.36,149824.05,149824.06,18.959988,10.34322,8.5401325,8.540149
1.7974057e+25,0.94756323,0.102578096,310000.0,151467.39,149824.05,149824.05,18.959988,10.34345,8.540163,8.540149
1.7974057e+25,0.9335932,0.10160578,310000.0,151467.42,149824.05,149824.05,18.959988,10.343523,8.540142,8.54015
1.7974057e+25,0.93145883,0.10306377,310000.0,151467.39,149824.05,149824.05,18.959988,10.343475,8.540142,8.540149
1.7974057e+25,0.9270828,0.101794876,310000.0,151467.38,149824.06,149824.02,18.959988,10.343061,8.540151,8.54015
1.7974057e+25,0.9332828,0.10197861,310000.0,151467.38,149824.05,149824.05,18.959988,10.343412,8.540181,8.54015
1.7974057e+25,0.92495203,0.10029115,310000.0,151467.36,149824.05,149824.03,18.959988,10.3434725,8.540121,8.54015
1.7974057e+25,0.9196805,0.09963419,310000.0,151467.39,149824.05,149824.05,18.959988,10.343095,8.540173,8.540149
1.7974057e+25,0.94984055,0.10118041,310000.0,151467.39,149824.03,149824.03,18.959988,10.3433275,8.540169,8.540149
1.7974057e+25,0.94472617,0.10122957,310000.0,151467.34,149824.06,149824.05,18.959988,10.343178,8.540093,8.540149
1.7974057e+25,0.9412114,0.102518216,310000.0,151467.36,149824.06,149824.03,18.959988,10.343265,8.540151,8.54015
1.7974057e+25,0.9335623,0.10295926,310000.0,151467.4,149824.03,149824.05,18.959988,10.34336,8.540144,8.54015
1.7974057e+25,0.94744253,0.10114468,310000.0,151467.39,149824.05,149824.08,18.959988,10.343445,8.540141,8.540149
1.7974057e+25,0.9440779,0.09973831,310000.0,151467.39,149824.03,149824.05,18.959988,10.3431015,8.54013,8.54015
1.7974057e+25,0.9339867,0.10024039,310000.0,151467.4,149824.05,149824.05,18.959988,10.343627,8.540145,8.54015
1.7974057e+25,0.920277,0.09725718,310000.0,151467.39,149824.05,149824.05,18.959988,10.343307,8.540164,8.540148
1.7974057e+25,0.9364679,0.09721813,310000.0,151467.4,149824.03,149824.06,18.959988,10.343605,8.540142,8.540149
1.7974057e+25,0.93229836,0.101510905,310000.0,151467.38,149824.06,149824.05,18.959988,10.343347,8.540154,8.54015
1.7974057e+25,0.9132658,0.09750485,310000.0,151467.39,149824.06,149824.06,18.959988,10.34369,8.540171,8.540149
1.7974057e+25,0.93011546,0.101609014,310000.0,151467.4,149824.06,149824.05,18.959988,10.343164,8.540175,8.54015
1.7974057e+25,0.925918,0.100424655,310000.0,151467.42,149824.08,149824.05,18.959988,10.3436575,8.540153,8.540149
1.7974057e+25,0.9367288,0.10142475,310000.0,151467.4,149824.05,149824.05,18.959988,10.343225,8.540157,8.540149
1.7974057e+25,0.9260605,0.09972153,310000.0,151467.34,149824.08,149824.05,18.959988,10.343056,8.540156,8.54015
1.7974057e+25,0.9431657,0.10258718,310000.0,151467.33,149824.05,149824.03,18.959988,10.342897,8.54014,8.540149
1.7974057e+25,0.9218817,0.098371886,310000.0,151467.36,149824.06,149824.06,18.959988,10.343464,8.540144,8.540149
1.7974057e+25,0.9332123,0.10268539,310000.0,151467.4,149824.06,149824.05,18.959988,10.343484,8.540157,8.540149
1.7974057e+25,0.9400446,0.10124049,310000.0,151467.39,149824.05,149824.06,18.959988,10.343609,8.54014,8.540149
1.7974057e+25,0.9371916,0.101650745,310000.0,151467.39,149824.06,149824.08,18.959988,10.343258,8.540175,8.54015
1.7974057e+25,0.9302471,0.10236871,310000.0,151467.4,149824.05,149824.06,18.959988,10.343522,8.540121,8.540149
1.7974057e+25,0.92656213,0.10001623,310000.0,151467.38,149824.05,149824.05,18.959988,10.343358,8.540102,8.540149
1.7974057e+25,0.93391913,0.10350033,310000.0,151467.4,149824.06,149824.05,18.959988,10.343515,8.540135,8.540149
1.7974057e+25,0.9419244,0.10289366,310000.0,151467.39,149824.06,149824.06,18.959988,10.343469,8.540172,8.54015
1.7974057e+25,0.93623525,0.1037659,310000.0,151467.33,149824.06,149824.05,18.959988,10.343272,8.54015,8.540149
1.7974057e+25,0.93919486,0.100073494,310000.0,151467.39,149824.06,149824.05,18.959988,10.343356,8.540118,8.54015
1.7974057e+25,0.92545825,0.101596475,310000.0,151467.38,149824.05,149824.05,18.959988,10.343145,8.540162,8.540149
1.7974057e+25,0.93250877,0.10035726,310000.0,151467.38,149824.05,149824.06,18.959988,10.343487,8.540141,8.54015
1.7974057e+25,0.9297822,0.10234378,310000.0,151467.33,149824.05,149824.05,18.959988,10.343474,8.540121,8.540149
1.7974057e+25,0.9308496,0.0992412,310000.0,151467.44,149824.05,149824.03,18.959988,10.343306,8.540153,8.54015
1.7974057e+25,0.94080013,0.09917855,310000.0,151467.36,149824.06,149824.06,18.959988,10.343453,8.54014,8.540149
1.7974057e+25,0.9359167,0.10110066,310000.0,151467.38,149824.05,149824.06,18.959988,10.343384,8.540141,8.54015
1.7974057e+25,0.9421149,0.10474479,310000.0,151467.38,149824.06,149824.06,18.959988,10.343273,8.540149,8.540149
1.7974057e+25,0.93947506,0.0997633,310000.0,151467.36,149824.03,149824.06,18.959988,10.34361,8.540146,8.540149
1.7974057e+25,0.936473,0.099842824,310000.0,151467.45,149824.05,149824.05,18.959988,10.3435545,8.540144,8.54015
1.7974057e+25,0.9312058,0.10114249,310000.0,151467.33,149824.05,149824.05,18.959988,10.343259,8.540135,8.540149
1.7974057e+25,0.9356759,0.10091953,310000.0,151467.36,149824.06,149824.05,18.959988,10.343216,8.540137,8.54015
1.7974057e+25,0.93070245,0.099161945,310000.0,151467.39,149824.06,149824.05,18.959988,10.343312,8.54015,8.540149
1.7974057e+25,0.932571,0.10229858,310000.0,151467.34,149824.05,149824.06,18.959988,10.343214,8.540106,8.54015
1.7974057e+25,0.9424917,0.100875854,310000.0,151467.39,149824.08,149824.08,18.959988,10.34343,8.540151,8.540151
1.7974057e+25,0.94753563,0.10145608,310000.0,151467.4,149824.05,149824.06,18.959988,10.34344,8.540147,8.540149
1.7974057e+25,0.9325252,0.09939529,310000.0,151467.38,149824.05,149824.05,18.959988,10.343583,8.540144,8.54015
1.7974057e+25,0.92578334,0.10058191,310000.0,151467.39,149824.03,149824.05,18.959988,10.343598,8.540155,8.540149
1.7974057e+25,0.9400603,0.10172784,310000.0,151467.34,149824.06,149824.06,18.959988,10.343029,8.540124,8.540149
1.7974057e+25,0.9362706,0.10196547,310000.0,151467.33,149824.06,149824.05,18.959988,10.34317,8.54014,8.540149
1.7974057e+25,0.93175536,0.10053194,310000.0,151467.39,149824.05,149824.06,18.959988,10.343168,8.540149,8.540149
1.7974057e+25,0.9371247,0.10302759,310000.0,151467.38,149824.05,149824.05,18.959988,10.343155,8.5401535,8.54015
1.7974057e+25,0.94220275,0.10377634,310000.0,151467.38,149824.06,149824.06,18.959988,10.343385,8.540135,8.540149
1.7974057e+25,0.9487865,0.10164091,310000.0,151467.39,149824.03,149824.06,18.959988,10.343677,8.540143,8.54015
1.7974057e+25,0.92718333,0.09954254,310000.0,151467.4,149824.05,149824.05,18.959988,10.343388,8.540172,8.540149
1.7974057e+25,0.92352134,0.099650286,310000.0,151467.4,149824.06,149824.06,18.959988,10.343475,8.540135,8.540149
1.7974057e+25,0.9472503,0.10060818,310000.0,151467.38,149824.05,149824.05,18.959988,10.343311,8.540151,8.54015
1.7974057e+25,0.9512292,0.10349606,310000.0,151467.33,149824.05,149824.06,18.959988,10.343358,8.540179,8.54015
1.7974057e+25,0.93873173,0.100803815,310000.0,151467.34,149824.06,149824.05,18.959988,10.343136,8.540154,8.54015
1.7974057e+25,0.94682455,0.099664584,310000.0,151467.38,149824.06,149824.03,18.959988,10.343284,8.540108,8.540149
1.7974057e+25,0.9503066,0.10030725,310000.0,151467.39,149824.05,149824.05,18.959988,10.343586,8.540135,8.54015
1.7974057e+25,0.93172747,0.10141793,310000.0,151467.42,149824.05,149824.05,18.959988,10.343684,8.540141,8.540149
1.7974057e+25,0.8986097,0.10064568,310000.0,151467.39,149824.06,149824.05,18.959988,10.343111,8.540131,8.54015
1.7974057e+25,0.93329394,0.10055313,310000.0,151467.44,149824.05,149824.06,18.959988,10.343697,8.540137,8.540148
1.7974057e+25,0.9372073,0.103396736,310000.0,151467.36,149824.06,149824.06,18.959988,10.343318,8.540161,8.540149
1.7974057e+25,0.92165375,0.09753439,310000.0,151467.39,149824.06,149824.06,18.959988,10.34344,8.540147,8.540149
1.7974057e+25,0.9382589,0.09977603,310000.0,151467.34,149824.06,149824.05,18.959988,10.34349,8.540164,8.54015
1.7974057e+25,0.92794514,0.10185486,310000.0,151467.39,149824.03,149824.06,18.959988,10.343446,8.540151,8.540149
1.7974057e+25,0.930336,0.10219924,310000.0,151467.4,149824.05,149824.05,18.959988,10.343557,8.540144,8.540149
1.7974057e+25,0.93330365,0.10345503,310000.0,151467.31,149824.06,149824.05,18.959988,10.342876,8.540118,8.540149
1.7974057e+25,0.93207246,0.1020569,310000.0,151467.39,149824.05,149824.06,18.959988,10.343587,8.540157,8.540149
1.7974057e+25,0.92665875,0.10422659,310000.0,151467.36,149824.05,149824.05,18.959988,10.343199,8.540138,8.540149
1.7974057e+25,0.9167113,0.0984091,310000.0,151467.39,149824.06,149824.03,18.959988,10.343691,8.540182,8.540149
1.7974057e+25,0.94408786,0.102484725,310000.0,151467.39,149824.06,149824.05,18.959988,10.343394,8.540162,8.540149
1.7974057e+25,0.93180543,0.101778045,310000.0,151467.4,149824.06,149824.06,18.959988,10.3432255,8.540131,8.54015
1.7974057e+25,0.93320423,0.10341072,310000.0,151467.36,149824.06,149824.06,18.959988,10.3434,8.540139,8.54015
1.7974057e+25,0.92011184,0.10150432,310000.0,151467.4,149824.06,149824.05,18.959988,10.343401,8.540149,8.540149
1.7974057e+25,0.9347742,0.09995707,310000.0,151467.4,149824.05,149824.03,18.959988,10.34347,8.540171,8.540149
1.7974057e+25,0.9471695,0.10292544,310000.0,151467.42,149824.03,149824.05,18.959988,10.343482,8.540164,8.540149
1.7974057e+25,0.93482804,0.10045495,310000.0,151467.38,149824.05,149824.06,18.959988,10.343148,8.5401325,8.540149
1.7974057e+25,0.92903787,0.10015168,310000.0,151467.4,149824.06,149824.05,18.959988,10.343534,8.540097,8.540148
1.7974057e+25,0.9336327,0.100448795,310000.0,151467.4,149824.06,149824.06,18.959988,10.3434925,8.540156,8.540149
1.7974057e+25,0.9380709,0.10016768,310000.0,151467.36,149824.06,149824.05,18.959988,10.343353,8.540115,8.54015
1.7974057e+25,0.9294633,0.10492245,310000.0,151467.39,149824.06,149824.06,18.959988,10.343492,8.540135,8.540149
1.7974057e+25,0.9349256,0.10243404,310000.0,151467.39,149824.06,149824.06,18.959988,10.343421,8.540145,8.540149
1.7974057e+25,0.9406473,0.101780064,310000.0,151467.4,149824.05,149824.05,18.959988,10.3434105,8.540165,8.540149
1.7974057e+25,0.9362067,0.101667956,310000.0,151467.36,149824.06,149824.05,18.959988,10.343438,8.540146,8.540149
1.7974057e+25,0.9220893,0.09923209,310000.0,151467.4,149824.05,149824.05,18.959988,10.343769,8.540157,8.540149
1.7974057e+25,0.92896175,0.102588125,310000.0,151467.36,149824.05,149824.06,18.959988,10.3431635,8.540129,8.54015
1.7974057e+25,0.9396565,0.10282315,310000.0,151467.34,149824.06,149824.08,18.959988,10.343189,8.540123,8.54015
1.7974057e+25,0.9135126,0.09914649,310000.0,151467.34,149824.06,149824.06,18.959988,10.343061,8.54014,8.540149
1.7974057e+25,0.93727005,0.10345643,310000.0,151467.36,149824.06,149824.05,18.959988,10.343586,8.540138,8.540149
1.7974057e+25,0.94604456,0.10263172,310000.0,151467.38,149824.05,149824.05,18.959988,10.343433,8.540141,8.540149
1.7974057e+25,0.92997736,0.10075479,310000.0,151467.42,149824.03,149824.05,18.959988,10.3434515,8.54016,8.540149
1.7974057e+25,0.9387297,0.101683766,310000.0,151467.4,149824.05,149824.06,18.959988,10.343806,8.540122,8.540149
1.7974057e+25,0.93054533,0.10224981,310000.0,151467.42,149824.05,149824.06,18.959988,10.343425,8.540169,8.540149
1.7974057e+25,0.938025,0.1024863,310000.0,151467.38,149824.06,149824.05,18.959988,10.343404,8.54013,8.540149
1.7974057e+25,0.9456059,0.100674555,310000.0,151467.39,149824.05,149824.06,18.959988,10.343264,8.540112,8.540149
1.7974057e+25,0.9268148,0.10327983,310000.0,151467.4,149824.06,149824.06,18.959988,10.343618,8.540146,8.540149
1.7974057e+25,0.93973017,0.10343468,310000.0,151467.39,149824.03,149824.05,18.959988,10.343489,8.540123,8.540149
1.7974057e+25,0.93766,0.102266744,310000.0,151467.38,149824.05,149824.06,18.959988,10.343443,8.540147,8.540149
1.7974057e+25,0.9342279,0.10453851,310000.0,151467.39,149824.06,149824.05,18.959988,10.343417,8.540161,8.540149
1.7974057e+25,0.9374596,0.10166285,310000.0,151467.38,149824.03,149824.08,18.959988,10.343532,8.540169,8.54015
1.7974057e+25,0.93329734,0.1026777,310000.0,151467.36,149824.06,149824.06,18.959988,10.343619,8.54012,8.540149
1.7974057e+25,0.9372125,0.10233038,310000.0,151467.42,149824.02,149824.05,18.959988,10.343614,8.54016,8.540149
1.7974057e+25,0.9231056,0.10029602,310000.0,151467.36,149824.05,149824.06,18.959988,10.343547,8.540173,8.540149
1.7974057e+25,0.9332626,0.102607585,310000.0,151467.36,149824.05,149824.05,18.959988,10.343001,8.540144,8.54015
1.7974057e+25,0.924669,0.101377204,310000.0,151467.39,149824.06,149824.03,18.959988,10.343584,8.540098,8.540149
1.7974057e+25,0.9458393,0.10229152,310000.0,151467.38,149824.03,149824.08,18.959988,10.343233,8.540133,8.54015
1.7974057e+25,0.95043296,0.10265321,310000.0,151467.42,149824.06,149824.03,18.959988,10.343375,8.540126,8.54015
1.7974057e+25,0.9427016,0.10028597,310000.0,151467.39,149824.06,149824.05,18.959988,10.3433,8.540177,8.54015
1.7974057e+25,0.9167681,0.09886432,310000.0,151467.38,149824.05,149824.08,18.959988,10.343388,8.540133,8.540146
1.7974057e+25,0.9292698,0.0996518,310000.0,151467.39,149824.05,149824.06,18.959988,10.343098,8.540149,8.540147
1.7974057e+25,0.91346633,0.099401794,310000.0,151467.38,149824.08,149824.05,18.959988,10.343446,8.540133,8.540146
1.7974057e+25,0.9326317,0.1005239,310000.0,151467.4,149824.06,149824.06,18.959988,10.343572,8.540137,8.540146
1.7974057e+25,0.9199283,0.10837228,310000.0,151467.44,149824.06,149824.05,18.959988,10.343676,8.540167,8.540146
1.7974057e+25,0.940699,0.10235812,310000.0,151467.4,149824.03,149824.03,18.959988,10.343889,8.540124,8.540147
1.7974057e+25,0.94003654,0.10617213,310000.0,151467.4,149824.06,149824.05,18.959988,10.343486,8.540161,8.540147
1.7974057e+25,0.9364479,0.1071931,310000.0,151467.38,149824.05,149824.06,18.959988,10.343491,8.540141,8.540147
1.7974057e+25,0.95058346,0.10394841,310000.0,151467.42,149824.06,149824.05,18.959988,10.343555,8.54015,8.540147
1.7974057e+25,0.9411132,0.10396906,310000.0,151467.4,149824.06,149824.05,18.959988,10.343424,8.540114,8.540146
1.7974057e+25,0.94177645,0.1031248,310000.0,151467.38,149824.05,149824.05,18.959988,10.343428,8.540152,8.540147
1.7974057e+25,0.9399256,0.104644455,310000.0,151467.4,149824.06,149824.05,18.959988,10.343328,8.54014,8.540147
1.7974057e+25,0.92710257,0.10267065,310000.0,151467.38,149824.05,149824.06,18.959988,10.343212,8.540147,8.540147
1.7974057e+25,0.9442276,0.10018714,310000.0,151467.38,149824.06,149824.06,18.959988,10.343421,8.540131,8.540147
1.7974057e+25,0.93565613,0.10323001,310000.0,151467.33,149824.06,149824.05,18.959988,10.343312,8.540161,8.540146
1.7974057e+25,0.93394923,0.10178094,310000.0,151467.44,149824.06,149824.06,18.959988,10.343583,8.540143,8.540148
1.7974057e+25,0.9338925,0.10245798,310000.0,151467.38,149824.06,149824.03,18.959988,10.343234,8.540138,8.540146
1.7974057e+25,0.9362444,0.10396154,310000.0,151467.38,149824.08,149824.05,18.959988,10.343187,8.540162,8.540146
1.7974057e+25,0.9406044,0.10309869,310000.0,151467.38,149824.06,149824.06,18.959988,10.34319,8.540171,8.540146
1.7974057e+25,0.94432473,0.10248937,310000.0,151467.33,149824.03,149824.05,18.959988,10.343181,8.540145,8.540147
1.7974057e+25,0.92393863,0.10167124,310000.0,151467.44,149824.06,149824.08,18.959988,10.343787,8.5401535,8.540147
1.7974057e+25,0.93674195,0.10730548,310000.0,151467.39,149824.05,149824.06,18.959988,10.343191,8.540143,8.540146
1.7974057e+25,0.9338259,0.10481399,310000.0,151467.33,149824.06,149824.06,18.959988,10.343309,8.540133,8.540147
1.7974057e+25,0.93926257,0.10420669,310000.0,151467.39,149824.05,149824.08,18.959988,10.343427,8.540153,8.540146
1.7974057e+25,0.9455053,0.101676665,310000.0,151467.4,149824.06,149824.08,18.959988,10.343396,8.540132,8.540147
1.7974057e+25,0.9487974,0.10485145,310000.0,151467.33,149824.06,149824.06,18.959988,10.343128,8.540171,8.540147
1.7974057e+25,0.9355396,0.10192397,310000.0,151467.39,149824.05,149824.06,18.959988,10.343676,8.540124,8.540146
1.7974057e+25,0.9310466,0.10423253,310000.0,151467.38,149824.05,149824.05,18.959988,10.343201,8.540131,8.540147
1.7974057e+25,0.926518,0.10070084,310000.0,151467.42,149824.06,149824.06,18.959988,10.343583,8.540118,8.540146
1.7974057e+25,0.9238386,0.101305164,310000.0,151467.38,149824.05,149824.05,18.959988,10.3432,8.54016,8.540148
1.7974057e+25,0.9244489,0.11518962,310000.0,151467.3,149824.05,149824.05,18.959988,10.343061,8.540142,8.540146
1.7974057e+25,0.9330282,0.114875205,310000.0,151467.39,149824.05,149824.06,18.959988,10.343026,8.540156,8.540147
1.7974057e+25,0.91164607,0.11147458,310000.0,151467.34,149824.05,149824.08,18.959988,10.343109,8.540155,8.540147
1.7974057e+25,0.9182642,0.100660376,310000.0,151467.39,149824.05,149824.05,18.959988,10.343324,8.540136,8.540147
1.7974057e+25,0.9351621,0.10229474,310000.0,151467.31,149824.06,149824.05,18.959988,10.343,8.540149,8.540146
1.7974057e+25,0.94726163,0.10372336,310000.0,151467.39,149824.08,149824.05,18.959988,10.343428,8.540164,8.540146
1.7974057e+25,0.92188716,0.10140233,310000.0,151467.33,149824.05,149824.05,18.959988,10.343275,8.540143,8.540147
1.7974057e+25,0.93730474,0.10302296,310000.0,151467.4,149824.06,149824.06,18.959988,10.343567,8.540173,8.540147
1.7974057e+25,0.9413429,0.1014585,310000.0,151467.4,149824.05,149824.06,18.959988,10.343333,8.540191,8.540146
1.7974057e+25,0.93662065,0.10200069,310000.0,151467.42,149824.06,149824.08,18.959988,10.343423,8.540157,8.540147
1.7974057e+25,0.93149704,0.10024105,310000.0,151467.36,149824.06,149824.05,18.959988,10.34315,8.540156,8.540146
1.7974057e+25,0.9331419,0.10278914,310000.0,151467.4,149824.05,149824.06,18.959988,10.343182,8.540157,8.540146
1.7974057e+25,0.9357136,0.102978915,310000.0,151467.34,149824.06,149824.05,18.959988,10.343175,8.540163,8.540146
1.7974057e+25,0.939121,0.10069831,310000.0,151467.38,149824.05,149824.06,18.959988,10.343159,8.540189,8.540147
1.7974057e+25,0.93262655,0.10329401,310000.0,151467.38,149824.06,149824.08,18.959988,10.343293,8.540154,8.540147
1.7974057e+25,0.9474967,0.10386159,310000.0,151467.39,149824.05,149824.03,18.959988,10.343511,8.540136,8.540147
1.7974057e+25,0.93457276,0.10397222,310000.0,151467.39,149824.05,149824.05,18.959988,10.343519,8.540153,8.540147
1.7974057e+25,0.9529853,0.10168726,310000.0,151467.36,149824.03,149824.06,18.959988,10.343234,8.54015,8.540146
1.7974057e+25,0.9306787,0.10320927,310000.0,151467.39,149824.05,149824.05,18.959988,10.343646,8.540126,8.540146
1.7974057e+25,0.93803567,0.103258766,310000.0,151467.34,149824.06,149824.05,18.959988,10.343002,8.540153,8.540146
1.7974057e+25,0.9369054,0.10276646,310000.0,151467.44,149824.06,149824.06,18.959988,10.343668,8.540183,8.540148
1.7974057e+25,0.9367017,0.1036502,310000.0,151467.4,149824.05,149824.08,18.959988,10.34336,8.540131,8.540147
1.7974057e+25,0.93902576,0.105718516,310000.0,151467.34,149824.05,149824.06,18.959988,10.343221,8.540133,8.540148
1.7974057e+25,0.94091815,0.10414198,310000.0,151467.39,149824.05,149824.03,18.959988,10.34339,8.5401745,8.540147
1.7974057e+25,0.94010115,0.103657335,310000.0,151467.34,149824.08,149824.05,18.959988,10.343149,8.540153,8.540146
1.7974057e+25,0.9472715,0.09989387,310000.0,151467.38,149824.05,149824.06,18.959988,10.343277,8.540137,8.540146
1.7974057e+25,0.945582,0.10151312,310000.0,151467.36,149824.05,149824.08,18.959988,10.34327,8.540129,8.540146
1.7974057e+25,0.9288265,0.105774924,310000.0,151467.36,149824.08,149824.05,18.959988,10.343187,8.540145,8.540146
1.7974057e+25,0.94210035,0.0989694,310000.0,151467.38,149824.06,149824.08,18.959988,10.343306,8.540142,8.540146
1.7974057e+25,0.93731123,0.10322965,310000.0,151467.42,149824.02,149824.06,18.959988,10.343547,8.540178,8.540146
1.7974057e+25,0.94191426,0.100703776,310000.0,151467.39,149824.06,149824.06,18.959988,10.343212,8.540123,8.540146
1.7974057e+25,0.94337887,0.10360643,310000.0,151467.4,149824.06,149824.06,18.959988,10.343437,8.540148,8.540148
1.7974057e+25,0.9525157,0.104578294,310000.0,151467.38,149824.06,149824.05,18.959988,10.343321,8.540135,8.540147
1.7974057e+25,0.94834226,0.10448329,310000.0,151467.39,149824.06,149824.05,18.959988,10.343545,8.540131,8.540146
1.7974057e+25,0.9337566,0.09982056,310000.0,151467.39,149824.05,149824.08,18.959988,10.343445,8.540153,8.540147
1.7974057e+25,0.92473936,0.10498274,310000.0,151467.4,149824.06,149824.05,18.959988,10.34361,8.5401325,8.540146
1.7974057e+25,0.9498018,0.108258456,310000.0,151467.38,149824.05,149824.05,18.959988,10.343436,8.540178,8.540146
1.7974057e+25,0.93944424,0.100412466,310000.0,151467.44,149824.06,149824.08,18.959988,10.343662,8.540128,8.540147
1.7974057e+25,0.9354275,0.10420319,310000.0,151467.38,149824.05,149824.08,18.959988,10.343555,8.540119,8.540147
1.7974057e+25,0.9513163,0.10200135,310000.0,151467.4,149824.05,149824.06,18.959988,10.343553,8.540093,8.540147
1.7974057e+25,0.94160545,0.10333111,310000.0,151467.38,149824.06,149824.05,18.959988,10.343539,8.540138,8.540145
1.7974057e+25,0.9467398,0.10436529,310000.0,151467.36,149824.06,149824.08,18.959988,10.343297,8.540112,8.540146
1.7974057e+25,0.9260897,0.1009855,310000.0,151467.38,149824.06,149824.05,18.959988,10.343454,8.540124,8.540146
1.7974057e+25,0.9562168,0.09760952,310000.0,151467.42,149824.03,149824.06,18.959988,10.343675,8.540143,8.540146
1.7974057e+25,0.9263951,0.101821445,310000.0,151467.31,149824.06,149824.08,18.959988,10.34317,8.540152,8.540146
1.7974057e+25,0.9239895,0.1017875,310000.0,151467.33,149824.06,149824.06,18.959988,10.34313,8.540092,8.540147
1.7974057e+25,0.92282856,0.103903115,310000.0,151467.39,149824.05,149824.05,18.959988,10.34365,8.540109,8.540147
1.7974057e+25,0.9443067,0.1034804,310000.0,151467.39,149824.06,149824.08,18.959988,10.343386,8.540146,8.540146
1.7974057e+25,0.948315,0.102815375,310000.0,151467.33,149824.06,149824.05,18.959988,10.343064,8.540169,8.540145
1.7974057e+25,0.9319304,0.10237567,310000.0,151467.31,149824.06,149824.06,18.959988,10.343321,8.540142,8.540147
1.7974057e+25,0.94380516,0.10382515,310000.0,151467.42,149824.06,149824.08,18.959988,10.343588,8.540133,8.540146
1.7974057e+25,0.9166994,0.111294664,310000.0,151467.34,149824.05,149824.05,18.959988,10.343464,8.540152,8.540147
1.7974057e+25,0.93515027,0.10268116,310000.0,151467.4,149824.03,149824.06,18.959988,10.343488,8.540183,8.540147
1.7974057e+25,0.94835055,0.10202043,310000.0,151467.4,149824.03,149824.06,18.959988,10.34367,8.540161,8.540147
1.7974057e+25,0.9456987,0.10165558,310000.0,151467.42,149824.03,149824.05,18.959988,10.343681,8.540168,8.540147
1.7974057e+25,0.9298438,0.10217155,310000.0,151467.34,149824.05,149824.05,18.959988,10.343288,8.540103,8.540146
1.7974057e+25,0.92606866,0.10196721,310000.0,151467.38,149824.05,149824.06,18.959988,10.343381,8.54016,8.540147
1.7974057e+25,0.9407442,0.101756305,310000.0,151467.38,149824.05,149824.06,18.959988,10.343442,8.540122,8.540146
1.7974057e+25,0.94194216,0.102067135,310000.0,151467.4,149824.06,149824.06,18.959988,10.343257,8.540145,8.540147
1.7974057e+25,0.9487903,0.101191625,310000.0,151467.36,149824.06,149824.05,18.959988,10.343418,8.540148,8.540146
1.7974057e+25,0.9475715,0.10304135,310000.0,151467.42,149824.05,149824.06,18.959988,10.343482,8.540161,8.540146
1.7974057e+25,0.93595374,0.10373353,310000.0,151467.39,149824.06,149824.06,18.959988,10.343332,8.540142,8.540147
1.7974057e+25,0.94417554,0.10280347,310000.0,151467.36,149824.05,149824.05,18.959988,10.343076,8.540147,8.540147
1.7974057e+25,0.9390762,0.11242058,310000.0,151467.39,149824.06,149824.06,18.959988,10.34354,8.540153,8.540147
1.7974057e+25,0.91483414,0.1127843,310000.0,151467.38,149824.06,149824.03,18.959988,10.343077,8.540146,8.540146
1.7974057e+25,0.9382478,0.1044646,310000.0,151467.36,149824.05,149824.05,18.959988,10.343283,8.540126,8.540146
1.7974057e+25,0.93224233,0.10405603,310000.0,151467.38,149824.05,149824.06,18.959988,10.343253,8.540166,8.540146
1.7974057e+25,0.92376125,0.11473726,310000.0,151467.4,149824.05,149824.08,18.959988,10.343627,8.540157,8.540147
1.7974057e+25,0.9162948,0.11318954,310000.0,151467.33,149824.08,149824.06,18.959988,10.343226,8.540157,8.540152
1.7974057e+25,0.9118988,0.11300822,310000.0,151467.39,149824.06,149824.05,18.959988,10.343705,8.540149,8.540151
1.7974057e+25,0.91282225,0.106254704,310000.0,151467.4,149824.06,149824.06,18.959988,10.343618,8.540136,8.540151
1.7974057e+25,0.9102177,0.108857274,310000.0,151467.34,149824.06,149824.06,18.959988,10.343369,8.54015,8.540151
1.7974057e+25,0.9312918,0.09998639,310000.0,151467.44,149824.03,149824.05,18.959988,10.34368,8.540168,8.540151
1.7974057e+25,0.928948,0.10438919,310000.0,151467.36,149824.06,149824.06,18.959988,10.3434725,8.540152,8.540151
1.7974057e+25,0.90532243,0.114208944,310000.0,151467.42,149824.05,149824.05,18.959988,10.343381,8.540153,8.540152
1.7974057e+25,0.91374356,0.1003994,310000.0,151467.31,149824.06,149824.08,18.959988,10.343357,8.540141,8.540152
1.7974057e+25,0.93983597,0.100709006,310000.0,151467.36,149824.06,149824.05,18.959988,10.343107,8.540147,8.540151
1.7974057e+25,0.940191,0.101224154,310000.0,151467.39,149824.06,149824.06,18.959988,10.343407,8.540152,8.540151
1.7974057e+25,0.9415033,0.09975373,310000.0,151467.38,149824.05,149824.06,18.959988,10.34336,8.540133,8.54015
1.7974057e+25,0.9307079,0.1001948,310000.0,151467.34,149824.06,149824.06,18.959988,10.343472,8.54018,8.540151
1.7974057e+25,0.93989927,0.10337581,310000.0,151467.39,149824.06,149824.06,18.959988,10.343223,8.540151,8.540151
1.7974057e+25,0.9362162,0.102798745,310000.0,151467.34,149824.03,149824.06,18.959988,10.343153,8.540166,8.540151
1.7974057e+25,0.9320775,0.104238726,310000.0,151467.39,149824.05,149824.06,18.959988,10.343662,8.540142,8.540151
1.7974057e+25,0.9312779,0.105468296,310000.0,151467.34,149824.05,149824.05,18.959988,10.343312,8.540159,8.540151
1.7974057e+25,0.93648034,0.1047782,310000.0,151467.36,149824.06,149824.05,18.959988,10.343271,8.540135,8.540151
1.7974057e+25,0.9487453,0.10447859,310000.0,151467.31,149824.05,149824.06,18.959988,10.342952,8.540139,8.540151
1.7974057e+25,0.92921746,0.10380423,310000.0,151467.44,149824.05,149824.06,18.959988,10.343371,8.540121,8.540152
1.7974057e+25,0.9291868,0.10376216,310000.0,151467.39,149824.06,149824.06,18.959988,10.343275,8.540145,8.540152
1.7974057e+25,0.9282403,0.10423323,310000.0,151467.42,149824.05,149824.05,18.959988,10.343736,8.540129,8.540151
1.7974057e+25,0.9175832,0.10186663,310000.0,151467.38,149824.06,149824.06,18.959988,10.343388,8.540152,8.540151
1.7974057e+25,0.94166714,0.1034752,310000.0,151467.34,149824.06,149824.06,18.959988,10.343261,8.540154,8.54015
1.7974057e+25,0.947043,0.10404525,310000.0,151467.34,149824.06,149824.06,18.959988,10.343163,8.540157,8.540151
1.7974057e+25,0.93608123,0.103792906,310000.0,151467.36,149824.06,149824.06,18.959988,10.343192,8.540121,8.540151
1.7974057e+25,0.9531527,0.105875455,310000.0,151467.42,149824.03,149824.05,18.959988,10.343181,8.540159,8.540152
1.7974057e+25,0.9412031,0.10377082,310000.0,151467.42,149824.06,149824.05,18.959988,10.343653,8.540125,8.540151
1.7974057e+25,0.9276909,0.10523604,310000.0,151467.34,149824.06,149824.08,18.959988,10.343228,8.540146,8.540152
1.7974057e+25,0.9136182,0.10170638,310000.0,151467.4,149824.03,149824.06,18.959988,10.343294,8.540181,8.540152
1.7974057e+25,0.93337846,0.10623255,310000.0,151467.38,149824.08,149824.06,18.959988,10.343372,8.54016,8.54015
1.7974057e+25,0.93966126,0.10338746,310000.0,151467.38,149824.05,149824.05,18.959988,10.343446,8.540161,8.540151
1.7974057e+25,0.9329452,0.10305472,310000.0,151467.33,149824.06,149824.06,18.959988,10.343172,8.540156,8.540151
1.7974057e+25,0.9432417,0.10354546,310000.0,151467.39,149824.05,149824.06,18.959988,10.343863,8.540127,8.540151
1.7974057e+25,0.94624966,0.103419244,310000.0,151467.36,149824.05,149824.05,18.959988,10.34318,8.540126,8.540151
1.7974057e+25,0.94085604,0.106414214,310000.0,151467.44,149824.06,149824.08,18.959988,10.343904,8.540111,8.540152
1.7974057e+25,0.9467945,0.10482693,310000.0,151467.36,149824.05,149824.06,18.959988,10.343132,8.5401325,8.540151
1.7974057e+25,0.94266665,0.10388573,310000.0,151467.33,149824.06,149824.06,18.959988,10.342974,8.540159,8.54015
1.7974057e+25,0.93041265,0.104960166,310000.0,151467.39,149824.06,149824.06,18.959988,10.343261,8.540164,8.540152
1.7974057e+25,0.93221664,0.10414382,310000.0,151467.39,149824.06,149824.06,18.959988,10.343061,8.540121,8.540152
1.7974057e+25,0.94318014,0.10301813,310000.0,151467.38,149824.06,149824.05,18.959988,10.34361,8.540142,8.540152
1.7974057e+25,0.9428293,0.10579984,310000.0,151467.38,149824.08,149824.06,18.959988,10.3433895,8.540154,8.540152
1.7974057e+25,0.94382954,0.10280331,310000.0,151467.38,149824.05,149824.05,18.959988,10.343208,8.540169,8.540151
1.7974057e+25,0.93905735,0.10350732,310000.0,151467.34,149824.05,149824.05,18.959988,10.343182,8.540152,8.540151
1.7974057e+25,0.92843854,0.106302425,310000.0,151467.36,149824.06,149824.08,18.959988,10.343154,8.540108,8.540151
1.7974057e+25,0.9361087,0.102711365,310000.0,151467.38,149824.06,149824.05,18.959988,10.34345,8.5401325,8.540152
1.7974057e+25,0.9375702,0.10662853,310000.0,151467.38,149824.06,149824.08,18.959988,10.343331,8.540146,8.540151
1.7974057e+25,0.91106945,0.10096968,310000.0,151467.4,149824.05,149824.06,18.959988,10.343281,8.540137,8.540152
1.7974057e+25,0.932024,0.10593971,310000.0,151467.42,149824.06,149824.06,18.959988,10.343328,8.540114,8.540151
1.7974057e+25,0.9091751,0.10444365,310000.0,151467.31,149824.06,149824.06,18.959988,10.342936,8.540172,8.540151
1.7974057e+25,0.92609364,0.104764625,310000.0,151467.36,149824.05,149824.06,18.959988,10.343632,8.540099,8.540151
1.7974057e+25,0.93278193,0.10873833,310000.0,151467.39,149824.05,149824.06,18.959988,10.343667,8.540147,8.540151
1.7974057e+25,0.9415256,0.10501102,310000.0,151467.38,149824.03,149824.06,18.959988,10.343145,8.540154,8.540152
1.7974057e+25,0.941059,0.10661986,310000.0,151467.36,149824.06,149824.06,18.959988,10.343333,8.540139,8.540151
1.7974057e+25,0.9344627,0.11433398,310000.0,151467.38,149824.06,149824.08,18.959988,10.343387,8.540146,8.540152
1.7974057e+25,0.9412136,0.10181568,310000.0,151467.38,149824.05,149824.06,18.959988,10.343453,8.540136,8.540152
1.7974057e+25,0.9398753,0.11543447,310000.0,151467.34,149824.05,149824.05,18.959988,10.343382,8.540163,8.540151
1.7974057e+25,0.93542683,0.11355256,310000.0,151467.38,149824.05,149824.08,18.959988,10.343433,8.54014,8.540151
1.7974057e+25,0.94240326,0.10203405,310000.0,151467.39,149824.06,149824.06,18.959988,10.3434725,8.540163,8.54015
1.7974057e+25,0.93402153,0.10195491,310000.0,151467.42,149824.03,149824.06,18.959988,10.343536,8.540094,8.540151
1.7974057e+25,0.944613,0.1079567,310000.0,151467.39,149824.03,149824.05,18.959988,10.343702,8.540143,8.540152
1.7974057e+25,0.93219256,0.10662498,310000.0,151467.34,149824.06,149824.06,18.959988,10.3432665,8.5401535,8.540152
1.7974057e+25,0.9281099,0.107924774,310000.0,151467.44,149824.05,149824.06,18.959988,10.343603,8.540134,8.540151
1.7974057e+25,0.94826293,0.103981175,310000.0,151467.39,149824.05,149824.06,18.959988,10.343465,8.540146,8.540152
1.7974057e+25,0.93889296,0.10892697,310000.0,151467.38,149824.03,149824.08,18.959988,10.343546,8.540144,8.540151
1.7974057e+25,0.9456776,0.10429793,310000.0,151467.42,149824.06,149824.06,18.959988,10.343388,8.540088,8.540151
1.7974057e+25,0.9264972,0.11790134,310000.0,151467.44,149824.06,149824.03,18.959988,10.3436,8.540158,8.54015
1.7974057e+25,0.9345136,0.11130781,310000.0,151467.39,149824.06,149824.06,18.959988,10.343352,8.540143,8.540151
1.7974057e+25,0.9325923,0.11545147,310000.0,151467.39,149824.05,149824.06,18.959988,10.343358,8.540142,8.540151
1.7974057e+25,0.93440694,0.104607634,310000.0,151467.33,149824.06,149824.05,18.959988,10.343554,8.540131,8.540152
1.7974057e+25,0.9376096,0.104842074,310000.0,151467.36,149824.03,149824.06,18.959988,10.3431015,8.540154,8.540152
1.7974057e+25,0.9064503,0.11466706,310000.0,151467.42,149824.06,149824.05,18.959988,10.34344,8.540149,8.540151
1.7974057e+25,0.9411914,0.10622042,310000.0,151467.38,149824.05,149824.06,18.959988,10.343369,8.540186,8.540151
1.7974057e+25,0.9247861,0.102101535,310000.0,151467.44,149824.06,149824.03,18.959988,10.343576,8.540139,8.540152
1.7974057e+25,0.95131606,0.10127268,310000.0,151467.44,149824.03,149824.06,18.959988,10.343755,8.540187,8.540151
1.7974057e+25,0.9353285,0.10318983,310000.0,151467.38,149824.06,149824.06,18.959988,10.343272,8.540149,8.540152
1.7974057e+25,0.927407,0.102732144,310000.0,151467.36,149824.06,149824.06,18.959988,10.343433,8.540159,8.540151
1.7974057e+25,0.9171146,0.10548136,310000.0,151467.42,149824.08,149824.06,18.959988,10.343804,8.540151,8.540151
1.7974057e+25,0.9189099,0.10290532,310000.0,151467.36,149824.06,149824.05,18.959988,10.343313,8.540141,8.540151
1.7974057e+25,0.9219087,0.104647644,310000.0,151467.42,149824.08,149824.06,18.959988,10.343471,8.540141,8.540151
1.7974057e+25,0.9282747,0.104183435,310000.0,151467.42,149824.05,149824.08,18.959988,10.34363,8.540148,8.54015
1.7974057e+25,0.93898326,0.10546361,310000.0,151467.36,149824.06,149824.06,18.959988,10.343592,8.540183,8.540151
1.7974057e+25,0.94907624,0.10306972,310000.0,151467.36,149824.03,149824.05,18.959988,10.343607,8.540164,8.540152
1.7974057e+25,0.93886036,0.10434869,310000.0,151467.36,149824.06,149824.08,18.959988,10.34342,8.540152,8.540151
1.7974057e+25,0.9283043,0.102552846,310000.0,151467.42,149824.06,149824.06,18.959988,10.343598,8.540117,8.540151
1.7974057e+25,0.93458,0.1053287,310000.0,151467.4,149824.05,149824.06,18.959988,10.343522,8.540143,8.540152
1.7974057e+25,0.9384203,0.10232301,310000.0,151467.39,149824.03,149824.05,18.959988,10.343292,8.540112,8.54015
1.7974057e+25,0.941434,0.10487876,310000.0,151467.3,149824.06,149824.05,18.959988,10.343139,8.540173,8.540151
1.7974057e+25,0.9270663,0.10385799,310000.0,151467.42,149824.05,149824.06,18.959988,10.343659,8.54016,8.54015
1.7974057e+25,0.9270822,0.10323224,310000.0,151467.4,149824.08,149824.06,18.959988,10.343682,8.540175,8.540152
1.7974057e+25,0.93564916,0.10335557,310000.0,151467.31,149824.08,149824.08,18.959988,10.34299,8.54013,8.540152
1.7974057e+25,0.93528813,0.10480903,310000.0,151467.36,149824.05,149824.06,18.959988,10.343462,8.540134,8.540151
1.7974057e+25,0.9414301,0.10397116,310000.0,151467.4,149824.06,149824.05,18.959988,10.343685,8.5401745,8.540151
1.7974057e+25,0.94884604,0.10482485,310000.0,151467.33,149824.05,149824.08,18.959988,10.343302,8.540148,8.540151
1.7974057e+25,0.9316715,0.101885974,310000.0,151467.38,149824.06,149824.06,18.959988,10.343145,8.540115,8.540151
1.7974057e+25,0.94166714,0.10265509,310000.0,151467.38,149824.05,149824.08,18.959988,10.343309,8.540141,8.540151
1.7974057e+25,0.9446304,0.10386158,310000.0,151467.42,149824.06,149824.06,18.959988,10.343581,8.540151,8.540151
1.7974057e+25,0.94114906,0.10514489,310000.0,151467.4,149824.05,149824.06,18.959988,10.343333,8.54018,8.540152
1.7974057e+25,0.9514981,0.10741756,310000.0,151467.4,149824.08,149824.06,18.959988,10.343497,8.540142,8.540152
1.7974057e+25,0.9363529,0.10366472,310000.0,151467.38,149824.03,149824.06,18.959988,10.3436165,8.540139,8.540151
1.7974057e+25,0.9455026,0.10433846,310000.0,151467.34,149824.06,149824.05,18.959988,10.343148,8.540171,8.540151
1.7974057e+25,0.94995236,0.107404865,310000.0,151467.4,149824.05,149824.06,18.959988,10.343453,8.540154,8.540152
1.7974057e+25,0.94071645,0.10224469,310000.0,151467.34,149824.05,149824.06,18.959988,10.343155,8.540153,8.540152
1.7974057e+25,0.9391794,0.104986005,310000.0,151467.38,149824.03,149824.05,18.959988,10.343353,8.540178,8.540151
1.7974057e+25,0.9229967,0.105632365,310000.0,151467.36,149824.05,149824.06,18.959988,10.343443,8.540173,8.540151
1.7974057e+25,0.93442965,0.1030657,310000.0,151467.4,149824.06,149824.08,18.959988,10.343557,8.540179,8.540151
1.7974057e+25,0.9310724,0.10345357,310000.0,151467.39,149824.05,149824.06,18.959988,10.343349,8.540134,8.540152
1.7974057e+25,0.9472647,0.10457324,310000.0,151467.38,149824.08,149824.08,18.959988,10.343334,8.540169,8.540151
1.7974057e+25,0.94145864,0.10247972,310000.0,151467.38,149824.05,149824.05,18.959988,10.343301,8.540149,8.540151
1.7974057e+25,0.9323813,0.10699418,310000.0,151467.34,149824.08,149824.06,18.959988,10.343134,8.540127,8.540151
1.7974057e+25,0.94036233,0.10438455,310000.0,151467.39,149824.03,149824.06,18.959988,10.343323,8.5401325,8.540152
1.7974057e+25,0.94770557,0.10331222,310000.0,151467.38,149824.05,149824.06,18.959988,10.343382,8.540143,8.54015
1.7974057e+25,0.9496665,0.10254809,310000.0,151467.36,149824.08,149824.03,18.959988,10.343496,8.540154,8.54015
1.7974057e+25,0.9414108,0.10197708,310000.0,151467.36,149824.06,149824.05,18.959988,10.343544,8.540148,8.540151
1.7974057e+25,0.9245647,0.10112498,310000.0,151467.33,149824.08,149824.05,18.959988,10.343399,8.540128,8.54015
1.7974057e+25,0.93539023,0.10197297,310000.0,151467.38,149824.05,149824.06,18.959988,10.343254,8.540153,8.54015
1.7974057e+25,0.9212024,0.110525794,310000.0,151467.4,149824.05,149824.02,18.959988,10.343531,8.540153,8.54015
1.7974057e+25,0.9385401,0.10698063,310000.0,151467.44,149824.05,149824.05,18.959988,10.343664,8.540136,8.54015
1.7974057e+25,0.9306577,0.10590513,310000.0,151467.4,149824.03,149824.05,18.959988,10.343543,8.540157,8.54015
1.7974057e+25,0.9342608,0.106173456,310000.0,151467.36,149824.05,149824.05,18.959988,10.343026,8.540176,8.54015
1.7974057e+25,0.9445262,0.10664906,310000.0,151467.34,149824.06,149824.06,18.959988,10.343189,8.540157,8.540151
1.7974057e+25,0.9396032,0.106809564,310000.0,151467.44,149824.06,149824.05,18.959988,10.343541,8.540154,8.54015
1.7974057e+25,0.92152977,0.116964035,310000.0,151467.44,149824.05,149824.06,18.959988,10.343553,8.540133,8.54015
1.7974057e+25,0.9212576,0.11506284,310000.0,151467.38,149824.06,149824.06,18.959988,10.343539,8.540145,8.540151
1.7974057e+25,0.9277651,0.11763547,310000.0,151467.34,149824.06,149824.06,18.959988,10.343179,8.540151,8.540151
1.7974057e+25,0.9430168,0.10936899,310000.0,151467.4,149824.03,149824.05,18.959988,10.343629,8.540117,8.540151
1.7974057e+25,0.9446105,0.108992085,310000.0,151467.39,149824.05,149824.06,18.959988,10.343665,8.540124,8.540151
1.7974057e+25,0.9386407,0.10788444,310000.0,151467.34,149824.05,149824.05,18.959988,10.343232,8.540148,8.54015
1.7974057e+25,0.9383481,0.10585963,310000.0,151467.4,149824.06,149824.06,18.959988,10.343428,8.540146,8.540151
1.7974057e+25,0.94203013,0.10584018,310000.0,151467.42,149824.06,149824.06,18.959988,10.3434925,8.54016,8.54015
1.7974057e+25,0.9354254,0.10564208,310000.0,151467.39,149824.05,149824.06,18.959988,10.3433075,8.540126,8.540151
1.7974057e+25,0.924635,0.10400037,310000.0,151467.36,149824.03,149824.05,18.959988,10.343242,8.54011,8.54015
1.7974057e+25,0.9374337,0.10497341,310000.0,151467.38,149824.05,149824.06,18.959988,10.343614,8.5401325,8.540151
1.7974057e+25,0.93844897,0.1038266,310000.0,151467.39,149824.06,149824.05,18.959988,10.343671,8.540131,8.540151
1.7974057e+25,0.94295216,0.10731805,310000.0,151467.38,149824.03,149824.06,18.959988,10.343209,8.540142,8.540151
1.7974057e+25,0.94183326,0.104229465,310000.0,151467.38,149824.05,149824.06,18.959988,10.343044,8.540122,8.540151
1.7974057e+25,0.93307763,0.10153983,310000.0,151467.38,149824.06,149824.05,18.959988,10.343419,8.540136,8.54015
1.7974057e+25,0.9462143,0.10310141,310000.0,151467.39,149824.05,149824.06,18.959988,10.343428,8.540152,8.540151
1.7974057e+25,0.93681264,0.10290594,310000.0,151467.38,149824.05,149824.03,18.959988,10.343574,8.540148,8.54015
1.7974057e+25,0.94935685,0.103255756,310000.0,151467.36,149824.05,149824.06,18.959988,10.343591,8.540141,8.540151
1.7974057e+25,0.9424258,0.10293947,310000.0,151467.33,149824.03,149824.06,18.959988,10.343385,8.540165,8.540152
1.7974057e+25,0.9316529,0.10707805,310000.0,151467.39,149824.06,149824.05,18.959988,10.343429,8.54014,8.54015
1.7974057e+25,0.9489034,0.10604673,310000.0,151467.34,149824.03,149824.06,18.959988,10.343439,8.540147,8.54015
1.7974057e+25,0.9343742,0.10492025,310000.0,151467.34,149824.03,149824.06,18.959988,10.343441,8.540144,8.540151
1.7974057e+25,0.93413603,0.10445026,310000.0,151467.33,149824.05,149824.05,18.959988,10.343429,8.540144,8.54015
1.7974057e+25,0.9362858,0.10629404,310000.0,151467.33,149824.06,149824.02,18.959988,10.343761,8.5401325,8.54015
1.7974057e+25,0.94151723,0.10695534,310000.0,151467.39,149824.06,149824.06,18.959988,10.343377,8.540134,8.540151
1.7974057e+25,0.93728524,0.106679104,310000.0,151467.34,149824.05,149824.06,18.959988,10.343339,8.540127,8.54015
1.7974057e+25,0.94292295,0.10523386,310000.0,151467.33,149824.05,149824.05,18.959988,10.343101,8.540163,8.54015
1.7974057e+25,0.93539983,0.107455954,310000.0,151467.42,149824.05,149824.06,18.959988,10.343519,8.5401535,8.54015
1.7974057e+25,0.93838227,0.10366678,310000.0,151467.36,149824.05,149824.03,18.959988,10.3429365,8.540138,8.54015
1.7974057e+25,0.9309332,0.104586616,310000.0,151467.4,149824.05,149824.06,18.959988,10.343301,8.540148,8.54015
1.7974057e+25,0.9281406,0.105476126,310000.0,151467.39,149824.05,149824.05,18.959988,10.343253,8.540148,8.54015
1.7974057e+25,0.94599134,0.10749284,310000.0,151467.36,149824.05,149824.03,18.959988,10.343252,8.54015,8.54015
1.7974057e+25,0.9157942,0.10203097,310000.0,151467.36,149824.06,149824.05,18.959988,10.343312,8.540144,8.54015
1.7974057e+25,0.9278496,0.10443915,310000.0,151467.4,149824.06,149824.06,18.959988,10.343485,8.540161,8.54015
1.7974057e+25,0.92296594,0.1046929,310000.0,151467.38,149824.05,149824.05,18.959988,10.343704,8.540131,8.54015
1.7974057e+25,0.94448745,0.10695992,310000.0,151467.38,149824.03,149824.06,18.959988,10.343508,8.540171,8.540151
1.7974057e+25,0.9338311,0.10601946,310000.0,151467.38,149824.06,149824.05,18.959988,10.343635,8.540152,8.540151
1.7974057e+25,0.9467632,0.10327712,310000.0,151467.39,149824.03,149824.06,18.959988,10.343725,8.54015,8.540151
1.7974057e+25,0.94095045,0.10250646,310000.0,151467.42,149824.06,149824.06,18.959988,10.343435,8.540137,8.540151
1.7974057e+25,0.9457096,0.10359507,310000.0,151467.39,149824.06,149824.05,18.959988,10.3434105,8.540146,8.540151
1.7974057e+25,0.9376568,0.103070624,310000.0,151467.4,149824.05,149824.06,18.959988,10.343649,8.540148,8.54015
1.7974057e+25,0.9366904,0.1043576,310000.0,151467.4,149824.06,149824.06,18.959988,10.343651,8.540144,8.54015
1.7974057e+25,0.94149435,0.10590063,310000.0,151467.39,149824.06,149824.03,18.959988,10.343619,8.540146,8.54015
1.7974057e+25,0.94616675,0.10625324,310000.0,151467.39,149824.03,149824.05,18.959988,10.343389,8.540111,8.54015
1.7974057e+25,0.9437986,0.10245253,310000.0,151467.38,149824.06,149824.06,18.959988,10.343363,8.540149,8.540151
1.7974057e+25,0.9346128,0.103192,310000.0,151467.38,149824.06,149824.06,18.959988,10.343461,8.540137,8.540151
1.7974057e+25,0.93570733,0.1175394,310000.0,151467.34,149824.03,149824.06,18.959988,10.343273,8.540148,8.54015
1.7974057e+25,0.941766,0.104672045,310000.0,151467.36,149824.06,149824.06,18.959988,10.343123,8.540134,8.540151
1.7974057e+25,0.944068,0.10567134,310000.0,151467.34,149824.05,149824.05,18.959988,10.343186,8.540145,8.540151
1.7974057e+25,0.9459817,0.10739565,310000.0,151467.39,149824.06,149824.06,18.959988,10.343362,8.540134,8.540151
1.7974057e+25,0.9404228,0.10213471,310000.0,151467.4,149824.06,149824.08,18.959988,10.343677,8.540182,8.540152
1.7974057e+25,0.94185674,0.10134757,310000.0,151467.38,149824.06,149824.06,18.959988,10.343146,8.540135,8.54015
1.7974057e+25,0.9472762,0.106981866,310000.0,151467.44,149824.06,149824.06,18.959988,10.343506,8.540167,8.540151
1.7974057e+25,0.9529464,0.10006012,310000.0,151467.45,149824.05,149824.05,18.959988,10.343885,8.540148,8.54015
1.7974057e+25,0.93331486,0.100658886,310000.0,151467.39,149824.05,149824.05,18.959988,10.343555,8.540163,8.54015
1.7974057e+25,0.9405303,0.10180642,310000.0,151467.39,149824.05,149824.06,18.959988,10.343349,8.540136,8.540151
1.7974057e+25,0.93357897,0.10512308,310000.0,151467.4,149824.05,149824.05,18.959988,10.343367,8.540149,8.54015
1.7974057e+25,0.93939334,0.10122601,310000.0,151467.38,149824.03,149824.03,18.959988,10.343252,8.540181,8.540151
1.7974057e+25,0.92482287,0.10127953,310000.0,151467.39,149824.05,149824.05,18.959988,10.343526,8.540145,8.54015
1.7974057e+25,0.9204727,0.107630014,310000.0,151467.33,149824.06,149824.05,18.959988,10.343313,8.540147,8.540151
1.7974057e+25,0.9322552,0.106417336,310000.0,151467.36,149824.06,149824.03,18.959988,10.343176,8.540132,8.54015
1.7974057e+25,0.91702753,0.10339309,310000.0,151467.34,149824.05,149824.05,18.959988,10.343191,8.540148,8.54015
1.7974057e+25,0.9297398,0.106622726,310000.0,151467.34,149824.06,149824.05,18.959988,10.343292,8.540122,8.540151
1.7974057e+25,0.9223076,0.10427501,310000.0,151467.4,149824.05,149824.05,18.959988,10.343626,8.5401,8.540151
1.7974057e+25,0.93682855,0.105691336,310000.0,151467.38,149824.05,149824.05,18.959988,10.3433275,8.540173,8.54015
1.7974057e+25,0.9261377,0.11171651,310000.0,151467.33,149824.06,149824.06,18.959988,10.343135,8.540151,8.54015
1.7974057e+25,0.9366644,0.112546235,310000.0,151467.4,149824.05,149824.03,18.959988,10.343567,8.540146,8.54015
1.7974057e+25,0.9490642,0.106113985,310000.0,151467.38,149824.06,149824.06,18.959988,10.343347,8.540157,8.540151
1.7974057e+25,0.9355895,0.107036434,310000.0,151467.42,149824.05,149824.06,18.959988,10.343633,8.540142,8.54015
1.7974057e+25,0.9404267,0.11067589,310000.0,151467.36,149824.05,149824.06,18.959988,10.343604,8.5401535,8.540151
1.7974057e+25,0.93887526,0.10364241,310000.0,151467.4,149824.06,149824.03,18.959988,10.343508,8.540129,8.54015
1.7974057e+25,0.9108435,0.11400158,310000.0,151467.39,149824.06,149824.05,18.959988,10.343618,8.540159,8.54015
1.7974057e+25,0.9209317,0.11428888,310000.0,151467.39,149824.05,149824.05,18.959988,10.343192,8.540165,8.540151
1.7974057e+25,0.930319,0.1041721,310000.0,151467.4,149824.06,149824.03,18.959988,10.3435,8.54016,8.54015
1.7974057e+25,0.92373735,0.10717358,310000.0,151467.36,149824.06,149824.05,18.959988,10.34365,8.540157,8.54015
1.7974057e+25,0.94201714,0.10606289,310000.0,151467.38,149824.03,149824.06,18.959988,10.3434725,8.540138,8.54015
1.7974057e+25,0.9311117,0.11089262,310000.0,151467.38,149824.05,149824.08,18.959988,10.343317,8.540151,8.54015
1.7974057e+25,0.9393364,0.11151211,310000.0,151467.38,149824.03,149824.06,18.959988,10.343346,8.540149,8.54015
1.7974057e+25,0.9373999,0.10935292,310000.0,151467.38,149824.06,149824.05,18.959988,10.343469,8.540161,8.54015
1.7974057e+25,0.92288375,0.116497174,310000.0,151467.34,149824.05,149824.05,18.959988,10.343329,8.540142,8.540149
1.7974057e+25,0.9060213,0.112754986,310000.0,151467.39,149824.05,149824.08,18.959988,10.343184,8.540154,8.54015
1.7974057e+25,0.9087617,0.11082141,310000.0,151467.38,149824.05,149824.05,18.959988,10.343104,8.54013,8.540151
1.7974057e+25,0.9106032,0.11278914,310000.0,151467.38,149824.06,149824.05,18.959988,10.343475,8.540153,8.54015
1.7974057e+25,0.9090259,0.11377761,310000.0,151467.38,149824.03,149824.03,18.959988,10.343536,8.540153,8.54015
1.7974057e+25,0.94539756,0.10329887,310000.0,151467.39,149824.06,149824.06,18.959988,10.343358,8.540091,8.54015
1.7974057e+25,0.93312544,0.103932,310000.0,151467.38,149824.05,149824.05,18.959988,10.343496,8.5401535,8.54015
1.7974057e+25,0.93269867,0.10594165,310000.0,151467.38,149824.05,149824.06,18.959988,10.343263,8.540151,8.540151
1.7974057e+25,0.9436075,0.10549978,310000.0,151467.36,149824.06,149824.05,18.959988,10.3432865,8.540147,8.54015
1.7974057e+25,0.9347562,0.10706203,310000.0,151467.39,149824.06,149824.05,18.959988,10.343368,8.540156,8.540151
1.7974057e+25,0.9148182,0.11171199,310000.0,151467.4,149824.05,149824.06,18.959988,10.343731,8.540149,8.540151
1.7974057e+25,0.92673296,0.1120587,310000.0,151467.38,149824.05,149824.06,18.959988,10.343385,8.540145,8.540151
1.7974057e+25,0.93897665,0.10522554,310000.0,151467.39,149824.05,149824.08,18.959988,10.343384,8.540132,8.540151
1.7974057e+25,0.94545615,0.10533816,310000.0,151467.42,149824.06,149824.08,18.959988,10.34342,8.540095,8.540151
1.7974057e+25,0.9267223,0.11123406,310000.0,151467.36,149824.06,149824.06,18.959988,10.343053,8.5401535,8.540151
1.7974057e+25,0.92978436,0.10503419,310000.0,151467.33,149824.06,149824.05,18.959988,10.342986,8.54014,8.54015
1.7974057e+25,0.9324808,0.108540736,310000.0,151467.42,149824.03,149824.08,18.959988,10.343508,8.540149,8.540151
1.7974057e+25,0.9326256,0.10669916,310000.0,151467.39,149824.03,149824.08,18.959988,10.343137,8.540139,8.540151
1.7974057e+25,0.935573,0.10517397,310000.0,151467.34,149824.03,149824.03,18.959988,10.343135,8.540131,8.540149
1.7974057e+25,0.92575735,0.105044246,310000.0,151467.31,149824.06,149824.06,18.959988,10.342944,8.540141,8.540152
1.7974057e+25,0.92834985,0.107775256,310000.0,151467.39,149824.05,149824.05,18.959988,10.343566,8.540117,8.54015
1.7974057e+25,0.92319393,0.116756976,310000.0,151467.33,149824.06,149824.06,18.959988,10.343341,8.540146,8.540151
1.7974057e+25,0.92777824,0.11390991,310000.0,151467.4,149824.08,149824.05,18.959988,10.343643,8.540142,8.54015
1.7974057e+25,0.9221734,0.117881514,310000.0,151467.36,149824.06,149824.05,18.959988,10.343563,8.540145,8.54015
1.7974057e+25,0.9379361,0.11722053,310000.0,151467.38,149824.05,149824.06,18.959988,10.343372,8.540146,8.540151
1.7974057e+25,0.92989594,0.109109506,310000.0,151467.39,149824.05,149824.06,18.959988,10.343282,8.54015,8.540151
1.7974057e+25,0.93626016,0.107027404,310000.0,151467.36,149824.06,149824.03,18.959988,10.343756,8.540157,8.54015
1.7974057e+25,0.9445561,0.10385003,310000.0,151467.36,149824.05,149824.03,18.959988,10.343387,8.540123,8.54015
1.7974057e+25,0.9365626,0.10271195,310000.0,151467.36,149824.05,149824.06,18.959988,10.343549,8.540129,8.54015
1.7974057e+25,0.93218607,0.1065983,310000.0,151467.31,149824.05,149824.06,18.959988,10.343272,8.540152,8.54015
1.7974057e+25,0.9311003,0.10792484,310000.0,151467.38,149824.03,149824.03,18.959988,10.343405,8.540145,8.540146
1.7974057e+25,0.93974125,0.10450211,310000.0,151467.38,149824.05,149824.03,18.959988,10.343424,8.540153,8.540148
1.7974057e+25,0.9345737,0.102629885,310000.0,151467.38,149824.05,149824.05,18.959988,10.343392,8.540132,8.540147
1.7974057e+25,0.93056554,0.10266641,310000.0,151467.44,149824.05,149824.05,18.959988,10.343643,8.540149,8.540147
1.7974057e+25,0.9290049,0.10478107,310000.0,151467.38,149824.03,149824.05,18.959988,10.343236,8.540161,8.540148
1.7974057e+25,0.9290731,0.10225326,310000.0,151467.4,149824.05,149824.05,18.959988,10.343506,8.540176,8.540147
1.7974057e+25,0.92112017,0.10545352,310000.0,151467.34,149824.05,149824.05,18.959988,10.343616,8.5401325,8.540147
1.7974057e+25,0.9202529,0.1022159,310000.0,151467.4,149824.05,149824.05,18.959988,10.343677,8.540116,8.540147
1.7974057e+25,0.93600756,0.10750933,310000.0,151467.34,149824.06,149824.06,18.959988,10.3433,8.540157,8.540148
1.7974057e+25,0.93672985,0.10414634,310000.0,151467.36,149824.06,149824.03,18.959988,10.343286,8.540148,8.540147
1.7974057e+25,0.9347689,0.10923452,310000.0,151467.36,149824.05,149824.05,18.959988,10.343506,8.540155,8.540147
1.7974057e+25,0.9126129,0.10619239,310000.0,151467.42,149824.03,149824.08,18.959988,10.343789,8.540152,8.540147
1.7974057e+25,0.9436863,0.10914227,310000.0,151467.33,149824.05,149824.05,18.959988,10.343212,8.540149,8.540147
1.7974057e+25,0.9304037,0.11099251,310000.0,151467.4,149824.05,149824.03,18.959988,10.343346,8.540141,8.540147
1.7974057e+25,0.94494647,0.105165355,310000.0,151467.38,149824.06,149824.05,18.959988,10.343494,8.540152,8.540148
1.7974057e+25,0.9381662,0.10748918,310000.0,151467.4,149824.05,149824.03,18.959988,10.343557,8.54016,8.540147
1.7974057e+25,0.94723904,0.10621086,310000.0,151467.36,149824.05,149824.05,18.959988,10.34324,8.540158,8.540146
1.7974057e+25,0.9491565,0.104082584,310000.0,151467.38,149824.06,149824.03,18.959988,10.343312,8.540119,8.540147
1.7974057e+25,0.92868245,0.10449247,310000.0,151467.44,149824.03,149824.08,18.959988,10.343775,8.5401535,8.540147
1.7974057e+25,0.93254375,0.10367804,310000.0,151467.36,149824.05,149824.05,18.959988,10.343219,8.540141,8.540147
1.7974057e+25,0.94615513,0.11274089,310000.0,151467.4,149824.06,149824.05,18.959988,10.343689,8.540138,8.540146
1.7974057e+25,0.93665683,0.11099958,310000.0,151467.4,149824.06,149824.03,18.959988,10.34341,8.540156,8.540147
1.7974057e+25,0.9302997,0.10751062,310000.0,151467.36,149824.05,149824.03,18.959988,10.343702,8.540124,8.540147
1.7974057e+25,0.9304287,0.10915329,310000.0,151467.34,149824.03,149824.02,18.959988,10.343173,8.540157,8.540147
1.7974057e+25,0.93060607,0.11612086,310000.0,151467.3,149824.05,149824.06,18.959988,10.343279,8.540136,8.540147
1.7974057e+25,0.9342741,0.11868165,310000.0,151467.38,149824.05,149824.05,18.959988,10.343375,8.540156,8.540147
1.7974057e+25,0.94244957,0.10920799,310000.0,151467.36,149824.05,149824.05,18.959988,10.342984,8.540175,8.540148
1.7974057e+25,0.927525,0.11120719,310000.0,151467.38,149824.03,149824.05,18.959988,10.3432665,8.540126,8.540148
1.7974057e+25,0.93244565,0.10957446,310000.0,151467.36,149824.08,149824.08,18.959988,10.343433,8.540146,8.540147
1.7974057e+25,0.93185127,0.10643778,310000.0,151467.36,149824.05,149824.06,18.959988,10.343466,8.540181,8.540147
1.7974057e+25,0.9349998,0.118047334,310000.0,151467.4,149824.05,149824.06,18.959988,10.343573,8.540151,8.540148
1.7974057e+25,0.9334728,0.115530744,310000.0,151467.34,149824.06,149824.05,18.959988,10.343241,8.540134,8.540147
1.7974057e+25,0.94237906,0.11086895,310000.0,151467.39,149824.03,149824.08,18.959988,10.343053,8.540177,8.540148
1.7974057e+25,0.9392134,0.104211986,310000.0,151467.39,149824.05,149824.05,18.959988,10.343407,8.540139,8.540147
1.7974057e+25,0.9420665,0.10648189,310000.0,151467.38,149824.06,149824.06,18.959988,10.343204,8.540144,8.540148
1.7974057e+25,0.9191579,0.11613117,310000.0,151467.36,149824.05,149824.03,18.959988,10.343531,8.540129,8.540148
1.7974057e+25,0.9338306,0.10809132,310000.0,151467.44,149824.05,149824.06,18.959988,10.343839,8.5401535,8.540146
1.7974057e+25,0.9435282,0.10690042,310000.0,151467.34,149824.05,149824.06,18.959988,10.343156,8.540088,8.540148
1.7974057e+25,0.9407578,0.11381078,310000.0,151467.34,149824.05,149824.05,18.959988,10.343142,8.540143,8.540147
1.7974057e+25,0.9197479,0.10513135,310000.0,151467.39,149824.06,149824.08,18.959988,10.343533,8.540128,8.540147
1.7974057e+25,0.92591804,0.106872745,310000.0,151467.4,149824.06,149824.06,18.959988,10.343336,8.540149,8.540146
1.7974057e+25,0.9525411,0.10581137,310000.0,151467.36,149824.05,149824.06,18.959988,10.343402,8.540159,8.540147
1.7974057e+25,0.9418466,0.10878744,310000.0,151467.39,149824.05,149824.05,18.959988,10.343241,8.540125,8.540147
1.7974057e+25,0.9413868,0.105689906,310000.0,151467.44,149824.05,149824.08,18.959988,10.343558,8.540135,8.540148
1.7974057e+25,0.9264236,0.105026186,310000.0,151467.39,149824.06,149824.06,18.959988,10.343403,8.540171,8.540148
1.7974057e+25,0.9487843,0.105179265,310000.0,151467.39,149824.05,149824.05,18.959988,10.343238,8.540134,8.540146
1.7974057e+25,0.94279087,0.10841332,310000.0,151467.39,149824.03,149824.03,18.959988,10.343424,8.540127,8.540147
1.7974057e+25,0.94558847,0.108288035,310000.0,151467.4,149824.05,149824.06,18.959988,10.343655,8.540141,8.540147
1.7974057e+25,0.9331329,0.1038225,310000.0,151467.34,149824.06,149824.06,18.959988,10.343604,8.540133,8.540146
1.7974057e+25,0.92884105,0.106521845,310000.0,151467.4,149824.05,149824.05,18.959988,10.34328,8.540126,8.540146
1.7974057e+25,0.92834777,0.10431387,310000.0,151467.4,149824.05,149824.06,18.959988,10.343688,8.540161,8.540147
1.7974057e+25,0.93733203,0.10726386,310000.0,151467.38,149824.03,149824.03,18.959988,10.343212,8.540147,8.540146
1.7974057e+25,0.9415224,0.10459583,310000.0,151467.34,149824.06,149824.06,18.959988,10.3433695,8.540137,8.540146
1.7974057e+25,0.9349727,0.10830631,310000.0,151467.33,149824.06,149824.05,18.959988,10.343079,8.540174,8.540147
1.7974057e+25,0.9501745,0.10678587,310000.0,151467.4,149824.03,149824.06,18.959988,10.343327,8.540155,8.540147
1.7974057e+25,0.94839346,0.10893057,310000.0,151467.38,149824.05,149824.05,18.959988,10.343134,8.540116,8.540147
1.7974057e+25,0.94404966,0.108555615,310000.0,151467.44,149824.06,149824.08,18.959988,10.343787,8.540167,8.540147
1.7974057e+25,0.9339302,0.10676838,310000.0,151467.38,149824.06,149824.03,18.959988,10.343638,8.540136,8.540147
1.7974057e+25,0.92145854,0.1052106,310000.0,151467.44,149824.05,149824.05,18.959988,10.343453,8.540116,8.540147
1.7974057e+25,0.9213882,0.10806197,310000.0,151467.44,149824.05,149824.05,18.959988,10.343688,8.540131,8.540148
1.7974057e+25,0.9347413,0.10619873,310000.0,151467.4,149824.05,149824.05,18.959988,10.343575,8.540159,8.540148
1.7974057e+25,0.936028,0.109938934,310000.0,151467.38,149824.05,149824.05,18.959988,10.34336,8.54015,8.540147
1.7974057e+25,0.93624544,0.10718998,310000.0,151467.4,149824.06,149824.06,18.959988,10.343424,8.54017,8.540147
1.7974057e+25,0.9405731,0.108958736,310000.0,151467.42,149824.05,149824.03,18.959988,10.343429,8.540117,8.540147
1.7974057e+25,0.9372354,0.10537016,310000.0,151467.39,149824.06,149824.06,18.959988,10.3433695,8.540155,8.540148
1.7974057e+25,0.9483058,0.10608567,310000.0,151467.36,149824.03,149824.06,18.959988,10.343477,8.540167,8.540147
1.7974057e+25,0.93840057,0.107841715,310000.0,151467.3,149824.05,149824.05,18.959988,10.343035,8.540181,8.540147
1.7974057e+25,0.9541162,0.105591446,310000.0,151467.39,149824.05,149824.06,18.959988,10.343246,8.540159,8.540148
1.7974057e+25,0.9341726,0.105456695,310000.0,151467.39,149824.08,149824.02,18.959988,10.343828,8.540133,8.540146
1.7974057e+25,0.93117857,0.10549901,310000.0,151467.38,149824.08,149824.08,18.959988,10.34358,8.540174,8.540147
1.7974057e+25,0.9249064,0.10710473,310000.0,151467.42,149824.08,149824.05,18.959988,10.343748,8.54015,8.540147
1.7974057e+25,0.9419797,0.107935645,310000.0,151467.36,149824.05,149824.06,18.959988,10.343131,8.540143,8.540147
1.7974057e+25,0.9417307,0.10540319,310000.0,151467.39,149824.03,149824.06,18.959988,10.343372,8.540112,8.540147
1.7974057e+25,0.93097126,0.10476878,310000.0,151467.4,149824.05,149824.05,18.959988,10.343428,8.54013,8.540147
1.7974057e+25,0.9433974,0.108477995,310000.0,151467.42,149824.06,149824.03,18.959988,10.343531,8.540166,8.540146
1.7974057e+25,0.94819844,0.10865204,310000.0,151467.39,149824.05,149824.06,18.959988,10.343561,8.540127,8.540147
1.7974057e+25,0.94114935,0.1058488,310000.0,151467.38,149824.05,149824.08,18.959988,10.343101,8.540164,8.540147
1.7974057e+25,0.9374975,0.106420815,310000.0,151467.38,149824.03,149824.05,18.959988,10.34336,8.540149,8.540147
1.7974057e+25,0.9350041,0.10328629,310000.0,151467.38,149824.06,149824.08,18.959988,10.34315,8.540125,8.540147
1.7974057e+25,0.94242805,0.11464889,310000.0,151467.36,149824.06,149824.05,18.959988,10.343127,8.540151,8.540147
1.7974057e+25,0.94714,0.10886448,310000.0,151467.33,149824.05,149824.05,18.959988,10.34323,8.540172,8.540147
1.7974057e+25,0.90142053,0.10596068,310000.0,151467.39,149824.05,149824.06,18.959988,10.343455,8.5401535,8.540148
1.7974057e+25,0.9459831,0.1037982,310000.0,151467.33,149824.03,149824.06,18.959988,10.343235,8.540134,8.540147
1.7974057e+25,0.9387734,0.10914963,310000.0,151467.34,149824.05,149824.03,18.959988,10.343197,8.540116,8.540148
4.2492194,0.0033176895,7.63809e-05,70000.0,151467.44,149824.05,149824.08,0.019309817,10.343647,8.540147,8.54015
4.2492194,0.0033308663,7.155559e-05,70000.0,151467.39,149824.06,149824.08,0.019309817,10.343429,8.5401535,8.54015
4.2492194,0.0029832763,7.157586e-05,70000.0,151467.42,149824.05,149824.06,0.019309817,10.343574,8.540144,8.540151
4.2492194,0.0033658314,7.110906e-05,70000.0,151467.39,149824.06,149824.05,0.019309817,10.343447,8.540144,8.54015
4.2492194,0.0033734522,6.933937e-05,70000.0,151467.39,149824.05,149824.06,0.019309817,10.343668,8.540153,8.54015
4.2492194,0.0032382328,7.370071e-05,70000.0,151467.42,149824.03,149824.05,0.019309817,10.343575,8.540149,8.54015
4.2492194,0.0034520999,8.021538e-05,70000.0,151467.34,149824.05,149824.08,0.019309817,10.343221,8.540154,8.540151
4.2492194,0.0034181727,7.7072415e-05,70000.0,151467.38,149824.06,149824.03,0.019309817,10.343317,8.540148,8.54015
4.2492194,0.0035538294,7.4560354e-05,70000.0,151467.39,149824.03,149824.05,0.019309817,10.343409,8.5401535,8.540151
4.2492194,0.0033456741,7.816964e-05,70000.0,151467.31,149824.06,149824.05,0.019309817,10.343109,8.540152,8.540149
4.2492194,0.0036718193,8.0045655e-05,70000.0,151467.44,149824.05,149824.05,0.019309817,10.3434725,8.540149,8.54015
4.2492194,0.0038615875,8.22736e-05,70000.0,151467.4,149824.05,149824.05,0.019309817,10.343573,8.54015,8.54015
4.2492194,0.003518758,7.84544e-05,70000.0,151467.45,149824.05,149824.06,0.019309817,10.343594,8.540151,8.540149
4.2492194,0.0033234768,7.298125e-05,70000.0,151467.39,149824.05,149824.08,0.019309817,10.34361,8.54015,8.54015
4.2492194,0.003599179,7.761939e-05,70000.0,151467.31,149824.05,149824.06,0.019309817,10.342907,8.540147,8.540149
4.2492194,0.0030440816,7.2883726e-05,70000.0,151467.39,149824.05,149824.05,0.019309817,10.343526,8.540153,8.54015
4.2492194,0.0036000253,7.7769626e-05,70000.0,151467.36,149824.05,149824.05,0.019309817,10.343146,8.540149,8.54015
4.2492194,0.003785527,7.4175536e-05,70000.0,151467.33,149824.06,149824.08,0.019309817,10.343089,8.540149,8.540149
4.2492194,0.0035835686,7.5297816e-05,70000.0,151467.4,149824.06,149824.05,0.019309817,10.343357,8.540147,8.54015
4.2492194,0.0033404708,7.8112535e-05,70000.0,151467.4,149824.06,149824.05,0.019309817,10.343198,8.540142,8.54015
4.2492194,0.0033104753,7.731729e-05,70000.0,151467.38,149824.05,149824.06,0.019309817,10.342962,8.540151,8.540151
4.2492194,0.0034018445,7.552649e-05,70000.0,151467.38,149824.06,149824.05,0.019309817,10.343464,8.540149,8.54015
4.2492194,0.003635347,7.8264435e-05,70000.0,151467.36,149824.08,149824.05,0.019309817,10.34341,8.540148,8.540148
4.2492194,0.0034621863,7.729762e-05,70000.0,151467.42,149824.05,149824.06,0.019309817,10.343473,8.540157,8.54015
4.2492194,0.0033900514,7.5727876e-05,70000.0,151467.33,149824.06,149824.06,0.019309817,10.34317,8.540155,8.54015
4.2492194,0.0035639287,7.960059e-05,70000.0,151467.42,149824.06,149824.06,0.019309817,10.3435,8.540157,8.540149
4.2492194,0.0036020991,7.7017976e-05,70000.0,151467.42,149824.06,149824.05,0.019309817,10.343698,8.540145,8.540149
4.2492194,0.0034201795,7.3137744e-05,70000.0,151467.39,149824.05,149824.06,0.019309817,10.343576,8.540151,8.540151
4.2492194,0.0034235462,7.7086275e-05,70000.0,151467.36,149824.05,149824.05,0.019309817,10.34325,8.540147,8.54015
4.2492194,0.0035270092,7.674734e-05,70000.0,151467.36,149824.06,149824.05,0.019309817,10.343531,8.540149,8.540149
4.2492194,0.0036477142,7.688043e-05,70000.0,151467.38,149824.03,149824.05,0.019309817,10.343501,8.540148,8.54015
4.2492194,0.003548585,7.745364e-05,70000.0,151467.4,149824.06,149824.05,0.019309817,10.343369,8.540145,8.54015
4.2492194,0.0035024695,8.1858416e-05,70000.0,151467.42,149824.06,149824.08,0.019309817,10.343417,8.540151,8.54015
4.2492194,0.0036578712,7.8750396e-05,70000.0,151467.4,149824.05,149824.05,0.019309817,10.343629,8.54015,8.540149
4.2492194,0.0035874774,7.5862976e-05,70000.0,151467.44,149824.06,149824.05,0.019309817,10.3436,8.540156,8.540151
4.2492194,0.003307685,7.247735e-05,70000.0,151467.33,149824.05,149824.06,0.019309817,10.3434925,8.540143,8.54015
4.2492194,0.0033911741,7.611041e-05,70000.0,151467.4,149824.02,149824.05,0.019309817,10.34359,8.5401535,8.540151
4.2492194,0.003984316,7.812839e-05,70000.0,151467.42,149824.06,149824.06,0.019309817,10.343461,8.540151,8.540151
4.2492194,0.0040109986,8.44621e-05,70000.0,151467.4,149824.06,149824.05,0.019309817,10.343435,8.540156,8.54015
4.2492194,0.004034577,8.06155e-05,70000.0,151467.34,149824.03,149824.05,0.019309817,10.343171,8.540152,8.54015
4.2492194,0.0032422666,7.503499e-05,70000.0,151467.38,149824.05,149824.06,0.019309817,10.343354,8.5401535,8.54015
4.2492194,0.0036285874,7.4829106e-05,70000.0,151467.34,149824.05,149824.08,0.019309817,10.343136,8.540151,8.54015
4.2492194,0.002993605,7.182937e-05,70000.0,151467.4,149824.05,149824.06,0.019309817,10.343406,8.540156,8.540151
4.2492194,0.0034104371,7.744282e-05,70000.0,151467.39,149824.06,149824.05,0.019309817,10.343394,8.540149,8.540149
4.2492194,0.003006334,7.217385e-05,70000.0,151467.36,149824.06,149824.08,0.019309817,10.343391,8.540149,8.54015
4.2492194,0.0029049208,6.891094e-05,70000.0,151467.38,149824.03,149824.05,0.019309817,10.343805,8.540148,8.540149
4.2492194,0.0033365851,7.118455e-05,70000.0,151467.39,149824.05,149824.06,0.019309817,10.343139,8.540149,8.540149
4.2492194,0.0033449575,7.913542e-05,70000.0,151467.38,149824.05,149824.05,0.019309817,10.343257,8.540153,8.540148
4.2492194,0.0037274063,7.3904754e-05,70000.0,151467.36,149824.05,149824.06,0.019309817,10.343133,8.540146,8.540149
4.2492194,0.0035509868,7.8643134e-05,70000.0,151467.39,149824.06,149824.06,0.019309817,10.343571,8.5401535,8.540151
4.2492194,0.0037284761,7.541783e-05,70000.0,151467.38,149824.05,149824.05,0.019309817,10.342933,8.54015,8.540149
4.2492194,0.0033301618,7.37089e-05,70000.0,151467.44,149824.06,149824.05,0.019309817,10.343446,8.540147,8.540149
4.2492194,0.0032516068,7.08096e-05,70000.0,151467.42,149824.05,149824.05,0.019309817,10.343409,8.540148,8.540149
4.2492194,0.0037034207,8.0648766e-05,70000.0,151467.36,149824.05,149824.08,0.019309817,10.34304,8.540149,8.54015
4.2492194,0.0033151277,7.597074e-05,70000.0,151467.38,149824.05,149824.06,0.019309817,10.343183,8.540149,8.54015
4.2492194,0.0034271094,8.387847e-05,70000.0,151467.38,149824.05,149824.06,0.019309817,10.343561,8.540149,8.540148
4.2492194,0.0031872834,7.0640905e-05,70000.0,151467.42,149824.06,149824.06,0.019309817,10.343497,8.540147,8.540151
4.2492194,0.004045151,7.8723904e-05,70000.0,151467.4,149824.06,149824.06,0.019309817,10.343433,8.540146,8.540151
4.2492194,0.0038284452,7.379598e-05,70000.0,151467.42,149824.06,149824.05,0.019309817,10.343479,8.540143,8.540149
4.2492194,0.0035756994,6.53788e-05,70000.0,151467.34,149824.03,149824.06,0.019309817,10.343355,8.540147,8.54015
4.2492194,0.0032580607,7.8233825e-05,70000.0,151467.39,149824.03,149824.06,0.019309817,10.343534,8.540149,8.540151
4.2492194,0.0034720253,7.106172e-05,70000.0,151467.36,149824.06,149824.05,0.019309817,10.343515,8.54014,8.54015
4.2492194,0.0034982024,7.5946475e-05,70000.0,151467.4,149824.06,149824.06,0.019309817,10.343544,8.540148,8.54015
4.2492194,0.003960647,7.923169e-05,70000.0,151467.39,149824.05,149824.06,0.019309817,10.343292,8.540149,8.540151
4.2492194,0.0034850952,7.130438e-05,70000.0,151467.39,149824.05,149824.06,0.019309817,10.343364,8.54014,8.540151
4.2492194,0.0034471583,7.6733224e-05,70000.0,151467.45,149824.06,149824.06,0.019309817,10.343916,8.540152,8.540149
4.2492194,0.003644618,6.774024e-05,70000.0,151467.34,149824.05,149824.06,0.019309817,10.3431225,8.54015,8.54015
4.2492194,0.0038052963,6.7516215e-05,70000.0,151467.31,149824.08,149824.03,0.019309817,10.343505,8.540152,8.54015
4.2492194,0.0032578434,6.3363375e-05,70000.0,151467.36,149824.06,149824.06,0.019309817,10.343413,8.540151,8.540149
4.2492194,0.003205564,7.0581125e-05,70000.0,151467.38,149824.05,149824.06,0.019309817,10.343505,8.540147,8.54015
4.2492194,0.0032823526,7.644728e-05,70000.0,151467.42,149824.08,149824.05,0.019309817,10.343504,8.5401535,8.54015
4.2492194,0.0034860391,6.79764e-05,70000.0,151467.39,149824.06,149824.05,0.019309817,10.343242,8.540141,8.540149
4.2492194,0.0034796766,7.196017e-05,70000.0,151467.36,149824.05,149824.05,0.019309817,10.343356,8.540158,8.540149
4.2492194,0.004080033,7.7595345e-05,70000.0,151467.36,149824.05,149824.06,0.019309817,10.342916,8.540148,8.54015
4.2492194,0.0031444724,7.210795e-05,70000.0,151467.4,149824.05,149824.05,0.019309817,10.343465,8.540144,8.540149
4.2492194,0.0027343708,6.748135e-05,70000.0,151467.31,149824.05,149824.05,0.019309817,10.343013,8.540156,8.540149
4.2492194,0.0032362074,7.511217e-05,70000.0,151467.31,149824.06,149824.05,0.019309817,10.343245,8.540151,8.54015
4.2492194,0.0031167557,7.5179385e-05,70000.0,151467.39,149824.08,149824.06,0.019309817,10.343436,8.540149,8.540151
4.2492194,0.002992225,7.343023e-05,70000.0,151467.31,149824.06,149824.06,0.019309817,10.343373,8.540146,8.540149
4.2492194,0.0030880603,7.4791955e-05,70000.0,151467.34,149824.06,149824.06,0.019309817,10.343214,8.540146,8.54015
4.2492194,0.0034720008,7.3728756e-05,70000.0,151467.34,149824.05,149824.06,0.019309817,10.343005,8.540154,8.540149
4.2492194,0.0036019695,7.851057e-05,70000.0,151467.34,149824.05,149824.05,0.019309817,10.343214,8.540144,8.54015
4.2492194,0.0036358547,7.9808764e-05,70000.0,151467.38,149824.06,149824.05,0.019309817,10.343414,8.540148,8.54015
4.2492194,0.0038441129,8.029812e-05,70000.0,151467.38,149824.05,149824.08,0.019309817,10.34348,8.540147,8.54015
4.2492194,0.0032659401,7.135838e-05,70000.0,151467.33,149824.05,149824.06,0.019309817,10.342951,8.54015,8.540151
4.2492194,0.003376837,7.40041e-05,70000.0,151467.39,149824.05,149824.06,0.019309817,10.343179,8.540152,8.540149
4.2492194,0.0032104014,7.258695e-05,70000.0,151467.36,149824.05,149824.03,0.019309817,10.343296,8.540148,8.540151
4.2492194,0.0034504274,7.208655e-05,70000.0,151467.39,149824.08,149824.06,0.019309817,10.343303,8.540151,8.54015
4.2492194,0.0034707647,7.435552e-05,70000.0,151467.45,149824.05,149824.05,0.019309817,10.344042,8.540151,8.540149
4.2492194,0.0034124926,7.736264e-05,70000.0,151467.34,149824.05,149824.03,0.019309817,10.343011,8.540147,8.54015
4.2492194,0.0036905855,7.92183e-05,70000.0,151467.38,149824.05,149824.05,0.019309817,10.343314,8.540147,8.54015
4.2492194,0.003780317,7.8543395e-05,70000.0,151467.4,149824.06,149824.06,0.019309817,10.343572,8.540154,8.540151
4.2492194,0.0037008896,7.625847e-05,70000.0,151467.36,149824.06,149824.06,0.019309817,10.343651,8.540157,8.54015
4.2492194,0.004066526,7.502751e-05,70000.0,151467.4,149824.03,149824.05,0.019309817,10.343699,8.540151,8.54015
4.2492194,0.003655765,7.741032e-05,70000.0,151467.34,149824.05,149824.05,0.019309817,10.343081,8.540146,8.540151
4.2492194,0.0035436186,7.426065e-05,70000.0,151467.39,149824.06,149824.05,0.019309817,10.343409,8.540152,8.540149
4.2492194,0.003321342,7.5553704e-05,70000.0,151467.34,149824.03,149824.06,0.019309817,10.343339,8.540143,8.54015
4.2492194,0.0035580718,8.192593e-05,70000.0,151467.38,149824.05,149824.05,0.019309817,10.343315,8.540158,8.54015
4.2492194,0.0039061266,8.947993e-05,70000.0,151467.34,149824.05,149824.06,0.019309817,10.343496,8.540155,8.540149
4.2492194,0.004356643,7.8735626e-05,70000.0,151467.4,149824.05,149824.08,0.019309817,10.34337,8.540154,8.540151
4.2492194,0.0038299714,8.252744e-05,70000.0,151467.39,149824.05,149824.05,0.019309817,10.343559,8.540149,8.540149
4.2492194,0.0032438862,8.187273e-05,70000.0,151467.38,149824.05,149824.05,0.019309817,10.343453,8.540152,8.54015
4.2492194,0.0034658015,7.533467e-05,70000.0,151467.44,149824.05,149824.06,0.019309817,10.343858,8.540148,8.540149
4.2492194,0.002900129,7.699618e-05,70000.0,151467.39,149824.05,149824.06,0.019309817,10.343467,8.540149,8.540151
4.2492194,0.0036020163,8.002851e-05,70000.0,151467.39,149824.05,149824.06,0.019309817,10.343366,8.54015,8.54015
4.2492194,0.0036787186,7.4825555e-05,70000.0,151467.4,149824.06,149824.05,0.019309817,10.343708,8.540152,8.54015
4.2492194,0.0035616513,8.0183585e-05,70000.0,151467.3,149824.05,149824.05,0.019309817,10.34316,8.540147,8.54015
4.2492194,0.0036571042,8.355976e-05,70000.0,151467.39,149824.03,149824.05,0.019309817,10.343437,8.540151,8.54015
4.2492194,0.0036875939,8.0221704e-05,70000.0,151467.42,149824.06,149824.06,0.019309817,10.343522,8.540151,8.54015
4.2492194,0.0034681004,7.954148e-05,70000.0,151467.38,149824.06,149824.05,0.019309817,10.34322,8.540149,8.54015
4.2492194,0.004044174,8.2213766e-05,70000.0,151467.38,149824.05,149824.06,0.019309817,10.34328,8.54015,8.54015
4.2492194,0.0041377074,7.593962e-05,70000.0,151467.36,149824.06,149824.05,0.019309817,10.343337,8.540153,8.54015
4.2492194,0.0041211173,7.5619755e-05,70000.0,151467.39,149824.06,149824.06,0.019309817,10.343172,8.540148,8.54015
4.2492194,0.0040728226,7.270466e-05,70000.0,151467.38,149824.08,149824.06,0.019309817,10.343106,8.540154,8.540149
4.2492194,0.0037908556,7.946778e-05,70000.0,151467.38,149824.05,149824.03,0.019309817,10.34379,8.540149,8.54015
4.2492194,0.0029812278,6.748502e-05,70000.0,151467.45,149824.05,149824.06,0.019309817,10.343558,8.540152,8.54015
4.2492194,0.0036024186,8.280133e-05,70000.0,151467.42,149824.05,149824.05,0.019309817,10.343322,8.540148,8.54015
4.2492194,0.0038145015,7.404949e-05,70000.0,151467.31,149824.05,149824.05,0.019309817,10.343343,8.540151,8.540149
4.2492194,0.0034001993,7.0587834e-05,70000.0,151467.36,149824.05,149824.05,0.019309817,10.343329,8.540151,8.540149
4.2492194,0.00398301,7.4252544e-05,70000.0,151467.33,149824.08,149824.05,0.019309817,10.343209,8.540149,8.54015
4.2492194,0.0039000672,7.720118e-05,70000.0,151467.39,149824.06,149824.08,0.019309817,10.343309,8.54015,8.54015
4.2492194,0.0032633396,7.092005e-05,70000.0,151467.4,149824.06,149824.05,0.019309817,10.343637,8.54015,8.54015
4.2492194,0.0037697523,7.382536e-05,70000.0,151467.39,149824.06,149824.06,0.019309817,10.343082,8.540152,8.540151
4.2492194,0.003950547,6.980561e-05,70000.0,151467.39,149824.05,149824.06,0.019309817,10.343386,8.540152,8.54015
4.2492194,0.003649812,7.082725e-05,70000.0,151467.31,149824.06,149824.05,0.019309817,10.343121,8.54015,8.540149
4.2492194,0.0038917498,8.1081125e-05,70000.0,151467.42,149824.05,149824.06,0.019309817,10.343417,8.54015,8.540149
4.2492194,0.004288914,8.740493e-05,70000.0,151467.34,149824.06,149824.05,0.019309817,10.34305,8.54015,8.540151
4.2492194,0.003721573,7.926969e-05,70000.0,151467.4,149824.03,149824.05,0.019309817,10.343568,8.540151,8.54015
4.2492194,0.004007199,7.8839555e-05,70000.0,151467.36,149824.05,149824.05,0.019309817,10.343296,8.540151,8.54015
4.2492194,0.004252264,7.6841396e-05,70000.0,151467.4,149824.06,149824.05,0.019309817,10.343691,8.540145,8.54015
4.2492194,0.0039273,7.746928e-05,70000.0,151467.39,149824.05,149824.08,0.019309817,10.343651,8.540145,8.540151
4.2492194,0.0043348586,8.278261e-05,70000.0,151467.38,149824.05,149824.08,0.019309817,10.343477,8.540145,8.54015
4.2492194,0.0037259276,7.552712e-05,70000.0,151467.38,149824.06,149824.05,0.019309817,10.343509,8.540141,8.540151
4.2492194,0.0040695947,7.610232e-05,70000.0,151467.38,149824.06,149824.05,0.019309817,10.343671,8.540153,8.54015
4.2492194,0.0036619282,7.303091e-05,70000.0,151467.39,149824.06,149824.06,0.019309817,10.3433485,8.540143,8.54015
4.2492194,0.0040811114,7.934042e-05,70000.0,151467.36,149824.06,149824.03,0.019309817,10.343164,8.540152,8.54015
4.2492194,0.0034380695,6.997559e-05,70000.0,151467.45,149824.06,149824.06,0.019309817,10.343588,8.540151,8.540149
4.2492194,0.0034486395,6.873233e-05,70000.0,151467.39,149824.05,149824.06,0.019309817,10.343388,8.540147,8.54015
4.2492194,0.0042418824,7.535759e-05,70000.0,151467.4,149824.05,149824.03,0.019309817,10.343582,8.540147,8.540149
4.2492194,0.0035028146,6.992448e-05,70000.0,151467.4,149824.05,149824.05,0.019309817,10.343359,8.540154,8.540149
4.2492194,0.0032390766,6.936641e-05,70000.0,151467.36,149824.03,149824.06,0.019309817,10.343463,8.540146,8.54015
4.2492194,0.004237641,7.578024e-05,70000.0,151467.39,149824.05,149824.05,0.019309817,10.343449,8.54015,8.54015
4.2492194,0.0038497003,8.0658116e-05,70000.0,151467.45,149824.06,149824.06,0.019309817,10.343873,8.540149,8.54015
4.2492194,0.0036583177,7.639182e-05,70000.0,151467.39,149824.06,149824.06,0.019309817,10.343556,8.540152,8.54015
4.2492194,0.0040139398,7.1388604e-05,70000.0,151467.44,149824.08,149824.05,0.019309817,10.34374,8.54015,8.54015
4.2492194,0.004675684,7.5795666e-05,70000.0,151467.38,149824.06,149824.08,0.019309817,10.343377,8.540149,8.540152
4.2492194,0.003922045,7.3709205e-05,70000.0,151467.4,149824.06,149824.06,0.019309817,10.34367,8.540153,8.540149
4.2492194,0.0035371385,7.934125e-05,70000.0,151467.4,149824.06,149824.06,0.019309817,10.343852,8.54015,8.540151
4.2492194,0.003736275,7.6340286e-05,70000.0,151467.4,149824.05,149824.06,0.019309817,10.343467,8.540153,8.54015
4.2492194,0.0034297053,7.596288e-05,70000.0,151467.4,149824.05,149824.06,0.019309817,10.343566,8.540152,8.54015
4.2492194,0.00444414,7.4444855e-05,70000.0,151467.42,149824.05,149824.05,0.019309817,10.343592,8.5401535,8.54015
4.2492194,0.0035540124,7.737112e-05,70000.0,151467.38,149824.05,149824.06,0.019309817,10.343322,8.54015,8.54015
4.2492194,0.0038513858,7.3690804e-05,70000.0,151467.4,149824.05,149824.06,0.019309817,10.343527,8.540153,8.540149
4.2492194,0.004665783,7.900914e-05,70000.0,151467.39,149824.03,149824.06,0.019309817,10.343309,8.54015,8.54015
4.2492194,0.0036736315,7.764576e-05,70000.0,151467.33,149824.08,149824.06,0.019309817,10.343157,8.540153,8.54015
4.2492194,0.004320868,7.742222e-05,70000.0,151467.34,149824.06,149824.08,0.019309817,10.343162,8.540146,8.540151
4.2492194,0.0040362556,7.460042e-05,70000.0,151467.33,149824.03,149824.06,0.019309817,10.343419,8.540149,8.540151
4.2492194,0.004149638,7.868908e-05,70000.0,151467.38,149824.05,149824.06,0.019309817,10.3435545,8.540148,8.54015
4.2492194,0.004129927,7.495096e-05,70000.0,151467.34,149824.05,149824.08,0.019309817,10.343489,8.5401535,8.540151
4.2492194,0.0043786755,7.6762306e-05,70000.0,151467.34,149824.06,149824.06,0.019309817,10.343188,8.540152,8.54015
4.2492194,0.003948203,7.360977e-05,70000.0,151467.34,149824.03,149824.06,0.019309817,10.342931,8.540145,8.54015
4.2492194,0.004353102,8.186016e-05,70000.0,151467.34,149824.08,149824.05,0.019309817,10.343648,8.540145,8.54015
4.2492194,0.003921099,7.923256e-05,70000.0,151467.4,149824.05,149824.05,0.019309817,10.343673,8.540149,8.54015
4.2492194,0.004176886,8.070316e-05,70000.0,151467.4,149824.05,149824.06,0.019309817,10.343642,8.54015,8.54015
4.2492194,0.0037807035,7.714584e-05,70000.0,151467.42,149824.06,149824.06,0.019309817,10.34357,8.540149,8.540149
4.2492194,0.0037658687,7.736835e-05,70000.0,151467.39,149824.05,149824.05,0.019309817,10.343449,8.540153,8.540151
4.2492194,0.0038572738,7.661867e-05,70000.0,151467.36,149824.05,149824.05,0.019309817,10.343656,8.540146,8.540149
4.2492194,0.0040430776,7.419146e-05,70000.0,151467.4,149824.05,149824.05,0.019309817,10.343696,8.540147,8.54015
4.2492194,0.0039342837,7.4772826e-05,70000.0,151467.34,149824.05,149824.06,0.019309817,10.343222,8.540151,8.54015
4.2492194,0.0038091505,7.41749e-05,70000.0,151467.4,149824.05,149824.06,0.019309817,10.343374,8.540148,8.54015
4.2492194,0.0039584334,7.669041e-05,70000.0,151467.38,149824.06,149824.06,0.019309817,10.343492,8.540151,8.54015
4.2492194,0.00452852,7.806235e-05,70000.0,151467.3,149824.05,149824.05,0.019309817,10.343396,8.54015,8.540149
4.2492194,0.003777323,7.721482e-05,70000.0,151467.36,149824.05,149824.05,0.019309817,10.343448,8.540149,8.54015
4.2492194,0.004306803,7.9634345e-05,70000.0,151467.42,149824.06,149824.05,0.019309817,10.343291,8.54015,8.540149
4.2492194,0.0042161625,8.1357866e-05,70000.0,151467.36,149824.06,149824.06,0.019309817,10.343391,8.540147,8.54015
4.2492194,0.0041603446,7.530419e-05,70000.0,151467.36,149824.05,149824.05,0.019309817,10.34321,8.540152,8.540149
4.2492194,0.0033904146,6.8652625e-05,70000.0,151467.4,149824.06,149824.05,0.019309817,10.3433695,8.540143,8.54015
4.2492194,0.0035138028,7.241595e-05,70000.0,151467.39,149824.05,149824.05,0.019309817,10.343459,8.540153,8.54015
4.2492194,0.003985675,7.6875534e-05,70000.0,151467.38,149824.05,149824.08,0.019309817,10.343244,8.540144,8.54015
4.2492194,0.004613796,8.027083e-05,70000.0,151467.36,149824.03,149824.03,0.019309817,10.343157,8.540151,8.540151
4.2492194,0.004182233,7.6065415e-05,70000.0,151467.36,149824.03,149824.06,0.019309817,10.343104,8.540153,8.540151
4.2492194,0.0037134332,7.7340614e-05,70000.0,151467.39,149824.05,149824.06,0.019309817,10.343135,8.540147,8.540151
4.2492194,0.0039285165,7.971053e-05,70000.0,151467.31,149824.06,149824.06,0.019309817,10.343371,8.540149,8.540151
4.2492194,0.0038489713,7.532874e-05,70000.0,151467.4,149824.05,149824.05,0.019309817,10.343459,8.540144,8.540149
4.2492194,0.0040490194,7.506517e-05,70000.0,151467.31,149824.06,149824.05,0.019309817,10.343059,8.54015,8.540149
4.2492194,0.0037483857,7.957868e-05,70000.0,151467.44,149824.05,149824.06,0.019309817,10.343732,8.540151,8.540149
4.2492194,0.0034199634,7.214178e-05,70000.0,151467.34,149824.06,149824.06,0.019309817,10.343168,8.540149,8.54015
4.2492194,0.0043137753,7.3167306e-05,70000.0,151467.39,149824.05,149824.06,0.019309817,10.343486,8.54015,8.54015
4.2492194,0.004116649,7.1653216e-05,70000.0,151467.4,149824.05,149824.08,0.019309817,10.343355,8.540149,8.540149
4.2492194,0.0040013734,6.850309e-05,70000.0,151467.44,149824.05,149824.06,0.019309817,10.343807,8.540149,8.54015
4.2492194,0.0036266923,6.90505e-05,70000.0,151467.39,149824.05,149824.03,0.019309817,10.343191,8.540148,8.54015
4.2492194,0.0037787266,7.647448e-05,70000.0,151467.39,149824.05,149824.06,0.019309817,10.343225,8.540154,8.54015
4.2492194,0.0039387993,7.3150426e-05,70000.0,151467.39,149824.05,149824.06,0.019309817,10.3430195,8.540153,8.540149
4.2492194,0.0034267884,7.3540614e-05,70000.0,151467.42,149824.06,149824.06,0.019309817,10.343482,8.540148,8.540149
4.2492194,0.0037776218,7.535613e-05,70000.0,151467.38,149824.06,149824.06,0.019309817,10.343633,8.540147,8.54015
4.2492194,0.0036175996,7.025993e-05,70000.0,151467.39,149824.06,149824.06,0.019309817,10.34368,8.540153,8.540149
4.2492194,0.003828415,7.603966e-05,70000.0,151467.38,149824.08,149824.05,0.019309817,10.3434105,8.540149,8.540151
4.2492194,0.003757735,7.729636e-05,70000.0,151467.36,149824.08,149824.05,0.019309817,10.343068,8.540147,8.540149
4.2492194,0.0043824166,7.609693e-05,70000.0,151467.34,149824.06,149824.05,0.019309817,10.343113,8.540148,8.540149
4.2492194,0.0040031164,7.301096e-05,70000.0,151467.34,149824.05,149824.05,0.019309817,10.343166,8.5401535,8.540149
4.2492194,0.0036860628,7.638796e-05,70000.0,151467.44,149824.06,149824.05,0.019309817,10.343625,8.54015,8.540149
4.2492194,0.0026021078,6.541935e-05,70000.0,151467.39,149824.06,149824.05,0.019309817,10.343719,8.540154,8.540149
4.2492194,0.0033348356,7.116307e-05,70000.0,151467.38,149824.05,149824.05,0.019309817,10.343074,8.540152,8.540151
4.2492194,0.0033630724,7.039071e-05,70000.0,151467.39,149824.05,149824.06,0.019309817,10.343418,8.540152,8.540149
4.2492194,0.002903013,7.011216e-05,70000.0,151467.42,149824.06,149824.03,0.019309817,10.3432255,8.540146,8.540149
4.2492194,0.003801096,7.135685e-05,70000.0,151467.38,149824.05,149824.08,0.019309817,10.343486,8.540152,8.540151
4.2492194,0.0036823226,7.25572e-05,70000.0,151467.39,149824.06,149824.06,0.019309817,10.343341,8.540144,8.54015
4.2492194,0.0036726673,7.4073745e-05,70000.0,151467.38,149824.06,149824.08,0.019309817,10.343324,8.540148,8.540151
4.2492194,0.003322694,7.240085e-05,70000.0,151467.36,149824.05,149824.05,0.019309817,10.343385,8.540148,8.540151
4.2492194,0.0041512484,7.4560354e-05,70000.0,151467.44,149824.05,149824.05,0.019309817,10.343517,8.5401535,8.54015
4.2492194,0.0037111528,7.603653e-05,70000.0,151467.4,149824.06,149824.06,0.019309817,10.343552,8.540151,8.54015
4.2492194,0.003667201,7.514493e-05,70000.0,151467.39,149824.03,149824.06,0.019309817,10.343391,8.540152,8.54015
4.2492194,0.0037281683,7.208601e-05,70000.0,151467.36,149824.06,149824.05,0.019309817,10.343129,8.540153,8.540149
4.2492194,0.0035451578,7.116459e-05,70000.0,151467.34,149824.06,149824.05,0.019309817,10.343268,8.540153,8.540149
4.2492194,0.0035310003,7.226662e-05,70000.0,151467.42,149824.06,149824.06,0.019309817,10.343416,8.540153,8.54015
4.2492194,0.0038354164,7.5322256e-05,70000.0,151467.36,149824.06,149824.06,0.019309817,10.343393,8.540146,8.54015
4.2492194,0.0044241752,8.332669e-05,70000.0,151467.39,149824.08,149824.06,0.019309817,10.343303,8.54015,8.540148
4.2492194,0.0038853616,7.513067e-05,70000.0,151467.38,149824.06,149824.06,0.019309817,10.343404,8.540154,8.540151
4.2492194,0.003242466,7.6649216e-05,70000.0,151467.34,149824.06,149824.05,0.019309817,10.343232,8.540158,8.540151
4.2492194,0.003438759,7.519158e-05,70000.0,151467.4,149824.05,149824.06,0.019309817,10.343294,8.540154,8.54015
4.2492194,0.003940488,8.340452e-05,70000.0,151467.38,149824.02,149824.05,0.019309817,10.343244,8.540153,8.54015
4.2492194,0.0038441832,7.608364e-05,70000.0,151467.36,149824.06,149824.06,0.019309817,10.343007,8.540151,8.54015
4.2492194,0.0034900291,7.423415e-05,70000.0,151467.31,149824.06,149824.05,0.019309817,10.343187,8.54015,8.54015
4.2492194,0.0033477782,7.242056e-05,70000.0,151467.38,149824.06,149824.05,0.019309817,10.343139,8.54016,8.54015
4.2492194,0.003446409,7.703013e-05,70000.0,151467.38,149824.05,149824.03,0.019309817,10.343331,8.540146,8.540151
4.2492194,0.0033008344,6.942737e-05,70000.0,151467.36,149824.06,149824.05,0.019309817,10.343244,8.54015,8.540151
4.2492194,0.004434863,7.606179e-05,70000.0,151467.44,149824.06,149824.03,0.019309817,10.343632,8.540146,8.540151
4.2492194,0.0033934533,7.172124e-05,70000.0,151467.45,149824.08,149824.06,0.019309817,10.343535,8.540144,8.540149
4.2492194,0.0036589855,7.71763e-05,70000.0,151467.42,149824.05,149824.05,0.019309817,10.343557,8.540142,8.54015
4.2492194,0.003500847,7.8213336e-05,70000.0,151467.38,149824.06,149824.06,0.019309817,10.343109,8.540161,8.540151
4.2492194,0.0029798483,7.711139e-05,70000.0,151467.42,149824.06,149824.03,0.019309817,10.3434105,8.540149,8.54015
4.2492194,0.0032407993,8.634933e-05,70000.0,151467.39,149824.05,149824.06,0.019309817,10.343345,8.540149,8.54015
4.2492194,0.004016334,8.8129746e-05,70000.0,151467.38,149824.05,149824.06,0.019309817,10.34342,8.540149,8.540149
4.2492194,0.004117785,8.2284685e-05,70000.0,151467.38,149824.05,149824.06,0.019309817,10.343305,8.540141,8.540151
4.2492194,0.0035937196,7.652519e-05,70000.0,151467.4,149824.03,149824.05,0.019309817,10.343527,8.540153,8.54015
4.2492194,0.003507862,8.03884e-05,70000.0,151467.33,149824.06,149824.05,0.019309817,10.342895,8.540142,8.54015
4.2492194,0.003644455,8.339309e-05,70000.0,151467.34,149824.06,149824.05,0.019309817,10.343035,8.540146,8.54015
4.2492194,0.003737619,7.828056e-05,70000.0,151467.38,149824.06,149824.06,0.019309817,10.343409,8.540146,8.540149
4.2492194,0.0038768607,7.539658e-05,70000.0,151467.36,149824.05,149824.05,0.019309817,10.3435135,8.540156,8.54015
4.2492194,0.0040619164,8.54378e-05,70000.0,151467.38,149824.06,149824.06,0.019309817,10.343442,8.540144,8.54015
4.2492194,0.0037082073,8.267269e-05,70000.0,151467.38,149824.05,149824.05,0.019309817,10.343692,8.540151,8.54015
4.2492194,0.0036416412,8.619222e-05,70000.0,151467.42,149824.08,149824.05,0.019309817,10.343748,8.540156,8.540148
4.2492194,0.0035455169,8.372355e-05,70000.0,151467.39,149824.06,149824.05,0.019309817,10.343579,8.540147,8.540151
4.2492194,0.0038157285,8.768099e-05,70000.0,151467.34,149824.05,149824.05,0.019309817,10.34329,8.540145,8.54015
4.2492194,0.004211311,8.304902e-05,70000.0,151467.36,149824.06,149824.06,0.019309817,10.343612,8.540149,8.540149
4.2492194,0.0037065442,8.5692576e-05,70000.0,151467.36,149824.05,149824.05,0.019309817,10.343285,8.540152,8.540151
4.2492194,0.0040702494,9.223304e-05,70000.0,151467.36,149824.06,149824.06,0.019309817,10.343016,8.540149,8.54015
4.2492194,0.0039622714,8.7295964e-05,70000.0,151467.4,149824.03,149824.08,0.019309817,10.343563,8.540144,8.540149
4.2492194,0.00398503,8.200564e-05,70000.0,151467.38,149824.03,149824.05,0.019309817,10.343597,8.540145,8.54015
4.2492194,0.0036201796,8.66098e-05,70000.0,151467.36,149824.06,149824.06,0.019309817,10.343102,8.540144,8.54015
4.2492194,0.003926221,8.590245e-05,70000.0,151467.36,149824.06,149824.06,0.019309817,10.343335,8.54015,8.540151
4.2492194,0.0037907918,7.705637e-05,70000.0,151467.34,149824.06,149824.05,0.019309817,10.34315,8.540153,8.54015
4.2492194,0.0042088307,8.042866e-05,70000.0,151467.4,149824.05,149824.06,0.019309817,10.343394,8.540152,8.540151
4.2492194,0.003451892,7.621784e-05,70000.0,151467.34,149824.03,149824.06,0.019309817,10.343409,8.5401535,8.54015
4.2492194,0.0033358298,8.296189e-05,70000.0,151467.39,149824.05,149824.06,0.019309817,10.343637,8.540154,8.540149
4.2492194,0.0034287523,8.111311e-05,70000.0,151467.39,149824.06,149824.06,0.019309817,10.34326,8.540142,8.54015
4.2492194,0.0036601466,8.5998196e-05,70000.0,151467.39,149824.03,149824.05,0.019309817,10.343505,8.54015,8.54015
4.2492194,0.0037160611,7.8550234e-05,70000.0,151467.38,149824.05,149824.08,0.019309817,10.343159,8.540144,8.54015
4.2492194,0.0035178305,8.096063e-05,70000.0,151467.38,149824.05,149824.05,0.019309817,10.34347,8.540154,8.54015
4.2492194,0.003813478,7.835573e-05,70000.0,151467.36,149824.05,149824.08,0.019309817,10.3432255,8.5401535,8.54015
4.2492194,0.003944896,8.746041e-05,70000.0,151467.34,149824.06,149824.05,0.019309817,10.343199,8.540148,8.54015
4.2492194,0.004062436,8.108644e-05,70000.0,151467.42,149824.05,149824.08,0.019309817,10.343467,8.5401535,8.54015
4.2492194,0.003563889,7.657534e-05,70000.0,151467.4,149824.06,149824.05,0.019309817,10.343697,8.540153,8.54015
4.2492194,0.0035511195,7.476206e-05,70000.0,151467.39,149824.06,149824.05,0.019309817,10.34344,8.540152,8.540149
4.2492194,0.0036614225,7.699683e-05,70000.0,151467.39,149824.05,149824.06,0.019309817,10.343491,8.5401535,8.540151
4.2492194,0.0031716235,7.5586235e-05,70000.0,151467.36,149824.05,149824.06,0.019309817,10.343146,8.54015,8.54015
4.2492194,0.003560942,8.151342e-05,70000.0,151467.36,149824.08,149824.08,0.019309817,10.343493,8.540146,8.540151
4.2492194,0.003916714,7.640859e-05,70000.0,151467.34,149824.06,149824.05,0.019309817,10.343371,8.540143,8.54015
4.2492194,0.0040359437,8.948332e-05,70000.0,151467.38,149824.05,149824.06,0.019309817,10.343388,8.540147,8.540149
4.2492194,0.0038098108,8.339954e-05,70000.0,151467.39,149824.05,149824.06,0.019309817,10.343424,8.540148,8.54015
4.2492194,0.0034122972,8.256629e-05,70000.0,151467.34,149824.06,149824.05,0.019309817,10.3435135,8.540148,8.540149
4.2492194,0.0032772478,7.749008e-05,70000.0,151467.38,149824.06,149824.05,0.019309817,10.3435,8.540153,8.54015
4.2492194,0.0035771523,7.7035154e-05,70000.0,151467.36,149824.06,149824.08,0.019309817,10.343013,8.540156,8.54015
4.2492194,0.0037988622,7.582322e-05,70000.0,151467.39,149824.06,149824.06,0.019309817,10.343411,8.540148,8.54015
4.2492194,0.0037607388,7.3459916e-05,70000.0,151467.38,149824.05,149824.06,0.019309817,10.343134,8.5401535,8.54015
4.2492194,0.0038680292,8.4104875e-05,70000.0,151467.4,149824.06,149824.05,0.019309817,10.34346,8.540148,8.54015
4.2492194,0.0038384295,8.4831e-05,70000.0,151467.4,149824.05,149824.06,0.019309817,10.343307,8.540152,8.54015
4.2492194,0.0031032956,7.491592e-05,70000.0,151467.38,149824.05,149824.06,0.019309817,10.343382,8.540149,8.540151
4.2492194,0.0036788466,8.0729966e-05,70000.0,151467.39,149824.03,149824.05,0.019309817,10.343441,8.540151,8.54015
4.2492194,0.0038267833,8.057609e-05,70000.0,151467.38,149824.05,149824.03,0.019309817,10.343434,8.540146,8.540149
4.2492194,0.0033949176,7.771842e-05,70000.0,151467.38,149824.05,149824.06,0.019309817,10.343304,8.540154,8.540149
4.2492194,0.0038899716,7.829487e-05,70000.0,151467.36,149824.05,149824.05,0.019309817,10.343396,8.540151,8.54015
4.2492194,0.0033447682,7.359937e-05,70000.0,151467.39,149824.06,149824.06,0.019309817,10.343385,8.540146,8.54015
4.2492194,0.0037895008,7.733299e-05,70000.0,151467.36,149824.08,149824.06,0.019309817,10.343141,8.540148,8.540151
4.2492194,0.0033098885,7.561434e-05,70000.0,151467.36,149824.05,149824.06,0.019309817,10.343679,8.540155,8.54015
4.2492194,0.003801879,7.5330514e-05,70000.0,151467.4,149824.06,149824.06,0.019309817,10.343335,8.540151,8.540148
4.2492194,0.0035534748,7.54027e-05,70000.0,151467.4,149824.05,149824.06,0.019309817,10.343415,8.540145,8.54015
4.2492194,0.003769612,7.7254146e-05,70000.0,151467.38,149824.06,149824.05,0.019309817,10.34382,8.540145,8.540151
4.2492194,0.0036073595,7.650346e-05,70000.0,151467.4,149824.06,149824.03,0.019309817,10.343336,8.540146,8.54015
4.2492194,0.003395791,7.556618e-05,70000.0,151467.36,149824.06,149824.06,0.019309817,10.343343,8.540144,8.54015
4.2492194,0.0041271225,7.543628e-05,70000.0,151467.33,149824.06,149824.06,0.019309817,10.343133,8.54015,8.540149
4.2492194,0.0038700919,8.253958e-05,70000.0,151467.39,149824.06,149824.06,0.019309817,10.343607,8.540143,8.54015
4.2492194,0.003530982,7.461013e-05,70000.0,151467.36,149824.06,149824.05,0.019309817,10.343605,8.540143,8.54015
4.2492194,0.0035332395,8.016189e-05,70000.0,151467.39,149824.06,149824.05,0.019309817,10.343261,8.540146,8.54015
4.2492194,0.0031580438,7.787182e-05,70000.0,151467.36,149824.03,149824.06,0.019309817,10.343598,8.540145,8.54015
4.2492194,0.003432842,7.676433e-05,70000.0,151467.39,149824.05,149824.06,0.019309817,10.343423,8.540144,8.54015
4.2492194,0.003791185,8.0518286e-05,70000.0,151467.33,149824.05,149824.06,0.019309817,10.343317,8.540147,8.54015
4.2492194,0.0030118406,7.872326e-05,70000.0,151467.31,149824.03,149824.06,0.019309817,10.3432865,8.540147,8.54015
4.2492194,0.0038651829,7.931694e-05,70000.0,151467.34,149824.06,149824.06,0.019309817,10.3431425,8.540145,8.54015
4.2492194,0.003760966,7.8714496e-05,70000.0,151467.44,149824.02,149824.1,0.019309817,10.343582,8.540152,8.540151
4.2492194,0.0035829712,7.2960735e-05,70000.0,151467.3,149824.06,149824.05,0.019309817,10.343161,8.540148,8.540149
4.2492194,0.004084061,8.145976e-05,70000.0,151467.36,149824.06,149824.06,0.019309817,10.343417,8.540153,8.540151
4.2492194,0.0032383339,7.77296e-05,70000.0,151467.34,149824.05,149824.03,0.019309817,10.343271,8.540145,8.54015
4.2492194,0.0029641408,7.67275e-05,70000.0,151467.39,149824.02,149824.08,0.019309817,10.343475,8.54015,8.540149
4.2492194,0.003828882,8.111183e-05,70000.0,151467.4,149824.08,149824.03,0.019309817,10.343393,8.540153,8.54015
4.2492194,0.0033882973,8.0725105e-05,70000.0,151467.38,149824.05,149824.05,0.019309817,10.343233,8.540144,8.54015
4.2492194,0.0053444724,8.963059e-05,70000.0,151467.31,149824.05,149824.05,0.019309817,10.343328,8.540147,8.54015
4.2492194,0.004207136,8.28278e-05,70000.0,151467.44,149824.06,149824.05,0.019309817,10.343725,8.540144,8.540149
4.2492194,0.0036051776,8.097569e-05,70000.0,151467.33,149824.06,149824.05,0.019309817,10.343483,8.540154,8.540151
4.2492194,0.0034734844,7.9496625e-05,70000.0,151467.38,149824.05,149824.05,0.019309817,10.343474,8.540149,8.540149
4.2492194,0.0035974039,8.0873375e-05,70000.0,151467.47,149824.08,149824.05,0.019309817,10.343986,8.5401535,8.54015
4.2492194,0.0034961957,7.774084e-05,70000.0,151467.31,149824.06,149824.05,0.019309817,10.342911,8.540147,8.540149
4.2492194,0.003233441,7.603724e-05,70000.0,151467.38,149824.08,149824.08,0.019309817,10.343551,8.540158,8.54015
4.2492194,0.0034211683,8.415123e-05,70000.0,151467.4,149824.03,149824.06,0.019309817,10.343565,8.54015,8.54015
4.2492194,0.0038251004,8.212853e-05,70000.0,151467.34,149824.05,149824.06,0.019309817,10.343684,8.540154,8.54015
4.2492194,0.0038084646,7.970735e-05,70000.0,151467.34,149824.05,149824.06,0.019309817,10.343208,8.5401535,8.54015
4.2492194,0.004187662,8.556871e-05,70000.0,151467.38,149824.05,149824.03,0.019309817,10.343563,8.540145,8.540149
4.2492194,0.0037602838,7.920138e-05,70000.0,151467.31,149824.03,149824.03,0.019309817,10.343157,8.540154,8.54015
4.2492194,0.0069486173,0.00010236905,70000.0,151467.39,149824.03,149824.05,0.019309817,10.343381,8.540156,8.54015
4.2492194,0.0035118295,7.83556e-05,70000.0,151467.38,149824.05,149824.03,0.019309817,10.343497,8.540155,8.54015
4.2492194,0.0038969757,8.428324e-05,70000.0,151467.34,149824.06,149824.06,0.019309817,10.343449,8.540154,8.54015
4.2492194,0.004364201,7.9420606e-05,70000.0,151467.36,149824.06,149824.06,0.019309817,10.3432455,8.540151,8.54015
4.2492194,0.0039530243,8.186852e-05,70000.0,151467.39,149824.05,149824.05,0.019309817,10.343467,8.540139,8.540149
4.2492194,0.0039509297,7.9490055e-05,70000.0,151467.36,149824.05,149824.06,0.019309817,10.343085,8.540153,8.54015
4.2492194,0.003882391,8.4971914e-05,70000.0,151467.42,149824.06,149824.05,0.019309817,10.343707,8.540148,8.540149
4.2492194,0.00391683,7.9170066e-05,70000.0,151467.33,149824.06,149824.06,0.019309817,10.343081,8.540147,8.540149
4.2492194,0.0037318675,8.009866e-05,70000.0,151467.36,149824.03,149824.06,0.019309817,10.343388,8.540154,8.540149
4.2492194,0.004285606,8.056649e-05,70000.0,151467.45,149824.05,149824.06,0.019309817,10.343588,8.5401535,8.54015
4.2492194,0.0040264903,8.363921e-05,70000.0,151467.36,149824.06,149824.06,0.019309817,10.3432455,8.540143,8.54015
4.2492194,0.003494887,7.944572e-05,70000.0,151467.34,149824.08,149824.05,0.019309817,10.34321,8.540153,8.540149
4.2492194,0.0034197262,7.795517e-05,70000.0,151467.4,149824.08,149824.08,0.019309817,10.343454,8.540148,8.540149
4.2492194,0.0037535783,7.510603e-05,70000.0,151467.4,149824.05,149824.05,0.019309817,10.343387,8.540154,8.54015
4.2492194,0.0035396377,7.323404e-05,70000.0,151467.47,149824.05,149824.06,0.019309817,10.343854,8.54015,8.54015
4.2492194,0.0037982315,7.704537e-05,70000.0,151467.34,149824.06,149824.03,0.019309817,10.343302,8.540151,8.54015
4.2492194,0.0041000703,7.702799e-05,70000.0,151467.42,149824.03,149824.06,0.019309817,10.343788,8.54015,8.540151
4.2492194,0.004103072,8.251581e-05,70000.0,151467.4,149824.05,149824.05,0.019309817,10.343213,8.54015,8.54015
4.2492194,0.003935889,8.154712e-05,70000.0,151467.38,149824.06,149824.05,0.019309817,10.343412,8.5401535,8.540151
4.2492194,0.003663339,7.564e-05,70000.0,151467.3,149824.03,149824.05,0.019309817,10.343031,8.540148,8.54015
4.2492194,0.0035538608,7.605895e-05,70000.0,151467.36,149824.03,149824.05,0.019309817,10.343131,8.540149,8.54015
4.2492194,0.002594559,7.325756e-05,70000.0,151467.4,149824.05,149824.03,0.019309817,10.3436165,8.540148,8.54015
4.2492194,0.003828594,8.408278e-05,70000.0,151467.33,149824.05,149824.05,0.019309817,10.343504,8.540151,8.540149
4.2492194,0.006636102,9.8690165e-05,70000.0,151467.38,149824.06,149824.05,0.019309817,10.343579,8.540155,8.540149
4.2492194,0.004147791,7.975503e-05,70000.0,151467.33,149824.06,149824.05,0.019309817,10.342926,8.540149,8.54015
4.2492194,0.0038979214,8.73949e-05,70000.0,151467.36,149824.05,149824.05,0.019309817,10.343395,8.54015,8.540149
4.2492194,0.0037049283,8.1333936e-05,70000.0,151467.38,149824.06,149824.05,0.019309817,10.343224,8.540151,8.54015
4.2492194,0.0033987213,7.316989e-05,70000.0,151467.33,149824.06,149824.06,0.019309817,10.343428,8.5401535,8.54015
4.2492194,0.0037644096,8.283149e-05,70000.0,151467.39,149824.06,149824.06,0.019309817,10.343499,8.540145,8.540149
4.2492194,0.0040175724,7.5623335e-05,70000.0,151467.39,149824.05,149824.05,0.019309817,10.343571,8.540154,8.54015
4.2492194,0.0039245468,8.142789e-05,70000.0,151467.39,149824.06,149824.05,0.019309817,10.343405,8.540153,8.540149
4.2492194,0.0033135458,7.7887664e-05,70000.0,151467.4,149824.05,149824.06,0.019309817,10.343476,8.540152,8.540149
4.2492194,0.0035664407,7.884548e-05,70000.0,151467.36,149824.06,149824.05,0.019309817,10.343266,8.540146,8.540149
4.2492194,0.0041582556,9.266347e-05,70000.0,151467.44,149824.05,149824.05,0.019309817,10.343775,8.540152,8.540149
4.2492194,0.0039296835,7.7901e-05,70000.0,151467.36,149824.08,149824.06,0.019309817,10.343155,8.540152,8.540151
4.2492194,0.0034870417,7.533621e-05,70000.0,151467.38,149824.05,149824.05,0.019309817,10.343802,8.540153,8.54015
4.2492194,0.0029606703,7.7110526e-05,70000.0,151467.44,149824.05,149824.03,0.019309817,10.343522,8.540148,8.54015
4.2492194,0.0035035037,7.446048e-05,70000.0,151467.38,149824.06,149824.06,0.019309817,10.34345,8.540149,8.540151
4.2492194,0.003777595,7.892055e-05,70000.0,151467.36,149824.08,149824.06,0.019309817,10.343473,8.540153,8.54015
4.2492194,0.0035723832,8.1135055e-05,70000.0,151467.38,149824.05,149824.08,0.019309817,10.343725,8.540147,8.54015
4.2492194,0.0031467837,7.515127e-05,70000.0,151467.38,149824.06,149824.08,0.019309817,10.343764,8.5401535,8.540151
4.2492194,0.0037722436,8.135771e-05,70000.0,151467.38,149824.05,149824.03,0.019309817,10.343161,8.5401535,8.540149
4.2492194,0.0030928196,7.74395e-05,70000.0,151467.38,149824.05,149824.05,0.019309817,10.343691,8.540152,8.540149
4.2492194,0.0036793272,7.520124e-05,70000.0,151467.4,149824.05,149824.03,0.019309817,10.343285,8.54015,8.540149
4.2492194,0.003622963,7.8489786e-05,70000.0,151467.4,149824.08,149824.06,0.019309817,10.343734,8.54015,8.54015
4.2492194,0.0042310916,8.328334e-05,70000.0,151467.4,149824.05,149824.05,0.019309817,10.343338,8.540161,8.540151
4.2492194,0.0035229665,7.574359e-05,70000.0,151467.39,149824.05,149824.05,0.019309817,10.343308,8.540157,8.540149
4.2492194,0.003552818,7.8718826e-05,70000.0,151467.31,149824.03,149824.05,0.019309817,10.343269,8.540154,8.540149
4.2492194,0.0038509967,7.940307e-05,70000.0,151467.45,149824.05,149824.05,0.019309817,10.343575,8.540146,8.54015
4.2492194,0.0037592247,8.3583596e-05,70000.0,151467.34,149824.06,149824.06,0.019309817,10.343207,8.540153,8.54015
4.2492194,0.0038450258,8.314639e-05,70000.0,151467.31,149824.05,149824.06,0.019309817,10.343538,8.540147,8.540151
4.2492194,0.0033431512,7.420559e-05,70000.0,151467.42,149824.06,149824.06,0.019309817,10.34339,8.540145,8.54015
4.2492194,0.003336794,7.577303e-05,70000.0,151467.33,149824.05,149824.05,0.019309817,10.343351,8.54015,8.54015
4.2492194,0.004039543,7.7449935e-05,70000.0,151467.39,149824.06,149824.05,0.019309817,10.34373,8.540156,8.540149
4.2492194,0.003933755,8.002664e-05,70000.0,151467.39,149824.05,149824.05,0.019309817,10.343289,8.540147,8.540149
4.2492194,0.003464948,7.828392e-05,70000.0,151467.36,149824.03,149824.05,0.019309817,10.343263,8.54015,8.54015
4.2492194,0.0034392297,7.696205e-05,70000.0,151467.36,149824.06,149824.05,0.019309817,10.343745,8.540143,8.54015
4.2492194,0.0032047464,7.868871e-05,70000.0,151467.36,149824.06,149824.08,0.019309817,10.343467,8.540149,8.54015
4.2492194,0.0034351514,7.4944284e-05,70000.0,151467.38,149824.05,149824.05,0.019309817,10.34348,8.540149,8.540149
4.2492194,0.0036611673,7.937747e-05,70000.0,151467.33,149824.05,149824.05,0.019309817,10.343255,8.540154,8.54015
4.2492194,0.0033237922,7.539356e-05,70000.0,151467.44,149824.03,149824.05,0.019309817,10.343651,8.540142,8.54015
4.2492194,0.0039667026,8.2177954e-05,70000.0,151467.42,149824.06,149824.06,0.019309817,10.343597,8.540153,8.54015
4.2492194,0.0038496107,7.814354e-05,70000.0,151467.39,149824.06,149824.05,0.019309817,10.343229,8.540152,8.54015
4.2492194,0.003701656,7.546312e-05,70000.0,151467.34,149824.06,149824.06,0.019309817,10.343263,8.540149,8.540151
4.2492194,0.0036522828,7.893998e-05,70000.0,151467.45,149824.06,149824.05,0.019309817,10.343461,8.540145,8.540151
4.2492194,0.003788245,6.997494e-05,70000.0,151467.38,149824.05,149824.05,0.019309817,10.343159,8.540153,8.54015
4.2492194,0.0033102033,7.687874e-05,70000.0,151467.34,149824.05,149824.06,0.019309817,10.343167,8.540142,8.54015
4.2492194,0.0038881788,8.217172e-05,70000.0,151467.42,149824.06,149824.05,0.019309817,10.343143,8.540143,8.540149
4.2492194,0.0034763492,8.107595e-05,70000.0,151467.42,149824.06,149824.06,0.019309817,10.343591,8.540151,8.54015
4.2492194,0.0042072036,7.815501e-05,70000.0,151467.36,149824.06,149824.08,0.019309817,10.343185,8.54015,8.54015
4.2492194,0.0041137906,7.929843e-05,70000.0,151467.34,149824.05,149824.05,0.019309817,10.343242,8.540143,8.540151
4.2492194,0.0036378074,8.258383e-05,70000.0,151467.38,149824.08,149824.06,0.019309817,10.343268,8.540144,8.54015
4.2492194,0.003611004,7.218327e-05,70000.0,151467.31,149824.05,149824.05,0.019309817,10.343447,8.540153,8.54015
4.2492194,0.003487401,8.0532205e-05,70000.0,151467.38,149824.03,149824.05,0.019309817,10.344013,8.540153,8.54015
4.2492194,0.0036354198,7.741877e-05,70000.0,151467.38,149824.06,149824.05,0.019309817,10.34322,8.540147,8.540149
4.2492194,0.0037533934,7.782613e-05,70000.0,151467.4,149824.05,149824.05,0.019309817,10.343466,8.540148,8.540151
4.2492194,0.0036635073,7.416096e-05,70000.0,151467.34,149824.06,149824.05,0.019309817,10.343055,8.54015,8.540149
4.2492194,0.0038013807,8.119024e-05,70000.0,151467.33,149824.05,149824.06,0.019309817,10.342979,8.540149,8.540149
4.2492194,0.0037707086,7.880979e-05,70000.0,151467.36,149824.06,149824.06,0.019309817,10.34374,8.540148,8.54015
4.2492194,0.0035449262,7.355496e-05,70000.0,151467.33,149824.05,149824.08,0.019309817,10.343212,8.5401535,8.54015
4.2492194,0.003397299,7.358655e-05,70000.0,151467.36,149824.03,149824.03,0.019309817,10.343746,8.540151,8.540151
4.2492194,0.0035943033,7.920507e-05,70000.0,151467.36,149824.06,149824.05,0.019309817,10.343551,8.540148,8.54015
4.2492194,0.0032189619,8.266346e-05,70000.0,151467.39,149824.06,149824.05,0.019309817,10.343168,8.540156,8.540149
4.2492194,0.0033747319,7.218672e-05,70000.0,151467.39,149824.05,149824.05,0.019309817,10.3435955,8.54015,8.54015
4.2492194,0.003454421,7.548908e-05,70000.0,151467.36,149824.03,149824.08,0.019309817,10.343491,8.540148,8.540149
4.2492194,0.004273097,8.240297e-05,70000.0,151467.39,149824.05,149824.05,0.019309817,10.343461,8.540154,8.540149
4.2492194,0.0040336126,7.730069e-05,70000.0,151467.36,149824.05,149824.06,0.019309817,10.343244,8.54015,8.54015
4.2492194,0.00399868,7.896769e-05,70000.0,151467.34,149824.03,149824.05,0.019309817,10.343043,8.540143,8.540149
4.2492194,0.003843272,8.7739005e-05,70000.0,151467.4,149824.06,149824.03,0.019309817,10.343796,8.540155,8.540148
4.2492194,0.0034077743,8.175556e-05,70000.0,151467.38,149824.05,149824.06,0.019309817,10.343787,8.540152,8.540151
4.2492194,0.003577749,7.92942e-05,70000.0,151467.38,149824.05,149824.06,0.019309817,10.343284,8.540145,8.540149
4.2492194,0.00340069,7.453919e-05,70000.0,151467.39,149824.06,149824.06,0.019309817,10.343075,8.540152,8.540151
4.2492194,0.0036444732,8.1432285e-05,70000.0,151467.34,149824.03,149824.03,0.019309817,10.343478,8.540152,8.540151
4.2492194,0.0037597797,6.77466e-05,70000.0,151467.4,149824.06,149824.06,0.019309817,10.343427,8.540153,8.54015
4.2492194,0.0036476331,7.4295065e-05,70000.0,151467.36,149824.05,149824.06,0.019309817,10.343057,8.540152,8.540149
4.2492194,0.0034769522,7.422402e-05,70000.0,151467.39,149824.06,149824.08,0.019309817,10.3436365,8.540152,8.540151
4.2492194,0.003716395,7.1926195e-05,70000.0,151467.36,149824.08,149824.05,0.019309817,10.34312,8.540152,8.540149
4.2492194,0.0035523812,7.004735e-05,70000.0,151467.36,149824.06,149824.08,0.019309817,10.343444,8.540146,8.54015
4.2492194,0.003764102,7.689023e-05,70000.0,151467.39,149824.05,149824.06,0.019309817,10.343462,8.540149,8.54015
4.2492194,0.0035589146,7.061078e-05,70000.0,151467.36,149824.05,149824.05,0.019309817,10.343071,8.540149,8.54015
4.2492194,0.0035465832,7.1740185e-05,70000.0,151467.38,149824.05,149824.08,0.019309817,10.34349,8.540153,8.540151
4.2492194,0.0034593611,7.856168e-05,70000.0,151467.31,149824.06,149824.05,0.019309817,10.343276,8.540148,8.54015
4.2492194,0.003120222,7.6511824e-05,70000.0,151467.38,149824.03,149824.05,0.019309817,10.343976,8.540142,8.540151
4.2492194,0.0031552943,7.4235686e-05,70000.0,151467.3,149824.06,149824.06,0.019309817,10.343158,8.54015,8.540149
4.2492194,0.0038889335,8.57402e-05,70000.0,151467.42,149824.06,149824.05,0.019309817,10.343528,8.540152,8.540149
4.2492194,0.0030103817,7.135289e-05,70000.0,151467.39,149824.05,149824.06,0.019309817,10.343672,8.540143,8.54015
4.2492194,0.0033839939,8.0642996e-05,70000.0,151467.36,149824.03,149824.05,0.019309817,10.343254,8.540151,8.54015
4.2492194,0.0035891603,7.474235e-05,70000.0,151467.34,149824.05,149824.06,0.019309817,10.343319,8.5401535,8.54015
4.2492194,0.0032558825,7.8259414e-05,70000.0,151467.39,149824.06,149824.05,0.019309817,10.343167,8.540149,8.54015
4.2492194,0.0037058336,8.300835e-05,70000.0,151467.38,149824.03,149824.06,0.019309817,10.343134,8.540151,8.54015
4.2492194,0.0037175368,8.04013e-05,70000.0,151467.42,149824.06,149824.05,0.019309817,10.343434,8.540158,8.540149
4.2492194,0.003923158,7.933714e-05,70000.0,151467.4,149824.05,149824.05,0.019309817,10.343751,8.540151,8.540149
4.2492194,0.0033867417,7.657756e-05,70000.0,151467.42,149824.06,149824.06,0.019309817,10.343475,8.540143,8.54015
4.2492194,0.0035017913,7.198622e-05,70000.0,151467.36,149824.05,149824.05,0.019309817,10.343135,8.540147,8.540149
4.2492194,0.0038229765,7.423104e-05,70000.0,151467.42,149824.06,149824.05,0.019309817,10.343428,8.540155,8.540149
4.2492194,0.0030413691,6.925178e-05,70000.0,151467.44,149824.06,149824.05,0.019309817,10.34378,8.540151,8.540151
4.2492194,0.0035204585,7.990086e-05,70000.0,151467.31,149824.03,149824.05,0.019309817,10.343094,8.540148,8.54015
4.2492194,0.0035508664,7.3809475e-05,70000.0,151467.33,149824.06,149824.06,0.019309817,10.343339,8.540146,8.540151
4.2492194,0.003735268,7.049034e-05,70000.0,151467.38,149824.05,149824.06,0.019309817,10.343362,8.540152,8.540151
4.2492194,0.003482399,7.184861e-05,70000.0,151467.4,149824.06,149824.03,0.019309817,10.343564,8.540151,8.54015
4.2492194,0.0038203439,7.558037e-05,70000.0,151467.36,149824.06,149824.05,0.019309817,10.343217,8.540145,8.540149
4.2492194,0.0035447392,6.937696e-05,70000.0,151467.31,149824.06,149824.06,0.019309817,10.343264,8.540153,8.54015
4.2492194,0.0034294887,7.5190415e-05,70000.0,151467.42,149824.08,149824.08,0.019309817,10.343647,8.54015,8.540149
4.2492194,0.003624423,7.631182e-05,70000.0,151467.28,149824.08,149824.05,0.019309817,10.343149,8.540153,8.54015
4.2492194,0.004055552,7.212304e-05,70000.0,151467.34,149824.05,149824.06,0.019309817,10.343105,8.540151,8.54015
4.2492194,0.0038965375,8.096962e-05,70000.0,151467.39,149824.05,149824.06,0.019309817,10.343543,8.540151,8.54015
4.2492194,0.0033477908,8.0541424e-05,70000.0,151467.33,149824.05,149824.05,0.019309817,10.343293,8.540151,8.54015
4.2492194,0.0034471173,7.849224e-05,70000.0,151467.3,149824.03,149824.06,0.019309817,10.343351,8.540154,8.540149
4.2492194,0.0030919574,8.044536e-05,70000.0,151467.39,149824.06,149824.05,0.019309817,10.343636,8.540152,8.54015
4.2492194,0.00341633,7.629745e-05,70000.0,151467.34,149824.03,149824.06,0.019309817,10.34329,8.540145,8.540151
4.2492194,0.0028476347,7.553037e-05,70000.0,151467.4,149824.06,149824.06,0.019309817,10.343688,8.540147,8.54015
4.2492194,0.004129552,8.318314e-05,70000.0,151467.39,149824.06,149824.05,0.019309817,10.343146,8.540148,8.54015
4.2492194,0.004391152,8.0343794e-05,70000.0,151467.39,149824.05,149824.05,0.019309817,10.343387,8.540152,8.540149
4.2492194,0.004238184,8.485168e-05,70000.0,151467.38,149824.06,149824.06,0.019309817,10.343455,8.54015,8.54015
4.2492194,0.0041098287,8.922414e-05,70000.0,151467.34,149824.05,149824.06,0.019309817,10.343455,8.540154,8.540151
4.2492194,0.0035359715,7.7556724e-05,70000.0,151467.38,149824.06,149824.05,0.019309817,10.343485,8.540152,8.54015
4.2492194,0.0038020173,7.7236546e-05,70000.0,151467.38,149824.03,149824.08,0.019309817,10.343531,8.540149,8.540151
4.2492194,0.0033407914,7.8955934e-05,70000.0,151467.4,149824.06,149824.06,0.019309817,10.343456,8.540144,8.54015
4.2492194,0.003550995,7.4758056e-05,70000.0,151467.42,149824.05,149824.06,0.019309817,10.34379,8.540153,8.54015
4.2492194,0.003874437,7.7783836e-05,70000.0,151467.36,149824.05,149824.08,0.019309817,10.343389,8.540149,8.54015
4.2492194,0.0037764956,8.202417e-05,70000.0,151467.39,149824.06,149824.05,0.019309817,10.343381,8.540152,8.54015
4.2492194,0.0033813708,7.400543e-05,70000.0,151467.4,149824.03,149824.05,0.019309817,10.343282,8.540157,8.54015
4.2492194,0.003217371,7.4167765e-05,70000.0,151467.39,149824.06,149824.05,0.019309817,10.343669,8.540152,8.540149
4.2492194,0.0040629962,8.382522e-05,70000.0,151467.36,149824.06,149824.05,0.019309817,10.343641,8.54015,8.54015
4.2492194,0.0036478434,8.3833445e-05,70000.0,151467.36,149824.05,149824.05,0.019309817,10.3432665,8.540149,8.54015
4.2492194,0.0037321907,7.956387e-05,70000.0,151467.4,149824.08,149824.06,0.019309817,10.343467,8.540149,8.540149
4.2492194,0.0035293768,7.423359e-05,70000.0,151467.38,149824.06,149824.05,0.019309817,10.343285,8.540151,8.54015
4.2492194,0.0040621627,7.407861e-05,70000.0,151467.42,149824.08,149824.06,0.019309817,10.343734,8.540148,8.540149
4.2492194,0.0035396435,7.72121e-05,70000.0,151467.38,149824.05,149824.05,0.019309817,10.343426,8.540148,8.540149
4.2492194,0.0036754482,7.709587e-05,70000.0,151467.42,149824.06,149824.06,0.019309817,10.343569,8.540149,8.54015
4.2492194,0.0036360295,7.773371e-05,70000.0,151467.38,149824.06,149824.06,0.019309817,10.343291,8.540149,8.540151
4.2492194,0.0038972301,8.3609106e-05,70000.0,151467.4,149824.05,149824.05,0.019309817,10.343494,8.540148,8.54015
4.2492194,0.0040438846,8.5828455e-05,70000.0,151467.38,149824.06,149824.06,0.019309817,10.34338,8.540151,8.540149
4.2492194,0.0035095403,8.117675e-05,70000.0,151467.4,149824.03,149824.05,0.019309817,10.343283,8.540148,8.54015
4.2492194,0.003980873,8.303104e-05,70000.0,151467.38,149824.06,149824.05,0.019309817,10.343503,8.540149,8.54015
4.2492194,0.0039369436,7.6879805e-05,70000.0,151467.34,149824.05,149824.05,0.019309817,10.343262,8.540151,8.54015
4.2492194,0.0040245047,7.805402e-05,70000.0,151467.39,149824.05,149824.05,0.019309817,10.3435335,8.540154,8.540149
4.2492194,0.0037633039,8.155203e-05,70000.0,151467.36,149824.06,149824.05,0.019309817,10.343079,8.540152,8.540149
4.2492194,0.0032951112,7.6961915e-05,70000.0,151467.33,149824.03,149824.08,0.019309817,10.343143,8.5401535,8.540149
4.2492194,0.0038912515,6.773442e-05,70000.0,151467.34,149824.05,149824.06,0.019309817,10.343539,8.540144,8.54015
4.2492194,0.004105219,7.612379e-05,70000.0,151467.31,149824.05,149824.06,0.019309817,10.343103,8.540145,8.54015
4.2492194,0.00416941,7.360295e-05,70000.0,151467.33,149824.06,149824.05,0.019309817,10.342958,8.540147,8.54015
4.2492194,0.002964362,7.6989396e-05,70000.0,151467.28,149824.06,149824.05,0.019309817,10.343249,8.540152,8.54015
4.2492194,0.0035508077,7.484856e-05,70000.0,151467.36,149824.03,149824.06,0.019309817,10.343535,8.540142,8.54015
4.2492194,0.0031338513,7.790798e-05,70000.0,151467.38,149824.06,149824.06,0.019309817,10.343588,8.540153,8.540149
4.2492194,0.002891099,7.806892e-05,70000.0,151467.34,149824.06,149824.05,0.019309817,10.343645,8.540149,8.54015
4.2492194,0.003649463,7.83551e-05,70000.0,151467.36,149824.05,149824.05,0.019309817,10.343454,8.540144,8.540149
4.2492194,0.0037759708,7.694476e-05,70000.0,151467.34,149824.05,149824.05,0.019309817,10.343228,8.540151,8.54015
4.2492194,0.004073263,7.9997415e-05,70000.0,151467.39,149824.06,149824.06,0.019309817,10.343534,8.540148,8.54015
4.2492194,0.0037628047,7.9542064e-05,70000.0,151467.39,149824.06,149824.05,0.019309817,10.343649,8.540147,8.54015
4.2492194,0.0033874635,7.770529e-05,70000.0,151467.39,149824.06,149824.03,0.019309817,10.34363,8.540144,8.540149
4.2492194,0.0036481705,8.035881e-05,70000.0,151467.34,149824.06,149824.05,0.019309817,10.343192,8.540153,8.540149
4.2492194,0.0033941695,7.718276e-05,70000.0,151467.38,149824.05,149824.05,0.019309817,10.343769,8.540145,8.540149
4.2492194,0.0034512896,7.808368e-05,70000.0,151467.38,149824.03,149824.03,0.019309817,10.343444,8.540146,8.54015
4.2492194,0.003557573,7.850339e-05,70000.0,151467.42,149824.05,149824.05,0.019309817,10.3440275,8.540149,8.54015
4.2492194,0.003191824,7.419935e-05,70000.0,151467.39,149824.05,149824.06,0.019309817,10.343331,8.5401535,8.540149
4.2492194,0.0035001417,7.3600466e-05,70000.0,151467.33,149824.05,149824.05,0.019309817,10.343024,8.540144,8.540149
4.2492194,0.0030659104,7.74543e-05,70000.0,151467.4,149824.05,149824.03,0.019309817,10.343351,8.540151,8.54015
4.2492194,0.0031843516,7.485584e-05,70000.0,151467.36,149824.05,149824.05,0.019309817,10.34348,8.540143,8.54015
4.2492194,0.004128599,8.1407255e-05,70000.0,151467.38,149824.05,149824.06,0.019309817,10.34346,8.540148,8.54015
4.2492194,0.003879544,8.17293e-05,70000.0,151467.31,149824.05,149824.05,0.019309817,10.343025,8.540148,8.54015
4.2492194,0.0034789434,7.84802e-05,70000.0,151467.33,149824.05,149824.03,0.019309817,10.343318,8.540142,8.54015
4.2492194,0.003324004,7.917047e-05,70000.0,151467.33,149824.06,149824.05,0.019309817,10.343235,8.540146,8.54015
4.2492194,0.0034541064,7.60718e-05,70000.0,151467.39,149824.05,149824.03,0.019309817,10.343659,8.540155,8.54015
4.2492194,0.0037513091,7.640966e-05,70000.0,151467.34,149824.05,149824.06,0.019309817,10.343521,8.540148,8.540149
4.2492194,0.0034061274,8.519786e-05,70000.0,151467.38,149824.02,149824.05,0.019309817,10.343276,8.540147,8.54015
4.2492194,0.0038221513,8.363044e-05,70000.0,151467.34,149824.06,149824.06,0.019309817,10.34319,8.540144,8.540149
4.2492194,0.003546438,7.859431e-05,70000.0,151467.39,149824.06,149824.08,0.019309817,10.343328,8.540146,8.540151
4.2492194,0.0035643706,7.174326e-05,70000.0,151467.39,149824.06,149824.06,0.019309817,10.343209,8.54015,8.54015
4.2492194,0.003270217,7.503356e-05,70000.0,151467.36,149824.06,149824.06,0.019309817,10.343305,8.5401535,8.540151
4.2492194,0.0035329594,7.411943e-05,70000.0,151467.39,149824.05,149824.05,0.019309817,10.343313,8.540152,8.54015
4.2492194,0.0037751198,7.6941906e-05,70000.0,151467.38,149824.03,149824.08,0.019309817,10.3431225,8.540148,8.540151
4.2492194,0.0034517734,8.2026905e-05,70000.0,151467.44,149824.06,149824.05,0.019309817,10.34333,8.540155,8.540151
4.2492194,0.003789591,8.210045e-05,70000.0,151467.47,149824.05,149824.03,0.019309817,10.344031,8.540154,8.54015
4.2492194,0.003472686,7.3361494e-05,70000.0,151467.4,149824.05,149824.06,0.019309817,10.343941,8.540149,8.54015
4.2492194,0.0036588977,8.1695085e-05,70000.0,151467.44,149824.05,149824.08,0.019309817,10.343482,8.54015,8.540149
4.2492194,0.0033923045,7.515862e-05,70000.0,151467.4,149824.06,149824.05,0.019309817,10.343612,8.540158,8.540149
4.2492194,0.0033313723,6.9823924e-05,70000.0,151467.4,149824.06,149824.03,0.019309817,10.343611,8.540154,8.54015
4.2492194,0.003876179,7.834015e-05,70000.0,151467.38,149824.05,149824.03,0.019309817,10.3435755,8.540147,8.54015
4.2492194,0.0034972432,7.4526135e-05,70000.0,151467.33,149824.08,149824.06,0.019309817,10.343053,8.540148,8.54015
4.2492194,0.0034512628,7.146511e-05,70000.0,151467.31,149824.06,149824.05,0.019309817,10.343655,8.540143,8.540148
4.2492194,0.0036659765,8.057471e-05,70000.0,151467.38,149824.05,149824.06,0.019309817,10.34348,8.540156,8.54015
4.2492194,0.0036915422,8.0454585e-05,70000.0,151467.42,149824.03,149824.05,0.019309817,10.34362,8.540147,8.54015
4.2492194,0.0036917203,7.8430545e-05,70000.0,151467.39,149824.06,149824.06,0.019309817,10.343552,8.540148,8.540148
4.2492194,0.0036415397,7.180446e-05,70000.0,151467.33,149824.08,149824.05,0.019309817,10.343377,8.540142,8.540151
4.2492194,0.003869462,8.561979e-05,70000.0,151467.42,149824.06,149824.06,0.019309817,10.343823,8.540151,8.54015
4.2492194,0.0037945297,7.533667e-05,70000.0,151467.36,149824.06,149824.08,0.019309817,10.343406,8.540146,8.540151
4.2492194,0.0035403382,7.911292e-05,70000.0,151467.4,149824.05,149824.05,0.019309817,10.343483,8.540152,8.540151
4.2492194,0.003820122,7.748938e-05,70000.0,151467.38,149824.05,149824.06,0.019309817,10.343509,8.540156,8.54015
4.2492194,0.0036435635,8.249559e-05,70000.0,151467.34,149824.06,149824.06,0.019309817,10.343433,8.540154,8.54015
4.2492194,0.004260404,8.306383e-05,70000.0,151467.39,149824.05,149824.05,0.019309817,10.343378,8.540148,8.54015
4.2492194,0.004330268,8.363208e-05,70000.0,151467.39,149824.06,149824.05,0.019309817,10.343249,8.54015,8.540149
4.2492194,0.003852961,8.1340535e-05,70000.0,151467.38,149824.06,149824.06,0.019309817,10.343489,8.540147,8.540151
4.2492194,0.0033943504,7.7253266e-05,70000.0,151467.36,149824.06,149824.06,0.019309817,10.343698,8.540146,8.54015
4.2492194,0.0038580853,8.1830556e-05,70000.0,151467.44,149824.06,149824.03,0.019309817,10.343542,8.5401535,8.540149
4.2492194,0.0046793176,9.3689836e-05,70000.0,151467.36,149824.06,149824.05,0.019309817,10.343187,8.540147,8.540151
4.2492194,0.0041935463,8.547722e-05,70000.0,151467.39,149824.06,149824.06,0.019309817,10.343243,8.540153,8.54015
4.2492194,0.0041366434,7.780991e-05,70000.0,151467.36,149824.05,149824.05,0.019309817,10.343025,8.540152,8.54015
4.2492194,0.0035531407,7.928202e-05,70000.0,151467.31,149824.03,149824.08,0.019309817,10.343275,8.540145,8.54015
4.2492194,0.0036659103,7.6636636e-05,70000.0,151467.33,149824.06,149824.05,0.019309817,10.343057,8.540156,8.540149
4.2492194,0.004043061,8.0906015e-05,70000.0,151467.39,149824.06,149824.06,0.019309817,10.343209,8.540154,8.540151
4.2492194,0.0030915667,7.859635e-05,70000.0,151467.39,149824.06,149824.05,0.019309817,10.343311,8.540143,8.540151
4.2492194,0.003806682,8.4950654e-05,70000.0,151467.33,149824.06,149824.05,0.019309817,10.343081,8.540146,8.54015
4.2492194,0.0032945976,8.227528e-05,70000.0,151467.36,149824.05,149824.06,0.019309817,10.343635,8.540147,8.54015
4.2492194,0.0036734592,8.659393e-05,70000.0,151467.39,149824.05,149824.05,0.019309817,10.343192,8.540151,8.540151
4.2492194,0.0037184423,7.3016476e-05,70000.0,151467.36,149824.06,149824.06,0.019309817,10.343242,8.540144,8.540149
4.2492194,0.0040102154,7.537804e-05,70000.0,151467.33,149824.06,149824.05,0.019309817,10.343089,8.540154,8.54015
4.2492194,0.0033800902,7.459825e-05,70000.0,151467.4,149824.05,149824.05,0.019309817,10.343609,8.540153,8.540151
4.2492194,0.0036648863,7.296738e-05,70000.0,151467.4,149824.06,149824.05,0.019309817,10.343197,8.540151,8.54015
4.2492194,0.0035634763,7.096324e-05,70000.0,151467.44,149824.06,149824.05,0.019309817,10.343519,8.540146,8.54015
4.2492194,0.0033108725,7.642033e-05,70000.0,151467.4,149824.05,149824.06,0.019309817,10.343532,8.540151,8.540149
4.2492194,0.0032110275,7.93947e-05,70000.0,151467.34,149824.06,149824.08,0.019309817,10.343226,8.540151,8.540149
4.2492194,0.0034172484,7.923999e-05,70000.0,151467.45,149824.05,149824.03,0.019309817,10.34372,8.5401535,8.54015
4.2492194,0.003694825,7.904725e-05,70000.0,151467.4,149824.06,149824.06,0.019309817,10.3435,8.540149,8.54015
4.2492194,0.003225745,7.395435e-05,70000.0,151467.42,149824.06,149824.06,0.019309817,10.343295,8.540156,8.54015
4.2492194,0.0035557977,8.2193525e-05,70000.0,151467.44,149824.06,149824.06,0.019309817,10.343855,8.540156,8.54015
4.2492194,0.0038616022,8.396258e-05,70000.0,151467.44,149824.06,149824.03,0.019309817,10.343584,8.540149,8.54015
4.2492194,0.0035838028,8.011326e-05,70000.0,151467.34,149824.05,149824.06,0.019309817,10.34333,8.540149,8.54015
4.2492194,0.004121619,8.092605e-05,70000.0,151467.34,149824.02,149824.08,0.019309817,10.343514,8.540149,8.54015
4.2492194,0.0035391634,7.790784e-05,70000.0,151467.33,149824.05,149824.06,0.019309817,10.3433275,8.54015,8.540151
4.2492194,0.0033643872,8.0935526e-05,70000.0,151467.34,149824.06,149824.03,0.019309817,10.34318,8.540152,8.54015
4.2492194,0.003742147,7.770766e-05,70000.0,151467.39,149824.05,149824.08,0.019309817,10.343619,8.540144,8.54015
4.2492194,0.003574413,7.43328e-05,70000.0,151467.38,149824.03,149824.06,0.019309817,10.343433,8.540152,8.54015
4.2492194,0.003556383,7.712809e-05,70000.0,151467.39,149824.05,149824.06,0.019309817,10.343369,8.540149,8.54015
4.2492194,0.003234011,7.9190926e-05,70000.0,151467.33,149824.05,149824.05,0.019309817,10.343084,8.540155,8.540151
4.2492194,0.0042152693,8.0503974e-05,70000.0,151467.36,149824.06,149824.05,0.019309817,10.343255,8.540142,8.54015
4.2492194,0.009969358,0.00012252331,70000.0,151467.36,149824.06,149824.08,0.019309817,10.343137,8.540151,8.540151
4.2492194,0.0037824162,8.219709e-05,70000.0,151467.4,149824.05,149824.06,0.019309817,10.343641,8.540146,8.540149
4.2492194,0.003389877,8.286862e-05,70000.0,151467.39,149824.06,149824.05,0.019309817,10.343216,8.540153,8.54015
4.2492194,0.0031679203,7.6555785e-05,70000.0,151467.36,149824.06,149824.05,0.019309817,10.343262,8.540152,8.54015
4.2492194,0.0034332562,7.6995915e-05,70000.0,151467.39,149824.05,149824.05,0.019309817,10.343457,8.540149,8.540149
4.2492194,0.0037772227,7.7474026e-05,70000.0,151467.39,149824.06,149824.05,0.019309817,10.343458,8.540148,8.54015
4.2492194,0.0030869097,6.880788e-05,70000.0,151467.31,149824.08,149824.05,0.019309817,10.343001,8.540147,8.54015
4.2492194,0.0033592249,7.666836e-05,70000.0,151467.36,149824.05,149824.05,0.019309817,10.343165,8.540148,8.540149
4.2492194,0.0031661347,7.3542935e-05,70000.0,151467.33,149824.06,149824.05,0.019309817,10.343321,8.540148,8.54015
4.2492194,0.0035922767,7.77125e-05,70000.0,151467.42,149824.05,149824.03,0.019309817,10.343626,8.540148,8.540151
4.2492194,0.0039034486,7.8765974e-05,70000.0,151467.38,149824.06,149824.05,0.019309817,10.343419,8.540148,8.540149
4.2492194,0.0037683877,7.7317265e-05,70000.0,151467.39,149824.03,149824.06,0.019309817,10.343289,8.540147,8.540149
4.2492194,0.0041921646,8.214043e-05,70000.0,151467.38,149824.08,149824.08,0.019309817,10.343163,8.540152,8.540149
4.2492194,0.004650148,8.930974e-05,70000.0,151467.36,149824.06,149824.05,0.019309817,10.343544,8.540156,8.54015
4.2492194,0.0049944418,8.535079e-05,70000.0,151467.39,149824.06,149824.05,0.019309817,10.343394,8.540153,8.54015
4.2492194,0.0040643797,7.881962e-05,70000.0,151467.39,149824.06,149824.06,0.019309817,10.3432865,8.540152,8.54015
4.2492194,0.0037992129,7.7686345e-05,70000.0,151467.34,149824.05,149824.05,0.019309817,10.343614,8.540144,8.540149
4.2492194,0.0034679312,7.281096e-05,70000.0,151467.38,149824.06,149824.05,0.019309817,10.343514,8.540149,8.54015
4.2492194,0.0037765172,7.7497185e-05,70000.0,151467.36,149824.05,149824.05,0.019309817,10.34367,8.540153,8.540149
4.2492194,0.003853179,7.6172444e-05,70000.0,151467.34,149824.06,149824.06,0.019309817,10.34355,8.540141,8.54015
4.2492194,0.003875141,7.532602e-05,70000.0,151467.31,149824.05,149824.06,0.019309817,10.343049,8.540146,8.540151
4.2492194,0.003882575,7.50682e-05,70000.0,151467.45,149824.06,149824.05,0.019309817,10.343938,8.540148,8.54015
4.2492194,0.003645095,7.079596e-05,70000.0,151467.4,149824.06,149824.06,0.019309817,10.343285,8.5401535,8.54015
4.2492194,0.0031434805,7.104325e-05,70000.0,151467.4,149824.06,149824.08,0.019309817,10.343366,8.540153,8.54015
4.2492194,0.0032499507,7.164676e-05,70000.0,151467.4,149824.06,149824.05,0.019309817,10.343399,8.540154,8.540151
4.2492194,0.0033992466,6.9440706e-05,70000.0,151467.39,149824.06,149824.06,0.019309817,10.343851,8.540149,8.54015
4.2492194,0.0041234028,7.3418e-05,70000.0,151467.38,149824.06,149824.06,0.019309817,10.3433895,8.540147,8.54015
4.2492194,0.0037186693,7.920187e-05,70000.0,151467.42,149824.03,149824.03,0.019309817,10.34339,8.540152,8.54015
4.2492194,0.0032952104,7.292066e-05,70000.0,151467.38,149824.08,149824.06,0.019309817,10.34378,8.540154,8.540149
4.2492194,0.0029994417,7.454928e-05,70000.0,151467.42,149824.05,149824.05,0.019309817,10.343851,8.540149,8.54015
4.2492194,0.0029810574,7.645797e-05,70000.0,151467.36,149824.06,149824.08,0.019309817,10.343194,8.540147,8.540151
4.2492194,0.003614776,7.4564836e-05,70000.0,151467.33,149824.06,149824.06,0.019309817,10.343108,8.540145,8.54015
4.2492194,0.0035102428,7.908952e-05,70000.0,151467.39,149824.03,149824.08,0.019309817,10.343448,8.540151,8.54015
4.2492194,0.0037261844,7.235971e-05,70000.0,151467.33,149824.05,149824.06,0.019309817,10.343363,8.540155,8.54015
4.2492194,0.0033299224,7.682047e-05,70000.0,151467.44,149824.06,149824.06,0.019309817,10.34362,8.540148,8.54015
4.2492194,0.003689692,8.032847e-05,70000.0,151467.39,149824.05,149824.05,0.019309817,10.343368,8.540144,8.54015
4.2492194,0.0034332569,7.825554e-05,70000.0,151467.38,149824.05,149824.03,0.019309817,10.343284,8.540152,8.54015
4.2492194,0.00411207,7.9265796e-05,70000.0,151467.33,149824.06,149824.06,0.019309817,10.343251,8.540149,8.540151
4.2492194,0.0044629257,7.7304576e-05,70000.0,151467.4,149824.06,149824.05,0.019309817,10.343389,8.5401535,8.540149
4.2492194,0.0029753072,6.581698e-05,70000.0,151467.38,149824.05,149824.05,0.019309817,10.343532,8.540158,8.54015
4.2492194,0.0034992269,7.5400865e-05,70000.0,151467.42,149824.05,149824.06,0.019309817,10.343425,8.540149,8.54015
4.2492194,0.0035737865,7.133957e-05,70000.0,151467.38,149824.05,149824.05,0.019309817,10.343269,8.540155,8.54015
4.2492194,0.0035722335,8.501569e-05,70000.0,151467.34,149824.05,149824.06,0.019309817,10.343316,8.54015,8.540149
4.2492194,0.0042440053,8.265792e-05,70000.0,151467.42,149824.06,149824.06,0.019309817,10.343335,8.54015,8.540152
4.2492194,0.0036931725,8.068021e-05,70000.0,151467.34,149824.05,149824.06,0.019309817,10.343428,8.540146,8.54015
4.2492194,0.003644352,8.119856e-05,70000.0,151467.36,149824.06,149824.06,0.019309817,10.343441,8.5401535,8.54015
4.2492194,0.0036523284,8.013869e-05,70000.0,151467.38,149824.08,149824.05,0.019309817,10.343247,8.54015,8.540148
4.2492194,0.0036714089,7.735311e-05,70000.0,151467.4,149824.05,149824.08,0.019309817,10.343471,8.540154,8.54015
4.2492194,0.0035880152,7.706271e-05,70000.0,151467.4,149824.02,149824.06,0.019309817,10.343587,8.540145,8.54015
4.2492194,0.003922452,8.230533e-05,70000.0,151467.45,149824.06,149824.05,0.019309817,10.343703,8.54015,8.54015
4.2492194,0.004040744,8.285232e-05,70000.0,151467.38,149824.06,149824.03,0.019309817,10.343304,8.540145,8.540149
4.2492194,0.0037284906,7.7406345e-05,70000.0,151467.36,149824.06,149824.06,0.019309817,10.343436,8.540148,8.54015
4.2492194,0.0034759752,7.9163954e-05,70000.0,151467.36,149824.03,149824.06,0.019309817,10.343334,8.540145,8.540151
4.2492194,0.0034843234,7.630646e-05,70000.0,151467.38,149824.05,149824.06,0.019309817,10.343354,8.540149,8.540149
4.2492194,0.0035941496,8.383412e-05,70000.0,151467.31,149824.05,149824.08,0.019309817,10.343087,8.540152,8.540151
4.2492194,0.0037895297,7.641286e-05,70000.0,151467.42,149824.05,149824.05,0.019309817,10.343671,8.540152,8.54015
4.2492194,0.0034543234,7.7609766e-05,70000.0,151467.39,149824.05,149824.05,0.019309817,10.343432,8.54015,8.540149
4.2492194,0.0031139492,6.935595e-05,70000.0,151467.39,149824.06,149824.05,0.019309817,10.343398,8.540149,8.540149
4.2492194,0.0034850303,7.4822434e-05,70000.0,151467.42,149824.05,149824.06,0.019309817,10.343696,8.540149,8.540151
4.2492194,0.0036090955,7.277099e-05,70000.0,151467.39,149824.05,149824.03,0.019309817,10.343454,8.540152,8.540151
4.2492194,0.003547675,8.050104e-05,70000.0,151467.34,149824.03,149824.05,0.019309817,10.343342,8.54015,8.54015
4.2492194,0.004149003,8.28971e-05,70000.0,151467.36,149824.06,149824.05,0.019309817,10.343207,8.54015,8.540149
4.2492194,0.0038137645,7.6720324e-05,70000.0,151467.36,149824.06,149824.05,0.019309817,10.343184,8.540148,8.54015
4.2492194,0.0036786902,7.376605e-05,70000.0,151467.39,149824.06,149824.08,0.019309817,10.343558,8.540149,8.540151
4.2492194,0.0031322218,7.4470096e-05,70000.0,151467.31,149824.06,149824.06,0.019309817,10.343341,8.540154,8.54015
4.2492194,0.0037751286,7.887594e-05,70000.0,151467.38,149824.06,149824.06,0.019309817,10.343471,8.540143,8.540149
4.2492194,0.0036618712,7.42521e-05,70000.0,151467.38,149824.05,149824.08,0.019309817,10.343491,8.540149,8.54015
4.2492194,0.004348674,8.6697175e-05,70000.0,151467.33,149824.08,149824.05,0.019309817,10.34313,8.540146,8.540151
4.2492194,0.004207564,8.257764e-05,70000.0,151467.36,149824.06,149824.05,0.019309817,10.343595,8.54015,8.540149
4.2492194,0.0038092076,7.536325e-05,70000.0,151467.31,149824.05,149824.05,0.019309817,10.343121,8.5401535,8.54015
4.2492194,0.0039108563,7.6679156e-05,70000.0,151467.39,149824.06,149824.06,0.019309817,10.3433075,8.5401535,8.540151
4.2492194,0.003924205,8.029983e-05,70000.0,151467.36,149824.05,149824.08,0.019309817,10.3430195,8.5401535,8.54015
4.2492194,0.0034650576,8.1779435e-05,70000.0,151467.34,149824.06,149824.06,0.019309817,10.343063,8.540147,8.54015
4.2492194,0.003281499,7.380883e-05,70000.0,151467.42,149824.03,149824.05,0.019309817,10.34356,8.540149,8.540149
4.2492194,0.004022047,7.9561345e-05,70000.0,151467.36,149824.03,149824.05,0.019309817,10.343386,8.540153,8.540151
4.2492194,0.0038902937,7.563179e-05,70000.0,151467.31,149824.05,149824.06,0.019309817,10.34336,8.540152,8.54015
4.2492194,0.003371466,8.154501e-05,70000.0,151467.31,149824.03,149824.05,0.019309817,10.343582,8.540144,8.54015
4.2492194,0.0038816158,8.521957e-05,70000.0,151467.38,149824.06,149824.05,0.019309817,10.343644,8.540151,8.54015
4.2492194,0.0035836902,7.6579745e-05,70000.0,151467.38,149824.05,149824.03,0.019309817,10.343261,8.54015,8.54015
4.2492194,0.0032631066,8.050773e-05,70000.0,151467.38,149824.05,149824.06,0.019309817,10.343629,8.540148,8.540151
4.2492194,0.0035790266,7.699363e-05,70000.0,151467.4,149824.06,149824.06,0.019309817,10.343691,8.540148,8.54015
4.2492194,0.0036632884,7.779224e-05,70000.0,151467.36,149824.05,149824.05,0.019309817,10.343302,8.540144,8.54015
4.2492194,0.0032142538,7.648698e-05,70000.0,151467.39,149824.05,149824.05,0.019309817,10.343236,8.540151,8.54015
4.2492194,0.0033347043,7.5248434e-05,70000.0,151467.33,149824.05,149824.08,0.019309817,10.343658,8.540147,8.54015
4.2492194,0.0035664483,7.705229e-05,70000.0,151467.34,149824.05,149824.06,0.019309817,10.3436365,8.54015,8.540151
4.2492194,0.003522673,7.555259e-05,70000.0,151467.39,149824.06,149824.05,0.019309817,10.343714,8.540155,8.540149
4.2492194,0.0032577957,7.9194666e-05,70000.0,151467.36,149824.03,149824.05,0.019309817,10.343365,8.540143,8.540151
4.2492194,0.0037067067,8.063066e-05,70000.0,151467.45,149824.06,149824.08,0.019309817,10.343725,8.540155,8.540151
4.2492194,0.0043017687,8.1738835e-05,70000.0,151467.42,149824.06,149824.03,0.019309817,10.343568,8.540146,8.540149
4.2492194,0.004039358,7.7669785e-05,70000.0,151467.36,149824.05,149824.03,0.019309817,10.343428,8.540149,8.54015
4.2492194,0.0038635766,8.2690676e-05,70000.0,151467.45,149824.06,149824.08,0.019309817,10.343398,8.540151,8.54015
4.2492194,0.0041017123,8.490494e-05,70000.0,151467.42,149824.05,149824.06,0.019309817,10.343384,8.540152,8.54015
4.2492194,0.0036086966,7.985908e-05,70000.0,151467.33,149824.06,149824.05,0.019309817,10.342986,8.540152,8.540149
4.2492194,0.004116994,8.483134e-05,70000.0,151467.38,149824.05,149824.05,0.019309817,10.343437,8.540149,8.54015
4.2492194,0.00344757,8.44596e-05,70000.0,151467.33,149824.05,149824.05,0.019309817,10.343525,8.540149,8.540149
4.2492194,0.0035374116,7.930791e-05,70000.0,151467.38,149824.05,149824.06,0.019309817,10.343423,8.5401535,8.54015
4.2492194,0.0038694455,8.1233244e-05,70000.0,151467.36,149824.05,149824.05,0.019309817,10.343375,8.540151,8.540149
4.2492194,0.003358478,7.347516e-05,70000.0,151467.34,149824.06,149824.05,0.019309817,10.343511,8.54015,8.54015
4.2492194,0.003397335,7.676844e-05,70000.0,151467.42,149824.05,149824.05,0.019309817,10.343551,8.540143,8.540148
4.2492194,0.0032458452,7.787386e-05,70000.0,151467.4,149824.05,149824.06,0.019309817,10.343839,8.540151,8.540149
4.2492194,0.0035855474,7.5926095e-05,70000.0,151467.36,149824.06,149824.08,0.019309817,10.343162,8.540154,8.54015
4.2492194,0.0044367546,8.06671e-05,70000.0,151467.4,149824.06,149824.06,0.019309817,10.343425,8.5401535,8.540149
4.2492194,0.003481108,7.6457894e-05,70000.0,151467.39,149824.06,149824.03,0.019309817,10.343796,8.540145,8.54015
4.2492194,0.0031666085,7.083232e-05,70000.0,151467.34,149824.05,149824.05,0.019309817,10.343285,8.540149,8.540149
4.2492194,0.0034716048,7.257466e-05,70000.0,151467.31,149824.05,149824.08,0.019309817,10.343091,8.540152,8.540152
4.2492194,0.0038300736,7.832074e-05,70000.0,151467.34,149824.08,149824.05,0.019309817,10.343575,8.540149,8.54015
4.2492194,0.0037362715,7.612864e-05,70000.0,151467.33,149824.08,149824.08,0.019309817,10.34321,8.540148,8.54015
4.2492194,0.003554807,7.456353e-05,70000.0,151467.36,149824.08,149824.05,0.019309817,10.342984,8.5401535,8.54015
4.2492194,0.0035919843,7.074242e-05,70000.0,151467.38,149824.05,149824.08,0.019309817,10.3433,8.54015,8.54015
4.2492194,0.0037528942,7.5829856e-05,70000.0,151467.4,149824.05,149824.05,0.019309817,10.343609,8.540143,8.540149
4.2492194,0.003861415,7.930162e-05,70000.0,151467.38,149824.08,149824.08,0.019309817,10.343424,8.540152,8.540151
4.2492194,0.0031271998,7.980494e-05,70000.0,151467.36,149824.06,149824.05,0.019309817,10.34345,8.540149,8.54015
4.2492194,0.0036785784,7.415275e-05,70000.0,151467.36,149824.03,149824.08,0.019309817,10.3432255,8.540156,8.540151
4.2492194,0.0034162323,7.8206576e-05,70000.0,151467.34,149824.03,149824.05,0.019309817,10.34313,8.54015,8.54015
4.2492194,0.0035005487,7.521028e-05,70000.0,151467.36,149824.03,149824.06,0.019309817,10.343411,8.540152,8.540149
4.2492194,0.003465601,7.967717e-05,70000.0,151467.34,149824.05,149824.06,0.019309817,10.343132,8.540153,8.54015
4.2492194,0.0037166297,7.570228e-05,70000.0,151467.42,149824.05,149824.08,0.019309817,10.34368,8.540151,8.540151
4.2492194,0.0035309994,7.4767115e-05,70000.0,151467.42,149824.05,149824.03,0.019309817,10.343541,8.540145,8.540149
4.2492194,0.0032340742,7.474244e-05,70000.0,151467.36,149824.05,149824.05,0.019309817,10.343478,8.540147,8.540149
4.2492194,0.0028265736,7.606646e-05,70000.0,151467.36,149824.06,149824.05,0.019309817,10.343304,8.540146,8.54015
4.2492194,0.0031712842,7.217641e-05,70000.0,151467.39,149824.06,149824.08,0.019309817,10.343492,8.540147,8.540151
4.2492194,0.0036066978,7.718992e-05,70000.0,151467.39,149824.05,149824.06,0.019309817,10.343904,8.540144,8.540151
4.2492194,0.0030284708,7.466521e-05,70000.0,151467.4,149824.03,149824.06,0.019309817,10.343399,8.540146,8.54015
4.2492194,0.0033443545,7.828439e-05,70000.0,151467.4,149824.06,149824.05,0.019309817,10.3434725,8.540154,8.540149
4.2492194,0.0034819834,7.5530166e-05,70000.0,151467.4,149824.06,149824.06,0.019309817,10.343638,8.5401535,8.54015
4.2492194,0.0034925817,7.494571e-05,70000.0,151467.44,149824.02,149824.06,0.019309817,10.343599,8.540151,8.54015
4.2492194,0.003089187,7.689084e-05,70000.0,151467.39,149824.03,149824.06,0.019309817,10.343345,8.540143,8.54015
4.2492194,0.0035337782,7.8105455e-05,70000.0,151467.31,149824.06,149824.05,0.019309817,10.343429,8.540154,8.54015
4.2492194,0.0037929541,8.593313e-05,70000.0,151467.39,149824.05,149824.05,0.019309817,10.343547,8.540148,8.54015
4.2492194,0.0036636386,7.994506e-05,70000.0,151467.36,149824.02,149824.03,0.019309817,10.343288,8.540149,8.540149
4.2492194,0.00347599,7.7313394e-05,70000.0,151467.4,149824.05,149824.05,0.019309817,10.343415,8.540151,8.54015
4.2492194,0.0037935919,8.219376e-05,70000.0,151467.4,149824.05,149824.03,0.019309817,10.343682,8.540151,8.54015
4.2492194,0.0036687371,7.88874e-05,70000.0,151467.39,149824.05,149824.05,0.019309817,10.342915,8.540146,8.54015
4.2492194,0.0033742215,7.8739264e-05,70000.0,151467.31,149824.05,149824.06,0.019309817,10.3432,8.540147,8.54015
4.2492194,0.0036131227,8.506773e-05,70000.0,151467.39,149824.05,149824.06,0.019309817,10.34346,8.540148,8.540149
4.2492194,0.0037753582,7.2666764e-05,70000.0,151467.33,149824.05,149824.03,0.019309817,10.343144,8.540147,8.54015
4.2492194,0.0037716846,7.8700556e-05,70000.0,151467.33,149824.06,149824.05,0.019309817,10.343154,8.540151,8.540149
4.2492194,0.0035711844,7.550681e-05,70000.0,151467.34,149824.05,149824.06,0.019309817,10.343375,8.540147,8.540149
4.2492194,0.003803576,7.533618e-05,70000.0,151467.36,149824.05,149824.03,0.019309817,10.3435755,8.540144,8.540151
4.2492194,0.0040904507,8.429208e-05,70000.0,151467.42,149824.05,149824.06,0.019309817,10.343366,8.540148,8.540151
4.2492194,0.0033928351,8.3163744e-05,70000.0,151467.33,149824.08,149824.05,0.019309817,10.343131,8.540151,8.540151
4.2492194,0.0035737737,7.9532896e-05,70000.0,151467.45,149824.05,149824.06,0.019309817,10.343588,8.540152,8.54015
4.2492194,0.003996303,7.9913836e-05,70000.0,151467.44,149824.08,149824.06,0.019309817,10.343525,8.5401535,8.54015
4.2492194,0.0035040532,8.093742e-05,70000.0,151467.39,149824.05,149824.08,0.019309817,10.343333,8.540144,8.540149
4.2492194,0.0032949436,7.747015e-05,70000.0,151467.36,149824.05,149824.08,0.019309817,10.34339,8.540146,8.540151
4.2492194,0.0034592184,7.586551e-05,70000.0,151467.4,149824.05,149824.05,0.019309817,10.343662,8.540154,8.54015
4.2492194,0.0039959834,8.334793e-05,70000.0,151467.33,149824.08,149824.05,0.019309817,10.34322,8.5401535,8.54015
4.2492194,0.0038809672,7.454513e-05,70000.0,151467.39,149824.06,149824.06,0.019309817,10.343242,8.540148,8.54015
4.2492194,0.0039726347,8.423764e-05,70000.0,151467.38,149824.05,149824.05,0.019309817,10.343102,8.540151,8.54015
4.2492194,0.003962188,8.4257576e-05,70000.0,151467.33,149824.05,149824.06,0.019309817,10.3427725,8.5401535,8.54015
4.2492194,0.0034465403,7.9126236e-05,70000.0,151467.33,149824.05,149824.06,0.019309817,10.342941,8.540152,8.54015
4.2492194,0.0036618654,7.425809e-05,70000.0,151467.4,149824.06,149824.06,0.019309817,10.343396,8.540152,8.54015
4.2492194,0.0034004017,7.774183e-05,70000.0,151467.36,149824.06,149824.06,0.019309817,10.3431635,8.540148,8.540151
4.2492194,0.003614043,7.540324e-05,70000.0,151467.39,149824.05,149824.05,0.019309817,10.3433,8.540147,8.54015
4.2492194,0.0033636368,7.5982294e-05,70000.0,151467.36,149824.06,149824.03,0.019309817,10.343286,8.540155,8.54015
4.2492194,0.0036282968,7.270038e-05,70000.0,151467.39,149824.06,149824.08,0.019309817,10.343736,8.54015,8.54015
4.2492194,0.0032673983,7.44446e-05,70000.0,151467.42,149824.06,149824.05,0.019309817,10.343521,8.540148,8.54015
4.2492194,0.004171878,7.35693e-05,70000.0,151467.36,149824.05,149824.06,0.019309817,10.343203,8.5401535,8.540149
4.2492194,0.004357784,7.5421136e-05,70000.0,151467.38,149824.05,149824.05,0.019309817,10.343409,8.540155,8.540149
4.2492194,0.0036141055,7.505882e-05,70000.0,151467.48,149824.05,149824.05,0.019309817,10.343839,8.540149,8.540151
4.2492194,0.0040194932,7.754111e-05,70000.0,151467.36,149824.05,149824.05,0.019309817,10.3433895,8.540154,8.54015
4.2492194,0.0037848845,7.353554e-05,70000.0,151467.4,149824.05,149824.06,0.019309817,10.343229,8.5401535,8.540151
4.2492194,0.00309664,7.137325e-05,70000.0,151467.38,149824.05,149824.05,0.019309817,10.343349,8.540148,8.54015
4.2492194,0.0034669144,7.334681e-05,70000.0,151467.39,149824.05,149824.06,0.019309817,10.343277,8.54015,8.54015
4.2492194,0.0038718428,7.6628654e-05,70000.0,151467.4,149824.06,149824.06,0.019309817,10.343315,8.540151,8.54015
4.2492194,0.0031805625,7.424897e-05,70000.0,151467.38,149824.06,149824.05,0.019309817,10.343415,8.540152,8.540151
4.2492194,0.0034415848,7.485568e-05,70000.0,151467.4,149824.06,149824.08,0.019309817,10.343254,8.540143,8.54015
4.2492194,0.0039338996,8.359212e-05,70000.0,151467.38,149824.08,149824.06,0.019309817,10.343434,8.540148,8.54015
4.2492194,0.003787377,7.45198e-05,70000.0,151467.38,149824.06,149824.06,0.019309817,10.343566,8.540147,8.54015
4.2492194,0.0034944592,6.780127e-05,70000.0,151467.39,149824.05,149824.06,0.019309817,10.343564,8.540144,8.540149
4.2492194,0.0031443385,7.1251554e-05,70000.0,151467.34,149824.06,149824.05,0.019309817,10.343117,8.5401535,8.540151
4.2492194,0.0036539051,6.948863e-05,70000.0,151467.33,149824.06,149824.08,0.019309817,10.343475,8.540145,8.540148
4.2492194,0.003674002,7.0479815e-05,70000.0,151467.36,149824.06,149824.05,0.019309817,10.343424,8.54015,8.54015
4.2492194,0.002970298,6.912774e-05,70000.0,151467.34,149824.06,149824.06,0.019309817,10.343366,8.540144,8.54015
4.2492194,0.0033644054,6.854183e-05,70000.0,151467.34,149824.05,149824.06,0.019309817,10.343415,8.540154,8.540149
4.2492194,0.0038350832,6.884591e-05,70000.0,151467.38,149824.05,149824.05,0.019309817,10.34376,8.540152,8.540151
4.2492194,0.0035677454,6.97788e-05,70000.0,151467.39,149824.06,149824.06,0.019309817,10.343453,8.540151,8.540149
4.2492194,0.0037786243,7.254475e-05,70000.0,151467.38,149824.08,149824.08,0.019309817,10.343693,8.540149,8.540151
4.2492194,0.0041676434,7.36308e-05,70000.0,151467.38,149824.03,149824.06,0.019309817,10.343534,8.540146,8.540149
4.2492194,0.0036193645,6.625549e-05,70000.0,151467.39,149824.05,149824.03,0.019309817,10.3434,8.540154,8.54015
4.2492194,0.0036047033,7.240725e-05,70000.0,151467.4,149824.06,149824.06,0.019309817,10.343611,8.540146,8.540151
4.2492194,0.0030023414,6.6161825e-05,70000.0,151467.44,149824.06,149824.03,0.019309817,10.34366,8.540155,8.54015
4.2492194,0.0031523244,6.643957e-05,70000.0,151467.44,149824.05,149824.06,0.019309817,10.343711,8.540152,8.54015
4.2492194,0.0033923367,6.75075e-05,70000.0,151467.39,149824.06,149824.06,0.019309817,10.343433,8.540154,8.54015
4.2492194,0.004051146,7.025115e-05,70000.0,151467.42,149824.06,149824.06,0.019309817,10.343543,8.540153,8.540149
4.2492194,0.0040202383,6.799335e-05,70000.0,151467.4,149824.05,149824.06,0.019309817,10.343334,8.540146,8.54015
4.2492194,0.0038570436,6.976903e-05,70000.0,151467.4,149824.06,149824.05,0.019309817,10.343073,8.54015,8.540149
4.2492194,0.0032977005,6.964912e-05,70000.0,151467.38,149824.06,149824.06,0.019309817,10.343682,8.540144,8.540149
4.2492194,0.003475475,7.428578e-05,70000.0,151467.4,149824.06,149824.05,0.019309817,10.3438015,8.5401535,8.540149
4.2492194,0.0031210012,7.186933e-05,70000.0,151467.34,149824.06,149824.06,0.019309817,10.343571,8.540141,8.54015
4.2492194,0.0037172406,6.930717e-05,70000.0,151467.44,149824.02,149824.05,0.019309817,10.343711,8.540143,8.540151
4.2492194,0.0038055917,7.0174094e-05,70000.0,151467.4,149824.03,149824.05,0.019309817,10.34329,8.540152,8.540151
4.2492194,0.0032876192,6.611238e-05,70000.0,151467.38,149824.06,149824.05,0.019309817,10.3433075,8.540148,8.54015
4.2492194,0.0035345457,6.6726396e-05,70000.0,151467.38,149824.06,149824.06,0.019309817,10.343263,8.540147,8.54015
4.2492194,0.0033494607,6.672466e-05,70000.0,151467.44,149824.06,149824.08,0.019309817,10.343402,8.540152,8.540151
4.2492194,0.0038407182,6.4963286e-05,70000.0,151467.34,149824.05,149824.06,0.019309817,10.343442,8.540151,8.540149
4.2492194,0.003910126,7.0104266e-05,70000.0,151467.45,149824.05,149824.05,0.019309817,10.343681,8.540149,8.54015
4.2492194,0.0035170456,6.688787e-05,70000.0,151467.36,149824.05,149824.03,0.019309817,10.3433485,8.540153,8.54015
4.2492194,0.00325252,6.37555e-05,70000.0,151467.42,149824.05,149824.08,0.019309817,10.343833,8.540143,8.54015
4.2492194,0.0032043804,6.628438e-05,70000.0,151467.42,149824.06,149824.05,0.019309817,10.343398,8.540154,8.540151
4.2492194,0.0033383789,6.420183e-05,70000.0,151467.36,149824.06,149824.05,0.019309817,10.343068,8.540147,8.540149
4.2492194,0.0033361875,6.5430344e-05,70000.0,151467.4,149824.06,149824.05,0.019309817,10.343191,8.5401535,8.54015
4.2492194,0.003078165,6.837343e-05,70000.0,151467.34,149824.05,149824.05,0.019309817,10.343508,8.540148,8.54015
4.2492194,0.0035007081,6.7523506e-05,70000.0,151467.39,149824.06,149824.05,0.019309817,10.343681,8.540149,8.54015
4.2492194,0.0031754007,7.2169816e-05,70000.0,151467.39,149824.05,149824.06,0.019309817,10.343404,8.54015,8.54015
4.2492194,0.0034593295,6.9160036e-05,70000.0,151467.36,149824.06,149824.05,0.019309817,10.343535,8.540151,8.540149
4.2492194,0.0034695968,6.985045e-05,70000.0,151467.42,149824.05,149824.03,0.019309817,10.343779,8.540155,8.54015
4.2492194,0.0033391,6.9883376e-05,70000.0,151467.38,149824.06,149824.05,0.019309817,10.343228,8.540149,8.54015
4.2492194,0.0035938309,7.3593204e-05,70000.0,151467.44,149824.08,149824.05,0.019309817,10.343475,8.540153,8.540149
4.2492194,0.0032711246,6.9289454e-05,70000.0,151467.4,149824.06,149824.05,0.019309817,10.343663,8.5401535,8.54015
4.2492194,0.003609288,7.466668e-05,70000.0,151467.33,149824.06,149824.03,0.019309817,10.343333,8.540142,8.540149
4.2492194,0.003727856,7.979786e-05,70000.0,151467.36,149824.06,149824.05,0.019309817,10.34339,8.540153,8.540149
4.2492194,0.003751298,6.8453475e-05,70000.0,151467.42,149824.06,149824.05,0.019309817,10.343222,8.54015,8.540149
4.2492194,0.0035909207,6.956775e-05,70000.0,151467.33,149824.06,149824.06,0.019309817,10.342871,8.540151,8.540149
4.2492194,0.0035628735,7.005745e-05,70000.0,151467.33,149824.06,149824.05,0.019309817,10.343027,8.540151,8.540149
4.2492194,0.0033456874,6.800073e-05,70000.0,151467.33,149824.05,149824.06,0.019309817,10.343255,8.540149,8.540151
4.2492194,0.0031860974,7.203392e-05,70000.0,151467.38,149824.05,149824.08,0.019309817,10.343421,8.540146,8.54015
4.2492194,0.003621256,6.833451e-05,70000.0,151467.38,149824.06,149824.06,0.019309817,10.343504,8.540152,8.540149
4.2492194,0.0037949444,6.936222e-05,70000.0,151467.36,149824.06,149824.06,0.019309817,10.343288,8.5401535,8.54015
4.2492194,0.0037695467,7.387737e-05,70000.0,151467.4,149824.06,149824.03,0.019309817,10.343544,8.540151,8.540149
4.2492194,0.0032418838,6.857679e-05,70000.0,151467.39,149824.05,149824.05,0.019309817,10.343501,8.540148,8.540151
4.2492194,0.0034068986,6.8579095e-05,70000.0,151467.39,149824.05,149824.05,0.019309817,10.343428,8.540154,8.540149
4.2492194,0.0032703944,6.623145e-05,70000.0,151467.36,149824.06,149824.08,0.019309817,10.343273,8.540151,8.540149
4.2492194,0.0037808502,6.979653e-05,70000.0,151467.36,149824.05,149824.05,0.019309817,10.343469,8.5401535,8.540149
4.2492194,0.0037692653,7.930706e-05,70000.0,151467.36,149824.05,149824.06,0.019309817,10.343551,8.54015,8.54015
4.2492194,0.003297095,6.767323e-05,70000.0,151467.42,149824.05,149824.05,0.019309817,10.343587,8.540154,8.54015
4.2492194,0.0035667722,6.973768e-05,70000.0,151467.36,149824.06,149824.05,0.019309817,10.343287,8.540148,8.54015
4.2492194,0.0036408217,7.684032e-05,70000.0,151467.38,149824.06,149824.05,0.019309817,10.343453,8.54015,8.54015
4.2492194,0.0031589456,6.9882015e-05,70000.0,151467.38,149824.06,149824.05,0.019309817,10.34336,8.540151,8.540151
4.2492194,0.0028597228,6.60063e-05,70000.0,151467.36,149824.05,149824.05,0.019309817,10.343618,8.540151,8.54015
4.2492194,0.002809936,6.460427e-05,70000.0,151467.38,149824.05,149824.05,0.019309817,10.343562,8.540148,8.54015
4.2492194,0.003183001,6.9438865e-05,70000.0,151467.38,149824.06,149824.05,0.019309817,10.343364,8.540146,8.540149
4.2492194,0.0036990447,7.814079e-05,70000.0,151467.33,149824.05,149824.05,0.019309817,10.343089,8.54015,8.540151
4.2492194,0.0036188008,7.125686e-05,70000.0,151467.39,149824.03,149824.08,0.019309817,10.343613,8.54015,8.54015
4.2492194,0.003393149,7.5182026e-05,70000.0,151467.34,149824.06,149824.05,0.019309817,10.343444,8.5401535,8.54015
4.2492194,0.0035476584,7.62219e-05,70000.0,151467.4,149824.05,149824.05,0.019309817,10.343332,8.54015,8.54015
4.2492194,0.0035581281,7.656849e-05,70000.0,151467.4,149824.05,149824.06,0.019309817,10.343625,8.540144,8.54015
4.2492194,0.00386131,6.997671e-05,70000.0,151467.38,149824.06,149824.08,0.019309817,10.343303,8.540149,8.540151
4.2492194,0.003614416,7.324754e-05,70000.0,151467.34,149824.06,149824.03,0.019309817,10.342939,8.540148,8.54015
4.2492194,0.002966871,7.5010976e-05,70000.0,151467.42,149824.05,149824.06,0.019309817,10.34335,8.540146,8.54015
4.2492194,0.0036784525,7.368553e-05,70000.0,151467.36,149824.06,149824.08,0.019309817,10.343527,8.540145,8.54015
4.2492194,0.0034734663,7.152797e-05,70000.0,151467.36,149824.05,149824.06,0.019309817,10.343361,8.540152,8.54015
4.2492194,0.0037080944,7.48886e-05,70000.0,151467.34,149824.05,149824.06,0.019309817,10.343437,8.5401535,8.54015
4.2492194,0.0033498658,7.185579e-05,70000.0,151467.44,149824.05,149824.08,0.019309817,10.343503,8.540153,8.540149
4.2492194,0.0036929345,7.203464e-05,70000.0,151467.34,149824.05,149824.08,0.019309817,10.342933,8.540153,8.54015
4.2492194,0.0035402426,6.6996225e-05,70000.0,151467.36,149824.05,149824.05,0.019309817,10.343209,8.540146,8.54015
4.2492194,0.003827236,7.3331736e-05,70000.0,151467.38,149824.06,149824.06,0.019309817,10.343181,8.540146,8.540149
4.2492194,0.003546538,6.702581e-05,70000.0,151467.42,149824.05,149824.06,0.019309817,10.343577,8.540145,8.54015
4.2492194,0.0037263297,7.415198e-05,70000.0,151467.39,149824.06,149824.03,0.019309817,10.34349,8.540153,8.540149
4.2492194,0.002752338,7.356925e-05,70000.0,151467.33,149824.06,149824.05,0.019309817,10.343315,8.540148,8.540149
4.2492194,0.00346165,7.550961e-05,70000.0,151467.39,149824.05,149824.05,0.019309817,10.343344,8.540152,8.54015
4.2492194,0.002644966,7.2120405e-05,70000.0,151467.34,149824.05,149824.06,0.019309817,10.343179,8.540148,8.540149
4.2492194,0.002894346,6.981471e-05,70000.0,151467.39,149824.05,149824.06,0.019309817,10.343323,8.540157,8.540149
4.2492194,0.0031452037,7.5213226e-05,70000.0,151467.4,149824.06,149824.06,0.019309817,10.343379,8.540151,8.54015
4.2492194,0.0036001166,8.1739774e-05,70000.0,151467.45,149824.05,149824.06,0.019309817,10.343634,8.540153,8.54015
4.2492194,0.0027666304,6.896918e-05,70000.0,151467.4,149824.05,149824.05,0.019309817,10.343774,8.54015,8.540151
4.2492194,0.0036697194,7.753261e-05,70000.0,151467.36,149824.03,149824.05,0.019309817,10.343357,8.540148,8.54015
4.2492194,0.0037455715,7.867848e-05,70000.0,151467.34,149824.05,149824.06,0.019309817,10.343299,8.540151,8.54015
4.2492194,0.0032247275,7.2765644e-05,70000.0,151467.36,149824.05,149824.03,0.019309817,10.343286,8.540151,8.540151
4.2492194,0.0030570051,7.833664e-05,70000.0,151467.34,149824.05,149824.06,0.019309817,10.34322,8.540153,8.54015
4.2492194,0.003710368,8.031834e-05,70000.0,151467.34,149824.05,149824.05,0.019309817,10.343461,8.540147,8.54015
4.2492194,0.00361784,7.4449235e-05,70000.0,151467.4,149824.06,149824.05,0.019309817,10.3437,8.54015,8.540149
4.2492194,0.0034793126,8.012811e-05,70000.0,151467.39,149824.06,149824.03,0.019309817,10.343477,8.540143,8.540149
4.2492194,0.003038174,7.687815e-05,70000.0,151467.42,149824.05,149824.05,0.019309817,10.343633,8.540148,8.540151
4.2492194,0.00360801,7.517797e-05,70000.0,151467.31,149824.08,149824.06,0.019309817,10.343202,8.540148,8.540149
4.2492194,0.0033905115,7.590082e-05,70000.0,151467.4,149824.05,149824.05,0.019309817,10.343479,8.540145,8.54015
4.2492194,0.003662741,8.007175e-05,70000.0,151467.42,149824.05,149824.06,0.019309817,10.343488,8.540143,8.54015
4.2492194,0.0034231008,7.987611e-05,70000.0,151467.38,149824.05,149824.06,0.019309817,10.343588,8.5401535,8.540151
4.2492194,0.0039285016,7.441669e-05,70000.0,151467.36,149824.06,149824.05,0.019309817,10.343394,8.540147,8.54015
4.2492194,0.0037074054,7.502357e-05,70000.0,151467.38,149824.05,149824.05,0.019309817,10.343206,8.540145,8.54015
4.2492194,0.0034758816,7.266324e-05,70000.0,151467.36,149824.06,149824.06,0.019309817,10.343138,8.540148,8.54015
4.2492194,0.003764116,7.611569e-05,70000.0,151467.36,149824.05,149824.05,0.019309817,10.34315,8.540153,8.54015
4.2492194,0.0034809585,7.512698e-05,70000.0,151467.42,149824.06,149824.05,0.019309817,10.343502,8.540149,8.54015
4.2492194,0.0028274732,7.315348e-05,70000.0,151467.36,149824.05,149824.05,0.019309817,10.343292,8.54015,8.540151
4.2492194,0.0040703597,7.734913e-05,70000.0,151467.39,149824.06,149824.06,0.019309817,10.34332,8.540151,8.54015
4.2492194,0.0035463308,7.578384e-05,70000.0,151467.44,149824.05,149824.05,0.019309817,10.34387,8.540148,8.54015
4.2492194,0.0033074194,7.129427e-05,70000.0,151467.31,149824.06,149824.06,0.019309817,10.343276,8.540152,8.540149
4.2492194,0.004009756,7.748583e-05,70000.0,151467.44,149824.05,149824.05,0.019309817,10.343322,8.5401535,8.54015
4.2492194,0.003247334,7.122346e-05,70000.0,151467.36,149824.05,149824.08,0.019309817,10.343387,8.540152,8.540151
4.2492194,0.0035337445,7.0689195e-05,70000.0,151467.39,149824.03,149824.06,0.019309817,10.343589,8.540152,8.540151
4.2492194,0.0036180099,7.6321536e-05,70000.0,151467.34,149824.05,149824.06,0.019309817,10.343274,8.540152,8.54015
4.2492194,0.0033510767,7.160315e-05,70000.0,151467.39,149824.03,149824.03,0.019309817,10.343766,8.540158,8.54015
4.2492194,0.0033896544,7.228699e-05,70000.0,151467.39,149824.05,149824.06,0.019309817,10.343331,8.540147,8.540151
4.2492194,0.0033214292,7.383023e-05,70000.0,151467.38,149824.06,149824.06,0.019309817,10.34319,8.540153,8.54015
4.2492194,0.0034104707,7.384504e-05,70000.0,151467.38,149824.05,149824.05,0.019309817,10.343338,8.540156,8.540149
4.2492194,0.0035750673,7.364248e-05,70000.0,151467.33,149824.08,149824.05,0.019309817,10.343335,8.540156,8.54015
4.2492194,0.003515943,7.545103e-05,70000.0,151467.36,149824.05,149824.05,0.019309817,10.343206,8.540151,8.54015
4.2492194,0.0033637602,7.931171e-05,70000.0,151467.39,149824.05,149824.05,0.019309817,10.34356,8.540149,8.540148
4.2492194,0.003230059,7.679779e-05,70000.0,151467.38,149824.03,149824.06,0.019309817,10.343359,8.540148,8.540149
4.2492194,0.003584397,7.491142e-05,70000.0,151467.38,149824.06,149824.03,0.019309817,10.343464,8.540149,8.540149
4.2492194,0.003602541,7.236186e-05,70000.0,151467.36,149824.05,149824.05,0.019309817,10.343332,8.54015,8.54015
4.2492194,0.0034668432,7.841072e-05,70000.0,151467.38,149824.06,149824.06,0.019309817,10.343356,8.540151,8.54015
4.2492194,0.0034252717,7.755335e-05,70000.0,151467.34,149824.05,149824.05,0.019309817,10.343149,8.540158,8.540151
4.2492194,0.0034924773,7.8053425e-05,70000.0,151467.36,149824.06,149824.06,0.019309817,10.343291,8.54015,8.54015
4.2492194,0.0032993224,7.413426e-05,70000.0,151467.36,149824.05,149824.06,0.019309817,10.343227,8.540145,8.54015
4.2492194,0.0037890167,8.124147e-05,70000.0,151467.36,149824.05,149824.06,0.019309817,10.343271,8.540148,8.540149
4.2492194,0.003198605,7.5725286e-05,70000.0,151467.45,149824.05,149824.06,0.019309817,10.343789,8.540143,8.540151
4.2492194,0.00374116,7.744e-05,70000.0,151467.38,149824.05,149824.05,0.019309817,10.343386,8.54015,8.54015
4.2492194,0.0032494063,7.373394e-05,70000.0,151467.39,149824.06,149824.06,0.019309817,10.343378,8.540147,8.540151
4.2492194,0.003580398,7.786866e-05,70000.0,151467.28,149824.05,149824.05,0.019309817,10.343125,8.540151,8.540149
4.2492194,0.0031531341,7.655467e-05,70000.0,151467.34,149824.05,149824.05,0.019309817,10.343609,8.540148,8.540149
4.2492194,0.003360818,7.288232e-05,70000.0,151467.38,149824.05,149824.06,0.019309817,10.343345,8.540149,8.540151
4.2492194,0.0033994915,6.764237e-05,70000.0,151467.39,149824.06,149824.03,0.019309817,10.3432865,8.540148,8.54015
4.2492194,0.0032120855,7.471763e-05,70000.0,151467.42,149824.05,149824.06,0.019309817,10.343542,8.540153,8.540151
4.2492194,0.0035088833,7.60747e-05,70000.0,151467.42,149824.03,149824.06,0.019309817,10.343442,8.540148,8.54015
4.2492194,0.0035908078,7.093091e-05,70000.0,151467.36,149824.03,149824.08,0.019309817,10.343383,8.540148,8.54015
4.2492194,0.0036957539,7.760072e-05,70000.0,151467.36,149824.06,149824.06,0.019309817,10.343124,8.540149,8.540149
4.2492194,0.0036017243,7.865859e-05,70000.0,151467.48,149824.06,149824.06,0.019309817,10.343516,8.54015,8.54015
4.2492194,0.0037127074,7.4868156e-05,70000.0,151467.31,149824.03,149824.08,0.019309817,10.343333,8.540147,8.540151
4.2492194,0.0034090884,7.735383e-05,70000.0,151467.42,149824.06,149824.05,0.019309817,10.343426,8.5401535,8.540149
4.2492194,0.0040427195,7.740328e-05,70000.0,151467.36,149824.06,149824.05,0.019309817,10.3431225,8.540148,8.540149
4.2492194,0.0036332023,7.410086e-05,70000.0,151467.34,149824.06,149824.05,0.019309817,10.343128,8.540154,8.540149
4.2492194,0.0039729704,8.127699e-05,70000.0,151467.42,149824.06,149824.06,0.019309817,10.34357,8.540153,8.54015
4.2492194,0.0037537694,7.8057004e-05,70000.0,151467.4,149824.06,149824.06,0.019309817,10.343467,8.5401535,8.540151
4.2492194,0.00378087,7.691555e-05,70000.0,151467.34,149824.05,149824.06,0.019309817,10.343276,8.540149,8.54015
4.2492194,0.0037704092,7.5720294e-05,70000.0,151467.36,149824.05,149824.05,0.019309817,10.343879,8.540149,8.54015
4.2492194,0.0038180125,7.0594586e-05,70000.0,151467.4,149824.06,149824.06,0.019309817,10.343786,8.540153,8.540149
4.2492194,0.0035609277,7.288525e-05,70000.0,151467.36,149824.05,149824.06,0.019309817,10.343418,8.540145,8.54015
4.2492194,0.0037185566,7.807416e-05,70000.0,151467.39,149824.06,149824.08,0.019309817,10.343675,8.540145,8.540149
4.2492194,0.0027582464,7.32153e-05,70000.0,151467.38,149824.06,149824.05,0.019309817,10.343191,8.540155,8.540149
4.2492194,0.0030940413,7.1206865e-05,70000.0,151467.38,149824.06,149824.06,0.019309817,10.343392,8.540155,8.540149
4.2492194,0.002770293,6.866839e-05,70000.0,151467.34,149824.08,149824.06,0.019309817,10.343291,8.540154,8.540149
4.2492194,0.0030189226,7.2927796e-05,70000.0,151467.38,149824.05,149824.06,0.019309817,10.343292,8.540151,8.54015
4.2492194,0.003249278,7.324912e-05,70000.0,151467.38,149824.03,149824.05,0.019309817,10.343441,8.540144,8.54015
4.2492194,0.0031777823,7.2738185e-05,70000.0,151467.36,149824.06,149824.03,0.019309817,10.343253,8.540144,8.54015
4.2492194,0.0036520688,7.6014796e-05,70000.0,151467.4,149824.05,149824.06,0.019309817,10.343476,8.540153,8.54015
4.2492194,0.0035077382,7.148561e-05,70000.0,151467.34,149824.06,149824.06,0.019309817,10.343425,8.540151,8.540151
4.2492194,0.0032954644,7.554225e-05,70000.0,151467.42,149824.05,149824.05,0.019309817,10.343583,8.54015,8.54015
4.2492194,0.0029855687,6.580578e-05,70000.0,151467.39,149824.03,149824.05,0.019309817,10.3437805,8.540151,8.540149
4.2492194,0.0036696452,7.1197945e-05,70000.0,151467.33,149824.05,149824.05,0.019309817,10.34327,8.540146,8.54015
4.2492194,0.003795427,6.79869e-05,70000.0,151467.36,149824.08,149824.08,0.019309817,10.343462,8.540145,8.54015
4.2492194,0.0035141844,7.021354e-05,70000.0,151467.45,149824.06,149824.05,0.019309817,10.3436575,8.540147,8.54015
4.2492194,0.0031398423,6.881776e-05,70000.0,151467.38,149824.06,149824.05,0.019309817,10.34353,8.540146,8.54015
4.2492194,0.0035621845,7.671972e-05,70000.0,151467.4,149824.06,149824.05,0.019309817,10.343188,8.540151,8.54015
4.2492194,0.003675815,7.698228e-05,70000.0,151467.4,149824.05,149824.06,0.019309817,10.343566,8.540147,8.54015
4.2492194,0.0030339314,6.732473e-05,70000.0,151467.38,149824.03,149824.05,0.019309817,10.343225,8.5401535,8.540149
4.2492194,0.0038001284,8.1597806e-05,70000.0,151467.34,149824.08,149824.03,0.019309817,10.34341,8.540149,8.540149
4.2492194,0.0031542492,7.6968005e-05,70000.0,151467.42,149824.05,149824.05,0.019309817,10.343553,8.540151,8.54015
4.2492194,0.0041119372,7.036228e-05,70000.0,151467.4,149824.06,149824.05,0.019309817,10.343479,8.5401535,8.54015
4.2492194,0.0035684395,7.797799e-05,70000.0,151467.44,149824.05,149824.05,0.019309817,10.343662,8.540152,8.54015
4.2492194,0.0033056494,7.102863e-05,70000.0,151467.31,149824.06,149824.05,0.019309817,10.3430395,8.540152,8.54015
4.2492194,0.003812039,7.494042e-05,70000.0,151467.38,149824.08,149824.06,0.019309817,10.343154,8.540153,8.540149
4.2492194,0.003359916,7.799439e-05,70000.0,151467.39,149824.03,149824.06,0.019309817,10.343223,8.540148,8.54015
4.2492194,0.0038120765,7.6933895e-05,70000.0,151467.42,149824.06,149824.08,0.019309817,10.343363,8.540149,8.54015
4.2492194,0.0035535416,7.584548e-05,70000.0,151467.4,149824.05,149824.06,0.019309817,10.343486,8.540155,8.54015
4.2492194,0.0038289889,7.747092e-05,70000.0,151467.36,149824.03,149824.06,0.019309817,10.343439,8.540147,8.54015
4.2492194,0.004077859,8.338365e-05,70000.0,151467.31,149824.03,149824.06,0.019309817,10.34322,8.540152,8.54015
4.2492194,0.004132145,7.8797486e-05,70000.0,151467.39,149824.05,149824.06,0.019309817,10.343634,8.540152,8.540149
4.2492194,0.0034386227,8.177037e-05,70000.0,151467.36,149824.06,149824.08,0.019309817,10.343368,8.540147,8.54015
4.2492194,0.0031989166,7.850145e-05,70000.0,151467.36,149824.06,149824.06,0.019309817,10.343424,8.540154,8.54015
4.2492194,0.003487012,7.3411386e-05,70000.0,151467.44,149824.06,149824.08,0.019309817,10.343629,8.540152,8.54015
4.2492194,0.004034557,7.785486e-05,70000.0,151467.39,149824.05,149824.05,0.019309817,10.343594,8.540149,8.54015
4.2492194,0.0033170441,7.5124546e-05,70000.0,151467.36,149824.06,149824.06,0.019309817,10.343616,8.540144,8.54015
4.2492194,0.0035863654,7.744468e-05,70000.0,151467.4,149824.06,149824.06,0.019309817,10.343479,8.540148,8.54015
4.2492194,0.003678645,8.158785e-05,70000.0,151467.39,149824.06,149824.1,0.019309817,10.343264,8.540155,8.540151
4.2492194,0.0037160525,7.795926e-05,70000.0,151467.3,149824.05,149824.06,0.019309817,10.342958,8.540155,8.54015
4.2492194,0.0036350475,7.730158e-05,70000.0,151467.34,149824.05,149824.05,0.019309817,10.343165,8.540148,8.54015
4.2492194,0.0036370908,8.332311e-05,70000.0,151467.38,149824.06,149824.06,0.019309817,10.343283,8.540143,8.540149
4.2492194,0.0035737476,7.257646e-05,70000.0,151467.39,149824.05,149824.06,0.019309817,10.343443,8.54015,8.54015
4.2492194,0.0033359088,7.761055e-05,70000.0,151467.38,149824.06,149824.05,0.019309817,10.343332,8.540148,8.540148
4.2492194,0.0029070792,7.37556e-05,70000.0,151467.39,149824.05,149824.05,0.019309817,10.3431835,8.54015,8.54015
4.2492194,0.0029906393,7.005474e-05,70000.0,151467.38,149824.05,149824.05,0.019309817,10.343195,8.540156,8.54015
4.2492194,0.0038398132,8.087324e-05,70000.0,151467.38,149824.05,149824.05,0.019309817,10.343255,8.540151,8.54015
4.2492194,0.0039006933,7.936164e-05,70000.0,151467.39,149824.06,149824.05,0.019309817,10.343675,8.540151,8.540151
4.2492194,0.0038221753,7.436667e-05,70000.0,151467.34,149824.03,149824.05,0.019309817,10.343683,8.540156,8.54015
4.2492194,0.0038750053,8.092959e-05,70000.0,151467.34,149824.05,149824.05,0.019309817,10.343429,8.540143,8.540149
4.2492194,0.0036157377,7.617322e-05,70000.0,151467.4,149824.06,149824.05,0.019309817,10.343463,8.540148,8.54015
4.2492194,0.0029744944,7.852859e-05,70000.0,151467.39,149824.05,149824.05,0.019309817,10.34334,8.5401535,8.540151
4.2492194,0.0031022374,7.410147e-05,70000.0,151467.38,149824.06,149824.05,0.019309817,10.343558,8.540157,8.54015
4.2492194,0.0027215497,7.327194e-05,70000.0,151467.33,149824.08,149824.06,0.019309817,10.343267,8.540146,8.54015
4.2492194,0.0031409021,7.500149e-05,70000.0,151467.39,149824.05,149824.05,0.019309817,10.343772,8.540148,8.540151
4.2492194,0.0031201625,6.9246715e-05,70000.0,151467.42,149824.03,149824.06,0.019309817,10.343491,8.540146,8.540149
4.2492194,0.0033844972,7.657549e-05,70000.0,151467.28,149824.06,149824.03,0.019309817,10.343261,8.540154,8.54015
4.2492194,0.0030178106,7.256322e-05,70000.0,151467.38,149824.05,149824.06,0.019309817,10.343247,8.540144,8.54015
4.2492194,0.0032396961,7.303934e-05,70000.0,151467.44,149824.06,149824.06,0.019309817,10.343711,8.540147,8.540149
4.2492194,0.0037036259,7.759067e-05,70000.0,151467.3,149824.05,149824.05,0.019309817,10.34321,8.540152,8.54015
4.2492194,0.0036938218,7.924916e-05,70000.0,151467.31,149824.03,149824.06,0.019309817,10.343054,8.540157,8.540151
4.2492194,0.0037404064,6.981737e-05,70000.0,151467.36,149824.05,149824.06,0.019309817,10.343526,8.540149,8.540151
4.2492194,0.003996906,7.641451e-05,70000.0,151467.4,149824.06,149824.08,0.019309817,10.343247,8.540151,8.540149
4.2492194,0.0030950771,7.601726e-05,70000.0,151467.39,149824.05,149824.06,0.019309817,10.343575,8.5401535,8.540149
4.2492194,0.0035463003,7.443252e-05,70000.0,151467.38,149824.05,149824.06,0.019309817,10.343299,8.540142,8.540149
4.2492194,0.0030720464,7.932365e-05,70000.0,151467.38,149824.06,149824.05,0.019309817,10.343319,8.540154,8.540149
4.2492194,0.00404118,8.230415e-05,70000.0,151467.4,149824.06,149824.05,0.019309817,10.343617,8.540145,8.540151
4.2492194,0.0034105838,8.1966486e-05,70000.0,151467.34,149824.05,149824.06,0.019309817,10.343027,8.540152,8.540151
4.2492194,0.0030841972,7.753236e-05,70000.0,151467.38,149824.06,149824.05,0.019309817,10.343477,8.54015,8.54015
4.2492194,0.003266166,7.048287e-05,70000.0,151467.42,149824.06,149824.06,0.019309817,10.343355,8.540143,8.54015
4.2492194,0.0035137106,7.889146e-05,70000.0,151467.39,149824.06,149824.06,0.019309817,10.34321,8.540147,8.54015
4.2492194,0.0038398097,7.9117075e-05,70000.0,151467.39,149824.06,149824.05,0.019309817,10.34316,8.54015,8.540151
4.2492194,0.0039794547,7.8330275e-05,70000.0,151467.36,149824.06,149824.05,0.019309817,10.343218,8.540151,8.540151
4.2492194,0.0034944392,7.8571575e-05,70000.0,151467.39,149824.03,149824.06,0.019309817,10.3436775,8.540153,8.54015
4.2492194,0.0038278885,8.032383e-05,70000.0,151467.36,149824.05,149824.06,0.019309817,10.343672,8.540152,8.540149
4.2492194,0.0039100773,8.0516154e-05,70000.0,151467.44,149824.06,149824.06,0.019309817,10.343471,8.540147,8.54015
4.2492194,0.0039188326,7.755556e-05,70000.0,151467.31,149824.03,149824.05,0.019309817,10.343269,8.540148,8.54015
4.2492194,0.0035440298,7.6749384e-05,70000.0,151467.38,149824.05,149824.06,0.019309817,10.343266,8.540145,8.540151
4.2492194,0.0040998566,8.2088205e-05,70000.0,151467.38,149824.05,149824.06,0.019309817,10.34337,8.54015,8.54015
4.2492194,0.003753949,7.7649456e-05,70000.0,151467.4,149824.05,149824.05,0.019309817,10.343819,8.540146,8.54015
4.2492194,0.0036040882,7.5432974e-05,70000.0,151467.36,149824.05,149824.06,0.019309817,10.343565,8.540147,8.540149
4.2492194,0.003783015,7.9786456e-05,70000.0,151467.42,149824.05,149824.05,0.019309817,10.343617,8.540148,8.54015
4.2492194,0.0038915845,7.8685196e-05,70000.0,151467.42,149824.06,149824.05,0.019309817,10.343622,8.540157,8.54015
4.2492194,0.0037216458,7.959697e-05,70000.0,151467.39,149824.05,149824.06,0.019309817,10.343488,8.540155,8.54015
4.2492194,0.0035869058,7.388447e-05,70000.0,151467.31,149824.05,149824.06,0.019309817,10.343079,8.540156,8.54015
4.2492194,0.003740877,7.858107e-05,70000.0,151467.34,149824.06,149824.05,0.019309817,10.343345,8.54015,8.540149
4.2492194,0.004168271,8.562418e-05,70000.0,151467.39,149824.05,149824.03,0.019309817,10.343459,8.540148,8.540149
4.2492194,0.0039636763,8.395178e-05,70000.0,151467.38,149824.05,149824.06,0.019309817,10.343772,8.540149,8.540149
4.2492194,0.0040376494,8.443963e-05,70000.0,151467.34,149824.06,149824.08,0.019309817,10.343306,8.540156,8.540151
4.2492194,0.0038326152,8.579458e-05,70000.0,151467.45,149824.06,149824.06,0.019309817,10.343761,8.540154,8.54015
4.2492194,0.003463178,8.222104e-05,70000.0,151467.34,149824.08,149824.06,0.019309817,10.3431835,8.540154,8.540151
4.2492194,0.0035080286,8.2370956e-05,70000.0,151467.4,149824.05,149824.06,0.019309817,10.343199,8.540151,8.54015
4.2492194,0.0040265685,7.6122305e-05,70000.0,151467.39,149824.05,149824.08,0.019309817,10.343452,8.540156,8.54015
4.2492194,0.0036770143,7.401521e-05,70000.0,151467.38,149824.06,149824.06,0.019309817,10.343603,8.54014,8.54015
4.2492194,0.0036237922,7.757144e-05,70000.0,151467.44,149824.05,149824.03,0.019309817,10.343841,8.54015,8.54015
4.2492194,0.0036685502,7.8355406e-05,70000.0,151467.36,149824.06,149824.05,0.019309817,10.343634,8.54015,8.540149
4.2492194,0.004003011,8.269922e-05,70000.0,151467.38,149824.05,149824.05,0.019309817,10.343339,8.540146,8.54015
4.2492194,0.003980245,7.5219716e-05,70000.0,151467.38,149824.05,149824.05,0.019309817,10.343274,8.540147,8.54015
4.2492194,0.0034501404,7.8028395e-05,70000.0,151467.4,149824.08,149824.06,0.019309817,10.343491,8.540152,8.54015
4.2492194,0.0034462416,6.834834e-05,70000.0,151467.36,149824.06,149824.05,0.019309817,10.34334,8.540145,8.54015
4.2492194,0.0039167325,7.426736e-05,70000.0,151467.42,149824.06,149824.06,0.019309817,10.343538,8.540152,8.54015
4.2492194,0.004130308,7.6206416e-05,70000.0,151467.4,149824.06,149824.05,0.019309817,10.343238,8.540149,8.540149
4.2492194,0.0033395146,7.0059854e-05,70000.0,151467.36,149824.05,149824.03,0.019309817,10.343224,8.540149,8.540149
4.2492194,0.0036609643,6.9082125e-05,70000.0,151467.34,149824.05,149824.06,0.019309817,10.343065,8.540156,8.54015
4.2492194,0.0030256354,7.62471e-05,70000.0,151467.38,149824.06,149824.06,0.019309817,10.343473,8.540144,8.54015
4.2492194,0.003835915,7.766534e-05,70000.0,151467.34,149824.03,149824.06,0.019309817,10.342988,8.540152,8.54015
4.2492194,0.0035624297,7.875922e-05,70000.0,151467.39,149824.06,149824.05,0.019309817,10.343197,8.540147,8.540151
4.2492194,0.0032389457,7.039886e-05,70000.0,151467.34,149824.05,149824.08,0.019309817,10.343485,8.540153,8.540151
4.2492194,0.0035868976,7.350865e-05,70000.0,151467.36,149824.05,149824.06,0.019309817,10.343335,8.540157,8.54015
4.2492194,0.0032773328,7.173748e-05,70000.0,151467.4,149824.05,149824.05,0.019309817,10.343564,8.540155,8.540149
4.2492194,0.0040662675,8.008102e-05,70000.0,151467.36,149824.05,149824.06,0.019309817,10.343104,8.540153,8.54015
4.2492194,0.003497504,7.920291e-05,70000.0,151467.39,149824.05,149824.05,0.019309817,10.343401,8.54015,8.540151
4.2492194,0.003372661,7.758309e-05,70000.0,151467.42,149824.05,149824.08,0.019309817,10.343706,8.54015,8.540151
4.2492194,0.0034245355,7.341976e-05,70000.0,151467.31,149824.05,149824.06,0.019309817,10.3430805,8.540146,8.540149
4.2492194,0.0038411508,7.543185e-05,70000.0,151467.44,149824.05,149824.05,0.019309817,10.343915,8.54015,8.540149
4.2492194,0.0032490126,7.6045515e-05,70000.0,151467.36,149824.06,149824.08,0.019309817,10.343588,8.540151,8.540151
4.2492194,0.004074409,7.700869e-05,70000.0,151467.36,149824.06,149824.06,0.019309817,10.34307,8.540155,8.54015
4.2492194,0.0034687005,7.2173956e-05,70000.0,151467.38,149824.05,149824.06,0.019309817,10.343524,8.54015,8.540151
4.2492194,0.0035873328,7.68541e-05,70000.0,151467.38,149824.06,149824.08,0.019309817,10.343502,8.540144,8.540149
4.2492194,0.003394889,7.4424664e-05,70000.0,151467.38,149824.03,149824.06,0.019309817,10.3433895,8.540147,8.540149
4.2492194,0.0037434555,7.381343e-05,70000.0,151467.38,149824.1,149824.06,0.019309817,10.343567,8.540152,8.540149
4.2492194,0.0036069916,7.45098e-05,70000.0,151467.38,149824.05,149824.02,0.019309817,10.343455,8.540149,8.540149
4.2492194,0.0042218794,7.691014e-05,70000.0,151467.38,149824.05,149824.06,0.019309817,10.343552,8.540148,8.540149
4.2492194,0.004123195,7.6996344e-05,70000.0,151467.36,149824.06,149824.05,0.019309817,10.343554,8.540152,8.54015
4.2492194,0.0040229466,8.007351e-05,70000.0,151467.39,149824.05,149824.06,0.019309817,10.343624,8.540151,8.54015
4.2492194,0.0036416168,7.203705e-05,70000.0,151467.38,149824.08,149824.05,0.019309817,10.343602,8.540154,8.54015
4.2492194,0.003599621,7.572378e-05,70000.0,151467.33,149824.05,149824.06,0.019309817,10.343402,8.540151,8.540151
4.2492194,0.0034546684,7.1246206e-05,70000.0,151467.39,149824.03,149824.05,0.019309817,10.343297,8.540142,8.540151
4.2492194,0.004061782,8.1941216e-05,70000.0,151467.39,149824.06,149824.03,0.019309817,10.343342,8.540149,8.54015
4.2492194,0.0031229495,7.705156e-05,70000.0,151467.38,149824.06,149824.05,0.019309817,10.343378,8.5401535,8.54015
4.2492194,0.003198985,7.444849e-05,70000.0,151467.39,149824.03,149824.06,0.019309817,10.343467,8.540153,8.540151
4.2492194,0.0035597065,7.631974e-05,70000.0,151467.4,149824.03,149824.05,0.019309817,10.343497,8.540146,8.540149
4.2492194,0.0032529775,6.985039e-05,70000.0,151467.38,149824.08,149824.06,0.019309817,10.343649,8.540154,8.540152
4.2492194,0.0033071893,7.4776115e-05,70000.0,151467.39,149824.05,149824.05,0.019309817,10.343302,8.540147,8.540149
4.2492194,0.0039247004,7.734435e-05,70000.0,151467.36,149824.05,149824.05,0.019309817,10.343611,8.54015,8.540149
4.2492194,0.0036358112,7.416791e-05,70000.0,151467.4,149824.03,149824.06,0.019309817,10.343415,8.54014,8.54015
4.2492194,0.004401626,8.139375e-05,70000.0,151467.39,149824.08,149824.06,0.019309817,10.343359,8.540153,8.540149
4.2492194,0.004180162,8.241816e-05,70000.0,151467.34,149824.05,149824.05,0.019309817,10.343211,8.540144,8.540149
4.2492194,0.004028089,8.176527e-05,70000.0,151467.38,149824.05,149824.05,0.019309817,10.343182,8.540145,8.540149
4.2492194,0.0036946444,7.560698e-05,70000.0,151467.36,149824.06,149824.05,0.019309817,10.343304,8.540151,8.540149
4.2492194,0.003248076,7.652385e-05,70000.0,151467.36,149824.03,149824.05,0.019309817,10.343315,8.540153,8.54015
4.2492194,0.004274125,8.180754e-05,70000.0,151467.44,149824.06,149824.06,0.019309817,10.343471,8.540149,8.540151
4.2492194,0.004231745,8.5211585e-05,70000.0,151467.36,149824.05,149824.05,0.019309817,10.343181,8.5401535,8.540149
4.2492194,0.003997368,8.4959975e-05,70000.0,151467.39,149824.06,149824.06,0.019309817,10.34357,8.540148,8.54015
4.2492194,0.0041799485,8.660683e-05,70000.0,151467.36,149824.05,149824.05,0.019309817,10.343458,8.540151,8.540151
4.2492194,0.0038108411,7.803135e-05,70000.0,151467.39,149824.06,149824.06,0.019309817,10.343427,8.540147,8.54015
4.2492194,0.003942478,8.349238e-05,70000.0,151467.39,149824.06,149824.05,0.019309817,10.343491,8.540148,8.540149
4.2492194,0.0036449928,8.294329e-05,70000.0,151467.36,149824.06,149824.03,0.019309817,10.343354,8.5401535,8.54015
4.2492194,0.0036851936,7.8179415e-05,70000.0,151467.34,149824.06,149824.05,0.019309817,10.343133,8.540151,8.54015
4.2492194,0.003939035,8.184112e-05,70000.0,151467.31,149824.05,149824.05,0.019309817,10.342964,8.54015,8.54015
4.2492194,0.0035625235,7.673717e-05,70000.0,151467.36,149824.06,149824.08,0.019309817,10.343221,8.540147,8.54015
4.2492194,0.0035177919,8.401427e-05,70000.0,151467.34,149824.06,149824.06,0.019309817,10.343197,8.540146,8.54015
4.2492194,0.0035029666,7.2565046e-05,70000.0,151467.33,149824.06,149824.05,0.019309817,10.343219,8.540151,8.54015
4.2492194,0.0038427585,8.528369e-05,70000.0,151467.33,149824.06,149824.06,0.019309817,10.342984,8.540146,8.540149
4.2492194,0.0038061214,7.9284335e-05,70000.0,151467.34,149824.03,149824.08,0.019309817,10.34321,8.540147,8.540152
4.2492194,0.0039123083,8.161996e-05,70000.0,151467.39,149824.06,149824.05,0.019309817,10.343642,8.540142,8.54015
4.2492194,0.0026926352,7.916454e-05,70000.0,151467.36,149824.08,149824.05,0.019309817,10.343166,8.540151,8.54015
4.2492194,0.003631786,7.91872e-05,70000.0,151467.4,149824.05,149824.06,0.019309817,10.343354,8.540144,8.54015
4.2492194,0.004178251,8.707563e-05,70000.0,151467.34,149824.03,149824.06,0.019309817,10.343042,8.540147,8.54015
4.2492194,0.0037596982,8.519434e-05,70000.0,151467.44,149824.03,149824.06,0.019309817,10.343571,8.54015,8.54015
4.2492194,0.003550545,8.306524e-05,70000.0,151467.33,149824.06,149824.08,0.019309817,10.34336,8.540149,8.540151
4.2492194,0.004112662,8.629243e-05,70000.0,151467.38,149824.05,149824.05,0.019309817,10.343165,8.540149,8.54015
4.2492194,0.003480864,7.395269e-05,70000.0,151467.36,149824.06,149824.06,0.019309817,10.343287,8.540153,8.54015
4.2492194,0.004018654,8.398161e-05,70000.0,151467.34,149824.05,149824.06,0.019309817,10.343353,8.540147,8.54015
4.2492194,0.0037535145,8.9506226e-05,70000.0,151467.36,149824.06,149824.05,0.019309817,10.343026,8.540148,8.54015
4.2492194,0.0039732647,7.730708e-05,70000.0,151467.36,149824.06,149824.06,0.019309817,10.343121,8.540146,8.54015
4.2492194,0.004160422,9.062774e-05,70000.0,151467.39,149824.06,149824.05,0.019309817,10.343335,8.540152,8.540149
4.2492194,0.0038952061,8.003694e-05,70000.0,151467.34,149824.06,149824.05,0.019309817,10.343599,8.540148,8.54015
4.2492194,0.0045121536,7.848936e-05,70000.0,151467.33,149824.05,149824.05,0.019309817,10.343134,8.540148,8.540149
4.2492194,0.004294369,9.0426736e-05,70000.0,151467.33,149824.06,149824.06,0.019309817,10.343349,8.540149,8.54015
4.2492194,0.003100509,7.701218e-05,70000.0,151467.39,149824.05,149824.05,0.019309817,10.343671,8.54015,8.540151
4.2492194,0.0039963624,8.4496176e-05,70000.0,151467.4,149824.08,149824.06,0.019309817,10.343449,8.540149,8.54015
4.2492194,0.0041047167,8.6877546e-05,70000.0,151467.39,149824.05,149824.05,0.019309817,10.343436,8.540149,8.54015
4.2492194,0.0038966972,8.5809996e-05,70000.0,151467.42,149824.05,149824.05,0.019309817,10.343519,8.540148,8.54015
4.2492194,0.0044834986,8.517241e-05,70000.0,151467.34,149824.05,149824.08,0.019309817,10.343602,8.54015,8.540151
4.2492194,0.004526047,8.501011e-05,70000.0,151467.39,149824.06,149824.06,0.019309817,10.343843,8.540149,8.540149
4.2492194,0.0031996344,7.865718e-05,70000.0,151467.39,149824.08,149824.06,0.019309817,10.343431,8.540151,8.540149
4.2492194,0.003680927,7.318097e-05,70000.0,151467.34,149824.05,149824.06,0.019309817,10.343655,8.540147,8.54015
4.2492194,0.004267436,8.0669524e-05,70000.0,151467.45,149824.05,149824.06,0.019309817,10.343745,8.540155,8.54015
4.2492194,0.0041587246,8.1679274e-05,70000.0,151467.42,149824.06,149824.06,0.019309817,10.344006,8.540156,8.54015
4.2492194,0.004102299,7.60313e-05,70000.0,151467.36,149824.05,149824.06,0.019309817,10.343181,8.540146,8.540151
4.2492194,0.0040739053,7.458831e-05,70000.0,151467.38,149824.05,149824.05,0.019309817,10.343547,8.540153,8.54015
4.2492194,0.0036129022,7.3526346e-05,70000.0,151467.34,149824.08,149824.06,0.019309817,10.343366,8.540148,8.540149
4.2492194,0.0032917429,7.521098e-05,70000.0,151467.39,149824.08,149824.05,0.019309817,10.343644,8.540148,8.54015
4.2492194,0.0036093637,7.578245e-05,70000.0,151467.45,149824.06,149824.06,0.019309817,10.343621,8.540146,8.54015
4.2492194,0.0039582676,7.866408e-05,70000.0,151467.44,149824.05,149824.06,0.019309817,10.34347,8.540151,8.54015
4.2492194,0.0037895476,7.603952e-05,70000.0,151467.33,149824.05,149824.08,0.019309817,10.343343,8.540147,8.540149
4.2492194,0.0041083544,7.4848904e-05,70000.0,151467.39,149824.05,149824.03,0.019309817,10.343631,8.5401535,8.54015
4.2492194,0.003626539,8.279413e-05,70000.0,151467.36,149824.05,149824.06,0.019309817,10.343516,8.540155,8.54015
4.2492194,0.003501695,8.073541e-05,70000.0,151467.4,149824.06,149824.05,0.019309817,10.343436,8.540149,8.54015
4.2492194,0.004448046,8.1638034e-05,70000.0,151467.39,149824.03,149824.05,0.019309817,10.343195,8.54015,8.540149
4.2492194,0.0044968324,7.9801895e-05,70000.0,151467.39,149824.06,149824.06,0.019309817,10.343349,8.540149,8.54015
4.2492194,0.0035136344,7.8880475e-05,70000.0,151467.39,149824.06,149824.08,0.019309817,10.343581,8.5401535,8.54015
4.2492194,0.0037091766,8.0176236e-05,70000.0,151467.34,149824.06,149824.05,0.019309817,10.343448,8.540151,8.540149
4.2492194,0.0035348402,7.498573e-05,70000.0,151467.38,149824.06,149824.05,0.019309817,10.34346,8.54015,8.540149
4.2492194,0.0036491137,7.2349736e-05,70000.0,151467.36,149824.05,149824.06,0.019309817,10.34349,8.540152,8.540151
4.2492194,0.0047942074,7.860875e-05,70000.0,151467.3,149824.05,149824.05,0.019309817,10.343284,8.540155,8.540151
4.2492194,0.00458986,7.868347e-05,70000.0,151467.34,149824.05,149824.05,0.019309817,10.343181,8.54015,8.54015
4.2492194,0.0044082617,8.739001e-05,70000.0,151467.39,149824.06,149824.06,0.019309817,10.343499,8.540147,8.54015
4.2492194,0.0038898687,8.298991e-05,70000.0,151467.42,149824.06,149824.05,0.019309817,10.343382,8.540149,8.54015
4.2492194,0.0036360614,7.509439e-05,70000.0,151467.39,149824.06,149824.05,0.019309817,10.343293,8.540147,8.540149
4.2492194,0.0032863405,7.592157e-05,70000.0,151467.38,149824.05,149824.06,0.019309817,10.343556,8.540152,8.540151
4.2492194,0.0038217444,8.057121e-05,70000.0,151467.38,149824.05,149824.05,0.019309817,10.343544,8.540152,8.54015
4.2492194,0.0033386361,7.753431e-05,70000.0,151467.42,149824.06,149824.06,0.019309817,10.343395,8.540153,8.54015
4.2492194,0.0038344178,7.5287964e-05,70000.0,151467.38,149824.03,149824.08,0.019309817,10.343229,8.540139,8.540149
4.2492194,0.0033898535,7.370749e-05,70000.0,151467.4,149824.05,149824.06,0.019309817,10.343651,8.540149,8.54015
4.2492194,0.004236722,7.3841074e-05,70000.0,151467.36,149824.05,149824.05,0.019309817,10.343111,8.540149,8.540149
4.2492194,0.0034460598,7.533806e-05,70000.0,151467.34,149824.05,149824.05,0.019309817,10.343122,8.540151,8.54015
4.2492194,0.0038146991,7.2993455e-05,70000.0,151467.45,149824.06,149824.08,0.019309817,10.343652,8.540153,8.54015
4.2492194,0.003575383,7.528683e-05,70000.0,151467.39,149824.05,149824.06,0.019309817,10.343138,8.54015,8.54015
4.2492194,0.003967942,7.993632e-05,70000.0,151467.38,149824.05,149824.05,0.019309817,10.343375,8.540145,8.54015
4.2492194,0.004252361,7.892596e-05,70000.0,151467.36,149824.06,149824.05,0.019309817,10.343074,8.540151,8.540151
4.2492194,0.0037981342,7.9466634e-05,70000.0,151467.44,149824.05,149824.05,0.019309817,10.343521,8.540149,8.540149
4.2492194,0.0035526527,7.477314e-05,70000.0,151467.39,149824.06,149824.06,0.019309817,10.343731,8.5401535,8.540149
4.2492194,0.003199357,7.512836e-05,70000.0,151467.38,149824.06,149824.03,0.019309817,10.343403,8.540154,8.54015
4.2492194,0.003920503,7.869129e-05,70000.0,151467.31,149824.05,149824.05,0.019309817,10.343523,8.540145,8.54015
4.2492194,0.0040102564,8.1538754e-05,70000.0,151467.38,149824.06,149824.03,0.019309817,10.343172,8.54015,8.540149
4.2492194,0.004028105,7.197796e-05,70000.0,151467.39,149824.08,149824.06,0.019309817,10.343517,8.540152,8.540151
4.2492194,0.004357491,7.1216025e-05,70000.0,151467.34,149824.05,149824.06,0.019309817,10.3434515,8.540143,8.54015
4.2492194,0.003893202,7.745803e-05,70000.0,151467.39,149824.05,149824.08,0.019309817,10.34362,8.540146,8.54015
4.2492194,0.0036807957,7.1822644e-05,70000.0,151467.45,149824.06,149824.05,0.019309817,10.343722,8.540156,8.540149
4.2492194,0.003868362,7.00017e-05,70000.0,151467.4,149824.05,149824.05,0.019309817,10.343846,8.540148,8.54015
4.2492194,0.0038392511,8.405873e-05,70000.0,151467.42,149824.03,149824.05,0.019309817,10.343591,8.54015,8.540149
4.2492194,0.004110461,8.545575e-05,70000.0,151467.39,149824.06,149824.05,0.019309817,10.34347,8.540151,8.540149
4.2492194,0.0044906596,8.426272e-05,70000.0,151467.38,149824.05,149824.06,0.019309817,10.343465,8.540152,8.54015
4.2492194,0.0037223923,8.215352e-05,70000.0,151467.34,149824.05,149824.06,0.019309817,10.343318,8.540152,8.54015
4.2492194,0.0033916594,7.294262e-05,70000.0,151467.39,149824.05,149824.06,0.019309817,10.343503,8.540157,8.54015
4.2492194,0.003818831,7.050663e-05,70000.0,151467.38,149824.05,149824.06,0.019309817,10.343168,8.540147,8.540149
4.2492194,0.0036474613,7.304167e-05,70000.0,151467.4,149824.08,149824.05,0.019309817,10.343634,8.540147,8.54015
4.2492194,0.0041244915,7.802562e-05,70000.0,151467.38,149824.05,149824.06,0.019309817,10.343286,8.540153,8.540149
4.2492194,0.0041317074,7.4532e-05,70000.0,151467.36,149824.06,149824.06,0.019309817,10.343358,8.540146,8.54015
4.2492194,0.0034660783,7.786978e-05,70000.0,151467.39,149824.06,149824.05,0.019309817,10.343696,8.540146,8.54015
4.2492194,0.0034898648,8.0177946e-05,70000.0,151467.34,149824.06,149824.05,0.019309817,10.343027,8.540148,8.54015
4.2492194,0.0042614844,8.495714e-05,70000.0,151467.38,149824.03,149824.05,0.019309817,10.343429,8.540163,8.540149
4.2492194,0.0042360434,8.265425e-05,70000.0,151467.44,149824.06,149824.05,0.019309817,10.343632,8.540147,8.540151
4.2492194,0.0040469095,8.376522e-05,70000.0,151467.42,149824.06,149824.05,0.019309817,10.343539,8.540146,8.540149
4.2492194,0.00440987,8.128769e-05,70000.0,151467.39,149824.05,149824.03,0.019309817,10.343591,8.540155,8.540149
4.2492194,0.0039868047,8.009948e-05,70000.0,151467.4,149824.05,149824.06,0.019309817,10.343378,8.5401535,8.54015
4.2492194,0.003545844,7.781817e-05,70000.0,151467.34,149824.05,149824.08,0.019309817,10.343207,8.540151,8.540151
4.2492194,0.0037293446,7.7904144e-05,70000.0,151467.44,149824.05,149824.06,0.019309817,10.343624,8.540152,8.540149
4.2492194,0.0043386854,8.435347e-05,70000.0,151467.42,149824.03,149824.05,0.019309817,10.343668,8.540148,8.540151
4.2492194,0.004557587,8.1212274e-05,70000.0,151467.39,149824.03,149824.05,0.019309817,10.343546,8.540142,8.540149
4.2492194,0.0036972922,7.768516e-05,70000.0,151467.39,149824.06,149824.05,0.019309817,10.343364,8.54015,8.54015
4.2492194,0.0038114546,8.2686114e-05,70000.0,151467.36,149824.03,149824.05,0.019309817,10.34302,8.5401535,8.540149
4.2492194,0.0037342543,7.7933655e-05,70000.0,151467.4,149824.05,149824.08,0.019309817,10.343905,8.540154,8.54015
4.2492194,0.0035384053,8.054296e-05,70000.0,151467.36,149824.05,149824.06,0.019309817,10.343139,8.5401535,8.540151
4.2492194,0.0038454246,8.296258e-05,70000.0,151467.4,149824.03,149824.06,0.019309817,10.343347,8.54015,8.540151
4.2492194,0.0034863707,8.2087165e-05,70000.0,151467.4,149824.05,149824.03,0.019309817,10.343552,8.5401535,8.54015
4.2492194,0.004235616,7.926009e-05,70000.0,151467.45,149824.03,149824.06,0.019309817,10.343649,8.5401535,8.540148
4.2492194,0.0041830707,8.673544e-05,70000.0,151467.34,149824.06,149824.05,0.019309817,10.343184,8.540151,8.540149
4.2492194,0.004356567,8.971955e-05,70000.0,151467.34,149824.05,149824.06,0.019309817,10.343218,8.540153,8.54015
4.2492194,0.0039122337,7.559472e-05,70000.0,151467.38,149824.06,149824.05,0.019309817,10.343715,8.540153,8.540151
4.2492194,0.0041708057,7.513337e-05,70000.0,151467.39,149824.05,149824.05,0.019309817,10.343235,8.540151,8.540149
4.2492194,0.0037993547,7.5138865e-05,70000.0,151467.36,149824.06,149824.06,0.019309817,10.343318,8.54015,8.54015
4.2492194,0.0038212936,7.306887e-05,70000.0,151467.4,149824.06,149824.06,0.019309817,10.343363,8.54015,8.540151
4.2492194,0.0037518283,7.491656e-05,70000.0,151467.36,149824.03,149824.06,0.019309817,10.34347,8.540148,8.54015
4.2492194,0.003949804,7.2507944e-05,70000.0,151467.38,149824.05,149824.03,0.019309817,10.343516,8.540143,8.54015
4.2492194,0.003884156,7.338898e-05,70000.0,151467.39,149824.06,149824.05,0.019309817,10.343207,8.540149,8.54015
4.2492194,0.0036794443,7.09815e-05,70000.0,151467.42,149824.05,149824.06,0.019309817,10.343407,8.540153,8.540151
4.2492194,0.004321203,8.227388e-05,70000.0,151467.4,149824.05,149824.06,0.019309817,10.343445,8.5401535,8.540149
4.2492194,0.0036557375,8.102367e-05,70000.0,151467.42,149824.05,149824.06,0.019309817,10.343794,8.540148,8.54015
4.2492194,0.0037729403,7.116009e-05,70000.0,151467.38,149824.05,149824.05,0.019309817,10.343034,8.540159,8.54015
4.2492194,0.0051720473,8.952933e-05,70000.0,151467.36,149824.06,149824.08,0.019309817,10.343257,8.540148,8.540151
4.2492194,0.004378239,8.115553e-05,70000.0,151467.38,149824.03,149824.06,0.019309817,10.343588,8.540154,8.540149
4.2492194,0.0035103485,8.420581e-05,70000.0,151467.4,149824.05,149824.06,0.019309817,10.343969,8.540148,8.54015
4.2492194,0.003249554,7.800567e-05,70000.0,151467.4,149824.03,149824.06,0.019309817,10.34309,8.540154,8.540149
4.2492194,0.0038746607,7.758405e-05,70000.0,151467.39,149824.06,149824.05,0.019309817,10.343315,8.540152,8.54015
4.2492194,0.0039043562,7.506809e-05,70000.0,151467.36,149824.03,149824.05,0.019309817,10.343069,8.540153,8.54015
4.2492194,0.004355425,8.025171e-05,70000.0,151467.44,149824.06,149824.06,0.019309817,10.343524,8.540148,8.54015
4.2492194,0.0039022157,8.172103e-05,70000.0,151467.44,149824.06,149824.05,0.019309817,10.343427,8.540147,8.54015
4.2492194,0.0037927749,8.44684e-05,70000.0,151467.38,149824.05,149824.05,0.019309817,10.343358,8.540152,8.54015
4.2492194,0.0038836384,7.77901e-05,70000.0,151467.33,149824.06,149824.06,0.019309817,10.343288,8.540146,8.540151
4.2492194,0.003928199,8.023249e-05,70000.0,151467.36,149824.05,149824.06,0.019309817,10.343216,8.54015,8.54015
4.2492194,0.0040454958,8.2705425e-05,70000.0,151467.44,149824.05,149824.05,0.019309817,10.343642,8.54015,8.54015
4.2492194,0.003890385,8.2359606e-05,70000.0,151467.44,149824.05,149824.06,0.019309817,10.343372,8.540144,8.54015
4.2492194,0.004307023,8.101533e-05,70000.0,151467.4,149824.06,149824.05,0.019309817,10.343422,8.540148,8.540151
4.2492194,0.0038700358,8.454777e-05,70000.0,151467.34,149824.06,149824.05,0.019309817,10.343607,8.540149,8.54015
4.2492194,0.0037187324,8.253283e-05,70000.0,151467.36,149824.05,149824.06,0.019309817,10.34344,8.540149,8.54015
4.2492194,0.0037610184,7.796686e-05,70000.0,151467.4,149824.06,149824.06,0.019309817,10.343526,8.540147,8.54015
4.2492194,0.0037589842,7.6959404e-05,70000.0,151467.39,149824.05,149824.05,0.019309817,10.343425,8.5401535,8.540149
4.2492194,0.003959379,7.8912075e-05,70000.0,151467.39,149824.06,149824.06,0.019309817,10.343582,8.540146,8.54015
4.2492194,0.0040871566,7.755336e-05,70000.0,151467.34,149824.06,149824.05,0.019309817,10.34315,8.540153,8.54015
4.2492194,0.004067286,8.159097e-05,70000.0,151467.38,149824.05,149824.06,0.019309817,10.343613,8.540152,8.540149
4.2492194,0.003948015,7.9174424e-05,70000.0,151467.38,149824.06,149824.08,0.019309817,10.343437,8.540151,8.54015
4.2492194,0.0041238395,8.625407e-05,70000.0,151467.36,149824.05,149824.05,0.019309817,10.3433895,8.540153,8.540149
4.2492194,0.0037206602,7.611886e-05,70000.0,151467.31,149824.06,149824.05,0.019309817,10.3433075,8.540153,8.54015
4.2492194,0.0038714395,7.937617e-05,70000.0,151467.34,149824.06,149824.05,0.019309817,10.343058,8.540144,8.540149
4.2492194,0.0035202627,7.621614e-05,70000.0,151467.34,149824.08,149824.05,0.019309817,10.343308,8.540156,8.540149
4.2492194,0.003983094,7.920515e-05,70000.0,151467.39,149824.05,149824.06,0.019309817,10.343474,8.540145,8.54015
4.2492194,0.0039237575,8.077268e-05,70000.0,151467.4,149824.06,149824.05,0.019309817,10.343691,8.540151,8.540149
4.2492194,0.0034908596,7.9922764e-05,70000.0,151467.38,149824.05,149824.06,0.019309817,10.343219,8.540146,8.540149
4.2492194,0.0038581397,8.249648e-05,70000.0,151467.42,149824.05,149824.05,0.019309817,10.343846,8.540149,8.54015
4.2492194,0.004123421,8.382938e-05,70000.0,151467.39,149824.05,149824.08,0.019309817,10.34361,8.540152,8.54015
4.2492194,0.0035730246,7.673382e-05,70000.0,151467.39,149824.06,149824.06,0.019309817,10.343738,8.540152,8.54015
4.2492194,0.0037793252,8.077918e-05,70000.0,151467.34,149824.06,149824.05,0.019309817,10.342953,8.540146,8.54015
4.2492194,0.003680994,7.577754e-05,70000.0,151467.4,149824.06,149824.06,0.019309817,10.343904,8.540152,8.540149
4.2492194,0.0035912055,7.97415e-05,70000.0,151467.39,149824.06,149824.05,0.019309817,10.343934,8.540143,8.540149
4.2492194,0.0041622673,7.539563e-05,70000.0,151467.34,149824.08,149824.06,0.019309817,10.343591,8.54015,8.540149
4.2492194,0.0042827222,7.555964e-05,70000.0,151467.38,149824.06,149824.06,0.019309817,10.343036,8.540143,8.54015
4.2492194,0.0032581466,7.057392e-05,70000.0,151467.33,149824.05,149824.05,0.019309817,10.343452,8.540144,8.54015
4.2492194,0.0043065897,9.1803915e-05,70000.0,151467.33,149824.05,149824.06,0.019309817,10.343154,8.540152,8.540149
4.2492194,0.0038216885,6.907067e-05,70000.0,151467.4,149824.06,149824.06,0.019309817,10.343297,8.540152,8.54015
4.2492194,0.0040245326,8.814782e-05,70000.0,151467.31,149824.05,149824.03,0.019309817,10.343451,8.540148,8.540149
4.2492194,0.004213131,8.5085645e-05,70000.0,151467.42,149824.06,149824.05,0.019309817,10.343256,8.54015,8.54015
4.2492194,0.0037057593,8.442644e-05,70000.0,151467.39,149824.06,149824.05,0.019309817,10.343639,8.540144,8.54015
4.2492194,0.004081994,8.5831736e-05,70000.0,151467.33,149824.05,149824.1,0.019309817,10.343293,8.540147,8.54015
4.2492194,0.0043510143,8.158121e-05,70000.0,151467.39,149824.06,149824.06,0.019309817,10.343586,8.54015,8.54015
4.2492194,0.0040328857,7.893925e-05,70000.0,151467.36,149824.05,149824.03,0.019309817,10.343111,8.540148,8.54015
4.2492194,0.0039674966,8.137841e-05,70000.0,151467.34,149824.06,149824.05,0.019309817,10.343298,8.540147,8.54015
4.2492194,0.0041134474,7.76649e-05,70000.0,151467.39,149824.06,149824.03,0.019309817,10.343311,8.540144,8.540151
4.2492194,0.003965076,8.2432096e-05,70000.0,151467.4,149824.06,149824.06,0.019309817,10.343148,8.540152,8.540151
4.2492194,0.003838429,7.576186e-05,70000.0,151467.4,149824.05,149824.08,0.019309817,10.343439,8.540153,8.54015
4.2492194,0.003820496,8.33586e-05,70000.0,151467.38,149824.06,149824.08,0.019309817,10.343257,8.540149,8.540149
4.2492194,0.0038569567,7.907113e-05,70000.0,151467.39,149824.05,149824.02,0.019309817,10.34345,8.540151,8.540149
4.2492194,0.0040441477,8.082269e-05,70000.0,151467.39,149824.08,149824.06,0.019309817,10.343461,8.540153,8.54015
4.2492194,0.0036993925,7.690556e-05,70000.0,151467.44,149824.05,149824.08,0.019309817,10.343509,8.540154,8.540151
4.2492194,0.004399805,8.263855e-05,70000.0,151467.38,149824.06,149824.06,0.019309817,10.343318,8.540151,8.540149
4.2492194,0.004008766,7.889915e-05,70000.0,151467.3,149824.05,149824.06,0.019309817,10.343093,8.540149,8.54015
4.2492194,0.004225941,8.004087e-05,70000.0,151467.39,149824.06,149824.05,0.019309817,10.343335,8.54015,8.54015
4.2492194,0.003881076,7.561162e-05,70000.0,151467.38,149824.06,149824.05,0.019309817,10.343343,8.540145,8.54015
4.2492194,0.0038501553,8.425971e-05,70000.0,151467.44,149824.06,149824.06,0.019309817,10.343744,8.540152,8.54015
4.2492194,0.0041160653,8.252057e-05,70000.0,151467.36,149824.06,149824.06,0.019309817,10.343234,8.540151,8.54015
4.2492194,0.003386046,8.23055e-05,70000.0,151467.38,149824.06,149824.05,0.019309817,10.343461,8.540152,8.540149
4.2492194,0.003959245,7.454609e-05,70000.0,151467.33,149824.08,149824.05,0.019309817,10.343486,8.540157,8.540151
4.2492194,0.003760882,7.594261e-05,70000.0,151467.42,149824.05,149824.05,0.019309817,10.343381,8.540143,8.540149
4.2492194,0.0043148394,7.96161e-05,70000.0,151467.36,149824.05,149824.05,0.019309817,10.343315,8.540148,8.540149
4.2492194,0.003410737,8.2659884e-05,70000.0,151467.33,149824.05,149824.05,0.019309817,10.343111,8.540145,8.540149
4.2492194,0.0040201317,7.840084e-05,70000.0,151467.36,149824.06,149824.05,0.019309817,10.343185,8.540157,8.54015
4.2492194,0.004403588,7.660702e-05,70000.0,151467.39,149824.05,149824.05,0.019309817,10.343608,8.540156,8.54015
4.2492194,0.0038612399,7.4594514e-05,70000.0,151467.33,149824.06,149824.06,0.019309817,10.34351,8.540154,8.54015
4.2492194,0.0033304575,7.71409e-05,70000.0,151467.33,149824.05,149824.05,0.019309817,10.343307,8.540154,8.540149
4.2492194,0.0042204564,7.952146e-05,70000.0,151467.39,149824.05,149824.06,0.019309817,10.343292,8.540144,8.54015
4.2492194,0.003943263,7.838971e-05,70000.0,151467.38,149824.05,149824.05,0.019309817,10.343449,8.540149,8.54015
4.2492194,0.0043261605,8.030869e-05,70000.0,151467.38,149824.06,149824.05,0.019309817,10.34333,8.540152,8.54015
4.2492194,0.0041506696,8.1241975e-05,70000.0,151467.31,149824.06,149824.06,0.019309817,10.343012,8.540148,8.54015
4.2492194,0.0035926627,7.783816e-05,70000.0,151467.4,149824.05,149824.06,0.019309817,10.343559,8.540154,8.54015
4.2492194,0.0034277812,7.830265e-05,70000.0,151467.4,149824.06,149824.06,0.019309817,10.343208,8.540155,8.54015
4.2492194,0.0038772272,8.5037216e-05,70000.0,151467.42,149824.06,149824.06,0.019309817,10.343823,8.540146,8.54015
4.2492194,0.0038887053,7.874066e-05,70000.0,151467.44,149824.06,149824.03,0.019309817,10.343609,8.540148,8.54015
4.2492194,0.0042272303,8.247142e-05,70000.0,151467.31,149824.08,149824.05,0.019309817,10.343147,8.540154,8.54015
4.2492194,0.004164111,7.374891e-05,70000.0,151467.33,149824.08,149824.05,0.019309817,10.343507,8.54015,8.54015
4.2492194,0.003351851,7.1646384e-05,70000.0,151467.38,149824.03,149824.05,0.019309817,10.343247,8.540145,8.54015
4.2492194,0.0037595471,7.923634e-05,70000.0,151467.4,149824.05,149824.05,0.019309817,10.343429,8.540152,8.540149
4.2492194,0.00425934,8.499493e-05,70000.0,151467.38,149824.05,149824.06,0.019309817,10.343364,8.540147,8.540148
4.2492194,0.0046026167,8.062346e-05,70000.0,151467.4,149824.08,149824.06,0.019309817,10.343847,8.54015,8.54015
4.2492194,0.0046763085,8.1866376e-05,70000.0,151467.38,149824.03,149824.03,0.019309817,10.343374,8.540142,8.54015
4.2492194,0.00440807,7.872591e-05,70000.0,151467.4,149824.05,149824.06,0.019309817,10.343425,8.540157,8.540149
4.2492194,0.0038758852,7.9177946e-05,70000.0,151467.4,149824.06,149824.06,0.019309817,10.343282,8.54015,8.540149
4.2492194,0.0037731596,7.896332e-05,70000.0,151467.36,149824.08,149824.05,0.019309817,10.34296,8.54015,8.540149
4.2492194,0.0042574806,8.231242e-05,70000.0,151467.38,149824.06,149824.05,0.019309817,10.343183,8.540151,8.540149
4.2492194,0.004127825,7.855415e-05,70000.0,151467.42,149824.03,149824.08,0.019309817,10.344077,8.54015,8.540151
4.2492194,0.0038433243,8.00101e-05,70000.0,151467.34,149824.05,149824.05,0.019309817,10.34326,8.540154,8.54015
4.2492194,0.0045096967,8.187383e-05,70000.0,151467.36,149824.05,149824.05,0.019309817,10.343436,8.540147,8.54015
4.2492194,0.004295222,8.0965656e-05,70000.0,151467.4,149824.06,149824.06,0.019309817,10.343671,8.54015,8.54015
4.2492194,0.0046263933,7.970843e-05,70000.0,151467.38,149824.06,149824.03,0.019309817,10.343471,8.540152,8.540151
4.2492194,0.00394266,7.961441e-05,70000.0,151467.3,149824.05,149824.08,0.019309817,10.343105,8.540151,8.54015
4.2492194,0.0036639227,8.201654e-05,70000.0,151467.33,149824.06,149824.06,0.019309817,10.343264,8.540147,8.540149
4.2492194,0.0030763785,7.7135046e-05,70000.0,151467.38,149824.05,149824.05,0.019309817,10.343675,8.540141,8.54015
4.2492194,0.003649822,7.3053045e-05,70000.0,151467.34,149824.05,149824.03,0.019309817,10.3438015,8.540152,8.54015
4.2492194,0.0039724153,7.853121e-05,70000.0,151467.36,149824.08,149824.06,0.019309817,10.343398,8.540153,8.54015
4.2492194,0.0035444435,7.7117504e-05,70000.0,151467.38,149824.05,149824.05,0.019309817,10.343164,8.540153,8.54015
4.2492194,0.004033824,7.894713e-05,70000.0,151467.36,149824.03,149824.05,0.019309817,10.3430805,8.540152,8.54015
4.2492194,0.0031421871,7.2109724e-05,70000.0,151467.39,149824.05,149824.06,0.019309817,10.343195,8.540147,8.54015
4.2492194,0.0033908258,6.908128e-05,70000.0,151467.36,149824.05,149824.08,0.019309817,10.343328,8.540151,8.54015
4.2492194,0.0040906197,7.631647e-05,70000.0,151467.38,149824.05,149824.05,0.019309817,10.343381,8.540149,8.54015
4.2492194,0.0040193633,8.0158825e-05,70000.0,151467.33,149824.05,149824.06,0.019309817,10.343366,8.5401535,8.54015
4.2492194,0.0043115215,8.289969e-05,70000.0,151467.42,149824.05,149824.06,0.019309817,10.343455,8.540153,8.540151
4.2492194,0.0041618715,8.083382e-05,70000.0,151467.38,149824.05,149824.06,0.019309817,10.343171,8.540147,8.54015
4.2492194,0.003957012,7.979391e-05,70000.0,151467.44,149824.06,149824.08,0.019309817,10.343621,8.540152,8.54015
4.2492194,0.003608027,7.9007405e-05,70000.0,151467.38,149824.05,149824.06,0.019309817,10.3434515,8.540152,8.54015
4.2492194,0.003919419,8.0441096e-05,70000.0,151467.38,149824.06,149824.06,0.019309817,10.343501,8.54015,8.540149
4.2492194,0.0045546875,8.7327164e-05,70000.0,151467.39,149824.06,149824.08,0.019309817,10.34347,8.540151,8.54015
4.2492194,0.0041522705,7.7345925e-05,70000.0,151467.39,149824.05,149824.06,0.019309817,10.343412,8.540145,8.540149
4.2492194,0.0032978982,7.21956e-05,70000.0,151467.36,149824.06,149824.05,0.019309817,10.343622,8.540153,8.54015
4.2492194,0.0041959956,8.0778016e-05,70000.0,151467.38,149824.08,149824.06,0.019309817,10.34338,8.540149,8.540152
4.2492194,0.0037309227,7.956475e-05,70000.0,151467.4,149824.06,149824.06,0.019309817,10.34366,8.540146,8.54015
4.2492194,0.0034270484,8.149245e-05,70000.0,151467.34,149824.06,149824.05,0.019309817,10.343293,8.540151,8.54015
4.2492194,0.0037598792,7.688755e-05,70000.0,151467.36,149824.08,149824.05,0.019309817,10.343134,8.540148,8.540149
4.2492194,0.004236409,7.7635435e-05,70000.0,151467.4,149824.05,149824.08,0.019309817,10.34346,8.540149,8.54015
4.2492194,0.0037313346,7.7507466e-05,70000.0,151467.45,149824.05,149824.06,0.019309817,10.343513,8.54015,8.54015
4.2492194,0.0034485802,6.947601e-05,70000.0,151467.38,149824.06,149824.06,0.019309817,10.343252,8.540146,8.54015
4.2492194,0.003948107,7.8416415e-05,70000.0,151467.4,149824.02,149824.05,0.019309817,10.343442,8.540149,8.540149
4.2492194,0.004045334,7.990827e-05,70000.0,151467.33,149824.05,149824.06,0.019309817,10.343357,8.54015,8.540151
4.2492194,0.0038431662,7.444516e-05,70000.0,151467.4,149824.05,149824.06,0.019309817,10.343643,8.540147,8.54015
4.2492194,0.004359919,7.55632e-05,70000.0,151467.34,149824.05,149824.06,0.019309817,10.34325,8.540157,8.54015
4.2492194,0.003399518,7.965835e-05,70000.0,151467.36,149824.08,149824.08,0.019309817,10.3432665,8.540146,8.54015
4.2492194,0.0042485762,7.862757e-05,70000.0,151467.38,149824.05,149824.05,0.019309817,10.343745,8.540155,8.54015
4.2492194,0.0036448094,7.691088e-05,70000.0,151467.34,149824.05,149824.05,0.019309817,10.343345,8.540147,8.54015
4.2492194,0.0039064977,8.530956e-05,70000.0,151467.34,149824.06,149824.06,0.019309817,10.34327,8.540152,8.54015
4.2492194,0.0041398327,7.841703e-05,70000.0,151467.36,149824.03,149824.05,0.019309817,10.343429,8.5401535,8.540149
4.2492194,0.0040150504,8.060724e-05,70000.0,151467.36,149824.05,149824.05,0.019309817,10.343779,8.54015,8.540149
4.2492194,0.0038895798,8.49684e-05,70000.0,151467.36,149824.06,149824.05,0.019309817,10.343298,8.54015,8.54015
4.2492194,0.004229176,8.68496e-05,70000.0,151467.38,149824.03,149824.06,0.019309817,10.343539,8.54015,8.540151
4.2492194,0.004514307,9.377412e-05,70000.0,151467.38,149824.05,149824.06,0.019309817,10.343335,8.540152,8.54015
4.2492194,0.0042803762,8.752396e-05,70000.0,151467.38,149824.05,149824.03,0.019309817,10.343307,8.540151,8.54015
4.2492194,0.004677765,8.2624814e-05,70000.0,151467.34,149824.06,149824.05,0.019309817,10.343413,8.540153,8.54015
4.2492194,0.0040380335,8.508476e-05,70000.0,151467.34,149824.06,149824.06,0.019309817,10.343025,8.540146,8.54015
4.2492194,0.00416916,8.6851054e-05,70000.0,151467.38,149824.06,149824.05,0.019309817,10.34333,8.540148,8.540149
4.2492194,0.004484855,7.837378e-05,70000.0,151467.39,149824.06,149824.06,0.019309817,10.34365,8.540154,8.54015
4.2492194,0.003786582,7.566175e-05,70000.0,151467.38,149824.05,149824.05,0.019309817,10.343518,8.540144,8.54015
4.2492194,0.0043219975,8.602976e-05,70000.0,151467.34,149824.05,149824.05,0.019309817,10.343189,8.54015,8.54015
4.2492194,0.0038420267,7.6926626e-05,70000.0,151467.36,149824.06,149824.06,0.019309817,10.343518,8.540147,8.54015
4.2492194,0.0041913283,7.860555e-05,70000.0,151467.34,149824.05,149824.06,0.019309817,10.343482,8.540145,8.540149
4.2492194,0.003932273,7.9788784e-05,70000.0,151467.36,149824.05,149824.08,0.019309817,10.343203,8.540148,8.540149
4.2492194,0.0047602,8.324257e-05,70000.0,151467.42,149824.05,149824.06,0.019309817,10.343637,8.540152,8.54015
4.2492194,0.0036485903,8.5415304e-05,70000.0,151467.33,149824.05,149824.1,0.019309817,10.343488,8.5401535,8.54015
4.2492194,0.003702948,8.2025304e-05,70000.0,151467.39,149824.06,149824.05,0.019309817,10.343502,8.540151,8.540149
4.2492194,0.0042986847,8.575872e-05,70000.0,151467.33,149824.05,149824.06,0.019309817,10.343363,8.540156,8.54015
4.2492194,0.0035976572,7.8859135e-05,70000.0,151467.34,149824.05,149824.05,0.019309817,10.3431835,8.540151,8.540149
4.2492194,0.004027571,8.248416e-05,70000.0,151467.3,149824.06,149824.1,0.019309817,10.343155,8.540153,8.540151
4.2492194,0.0038574238,8.433405e-05,70000.0,151467.36,149824.05,149824.05,0.019309817,10.343193,8.540152,8.540151
4.2492194,0.0040997523,8.4318795e-05,70000.0,151467.36,149824.05,149824.06,0.019309817,10.343518,8.540151,8.540148
4.2492194,0.003858364,8.3489635e-05,70000.0,151467.31,149824.05,149824.05,0.019309817,10.342765,8.540145,8.54015
4.2492194,0.003880689,8.030582e-05,70000.0,151467.38,149824.06,149824.05,0.019309817,10.343744,8.540152,8.54015
4.2492194,0.003929523,8.1919316e-05,70000.0,151467.38,149824.06,149824.05,0.019309817,10.34335,8.540152,8.540149
4.2492194,0.0033973241,7.984953e-05,70000.0,151467.42,149824.06,149824.05,0.019309817,10.343506,8.540147,8.54015
4.2492194,0.0040392685,8.056537e-05,70000.0,151467.4,149824.05,149824.05,0.019309817,10.343361,8.540142,8.540151
4.2492194,0.0036629585,8.019616e-05,70000.0,151467.33,149824.05,149824.06,0.019309817,10.3432255,8.540148,8.540149
4.2492194,0.0033901583,7.838621e-05,70000.0,151467.44,149824.05,149824.05,0.019309817,10.343439,8.540153,8.54015
4.2492194,0.0032037997,7.6830256e-05,70000.0,151467.33,149824.05,149824.05,0.019309817,10.343335,8.540139,8.54015
4.2492194,0.0041917926,8.1133534e-05,70000.0,151467.39,149824.05,149824.06,0.019309817,10.343591,8.540156,8.54015
4.2492194,0.0034902785,8.217362e-05,70000.0,151467.34,149824.06,149824.06,0.019309817,10.343097,8.540156,8.540149
4.2492194,0.003827746,8.018875e-05,70000.0,151467.39,149824.05,149824.05,0.019309817,10.34337,8.540152,8.54015
4.2492194,0.0046709874,7.692623e-05,70000.0,151467.38,149824.05,149824.05,0.019309817,10.343426,8.54015,8.54015
4.2492194,0.0048580724,8.710637e-05,70000.0,151467.33,149824.06,149824.06,0.019309817,10.343419,8.540147,8.540151
4.2492194,0.0040856786,8.446487e-05,70000.0,151467.4,149824.03,149824.05,0.019309817,10.3438015,8.540148,8.54015
4.2492194,0.0035136715,7.847849e-05,70000.0,151467.36,149824.08,149824.05,0.019309817,10.343051,8.540147,8.540149
4.2492194,0.0032919138,6.7953675e-05,70000.0,151467.42,149824.03,149824.05,0.019309817,10.3435545,8.540139,8.54015
4.2492194,0.003774898,7.703403e-05,70000.0,151467.31,149824.03,149824.05,0.019309817,10.343078,8.540152,8.54015
4.2492194,0.003701306,7.663757e-05,70000.0,151467.39,149824.06,149824.06,0.019309817,10.343809,8.540157,8.54015
4.2492194,0.0039997827,8.096858e-05,70000.0,151467.38,149824.05,149824.05,0.019309817,10.34357,8.540147,8.540151
4.2492194,0.004791311,8.7449596e-05,70000.0,151467.4,149824.06,149824.06,0.019309817,10.343821,8.540146,8.540149
4.2492194,0.0040221857,8.43324e-05,70000.0,151467.39,149824.05,149824.06,0.019309817,10.343521,8.540147,8.540149
4.2492194,0.0039515123,8.369929e-05,70000.0,151467.34,149824.06,149824.05,0.019309817,10.3435545,8.54015,8.540149
4.2492194,0.003634313,8.35619e-05,70000.0,151467.34,149824.05,149824.05,0.019309817,10.343116,8.540147,8.54015
4.2492194,0.0034251527,8.35818e-05,70000.0,151467.33,149824.05,149824.05,0.019309817,10.343189,8.540156,8.54015
4.2492194,0.003564495,7.900821e-05,70000.0,151467.36,149824.06,149824.03,0.019309817,10.343281,8.5401535,8.540149
4.2492194,0.004505667,7.703705e-05,70000.0,151467.34,149824.05,149824.06,0.019309817,10.343262,8.540148,8.54015
4.2492194,0.0041047605,7.676355e-05,70000.0,151467.36,149824.06,149824.06,0.019309817,10.343488,8.540154,8.54015
4.2492194,0.0038875605,7.707364e-05,70000.0,151467.39,149824.03,149824.08,0.019309817,10.343458,8.54015,8.540149
4.2492194,0.0040359497,7.970485e-05,70000.0,151467.39,149824.06,149824.05,0.019309817,10.342973,8.540151,8.540149
4.2492194,0.0044517927,8.4483225e-05,70000.0,151467.38,149824.05,149824.05,0.019309817,10.343626,8.540151,8.540149
4.2492194,0.0043694302,8.050491e-05,70000.0,151467.34,149824.06,149824.03,0.019309817,10.343193,8.540142,8.54015
4.2492194,0.004532388,8.221067e-05,70000.0,151467.42,149824.05,149824.05,0.019309817,10.34342,8.540148,8.540151
4.2492194,0.0037850619,8.2578976e-05,70000.0,151467.39,149824.06,149824.08,0.019309817,10.343352,8.540149,8.54015
4.2492194,0.004050058,7.851129e-05,70000.0,151467.36,149824.03,149824.05,0.019309817,10.343435,8.540151,8.54015
4.2492194,0.0042780214,8.602141e-05,70000.0,151467.42,149824.05,149824.05,0.019309817,10.34384,8.540156,8.540149
4.2492194,0.0042607957,8.318976e-05,70000.0,151467.34,149824.06,149824.06,0.019309817,10.343206,8.540146,8.54015
4.2492194,0.0042159525,8.558661e-05,70000.0,151467.39,149824.05,149824.06,0.019309817,10.343341,8.54015,8.540149
4.2492194,0.00460707,8.798199e-05,70000.0,151467.39,149824.06,149824.05,0.019309817,10.343212,8.540153,8.540151
4.2492194,0.0038385587,7.3441624e-05,70000.0,151467.39,149824.06,149824.06,0.019309817,10.34332,8.540155,8.54015
4.2492194,0.003363308,7.749198e-05,70000.0,151467.39,149824.05,149824.05,0.019309817,10.343891,8.540157,8.540149
4.2492194,0.003997561,7.819955e-05,70000.0,151467.42,149824.05,149824.05,0.019309817,10.343846,8.5401535,8.54015
4.2492194,0.0035528843,8.005338e-05,70000.0,151467.36,149824.06,149824.06,0.019309817,10.343206,8.540153,8.540151
4.2492194,0.0035486396,7.737751e-05,70000.0,151467.34,149824.05,149824.05,0.019309817,10.343529,8.540151,8.54015
4.2492194,0.0039334698,8.0016915e-05,70000.0,151467.38,149824.08,149824.06,0.019309817,10.343278,8.540148,8.54015
4.2492194,0.003557562,8.244743e-05,70000.0,151467.38,149824.06,149824.05,0.019309817,10.343527,8.5401535,8.540151
4.2492194,0.0041947556,8.37967e-05,70000.0,151467.39,149824.06,149824.06,0.019309817,10.343497,8.540152,8.54015
4.2492194,0.0041337437,8.003714e-05,70000.0,151467.38,149824.06,149824.08,0.019309817,10.343872,8.540143,8.540151
4.2492194,0.004189779,8.149721e-05,70000.0,151467.33,149824.06,149824.05,0.019309817,10.342828,8.540155,8.540149
4.2492194,0.0039146785,7.690835e-05,70000.0,151467.42,149824.03,149824.05,0.019309817,10.343333,8.540147,8.540149
4.2492194,0.0038257705,7.428797e-05,70000.0,151467.31,149824.05,149824.06,0.019309817,10.343371,8.540151,8.54015
4.2492194,0.003774279,7.37991e-05,70000.0,151467.44,149824.08,149824.06,0.019309817,10.343659,8.540152,8.540149
4.2492194,0.004488804,8.285285e-05,70000.0,151467.3,149824.06,149824.08,0.019309817,10.343005,8.540151,8.540149
4.2492194,0.004063277,7.9518104e-05,70000.0,151467.44,149824.06,149824.06,0.019309817,10.343585,8.540148,8.540149
4.2492194,0.0038894273,7.903974e-05,70000.0,151467.4,149824.05,149824.06,0.019309817,10.343576,8.540151,8.540151
4.2492194,0.003907812,8.254225e-05,70000.0,151467.39,149824.05,149824.05,0.019309817,10.343483,8.540148,8.54015
4.2492194,0.0038151476,7.780795e-05,70000.0,151467.36,149824.06,149824.05,0.019309817,10.34355,8.54015,8.540149
4.2492194,0.0040357416,7.464165e-05,70000.0,151467.39,149824.06,149824.06,0.019309817,10.343568,8.540153,8.54015
4.2492194,0.0036492457,7.518967e-05,70000.0,151467.33,149824.05,149824.05,0.019309817,10.343124,8.54015,8.540149
4.2492194,0.0038091347,7.753286e-05,70000.0,151467.45,149824.08,149824.05,0.019309817,10.343223,8.540153,8.540149
4.2492194,0.0039519384,7.7066914e-05,70000.0,151467.36,149824.06,149824.05,0.019309817,10.343287,8.540153,8.540149
4.2492194,0.0043620104,8.24348e-05,70000.0,151467.38,149824.03,149824.06,0.019309817,10.343784,8.540151,8.54015
4.2492194,0.004115032,7.750382e-05,70000.0,151467.34,149824.06,149824.03,0.019309817,10.343075,8.540155,8.540149
4.2492194,0.0042164125,7.8784404e-05,70000.0,151467.45,149824.03,149824.06,0.019309817,10.343659,8.540149,8.54015
4.2492194,0.0040442436,8.1583894e-05,70000.0,151467.4,149824.03,149824.08,0.019309817,10.343524,8.540153,8.540151
4.2492194,0.004374789,8.1194325e-05,70000.0,151467.3,149824.05,149824.06,0.019309817,10.343153,8.540143,8.54015
4.2492194,0.0035553472,7.819498e-05,70000.0,151467.39,149824.08,149824.05,0.019309817,10.343174,8.540146,8.540149
4.2492194,0.004243616,8.027612e-05,70000.0,151467.39,149824.05,149824.05,0.019309817,10.343313,8.540154,8.54015
4.2492194,0.003997655,8.150523e-05,70000.0,151467.39,149824.06,149824.05,0.019309817,10.343461,8.540152,8.54015
4.2492194,0.0043616076,8.895978e-05,70000.0,151467.42,149824.03,149824.05,0.019309817,10.343687,8.540149,8.540149
4.2492194,0.003911217,8.104061e-05,70000.0,151467.38,149824.08,149824.05,0.019309817,10.343298,8.540152,8.54015
4.2492194,0.003689075,7.881148e-05,70000.0,151467.38,149824.05,149824.08,0.019309817,10.3436365,8.540152,8.540151
4.2492194,0.004169478,8.340102e-05,70000.0,151467.39,149824.06,149824.05,0.019309817,10.343735,8.540145,8.54015
4.2492194,0.0041730893,8.148372e-05,70000.0,151467.38,149824.06,149824.06,0.019309817,10.343298,8.540152,8.540149
4.2492194,0.004245474,8.5344014e-05,70000.0,151467.4,149824.05,149824.03,0.019309817,10.343497,8.540145,8.540149
4.2492194,0.004421566,8.6332555e-05,70000.0,151467.4,149824.06,149824.05,0.019309817,10.34364,8.540149,8.540149
4.2492194,0.0038751434,7.806689e-05,70000.0,151467.33,149824.05,149824.06,0.019309817,10.3431425,8.54015,8.540149
4.2492194,0.004285769,8.5051746e-05,70000.0,151467.39,149824.05,149824.06,0.019309817,10.34313,8.54015,8.540151
4.2492194,0.0043162135,8.3772036e-05,70000.0,151467.36,149824.06,149824.05,0.019309817,10.343251,8.540151,8.540149
4.2492194,0.0041075684,8.174503e-05,70000.0,151467.4,149824.06,149824.06,0.019309817,10.343212,8.540146,8.540151
4.2492194,0.0042109075,8.8866414e-05,70000.0,151467.38,149824.06,149824.06,0.019309817,10.343026,8.540145,8.54015
4.2492194,0.0043437365,8.159793e-05,70000.0,151467.33,149824.05,149824.05,0.019309817,10.343089,8.540144,8.54015
4.2492194,0.00347263,7.607178e-05,70000.0,151467.33,149824.05,149824.06,0.019309817,10.343295,8.540144,8.540149
4.2492194,0.004394725,8.398877e-05,70000.0,151467.42,149824.06,149824.08,0.019309817,10.343337,8.54015,8.54015
4.2492194,0.0041228887,8.471402e-05,70000.0,151467.4,149824.05,149824.05,0.019309817,10.343307,8.54015,8.540149
4.2492194,0.004039626,7.912235e-05,70000.0,151467.36,149824.06,149824.08,0.019309817,10.343105,8.540149,8.54015
4.2492194,0.0041065025,7.8944955e-05,70000.0,151467.39,149824.06,149824.05,0.019309817,10.343242,8.540144,8.540149
4.2492194,0.0037503857,8.053098e-05,70000.0,151467.39,149824.06,149824.05,0.019309817,10.3436985,8.540153,8.540149
4.2492194,0.0039516166,8.561109e-05,70000.0,151467.33,149824.03,149824.06,0.019309817,10.343121,8.540152,8.54015
4.2492194,0.0036915415,7.0971735e-05,70000.0,151467.38,149824.06,149824.08,0.019309817,10.343454,8.540148,8.54015
4.2492194,0.0034412856,7.8617784e-05,70000.0,151467.4,149824.05,149824.06,0.019309817,10.3435545,8.540147,8.540151
4.2492194,0.004037766,7.5520154e-05,70000.0,151467.33,149824.05,149824.05,0.019309817,10.343163,8.540152,8.54015
4.2492194,0.0042922394,7.6727425e-05,70000.0,151467.36,149824.03,149824.05,0.019309817,10.343471,8.540153,8.54015
4.2492194,0.0034863946,7.9572485e-05,70000.0,151467.44,149824.05,149824.06,0.019309817,10.343429,8.5401535,8.54015
4.2492194,0.003265836,7.936471e-05,70000.0,151467.33,149824.03,149824.06,0.019309817,10.343558,8.540143,8.54015
4.2492194,0.0037448537,8.1440994e-05,70000.0,151467.34,149824.06,149824.06,0.019309817,10.343503,8.54015,8.54015
4.2492194,0.0040485514,7.636898e-05,70000.0,151467.39,149824.03,149824.05,0.019309817,10.343246,8.540147,8.54015
4.2492194,0.0062762457,9.293652e-05,70000.0,151467.34,149824.05,149824.06,0.019309817,10.343409,8.540151,8.54015
4.2492194,0.0046331664,7.689331e-05,70000.0,151467.39,149824.06,149824.06,0.019309817,10.343521,8.540147,8.540151
4.2492194,0.003642739,7.456227e-05,70000.0,151467.38,149824.06,149824.05,0.019309817,10.343376,8.540149,8.540151
4.2492194,0.004056938,8.366948e-05,70000.0,151467.4,149824.06,149824.05,0.019309817,10.343433,8.540149,8.54015
4.2492194,0.0033984724,7.617068e-05,70000.0,151467.4,149824.03,149824.06,0.019309817,10.343345,8.540147,8.540149
4.2492194,0.0033222388,7.7819335e-05,70000.0,151467.4,149824.05,149824.08,0.019309817,10.343192,8.540149,8.540149
4.2492194,0.0035084526,7.4594165e-05,70000.0,151467.38,149824.08,149824.05,0.019309817,10.343364,8.540153,8.54015
4.2492194,0.0034826398,7.571301e-05,70000.0,151467.34,149824.06,149824.06,0.019309817,10.343289,8.54015,8.54015
4.2492194,0.0033458227,7.646335e-05,70000.0,151467.4,149824.05,149824.05,0.019309817,10.343526,8.54015,8.540149
4.2492194,0.004230051,8.5170526e-05,70000.0,151467.36,149824.06,149824.06,0.019309817,10.343256,8.540151,8.54015
4.2492194,0.0039813607,8.28404e-05,70000.0,151467.4,149824.08,149824.08,0.019309817,10.343294,8.540142,8.540152
4.2492194,0.0037638315,7.5511925e-05,70000.0,151467.34,149824.06,149824.06,0.019309817,10.343484,8.540147,8.54015
4.2492194,0.0032962665,7.692262e-05,70000.0,151467.38,149824.05,149824.06,0.019309817,10.343714,8.540147,8.540149
4.2492194,0.003452559,7.384693e-05,70000.0,151467.42,149824.05,149824.06,0.019309817,10.343379,8.54015,8.540151
4.2492194,0.0040490553,8.376697e-05,70000.0,151467.34,149824.06,149824.05,0.019309817,10.343397,8.540148,8.540148
4.2492194,0.003822036,7.5823285e-05,70000.0,151467.38,149824.05,149824.03,0.019309817,10.343627,8.540151,8.54015
4.2492194,0.0038548913,7.837553e-05,70000.0,151467.36,149824.03,149824.05,0.019309817,10.343453,8.540145,8.54015
4.2492194,0.0038129801,7.408628e-05,70000.0,151467.36,149824.06,149824.06,0.019309817,10.343153,8.540152,8.54015
4.2492194,0.004931744,7.998895e-05,70000.0,151467.3,149824.06,149824.05,0.019309817,10.343442,8.5401535,8.54015
4.2492194,0.003892139,8.348265e-05,70000.0,151467.38,149824.06,149824.08,0.019309817,10.343223,8.540147,8.540151
4.2492194,0.0036886719,7.8991754e-05,70000.0,151467.39,149824.05,149824.06,0.019309817,10.343348,8.540151,8.54015
4.2492194,0.0033351048,7.300014e-05,70000.0,151467.34,149824.06,149824.1,0.019309817,10.343242,8.540153,8.54015
4.2492194,0.0038205322,7.314142e-05,70000.0,151467.4,149824.03,149824.08,0.019309817,10.343474,8.540149,8.54015
4.2492194,0.0035517546,7.872593e-05,70000.0,151467.34,149824.05,149824.05,0.019309817,10.343236,8.540151,8.54015
4.2492194,0.0036843405,7.869165e-05,70000.0,151467.38,149824.06,149824.05,0.019309817,10.343452,8.540149,8.54015
4.2492194,0.0039472226,7.8826444e-05,70000.0,151467.38,149824.03,149824.05,0.019309817,10.343648,8.540149,8.54015
4.2492194,0.0036537691,7.762348e-05,70000.0,151467.36,149824.05,149824.05,0.019309817,10.343493,8.540146,8.540149
4.2492194,0.004079416,8.341415e-05,70000.0,151467.34,149824.05,149824.05,0.019309817,10.343304,8.540143,8.540149
4.2492194,0.0038987969,7.542552e-05,70000.0,151467.38,149824.03,149824.05,0.019309817,10.343162,8.540152,8.54015
4.2492194,0.0045041614,8.467967e-05,70000.0,151467.39,149824.03,149824.05,0.019309817,10.343238,8.540151,8.540149
4.2492194,0.004476927,7.9848265e-05,70000.0,151467.38,149824.06,149824.08,0.019309817,10.343645,8.5401535,8.54015
4.2492194,0.0038833546,8.044868e-05,70000.0,151467.39,149824.06,149824.05,0.019309817,10.3433075,8.540149,8.54015
4.2492194,0.004099942,7.705707e-05,70000.0,151467.44,149824.05,149824.05,0.019309817,10.343321,8.5401535,8.54015
4.2492194,0.003976909,8.1553546e-05,70000.0,151467.44,149824.05,149824.06,0.019309817,10.343528,8.540151,8.540149
4.2492194,0.0042295856,8.100389e-05,70000.0,151467.4,149824.08,149824.05,0.019309817,10.343376,8.540153,8.540151
4.2492194,0.004580734,8.2705075e-05,70000.0,151467.4,149824.06,149824.06,0.019309817,10.343562,8.540152,8.540151
4.2492194,0.0041065845,8.170576e-05,70000.0,151467.42,149824.05,149824.06,0.019309817,10.343273,8.540152,8.540149
4.2492194,0.003985982,7.9857375e-05,70000.0,151467.38,149824.06,149824.06,0.019309817,10.3433895,8.540147,8.54015
4.2492194,0.0043330346,8.268097e-05,70000.0,151467.4,149824.05,149824.05,0.019309817,10.343594,8.540151,8.54015
4.2492194,0.0039444175,7.407118e-05,70000.0,151467.38,149824.06,149824.06,0.019309817,10.3436165,8.540149,8.54015
4.2492194,0.0040237163,7.763889e-05,70000.0,151467.44,149824.06,149824.06,0.019309817,10.343607,8.540155,8.54015
4.2492194,0.003943245,8.018664e-05,70000.0,151467.4,149824.06,149824.05,0.019309817,10.3432255,8.540151,8.54015
4.2492194,0.0040886924,7.272318e-05,70000.0,151467.42,149824.05,149824.05,0.019309817,10.343482,8.540153,8.54015
4.2492194,0.004163632,8.319623e-05,70000.0,151467.4,149824.05,149824.06,0.019309817,10.34356,8.540148,8.54015
4.2492194,0.00372719,7.508984e-05,70000.0,151467.38,149824.06,149824.05,0.019309817,10.343149,8.540148,8.540149
4.2492194,0.0037904403,7.12052e-05,70000.0,151467.38,149824.06,149824.06,0.019309817,10.343294,8.540149,8.540149
4.2492194,0.004074499,7.656795e-05,70000.0,151467.36,149824.06,149824.06,0.019309817,10.343209,8.540151,8.540151
4.2492194,0.004438815,7.5086056e-05,70000.0,151467.34,149824.06,149824.05,0.019309817,10.3429365,8.540147,8.540151
4.2492194,0.0040646126,8.132836e-05,70000.0,151467.39,149824.05,149824.06,0.019309817,10.343923,8.540151,8.54015
4.2492194,0.0033177356,6.948636e-05,70000.0,151467.36,149824.06,149824.05,0.019309817,10.343116,8.5401535,8.54015
4.2492194,0.003858074,6.866371e-05,70000.0,151467.36,149824.05,149824.05,0.019309817,10.343342,8.540159,8.54015
4.2492194,0.0034477215,6.674832e-05,70000.0,151467.39,149824.05,149824.05,0.019309817,10.34358,8.540154,8.54015
4.2492194,0.00406179,8.1332815e-05,70000.0,151467.36,149824.06,149824.03,0.019309817,10.3433695,8.540147,8.54015
4.2492194,0.0038792123,7.8621684e-05,70000.0,151467.38,149824.05,149824.1,0.019309817,10.343407,8.540151,8.540151
4.2492194,0.0038259423,8.08904e-05,70000.0,151467.36,149824.06,149824.06,0.019309817,10.3434305,8.540145,8.540151
4.2492194,0.0036692682,7.655488e-05,70000.0,151467.39,149824.06,149824.06,0.019309817,10.343309,8.540151,8.54015
4.2492194,0.0037019106,7.954142e-05,70000.0,151467.39,149824.05,149824.06,0.019309817,10.343736,8.540153,8.54015
4.2492194,0.0040166005,8.0357124e-05,70000.0,151467.33,149824.06,149824.05,0.019309817,10.342998,8.540152,8.540151
4.2492194,0.0037277495,7.635668e-05,70000.0,151467.38,149824.05,149824.03,0.019309817,10.343435,8.540156,8.54015
4.2492194,0.0038216524,7.208668e-05,70000.0,151467.4,149824.06,149824.05,0.019309817,10.343839,8.54015,8.54015
4.2492194,0.0038425792,8.100348e-05,70000.0,151467.4,149824.05,149824.05,0.019309817,10.343424,8.54015,8.54015
4.2492194,0.0050836625,8.0733174e-05,70000.0,151467.33,149824.05,149824.05,0.019309817,10.34327,8.540148,8.54015
4.2492194,0.004726474,8.386638e-05,70000.0,151467.36,149824.05,149824.05,0.019309817,10.343182,8.540151,8.540149
4.2492194,0.0048788325,8.005182e-05,70000.0,151467.39,149824.03,149824.06,0.019309817,10.343595,8.540147,8.54015
4.2492194,0.00410194,6.9913294e-05,70000.0,151467.44,149824.06,149824.05,0.019309817,10.343661,8.54015,8.54015
4.2492194,0.004134275,7.128438e-05,70000.0,151467.39,149824.05,149824.05,0.019309817,10.343587,8.540152,8.54015
4.2492194,0.003536118,7.851612e-05,70000.0,151467.42,149824.06,149824.05,0.019309817,10.343809,8.540147,8.54015
4.2492194,0.003881375,7.1897775e-05,70000.0,151467.34,149824.06,149824.05,0.019309817,10.343332,8.540145,8.54015
4.2492194,0.0036651432,7.512093e-05,70000.0,151467.42,149824.05,149824.06,0.019309817,10.343506,8.540147,8.540149
4.2492194,0.004147198,8.270076e-05,70000.0,151467.4,149824.06,149824.06,0.019309817,10.343263,8.540147,8.54015
4.2492194,0.0038577898,8.153734e-05,70000.0,151467.39,149824.03,149824.05,0.019309817,10.343469,8.540152,8.540149
4.2492194,0.004122128,8.266088e-05,70000.0,151467.42,149824.06,149824.06,0.019309817,10.34338,8.540148,8.540151
4.2492194,0.0043973452,8.329565e-05,70000.0,151467.39,149824.03,149824.05,0.019309817,10.343316,8.540157,8.540149
4.2492194,0.0034952792,7.807616e-05,70000.0,151467.42,149824.06,149824.06,0.019309817,10.343302,8.540149,8.54015
4.2492194,0.0040339134,8.1284714e-05,70000.0,151467.4,149824.05,149824.06,0.019309817,10.34324,8.540147,8.54015
4.2492194,0.0038549732,7.5756885e-05,70000.0,151467.39,149824.06,149824.05,0.019309817,10.343723,8.540151,8.540149
4.2492194,0.0041234675,7.070334e-05,70000.0,151467.4,149824.06,149824.03,0.019309817,10.343481,8.540151,8.54015
4.2492194,0.0043374225,7.252959e-05,70000.0,151467.34,149824.06,149824.06,0.019309817,10.343434,8.540159,8.54015
4.2492194,0.0036717833,8.450736e-05,70000.0,151467.33,149824.02,149824.08,0.019309817,10.343247,8.540149,8.54015
4.2492194,0.0037402909,7.764861e-05,70000.0,151467.31,149824.03,149824.06,0.019309817,10.342882,8.5401535,8.540151
4.2492194,0.0036388712,7.278347e-05,70000.0,151467.33,149824.06,149824.05,0.019309817,10.343315,8.540153,8.54015
4.2492194,0.004308185,7.654659e-05,70000.0,151467.38,149824.05,149824.03,0.019309817,10.343132,8.540153,8.540149
4.2492194,0.0036805943,7.625103e-05,70000.0,151467.42,149824.06,149824.05,0.019309817,10.343928,8.5401535,8.54015
4.2492194,0.003519073,7.540572e-05,70000.0,151467.38,149824.06,149824.05,0.019309817,10.343336,8.5401535,8.540149
4.2492194,0.004559937,7.740122e-05,70000.0,151467.36,149824.03,149824.06,0.019309817,10.343195,8.540146,8.54015
4.2492194,0.0034935342,7.602988e-05,70000.0,151467.39,149824.06,149824.05,0.019309817,10.343121,8.540152,8.54015
4.2492194,0.0035328823,7.352417e-05,70000.0,151467.42,149824.05,149824.08,0.019309817,10.34364,8.540156,8.54015
4.2492194,0.0039247302,7.467553e-05,70000.0,151467.47,149824.05,149824.05,0.019309817,10.343854,8.540143,8.540149
4.2492194,0.0042959573,8.063331e-05,70000.0,151467.38,149824.06,149824.05,0.019309817,10.343498,8.540144,8.54015
4.2492194,0.003593996,8.020312e-05,70000.0,151467.39,149824.05,149824.05,0.019309817,10.343426,8.540156,8.54015
4.2492194,0.0037281713,7.706386e-05,70000.0,151467.4,149824.06,149824.06,0.019309817,10.34324,8.540148,8.54015
4.2492194,0.004072997,7.79016e-05,70000.0,151467.38,149824.06,149824.03,0.019309817,10.343365,8.540149,8.54015
4.2492194,0.0043585543,8.685051e-05,70000.0,151467.42,149824.03,149824.06,0.019309817,10.343454,8.5401535,8.540149
4.2492194,0.0035022113,7.2644216e-05,70000.0,151467.33,149824.05,149824.06,0.019309817,10.343005,8.540149,8.540149
4.2492194,0.0036249075,8.2116094e-05,70000.0,151467.34,149824.05,149824.08,0.019309817,10.343347,8.540153,8.540151
4.2492194,0.0041271886,7.866063e-05,70000.0,151467.34,149824.06,149824.06,0.019309817,10.343117,8.540155,8.54015
4.2492194,0.0030141382,7.332612e-05,70000.0,151467.4,149824.06,149824.06,0.019309817,10.343408,8.5401535,8.540149
4.2492194,0.0036835573,7.585945e-05,70000.0,151467.34,149824.06,149824.05,0.019309817,10.343634,8.540155,8.54015
4.2492194,0.004355069,8.015874e-05,70000.0,151467.45,149824.05,149824.05,0.019309817,10.343566,8.5401535,8.540149
4.2492194,0.003801267,7.643889e-05,70000.0,151467.38,149824.06,149824.08,0.019309817,10.34315,8.540153,8.54015
4.2492194,0.0035334409,7.7029494e-05,70000.0,151467.31,149824.05,149824.06,0.019309817,10.343086,8.540154,8.54015
4.2492194,0.0040296316,8.065273e-05,70000.0,151467.39,149824.06,149824.06,0.019309817,10.343421,8.540145,8.54015
4.2492194,0.0039673424,7.24199e-05,70000.0,151467.36,149824.03,149824.05,0.019309817,10.343126,8.540148,8.54015
4.2492194,0.0038720332,8.366521e-05,70000.0,151467.39,149824.08,149824.06,0.019309817,10.343393,8.54014,8.54015
4.2492194,0.0041849674,7.302354e-05,70000.0,151467.42,149824.06,149824.06,0.019309817,10.343125,8.540147,8.54015
4.2492194,0.0033805533,8.390132e-05,70000.0,151467.42,149824.05,149824.05,0.019309817,10.34363,8.540148,8.540149
4.2492194,0.0043531302,8.422116e-05,70000.0,151467.39,149824.06,149824.05,0.019309817,10.343338,8.540155,8.540148
4.2492194,0.0042043664,8.740829e-05,70000.0,151467.36,149824.05,149824.06,0.019309817,10.343201,8.540148,8.54015
4.2492194,0.0044882027,8.104556e-05,70000.0,151467.31,149824.06,149824.08,0.019309817,10.343013,8.540153,8.540151
4.2492194,0.0043432936,8.477894e-05,70000.0,151467.39,149824.05,149824.05,0.019309817,10.343146,8.540151,8.54015
4.2492194,0.004076222,7.80869e-05,70000.0,151467.4,149824.08,149824.05,0.019309817,10.343283,8.540153,8.540151
4.2492194,0.004122923,8.238661e-05,70000.0,151467.4,149824.05,149824.06,0.019309817,10.343596,8.540142,8.54015
4.2492194,0.004029545,7.399692e-05,70000.0,151467.34,149824.03,149824.06,0.019309817,10.343192,8.54014,8.54015
4.2492194,0.0039231125,7.428503e-05,70000.0,151467.42,149824.06,149824.05,0.019309817,10.343743,8.54015,8.54015
4.2492194,0.0040060487,7.051879e-05,70000.0,151467.38,149824.05,149824.05,0.019309817,10.343079,8.540148,8.540149
4.2492194,0.0039653354,7.408154e-05,70000.0,151467.4,149824.06,149824.08,0.019309817,10.343588,8.540149,8.540151
4.2492194,0.003899513,7.1877934e-05,70000.0,151467.4,149824.05,149824.05,0.019309817,10.343326,8.540151,8.540151
4.2492194,0.0046600974,7.486589e-05,70000.0,151467.38,149824.05,149824.05,0.019309817,10.343183,8.540152,8.540149
4.2492194,0.0045784507,7.332285e-05,70000.0,151467.45,149824.06,149824.05,0.019309817,10.343529,8.540151,8.540149
4.2492194,0.003695241,7.358788e-05,70000.0,151467.33,149824.06,149824.06,0.019309817,10.343204,8.5401535,8.540149
4.2492194,0.0038476351,7.46762e-05,70000.0,151467.44,149824.06,149824.03,0.019309817,10.343599,8.540145,8.54015
4.2492194,0.00393158,7.226083e-05,70000.0,151467.34,149824.05,149824.05,0.019309817,10.343237,8.54015,8.54015
4.2492194,0.004655993,7.888105e-05,70000.0,151467.39,149824.03,149824.08,0.019309817,10.343281,8.540153,8.540151
4.2492194,0.0039042006,7.114667e-05,70000.0,151467.38,149824.05,149824.03,0.019309817,10.3433895,8.540151,8.54015
4.2492194,0.0038453168,7.2293464e-05,70000.0,151467.4,149824.05,149824.05,0.019309817,10.343284,8.540151,8.54015
4.2492194,0.0033751545,7.044958e-05,70000.0,151467.36,149824.05,149824.06,0.019309817,10.343257,8.540155,8.54015
4.2492194,0.0044182157,7.222781e-05,70000.0,151467.38,149824.06,149824.06,0.019309817,10.343261,8.54015,8.54015
4.2492194,0.0043050633,7.201042e-05,70000.0,151467.38,149824.05,149824.05,0.019309817,10.343341,8.540149,8.54015
4.2492194,0.0041835653,8.2619816e-05,70000.0,151467.44,149824.05,149824.03,0.019309817,10.343492,8.540147,8.54015
4.2492194,0.0042688744,7.662673e-05,70000.0,151467.42,149824.06,149824.05,0.019309817,10.343861,8.540159,8.54015
4.2492194,0.0038727417,7.6521086e-05,70000.0,151467.31,149824.05,149824.05,0.019309817,10.343292,8.540144,8.540149
4.2492194,0.0038253888,7.38999e-05,70000.0,151467.36,149824.05,149824.06,0.019309817,10.343503,8.540145,8.540149
4.2492194,0.003989617,8.404825e-05,70000.0,151467.39,149824.03,149824.05,0.019309817,10.343481,8.540155,8.54015
4.2492194,0.004415849,8.494428e-05,70000.0,151467.42,149824.05,149824.08,0.019309817,10.343604,8.540146,8.540151
4.2492194,0.003818897,7.819086e-05,70000.0,151467.34,149824.06,149824.05,0.019309817,10.3436775,8.540148,8.540149
4.2492194,0.0039625657,7.7079756e-05,70000.0,151467.38,149824.05,149824.05,0.019309817,10.343606,8.540147,8.54015
4.2492194,0.004141557,7.832976e-05,70000.0,151467.33,149824.03,149824.05,0.019309817,10.34348,8.540159,8.540149
4.2492194,0.0034910073,8.111716e-05,70000.0,151467.38,149824.03,149824.06,0.019309817,10.343338,8.540145,8.540149
4.2492194,0.0039823754,7.779803e-05,70000.0,151467.39,149824.06,149824.08,0.019309817,10.343261,8.54015,8.54015
4.2492194,0.0037636291,8.228032e-05,70000.0,151467.45,149824.03,149824.05,0.019309817,10.343667,8.540155,8.54015
4.2492194,0.004137803,8.230981e-05,70000.0,151467.47,149824.06,149824.06,0.019309817,10.343536,8.540157,8.540149
4.2492194,0.0040490385,8.649202e-05,70000.0,151467.44,149824.03,149824.06,0.019309817,10.34362,8.540154,8.54015
4.2492194,0.0033722671,8.052413e-05,70000.0,151467.33,149824.05,149824.08,0.019309817,10.343304,8.540153,8.54015
4.2492194,0.0031699343,7.581105e-05,70000.0,151467.4,149824.06,149824.06,0.019309817,10.3439,8.540149,8.54015
4.2492194,0.003197598,7.381677e-05,70000.0,151467.36,149824.05,149824.06,0.019309817,10.343312,8.540145,8.540149
4.2492194,0.003750681,7.810808e-05,70000.0,151467.48,149824.06,149824.06,0.019309817,10.343964,8.54015,8.540151
4.2492194,0.0042670537,7.620369e-05,70000.0,151467.4,149824.06,149824.05,0.019309817,10.343443,8.540147,8.540149
4.2492194,0.0042120675,7.601775e-05,70000.0,151467.44,149824.06,149824.08,0.019309817,10.343731,8.540147,8.54015
4.2492194,0.0043337666,7.591842e-05,70000.0,151467.38,149824.05,149824.05,0.019309817,10.343581,8.54015,8.54015
4.2492194,0.0046709576,7.951228e-05,70000.0,151467.39,149824.05,149824.06,0.019309817,10.3433695,8.540151,8.54015
4.2492194,0.004549389,7.745925e-05,70000.0,151467.34,149824.05,149824.06,0.019309817,10.343303,8.54015,8.540151
4.2492194,0.0042232363,7.5947915e-05,70000.0,151467.31,149824.06,149824.06,0.019309817,10.342984,8.540141,8.54015
4.2492194,0.0043099825,7.8979305e-05,70000.0,151467.42,149824.06,149824.06,0.019309817,10.343583,8.540156,8.540151
4.2492194,0.003924176,7.691053e-05,70000.0,151467.39,149824.05,149824.05,0.019309817,10.343311,8.540152,8.54015
4.2492194,0.0038518745,8.421267e-05,70000.0,151467.45,149824.06,149824.06,0.019309817,10.343578,8.540147,8.54015
4.2492194,0.0044165473,8.222691e-05,70000.0,151467.38,149824.05,149824.05,0.019309817,10.343433,8.54015,8.54015
4.2492194,0.00339476,7.9212885e-05,70000.0,151467.39,149824.05,149824.06,0.019309817,10.343503,8.540146,8.54015
4.2492194,0.0033979074,7.794782e-05,70000.0,151467.39,149824.06,149824.06,0.019309817,10.343556,8.540153,8.540151
4.2492194,0.004459721,7.743174e-05,70000.0,151467.4,149824.05,149824.06,0.019309817,10.343672,8.540151,8.540149
4.2492194,0.0037120443,8.155021e-05,70000.0,151467.44,149824.06,149824.03,0.019309817,10.343467,8.540146,8.540151
4.2492194,0.0042621624,8.8284825e-05,70000.0,151467.36,149824.03,149824.03,0.019309817,10.343727,8.540149,8.540151
4.2492194,0.0038906166,7.03053e-05,70000.0,151467.36,149824.05,149824.05,0.019309817,10.343549,8.540146,8.54015
4.2492194,0.0039962204,7.6924065e-05,70000.0,151467.42,149824.06,149824.05,0.019309817,10.343493,8.540154,8.54015
4.2492194,0.0041781934,8.010071e-05,70000.0,151467.44,149824.05,149824.05,0.019309817,10.343537,8.540153,8.540149
4.2492194,0.0035978719,7.275415e-05,70000.0,151467.36,149824.06,149824.06,0.019309817,10.343336,8.540151,8.54015
4.2492194,0.0038218137,8.156904e-05,70000.0,151467.47,149824.02,149824.06,0.019309817,10.343472,8.540143,8.540149
4.2492194,0.0039103003,7.5996504e-05,70000.0,151467.4,149824.08,149824.06,0.019309817,10.343519,8.5401535,8.54015
4.2492194,0.003798409,7.812787e-05,70000.0,151467.45,149824.06,149824.06,0.019309817,10.3435755,8.540148,8.54015
4.2492194,0.0035980935,7.633089e-05,70000.0,151467.39,149824.06,149824.05,0.019309817,10.343604,8.540152,8.540149
4.2492194,0.003346837,7.068929e-05,70000.0,151467.33,149824.05,149824.06,0.019309817,10.343269,8.540151,8.54015
4.2492194,0.0043331543,8.0358695e-05,70000.0,151467.39,149824.06,149824.05,0.019309817,10.343528,8.540157,8.54015
4.2492194,0.004467331,8.249177e-05,70000.0,151467.4,149824.06,149824.06,0.019309817,10.343362,8.540149,8.54015
4.2492194,0.0043228655,8.166894e-05,70000.0,151467.36,149824.08,149824.05,0.019309817,10.343641,8.540145,8.540151
4.2492194,0.0044469647,7.991279e-05,70000.0,151467.38,149824.03,149824.05,0.019309817,10.343468,8.54015,8.540149
4.2492194,0.003783788,8.49416e-05,70000.0,151467.4,149824.03,149824.06,0.019309817,10.343757,8.540143,8.54015
4.2492194,0.0042299074,8.045153e-05,70000.0,151467.33,149824.05,149824.05,0.019309817,10.343176,8.540145,8.540149
4.2492194,0.0038433634,7.664528e-05,70000.0,151467.47,149824.06,149824.05,0.019309817,10.343632,8.540149,8.540149
4.2492194,0.004607597,8.241326e-05,70000.0,151467.33,149824.06,149824.05,0.019309817,10.343143,8.540153,8.54015
4.2492194,0.0040729535,8.331455e-05,70000.0,151467.4,149824.06,149824.05,0.019309817,10.343352,8.540142,8.54015
4.2492194,0.004009065,8.264218e-05,70000.0,151467.42,149824.08,149824.05,0.019309817,10.34385,8.540151,8.540149
4.2492194,0.0035861377,8.148833e-05,70000.0,151467.34,149824.06,149824.06,0.019309817,10.343441,8.540144,8.540151
4.2492194,0.0042264313,8.5430125e-05,70000.0,151467.36,149824.05,149824.08,0.019309817,10.343152,8.540147,8.540149
4.2492194,0.003907113,7.7754616e-05,70000.0,151467.39,149824.05,149824.06,0.019309817,10.343658,8.540149,8.540151
4.2492194,0.0040734285,7.583549e-05,70000.0,151467.39,149824.05,149824.03,0.019309817,10.343343,8.54014,8.540151
4.2492194,0.004017399,7.7949124e-05,70000.0,151467.33,149824.05,149824.03,0.019309817,10.343414,8.540149,8.54015
4.2492194,0.0038700101,8.168515e-05,70000.0,151467.36,149824.05,149824.06,0.019309817,10.343363,8.54015,8.54015
4.2492194,0.0039435127,7.8114535e-05,70000.0,151467.38,149824.06,149824.05,0.019309817,10.343492,8.540149,8.540149
4.2492194,0.0039076246,8.1090286e-05,70000.0,151467.39,149824.05,149824.03,0.019309817,10.343572,8.540153,8.540149
4.2492194,0.0036636344,8.168162e-05,70000.0,151467.34,149824.05,149824.05,0.019309817,10.343395,8.540151,8.54015
4.2492194,0.008703262,0.000104180246,70000.0,151467.39,149824.03,149824.08,0.019309817,10.343384,8.540153,8.540151
4.2492194,0.004039678,8.444499e-05,70000.0,151467.31,149824.05,149824.06,0.019309817,10.343386,8.540145,8.540149
4.2492194,0.004140052,7.6520766e-05,70000.0,151467.36,149824.08,149824.05,0.019309817,10.343183,8.540149,8.54015
4.2492194,0.0043023177,8.697242e-05,70000.0,151467.4,149824.05,149824.06,0.019309817,10.343406,8.54015,8.54015
4.2492194,0.0037415472,8.2216095e-05,70000.0,151467.33,149824.05,149824.05,0.019309817,10.343247,8.540147,8.540149
4.2492194,0.003470854,7.989643e-05,70000.0,151467.36,149824.08,149824.05,0.019309817,10.343318,8.540146,8.540151
4.2492194,0.003944474,8.4057276e-05,70000.0,151467.4,149824.06,149824.06,0.019309817,10.343614,8.540149,8.54015
4.2492194,0.0031664907,7.916213e-05,70000.0,151467.38,149824.03,149824.06,0.019309817,10.34329,8.540152,8.540151
4.2492194,0.0040153963,7.751544e-05,70000.0,151467.34,149824.05,149824.05,0.019309817,10.343344,8.540147,8.540151
4.2492194,0.0040253145,8.172726e-05,70000.0,151467.36,149824.05,149824.06,0.019309817,10.343883,8.540146,8.54015
4.2492194,0.004370243,7.775453e-05,70000.0,151467.4,149824.06,149824.05,0.019309817,10.343554,8.540148,8.54015
4.2492194,0.004280328,7.3691845e-05,70000.0,151467.31,149824.05,149824.06,0.019309817,10.343062,8.540143,8.540151
4.2492194,0.0038058097,7.77034e-05,70000.0,151467.36,149824.05,149824.06,0.019309817,10.343486,8.540147,8.54015
4.2492194,0.004522938,9.0700916e-05,70000.0,151467.36,149824.06,149824.08,0.019309817,10.34332,8.540146,8.540149
4.2492194,0.0045945267,8.8992994e-05,70000.0,151467.38,149824.06,149824.05,0.019309817,10.343564,8.540151,8.54015
4.2492194,0.0037341567,7.858466e-05,70000.0,151467.38,149824.06,149824.08,0.019309817,10.343236,8.540149,8.540151
4.2492194,0.0040070517,8.325447e-05,70000.0,151467.36,149824.05,149824.08,0.019309817,10.343714,8.540144,8.540151
4.2492194,0.0040806225,8.1372804e-05,70000.0,151467.42,149824.06,149824.05,0.019309817,10.343565,8.540151,8.54015
4.2492194,0.0035205954,7.301698e-05,70000.0,151467.36,149824.06,149824.08,0.019309817,10.343314,8.540148,8.54015
4.2492194,0.0039035724,8.1753584e-05,70000.0,151467.38,149824.05,149824.03,0.019309817,10.343276,8.540151,8.54015
4.2492194,0.0031747525,8.264685e-05,70000.0,151467.38,149824.06,149824.06,0.019309817,10.343662,8.540147,8.54015
4.2492194,0.0040053483,8.3827865e-05,70000.0,151467.42,149824.05,149824.05,0.019309817,10.34363,8.540151,8.54015
4.2492194,0.004215327,8.832161e-05,70000.0,151467.38,149824.06,149824.06,0.019309817,10.343683,8.540147,8.540149
4.2492194,0.00419773,8.875887e-05,70000.0,151467.38,149824.06,149824.05,0.019309817,10.343109,8.540153,8.540149
4.2492194,0.003864898,8.3976025e-05,70000.0,151467.44,149824.05,149824.05,0.019309817,10.343447,8.5401535,8.54015
4.2492194,0.0045262277,8.1584985e-05,70000.0,151467.38,149824.06,149824.06,0.019309817,10.34319,8.540145,8.540151
4.2492194,0.0040615695,8.288189e-05,70000.0,151467.45,149824.03,149824.06,0.019309817,10.343638,8.540147,8.540151
4.2492194,0.0041915397,8.401203e-05,70000.0,151467.38,149824.05,149824.05,0.019309817,10.343293,8.540159,8.540149
4.2492194,0.003553035,8.3851824e-05,70000.0,151467.38,149824.05,149824.05,0.019309817,10.343121,8.540149,8.54015
4.2492194,0.0036737039,8.2455306e-05,70000.0,151467.4,149824.03,149824.05,0.019309817,10.343414,8.54014,8.540149
4.2492194,0.0037537743,7.937754e-05,70000.0,151467.39,149824.06,149824.06,0.019309817,10.34339,8.540145,8.54015
4.2492194,0.004241915,8.600123e-05,70000.0,151467.33,149824.06,149824.05,0.019309817,10.343327,8.540153,8.54015
4.2492194,0.004005115,7.777349e-05,70000.0,151467.38,149824.05,149824.05,0.019309817,10.343329,8.540154,8.54015
4.2492194,0.0038670867,8.04854e-05,70000.0,151467.4,149824.05,149824.05,0.019309817,10.343423,8.5401535,8.540149
4.2492194,0.004086651,7.76067e-05,70000.0,151467.38,149824.06,149824.06,0.019309817,10.343196,8.540149,8.540151
4.2492194,0.0035454943,7.8874175e-05,70000.0,151467.34,149824.03,149824.06,0.019309817,10.343294,8.540148,8.54015
4.2492194,0.003823844,8.3394276e-05,70000.0,151467.44,149824.08,149824.06,0.019309817,10.343768,8.540151,8.54015
4.2492194,0.003718116,7.9827e-05,70000.0,151467.4,149824.05,149824.06,0.019309817,10.343273,8.540147,8.54015
4.2492194,0.004300515,8.939323e-05,70000.0,151467.38,149824.03,149824.05,0.019309817,10.343066,8.540153,8.540151
4.2492194,0.0043232576,8.4792955e-05,70000.0,151467.42,149824.06,149824.08,0.019309817,10.343427,8.540145,8.540151
4.2492194,0.003826298,7.898248e-05,70000.0,151467.36,149824.05,149824.06,0.019309817,10.343676,8.540155,8.54015
4.2492194,0.0034992052,7.052087e-05,70000.0,151467.34,149824.05,149824.05,0.019309817,10.343296,8.540146,8.54015
4.2492194,0.0032589687,7.074056e-05,70000.0,151467.38,149824.06,149824.06,0.019309817,10.343485,8.540152,8.540149
4.2492194,0.004224223,7.63887e-05,70000.0,151467.36,149824.05,149824.08,0.019309817,10.343698,8.540155,8.540149
4.2492194,0.0038150274,8.275983e-05,70000.0,151467.33,149824.05,149824.03,0.019309817,10.3431015,8.540151,8.54015
4.2492194,0.003739325,8.63828e-05,70000.0,151467.38,149824.05,149824.08,0.019309817,10.343283,8.540151,8.54015
4.2492194,0.0037243199,7.989997e-05,70000.0,151467.44,149824.05,149824.06,0.019309817,10.3434105,8.540149,8.54015
4.2492194,0.004037293,7.9181715e-05,70000.0,151467.44,149824.02,149824.05,0.019309817,10.343581,8.540149,8.540149
4.2492194,0.004079167,8.066751e-05,70000.0,151467.38,149824.06,149824.06,0.019309817,10.343629,8.540147,8.54015
4.2492194,0.004196485,8.1166516e-05,70000.0,151467.39,149824.06,149824.05,0.019309817,10.343649,8.540147,8.540149
4.2492194,0.0038149108,7.898483e-05,70000.0,151467.39,149824.06,149824.06,0.019309817,10.343567,8.540146,8.54015
4.2492194,0.0033996003,7.648606e-05,70000.0,151467.38,149824.03,149824.06,0.019309817,10.343524,8.540148,8.540149
4.2492194,0.003610283,8.1947954e-05,70000.0,151467.4,149824.06,149824.05,0.019309817,10.34362,8.540149,8.54015
4.2492194,0.0041043824,7.405079e-05,70000.0,151467.39,149824.06,149824.03,0.019309817,10.343435,8.540153,8.54015
4.2492194,0.003858427,7.8628276e-05,70000.0,151467.31,149824.06,149824.08,0.019309817,10.343145,8.54015,8.54015
4.2492194,0.0035389848,7.499656e-05,70000.0,151467.36,149824.05,149824.05,0.019309817,10.343326,8.540153,8.54015
4.2492194,0.0040063704,7.978559e-05,70000.0,151467.38,149824.06,149824.06,0.019309817,10.3433695,8.540144,8.54015
4.2492194,0.0043139593,7.8371886e-05,70000.0,151467.34,149824.05,149824.05,0.019309817,10.343143,8.540153,8.540149
4.2492194,0.004201605,7.9866346e-05,70000.0,151467.39,149824.05,149824.05,0.019309817,10.343339,8.54015,8.540151
4.2492194,0.003554599,7.864851e-05,70000.0,151467.36,149824.06,149824.06,0.019309817,10.343549,8.5401535,8.540151
4.2492194,0.0035420205,7.642268e-05,70000.0,151467.44,149824.05,149824.08,0.019309817,10.343265,8.54015,8.54015
4.2492194,0.0041738516,8.385973e-05,70000.0,151467.4,149824.03,149824.06,0.019309817,10.343333,8.540151,8.54015
4.2492194,0.0033491668,7.872807e-05,70000.0,151467.38,149824.05,149824.06,0.019309817,10.343388,8.54015,8.54015
4.2492194,0.00368927,8.0784004e-05,70000.0,151467.39,149824.06,149824.06,0.019309817,10.343247,8.540149,8.540151
4.2492194,0.0037259725,7.947886e-05,70000.0,151467.45,149824.06,149824.05,0.019309817,10.343513,8.540146,8.54015
4.2492194,0.0041883267,8.063814e-05,70000.0,151467.39,149824.06,149824.06,0.019309817,10.343214,8.540147,8.54015
4.2492194,0.0034873215,7.630485e-05,70000.0,151467.4,149824.06,149824.05,0.019309817,10.343363,8.54015,8.54015
4.2492194,0.0037841594,7.632037e-05,70000.0,151467.39,149824.05,149824.06,0.019309817,10.343492,8.540143,8.54015
4.2492194,0.003863354,8.018906e-05,70000.0,151467.38,149824.06,149824.08,0.019309817,10.343623,8.54015,8.540151
4.2492194,0.0042651338,8.251481e-05,70000.0,151467.44,149824.06,149824.06,0.019309817,10.343422,8.54015,8.540149
4.2492194,0.004120516,8.223108e-05,70000.0,151467.33,149824.05,149824.06,0.019309817,10.343276,8.540145,8.54015
4.2492194,0.00378458,8.324363e-05,70000.0,151467.34,149824.03,149824.05,0.019309817,10.34327,8.540145,8.54015
4.2492194,0.0037958643,7.807532e-05,70000.0,151467.39,149824.06,149824.06,0.019309817,10.343424,8.540155,8.540149
4.2492194,0.004361035,7.651283e-05,70000.0,151467.4,149824.05,149824.03,0.019309817,10.34349,8.540146,8.54015
4.2492194,0.0037768595,7.3156196e-05,70000.0,151467.45,149824.05,149824.05,0.019309817,10.343787,8.540151,8.540151
4.2492194,0.0040541445,8.1323415e-05,70000.0,151467.36,149824.06,149824.05,0.019309817,10.343678,8.540148,8.540149
4.2492194,0.0038903712,7.8919526e-05,70000.0,151467.36,149824.03,149824.05,0.019309817,10.343334,8.5401535,8.540151
4.2492194,0.0041076555,7.8951394e-05,70000.0,151467.42,149824.05,149824.05,0.019309817,10.343604,8.540144,8.540149
4.2492194,0.0037409922,7.559933e-05,70000.0,151467.44,149824.06,149824.06,0.019309817,10.343427,8.540156,8.540149
4.2492194,0.0034127568,7.575009e-05,70000.0,151467.39,149824.06,149824.05,0.019309817,10.343312,8.540149,8.540149
4.2492194,0.0038547327,7.47737e-05,70000.0,151467.44,149824.06,149824.05,0.019309817,10.3437195,8.540149,8.54015
4.2492194,0.003845139,7.316129e-05,70000.0,151467.39,149824.06,149824.06,0.019309817,10.34349,8.54015,8.54015
4.2492194,0.004053637,7.733899e-05,70000.0,151467.39,149824.06,149824.06,0.019309817,10.343255,8.540152,8.54015
4.2492194,0.0039662565,7.524248e-05,70000.0,151467.4,149824.05,149824.06,0.019309817,10.343702,8.540145,8.540149
4.2492194,0.0034626727,7.405559e-05,70000.0,151467.31,149824.08,149824.08,0.019309817,10.343206,8.540151,8.540151
4.2492194,0.003526723,7.2098825e-05,70000.0,151467.38,149824.06,149824.05,0.019309817,10.343428,8.54015,8.54015
4.2492194,0.0040201275,7.1246155e-05,70000.0,151467.4,149824.08,149824.06,0.019309817,10.343428,8.540149,8.54015
4.2492194,0.0041087326,7.6482786e-05,70000.0,151467.34,149824.05,149824.05,0.019309817,10.343226,8.540147,8.54015
4.2492194,0.003987514,7.915284e-05,70000.0,151467.42,149824.05,149824.06,0.019309817,10.343446,8.54015,8.54015
1.796399e+25,0.83045423,0.07713173,310000.0,151467.36,149824.05,149824.05,18.954678,10.343482,8.540154,8.5401535
1.796399e+25,0.8430681,0.08434078,310000.0,151467.39,149824.05,149824.05,18.954678,10.3429785,8.540136,8.540154
1.796399e+25,0.8660678,0.08302602,310000.0,151467.4,149824.05,149824.03,18.954678,10.343548,8.540143,8.540154
1.796399e+25,0.86606115,0.0979,310000.0,151467.36,149824.05,149824.06,18.954678,10.343284,8.540123,8.540154
1.796399e+25,0.838134,0.07951489,310000.0,151467.39,149824.06,149824.05,18.954678,10.343595,8.540145,8.5401535
1.796399e+25,0.84477645,0.07410521,310000.0,151467.36,149824.05,149824.06,18.954678,10.34353,8.540141,8.5401535
1.796399e+25,0.83931535,0.079871014,310000.0,151467.39,149824.06,149824.05,18.954678,10.343551,8.540132,8.540154
1.796399e+25,0.8743612,0.08450675,310000.0,151467.4,149824.05,149824.06,18.954678,10.343418,8.540141,8.540154
1.796399e+25,0.8598935,0.09309531,310000.0,151467.33,149824.06,149824.05,18.954678,10.343321,8.5401325,8.5401535
1.796399e+25,0.85561997,0.095254175,310000.0,151467.4,149824.05,149824.03,18.954678,10.343514,8.540119,8.5401535
1.796399e+25,0.85665655,0.087255076,310000.0,151467.39,149824.08,149824.05,18.954678,10.343353,8.540123,8.5401535
1.796399e+25,0.84322685,0.08612757,310000.0,151467.42,149824.08,149824.05,18.954678,10.3434725,8.540133,8.5401535
1.796399e+25,0.8630027,0.08440601,310000.0,151467.42,149824.05,149824.06,18.954678,10.343633,8.540157,8.540154
1.796399e+25,0.8628281,0.09234799,310000.0,151467.4,149824.06,149824.02,18.954678,10.343271,8.540131,8.5401535
1.796399e+25,0.8684866,0.09022505,310000.0,151467.4,149824.05,149824.08,18.954678,10.343642,8.540159,8.540154
1.796399e+25,0.8747171,0.09211182,310000.0,151467.38,149824.05,149824.05,18.954678,10.343527,8.540138,8.540154
1.796399e+25,0.856148,0.081468515,310000.0,151467.39,149824.05,149824.06,18.954678,10.343291,8.54015,8.5401535
1.796399e+25,0.8550078,0.067062385,310000.0,151467.34,149824.03,149824.06,18.954678,10.34326,8.540134,8.540154
1.796399e+25,0.87363875,0.08873658,310000.0,151467.39,149824.05,149824.06,18.954678,10.343483,8.540163,8.5401535
1.796399e+25,0.8457442,0.06986952,310000.0,151467.44,149824.06,149824.06,18.954678,10.343517,8.540147,8.5401535
1.796399e+25,0.8670644,0.08863321,310000.0,151467.4,149824.06,149824.06,18.954678,10.343291,8.540142,8.5401535
1.796399e+25,0.83468145,0.07199711,310000.0,151467.44,149824.06,149824.05,18.954678,10.343834,8.540135,8.5401535
1.796399e+25,0.8310906,0.06438767,310000.0,151467.4,149824.06,149824.05,18.954678,10.343409,8.540136,8.5401535
1.796399e+25,0.8656861,0.08847766,310000.0,151467.39,149824.05,149824.05,18.954678,10.343332,8.54015,8.5401535
1.796399e+25,0.8543707,0.08097915,310000.0,151467.33,149824.06,149824.05,18.954678,10.343352,8.54015,8.540154
1.796399e+25,0.848902,0.07970598,310000.0,151467.44,149824.05,149824.06,18.954678,10.343884,8.540134,8.540154
1.796399e+25,0.8156875,0.086444944,310000.0,151467.31,149824.05,149824.05,18.954678,10.343325,8.540158,8.5401535
1.796399e+25,0.8511478,0.08111382,310000.0,151467.4,149824.05,149824.08,18.954678,10.343718,8.54014,8.540154
1.796399e+25,0.8753597,0.10196526,310000.0,151467.34,149824.08,149824.05,18.954678,10.3434305,8.540159,8.540154
1.796399e+25,0.8553255,0.08494237,310000.0,151467.36,149824.05,149824.03,18.954678,10.343103,8.540135,8.540154
1.796399e+25,0.8580888,0.08203945,310000.0,151467.36,149824.08,149824.06,18.954678,10.343325,8.540145,8.540154
1.796399e+25,0.85119414,0.0824869,310000.0,151467.34,149824.06,149824.06,18.954678,10.343363,8.5401535,8.5401535
1.796399e+25,0.8658235,0.08558531,310000.0,151467.4,149824.05,149824.05,18.954678,10.343708,8.540119,8.5401535
1.796399e+25,0.8386681,0.07671077,310000.0,151467.44,149824.06,149824.05,18.954678,10.343422,8.540153,8.540154
1.796399e+25,0.84043473,0.07987835,310000.0,151467.39,149824.05,149824.06,18.954678,10.343571,8.54013,8.540154
1.796399e+25,0.8496181,0.082030945,310000.0,151467.39,149824.08,149824.05,18.954678,10.342899,8.540142,8.5401535
1.796399e+25,0.8698471,0.08379068,310000.0,151467.39,149824.06,149824.05,18.954678,10.343231,8.54015,8.540154
1.796399e+25,0.8500402,0.08521621,310000.0,151467.4,149824.05,149824.06,18.954678,10.343598,8.540153,8.5401535
1.796399e+25,0.84056354,0.07021164,310000.0,151467.42,149824.06,149824.05,18.954678,10.343705,8.540135,8.540154
1.796399e+25,0.8612906,0.0856512,310000.0,151467.4,149824.06,149824.05,18.954678,10.343442,8.540141,8.5401535
1.796399e+25,0.86731553,0.080347285,310000.0,151467.39,149824.06,149824.05,18.954678,10.343436,8.540123,8.5401535
1.796399e+25,0.85220504,0.08615526,310000.0,151467.39,149824.05,149824.05,18.954678,10.343286,8.5401535,8.5401535
1.796399e+25,0.8583139,0.08822153,310000.0,151467.44,149824.05,149824.05,18.954678,10.3434,8.540149,8.5401535
1.796399e+25,0.83047724,0.05806413,310000.0,151467.42,149824.06,149824.05,18.954678,10.343368,8.540139,8.5401535
1.796399e+25,0.8523925,0.08719,310000.0,151467.39,149824.03,149824.03,18.954678,10.343208,8.540121,8.540154
1.796399e+25,0.8640838,0.080371216,310000.0,151467.38,149824.03,149824.03,18.954678,10.343583,8.540145,8.5401535
1.796399e+25,0.83265126,0.06770413,310000.0,151467.36,149824.06,149824.06,18.954678,10.343094,8.54015,8.540154
1.796399e+25,0.8407165,0.085202,310000.0,151467.44,149824.05,149824.06,18.954678,10.343497,8.540126,8.5401535
1.796399e+25,0.86196,0.086847626,310000.0,151467.44,149824.05,149824.03,18.954678,10.343775,8.540178,8.5401535
1.796399e+25,0.8465335,0.06624259,310000.0,151467.38,149824.05,149824.06,18.954678,10.343276,8.540136,8.5401535
1.796399e+25,0.8464181,0.091759756,310000.0,151467.42,149824.05,149824.05,18.954678,10.343518,8.540161,8.5401535
1.796399e+25,0.8505734,0.08423524,310000.0,151467.4,149824.05,149824.05,18.954678,10.343394,8.540134,8.540154
1.796399e+25,0.8478854,0.08301733,310000.0,151467.42,149824.05,149824.05,18.954678,10.343265,8.540144,8.540154
1.796399e+25,0.83758366,0.08072154,310000.0,151467.38,149824.06,149824.05,18.954678,10.343274,8.540142,8.5401535
1.796399e+25,0.85767,0.090794265,310000.0,151467.4,149824.06,149824.03,18.954678,10.34341,8.540162,8.5401535
1.796399e+25,0.83455604,0.066929005,310000.0,151467.38,149824.05,149824.06,18.954678,10.343703,8.540154,8.540154
1.796399e+25,0.8286742,0.0685936,310000.0,151467.42,149824.03,149824.05,18.954678,10.343329,8.540133,8.5401535
1.796399e+25,0.8490673,0.07793014,310000.0,151467.42,149824.06,149824.05,18.954678,10.343464,8.540137,8.540153
1.796399e+25,0.8419365,0.06656556,310000.0,151467.4,149824.05,149824.03,18.954678,10.343699,8.540137,8.5401535
1.796399e+25,0.8443556,0.08620085,310000.0,151467.31,149824.06,149824.05,18.954678,10.343136,8.540144,8.540154
1.796399e+25,0.8277375,0.07805614,310000.0,151467.31,149824.06,149824.05,18.954678,10.342905,8.540141,8.540154
1.796399e+25,0.84558403,0.07056991,310000.0,151467.4,149824.05,149824.05,18.954678,10.343402,8.540136,8.540153
1.796399e+25,0.8412921,0.07734659,310000.0,151467.39,149824.05,149824.06,18.954678,10.3436165,8.540138,8.5401535
1.796399e+25,0.8479667,0.06870504,310000.0,151467.34,149824.05,149824.03,18.954678,10.343676,8.540153,8.5401535
1.796399e+25,0.8422571,0.080091625,310000.0,151467.38,149824.03,149824.03,18.954678,10.343508,8.540143,8.540153
1.796399e+25,0.837516,0.06539262,310000.0,151467.36,149824.06,149824.05,18.954678,10.343715,8.540125,8.5401535
1.796399e+25,0.8394077,0.078877375,310000.0,151467.4,149824.05,149824.06,18.954678,10.343597,8.540155,8.5401535
1.796399e+25,0.8310835,0.0769306,310000.0,151467.42,149824.05,149824.05,18.954678,10.343287,8.54013,8.5401535
1.796399e+25,0.83612525,0.076450825,310000.0,151467.36,149824.06,149824.06,18.954678,10.343145,8.540141,8.540154
1.796399e+25,0.84835815,0.08627193,310000.0,151467.34,149824.08,149824.05,18.954678,10.343053,8.540115,8.540154
1.796399e+25,0.8518411,0.07428699,310000.0,151467.34,149824.05,149824.05,18.954678,10.343792,8.540135,8.540154
1.796399e+25,0.8556651,0.08341534,310000.0,151467.38,149824.03,149824.08,18.954678,10.343386,8.540161,8.5401535
1.796399e+25,0.8474106,0.08601206,310000.0,151467.44,149824.05,149824.06,18.954678,10.343466,8.540138,8.540153
1.796399e+25,0.8347753,0.06590369,310000.0,151467.39,149824.06,149824.06,18.954678,10.343395,8.540142,8.5401535
1.796399e+25,0.84931195,0.08057916,310000.0,151467.38,149824.06,149824.08,18.954678,10.343252,8.540155,8.540153
1.796399e+25,0.82348305,0.06330867,310000.0,151467.38,149824.05,149824.05,18.954678,10.343181,8.5401325,8.5401535
1.796399e+25,0.84984,0.08525198,310000.0,151467.42,149824.03,149824.05,18.954678,10.343198,8.5401325,8.5401535
1.796399e+25,0.8518585,0.080742426,310000.0,151467.42,149824.03,149824.05,18.954678,10.34331,8.54015,8.5401535
1.796399e+25,0.84263587,0.08215634,310000.0,151467.39,149824.05,149824.05,18.954678,10.343245,8.54017,8.540154
1.796399e+25,0.85530853,0.09094412,310000.0,151467.36,149824.06,149824.05,18.954678,10.343406,8.540162,8.540154
1.796399e+25,0.8479561,0.07516515,310000.0,151467.34,149824.05,149824.06,18.954678,10.343269,8.540154,8.540154
1.796399e+25,0.84547216,0.085039034,310000.0,151467.38,149824.06,149824.06,18.954678,10.3434725,8.540132,8.5401535
1.796399e+25,0.8549943,0.08713116,310000.0,151467.39,149824.06,149824.05,18.954678,10.34347,8.540143,8.5401535
1.796399e+25,0.84662837,0.084002115,310000.0,151467.39,149824.05,149824.06,18.954678,10.3436165,8.540177,8.5401535
1.796399e+25,0.85741717,0.07711639,310000.0,151467.39,149824.06,149824.05,18.954678,10.343702,8.540166,8.540154
1.796399e+25,0.8784041,0.092833504,310000.0,151467.39,149824.05,149824.08,18.954678,10.343528,8.540162,8.5401535
1.796399e+25,0.8500213,0.07862555,310000.0,151467.36,149824.05,149824.08,18.954678,10.343559,8.540147,8.5401535
1.796399e+25,0.84181523,0.08300398,310000.0,151467.38,149824.06,149824.05,18.954678,10.34373,8.540144,8.5401535
1.796399e+25,0.86529833,0.08774271,310000.0,151467.4,149824.05,149824.05,18.954678,10.343528,8.540151,8.5401535
1.796399e+25,0.8397861,0.08549477,310000.0,151467.38,149824.03,149824.06,18.954678,10.343561,8.540153,8.54015
1.796399e+25,0.8382039,0.077004604,310000.0,151467.44,149824.06,149824.06,18.954678,10.343581,8.540135,8.540151
1.796399e+25,0.85530967,0.09177562,310000.0,151467.39,149824.05,149824.06,18.954678,10.343529,8.540138,8.54015
1.796399e+25,0.83234316,0.08121703,310000.0,151467.38,149824.1,149824.05,18.954678,10.343301,8.540139,8.540151
1.796399e+25,0.8428971,0.08913205,310000.0,151467.34,149824.05,149824.06,18.954678,10.343109,8.540153,8.540151
1.796399e+25,0.8471743,0.080191866,310000.0,151467.38,149824.05,149824.05,18.954678,10.343236,8.54014,8.540151
1.796399e+25,0.8436235,0.07375559,310000.0,151467.39,149824.06,149824.06,18.954678,10.343414,8.540142,8.540152
1.796399e+25,0.8547504,0.082982466,310000.0,151467.36,149824.05,149824.06,18.954678,10.343118,8.540136,8.540151
1.796399e+25,0.8666012,0.083787374,310000.0,151467.42,149824.05,149824.05,18.954678,10.343756,8.540145,8.54015
1.796399e+25,0.851828,0.07841132,310000.0,151467.42,149824.06,149824.06,18.954678,10.343399,8.54014,8.540151
1.796399e+25,0.8519274,0.08260138,310000.0,151467.31,149824.06,149824.06,18.954678,10.343063,8.540161,8.540151
1.796399e+25,0.8650396,0.08370452,310000.0,151467.38,149824.06,149824.08,18.954678,10.343323,8.540137,8.540151
1.796399e+25,0.8561972,0.089135505,310000.0,151467.4,149824.05,149824.08,18.954678,10.343591,8.540118,8.540152
1.796399e+25,0.86788595,0.09320306,310000.0,151467.39,149824.05,149824.05,18.954678,10.343431,8.54017,8.540151
1.796399e+25,0.8578021,0.086002894,310000.0,151467.4,149824.05,149824.06,18.954678,10.343629,8.540148,8.540151
1.796399e+25,0.8586575,0.088148974,310000.0,151467.36,149824.05,149824.05,18.954678,10.343313,8.54015,8.540151
1.796399e+25,0.85386777,0.083319485,310000.0,151467.39,149824.06,149824.06,18.954678,10.343543,8.540154,8.540152
1.796399e+25,0.8521067,0.08694882,310000.0,151467.39,149824.06,149824.05,18.954678,10.343209,8.54016,8.540151
1.796399e+25,0.8502294,0.08401602,310000.0,151467.39,149824.06,149824.08,18.954678,10.343411,8.540143,8.540152
1.796399e+25,0.8429126,0.08625804,310000.0,151467.38,149824.05,149824.05,18.954678,10.343408,8.540147,8.540151
1.796399e+25,0.84562564,0.07992832,310000.0,151467.36,149824.06,149824.03,18.954678,10.343397,8.5401535,8.540151
1.796399e+25,0.8473727,0.077941306,310000.0,151467.39,149824.06,149824.06,18.954678,10.343189,8.540155,8.54015
1.796399e+25,0.8382995,0.07034225,310000.0,151467.42,149824.05,149824.08,18.954678,10.34342,8.540136,8.540151
1.796399e+25,0.8513351,0.08827269,310000.0,151467.4,149824.08,149824.03,18.954678,10.343494,8.540133,8.540151
1.796399e+25,0.83506405,0.07721022,310000.0,151467.39,149824.03,149824.05,18.954678,10.343419,8.540146,8.54015
1.796399e+25,0.82980174,0.07248459,310000.0,151467.4,149824.06,149824.03,18.954678,10.343528,8.540131,8.540151
1.796399e+25,0.8496567,0.07816446,310000.0,151467.34,149824.06,149824.05,18.954678,10.343601,8.540127,8.540152
1.796399e+25,0.84980994,0.08128966,310000.0,151467.34,149824.06,149824.05,18.954678,10.343369,8.540147,8.540151
1.796399e+25,0.8527218,0.088481195,310000.0,151467.34,149824.06,149824.03,18.954678,10.34305,8.5401535,8.540151
1.796399e+25,0.8637427,0.09254371,310000.0,151467.42,149824.05,149824.06,18.954678,10.343317,8.540109,8.540151
1.796399e+25,0.8550978,0.08022379,310000.0,151467.42,149824.06,149824.05,18.954678,10.343738,8.540139,8.540151
1.796399e+25,0.8727809,0.08784889,310000.0,151467.36,149824.08,149824.06,18.954678,10.343125,8.540122,8.540151
1.796399e+25,0.861677,0.087236404,310000.0,151467.38,149824.05,149824.06,18.954678,10.343162,8.540155,8.540151
1.796399e+25,0.8685329,0.09188468,310000.0,151467.34,149824.06,149824.05,18.954678,10.343222,8.540141,8.54015
1.796399e+25,0.85064965,0.077912234,310000.0,151467.31,149824.08,149824.03,18.954678,10.34312,8.540131,8.540151
1.796399e+25,0.84690326,0.08125536,310000.0,151467.39,149824.03,149824.05,18.954678,10.343757,8.540157,8.540151
1.796399e+25,0.84612095,0.08480678,310000.0,151467.4,149824.06,149824.06,18.954678,10.343672,8.540125,8.540152
1.796399e+25,0.8800066,0.09522989,310000.0,151467.38,149824.06,149824.05,18.954678,10.343347,8.540144,8.540152
1.796399e+25,0.8991592,0.109574415,310000.0,151467.36,149824.08,149824.05,18.954678,10.3435545,8.540152,8.540151
1.796399e+25,0.8530739,0.08759996,310000.0,151467.4,149824.05,149824.06,18.954678,10.34356,8.540149,8.540152
1.796399e+25,0.8572515,0.08569041,310000.0,151467.38,149824.05,149824.06,18.954678,10.343355,8.540133,8.540151
1.796399e+25,0.87377936,0.094001524,310000.0,151467.42,149824.05,149824.06,18.954678,10.34354,8.540114,8.540151
1.796399e+25,0.85876936,0.09116097,310000.0,151467.39,149824.05,149824.05,18.954678,10.343134,8.540142,8.540151
1.796399e+25,0.85487866,0.08684649,310000.0,151467.39,149824.06,149824.05,18.954678,10.343046,8.540135,8.54015
1.796399e+25,0.86903375,0.09391657,310000.0,151467.42,149824.05,149824.06,18.954678,10.343365,8.540164,8.540151
1.796399e+25,0.90524715,0.11743046,310000.0,151467.42,149824.03,149824.05,18.954678,10.343634,8.540155,8.540151
1.796399e+25,0.86713743,0.094632745,310000.0,151467.38,149824.03,149824.03,18.954678,10.343481,8.540141,8.540151
1.796399e+25,0.844732,0.07752709,310000.0,151467.39,149824.06,149824.06,18.954678,10.343419,8.540151,8.540151
1.796399e+25,0.86488086,0.08643392,310000.0,151467.36,149824.05,149824.06,18.954678,10.3432455,8.540143,8.540152
1.796399e+25,0.87109005,0.08852599,310000.0,151467.38,149824.05,149824.06,18.954678,10.343625,8.540147,8.540151
1.796399e+25,0.83995765,0.07411727,310000.0,151467.34,149824.06,149824.06,18.954678,10.343656,8.540124,8.540151
1.796399e+25,0.826786,0.08060484,310000.0,151467.39,149824.06,149824.05,18.954678,10.343686,8.540152,8.540151
1.796399e+25,0.8458583,0.087957285,310000.0,151467.39,149824.05,149824.06,18.954678,10.343773,8.540143,8.54015
1.796399e+25,0.8567056,0.092681885,310000.0,151467.39,149824.06,149824.03,18.954678,10.3437805,8.540153,8.540151
1.796399e+25,0.8644643,0.08857934,310000.0,151467.4,149824.06,149824.05,18.954678,10.343598,8.540155,8.540151
1.796399e+25,0.83686894,0.083894484,310000.0,151467.34,149824.03,149824.05,18.954678,10.343362,8.540137,8.540151
1.796399e+25,0.85964257,0.091212,310000.0,151467.34,149824.03,149824.03,18.954678,10.343307,8.540159,8.540151
1.796399e+25,0.860686,0.08586476,310000.0,151467.45,149824.05,149824.06,18.954678,10.343622,8.540126,8.540152
1.796399e+25,0.86332583,0.09173628,310000.0,151467.38,149824.05,149824.06,18.954678,10.343436,8.540126,8.540151
1.796399e+25,0.8809938,0.09136527,310000.0,151467.42,149824.06,149824.05,18.954678,10.343481,8.540115,8.540152
1.796399e+25,0.86322504,0.08788034,310000.0,151467.39,149824.03,149824.05,18.954678,10.343359,8.540167,8.540151
1.796399e+25,0.85586244,0.08533293,310000.0,151467.33,149824.08,149824.06,18.954678,10.343253,8.540151,8.540151
1.796399e+25,0.8555214,0.08661122,310000.0,151467.39,149824.06,149824.05,18.954678,10.343092,8.540092,8.54015
1.796399e+25,0.8621183,0.08962971,310000.0,151467.34,149824.08,149824.06,18.954678,10.34329,8.54016,8.540151
1.796399e+25,0.85906047,0.09283045,310000.0,151467.34,149824.03,149824.05,18.954678,10.343276,8.540155,8.540151
1.796399e+25,0.852068,0.0897342,310000.0,151467.4,149824.06,149824.03,18.954678,10.343299,8.540163,8.54015
1.796399e+25,0.87152296,0.09552601,310000.0,151467.42,149824.06,149824.05,18.954678,10.343883,8.540163,8.54015
1.796399e+25,0.87063843,0.09005187,310000.0,151467.34,149824.06,149824.06,18.954678,10.343593,8.540151,8.540151
1.796399e+25,0.8605493,0.08796332,310000.0,151467.4,149824.03,149824.05,18.954678,10.343329,8.540123,8.540151
1.796399e+25,0.83681834,0.07755236,310000.0,151467.4,149824.05,149824.06,18.954678,10.343451,8.540147,8.540151
1.796399e+25,0.86429507,0.090365775,310000.0,151467.34,149824.06,149824.05,18.954678,10.343521,8.540127,8.540151
1.796399e+25,0.8609989,0.09088502,310000.0,151467.36,149824.06,149824.06,18.954678,10.343622,8.540141,8.540151
1.796399e+25,0.8390423,0.081106134,310000.0,151467.4,149824.05,149824.05,18.954678,10.343692,8.54013,8.540151
1.796399e+25,0.86626655,0.0879602,310000.0,151467.38,149824.06,149824.05,18.954678,10.343438,8.540102,8.540151
1.796399e+25,0.86874276,0.090750836,310000.0,151467.33,149824.05,149824.08,18.954678,10.343064,8.540153,8.540152
1.796399e+25,0.8577385,0.0845407,310000.0,151467.38,149824.05,149824.08,18.954678,10.343334,8.540147,8.54015
1.796399e+25,0.8599636,0.08993156,310000.0,151467.36,149824.06,149824.03,18.954678,10.343039,8.54013,8.54015
1.796399e+25,0.84530056,0.08438291,310000.0,151467.36,149824.06,149824.06,18.954678,10.343111,8.540125,8.540151
1.796399e+25,0.84855,0.085194916,310000.0,151467.31,149824.05,149824.06,18.954678,10.34339,8.540137,8.540151
1.796399e+25,0.83913,0.07638155,310000.0,151467.33,149824.08,149824.06,18.954678,10.343038,8.54013,8.540151
1.796399e+25,0.86291593,0.09279987,310000.0,151467.33,149824.06,149824.05,18.954678,10.34327,8.5401325,8.540151
1.796399e+25,0.8639335,0.08898305,310000.0,151467.38,149824.06,149824.08,18.954678,10.343462,8.540118,8.540151
1.796399e+25,0.8453902,0.08029833,310000.0,151467.33,149824.05,149824.06,18.954678,10.343177,8.540129,8.540152
1.796399e+25,0.8663024,0.09252799,310000.0,151467.39,149824.06,149824.03,18.954678,10.343628,8.540125,8.540151
1.796399e+25,0.85701686,0.08241256,310000.0,151467.38,149824.06,149824.05,18.954678,10.343341,8.540127,8.540151
1.796399e+25,0.8672911,0.09150654,310000.0,151467.36,149824.06,149824.05,18.954678,10.343454,8.540116,8.54015
1.796399e+25,0.88431317,0.093446895,310000.0,151467.34,149824.05,149824.05,18.954678,10.343132,8.540157,8.540151
1.796399e+25,0.87035954,0.08798113,310000.0,151467.36,149824.05,149824.05,18.954678,10.343242,8.540145,8.540151
1.796399e+25,0.865077,0.089820355,310000.0,151467.4,149824.05,149824.06,18.954678,10.343128,8.540134,8.540151
1.796399e+25,0.86559564,0.09105359,310000.0,151467.39,149824.03,149824.05,18.954678,10.343212,8.540147,8.540151
1.796399e+25,0.85917026,0.08410879,310000.0,151467.34,149824.05,149824.06,18.954678,10.343245,8.540104,8.540151
1.796399e+25,0.8666294,0.08963499,310000.0,151467.31,149824.06,149824.08,18.954678,10.343363,8.540146,8.540152
1.796399e+25,0.8348053,0.08737725,310000.0,151467.36,149824.06,149824.06,18.954678,10.343338,8.540156,8.540151
1.796399e+25,0.86695844,0.08595763,310000.0,151467.38,149824.05,149824.05,18.954678,10.343466,8.540173,8.540152
1.796399e+25,0.83666605,0.08550263,310000.0,151467.38,149824.05,149824.05,18.954678,10.343378,8.54017,8.540149
1.796399e+25,0.87153023,0.09083653,310000.0,151467.4,149824.05,149824.06,18.954678,10.343438,8.540161,8.540151
1.796399e+25,0.88002515,0.091806844,310000.0,151467.36,149824.05,149824.03,18.954678,10.343538,8.540149,8.540151
1.796399e+25,0.86306953,0.09106226,310000.0,151467.38,149824.06,149824.05,18.954678,10.343576,8.540129,8.540151
1.796399e+25,0.85897297,0.090859875,310000.0,151467.34,149824.08,149824.05,18.954678,10.343429,8.540141,8.54015
1.796399e+25,0.87525594,0.09371967,310000.0,151467.38,149824.06,149824.05,18.954678,10.3433275,8.540171,8.54015
1.796399e+25,0.87590665,0.09290803,310000.0,151467.36,149824.05,149824.06,18.954678,10.3431835,8.540147,8.540151
1.796399e+25,0.8515164,0.08331754,310000.0,151467.36,149824.06,149824.05,18.954678,10.343405,8.540123,8.540151
1.796399e+25,0.8582341,0.08241644,310000.0,151467.31,149824.05,149824.05,18.954678,10.3435755,8.540154,8.540151
1.796399e+25,0.85456973,0.08736669,310000.0,151467.44,149824.05,149824.05,18.954678,10.34355,8.54013,8.540151
1.796399e+25,0.85045046,0.08665575,310000.0,151467.4,149824.08,149824.06,18.954678,10.343323,8.540155,8.540151
1.796399e+25,0.8610424,0.084326215,310000.0,151467.33,149824.06,149824.06,18.954678,10.343442,8.540146,8.540151
1.796399e+25,0.85357803,0.079563804,310000.0,151467.42,149824.06,149824.06,18.954678,10.343277,8.540146,8.540152
1.796399e+25,0.86221987,0.08186144,310000.0,151467.34,149824.06,149824.06,18.954678,10.34328,8.540148,8.540151
1.796399e+25,0.85571814,0.08808996,310000.0,151467.31,149824.06,149824.06,18.954678,10.343143,8.540142,8.54015
1.796399e+25,0.86742336,0.08715815,310000.0,151467.38,149824.05,149824.06,18.954678,10.343368,8.5401325,8.540152
1.796399e+25,0.84557354,0.08298298,310000.0,151467.39,149824.03,149824.08,18.954678,10.343414,8.540123,8.54015
1.796399e+25,0.8565539,0.08035429,310000.0,151467.36,149824.03,149824.05,18.954678,10.3431015,8.540148,8.540151
1.796399e+25,0.84704703,0.09167707,310000.0,151467.38,149824.03,149824.08,18.954678,10.343275,8.54015,8.540148
1.796399e+25,0.8225117,0.07603929,310000.0,151467.39,149824.05,149824.08,18.954678,10.343387,8.540119,8.540148
1.796399e+25,0.8484016,0.08345757,310000.0,151467.34,149824.05,149824.05,18.954678,10.343153,8.54015,8.540148
1.796399e+25,0.8403547,0.08206336,310000.0,151467.33,149824.03,149824.06,18.954678,10.3432665,8.540144,8.540147
1.796399e+25,0.84336793,0.085441105,310000.0,151467.39,149824.06,149824.05,18.954678,10.343479,8.540142,8.540148
1.796399e+25,0.84484446,0.08328007,310000.0,151467.42,149824.1,149824.06,18.954678,10.343685,8.54015,8.540148
1.796399e+25,0.84326875,0.075756066,310000.0,151467.39,149824.06,149824.03,18.954678,10.343051,8.540147,8.540148
1.796399e+25,0.8401366,0.08669908,310000.0,151467.36,149824.05,149824.06,18.954678,10.344045,8.540118,8.540147
1.796399e+25,0.83653575,0.07360401,310000.0,151467.4,149824.06,149824.03,18.954678,10.343527,8.540151,8.540147
1.796399e+25,0.85703033,0.08339016,310000.0,151467.39,149824.06,149824.06,18.954678,10.343372,8.540132,8.540147
1.796399e+25,0.84604603,0.07313638,310000.0,151467.39,149824.03,149824.06,18.954678,10.343476,8.54015,8.540148
1.796399e+25,0.858167,0.079456985,310000.0,151467.42,149824.05,149824.05,18.954678,10.343685,8.540148,8.540148
1.796399e+25,0.85579616,0.07577248,310000.0,151467.34,149824.05,149824.08,18.954678,10.343535,8.540128,8.540148
1.796399e+25,0.8509359,0.08287286,310000.0,151467.45,149824.08,149824.06,18.954678,10.34366,8.540145,8.540148
1.796399e+25,0.84720796,0.08493717,310000.0,151467.39,149824.05,149824.05,18.954678,10.343047,8.540147,8.540149
1.796399e+25,0.8425737,0.08612166,310000.0,151467.36,149824.05,149824.06,18.954678,10.343131,8.540165,8.540147
1.796399e+25,0.8243958,0.06850206,310000.0,151467.38,149824.08,149824.05,18.954678,10.343352,8.540135,8.540147
1.796399e+25,0.841683,0.08350463,310000.0,151467.36,149824.08,149824.05,18.954678,10.343535,8.540137,8.540147
1.796399e+25,0.84763,0.076726414,310000.0,151467.4,149824.06,149824.06,18.954678,10.343598,8.5401535,8.540147
1.796399e+25,0.862638,0.08797637,310000.0,151467.33,149824.05,149824.06,18.954678,10.342939,8.540145,8.540148
1.796399e+25,0.8530677,0.082769096,310000.0,151467.36,149824.05,149824.05,18.954678,10.343133,8.5401325,8.540147
1.796399e+25,0.8603707,0.08888712,310000.0,151467.42,149824.02,149824.05,18.954678,10.343363,8.540163,8.540148
1.796399e+25,0.8532667,0.0869922,310000.0,151467.4,149824.03,149824.05,18.954678,10.343445,8.540143,8.540147
1.796399e+25,0.8372837,0.074889876,310000.0,151467.38,149824.05,149824.06,18.954678,10.343661,8.540145,8.540147
1.796399e+25,0.85159653,0.0775872,310000.0,151467.42,149824.06,149824.05,18.954678,10.343462,8.5401535,8.540148
1.796399e+25,0.8533201,0.08174674,310000.0,151467.38,149824.05,149824.03,18.954678,10.34333,8.540143,8.540147
1.796399e+25,0.8401506,0.07320718,310000.0,151467.47,149824.03,149824.08,18.954678,10.3436575,8.540137,8.540147
1.796399e+25,0.8449016,0.07465256,310000.0,151467.38,149824.05,149824.05,18.954678,10.343354,8.540138,8.540147
1.796399e+25,0.85171473,0.079462625,310000.0,151467.38,149824.06,149824.06,18.954678,10.343388,8.540146,8.540148
1.796399e+25,0.8478746,0.07991679,310000.0,151467.44,149824.05,149824.06,18.954678,10.34331,8.540131,8.540147
1.796399e+25,0.85807353,0.08378501,310000.0,151467.38,149824.05,149824.05,18.954678,10.343668,8.540138,8.540147
1.796399e+25,0.8646247,0.08913704,310000.0,151467.36,149824.08,149824.05,18.954678,10.343045,8.54016,8.540148
1.796399e+25,0.85754937,0.082084894,310000.0,151467.38,149824.03,149824.06,18.954678,10.343367,8.540143,8.540148
1.796399e+25,0.8649819,0.093294136,310000.0,151467.4,149824.05,149824.08,18.954678,10.343322,8.540135,8.540147
1.796399e+25,0.8502367,0.08091864,310000.0,151467.36,149824.08,149824.06,18.954678,10.343395,8.540151,8.540148
1.796399e+25,0.8449277,0.08147644,310000.0,151467.39,149824.08,149824.06,18.954678,10.343642,8.540147,8.540146
1.796399e+25,0.8555988,0.084500596,310000.0,151467.38,149824.06,149824.08,18.954678,10.3434105,8.540162,8.540148
1.796399e+25,0.85864407,0.07644791,310000.0,151467.39,149824.08,149824.06,18.954678,10.343437,8.540131,8.540148
1.796399e+25,0.8614642,0.08556819,310000.0,151467.39,149824.03,149824.06,18.954678,10.343579,8.540146,8.540147
1.796399e+25,0.8699623,0.0936946,310000.0,151467.39,149824.05,149824.06,18.954678,10.343594,8.540154,8.540148
1.796399e+25,0.8355327,0.07415753,310000.0,151467.4,149824.05,149824.06,18.954678,10.343472,8.54016,8.540148
1.796399e+25,0.8530503,0.090201356,310000.0,151467.39,149824.05,149824.06,18.954678,10.343185,8.540122,8.540148
1.796399e+25,0.83211845,0.06993164,310000.0,151467.36,149824.06,149824.03,18.954678,10.3433895,8.540132,8.540148
1.796399e+25,0.8560221,0.08830517,310000.0,151467.38,149824.05,149824.06,18.954678,10.3435335,8.540167,8.540148
1.796399e+25,0.84914833,0.08462755,310000.0,151467.36,149824.06,149824.05,18.954678,10.34364,8.5401535,8.540147
1.796399e+25,0.85965574,0.09013329,310000.0,151467.38,149824.05,149824.05,18.954678,10.34343,8.540151,8.540147
1.796399e+25,0.84658384,0.08465057,310000.0,151467.33,149824.05,149824.05,18.954678,10.343018,8.5401325,8.540148
1.796399e+25,0.84925437,0.08508132,310000.0,151467.44,149824.06,149824.08,18.954678,10.343535,8.540143,8.540148
1.796399e+25,0.84935755,0.08572076,310000.0,151467.4,149824.06,149824.06,18.954678,10.343377,8.540143,8.540148
1.796399e+25,0.84678334,0.06661027,310000.0,151467.36,149824.05,149824.05,18.954678,10.343227,8.540152,8.540148
1.796399e+25,0.85099345,0.08129111,310000.0,151467.33,149824.06,149824.05,18.954678,10.342959,8.540125,8.540147
1.796399e+25,0.86323947,0.09074369,310000.0,151467.4,149824.05,149824.06,18.954678,10.343503,8.540144,8.540147
1.796399e+25,0.8437669,0.069341384,310000.0,151467.36,149824.05,149824.06,18.954678,10.343469,8.54015,8.540147
1.796399e+25,0.8610917,0.0865937,310000.0,151467.36,149824.06,149824.05,18.954678,10.343142,8.540133,8.540147
1.796399e+25,0.8373855,0.075870566,310000.0,151467.47,149824.06,149824.05,18.954678,10.343909,8.540133,8.540148
1.796399e+25,0.8518847,0.08927083,310000.0,151467.28,149824.05,149824.03,18.954678,10.343328,8.540146,8.540148
1.796399e+25,0.840284,0.07167331,310000.0,151467.39,149824.05,149824.05,18.954678,10.343426,8.540138,8.540148
1.796399e+25,0.8488985,0.08597423,310000.0,151467.36,149824.05,149824.05,18.954678,10.343557,8.540128,8.540148
1.796399e+25,0.8459021,0.08259862,310000.0,151467.36,149824.06,149824.06,18.954678,10.343626,8.540141,8.540148
1.796399e+25,0.8552906,0.08774279,310000.0,151467.39,149824.05,149824.06,18.954678,10.343418,8.540124,8.540148
1.796399e+25,0.84666675,0.08407501,310000.0,151467.42,149824.06,149824.08,18.954678,10.343368,8.540166,8.540147
1.796399e+25,0.85065836,0.083280265,310000.0,151467.38,149824.05,149824.05,18.954678,10.3432865,8.540149,8.540148
1.796399e+25,0.8481828,0.071056575,310000.0,151467.44,149824.08,149824.06,18.954678,10.343538,8.540137,8.540147
1.796399e+25,0.85269374,0.088492,310000.0,151467.42,149824.05,149824.06,18.954678,10.3434725,8.540132,8.540147
1.796399e+25,0.8502937,0.088841796,310000.0,151467.34,149824.06,149824.06,18.954678,10.3431015,8.540149,8.540147
1.796399e+25,0.8535856,0.08728404,310000.0,151467.39,149824.05,149824.06,18.954678,10.343399,8.540137,8.540148
1.796399e+25,0.8562559,0.073240526,310000.0,151467.4,149824.03,149824.05,18.954678,10.343602,8.540126,8.540148
1.796399e+25,0.85704637,0.08699217,310000.0,151467.36,149824.05,149824.05,18.954678,10.343616,8.540134,8.540148
1.796399e+25,0.82885003,0.082313724,310000.0,151467.34,149824.06,149824.06,18.954678,10.343319,8.540139,8.540148
1.796399e+25,0.85479,0.08306269,310000.0,151467.39,149824.05,149824.06,18.954678,10.343602,8.540149,8.540147
1.796399e+25,0.851293,0.08663796,310000.0,151467.34,149824.05,149824.06,18.954678,10.343305,8.540152,8.540147
1.796399e+25,0.8261565,0.062223934,310000.0,151467.45,149824.05,149824.05,18.954678,10.343616,8.540145,8.540147
1.796399e+25,0.8502643,0.08399484,310000.0,151467.42,149824.05,149824.03,18.954678,10.343441,8.540138,8.540148
1.796399e+25,0.8415592,0.08309993,310000.0,151467.38,149824.06,149824.05,18.954678,10.343308,8.54016,8.540147
1.796399e+25,0.8419828,0.07233128,310000.0,151467.38,149824.06,149824.06,18.954678,10.343574,8.540145,8.540147
1.796399e+25,0.8619999,0.08831362,310000.0,151467.42,149824.05,149824.05,18.954678,10.343342,8.540162,8.540147
1.796399e+25,0.8602514,0.08825009,310000.0,151467.33,149824.05,149824.06,18.954678,10.343349,8.540131,8.540147
1.796399e+25,0.8627833,0.08687532,310000.0,151467.44,149824.03,149824.05,18.954678,10.343934,8.540154,8.540147
1.796399e+25,0.8446813,0.072467454,310000.0,151467.31,149824.05,149824.06,18.954678,10.343199,8.540133,8.540147
1.796399e+25,0.86310285,0.088853315,310000.0,151467.38,149824.05,149824.06,18.954678,10.343315,8.54015,8.540149
1.796399e+25,0.8541389,0.09209563,310000.0,151467.34,149824.06,149824.05,18.954678,10.343231,8.540144,8.540147
1.796399e+25,0.8556816,0.08213821,310000.0,151467.39,149824.05,149824.05,18.954678,10.343396,8.540126,8.540148
1.796399e+25,0.8515415,0.085074164,310000.0,151467.33,149824.06,149824.06,18.954678,10.342947,8.540154,8.540148
1.796399e+25,0.8704143,0.08612268,310000.0,151467.42,149824.05,149824.03,18.954678,10.343611,8.540114,8.540147
1.796399e+25,0.8487038,0.08873958,310000.0,151467.36,149824.06,149824.08,18.954678,10.343685,8.5401535,8.540147
1.796399e+25,0.8561974,0.08915958,310000.0,151467.33,149824.05,149824.05,18.954678,10.343152,8.540166,8.540147
1.796399e+25,0.8525908,0.093190804,310000.0,151467.4,149824.05,149824.05,18.954678,10.343296,8.540139,8.540148
1.796399e+25,0.84596896,0.0807121,310000.0,151467.4,149824.06,149824.06,18.954678,10.343931,8.540138,8.540147
1.796399e+25,0.86794704,0.09337969,310000.0,151467.38,149824.08,149824.02,18.954678,10.343398,8.540156,8.540148
1.796399e+25,0.8496879,0.07136384,310000.0,151467.38,149824.05,149824.05,18.954678,10.34352,8.540133,8.540147
1.796399e+25,0.8500642,0.084511176,310000.0,151467.4,149824.06,149824.05,18.954678,10.343979,8.540139,8.540147
1.796399e+25,0.8668363,0.088458374,310000.0,151467.4,149824.06,149824.06,18.954678,10.34333,8.54015,8.540148
1.796399e+25,0.84622127,0.08890703,310000.0,151467.34,149824.05,149824.05,18.954678,10.343341,8.54016,8.540147
1.796399e+25,0.855022,0.07042364,310000.0,151467.38,149824.08,149824.05,18.954678,10.3432665,8.540125,8.540147
1.796399e+25,0.8545281,0.07230829,310000.0,151467.36,149824.08,149824.06,18.954678,10.343402,8.54014,8.540148
1.796399e+25,0.84654355,0.07159468,310000.0,151467.34,149824.06,149824.03,18.954678,10.343734,8.540147,8.540146
1.796399e+25,0.8553219,0.08818374,310000.0,151467.4,149824.05,149824.06,18.954678,10.343744,8.540132,8.540148
1.796399e+25,0.86454654,0.09125387,310000.0,151467.31,149824.06,149824.06,18.954678,10.343318,8.540159,8.540148
1.796399e+25,0.85120803,0.084675044,310000.0,151467.38,149824.05,149824.03,18.954678,10.343464,8.540165,8.540147
1.796399e+25,0.85448724,0.09246873,310000.0,151467.34,149824.06,149824.03,18.954678,10.34308,8.54014,8.540147
1.796399e+25,0.8467218,0.07821699,310000.0,151467.38,149824.05,149824.06,18.954678,10.343173,8.540131,8.540148
1.796399e+25,0.8529999,0.08638294,310000.0,151467.4,149824.05,149824.05,18.954678,10.343334,8.540141,8.540147
1.796399e+25,0.85706985,0.08862917,310000.0,151467.39,149824.05,149824.05,18.954678,10.343603,8.540152,8.540147
1.796399e+25,0.84891367,0.082886465,310000.0,151467.34,149824.05,149824.06,18.954678,10.3433695,8.540146,8.540147
1.796399e+25,0.8568345,0.08744067,310000.0,151467.38,149824.03,149824.05,18.954678,10.343029,8.540111,8.540147
1.796399e+25,0.860012,0.08454326,310000.0,151467.39,149824.06,149824.05,18.954678,10.343326,8.540132,8.540147
1.796399e+25,0.8543232,0.08358789,310000.0,151467.38,149824.05,149824.06,18.954678,10.343429,8.540151,8.540147
1.796399e+25,0.8567894,0.08852022,310000.0,151467.4,149824.06,149824.06,18.954678,10.343367,8.540137,8.540147
1.796399e+25,0.8617498,0.08881448,310000.0,151467.36,149824.05,149824.06,18.954678,10.343356,8.540126,8.540147
1.796399e+25,0.8639798,0.09442009,310000.0,151467.39,149824.03,149824.05,18.954678,10.343519,8.540138,8.540147
1.796399e+25,0.8545204,0.0880071,310000.0,151467.36,149824.06,149824.06,18.954678,10.343295,8.54015,8.540147
1.796399e+25,0.856974,0.0911661,310000.0,151467.4,149824.05,149824.06,18.954678,10.343215,8.540148,8.540147
1.796399e+25,0.8520378,0.08150944,310000.0,151467.45,149824.05,149824.05,18.954678,10.343651,8.540115,8.540148
1.796399e+25,0.8508638,0.075425774,310000.0,151467.39,149824.05,149824.05,18.954678,10.343224,8.540144,8.540148
1.796399e+25,0.8605011,0.09285244,310000.0,151467.33,149824.05,149824.05,18.954678,10.34304,8.540112,8.540147
1.796399e+25,0.85037065,0.0878638,310000.0,151467.34,149824.06,149824.06,18.954678,10.343386,8.54013,8.540147
1.796399e+25,0.85263115,0.08382976,310000.0,151467.36,149824.03,149824.06,18.954678,10.343362,8.540117,8.540147
1.796399e+25,0.8383122,0.07242193,310000.0,151467.38,149824.06,149824.06,18.954678,10.343036,8.540133,8.540148
1.796399e+25,0.85199684,0.08750338,310000.0,151467.42,149824.06,149824.06,18.954678,10.343737,8.540125,8.540148
1.796399e+25,0.8481312,0.085905336,310000.0,151467.39,149824.06,149824.06,18.954678,10.343523,8.540155,8.540148
1.796399e+25,0.84939265,0.07759947,310000.0,151467.39,149824.06,149824.03,18.954678,10.343546,8.540108,8.540148
1.796399e+25,0.8475346,0.08041211,310000.0,151467.39,149824.05,149824.05,18.954678,10.343217,8.540131,8.540148
1.796399e+25,0.85269624,0.07909558,310000.0,151467.36,149824.05,149824.06,18.954678,10.34354,8.54016,8.540147
1.796399e+25,0.8589391,0.09272506,310000.0,151467.38,149824.06,149824.06,18.954678,10.343498,8.540148,8.540147
1.796399e+25,0.8554769,0.08755848,310000.0,151467.34,149824.05,149824.06,18.954678,10.34316,8.540158,8.540148
1.796399e+25,0.86037266,0.092300236,310000.0,151467.4,149824.05,149824.06,18.954678,10.34345,8.540145,8.540148
1.796399e+25,0.847923,0.086735494,310000.0,151467.42,149824.06,149824.05,18.954678,10.343377,8.540132,8.540148
1.796399e+25,0.8572982,0.09057036,310000.0,151467.38,149824.05,149824.06,18.954678,10.343303,8.540137,8.540147
1.796399e+25,0.83880955,0.06595291,310000.0,151467.38,149824.06,149824.06,18.954678,10.343518,8.540138,8.540149
1.796399e+25,0.8614112,0.07944232,310000.0,151467.38,149824.05,149824.06,18.954678,10.3432865,8.540145,8.540147
1.796399e+25,0.8304705,0.08270278,310000.0,151467.42,149824.05,149824.06,18.954678,10.3433485,8.540153,8.540147
1.796399e+25,0.8478455,0.07857543,310000.0,151467.39,149824.05,149824.06,18.954678,10.343316,8.540143,8.540148
1.796399e+25,0.83530664,0.08238968,310000.0,151467.38,149824.05,149824.06,18.954678,10.343506,8.540153,8.5401535
1.796399e+25,0.8438227,0.08975994,310000.0,151467.38,149824.06,149824.06,18.954678,10.343256,8.540143,8.5401535
1.796399e+25,0.8460435,0.0854141,310000.0,151467.34,149824.05,149824.08,18.954678,10.343383,8.540163,8.5401535
1.796399e+25,0.8448255,0.08548164,310000.0,151467.3,149824.06,149824.05,18.954678,10.343182,8.540126,8.5401535
1.796399e+25,0.83126813,0.08289291,310000.0,151467.44,149824.06,149824.06,18.954678,10.343266,8.5401325,8.5401535
1.796399e+25,0.85318124,0.09222085,310000.0,151467.34,149824.03,149824.05,18.954678,10.3430395,8.540173,8.5401535
1.796399e+25,0.83601826,0.08072198,310000.0,151467.38,149824.06,149824.06,18.954678,10.343599,8.540133,8.540153
1.796399e+25,0.85639274,0.085662544,310000.0,151467.4,149824.05,149824.05,18.954678,10.343554,8.54015,8.5401535
1.796399e+25,0.84587514,0.08902757,310000.0,151467.39,149824.06,149824.05,18.954678,10.343268,8.540126,8.5401535
1.796399e+25,0.84765065,0.078404956,310000.0,151467.39,149824.05,149824.06,18.954678,10.343636,8.540144,8.5401535
1.796399e+25,0.86058533,0.0894396,310000.0,151467.38,149824.05,149824.06,18.954678,10.343483,8.540154,8.540153
1.796399e+25,0.8508561,0.07594606,310000.0,151467.4,149824.06,149824.06,18.954678,10.3434925,8.540136,8.540154
1.796399e+25,0.8656896,0.093552075,310000.0,151467.36,149824.05,149824.05,18.954678,10.343397,8.5401325,8.5401535
1.796399e+25,0.8661053,0.09178272,310000.0,151467.36,149824.05,149824.05,18.954678,10.3434925,8.54016,8.540153
1.796399e+25,0.86149424,0.07971701,310000.0,151467.4,149824.06,149824.08,18.954678,10.343784,8.540131,8.5401535
1.796399e+25,0.85375065,0.089823626,310000.0,151467.38,149824.06,149824.05,18.954678,10.343634,8.54012,8.5401535
1.796399e+25,0.8468408,0.07759534,310000.0,151467.44,149824.05,149824.05,18.954678,10.343614,8.540146,8.5401535
1.796399e+25,0.8338446,0.079515554,310000.0,151467.36,149824.08,149824.06,18.954678,10.343127,8.540132,8.540153
1.796399e+25,0.85246617,0.08435331,310000.0,151467.4,149824.05,149824.05,18.954678,10.3437805,8.540142,8.540153
1.796399e+25,0.8812943,0.09211436,310000.0,151467.36,149824.05,149824.05,18.954678,10.343473,8.540147,8.540153
1.796399e+25,0.86985,0.09146358,310000.0,151467.39,149824.03,149824.06,18.954678,10.343547,8.540157,8.5401535
1.796399e+25,0.8636956,0.0931375,310000.0,151467.34,149824.06,149824.06,18.954678,10.343722,8.540148,8.5401535
1.796399e+25,0.8611394,0.09404431,310000.0,151467.39,149824.05,149824.03,18.954678,10.343301,8.540148,8.540153
1.796399e+25,0.8459058,0.077457115,310000.0,151467.4,149824.05,149824.06,18.954678,10.343473,8.540147,8.5401535
1.796399e+25,0.8551008,0.0888563,310000.0,151467.38,149824.06,149824.05,18.954678,10.343316,8.540141,8.5401535
1.796399e+25,0.86404306,0.092587195,310000.0,151467.38,149824.05,149824.06,18.954678,10.3435755,8.540136,8.5401535
1.796399e+25,0.86066747,0.08186238,310000.0,151467.39,149824.03,149824.05,18.954678,10.343588,8.540137,8.5401535
1.796399e+25,0.86558014,0.09184906,310000.0,151467.36,149824.06,149824.05,18.954678,10.343369,8.540141,8.540153
1.796399e+25,0.8443259,0.08590302,310000.0,151467.34,149824.06,149824.06,18.954678,10.34324,8.540148,8.5401535
1.796399e+25,0.85593927,0.08649231,310000.0,151467.38,149824.05,149824.03,18.954678,10.343521,8.540143,8.5401535
1.796399e+25,0.854814,0.083277136,310000.0,151467.42,149824.05,149824.06,18.954678,10.34355,8.540149,8.540153
1.796399e+25,0.8628135,0.09734383,310000.0,151467.42,149824.05,149824.05,18.954678,10.343888,8.540131,8.5401535
1.796399e+25,0.85044086,0.08014181,310000.0,151467.47,149824.03,149824.03,18.954678,10.343632,8.54015,8.5401535
1.796399e+25,0.86353105,0.10313893,310000.0,151467.31,149824.03,149824.06,18.954678,10.343453,8.540155,8.5401535
1.796399e+25,0.8512919,0.08514048,310000.0,151467.4,149824.03,149824.05,18.954678,10.34356,8.540167,8.540153
1.796399e+25,0.8455392,0.0912614,310000.0,151467.45,149824.06,149824.06,18.954678,10.343647,8.540147,8.5401535
1.796399e+25,0.8608517,0.097227514,310000.0,151467.39,149824.05,149824.05,18.954678,10.3437805,8.540138,8.5401535
1.796399e+25,0.86082786,0.08821605,310000.0,151467.39,149824.05,149824.06,18.954678,10.343144,8.540128,8.540153
1.796399e+25,0.84799963,0.08142277,310000.0,151467.42,149824.06,149824.06,18.954678,10.343368,8.540168,8.540153
1.796399e+25,0.8668178,0.09203224,310000.0,151467.44,149824.05,149824.08,18.954678,10.34361,8.540127,8.5401535
1.796399e+25,0.8632043,0.08860168,310000.0,151467.44,149824.08,149824.06,18.954678,10.343568,8.54015,8.540153
1.796399e+25,0.86911654,0.091517136,310000.0,151467.38,149824.05,149824.05,18.954678,10.343187,8.540126,8.540153
1.796399e+25,0.8537638,0.079343125,310000.0,151467.42,149824.08,149824.06,18.954678,10.343843,8.540146,8.5401535
1.796399e+25,0.84310645,0.08000792,310000.0,151467.34,149824.06,149824.06,18.954678,10.343378,8.540151,8.540153
1.796399e+25,0.83950746,0.07349828,310000.0,151467.36,149824.05,149824.06,18.954678,10.343521,8.540141,8.5401535
1.796399e+25,0.86719584,0.097107455,310000.0,151467.39,149824.06,149824.05,18.954678,10.343427,8.540146,8.5401535
1.796399e+25,0.85238886,0.08121603,310000.0,151467.34,149824.05,149824.05,18.954678,10.343217,8.540142,8.5401535
1.796399e+25,0.83410984,0.08410264,310000.0,151467.34,149824.05,149824.05,18.954678,10.343176,8.540143,8.5401535
1.796399e+25,0.84927404,0.08133889,310000.0,151467.38,149824.06,149824.06,18.954678,10.3434,8.54014,8.5401535
1.796399e+25,0.8484394,0.08373541,310000.0,151467.36,149824.06,149824.08,18.954678,10.34301,8.540135,8.5401535
1.796399e+25,0.8541206,0.07112505,310000.0,151467.31,149824.06,149824.08,18.954678,10.343325,8.540137,8.540153
1.796399e+25,0.8659469,0.08092954,310000.0,151467.34,149824.03,149824.05,18.954678,10.343271,8.540135,8.540153
1.796399e+25,0.88191825,0.1011599,310000.0,151467.39,149824.06,149824.08,18.954678,10.343465,8.540163,8.5401535
1.796399e+25,0.8433011,0.08561846,310000.0,151467.38,149824.06,149824.06,18.954678,10.34339,8.540151,8.540153
1.796399e+25,0.8511673,0.08748406,310000.0,151467.34,149824.06,149824.05,18.954678,10.343072,8.54014,8.5401535
1.796399e+25,0.8570649,0.09195653,310000.0,151467.42,149824.06,149824.05,18.954678,10.343578,8.540116,8.5401535
1.796399e+25,0.86603135,0.09103193,310000.0,151467.39,149824.03,149824.06,18.954678,10.343363,8.540164,8.5401535
1.796399e+25,0.86612,0.086531475,310000.0,151467.33,149824.06,149824.08,18.954678,10.343257,8.540149,8.540153
1.796399e+25,0.86127406,0.07630325,310000.0,151467.38,149824.05,149824.05,18.954678,10.343276,8.540141,8.540153
1.796399e+25,0.8492614,0.07690058,310000.0,151467.42,149824.05,149824.06,18.954678,10.343499,8.540124,8.5401535
1.796399e+25,0.84602684,0.08946978,310000.0,151467.4,149824.05,149824.06,18.954678,10.34348,8.540113,8.5401535
1.796399e+25,0.83871853,0.06857649,310000.0,151467.39,149824.03,149824.06,18.954678,10.343277,8.540142,8.540153
1.796399e+25,0.8641132,0.09205658,310000.0,151467.38,149824.05,149824.08,18.954678,10.343346,8.540136,8.540153
1.796399e+25,0.8684147,0.09204436,310000.0,151467.39,149824.05,149824.05,18.954678,10.343344,8.540082,8.540152
1.796399e+25,0.8372959,0.0750189,310000.0,151467.33,149824.05,149824.05,18.954678,10.342918,8.540139,8.5401535
1.796399e+25,0.8567981,0.09173685,310000.0,151467.39,149824.06,149824.06,18.954678,10.343286,8.540149,8.540153
1.796399e+25,0.85469294,0.08675046,310000.0,151467.4,149824.06,149824.05,18.954678,10.343702,8.540099,8.540153
1.796399e+25,0.8544843,0.09012306,310000.0,151467.36,149824.06,149824.05,18.954678,10.342928,8.540161,8.540153
1.796399e+25,0.843002,0.0735035,310000.0,151467.4,149824.06,149824.06,18.954678,10.343714,8.540135,8.5401535
1.796399e+25,0.8560074,0.080302864,310000.0,151467.39,149824.03,149824.05,18.954678,10.343427,8.540166,8.5401535
1.796399e+25,0.8568195,0.08202953,310000.0,151467.39,149824.06,149824.05,18.954678,10.343508,8.540158,8.540153
1.796399e+25,0.8542895,0.08569759,310000.0,151467.44,149824.05,149824.06,18.954678,10.343469,8.5401325,8.5401535
1.796399e+25,0.87194955,0.095910594,310000.0,151467.33,149824.05,149824.05,18.954678,10.343364,8.540144,8.540153
1.796399e+25,0.8699191,0.09090073,310000.0,151467.38,149824.03,149824.05,18.954678,10.343224,8.540114,8.5401535
1.796399e+25,0.8662865,0.08809847,310000.0,151467.39,149824.08,149824.06,18.954678,10.3433,8.540154,8.540153
1.796399e+25,0.8497418,0.08237926,310000.0,151467.36,149824.03,149824.05,18.954678,10.343413,8.540153,8.5401535
1.796399e+25,0.84923214,0.08219255,310000.0,151467.36,149824.05,149824.05,18.954678,10.343411,8.540115,8.540153
1.796399e+25,0.8777422,0.09195633,310000.0,151467.39,149824.06,149824.05,18.954678,10.343245,8.540127,8.5401535
1.796399e+25,0.8534083,0.08488573,310000.0,151467.34,149824.06,149824.05,18.954678,10.343211,8.540164,8.540153
1.796399e+25,0.8569699,0.08429655,310000.0,151467.42,149824.06,149824.08,18.954678,10.343492,8.54014,8.5401535
1.796399e+25,0.8632419,0.08969456,310000.0,151467.36,149824.06,149824.06,18.954678,10.343388,8.540154,8.540154
1.796399e+25,0.85724634,0.082120284,310000.0,151467.31,149824.08,149824.06,18.954678,10.342938,8.540136,8.540153
1.796399e+25,0.8475994,0.090873994,310000.0,151467.36,149824.06,149824.05,18.954678,10.3435135,8.540153,8.5401535
1.796399e+25,0.8711676,0.09314921,310000.0,151467.4,149824.06,149824.06,18.954678,10.343478,8.540104,8.540153
1.796399e+25,0.825319,0.08404801,310000.0,151467.36,149824.05,149824.05,18.954678,10.343266,8.540128,8.540153
1.796399e+25,0.853103,0.082157746,310000.0,151467.39,149824.05,149824.05,18.954678,10.343325,8.540139,8.540153
1.796399e+25,0.858656,0.081742436,310000.0,151467.39,149824.06,149824.05,18.954678,10.343143,8.540137,8.540153
1.796399e+25,0.8578939,0.08902156,310000.0,151467.34,149824.06,149824.06,18.954678,10.34323,8.540156,8.540154
1.796399e+25,0.8556339,0.09131513,310000.0,151467.36,149824.06,149824.06,18.954678,10.343326,8.540161,8.5401535
1.796399e+25,0.8549125,0.08124202,310000.0,151467.36,149824.05,149824.06,18.954678,10.343406,8.540159,8.540153
1.796399e+25,0.8569406,0.088360466,310000.0,151467.39,149824.05,149824.06,18.954678,10.343453,8.540132,8.5401535
1.796399e+25,0.87195045,0.091271475,310000.0,151467.36,149824.05,149824.03,18.954678,10.34312,8.540151,8.540153
1.796399e+25,0.8690066,0.09192783,310000.0,151467.4,149824.06,149824.06,18.954678,10.343427,8.54016,8.5401535
1.796399e+25,0.8486561,0.08850977,310000.0,151467.31,149824.06,149824.08,18.954678,10.343297,8.540147,8.540155
1.796399e+25,0.8375776,0.08181019,310000.0,151467.38,149824.06,149824.05,18.954678,10.343248,8.540133,8.5401535
1.796399e+25,0.8594547,0.091898866,310000.0,151467.38,149824.05,149824.06,18.954678,10.343464,8.540143,8.540155
1.796399e+25,0.8394742,0.071404666,310000.0,151467.34,149824.06,149824.05,18.954678,10.343189,8.540119,8.5401535
1.796399e+25,0.84613425,0.0897521,310000.0,151467.3,149824.05,149824.06,18.954678,10.343118,8.540142,8.540154
1.796399e+25,0.86749434,0.10267257,310000.0,151467.42,149824.06,149824.05,18.954678,10.3433895,8.54014,8.5401535
1.796399e+25,0.84432656,0.08424057,310000.0,151467.4,149824.06,149824.06,18.954678,10.343454,8.540144,8.540155
1.796399e+25,0.8533408,0.078043506,310000.0,151467.33,149824.06,149824.05,18.954678,10.34325,8.540133,8.540154
1.796399e+25,0.8563394,0.10076415,310000.0,151467.39,149824.05,149824.05,18.954678,10.343425,8.540129,8.540154
1.796399e+25,0.8470991,0.086173564,310000.0,151467.36,149824.05,149824.05,18.954678,10.343518,8.540163,8.540154
1.796399e+25,0.88469654,0.11592722,310000.0,151467.38,149824.06,149824.06,18.954678,10.343255,8.540131,8.540154
1.796399e+25,0.8574465,0.08828015,310000.0,151467.38,149824.06,149824.03,18.954678,10.343456,8.540158,8.5401535
1.796399e+25,0.8500378,0.0834183,310000.0,151467.4,149824.05,149824.06,18.954678,10.343787,8.540134,8.5401535
1.796399e+25,0.84779274,0.08323382,310000.0,151467.4,149824.06,149824.05,18.954678,10.3434925,8.540145,8.5401535
1.796399e+25,0.8490734,0.07663769,310000.0,151467.44,149824.06,149824.05,18.954678,10.343593,8.540146,8.5401535
1.796399e+25,0.85164016,0.079319715,310000.0,151467.34,149824.05,149824.05,18.954678,10.343654,8.540134,8.5401535
1.796399e+25,0.8583831,0.0881027,310000.0,151467.34,149824.05,149824.06,18.954678,10.343069,8.54015,8.540154
1.796399e+25,0.84905934,0.07968909,310000.0,151467.39,149824.05,149824.06,18.954678,10.343708,8.540139,8.540154
1.796399e+25,0.8648441,0.09182286,310000.0,151467.39,149824.03,149824.06,18.954678,10.343484,8.54014,8.540154
1.796399e+25,0.8563642,0.083355516,310000.0,151467.39,149824.05,149824.06,18.954678,10.343366,8.540151,8.5401535
1.796399e+25,0.8498218,0.08362926,310000.0,151467.4,149824.06,149824.06,18.954678,10.343403,8.540134,8.5401535
1.796399e+25,0.8640191,0.09193203,310000.0,151467.33,149824.05,149824.05,18.954678,10.343351,8.540131,8.540154
1.796399e+25,0.85277843,0.08556375,310000.0,151467.38,149824.05,149824.05,18.954678,10.343703,8.540146,8.5401535
1.796399e+25,0.8491067,0.08378313,310000.0,151467.36,149824.03,149824.06,18.954678,10.343238,8.540156,8.5401535
1.796399e+25,0.84338826,0.08628886,310000.0,151467.42,149824.05,149824.08,18.954678,10.3433485,8.540143,8.540154
1.796399e+25,0.84526426,0.068689525,310000.0,151467.42,149824.06,149824.05,18.954678,10.3436365,8.540145,8.5401535
1.796399e+25,0.8546357,0.08654075,310000.0,151467.42,149824.05,149824.06,18.954678,10.3434725,8.5401325,8.540154
1.796399e+25,0.8375441,0.077397615,310000.0,151467.38,149824.05,149824.05,18.954678,10.343263,8.54015,8.5401535
1.796399e+25,0.8335371,0.06916678,310000.0,151467.42,149824.06,149824.05,18.954678,10.343606,8.540134,8.540154
1.796399e+25,0.84572285,0.07403096,310000.0,151467.39,149824.06,149824.06,18.954678,10.343265,8.540143,8.540154
1.796399e+25,0.8630595,0.0970652,310000.0,151467.36,149824.05,149824.06,18.954678,10.343207,8.54014,8.540154
1.796399e+25,0.8500619,0.08455169,310000.0,151467.45,149824.03,149824.06,18.954678,10.343365,8.540126,8.5401535
1.796399e+25,0.8717999,0.0792653,310000.0,151467.38,149824.05,149824.05,18.954678,10.343239,8.540138,8.5401535
1.796399e+25,0.845463,0.08118513,310000.0,151467.38,149824.05,149824.05,18.954678,10.343612,8.540155,8.5401535
1.796399e+25,0.87074804,0.083951265,310000.0,151467.42,149824.08,149824.06,18.954678,10.343689,8.540133,8.5401535
1.796399e+25,0.87999254,0.090215944,310000.0,151467.34,149824.05,149824.06,18.954678,10.343162,8.540157,8.540154
1.796399e+25,0.876418,0.09380346,310000.0,151467.34,149824.08,149824.05,18.954678,10.343149,8.540141,8.540154
1.796399e+25,0.8879001,0.09726706,310000.0,151467.36,149824.05,149824.03,18.954678,10.343376,8.540146,8.540154
1.796399e+25,0.87126404,0.096139364,310000.0,151467.42,149824.05,149824.06,18.954678,10.343371,8.540152,8.5401535
1.796399e+25,0.8607074,0.084710374,310000.0,151467.44,149824.03,149824.05,18.954678,10.344034,8.540137,8.540154
1.796399e+25,0.8532179,0.0838463,310000.0,151467.39,149824.06,149824.06,18.954678,10.343281,8.540165,8.540154
1.796399e+25,0.8664214,0.09295462,310000.0,151467.42,149824.05,149824.05,18.954678,10.343506,8.540143,8.5401535
1.796399e+25,0.8634817,0.09199866,310000.0,151467.36,149824.05,149824.06,18.954678,10.343219,8.540127,8.540154
1.796399e+25,0.8566852,0.08594298,310000.0,151467.38,149824.05,149824.06,18.954678,10.343496,8.540134,8.540155
1.796399e+25,0.86440957,0.09452276,310000.0,151467.38,149824.06,149824.05,18.954678,10.343783,8.540118,8.540153
1.796399e+25,0.8578406,0.08007028,310000.0,151467.44,149824.08,149824.05,18.954678,10.3438635,8.540154,8.540154
1.796399e+25,0.84795517,0.087164596,310000.0,151467.4,149824.05,149824.06,18.954678,10.343668,8.540164,8.540154
1.796399e+25,0.8606989,0.07673549,310000.0,151467.39,149824.06,149824.06,18.954678,10.343755,8.540127,8.540154
1.796399e+25,0.8501834,0.087184995,310000.0,151467.38,149824.03,149824.05,18.954678,10.343177,8.540156,8.5401535
1.796399e+25,0.8605212,0.08501476,310000.0,151467.39,149824.06,149824.06,18.954678,10.34342,8.540122,8.540154
1.796399e+25,0.8633748,0.087426126,310000.0,151467.34,149824.05,149824.06,18.954678,10.343202,8.540138,8.540154
1.796399e+25,0.8663285,0.08731707,310000.0,151467.38,149824.05,149824.05,18.954678,10.343424,8.540133,8.540153
1.796399e+25,0.86233693,0.087855905,310000.0,151467.38,149824.05,149824.05,18.954678,10.343194,8.540129,8.5401535
1.796399e+25,0.84769946,0.08658567,310000.0,151467.39,149824.08,149824.05,18.954678,10.343452,8.540114,8.5401535
1.796399e+25,0.853158,0.08305096,310000.0,151467.36,149824.05,149824.05,18.954678,10.343178,8.540139,8.540153
1.796399e+25,0.8528191,0.09312235,310000.0,151467.42,149824.03,149824.05,18.954678,10.3434105,8.540129,8.540154
1.796399e+25,0.865589,0.08874649,310000.0,151467.36,149824.06,149824.05,18.954678,10.343283,8.54014,8.540154
1.796399e+25,0.84679693,0.06987595,310000.0,151467.44,149824.06,149824.06,18.954678,10.343431,8.540141,8.5401535
1.796399e+25,0.8616481,0.085748516,310000.0,151467.42,149824.05,149824.05,18.954678,10.343574,8.540135,8.5401535
1.796399e+25,0.85528785,0.08578883,310000.0,151467.42,149824.08,149824.05,18.954678,10.343859,8.540128,8.5401535
1.796399e+25,0.8562567,0.09025937,310000.0,151467.31,149824.05,149824.05,18.954678,10.343206,8.540117,8.540153
1.796399e+25,0.85601,0.09027151,310000.0,151467.4,149824.03,149824.06,18.954678,10.343587,8.540153,8.540153
1.796399e+25,0.8664744,0.09766896,310000.0,151467.4,149824.03,149824.05,18.954678,10.343555,8.540161,8.5401535
1.796399e+25,0.8613099,0.09439397,310000.0,151467.38,149824.06,149824.06,18.954678,10.343593,8.540151,8.540154
1.796399e+25,0.8526018,0.08615323,310000.0,151467.39,149824.08,149824.06,18.954678,10.343352,8.540157,8.5401535
1.796399e+25,0.8647637,0.09013438,310000.0,151467.33,149824.06,149824.1,18.954678,10.343179,8.540124,8.540154
1.796399e+25,0.8635468,0.094719745,310000.0,151467.38,149824.06,149824.03,18.954678,10.343225,8.540132,8.5401535
1.796399e+25,0.85095793,0.08497779,310000.0,151467.38,149824.06,149824.05,18.954678,10.34334,8.540134,8.5401535
1.796399e+25,0.8546735,0.079675645,310000.0,151467.4,149824.02,149824.06,18.954678,10.343495,8.540149,8.5401535
1.796399e+25,0.85503334,0.08863264,310000.0,151467.42,149824.03,149824.05,18.954678,10.343603,8.540158,8.5401535
1.796399e+25,0.83688104,0.07394076,310000.0,151467.38,149824.03,149824.08,18.954678,10.343463,8.540137,8.540153
1.796399e+25,0.85381895,0.086075656,310000.0,151467.39,149824.06,149824.05,18.954678,10.343238,8.540158,8.540154
1.796399e+25,0.85834605,0.082782336,310000.0,151467.36,149824.05,149824.06,18.954678,10.343334,8.540122,8.540154
1.796399e+25,0.84711426,0.0840589,310000.0,151467.42,149824.06,149824.05,18.954678,10.343806,8.540142,8.5401535
1.796399e+25,0.8363715,0.072097525,310000.0,151467.39,149824.06,149824.06,18.954678,10.343635,8.540142,8.540154
1.796399e+25,0.8358667,0.078742795,310000.0,151467.4,149824.05,149824.05,18.954678,10.343783,8.540123,8.540154
1.796399e+25,0.8527716,0.08270215,310000.0,151467.39,149824.05,149824.05,18.954678,10.343419,8.540145,8.5401535
1.796399e+25,0.84732664,0.088351674,310000.0,151467.33,149824.03,149824.06,18.954678,10.343373,8.540156,8.540153
1.796399e+25,0.8509483,0.08082579,310000.0,151467.31,149824.05,149824.05,18.954678,10.343507,8.540141,8.540154
1.796399e+25,0.8659176,0.0881652,310000.0,151467.4,149824.03,149824.05,18.954678,10.343701,8.540133,8.540154
1.796399e+25,0.8305585,0.07367361,310000.0,151467.38,149824.05,149824.05,18.954678,10.343481,8.540148,8.5401535
1.796399e+25,0.8514519,0.08713473,310000.0,151467.38,149824.06,149824.06,18.954678,10.343173,8.540156,8.5401535
1.796399e+25,0.8464108,0.07841352,310000.0,151467.39,149824.05,149824.06,18.954678,10.343624,8.540139,8.5401535
1.796399e+25,0.8623259,0.07806166,310000.0,151467.44,149824.05,149824.06,18.954678,10.343717,8.540146,8.5401535
1.796399e+25,0.87022,0.09094377,310000.0,151467.36,149824.06,149824.06,18.954678,10.343453,8.540138,8.5401535
1.796399e+25,0.86627626,0.086716995,310000.0,151467.45,149824.06,149824.05,18.954678,10.343445,8.540107,8.540154
1.796399e+25,0.85663515,0.08782373,310000.0,151467.4,149824.03,149824.05,18.954678,10.343801,8.540139,8.5401535
1.796399e+25,0.87033296,0.0878275,310000.0,151467.34,149824.05,149824.05,18.954678,10.343221,8.540134,8.5401535
1.796399e+25,0.85026383,0.08482161,310000.0,151467.4,149824.06,149824.06,18.954678,10.343391,8.54015,8.540155
1.796399e+25,0.8425279,0.067816354,310000.0,151467.36,149824.06,149824.05,18.954678,10.343155,8.540141,8.5401535
1.796399e+25,0.8518312,0.07642899,310000.0,151467.36,149824.05,149824.06,18.954678,10.343253,8.540152,8.540154
1.796399e+25,0.858146,0.08217194,310000.0,151467.38,149824.03,149824.06,18.954678,10.343578,8.540137,8.540154
1.796399e+25,0.854405,0.07600167,310000.0,151467.38,149824.05,149824.08,18.954678,10.343304,8.54014,8.540154
1.796399e+25,0.8648602,0.07798288,310000.0,151467.4,149824.06,149824.06,18.954678,10.343436,8.540147,8.5401535
1.796399e+25,0.8350355,0.073666126,310000.0,151467.36,149824.06,149824.06,18.954678,10.34326,8.540146,8.540154
1.796399e+25,0.84870607,0.073195785,310000.0,151467.36,149824.06,149824.06,18.954678,10.343253,8.540141,8.540154
1.796399e+25,0.8576964,0.08531368,310000.0,151467.39,149824.05,149824.06,18.954678,10.343311,8.54012,8.540154
1.796399e+25,0.8604744,0.09254537,310000.0,151467.44,149824.05,149824.05,18.954678,10.3436575,8.540136,8.540147
1.796399e+25,0.84663576,0.083245866,310000.0,151467.34,149824.08,149824.05,18.954678,10.343328,8.540153,8.540146
1.796399e+25,0.83576757,0.06764195,310000.0,151467.36,149824.06,149824.05,18.954678,10.34307,8.54013,8.540147
1.796399e+25,0.84697556,0.081132695,310000.0,151467.4,149824.06,149824.05,18.954678,10.343255,8.540152,8.540146
1.796399e+25,0.8537143,0.082533434,310000.0,151467.34,149824.06,149824.06,18.954678,10.343103,8.540141,8.540146
1.796399e+25,0.8487911,0.082714945,310000.0,151467.42,149824.08,149824.05,18.954678,10.343781,8.540121,8.540146
1.796399e+25,0.8534912,0.0829125,310000.0,151467.39,149824.05,149824.05,18.954678,10.3430805,8.540131,8.540146
1.796399e+25,0.8570919,0.08797692,310000.0,151467.34,149824.06,149824.06,18.954678,10.343371,8.540155,8.540146
1.796399e+25,0.89134985,0.12762675,310000.0,151467.44,149824.05,149824.05,18.954678,10.343326,8.540131,8.540146
1.796399e+25,0.8424906,0.08010172,310000.0,151467.36,149824.05,149824.05,18.954678,10.343594,8.540141,8.540147
1.796399e+25,0.8425176,0.075886235,310000.0,151467.36,149824.05,149824.06,18.954678,10.34352,8.54014,8.540147
1.796399e+25,0.84921193,0.06588488,310000.0,151467.38,149824.05,149824.06,18.954678,10.3434515,8.540142,8.540147
1.796399e+25,0.8656408,0.08830404,310000.0,151467.38,149824.05,149824.06,18.954678,10.3433075,8.540151,8.540147
1.796399e+25,0.85635924,0.08489203,310000.0,151467.39,149824.06,149824.05,18.954678,10.343442,8.540129,8.540146
1.796399e+25,0.8587315,0.08478177,310000.0,151467.36,149824.03,149824.06,18.954678,10.343253,8.54015,8.540147
1.796399e+25,0.8568652,0.07975961,310000.0,151467.45,149824.03,149824.06,18.954678,10.343567,8.540136,8.540147
1.796399e+25,0.85381776,0.08547788,310000.0,151467.42,149824.03,149824.05,18.954678,10.343256,8.540124,8.540147
1.796399e+25,0.84950626,0.09007042,310000.0,151467.36,149824.05,149824.05,18.954678,10.343615,8.540145,8.540146
1.796399e+25,0.8367715,0.0672207,310000.0,151467.39,149824.06,149824.08,18.954678,10.343409,8.540139,8.540147
1.796399e+25,0.85384196,0.08543839,310000.0,151467.36,149824.03,149824.08,18.954678,10.3431425,8.54015,8.540147
1.796399e+25,0.87664217,0.10762998,310000.0,151467.36,149824.05,149824.08,18.954678,10.343393,8.540137,8.540147
1.796399e+25,0.86515725,0.084997274,310000.0,151467.4,149824.05,149824.08,18.954678,10.34318,8.540153,8.540147
1.796399e+25,0.88494605,0.12390165,310000.0,151467.38,149824.05,149824.05,18.954678,10.343397,8.54015,8.540147
1.796399e+25,0.85350245,0.08787098,310000.0,151467.34,149824.05,149824.06,18.954678,10.343238,8.540133,8.540148
1.796399e+25,0.85164475,0.08568744,310000.0,151467.4,149824.05,149824.06,18.954678,10.343096,8.54012,8.540147
1.796399e+25,0.8689674,0.09616355,310000.0,151467.38,149824.05,149824.05,18.954678,10.343277,8.540127,8.540147
1.796399e+25,0.87443924,0.09721882,310000.0,151467.33,149824.05,149824.06,18.954678,10.343315,8.540115,8.540147
1.796399e+25,0.8579252,0.07628586,310000.0,151467.36,149824.06,149824.05,18.954678,10.343393,8.540153,8.540146
1.796399e+25,0.8784546,0.09855187,310000.0,151467.34,149824.06,149824.06,18.954678,10.343224,8.540161,8.540146
1.796399e+25,0.87343687,0.09227979,310000.0,151467.36,149824.06,149824.05,18.954678,10.343234,8.540156,8.540147
1.796399e+25,0.8543433,0.087148435,310000.0,151467.45,149824.05,149824.06,18.954678,10.343615,8.540153,8.540146
1.796399e+25,0.8423917,0.06598321,310000.0,151467.39,149824.06,149824.06,18.954678,10.343473,8.540141,8.540147
1.796399e+25,0.85227984,0.081977084,310000.0,151467.33,149824.06,149824.05,18.954678,10.343517,8.540146,8.540146
1.796399e+25,0.8461495,0.08613901,310000.0,151467.34,149824.05,149824.05,18.954678,10.343392,8.540126,8.540146
1.796399e+25,0.8544222,0.08838513,310000.0,151467.39,149824.05,149824.06,18.954678,10.3432045,8.5401325,8.540146
1.796399e+25,0.85811573,0.088002,310000.0,151467.4,149824.06,149824.06,18.954678,10.343369,8.5401535,8.540146
1.796399e+25,0.8622513,0.086317,310000.0,151467.34,149824.05,149824.06,18.954678,10.343096,8.540134,8.540147
1.796399e+25,0.8485743,0.085193306,310000.0,151467.4,149824.05,149824.05,18.954678,10.343616,8.540133,8.540146
1.796399e+25,0.8534665,0.07071304,310000.0,151467.4,149824.06,149824.05,18.954678,10.343308,8.540134,8.540146
1.796399e+25,0.85462976,0.08339359,310000.0,151467.4,149824.05,149824.06,18.954678,10.343522,8.540136,8.540146
1.796399e+25,0.8502785,0.085777245,310000.0,151467.39,149824.05,149824.05,18.954678,10.343863,8.540141,8.540146
1.796399e+25,0.837748,0.06784477,310000.0,151467.39,149824.05,149824.05,18.954678,10.343842,8.540153,8.540147
1.796399e+25,0.85947204,0.08570463,310000.0,151467.36,149824.05,149824.06,18.954678,10.343201,8.540161,8.540147
1.796399e+25,0.85335374,0.07471374,310000.0,151467.34,149824.06,149824.05,18.954678,10.343306,8.540139,8.540146
1.796399e+25,0.85061723,0.07992122,310000.0,151467.34,149824.03,149824.06,18.954678,10.342938,8.540159,8.540146
1.796399e+25,0.8592372,0.09150464,310000.0,151467.38,149824.06,149824.06,18.954678,10.343728,8.540131,8.540146
1.796399e+25,0.8729895,0.09755414,310000.0,151467.4,149824.05,149824.05,18.954678,10.343214,8.540156,8.540146
1.796399e+25,0.86227506,0.098068014,310000.0,151467.39,149824.05,149824.05,18.954678,10.343476,8.540134,8.540147
1.796399e+25,0.8553854,0.0815229,310000.0,151467.31,149824.06,149824.06,18.954678,10.343003,8.540154,8.540146
1.796399e+25,0.8555967,0.07706013,310000.0,151467.4,149824.05,149824.06,18.954678,10.343522,8.540135,8.540147
1.796399e+25,0.866884,0.10117072,310000.0,151467.39,149824.03,149824.06,18.954678,10.343428,8.5400915,8.540147
1.796399e+25,0.8642976,0.092125684,310000.0,151467.39,149824.06,149824.05,18.954678,10.343337,8.540156,8.540147
1.796399e+25,0.8472996,0.080068104,310000.0,151467.4,149824.05,149824.05,18.954678,10.343533,8.540138,8.540146
1.796399e+25,0.86829835,0.09301832,310000.0,151467.36,149824.05,149824.06,18.954678,10.343162,8.540154,8.540147
1.796399e+25,0.86033463,0.092731096,310000.0,151467.38,149824.05,149824.05,18.954678,10.34356,8.540156,8.540146
1.796399e+25,0.8437608,0.08244135,310000.0,151467.4,149824.06,149824.05,18.954678,10.343537,8.54014,8.540146
1.796399e+25,0.8606641,0.087857306,310000.0,151467.36,149824.05,149824.05,18.954678,10.343523,8.54015,8.540147
1.796399e+25,0.86195844,0.09257388,310000.0,151467.39,149824.06,149824.05,18.954678,10.343287,8.5401535,8.540147
1.796399e+25,0.8645818,0.080003664,310000.0,151467.38,149824.05,149824.05,18.954678,10.34354,8.540134,8.540146
1.796399e+25,0.8521427,0.08745702,310000.0,151467.44,149824.05,149824.05,18.954678,10.34328,8.540142,8.540146
1.796399e+25,0.8502038,0.08016792,310000.0,151467.36,149824.06,149824.05,18.954678,10.34378,8.540127,8.540147
1.796399e+25,0.85702133,0.096657045,310000.0,151467.39,149824.03,149824.08,18.954678,10.343769,8.540156,8.540146
1.796399e+25,0.84886384,0.09031435,310000.0,151467.4,149824.05,149824.05,18.954678,10.343396,8.540158,8.540147
1.796399e+25,0.84626853,0.07793216,310000.0,151467.34,149824.06,149824.05,18.954678,10.343226,8.540131,8.540145
1.796399e+25,0.85233074,0.08331533,310000.0,151467.38,149824.03,149824.03,18.954678,10.343282,8.540135,8.540146
1.796399e+25,0.8591747,0.08473941,310000.0,151467.36,149824.06,149824.05,18.954678,10.343473,8.540148,8.540146
1.796399e+25,0.8493493,0.08146783,310000.0,151467.39,149824.05,149824.08,18.954678,10.343543,8.540141,8.540146
1.796399e+25,0.8709831,0.09731684,310000.0,151467.34,149824.06,149824.05,18.954678,10.343148,8.540138,8.540147
1.796399e+25,0.8743341,0.096384235,310000.0,151467.38,149824.05,149824.03,18.954678,10.343188,8.540144,8.540146
1.796399e+25,0.8545652,0.07864479,310000.0,151467.39,149824.06,149824.05,18.954678,10.34344,8.540145,8.540146
1.796399e+25,0.85880274,0.09265184,310000.0,151467.44,149824.06,149824.05,18.954678,10.343762,8.540129,8.540146
1.796399e+25,0.8582375,0.09119449,310000.0,151467.44,149824.06,149824.06,18.954678,10.343581,8.540155,8.540146
1.796399e+25,0.85951406,0.092398606,310000.0,151467.38,149824.05,149824.03,18.954678,10.343074,8.540148,8.540147
1.796399e+25,0.84933335,0.07697773,310000.0,151467.39,149824.06,149824.06,18.954678,10.343395,8.540134,8.540146
1.796399e+25,0.86027336,0.09229693,310000.0,151467.39,149824.06,149824.05,18.954678,10.343187,8.540143,8.540147
1.796399e+25,0.8704968,0.094704546,310000.0,151467.38,149824.05,149824.05,18.954678,10.34365,8.540149,8.540146
1.796399e+25,0.86607975,0.097639285,310000.0,151467.42,149824.05,149824.06,18.954678,10.343537,8.540142,8.540146
1.796399e+25,0.87723005,0.09679661,310000.0,151467.38,149824.06,149824.06,18.954678,10.343498,8.540141,8.540146
1.796399e+25,0.8566312,0.084246375,310000.0,151467.38,149824.06,149824.06,18.954678,10.343564,8.540142,8.540147
1.796399e+25,0.86197406,0.08971489,310000.0,151467.4,149824.06,149824.06,18.954678,10.343256,8.540156,8.540146
1.796399e+25,0.86689204,0.0867057,310000.0,151467.4,149824.05,149824.05,18.954678,10.34359,8.540131,8.540147
1.796399e+25,0.8640405,0.08295664,310000.0,151467.4,149824.06,149824.06,18.954678,10.343832,8.5401325,8.540146
1.796399e+25,0.86223847,0.09570761,310000.0,151467.39,149824.05,149824.06,18.954678,10.343329,8.540141,8.540147
1.796399e+25,0.86238307,0.0935599,310000.0,151467.34,149824.06,149824.05,18.954678,10.343423,8.5401125,8.540147
1.796399e+25,0.86396784,0.09909731,310000.0,151467.36,149824.03,149824.05,18.954678,10.343438,8.54014,8.540147
1.796399e+25,0.86738753,0.09346756,310000.0,151467.38,149824.03,149824.06,18.954678,10.343266,8.540147,8.540147
1.796399e+25,0.86514086,0.09337135,310000.0,151467.34,149824.06,149824.05,18.954678,10.343334,8.540142,8.540147
1.796399e+25,0.86844814,0.09690167,310000.0,151467.38,149824.08,149824.05,18.954678,10.343187,8.540112,8.540146
1.796399e+25,0.8475398,0.08311896,310000.0,151467.39,149824.05,149824.06,18.954678,10.343422,8.540131,8.540146
1.796399e+25,0.8622798,0.09190134,310000.0,151467.36,149824.05,149824.05,18.954678,10.343352,8.540164,8.540146
1.796399e+25,0.8726635,0.09886362,310000.0,151467.39,149824.05,149824.06,18.954678,10.343577,8.540123,8.540146
1.796399e+25,0.8608588,0.08756602,310000.0,151467.38,149824.06,149824.05,18.954678,10.343364,8.540151,8.540146
1.796399e+25,0.8643852,0.09652589,310000.0,151467.42,149824.05,149824.05,18.954678,10.343458,8.540146,8.540147
1.796399e+25,0.8600939,0.09302814,310000.0,151467.34,149824.03,149824.03,18.954678,10.343371,8.54012,8.540147
1.796399e+25,0.8629196,0.089840055,310000.0,151467.39,149824.06,149824.05,18.954678,10.343371,8.540147,8.540147
1.796399e+25,0.86577415,0.09328878,310000.0,151467.36,149824.03,149824.05,18.954678,10.343491,8.540117,8.540146
1.796399e+25,0.8514211,0.08883427,310000.0,151467.34,149824.03,149824.05,18.954678,10.343138,8.540155,8.540147
1.796399e+25,0.85953027,0.096512,310000.0,151467.39,149824.06,149824.06,18.954678,10.34311,8.540144,8.540146
1.796399e+25,0.8645569,0.09269558,310000.0,151467.39,149824.05,149824.06,18.954678,10.343282,8.540132,8.540147
1.796399e+25,0.8518994,0.083467685,310000.0,151467.38,149824.06,149824.05,18.954678,10.343408,8.54015,8.540146
1.796399e+25,0.87177306,0.09690135,310000.0,151467.31,149824.06,149824.05,18.954678,10.343371,8.540141,8.540148
1.796399e+25,0.8589462,0.086453915,310000.0,151467.38,149824.05,149824.05,18.954678,10.34325,8.54015,8.540147
1.796399e+25,0.8570103,0.0937225,310000.0,151467.39,149824.08,149824.06,18.954678,10.343387,8.540133,8.540147
1.796399e+25,0.8479018,0.08358579,310000.0,151467.33,149824.06,149824.06,18.954678,10.343145,8.54015,8.540147
1.796399e+25,0.86999303,0.09328751,310000.0,151467.4,149824.08,149824.05,18.954678,10.343691,8.540148,8.540146
1.796399e+25,0.8502615,0.08111992,310000.0,151467.34,149824.06,149824.06,18.954678,10.343502,8.540148,8.540146
1.796399e+25,0.8579191,0.093360126,310000.0,151467.34,149824.03,149824.05,18.954678,10.343424,8.540135,8.540147
1.796399e+25,0.8632468,0.08964752,310000.0,151467.39,149824.08,149824.05,18.954678,10.343177,8.540145,8.540146
1.796399e+25,0.86593807,0.0907855,310000.0,151467.4,149824.06,149824.05,18.954678,10.343271,8.540158,8.540146
1.796399e+25,0.85327494,0.07972134,310000.0,151467.34,149824.05,149824.06,18.954678,10.343342,8.540147,8.540147
1.796399e+25,0.8617279,0.088394485,310000.0,151467.39,149824.06,149824.03,18.954678,10.343729,8.540145,8.540146
1.796399e+25,0.852016,0.07792703,310000.0,151467.4,149824.05,149824.05,18.954678,10.344038,8.540148,8.540146
1.796399e+25,0.8679246,0.09333072,310000.0,151467.38,149824.06,149824.06,18.954678,10.343066,8.540147,8.5401535
1.796399e+25,0.85176903,0.07179891,310000.0,151467.38,149824.03,149824.05,18.954678,10.343385,8.540149,8.540154
1.796399e+25,0.85459805,0.08039557,310000.0,151467.4,149824.06,149824.06,18.954678,10.343484,8.540142,8.540154
1.796399e+25,0.842827,0.079849824,310000.0,151467.39,149824.06,149824.06,18.954678,10.343592,8.540147,8.540154
1.796399e+25,0.8366586,0.06720037,310000.0,151467.38,149824.05,149824.05,18.954678,10.343459,8.54014,8.540154
1.796399e+25,0.8444163,0.08020869,310000.0,151467.36,149824.05,149824.08,18.954678,10.343298,8.54014,8.540154
1.796399e+25,0.8623024,0.08553544,310000.0,151467.39,149824.06,149824.06,18.954678,10.343227,8.540143,8.540154
1.796399e+25,0.8572694,0.07508154,310000.0,151467.4,149824.06,149824.08,18.954678,10.343395,8.540153,8.540155
1.796399e+25,0.84805864,0.08685689,310000.0,151467.39,149824.06,149824.05,18.954678,10.343631,8.540141,8.5401535
1.796399e+25,0.85611016,0.086989954,310000.0,151467.39,149824.05,149824.05,18.954678,10.343324,8.540133,8.540154
1.796399e+25,0.86031365,0.08015207,310000.0,151467.38,149824.08,149824.05,18.954678,10.343679,8.540133,8.540154
1.796399e+25,0.86490554,0.07985588,310000.0,151467.44,149824.06,149824.05,18.954678,10.343642,8.54014,8.540155
1.796399e+25,0.85100967,0.07890345,310000.0,151467.4,149824.05,149824.05,18.954678,10.343752,8.540135,8.5401535
1.796399e+25,0.8662295,0.08497961,310000.0,151467.34,149824.05,149824.05,18.954678,10.343247,8.540144,8.540154
1.796399e+25,0.8489899,0.079145655,310000.0,151467.38,149824.05,149824.08,18.954678,10.343203,8.540133,8.540154
1.796399e+25,0.8548615,0.08858773,310000.0,151467.4,149824.06,149824.05,18.954678,10.343245,8.540142,8.5401535
1.796399e+25,0.851726,0.08026797,310000.0,151467.38,149824.05,149824.02,18.954678,10.343327,8.540147,8.540154
1.796399e+25,0.8571666,0.090361424,310000.0,151467.31,149824.05,149824.06,18.954678,10.343156,8.540174,8.540154
1.796399e+25,0.8628891,0.08557976,310000.0,151467.4,149824.06,149824.06,18.954678,10.34356,8.540161,8.540154
1.796399e+25,0.84803206,0.07666676,310000.0,151467.38,149824.06,149824.05,18.954678,10.343201,8.54015,8.540154
1.796399e+25,0.88568604,0.09862905,310000.0,151467.42,149824.05,149824.05,18.954678,10.343516,8.540167,8.5401535
1.796399e+25,0.8533424,0.071368426,310000.0,151467.34,149824.06,149824.08,18.954678,10.343507,8.540156,8.540155
1.796399e+25,0.84777266,0.075439066,310000.0,151467.39,149824.05,149824.05,18.954678,10.343778,8.540148,8.540154
1.796399e+25,0.8619319,0.08576797,310000.0,151467.36,149824.05,149824.08,18.954678,10.343274,8.540139,8.540154
1.796399e+25,0.8614527,0.07723118,310000.0,151467.4,149824.08,149824.06,18.954678,10.343281,8.540132,8.540154
1.796399e+25,0.8610954,0.07756772,310000.0,151467.39,149824.05,149824.06,18.954678,10.343493,8.540134,8.5401535
1.796399e+25,0.8620253,0.081236474,310000.0,151467.36,149824.05,149824.05,18.954678,10.343408,8.540138,8.540154
1.796399e+25,0.8676615,0.08952653,310000.0,151467.39,149824.05,149824.05,18.954678,10.343653,8.540115,8.540155
1.796399e+25,0.84637785,0.082118645,310000.0,151467.42,149824.06,149824.06,18.954678,10.343509,8.540149,8.540154
1.796399e+25,0.87856495,0.089215234,310000.0,151467.36,149824.03,149824.06,18.954678,10.343564,8.540131,8.540155
1.796399e+25,0.85588914,0.104325,310000.0,151467.4,149824.05,149824.06,18.954678,10.343859,8.540164,8.540155
1.796399e+25,0.853176,0.086846784,310000.0,151467.4,149824.05,149824.06,18.954678,10.343849,8.540154,8.540154
1.796399e+25,0.8456017,0.06726807,310000.0,151467.4,149824.03,149824.06,18.954678,10.343547,8.54014,8.540154
1.796399e+25,0.85337293,0.073297426,310000.0,151467.36,149824.03,149824.06,18.954678,10.343336,8.540139,8.540155
1.796399e+25,0.8566768,0.081474535,310000.0,151467.38,149824.05,149824.05,18.954678,10.343146,8.540146,8.540155
1.796399e+25,0.8476373,0.08266232,310000.0,151467.34,149824.08,149824.05,18.954678,10.343222,8.540147,8.540154
1.796399e+25,0.8464055,0.07652898,310000.0,151467.44,149824.06,149824.05,18.954678,10.343974,8.540135,8.540154
1.796399e+25,0.8656266,0.09066761,310000.0,151467.4,149824.03,149824.05,18.954678,10.343684,8.5401325,8.540154
1.796399e+25,0.8560583,0.08988485,310000.0,151467.44,149824.03,149824.06,18.954678,10.343539,8.540146,8.540154
1.796399e+25,0.8435666,0.07927488,310000.0,151467.36,149824.05,149824.06,18.954678,10.343116,8.540141,8.5401535
1.796399e+25,0.8570663,0.08323498,310000.0,151467.4,149824.08,149824.06,18.954678,10.343488,8.540142,8.540154
1.796399e+25,0.85973316,0.08567418,310000.0,151467.39,149824.06,149824.05,18.954678,10.343751,8.540148,8.540154
1.796399e+25,0.85590404,0.07789265,310000.0,151467.39,149824.08,149824.05,18.954678,10.343363,8.540144,8.540153
1.796399e+25,0.8692633,0.08827852,310000.0,151467.36,149824.05,149824.08,18.954678,10.343249,8.54015,8.540154
1.796399e+25,0.8544939,0.086157836,310000.0,151467.36,149824.06,149824.05,18.954678,10.343407,8.540131,8.540154
1.796399e+25,0.86045235,0.08446627,310000.0,151467.44,149824.06,149824.05,18.954678,10.343485,8.5401325,8.540154
1.796399e+25,0.8674454,0.092026375,310000.0,151467.42,149824.05,149824.08,18.954678,10.343381,8.540132,8.540155
1.796399e+25,0.8714454,0.08757913,310000.0,151467.36,149824.05,149824.05,18.954678,10.343365,8.540122,8.540154
1.796399e+25,0.8698844,0.08855744,310000.0,151467.39,149824.06,149824.06,18.954678,10.343619,8.540161,8.540154
1.796399e+25,0.8470354,0.082378924,310000.0,151467.34,149824.06,149824.08,18.954678,10.343135,8.540131,8.540154
1.796399e+25,0.8600767,0.088308215,310000.0,151467.38,149824.05,149824.02,18.954678,10.343083,8.540134,8.540154
1.796399e+25,0.85645366,0.084513985,310000.0,151467.34,149824.03,149824.03,18.954678,10.343401,8.540139,8.540154
1.796399e+25,0.85699266,0.088180915,310000.0,151467.39,149824.03,149824.05,18.954678,10.343326,8.540143,8.540154
1.796399e+25,0.86639446,0.09726262,310000.0,151467.39,149824.06,149824.06,18.954678,10.343758,8.540165,8.540154
1.796399e+25,0.85840285,0.07709583,310000.0,151467.38,149824.05,149824.05,18.954678,10.343201,8.540132,8.540154
1.796399e+25,0.8721118,0.0964631,310000.0,151467.38,149824.08,149824.06,18.954678,10.343372,8.540122,8.540154
1.796399e+25,0.87021744,0.096723184,310000.0,151467.38,149824.05,149824.06,18.954678,10.343374,8.540185,8.540155
1.796399e+25,0.85573596,0.08072183,310000.0,151467.42,149824.06,149824.05,18.954678,10.343375,8.540141,8.540154
1.796399e+25,0.85158783,0.07916724,310000.0,151467.42,149824.03,149824.03,18.954678,10.343419,8.540145,8.540154
1.796399e+25,0.85408914,0.07513127,310000.0,151467.38,149824.06,149824.08,18.954678,10.343288,8.540148,8.540155
1.796399e+25,0.8601888,0.085313335,310000.0,151467.34,149824.06,149824.06,18.954678,10.343114,8.540145,8.540154
1.796399e+25,0.8579232,0.083566785,310000.0,151467.4,149824.06,149824.06,18.954678,10.343504,8.540144,8.540154
1.796399e+25,0.85451883,0.08352037,310000.0,151467.39,149824.06,149824.05,18.954678,10.343536,8.540129,8.5401535
1.796399e+25,0.86624306,0.092922665,310000.0,151467.36,149824.03,149824.06,18.954678,10.343473,8.540154,8.540154
1.796399e+25,0.8471226,0.08150076,310000.0,151467.42,149824.05,149824.05,18.954678,10.343237,8.540132,8.540154
1.796399e+25,0.8629218,0.07995424,310000.0,151467.4,149824.06,149824.06,18.954678,10.3434,8.540142,8.540154
1.796399e+25,0.8756945,0.090221666,310000.0,151467.38,149824.06,149824.06,18.954678,10.343254,8.540122,8.540155
1.796399e+25,0.87572443,0.09251533,310000.0,151467.38,149824.06,149824.06,18.954678,10.343448,8.540142,8.540154
1.796399e+25,0.86437714,0.08511055,310000.0,151467.44,149824.06,149824.08,18.954678,10.343499,8.540142,8.5401535
1.796399e+25,0.84840006,0.079279974,310000.0,151467.34,149824.05,149824.05,18.954678,10.343339,8.540147,8.540154
1.796399e+25,0.8528004,0.09105127,310000.0,151467.33,149824.03,149824.08,18.954678,10.343345,8.540132,8.540155
1.796399e+25,0.85569036,0.0931771,310000.0,151467.39,149824.05,149824.06,18.954678,10.343433,8.540124,8.540154
1.796399e+25,0.8861859,0.11223384,310000.0,151467.33,149824.03,149824.08,18.954678,10.34308,8.540169,8.540154
1.796399e+25,0.8825486,0.12022686,310000.0,151467.4,149824.05,149824.03,18.954678,10.343566,8.540143,8.540153
1.796399e+25,0.86932784,0.10044054,310000.0,151467.36,149824.06,149824.06,18.954678,10.343112,8.54014,8.540154
1.796399e+25,0.8592937,0.08962611,310000.0,151467.3,149824.06,149824.06,18.954678,10.343034,8.540145,8.540155
1.796399e+25,0.8561347,0.08585119,310000.0,151467.36,149824.05,149824.08,18.954678,10.343183,8.540134,8.540154
1.796399e+25,0.8699644,0.10240324,310000.0,151467.36,149824.06,149824.05,18.954678,10.343134,8.54012,8.5401535
1.796399e+25,0.86198515,0.09534162,310000.0,151467.42,149824.05,149824.06,18.954678,10.343619,8.540152,8.540154
1.796399e+25,0.87077177,0.09078255,310000.0,151467.44,149824.05,149824.06,18.954678,10.343856,8.540135,8.540155
1.796399e+25,0.86239433,0.09165806,310000.0,151467.34,149824.03,149824.06,18.954678,10.343291,8.540151,8.540154
1.796399e+25,0.86631715,0.08534139,310000.0,151467.34,149824.06,149824.06,18.954678,10.343691,8.540122,8.540155
1.796399e+25,0.86861193,0.08493559,310000.0,151467.4,149824.06,149824.06,18.954678,10.343936,8.540133,8.540155
1.796399e+25,0.85582286,0.07995534,310000.0,151467.4,149824.06,149824.05,18.954678,10.3435955,8.540133,8.5401535
1.796399e+25,0.86405236,0.08514186,310000.0,151467.39,149824.06,149824.06,18.954678,10.343465,8.540159,8.540155
1.796399e+25,0.8521969,0.08629392,310000.0,151467.38,149824.05,149824.06,18.954678,10.343215,8.54015,8.540154
1.796399e+25,0.86546,0.08050407,310000.0,151467.38,149824.05,149824.06,18.954678,10.343628,8.540146,8.5401535
1.796399e+25,0.8705486,0.10111803,310000.0,151467.39,149824.05,149824.05,18.954678,10.343438,8.540167,8.540154
1.796399e+25,0.84444755,0.07835384,310000.0,151467.4,149824.06,149824.08,18.954678,10.343239,8.540146,8.540154
1.796399e+25,0.8433986,0.07049324,310000.0,151467.36,149824.05,149824.05,18.954678,10.343346,8.54013,8.540153
1.796399e+25,0.8574606,0.08976039,310000.0,151467.36,149824.05,149824.05,18.954678,10.343091,8.5401535,8.540154
1.796399e+25,0.85128844,0.08228622,310000.0,151467.38,149824.05,149824.03,18.954678,10.343413,8.5401535,8.540154
1.796399e+25,0.86482775,0.08580581,310000.0,151467.39,149824.03,149824.06,18.954678,10.343317,8.540138,8.540154
1.796399e+25,0.8745044,0.09103937,310000.0,151467.38,149824.06,149824.06,18.954678,10.343239,8.540167,8.540154
1.796399e+25,0.8528255,0.07781527,310000.0,151467.44,149824.06,149824.05,18.954678,10.343356,8.54015,8.540154
1.796399e+25,0.86269027,0.08796109,310000.0,151467.4,149824.05,149824.08,18.954678,10.343334,8.540149,8.540155
1.796399e+25,0.854999,0.09039563,310000.0,151467.38,149824.05,149824.05,18.954678,10.343401,8.540134,8.540155
1.796399e+25,0.83633816,0.07416427,310000.0,151467.38,149824.06,149824.03,18.954678,10.3435135,8.540143,8.5401535
1.796399e+25,0.8581033,0.08250203,310000.0,151467.39,149824.08,149824.06,18.954678,10.34331,8.540148,8.540154
1.796399e+25,0.86146146,0.086444266,310000.0,151467.34,149824.06,149824.05,18.954678,10.34332,8.54017,8.5401535
1.796399e+25,0.8596979,0.09122667,310000.0,151467.42,149824.05,149824.06,18.954678,10.343575,8.540161,8.540151
1.796399e+25,0.85144746,0.076453656,310000.0,151467.39,149824.05,149824.08,18.954678,10.343507,8.540147,8.54015
1.796399e+25,0.85018176,0.089502,310000.0,151467.4,149824.06,149824.06,18.954678,10.343316,8.54015,8.54015
1.796399e+25,0.8502633,0.09546867,310000.0,151467.4,149824.06,149824.03,18.954678,10.34348,8.540123,8.54015
1.796399e+25,0.86050373,0.09643335,310000.0,151467.36,149824.05,149824.06,18.954678,10.3436575,8.5401535,8.540151
1.796399e+25,0.8615625,0.09759395,310000.0,151467.34,149824.05,149824.05,18.954678,10.343399,8.540166,8.54015
1.796399e+25,0.8367883,0.07702145,310000.0,151467.45,149824.05,149824.1,18.954678,10.343474,8.540142,8.540151
1.796399e+25,0.8470642,0.08284666,310000.0,151467.39,149824.06,149824.05,18.954678,10.343614,8.540153,8.540151
1.796399e+25,0.8624317,0.08711925,310000.0,151467.4,149824.08,149824.06,18.954678,10.343401,8.540137,8.540151
1.796399e+25,0.8609823,0.08170825,310000.0,151467.38,149824.08,149824.06,18.954678,10.343339,8.540132,8.54015
1.796399e+25,0.85087126,0.080475286,310000.0,151467.34,149824.05,149824.06,18.954678,10.343115,8.540135,8.540149
1.796399e+25,0.87052226,0.08314184,310000.0,151467.42,149824.06,149824.05,18.954678,10.343323,8.540152,8.54015
1.796399e+25,0.86501396,0.09361432,310000.0,151467.39,149824.06,149824.05,18.954678,10.343096,8.540137,8.540151
1.796399e+25,0.86290574,0.08951967,310000.0,151467.34,149824.06,149824.05,18.954678,10.343365,8.540142,8.54015
1.796399e+25,0.8633268,0.0866433,310000.0,151467.36,149824.05,149824.05,18.954678,10.343242,8.540128,8.540151
1.796399e+25,0.85272557,0.08156403,310000.0,151467.38,149824.08,149824.05,18.954678,10.343204,8.540143,8.54015
1.796399e+25,0.85533136,0.0888359,310000.0,151467.42,149824.06,149824.05,18.954678,10.343519,8.540125,8.54015
1.796399e+25,0.8692442,0.09195093,310000.0,151467.38,149824.05,149824.06,18.954678,10.343458,8.540146,8.54015
1.796399e+25,0.8556144,0.09239872,310000.0,151467.4,149824.03,149824.05,18.954678,10.343186,8.540143,8.54015
1.796399e+25,0.8723179,0.10112455,310000.0,151467.39,149824.08,149824.05,18.954678,10.343358,8.540171,8.540151
1.796399e+25,0.86328435,0.087064244,310000.0,151467.44,149824.06,149824.06,18.954678,10.343465,8.540141,8.540151
1.796399e+25,0.8541421,0.09213145,310000.0,151467.39,149824.03,149824.03,18.954678,10.343552,8.540145,8.54015
1.796399e+25,0.86168826,0.0853829,310000.0,151467.39,149824.08,149824.05,18.954678,10.343777,8.540155,8.54015
1.796399e+25,0.8723846,0.10346449,310000.0,151467.4,149824.08,149824.05,18.954678,10.3436,8.540128,8.54015
1.796399e+25,0.860142,0.09522413,310000.0,151467.36,149824.05,149824.06,18.954678,10.343662,8.540165,8.540151
1.796399e+25,0.86389256,0.081986375,310000.0,151467.38,149824.06,149824.05,18.954678,10.343433,8.540139,8.54015
1.796399e+25,0.86260724,0.09792605,310000.0,151467.47,149824.06,149824.05,18.954678,10.343597,8.540129,8.54015
1.796399e+25,0.86276615,0.094807304,310000.0,151467.4,149824.05,149824.08,18.954678,10.343299,8.540137,8.540151
1.796399e+25,0.8723259,0.09364737,310000.0,151467.42,149824.05,149824.06,18.954678,10.3434105,8.540119,8.540151
1.796399e+25,0.8648913,0.08885079,310000.0,151467.42,149824.05,149824.06,18.954678,10.344174,8.540148,8.540149
1.796399e+25,0.8591362,0.094428815,310000.0,151467.39,149824.06,149824.06,18.954678,10.343414,8.540145,8.54015
1.796399e+25,0.8726888,0.10037661,310000.0,151467.42,149824.06,149824.06,18.954678,10.343654,8.540151,8.540151
1.796399e+25,0.86241513,0.09334739,310000.0,151467.34,149824.08,149824.05,18.954678,10.343513,8.540135,8.540151
1.796399e+25,0.8540258,0.08292403,310000.0,151467.4,149824.05,149824.06,18.954678,10.343697,8.540133,8.540151
1.796399e+25,0.8753955,0.0958609,310000.0,151467.34,149824.05,149824.06,18.954678,10.343339,8.540127,8.540151
1.796399e+25,0.8545068,0.08379408,310000.0,151467.4,149824.05,149824.06,18.954678,10.34361,8.540115,8.54015
1.796399e+25,0.88742095,0.10194156,310000.0,151467.38,149824.05,149824.06,18.954678,10.343573,8.540125,8.540151
1.796399e+25,0.8579563,0.086290434,310000.0,151467.34,149824.05,149824.05,18.954678,10.343461,8.54014,8.54015
1.796399e+25,0.8696508,0.10330785,310000.0,151467.38,149824.05,149824.05,18.954678,10.343441,8.540106,8.54015
1.796399e+25,0.8686779,0.09102179,310000.0,151467.36,149824.03,149824.05,18.954678,10.34336,8.54014,8.540151
1.796399e+25,0.889081,0.107162274,310000.0,151467.39,149824.06,149824.06,18.954678,10.3434515,8.540106,8.54015
1.796399e+25,0.8722021,0.09500609,310000.0,151467.39,149824.08,149824.06,18.954678,10.343511,8.5401325,8.540151
1.796399e+25,0.8691862,0.09614934,310000.0,151467.38,149824.06,149824.06,18.954678,10.343567,8.540109,8.540151
1.796399e+25,0.86953676,0.09857938,310000.0,151467.33,149824.05,149824.05,18.954678,10.343056,8.5401125,8.54015
1.796399e+25,0.8692108,0.10239049,310000.0,151467.38,149824.06,149824.05,18.954678,10.34345,8.54016,8.540149
1.796399e+25,0.8597296,0.09193479,310000.0,151467.36,149824.05,149824.05,18.954678,10.34315,8.540142,8.540151
1.796399e+25,0.86519194,0.09718426,310000.0,151467.34,149824.05,149824.06,18.954678,10.343349,8.5401325,8.540151
1.796399e+25,0.84721196,0.08608169,310000.0,151467.33,149824.08,149824.06,18.954678,10.343495,8.540129,8.54015
1.796399e+25,0.86859953,0.09429535,310000.0,151467.39,149824.06,149824.06,18.954678,10.343494,8.540148,8.540151
1.796399e+25,0.8563395,0.08939537,310000.0,151467.38,149824.06,149824.05,18.954678,10.343315,8.540147,8.540151
1.796399e+25,0.87247443,0.08354683,310000.0,151467.34,149824.06,149824.06,18.954678,10.343548,8.540134,8.540151
1.796399e+25,0.86061144,0.097236425,310000.0,151467.42,149824.06,149824.06,18.954678,10.34346,8.540109,8.540151
1.796399e+25,0.8611119,0.088498145,310000.0,151467.38,149824.05,149824.06,18.954678,10.343624,8.540115,8.54015
1.796399e+25,0.8841555,0.1034751,310000.0,151467.38,149824.05,149824.05,18.954678,10.343865,8.540156,8.54015
1.796399e+25,0.8677936,0.103615105,310000.0,151467.39,149824.05,149824.05,18.954678,10.343092,8.540109,8.540151
1.796399e+25,0.87055176,0.101104066,310000.0,151467.4,149824.08,149824.05,18.954678,10.343573,8.540143,8.54015
1.796399e+25,0.861891,0.09614294,310000.0,151467.38,149824.06,149824.06,18.954678,10.343523,8.540132,8.540151
1.796399e+25,0.85604465,0.0964085,310000.0,151467.4,149824.05,149824.05,18.954678,10.343381,8.540114,8.54015
1.796399e+25,0.86283565,0.10251801,310000.0,151467.39,149824.05,149824.05,18.954678,10.343477,8.540119,8.540151
1.796399e+25,0.8933756,0.11485001,310000.0,151467.38,149824.06,149824.08,18.954678,10.343202,8.540147,8.54015
1.796399e+25,0.880182,0.10118255,310000.0,151467.39,149824.03,149824.06,18.954678,10.343294,8.540147,8.54015
1.796399e+25,0.871121,0.10160201,310000.0,151467.44,149824.06,149824.03,18.954678,10.3437,8.540135,8.540151
1.796399e+25,0.870688,0.09526651,310000.0,151467.4,149824.03,149824.05,18.954678,10.343508,8.540146,8.54015
1.796399e+25,0.8595823,0.082749054,310000.0,151467.39,149824.08,149824.05,18.954678,10.343389,8.540137,8.540151
1.796399e+25,0.8795362,0.101571135,310000.0,151467.34,149824.06,149824.08,18.954678,10.34317,8.5401325,8.540151
1.796399e+25,0.86791414,0.098383576,310000.0,151467.38,149824.05,149824.06,18.954678,10.343305,8.540159,8.540151
1.796399e+25,0.8819231,0.10150916,310000.0,151467.34,149824.06,149824.05,18.954678,10.34314,8.540139,8.54015
1.796399e+25,0.8615269,0.0786874,310000.0,151467.38,149824.05,149824.06,18.954678,10.343735,8.540137,8.54015
1.796399e+25,0.8744376,0.10569496,310000.0,151467.4,149824.05,149824.05,18.954678,10.343522,8.5400915,8.54015
1.796399e+25,0.8684176,0.09257575,310000.0,151467.42,149824.06,149824.06,18.954678,10.343792,8.540128,8.54015
1.796399e+25,0.8719658,0.102723524,310000.0,151467.34,149824.05,149824.06,18.954678,10.343504,8.540163,8.54015
1.796399e+25,0.8588225,0.09345636,310000.0,151467.34,149824.06,149824.05,18.954678,10.343417,8.54014,8.54015
1.796399e+25,0.8788575,0.10592672,310000.0,151467.42,149824.05,149824.06,18.954678,10.34335,8.540162,8.540151
1.796399e+25,0.8581035,0.09388813,310000.0,151467.36,149824.05,149824.05,18.954678,10.343499,8.540128,8.540151
1.796399e+25,0.87063664,0.081255265,310000.0,151467.39,149824.08,149824.06,18.954678,10.343375,8.540146,8.54015
1.796399e+25,0.8578781,0.084928535,310000.0,151467.39,149824.05,149824.05,18.954678,10.34323,8.540143,8.540151
1.796399e+25,0.8520672,0.09133445,310000.0,151467.4,149824.05,149824.03,18.954678,10.343411,8.540143,8.54015
1.796399e+25,0.85588783,0.0864476,310000.0,151467.38,149824.05,149824.05,18.954678,10.343129,8.540142,8.540151
1.796399e+25,0.87551963,0.10438932,310000.0,151467.38,149824.05,149824.03,18.954678,10.343341,8.5401745,8.54015
1.796399e+25,0.8604785,0.07796377,310000.0,151467.45,149824.06,149824.06,18.954678,10.343377,8.540138,8.540151
1.796399e+25,0.85465544,0.07914878,310000.0,151467.4,149824.05,149824.06,18.954678,10.343567,8.540141,8.540151
1.796399e+25,0.86970264,0.102147646,310000.0,151467.4,149824.05,149824.06,18.954678,10.343396,8.540164,8.54015
1.796399e+25,0.85358256,0.10020695,310000.0,151467.44,149824.05,149824.05,18.954678,10.343705,8.540163,8.540151
1.796399e+25,0.86862403,0.101556875,310000.0,151467.31,149824.05,149824.08,18.954678,10.343425,8.540142,8.54015
1.796399e+25,0.853536,0.09579582,310000.0,151467.42,149824.05,149824.05,18.954678,10.343627,8.540149,8.54015
1.796399e+25,0.8739129,0.109383464,310000.0,151467.36,149824.03,149824.03,18.954678,10.343375,8.5401745,8.54015
1.796399e+25,0.8541964,0.106797546,310000.0,151467.34,149824.05,149824.06,18.954678,10.343258,8.540161,8.540151
1.796399e+25,0.86021316,0.08928532,310000.0,151467.38,149824.06,149824.06,18.954678,10.343802,8.5401325,8.540151
1.796399e+25,0.8584248,0.10536266,310000.0,151467.36,149824.06,149824.05,18.954678,10.343301,8.540193,8.54015
1.796399e+25,0.8467306,0.082138635,310000.0,151467.33,149824.05,149824.05,18.954678,10.343114,8.540147,8.540149
1.796399e+25,0.8556814,0.1033913,310000.0,151467.44,149824.05,149824.03,18.954678,10.34371,8.540124,8.540153
1.796399e+25,0.85084116,0.0977039,310000.0,151467.34,149824.03,149824.03,18.954678,10.343296,8.540135,8.5401535
1.796399e+25,0.85714084,0.09202596,310000.0,151467.39,149824.05,149824.06,18.954678,10.343534,8.540128,8.5401535
1.796399e+25,0.8769389,0.10780654,310000.0,151467.34,149824.05,149824.06,18.954678,10.343452,8.540178,8.5401535
1.796399e+25,0.8682272,0.09684764,310000.0,151467.4,149824.05,149824.05,18.954678,10.343515,8.540151,8.540153
1.796399e+25,0.86668646,0.106138974,310000.0,151467.39,149824.05,149824.06,18.954678,10.343071,8.540173,8.5401535
1.796399e+25,0.8696468,0.08612504,310000.0,151467.42,149824.05,149824.03,18.954678,10.343652,8.540129,8.5401535
1.796399e+25,0.86299753,0.10134853,310000.0,151467.39,149824.03,149824.05,18.954678,10.3432045,8.540155,8.5401535
1.796399e+25,0.85973287,0.09040466,310000.0,151467.36,149824.05,149824.06,18.954678,10.343358,8.540143,8.5401535
1.796399e+25,0.86928093,0.10349946,310000.0,151467.38,149824.06,149824.05,18.954678,10.3432455,8.540112,8.540153
1.796399e+25,0.86356926,0.09428422,310000.0,151467.34,149824.06,149824.03,18.954678,10.343085,8.540138,8.5401535
1.796399e+25,0.8611832,0.09308059,310000.0,151467.39,149824.05,149824.06,18.954678,10.34366,8.540124,8.5401535
1.796399e+25,0.8710156,0.10624415,310000.0,151467.38,149824.05,149824.05,18.954678,10.343457,8.540162,8.5401535
1.796399e+25,0.8575114,0.09289292,310000.0,151467.38,149824.05,149824.05,18.954678,10.343126,8.54013,8.5401535
1.796399e+25,0.85312295,0.09912161,310000.0,151467.3,149824.05,149824.05,18.954678,10.343294,8.540151,8.5401535
1.796399e+25,0.8739325,0.11141967,310000.0,151467.36,149824.05,149824.06,18.954678,10.343439,8.540129,8.5401535
1.796399e+25,0.8674983,0.09120727,310000.0,151467.38,149824.05,149824.05,18.954678,10.343607,8.540147,8.540153
1.796399e+25,0.8696172,0.09213591,310000.0,151467.38,149824.05,149824.06,18.954678,10.343245,8.54014,8.540154
1.796399e+25,0.8551853,0.090433575,310000.0,151467.38,149824.08,149824.05,18.954678,10.343489,8.540147,8.5401535
1.796399e+25,0.8667977,0.09361556,310000.0,151467.42,149824.06,149824.05,18.954678,10.343483,8.540136,8.5401535
1.796399e+25,0.8533513,0.09709563,310000.0,151467.42,149824.06,149824.06,18.954678,10.343372,8.540117,8.540154
1.796399e+25,0.8567253,0.08639627,310000.0,151467.36,149824.06,149824.06,18.954678,10.343295,8.540143,8.5401535
1.796399e+25,0.8562148,0.08784898,310000.0,151467.34,149824.06,149824.05,18.954678,10.343167,8.5401535,8.540153
1.796399e+25,0.8697277,0.09756738,310000.0,151467.39,149824.08,149824.05,18.954678,10.343504,8.540159,8.5401535
1.796399e+25,0.88843364,0.10243947,310000.0,151467.36,149824.06,149824.05,18.954678,10.343309,8.540152,8.5401535
1.796399e+25,0.8690027,0.08868216,310000.0,151467.36,149824.03,149824.05,18.954678,10.343011,8.540136,8.5401535
1.796399e+25,0.8663397,0.10345454,310000.0,151467.4,149824.05,149824.05,18.954678,10.3433,8.540164,8.540154
1.796399e+25,0.87651414,0.106158026,310000.0,151467.38,149824.03,149824.06,18.954678,10.343345,8.540158,8.5401535
1.796399e+25,0.86613905,0.09865924,310000.0,151467.34,149824.06,149824.08,18.954678,10.343222,8.540152,8.5401535
1.796399e+25,0.8769789,0.099796,310000.0,151467.33,149824.05,149824.02,18.954678,10.343217,8.540162,8.5401535
1.796399e+25,0.85405636,0.09499818,310000.0,151467.45,149824.03,149824.05,18.954678,10.343635,8.540152,8.540153
1.796399e+25,0.8547393,0.09176545,310000.0,151467.4,149824.05,149824.06,18.954678,10.343471,8.54014,8.5401535
1.796399e+25,0.86373824,0.10149948,310000.0,151467.39,149824.05,149824.05,18.954678,10.343447,8.540189,8.5401535
1.796399e+25,0.86972505,0.10417171,310000.0,151467.39,149824.06,149824.05,18.954678,10.343631,8.540119,8.5401535
1.796399e+25,0.8666366,0.101508826,310000.0,151467.33,149824.08,149824.06,18.954678,10.343392,8.540161,8.5401535
1.796399e+25,0.8539336,0.08372374,310000.0,151467.4,149824.06,149824.06,18.954678,10.343439,8.540153,8.540152
1.796399e+25,0.84692377,0.08416383,310000.0,151467.36,149824.08,149824.06,18.954678,10.343439,8.540143,8.5401535
1.796399e+25,0.8723154,0.09918015,310000.0,151467.39,149824.05,149824.03,18.954678,10.343629,8.540155,8.5401535
1.796399e+25,0.8553436,0.084456846,310000.0,151467.38,149824.05,149824.06,18.954678,10.343663,8.540139,8.540154
1.796399e+25,0.8646672,0.095486544,310000.0,151467.39,149824.06,149824.03,18.954678,10.343426,8.540146,8.5401535
1.796399e+25,0.86616486,0.0932277,310000.0,151467.38,149824.06,149824.05,18.954678,10.343264,8.540156,8.5401535
1.796399e+25,0.88376737,0.10699828,310000.0,151467.36,149824.06,149824.05,18.954678,10.343283,8.540132,8.5401535
1.796399e+25,0.8628852,0.09557582,310000.0,151467.38,149824.05,149824.06,18.954678,10.3432255,8.540124,8.5401535
1.796399e+25,0.8707658,0.092536084,310000.0,151467.4,149824.06,149824.03,18.954678,10.343689,8.540148,8.5401535
1.796399e+25,0.87011796,0.10795334,310000.0,151467.39,149824.05,149824.06,18.954678,10.34335,8.540146,8.5401535
1.796399e+25,0.85882413,0.0955225,310000.0,151467.34,149824.06,149824.05,18.954678,10.343414,8.540127,8.5401535
1.796399e+25,0.8779636,0.105683416,310000.0,151467.38,149824.05,149824.05,18.954678,10.343409,8.54015,8.5401535
1.796399e+25,0.86293185,0.10659962,310000.0,151467.4,149824.05,149824.05,18.954678,10.343382,8.540164,8.5401535
1.796399e+25,0.8677393,0.09836034,310000.0,151467.38,149824.05,149824.05,18.954678,10.343339,8.540111,8.5401535
1.796399e+25,0.8654768,0.09417125,310000.0,151467.39,149824.06,149824.05,18.954678,10.3436365,8.540163,8.5401535
1.796399e+25,0.8678544,0.107480034,310000.0,151467.38,149824.08,149824.08,18.954678,10.34354,8.540115,8.5401535
1.796399e+25,0.8791855,0.10455808,310000.0,151467.38,149824.05,149824.03,18.954678,10.343324,8.540144,8.540153
1.796399e+25,0.87359947,0.094453946,310000.0,151467.42,149824.05,149824.05,18.954678,10.343686,8.540142,8.5401535
1.796399e+25,0.88085115,0.10661583,310000.0,151467.39,149824.05,149824.03,18.954678,10.34342,8.540171,8.5401535
1.796399e+25,0.8757935,0.10807973,310000.0,151467.4,149824.05,149824.05,18.954678,10.343791,8.540148,8.5401535
1.796399e+25,0.86720324,0.10301938,310000.0,151467.4,149824.05,149824.05,18.954678,10.34338,8.540136,8.5401535
1.796399e+25,0.8716781,0.105142795,310000.0,151467.38,149824.06,149824.05,18.954678,10.343741,8.540123,8.540154
1.796399e+25,0.8690118,0.09266131,310000.0,151467.4,149824.06,149824.06,18.954678,10.343639,8.5401325,8.540153
1.796399e+25,0.8739585,0.10295411,310000.0,151467.4,149824.06,149824.06,18.954678,10.343263,8.540129,8.5401535
1.796399e+25,0.8665439,0.08782984,310000.0,151467.36,149824.06,149824.06,18.954678,10.343943,8.540142,8.540154
1.796399e+25,0.86379117,0.09473178,310000.0,151467.42,149824.06,149824.06,18.954678,10.3432865,8.540146,8.5401535
1.796399e+25,0.85366255,0.08658868,310000.0,151467.44,149824.06,149824.05,18.954678,10.343628,8.540135,8.5401535
1.796399e+25,0.8540382,0.09147694,310000.0,151467.4,149824.05,149824.06,18.954678,10.343415,8.540136,8.540154
1.796399e+25,0.8679655,0.10481495,310000.0,151467.34,149824.06,149824.06,18.954678,10.34352,8.540158,8.540154
1.796399e+25,0.8577488,0.095160596,310000.0,151467.44,149824.05,149824.06,18.954678,10.343562,8.540131,8.540153
1.796399e+25,0.88138956,0.123958305,310000.0,151467.4,149824.06,149824.05,18.954678,10.343292,8.540145,8.5401535
1.796399e+25,0.8734178,0.102189,310000.0,151467.39,149824.03,149824.05,18.954678,10.343458,8.5401325,8.5401535
1.796399e+25,0.86829036,0.102055855,310000.0,151467.36,149824.05,149824.03,18.954678,10.343435,8.540122,8.5401535
1.796399e+25,0.8738276,0.10667671,310000.0,151467.4,149824.03,149824.06,18.954678,10.343319,8.540144,8.5401535
1.796399e+25,0.8783263,0.11026062,310000.0,151467.4,149824.06,149824.05,18.954678,10.343779,8.540147,8.5401535
1.796399e+25,0.88348055,0.105327256,310000.0,151467.42,149824.06,149824.06,18.954678,10.343537,8.5401,8.540154
1.796399e+25,0.86235595,0.09351346,310000.0,151467.34,149824.05,149824.05,18.954678,10.34312,8.540141,8.5401535
1.796399e+25,0.8746145,0.11039759,310000.0,151467.44,149824.06,149824.05,18.954678,10.343169,8.540113,8.540154
1.796399e+25,0.8620166,0.109777935,310000.0,151467.36,149824.05,149824.05,18.954678,10.343352,8.540174,8.540154
1.796399e+25,0.8484482,0.096381284,310000.0,151467.33,149824.03,149824.06,18.954678,10.34353,8.540169,8.5401535
1.796399e+25,0.86785364,0.107620984,310000.0,151467.42,149824.05,149824.06,18.954678,10.34336,8.540182,8.5401535
1.796399e+25,0.8389525,0.07518116,310000.0,151467.34,149824.06,149824.06,18.954678,10.343225,8.540138,8.5401535
1.796399e+25,0.8771401,0.10055522,310000.0,151467.34,149824.06,149824.05,18.954678,10.343223,8.5401745,8.5401535
1.796399e+25,0.85917497,0.09113815,310000.0,151467.39,149824.05,149824.05,18.954678,10.343587,8.540127,8.5401535
1.796399e+25,0.8719281,0.109810054,310000.0,151467.34,149824.05,149824.05,18.954678,10.343273,8.54013,8.5401535
1.796399e+25,0.8605794,0.08714145,310000.0,151467.42,149824.06,149824.05,18.954678,10.343701,8.540126,8.540153
1.796399e+25,0.87470293,0.1110175,310000.0,151467.42,149824.05,149824.03,18.954678,10.343767,8.540161,8.540153
1.796399e+25,0.8636141,0.099875145,310000.0,151467.39,149824.05,149824.06,18.954678,10.343763,8.5401535,8.5401535
1.796399e+25,0.8588596,0.0866092,310000.0,151467.4,149824.05,149824.05,18.954678,10.343772,8.54014,8.5401535
1.796399e+25,0.8668861,0.10231651,310000.0,151467.36,149824.06,149824.05,18.954678,10.343696,8.540147,8.540154
1.796399e+25,0.87278676,0.10842471,310000.0,151467.45,149824.06,149824.05,18.954678,10.34386,8.540171,8.5401535
1.796399e+25,0.87308717,0.099775665,310000.0,151467.42,149824.05,149824.06,18.954678,10.343543,8.540149,8.540154
1.796399e+25,0.8805709,0.10860344,310000.0,151467.38,149824.06,149824.05,18.954678,10.343661,8.540131,8.5401535
1.796399e+25,0.8618644,0.103866585,310000.0,151467.42,149824.1,149824.03,18.954678,10.343638,8.540097,8.5401535
1.796399e+25,0.8738525,0.10728718,310000.0,151467.4,149824.05,149824.05,18.954678,10.343382,8.540159,8.540154
1.796399e+25,0.88407725,0.11019825,310000.0,151467.36,149824.06,149824.05,18.954678,10.343617,8.540129,8.5401535
1.796399e+25,0.8681808,0.10646355,310000.0,151467.39,149824.05,149824.03,18.954678,10.34342,8.540169,8.540153
1.796399e+25,0.8660424,0.10712616,310000.0,151467.36,149824.08,149824.05,18.954678,10.343391,8.54014,8.5401535
1.796399e+25,0.8852834,0.10855616,310000.0,151467.36,149824.06,149824.05,18.954678,10.343358,8.540089,8.5401535
1.796399e+25,0.8712964,0.10840116,310000.0,151467.38,149824.06,149824.06,18.954678,10.3432255,8.540108,8.5401535
1.796399e+25,0.8724927,0.09606015,310000.0,151467.34,149824.06,149824.05,18.954678,10.343439,8.540155,8.5401535
1.796399e+25,0.8652374,0.10339415,310000.0,151467.39,149824.06,149824.06,18.954678,10.343445,8.540116,8.5401535
1.796399e+25,0.8530771,0.097440936,310000.0,151467.38,149824.06,149824.03,18.954678,10.343172,8.540146,8.540153
1.796399e+25,0.8810113,0.109778464,310000.0,151467.39,149824.05,149824.05,18.954678,10.343254,8.54015,8.540153
1.796399e+25,0.88451385,0.1139753,310000.0,151467.36,149824.05,149824.06,18.954678,10.34345,8.540135,8.540153
1.796399e+25,0.8837587,0.11243776,310000.0,151467.4,149824.06,149824.06,18.954678,10.343563,8.540105,8.540153
1.796399e+25,0.88753617,0.105626516,310000.0,151467.38,149824.03,149824.05,18.954678,10.3435,8.540168,8.5401535
1.796399e+25,0.8694488,0.103341244,310000.0,151467.39,149824.08,149824.05,18.954678,10.343457,8.540142,8.5401535
1.796399e+25,0.87102365,0.10723703,310000.0,151467.39,149824.05,149824.03,18.954678,10.343372,8.540157,8.5401535
1.796399e+25,0.87611055,0.105214685,310000.0,151467.39,149824.08,149824.05,18.954678,10.3433,8.540179,8.5401535
1.796399e+25,0.87827253,0.110464305,310000.0,151467.45,149824.05,149824.05,18.954678,10.343939,8.540151,8.5401535
1.796399e+25,0.8812924,0.115287974,310000.0,151467.36,149824.05,149824.05,18.954678,10.343217,8.540156,8.5401535
1.796399e+25,0.8711526,0.10130176,310000.0,151467.44,149824.06,149824.05,18.954678,10.343695,8.540148,8.540154
1.796399e+25,0.8550073,0.10542086,310000.0,151467.38,149824.05,149824.03,18.954678,10.343582,8.540146,8.5401535
1.796399e+25,0.85107034,0.09303156,310000.0,151467.38,149824.08,149824.06,18.954678,10.34371,8.540123,8.5401535
1.796399e+25,0.85471696,0.07964787,310000.0,151467.42,149824.06,149824.05,18.954678,10.343379,8.540142,8.540154
1.796399e+25,0.8529821,0.093132704,310000.0,151467.4,149824.05,149824.06,18.954678,10.343383,8.540149,8.540154
1.796399e+25,0.870713,0.097474575,310000.0,151467.36,149824.06,149824.06,18.954678,10.343274,8.5401535,8.540154
1.796399e+25,0.84099966,0.088298306,310000.0,151467.4,149824.06,149824.03,18.954678,10.343371,8.540137,8.5401535
1.796399e+25,0.85427994,0.081703275,310000.0,151467.36,149824.06,149824.03,18.954678,10.343506,8.540142,8.5401535
1.796399e+25,0.8550454,0.08471132,310000.0,151467.38,149824.05,149824.05,18.954678,10.343586,8.540151,8.5401535
1.796399e+25,0.8733231,0.10657354,310000.0,151467.34,149824.05,149824.03,18.954678,10.343237,8.540103,8.5401535
1.796399e+25,0.86115575,0.09976906,310000.0,151467.4,149824.05,149824.08,18.954678,10.343509,8.540146,8.540154
1.796399e+25,0.85942984,0.09398664,310000.0,151467.36,149824.05,149824.06,18.954678,10.342913,8.540146,8.5401535
1.796399e+25,0.8577274,0.09796536,310000.0,151467.38,149824.06,149824.08,18.954678,10.343386,8.540127,8.5401535
1.796399e+25,0.86340755,0.102639146,310000.0,151467.44,149824.05,149824.06,18.954678,10.343463,8.540161,8.5401535
1.796399e+25,0.87365896,0.10087555,310000.0,151467.39,149824.05,149824.06,18.954678,10.343386,8.5401325,8.5401535
1.796399e+25,0.862867,0.089919545,310000.0,151467.38,149824.06,149824.08,18.954678,10.343714,8.540143,8.540152
1.796399e+25,0.86624235,0.09430597,310000.0,151467.38,149824.08,149824.05,18.954678,10.343584,8.5401535,8.540152
1.796399e+25,0.8605972,0.09737279,310000.0,151467.44,149824.08,149824.06,18.954678,10.343629,8.540123,8.540153
1.796399e+25,0.886131,0.10813287,310000.0,151467.38,149824.05,149824.08,18.954678,10.343185,8.54012,8.540152
1.796399e+25,0.8660723,0.09599403,310000.0,151467.36,149824.06,149824.05,18.954678,10.343229,8.540154,8.540153
1.796399e+25,0.85557675,0.105239384,310000.0,151467.4,149824.05,149824.06,18.954678,10.343478,8.540176,8.540153
1.796399e+25,0.852276,0.09938671,310000.0,151467.36,149824.03,149824.05,18.954678,10.343334,8.54013,8.540153
1.796399e+25,0.86081344,0.09572567,310000.0,151467.45,149824.06,149824.05,18.954678,10.34366,8.540123,8.540153
1.796399e+25,0.85049254,0.0970552,310000.0,151467.34,149824.06,149824.06,18.954678,10.343292,8.540152,8.540152
1.796399e+25,0.85548484,0.08636015,310000.0,151467.36,149824.06,149824.05,18.954678,10.343142,8.540132,8.540152
1.796399e+25,0.8671181,0.09502427,310000.0,151467.38,149824.03,149824.06,18.954678,10.343534,8.540128,8.540153
1.796399e+25,0.8657017,0.09984465,310000.0,151467.39,149824.05,149824.1,18.954678,10.343467,8.540159,8.540152
1.796399e+25,0.8711951,0.100243226,310000.0,151467.42,149824.05,149824.06,18.954678,10.343793,8.540148,8.540152
1.796399e+25,0.8574526,0.10065905,310000.0,151467.34,149824.05,149824.08,18.954678,10.343036,8.540136,8.540153
1.796399e+25,0.87128645,0.09258611,310000.0,151467.39,149824.06,149824.06,18.954678,10.343181,8.540136,8.540153
1.796399e+25,0.8569518,0.097674236,310000.0,151467.38,149824.06,149824.06,18.954678,10.343177,8.540134,8.540153
1.796399e+25,0.8686085,0.09864467,310000.0,151467.36,149824.06,149824.06,18.954678,10.343087,8.540122,8.540151
1.796399e+25,0.88089645,0.099807255,310000.0,151467.34,149824.05,149824.05,18.954678,10.343055,8.540142,8.540152
1.796399e+25,0.8618927,0.09236079,310000.0,151467.36,149824.05,149824.05,18.954678,10.343181,8.540158,8.540153
1.796399e+25,0.8578486,0.10100905,310000.0,151467.39,149824.06,149824.05,18.954678,10.34374,8.540139,8.540152
1.796399e+25,0.86502,0.0987912,310000.0,151467.38,149824.05,149824.05,18.954678,10.343664,8.540123,8.540153
1.796399e+25,0.85873216,0.09055496,310000.0,151467.38,149824.06,149824.06,18.954678,10.343254,8.540143,8.540152
1.796399e+25,0.8725005,0.09484138,310000.0,151467.38,149824.08,149824.05,18.954678,10.343468,8.540143,8.540152
1.796399e+25,0.84629214,0.09228148,310000.0,151467.39,149824.03,149824.06,18.954678,10.343698,8.540158,8.540153
1.796399e+25,0.87480885,0.10454019,310000.0,151467.38,149824.05,149824.06,18.954678,10.343511,8.540138,8.540153
1.796399e+25,0.8762846,0.10132361,310000.0,151467.31,149824.05,149824.06,18.954678,10.343104,8.540151,8.540152
1.796399e+25,0.8598285,0.1003773,310000.0,151467.42,149824.05,149824.06,18.954678,10.343541,8.540154,8.540151
1.796399e+25,0.8705523,0.098939136,310000.0,151467.36,149824.1,149824.05,18.954678,10.343248,8.540163,8.540152
1.796399e+25,0.84157985,0.07697684,310000.0,151467.34,149824.05,149824.06,18.954678,10.343444,8.540144,8.540153
1.796399e+25,0.8428531,0.08858979,310000.0,151467.4,149824.06,149824.05,18.954678,10.343615,8.540134,8.540153
1.796399e+25,0.8672553,0.09809173,310000.0,151467.36,149824.05,149824.05,18.954678,10.343404,8.540129,8.540152
1.796399e+25,0.88906294,0.11387471,310000.0,151467.39,149824.05,149824.06,18.954678,10.3434925,8.540135,8.540152
1.796399e+25,0.8678552,0.10531084,310000.0,151467.4,149824.05,149824.05,18.954678,10.343312,8.540157,8.540152
1.796399e+25,0.856401,0.10017391,310000.0,151467.4,149824.05,149824.05,18.954678,10.343482,8.540128,8.540153
1.796399e+25,0.85301495,0.084467225,310000.0,151467.36,149824.06,149824.05,18.954678,10.343256,8.540137,8.540153
1.796399e+25,0.86096925,0.09741086,310000.0,151467.34,149824.05,149824.06,18.954678,10.343558,8.54012,8.540153
1.796399e+25,0.8739435,0.09784616,310000.0,151467.36,149824.06,149824.06,18.954678,10.343359,8.540125,8.540153
1.796399e+25,0.88352704,0.112902656,310000.0,151467.36,149824.08,149824.1,18.954678,10.343475,8.540124,8.540152
1.796399e+25,0.87041914,0.0982566,310000.0,151467.33,149824.08,149824.05,18.954678,10.343076,8.540144,8.540153
1.796399e+25,0.8724002,0.10243961,310000.0,151467.38,149824.05,149824.06,18.954678,10.34386,8.540165,8.540152
1.796399e+25,0.85158974,0.10060409,310000.0,151467.34,149824.03,149824.06,18.954678,10.34349,8.540145,8.540152
1.796399e+25,0.85782593,0.09468755,310000.0,151467.39,149824.06,149824.08,18.954678,10.343939,8.540139,8.540152
1.796399e+25,0.86050063,0.09326114,310000.0,151467.39,149824.05,149824.06,18.954678,10.343486,8.540158,8.540152
1.796399e+25,0.8621809,0.10483055,310000.0,151467.44,149824.05,149824.06,18.954678,10.343889,8.54012,8.5401535
1.796399e+25,0.8740462,0.107483685,310000.0,151467.4,149824.05,149824.05,18.954678,10.343489,8.540124,8.540152
1.796399e+25,0.883062,0.10375079,310000.0,151467.4,149824.08,149824.05,18.954678,10.343453,8.540138,8.540152
1.796399e+25,0.85235167,0.08561967,310000.0,151467.4,149824.03,149824.05,18.954678,10.343549,8.5401325,8.5401535
1.796399e+25,0.8611649,0.10014349,310000.0,151467.39,149824.08,149824.06,18.954678,10.343589,8.540153,8.540153
1.796399e+25,0.85127366,0.09319091,310000.0,151467.4,149824.03,149824.06,18.954678,10.343432,8.540147,8.540152
1.796399e+25,0.85154295,0.085647784,310000.0,151467.44,149824.05,149824.06,18.954678,10.34366,8.540137,8.540152
1.796399e+25,0.865097,0.08525937,310000.0,151467.38,149824.06,149824.05,18.954678,10.343258,8.540146,8.540152
1.796399e+25,0.8755545,0.100508854,310000.0,151467.38,149824.06,149824.05,18.954678,10.342978,8.540153,8.540153
1.796399e+25,0.869831,0.09320933,310000.0,151467.4,149824.05,149824.06,18.954678,10.343427,8.540172,8.540152
1.796399e+25,0.8567792,0.08778138,310000.0,151467.31,149824.06,149824.06,18.954678,10.343167,8.540124,8.540152
1.796399e+25,0.8713385,0.096870735,310000.0,151467.4,149824.06,149824.05,18.954678,10.343667,8.540126,8.540153
1.796399e+25,0.8796213,0.09605814,310000.0,151467.39,149824.05,149824.06,18.954678,10.343497,8.540128,8.540153
1.796399e+25,0.85901415,0.07575764,310000.0,151467.36,149824.06,149824.05,18.954678,10.343206,8.540148,8.540152
1.796399e+25,0.8607471,0.09303683,310000.0,151467.39,149824.06,149824.06,18.954678,10.343386,8.540146,8.540152
1.796399e+25,0.8457469,0.073298626,310000.0,151467.39,149824.05,149824.05,18.954678,10.343187,8.540139,8.540153
1.796399e+25,0.850268,0.08305866,310000.0,151467.33,149824.06,149824.05,18.954678,10.343072,8.540147,8.540153
1.796399e+25,0.8681374,0.09002601,310000.0,151467.36,149824.05,149824.06,18.954678,10.343348,8.54013,8.540153
1.796399e+25,0.8599585,0.08969892,310000.0,151467.44,149824.05,149824.06,18.954678,10.343904,8.540153,8.540153
1.796399e+25,0.85558945,0.09404775,310000.0,151467.42,149824.06,149824.08,18.954678,10.343437,8.540134,8.540153
1.796399e+25,0.8485689,0.09048424,310000.0,151467.33,149824.05,149824.06,18.954678,10.343348,8.54012,8.540152
1.796399e+25,0.8576461,0.090302356,310000.0,151467.36,149824.06,149824.05,18.954678,10.342955,8.540127,8.540152
1.796399e+25,0.8720547,0.08624718,310000.0,151467.38,149824.05,149824.06,18.954678,10.343171,8.540133,8.540152
1.796399e+25,0.8618187,0.07748803,310000.0,151467.4,149824.06,149824.05,18.954678,10.343627,8.540133,8.540153
1.796399e+25,0.8592323,0.08502328,310000.0,151467.36,149824.05,149824.05,18.954678,10.343341,8.540152,8.540152
1.796399e+25,0.85547674,0.07731285,310000.0,151467.39,149824.08,149824.05,18.954678,10.343276,8.540143,8.540152
1.796399e+25,0.85879356,0.08966,310000.0,151467.39,149824.05,149824.06,18.954678,10.343579,8.540143,8.540152
1.796399e+25,0.8780046,0.084833145,310000.0,151467.39,149824.06,149824.06,18.954678,10.34332,8.540138,8.5401535
1.796399e+25,0.8628704,0.08524239,310000.0,151467.38,149824.05,149824.06,18.954678,10.343195,8.540139,8.540153
1.796399e+25,0.8631487,0.08108968,310000.0,151467.42,149824.05,149824.06,18.954678,10.343569,8.540146,8.540152
1.796399e+25,0.87372345,0.09327258,310000.0,151467.36,149824.05,149824.05,18.954678,10.343372,8.540144,8.540151
1.796399e+25,0.83924764,0.07404538,310000.0,151467.39,149824.05,149824.05,18.954678,10.3436775,8.540124,8.540153
1.796399e+25,0.8658041,0.09449402,310000.0,151467.4,149824.06,149824.05,18.954678,10.343591,8.54014,8.540152
1.796399e+25,0.8372384,0.07054262,310000.0,151467.38,149824.05,149824.03,18.954678,10.343449,8.540139,8.540153
1.796399e+25,0.8581812,0.08708212,310000.0,151467.34,149824.05,149824.06,18.954678,10.343079,8.540136,8.540152
1.796399e+25,0.867859,0.08124282,310000.0,151467.38,149824.05,149824.06,18.954678,10.343466,8.540147,8.540153
1.796399e+25,0.8727268,0.082662165,310000.0,151467.4,149824.03,149824.05,18.954678,10.343447,8.540136,8.540152
1.796399e+25,0.85464585,0.079621665,310000.0,151467.38,149824.03,149824.05,18.954678,10.343558,8.54013,8.540152
1.796399e+25,0.8474256,0.08678336,310000.0,151467.39,149824.03,149824.06,18.954678,10.343485,8.540149,8.540153
1.796399e+25,0.8460276,0.06809894,310000.0,151467.39,149824.06,149824.05,18.954678,10.343336,8.540134,8.540152
1.796399e+25,0.8643625,0.09261003,310000.0,151467.36,149824.06,149824.06,18.954678,10.343178,8.540135,8.540153
1.796399e+25,0.867368,0.084023505,310000.0,151467.44,149824.06,149824.03,18.954678,10.343594,8.540132,8.540152
1.796399e+25,0.86172134,0.08488564,310000.0,151467.39,149824.08,149824.06,18.954678,10.34358,8.540148,8.540153
1.796399e+25,0.85240275,0.0793445,310000.0,151467.34,149824.05,149824.05,18.954678,10.343347,8.540144,8.540153
1.796399e+25,0.8521676,0.078231856,310000.0,151467.4,149824.05,149824.06,18.954678,10.34372,8.540143,8.540153
1.796399e+25,0.8660305,0.0938672,310000.0,151467.33,149824.05,149824.03,18.954678,10.343282,8.540155,8.540153
1.796399e+25,0.8555969,0.09157366,310000.0,151467.42,149824.06,149824.05,18.954678,10.343711,8.540121,8.540153
1.796399e+25,0.8492168,0.0866543,310000.0,151467.38,149824.05,149824.05,18.954678,10.343419,8.540123,8.540152
1.796399e+25,0.8592569,0.08880957,310000.0,151467.38,149824.05,149824.08,18.954678,10.343346,8.540135,8.540153
1.796399e+25,0.8521549,0.0842011,310000.0,151467.36,149824.06,149824.03,18.954678,10.343573,8.540145,8.540153
1.796399e+25,0.85431415,0.08443917,310000.0,151467.36,149824.06,149824.05,18.954678,10.343321,8.540142,8.540152
1.796399e+25,0.85613835,0.08859574,310000.0,151467.39,149824.05,149824.06,18.954678,10.343754,8.540134,8.540153
1.796399e+25,0.8500705,0.07665785,310000.0,151467.36,149824.03,149824.06,18.954678,10.343136,8.540143,8.5401535
1.796399e+25,0.8643109,0.09643171,310000.0,151467.34,149824.02,149824.05,18.954678,10.34321,8.540127,8.540153
1.796399e+25,0.8684626,0.0832063,310000.0,151467.42,149824.06,149824.06,18.954678,10.343455,8.540145,8.540153
1.796399e+25,0.8567879,0.09042998,310000.0,151467.44,149824.05,149824.06,18.954678,10.343772,8.540131,8.540153
1.796399e+25,0.8684671,0.09027528,310000.0,151467.31,149824.03,149824.05,18.954678,10.343139,8.540156,8.540153
1.796399e+25,0.8549352,0.08416986,310000.0,151467.4,149824.05,149824.05,18.954678,10.343557,8.540132,8.540152
1.796399e+25,0.8639021,0.08045925,310000.0,151467.34,149824.05,149824.08,18.954678,10.343131,8.540149,8.540152
1.796399e+25,0.87689334,0.08908595,310000.0,151467.34,149824.03,149824.05,18.954678,10.342992,8.540133,8.540152
1.796399e+25,0.85471636,0.086561985,310000.0,151467.45,149824.05,149824.05,18.954678,10.344012,8.540133,8.540153
1.796399e+25,0.8623476,0.08671097,310000.0,151467.39,149824.05,149824.06,18.954678,10.343399,8.5401325,8.540153
1.796399e+25,0.86808753,0.093039885,310000.0,151467.34,149824.05,149824.05,18.954678,10.343581,8.540142,8.540152
1.796399e+25,0.8653514,0.07559957,310000.0,151467.39,149824.05,149824.06,18.954678,10.343708,8.540138,8.540153
1.796399e+25,0.8380406,0.08461183,310000.0,151467.4,149824.05,149824.05,18.954678,10.343746,8.540133,8.540153
1.796399e+25,0.8653032,0.08732714,310000.0,151467.36,149824.05,149824.05,18.954678,10.343187,8.54015,8.540152
1.796399e+25,0.83699864,0.078793526,310000.0,151467.42,149824.08,149824.05,18.954678,10.343412,8.540154,8.540152
1.796399e+25,0.87119925,0.09119874,310000.0,151467.33,149824.06,149824.06,18.954678,10.343244,8.540118,8.540153
1.796399e+25,0.85517025,0.09001602,310000.0,151467.36,149824.05,149824.06,18.954678,10.343293,8.540151,8.540153
1.796399e+25,0.84520805,0.08294806,310000.0,151467.38,149824.05,149824.06,18.954678,10.34399,8.540145,8.540153
1.796399e+25,0.85389477,0.08721798,310000.0,151467.36,149824.06,149824.05,18.954678,10.343477,8.540155,8.540153
1.796399e+25,0.87256485,0.095823176,310000.0,151467.34,149824.05,149824.05,18.954678,10.3433275,8.540156,8.540153
1.796399e+25,0.85517967,0.07792958,310000.0,151467.4,149824.05,149824.08,18.954678,10.343689,8.540136,8.540152
1.796399e+25,0.8745694,0.10032923,310000.0,151467.34,149824.08,149824.03,18.954678,10.343433,8.540146,8.540146
1.796399e+25,0.86233896,0.08568177,310000.0,151467.42,149824.06,149824.05,18.954678,10.34352,8.540147,8.540147
1.796399e+25,0.8621124,0.09385997,310000.0,151467.45,149824.05,149824.08,18.954678,10.343584,8.540168,8.540147
1.796399e+25,0.854713,0.091961555,310000.0,151467.39,149824.05,149824.03,18.954678,10.343424,8.540138,8.540146
1.796399e+25,0.85732085,0.08300983,310000.0,151467.42,149824.05,149824.08,18.954678,10.343943,8.540146,8.540147
1.796399e+25,0.8450689,0.07312786,310000.0,151467.34,149824.06,149824.03,18.954678,10.34323,8.540136,8.540146
1.796399e+25,0.87050664,0.09487582,310000.0,151467.39,149824.06,149824.05,18.954678,10.343572,8.540129,8.540146
1.796399e+25,0.844337,0.071983494,310000.0,151467.34,149824.08,149824.05,18.954678,10.343078,8.540148,8.540146
1.796399e+25,0.85418403,0.09326873,310000.0,151467.34,149824.05,149824.05,18.954678,10.343525,8.540154,8.540146
1.796399e+25,0.8738563,0.09462389,310000.0,151467.33,149824.05,149824.05,18.954678,10.34299,8.540164,8.540146
1.796399e+25,0.85040516,0.08593529,310000.0,151467.38,149824.05,149824.05,18.954678,10.343054,8.540159,8.540147
1.796399e+25,0.84352225,0.07405018,310000.0,151467.38,149824.06,149824.06,18.954678,10.343461,8.540144,8.540146
1.796399e+25,0.85765696,0.08919702,310000.0,151467.36,149824.06,149824.05,18.954678,10.343375,8.540128,8.540147
1.796399e+25,0.86634797,0.09216848,310000.0,151467.4,149824.06,149824.06,18.954678,10.343599,8.540131,8.540146
1.796399e+25,0.8678629,0.09375421,310000.0,151467.39,149824.05,149824.05,18.954678,10.343792,8.540151,8.540146
1.796399e+25,0.8668481,0.07523639,310000.0,151467.34,149824.08,149824.05,18.954678,10.34358,8.540149,8.540147
1.796399e+25,0.86368674,0.100342646,310000.0,151467.4,149824.05,149824.05,18.954678,10.343393,8.5401535,8.540147
1.796399e+25,0.91118103,0.1425075,310000.0,151467.36,149824.05,149824.05,18.954678,10.343427,8.5401535,8.540146
1.796399e+25,0.8739286,0.0981617,310000.0,151467.36,149824.06,149824.08,18.954678,10.343325,8.540148,8.540146
1.796399e+25,0.872509,0.09669996,310000.0,151467.44,149824.05,149824.05,18.954678,10.343656,8.540127,8.540147
1.796399e+25,0.8615828,0.07549196,310000.0,151467.39,149824.05,149824.05,18.954678,10.343285,8.540136,8.540147
1.796399e+25,0.886854,0.1177383,310000.0,151467.39,149824.06,149824.06,18.954678,10.343856,8.540122,8.540146
1.796399e+25,0.9252303,0.16867866,310000.0,151467.4,149824.05,149824.05,18.954678,10.343333,8.540153,8.540146
1.796399e+25,0.86364096,0.10275589,310000.0,151467.4,149824.05,149824.03,18.954678,10.3436165,8.540178,8.540147
1.796399e+25,0.8538398,0.082784,310000.0,151467.42,149824.05,149824.03,18.954678,10.343379,8.540146,8.540147
1.796399e+25,0.8633561,0.095375374,310000.0,151467.36,149824.05,149824.08,18.954678,10.343336,8.540129,8.540147
1.796399e+25,0.8996804,0.1329143,310000.0,151467.39,149824.03,149824.05,18.954678,10.343297,8.540154,8.540147
1.796399e+25,0.9033633,0.14335881,310000.0,151467.39,149824.05,149824.06,18.954678,10.343355,8.540154,8.540147
1.796399e+25,0.9408007,0.17144987,310000.0,151467.38,149824.05,149824.03,18.954678,10.3435135,8.540154,8.540146
1.796399e+25,0.8753406,0.106436715,310000.0,151467.34,149824.06,149824.05,18.954678,10.343581,8.54011,8.540147
1.796399e+25,0.8579699,0.08638445,310000.0,151467.39,149824.05,149824.06,18.954678,10.343675,8.5401325,8.540146
1.796399e+25,0.85846055,0.10179173,310000.0,151467.38,149824.06,149824.06,18.954678,10.34359,8.540146,8.540147
1.796399e+25,0.8674806,0.09347822,310000.0,151467.44,149824.05,149824.05,18.954678,10.343878,8.5401535,8.540148
1.796399e+25,0.8553211,0.08522826,310000.0,151467.39,149824.05,149824.06,18.954678,10.343631,8.540148,8.540146
1.796399e+25,0.8754073,0.118569404,310000.0,151467.44,149824.05,149824.06,18.954678,10.343573,8.540152,8.540147
1.796399e+25,0.85591626,0.086861074,310000.0,151467.42,149824.05,149824.05,18.954678,10.343559,8.540135,8.540146
1.796399e+25,0.87046,0.08672586,310000.0,151467.34,149824.06,149824.06,18.954678,10.343396,8.540144,8.540147
1.796399e+25,0.860792,0.08695031,310000.0,151467.42,149824.06,149824.06,18.954678,10.343438,8.5401535,8.540147
1.796399e+25,0.87343794,0.0989144,310000.0,151467.4,149824.05,149824.05,18.954678,10.343737,8.540121,8.540147
1.796399e+25,0.8713299,0.09257163,310000.0,151467.39,149824.05,149824.05,18.954678,10.343652,8.540155,8.540146
1.796399e+25,0.85781455,0.087132074,310000.0,151467.39,149824.06,149824.06,18.954678,10.343293,8.540146,8.540146
1.796399e+25,0.85950714,0.08197902,310000.0,151467.36,149824.05,149824.03,18.954678,10.3431835,8.540141,8.540146
1.796399e+25,0.85945743,0.08964966,310000.0,151467.33,149824.08,149824.06,18.954678,10.343269,8.540116,8.540146
1.796399e+25,0.86675584,0.085912436,310000.0,151467.33,149824.05,149824.06,18.954678,10.343212,8.540134,8.540147
1.796399e+25,0.8583067,0.09580718,310000.0,151467.38,149824.06,149824.06,18.954678,10.343224,8.540156,8.540147
1.796399e+25,0.8524014,0.080343395,310000.0,151467.38,149824.05,149824.05,18.954678,10.343554,8.540133,8.540146
1.796399e+25,0.8587724,0.09292954,310000.0,151467.38,149824.08,149824.05,18.954678,10.343396,8.540144,8.540146
1.796399e+25,0.8615798,0.09317615,310000.0,151467.31,149824.05,149824.06,18.954678,10.343493,8.540146,8.540147
1.796399e+25,0.86825687,0.087811455,310000.0,151467.4,149824.05,149824.06,18.954678,10.343465,8.540144,8.540147
1.796399e+25,0.8664968,0.09797886,310000.0,151467.4,149824.03,149824.05,18.954678,10.34337,8.540124,8.540146
1.796399e+25,0.86078656,0.10071708,310000.0,151467.4,149824.06,149824.05,18.954678,10.343797,8.540137,8.540147
1.796399e+25,0.85637,0.08529455,310000.0,151467.38,149824.06,149824.05,18.954678,10.343321,8.540139,8.540146
1.796399e+25,0.8615835,0.09522818,310000.0,151467.34,149824.05,149824.05,18.954678,10.343143,8.54013,8.540147
1.796399e+25,0.84748524,0.07730089,310000.0,151467.3,149824.05,149824.05,18.954678,10.343064,8.540139,8.540147
1.796399e+25,0.84313107,0.07638619,310000.0,151467.36,149824.05,149824.06,18.954678,10.343362,8.540143,8.540147
1.796399e+25,0.87123466,0.08336955,310000.0,151467.38,149824.05,149824.03,18.954678,10.343346,8.540139,8.540146
1.796399e+25,0.8754077,0.08920556,310000.0,151467.39,149824.06,149824.05,18.954678,10.343366,8.540131,8.540147
1.796399e+25,0.8656226,0.09409333,310000.0,151467.36,149824.05,149824.05,18.954678,10.343159,8.540133,8.540147
1.796399e+25,0.85346,0.07871943,310000.0,151467.42,149824.05,149824.06,18.954678,10.34348,8.540141,8.540145
1.796399e+25,0.8614149,0.09470497,310000.0,151467.38,149824.06,149824.06,18.954678,10.343488,8.540142,8.540147
1.796399e+25,0.85784256,0.09223987,310000.0,151467.33,149824.08,149824.06,18.954678,10.343524,8.540137,8.540146
1.796399e+25,0.8383946,0.09305149,310000.0,151467.36,149824.06,149824.06,18.954678,10.343484,8.540131,8.540146
1.796399e+25,0.8590051,0.08963929,310000.0,151467.31,149824.03,149824.03,18.954678,10.343326,8.54015,8.540147
1.796399e+25,0.8642283,0.08720295,310000.0,151467.4,149824.03,149824.05,18.954678,10.343284,8.540144,8.540146
1.796399e+25,0.8686526,0.09371839,310000.0,151467.36,149824.05,149824.06,18.954678,10.3431225,8.54014,8.540146
1.796399e+25,0.87835497,0.10271027,310000.0,151467.39,149824.06,149824.06,18.954678,10.343633,8.54014,8.540147
1.796399e+25,0.8366308,0.07581753,310000.0,151467.38,149824.05,149824.05,18.954678,10.343336,8.540151,8.540145
1.796399e+25,0.84725577,0.092897944,310000.0,151467.42,149824.05,149824.05,18.954678,10.343575,8.540141,8.540146
1.796399e+25,0.86608106,0.10100416,310000.0,151467.33,149824.08,149824.05,18.954678,10.342939,8.540157,8.540145
1.796399e+25,0.85936165,0.0906506,310000.0,151467.38,149824.06,149824.06,18.954678,10.343342,8.540139,8.540147
1.796399e+25,0.854935,0.09181975,310000.0,151467.42,149824.08,149824.05,18.954678,10.343496,8.540147,8.540146
1.796399e+25,0.86199975,0.09959272,310000.0,151467.38,149824.05,149824.05,18.954678,10.343433,8.540136,8.540146
1.796399e+25,0.86963636,0.09075888,310000.0,151467.34,149824.06,149824.02,18.954678,10.343372,8.54015,8.540146
1.796399e+25,0.8713891,0.0963333,310000.0,151467.39,149824.03,149824.05,18.954678,10.343553,8.540153,8.540146
1.796399e+25,0.8764095,0.11201175,310000.0,151467.38,149824.08,149824.06,18.954678,10.343271,8.540144,8.540146
1.796399e+25,0.8661751,0.09600331,310000.0,151467.39,149824.05,149824.06,18.954678,10.343306,8.540158,8.540147
1.796399e+25,0.86686546,0.091118775,310000.0,151467.34,149824.05,149824.06,18.954678,10.343373,8.540154,8.540147
1.796399e+25,0.8580348,0.092774786,310000.0,151467.38,149824.05,149824.05,18.954678,10.343336,8.540135,8.540146
1.796399e+25,0.8526537,0.08978525,310000.0,151467.39,149824.03,149824.05,18.954678,10.343393,8.5401535,8.540147
1.796399e+25,0.86782324,0.10349996,310000.0,151467.38,149824.05,149824.06,18.954678,10.343256,8.540168,8.540146
1.796399e+25,0.86728907,0.10301464,310000.0,151467.42,149824.05,149824.05,18.954678,10.343456,8.540159,8.540147
1.796399e+25,0.8654873,0.09463307,310000.0,151467.4,149824.06,149824.06,18.954678,10.343291,8.5401325,8.540146
1.796399e+25,0.8738693,0.099233754,310000.0,151467.38,149824.06,149824.06,18.954678,10.343451,8.54016,8.540146
1.796399e+25,0.8673226,0.10188129,310000.0,151467.42,149824.05,149824.05,18.954678,10.343346,8.540152,8.540147
1.796399e+25,0.8606379,0.08870918,310000.0,151467.39,149824.06,149824.05,18.954678,10.34348,8.540142,8.540147
1.796399e+25,0.86352307,0.090884075,310000.0,151467.39,149824.05,149824.05,18.954678,10.3435955,8.540136,8.540147
1.796399e+25,0.8634154,0.09043795,310000.0,151467.39,149824.06,149824.05,18.954678,10.3432255,8.540111,8.540146
1.796399e+25,0.85928386,0.094059676,310000.0,151467.39,149824.06,149824.06,18.954678,10.343266,8.540138,8.540147
1.796399e+25,0.8581165,0.096866615,310000.0,151467.45,149824.06,149824.06,18.954678,10.343803,8.5401325,8.540146
1.796399e+25,0.87053883,0.09015192,310000.0,151467.44,149824.05,149824.06,18.954678,10.343491,8.540133,8.540146
1.796399e+25,0.840815,0.08023641,310000.0,151467.39,149824.06,149824.05,18.954678,10.343568,8.540139,8.540146
1.796399e+25,0.87397295,0.08587004,310000.0,151467.4,149824.03,149824.05,18.954678,10.343422,8.540144,8.540146
1.796399e+25,0.86770564,0.095066175,310000.0,151467.38,149824.05,149824.03,18.954678,10.34356,8.540143,8.540147
1.796399e+25,0.860848,0.08483096,310000.0,151467.36,149824.05,149824.06,18.954678,10.343453,8.540164,8.540147
1.796399e+25,0.84654146,0.08837412,310000.0,151467.4,149824.03,149824.05,18.954678,10.343413,8.540145,8.540147
1.796399e+25,0.8624135,0.091286555,310000.0,151467.44,149824.05,149824.06,18.954678,10.343371,8.540151,8.540147
1.796399e+25,0.87962794,0.09879241,310000.0,151467.36,149824.05,149824.02,18.954678,10.343505,8.540128,8.540146
1.796399e+25,0.8771339,0.09406604,310000.0,151467.39,149824.06,149824.05,18.954678,10.343256,8.540145,8.540147
1.796399e+25,0.8736607,0.09908677,310000.0,151467.4,149824.05,149824.06,18.954678,10.343395,8.540147,8.540145
1.796399e+25,0.8644523,0.08680056,310000.0,151467.42,149824.05,149824.05,18.954678,10.343589,8.540124,8.540147
1.796399e+25,0.86881167,0.09622005,310000.0,151467.38,149824.06,149824.03,18.954678,10.343631,8.540152,8.540147
1.796399e+25,0.8523142,0.09192423,310000.0,151467.38,149824.08,149824.06,18.954678,10.343433,8.540132,8.540147
1.796399e+25,0.86410767,0.09516707,310000.0,151467.36,149824.06,149824.05,18.954678,10.343169,8.540154,8.540146
1.796399e+25,0.8680128,0.09924652,310000.0,151467.42,149824.05,149824.03,18.954678,10.343429,8.54014,8.540147
1.796399e+25,0.87426543,0.10110947,310000.0,151467.4,149824.06,149824.06,18.954678,10.343875,8.540144,8.540147
1.796399e+25,0.8625012,0.08367855,310000.0,151467.42,149824.05,149824.05,18.954678,10.343513,8.540145,8.540147
1.796399e+25,0.85810786,0.083204806,310000.0,151467.39,149824.05,149824.06,18.954678,10.343357,8.540149,8.540146
1.796399e+25,0.8456653,0.087638445,310000.0,151467.38,149824.05,149824.05,18.954678,10.343349,8.540135,8.540146
1.796399e+25,0.8673119,0.10301353,310000.0,151467.4,149824.06,149824.05,18.954678,10.3438,8.54013,8.540146
1.796399e+25,0.87203807,0.09971158,310000.0,151467.42,149824.06,149824.05,18.954678,10.343602,8.54013,8.540146
1.796399e+25,0.85587955,0.08960273,310000.0,151467.39,149824.06,149824.08,18.954678,10.343557,8.540146,8.540147
1.796399e+25,0.8475219,0.08609848,310000.0,151467.38,149824.05,149824.05,18.954678,10.343276,8.540141,8.540147
1.796399e+25,0.86634916,0.10285479,310000.0,151467.36,149824.06,149824.05,18.954678,10.343607,8.540124,8.540147
1.796399e+25,0.8649344,0.08992423,310000.0,151467.34,149824.05,149824.06,18.954678,10.343322,8.54014,8.540146
1.796399e+25,0.87166625,0.10553655,310000.0,151467.34,149824.05,149824.06,18.954678,10.34324,8.540161,8.540147
1.796399e+25,0.8612713,0.09975146,310000.0,151467.39,149824.06,149824.05,18.954678,10.343435,8.54012,8.540147
1.796399e+25,0.8597478,0.090627775,310000.0,151467.34,149824.08,149824.06,18.954678,10.34332,8.540142,8.540147
1.796399e+25,0.872893,0.10182442,310000.0,151467.36,149824.06,149824.03,18.954678,10.343285,8.540156,8.540147
1.796399e+25,0.8697685,0.10453662,310000.0,151467.33,149824.03,149824.03,18.954678,10.342985,8.540151,8.540149
1.796399e+25,0.8665201,0.10107393,310000.0,151467.36,149824.08,149824.06,18.954678,10.343237,8.540139,8.540148
1.796399e+25,0.8602232,0.09413915,310000.0,151467.42,149824.05,149824.05,18.954678,10.343537,8.540148,8.540148
1.796399e+25,0.8651189,0.10220123,310000.0,151467.38,149824.06,149824.08,18.954678,10.3432665,8.540139,8.540148
1.796399e+25,0.869664,0.0984096,310000.0,151467.36,149824.05,149824.05,18.954678,10.343172,8.540135,8.540149
1.796399e+25,0.8651619,0.08279618,310000.0,151467.4,149824.06,149824.05,18.954678,10.343452,8.540147,8.540149
1.796399e+25,0.8623146,0.086176686,310000.0,151467.38,149824.05,149824.06,18.954678,10.343195,8.540128,8.540149
1.796399e+25,0.8654106,0.09881238,310000.0,151467.36,149824.06,149824.05,18.954678,10.343214,8.540151,8.540149
1.796399e+25,0.85652536,0.0964351,310000.0,151467.36,149824.06,149824.05,18.954678,10.342912,8.540165,8.540149
1.796399e+25,0.8586104,0.08784502,310000.0,151467.42,149824.05,149824.06,18.954678,10.343759,8.54015,8.540148
1.796399e+25,0.8768774,0.102617726,310000.0,151467.4,149824.08,149824.06,18.954678,10.343436,8.540162,8.540149
1.796399e+25,0.8705464,0.10144315,310000.0,151467.39,149824.06,149824.06,18.954678,10.343141,8.540141,8.540148
1.796399e+25,0.86962277,0.093370184,310000.0,151467.42,149824.05,149824.06,18.954678,10.343738,8.540127,8.540149
1.796399e+25,0.87332535,0.103113145,310000.0,151467.34,149824.05,149824.06,18.954678,10.343331,8.540151,8.540148
1.796399e+25,0.8679204,0.084831156,310000.0,151467.39,149824.08,149824.05,18.954678,10.34326,8.540148,8.540149
1.796399e+25,0.86838514,0.10441407,310000.0,151467.38,149824.06,149824.05,18.954678,10.343232,8.540156,8.540149
1.796399e+25,0.8632133,0.090846576,310000.0,151467.42,149824.05,149824.06,18.954678,10.343901,8.540157,8.540149
1.796399e+25,0.8589605,0.10139374,310000.0,151467.38,149824.05,149824.05,18.954678,10.343255,8.540138,8.540148
1.796399e+25,0.8701525,0.08064532,310000.0,151467.34,149824.06,149824.06,18.954678,10.343324,8.540138,8.540149
1.796399e+25,0.85640717,0.07911115,310000.0,151467.34,149824.06,149824.08,18.954678,10.343091,8.540134,8.540149
1.796399e+25,0.8695226,0.097306445,310000.0,151467.47,149824.06,149824.06,18.954678,10.343933,8.54015,8.540149
1.796399e+25,0.8546013,0.08339262,310000.0,151467.44,149824.08,149824.06,18.954678,10.343629,8.540135,8.540149
1.796399e+25,0.8507352,0.098982945,310000.0,151467.38,149824.05,149824.06,18.954678,10.343204,8.5401745,8.540148
1.796399e+25,0.8650712,0.09625418,310000.0,151467.38,149824.03,149824.06,18.954678,10.343439,8.540143,8.540149
1.796399e+25,0.86793137,0.09584267,310000.0,151467.42,149824.05,149824.06,18.954678,10.343533,8.540135,8.540149
1.796399e+25,0.87548566,0.107323825,310000.0,151467.33,149824.06,149824.06,18.954678,10.343221,8.540099,8.540149
1.796399e+25,0.8738531,0.10638111,310000.0,151467.38,149824.06,149824.06,18.954678,10.343333,8.54015,8.540149
1.796399e+25,0.86097777,0.08898931,310000.0,151467.4,149824.06,149824.05,18.954678,10.3436985,8.540134,8.540148
1.796399e+25,0.87588555,0.09748196,310000.0,151467.38,149824.06,149824.08,18.954678,10.343641,8.54015,8.540149
1.796399e+25,0.85606384,0.079247884,310000.0,151467.36,149824.06,149824.06,18.954678,10.3435545,8.540148,8.540148
1.796399e+25,0.8566419,0.09103961,310000.0,151467.39,149824.06,149824.06,18.954678,10.34341,8.540133,8.54015
1.796399e+25,0.86761546,0.098955005,310000.0,151467.4,149824.05,149824.05,18.954678,10.343688,8.540156,8.540148
1.796399e+25,0.8659068,0.10035676,310000.0,151467.42,149824.03,149824.05,18.954678,10.343551,8.540138,8.540149
1.796399e+25,0.85460424,0.07534844,310000.0,151467.34,149824.06,149824.08,18.954678,10.342958,8.540136,8.540149
1.796399e+25,0.8689573,0.10034736,310000.0,151467.42,149824.05,149824.05,18.954678,10.343195,8.5401535,8.540149
1.796399e+25,0.8740264,0.103486076,310000.0,151467.38,149824.08,149824.06,18.954678,10.343168,8.540162,8.540149
1.796399e+25,0.8544027,0.08412258,310000.0,151467.4,149824.06,149824.06,18.954678,10.343519,8.540136,8.54015
1.796399e+25,0.87709135,0.10462836,310000.0,151467.38,149824.05,149824.06,18.954678,10.343369,8.540136,8.540149
1.796399e+25,0.86661637,0.08756507,310000.0,151467.36,149824.05,149824.06,18.954678,10.343304,8.540149,8.540149
1.796399e+25,0.86475223,0.09784283,310000.0,151467.4,149824.06,149824.06,18.954678,10.343453,8.540144,8.540149
1.796399e+25,0.85766315,0.09044652,310000.0,151467.36,149824.05,149824.05,18.954678,10.343257,8.540149,8.540148
1.796399e+25,0.8503759,0.07948306,310000.0,151467.38,149824.06,149824.06,18.954678,10.343493,8.540134,8.540149
1.796399e+25,0.87461466,0.10619576,310000.0,151467.34,149824.06,149824.05,18.954678,10.343261,8.540126,8.540148
1.796399e+25,0.8487793,0.09086867,310000.0,151467.39,149824.06,149824.05,18.954678,10.34356,8.540146,8.540149
1.796399e+25,0.87162715,0.092328034,310000.0,151467.38,149824.05,149824.06,18.954678,10.343256,8.540149,8.540148
1.796399e+25,0.86682224,0.099482164,310000.0,151467.36,149824.06,149824.06,18.954678,10.343442,8.540157,8.540149
1.796399e+25,0.8729643,0.08826588,310000.0,151467.33,149824.06,149824.05,18.954678,10.343101,8.540131,8.540149
1.796399e+25,0.8663883,0.097976826,310000.0,151467.39,149824.05,149824.06,18.954678,10.343592,8.54014,8.540148
1.796399e+25,0.85308766,0.0902015,310000.0,151467.3,149824.05,149824.06,18.954678,10.343183,8.540155,8.540148
1.796399e+25,0.8625283,0.093769625,310000.0,151467.4,149824.06,149824.06,18.954678,10.343628,8.540144,8.540149
1.796399e+25,0.8602186,0.07904073,310000.0,151467.44,149824.03,149824.06,18.954678,10.343202,8.540151,8.540149
1.796399e+25,0.85754025,0.10313629,310000.0,151467.4,149824.06,149824.06,18.954678,10.343457,8.540125,8.540149
1.796399e+25,0.8584223,0.08866864,310000.0,151467.44,149824.06,149824.06,18.954678,10.343618,8.540148,8.540149
1.796399e+25,0.865633,0.09234792,310000.0,151467.39,149824.05,149824.08,18.954678,10.343556,8.540131,8.54015
1.796399e+25,0.8786809,0.11220523,310000.0,151467.34,149824.08,149824.05,18.954678,10.343493,8.540162,8.540149
1.796399e+25,0.87056905,0.09217333,310000.0,151467.39,149824.06,149824.06,18.954678,10.343512,8.540146,8.540149
1.796399e+25,0.8510902,0.09421683,310000.0,151467.4,149824.06,149824.06,18.954678,10.343655,8.540154,8.540149
1.796399e+25,0.86132765,0.09167224,310000.0,151467.38,149824.06,149824.05,18.954678,10.343319,8.540143,8.540149
1.796399e+25,0.8749925,0.10535102,310000.0,151467.36,149824.06,149824.06,18.954678,10.343206,8.540126,8.540149
1.796399e+25,0.8616856,0.09043189,310000.0,151467.4,149824.06,149824.03,18.954678,10.343222,8.540125,8.540148
1.796399e+25,0.87348634,0.09628961,310000.0,151467.39,149824.05,149824.05,18.954678,10.343669,8.540119,8.540149
1.796399e+25,0.8533418,0.09117229,310000.0,151467.34,149824.05,149824.05,18.954678,10.343249,8.540138,8.540149
1.796399e+25,0.86388445,0.09189418,310000.0,151467.36,149824.06,149824.06,18.954678,10.343358,8.540156,8.540148
1.796399e+25,0.87182623,0.095180236,310000.0,151467.36,149824.05,149824.06,18.954678,10.343226,8.540137,8.540149
1.796399e+25,0.871622,0.09433251,310000.0,151467.36,149824.05,149824.06,18.954678,10.343022,8.540151,8.540149
1.796399e+25,0.86342347,0.101389565,310000.0,151467.36,149824.06,149824.06,18.954678,10.343214,8.540138,8.540149
1.796399e+25,0.8686907,0.09616942,310000.0,151467.34,149824.05,149824.06,18.954678,10.343202,8.54013,8.540149
1.796399e+25,0.8734693,0.09814502,310000.0,151467.4,149824.05,149824.06,18.954678,10.343588,8.540145,8.540149
1.796399e+25,0.8625985,0.09101394,310000.0,151467.39,149824.06,149824.06,18.954678,10.3434515,8.540132,8.540149
1.796399e+25,0.8618609,0.08353004,310000.0,151467.39,149824.05,149824.08,18.954678,10.343522,8.5401325,8.540149
1.796399e+25,0.8755901,0.10732226,310000.0,151467.42,149824.06,149824.06,18.954678,10.343489,8.540124,8.540149
1.796399e+25,0.87175876,0.09700376,310000.0,151467.42,149824.08,149824.06,18.954678,10.343618,8.54013,8.540148
1.796399e+25,0.8624556,0.09919398,310000.0,151467.34,149824.1,149824.05,18.954678,10.343387,8.540134,8.540149
1.796399e+25,0.86388844,0.09701138,310000.0,151467.38,149824.06,149824.05,18.954678,10.343239,8.540148,8.540149
1.796399e+25,0.84705895,0.07688598,310000.0,151467.4,149824.05,149824.06,18.954678,10.343379,8.540134,8.540149
1.796399e+25,0.8707057,0.09760486,310000.0,151467.4,149824.05,149824.06,18.954678,10.343364,8.540144,8.540148
1.796399e+25,0.8526088,0.09361501,310000.0,151467.36,149824.06,149824.05,18.954678,10.343534,8.540145,8.540149
1.796399e+25,0.8633424,0.107729435,310000.0,151467.4,149824.05,149824.03,18.954678,10.343647,8.540114,8.540149
1.796399e+25,0.86480224,0.09497501,310000.0,151467.39,149824.06,149824.05,18.954678,10.343447,8.540133,8.540149
1.796399e+25,0.85387063,0.08225672,310000.0,151467.34,149824.06,149824.05,18.954678,10.342996,8.540139,8.540149
1.796399e+25,0.8502058,0.09783921,310000.0,151467.33,149824.05,149824.05,18.954678,10.343271,8.5401535,8.540148
1.796399e+25,0.86361516,0.104341604,310000.0,151467.34,149824.05,149824.06,18.954678,10.343237,8.540138,8.540149
1.796399e+25,0.8861378,0.09767168,310000.0,151467.39,149824.06,149824.06,18.954678,10.3434105,8.540104,8.540149
1.796399e+25,0.8671594,0.092004284,310000.0,151467.42,149824.05,149824.06,18.954678,10.343278,8.540122,8.540149
1.796399e+25,0.8585729,0.08905187,310000.0,151467.36,149824.06,149824.05,18.954678,10.343663,8.540146,8.540148
1.796399e+25,0.8527893,0.091267444,310000.0,151467.4,149824.05,149824.05,18.954678,10.3433485,8.540133,8.540149
1.796399e+25,0.87087196,0.10457053,310000.0,151467.39,149824.06,149824.05,18.954678,10.34369,8.540142,8.540149
1.796399e+25,0.8666449,0.08881206,310000.0,151467.33,149824.06,149824.06,18.954678,10.343212,8.540133,8.540149
1.796399e+25,0.8577463,0.08453717,310000.0,151467.36,149824.05,149824.05,18.954678,10.343248,8.540135,8.540148
1.796399e+25,0.8690744,0.10032668,310000.0,151467.39,149824.05,149824.05,18.954678,10.343435,8.540118,8.540149
1.796399e+25,0.85402864,0.093002945,310000.0,151467.39,149824.05,149824.06,18.954678,10.343316,8.540121,8.54015
1.796399e+25,0.856509,0.0953053,310000.0,151467.4,149824.05,149824.06,18.954678,10.343565,8.540138,8.540148
1.796399e+25,0.8510883,0.0935769,310000.0,151467.38,149824.06,149824.05,18.954678,10.343636,8.540131,8.540149
1.796399e+25,0.8552703,0.086019054,310000.0,151467.42,149824.05,149824.08,18.954678,10.343414,8.540132,8.540148
1.796399e+25,0.8740051,0.10056892,310000.0,151467.36,149824.06,149824.05,18.954678,10.343079,8.540139,8.540149
1.796399e+25,0.8697555,0.10256904,310000.0,151467.38,149824.06,149824.05,18.954678,10.343158,8.540099,8.540149
1.796399e+25,0.87359434,0.09539362,310000.0,151467.36,149824.06,149824.06,18.954678,10.343222,8.540148,8.540149
1.796399e+25,0.8491199,0.08961253,310000.0,151467.42,149824.08,149824.05,18.954678,10.343605,8.540128,8.540148
1.796399e+25,0.86133325,0.09923631,310000.0,151467.36,149824.06,149824.06,18.954678,10.343704,8.540127,8.540149
1.796399e+25,0.87220603,0.09554389,310000.0,151467.38,149824.06,149824.05,18.954678,10.343539,8.540118,8.540148
1.796399e+25,0.8648133,0.097826555,310000.0,151467.33,149824.06,149824.03,18.954678,10.343429,8.540141,8.54015
1.796399e+25,0.87848765,0.10368888,310000.0,151467.38,149824.06,149824.06,18.954678,10.343336,8.540145,8.54015
1.796399e+25,0.8629194,0.09183507,310000.0,151467.4,149824.08,149824.05,18.954678,10.343794,8.54013,8.540149
1.796399e+25,0.85939157,0.094903134,310000.0,151467.42,149824.05,149824.06,18.954678,10.343342,8.540152,8.540149
1.796399e+25,0.8638877,0.08499896,310000.0,151467.38,149824.08,149824.06,18.954678,10.343457,8.540133,8.540149
1.796399e+25,0.86580116,0.10095613,310000.0,151467.4,149824.06,149824.06,18.954678,10.343436,8.540107,8.540149
1.796399e+25,0.8641784,0.09952418,310000.0,151467.42,149824.05,149824.08,18.954678,10.343213,8.540143,8.540149
1.796399e+25,0.8563628,0.097792976,310000.0,151467.42,149824.06,149824.06,18.954678,10.343707,8.540125,8.5401535
1.796399e+25,0.8657858,0.1039513,310000.0,151467.45,149824.06,149824.06,18.954678,10.343774,8.540158,8.5401535
1.796399e+25,0.8626906,0.09596829,310000.0,151467.38,149824.06,149824.03,18.954678,10.343445,8.540155,8.540153
1.796399e+25,0.8476629,0.076605834,310000.0,151467.4,149824.05,149824.03,18.954678,10.343358,8.540148,8.5401535
1.796399e+25,0.85741335,0.09777104,310000.0,151467.38,149824.06,149824.05,18.954678,10.343395,8.540136,8.540153
1.796399e+25,0.85832703,0.0812371,310000.0,151467.34,149824.08,149824.05,18.954678,10.343344,8.54013,8.5401535
1.796399e+25,0.854819,0.07916996,310000.0,151467.34,149824.06,149824.06,18.954678,10.343269,8.540142,8.540153
1.796399e+25,0.89049304,0.09932247,310000.0,151467.44,149824.03,149824.06,18.954678,10.343381,8.540169,8.540153
1.796399e+25,0.88402975,0.12763059,310000.0,151467.39,149824.05,149824.06,18.954678,10.34333,8.540153,8.5401535
1.796399e+25,0.868206,0.096324615,310000.0,151467.42,149824.05,149824.08,18.954678,10.343512,8.540122,8.5401535
1.796399e+25,0.89546824,0.1345576,310000.0,151467.42,149824.03,149824.06,18.954678,10.343411,8.540146,8.540153
1.796399e+25,0.88026124,0.11014658,310000.0,151467.4,149824.06,149824.06,18.954678,10.343354,8.540174,8.540153
1.796399e+25,0.8743484,0.113936506,310000.0,151467.3,149824.08,149824.08,18.954678,10.343368,8.54016,8.540153
1.796399e+25,0.8718344,0.10406297,310000.0,151467.4,149824.05,149824.06,18.954678,10.343495,8.540161,8.5401535
1.796399e+25,0.8542891,0.08098268,310000.0,151467.34,149824.06,149824.05,18.954678,10.343209,8.540145,8.5401535
1.796399e+25,0.85425115,0.08867469,310000.0,151467.38,149824.08,149824.06,18.954678,10.343145,8.540151,8.540153
1.796399e+25,0.8778918,0.10120488,310000.0,151467.38,149824.05,149824.06,18.954678,10.34356,8.540164,8.5401535
1.796399e+25,0.8596182,0.091963746,310000.0,151467.38,149824.05,149824.06,18.954678,10.343469,8.540135,8.540153
1.796399e+25,0.8638438,0.10345122,310000.0,151467.38,149824.05,149824.03,18.954678,10.343374,8.540135,8.5401535
1.796399e+25,0.8738779,0.12015643,310000.0,151467.34,149824.06,149824.06,18.954678,10.343429,8.540172,8.5401535
1.796399e+25,0.92793804,0.16267203,310000.0,151467.4,149824.05,149824.06,18.954678,10.343522,8.540145,8.5401535
1.796399e+25,0.85392076,0.098570086,310000.0,151467.38,149824.03,149824.08,18.954678,10.3435,8.540153,8.5401535
1.796399e+25,0.88056666,0.11619766,310000.0,151467.39,149824.06,149824.05,18.954678,10.343102,8.540126,8.5401535
1.796399e+25,0.8425004,0.08678125,310000.0,151467.36,149824.05,149824.06,18.954678,10.34331,8.540134,8.540153
1.796399e+25,0.87888235,0.111565426,310000.0,151467.4,149824.06,149824.06,18.954678,10.343517,8.5401745,8.540153
1.796399e+25,0.884115,0.09779406,310000.0,151467.36,149824.05,149824.03,18.954678,10.343394,8.540169,8.5401535
1.796399e+25,0.8688987,0.0969449,310000.0,151467.39,149824.06,149824.06,18.954678,10.34321,8.540132,8.540153
1.796399e+25,0.87579495,0.093743905,310000.0,151467.34,149824.05,149824.05,18.954678,10.342987,8.540168,8.5401535
1.796399e+25,0.8655438,0.09363573,310000.0,151467.4,149824.05,149824.05,18.954678,10.343379,8.540155,8.540153
1.796399e+25,0.88224316,0.1220158,310000.0,151467.36,149824.03,149824.06,18.954678,10.3434725,8.540122,8.540153
1.796399e+25,0.87672555,0.10597133,310000.0,151467.42,149824.08,149824.05,18.954678,10.34362,8.540152,8.540153
1.796399e+25,0.88854325,0.1207082,310000.0,151467.36,149824.05,149824.05,18.954678,10.343238,8.540142,8.5401535
1.796399e+25,0.8963059,0.14109695,310000.0,151467.36,149824.05,149824.05,18.954678,10.343662,8.540147,8.5401535
1.796399e+25,0.9391992,0.17414102,310000.0,151467.42,149824.06,149824.05,18.954678,10.343447,8.540149,8.5401535
1.796399e+25,0.88552696,0.12310667,310000.0,151467.39,149824.02,149824.05,18.954678,10.343451,8.540154,8.5401535
1.796399e+25,0.88920414,0.12419028,310000.0,151467.38,149824.03,149824.06,18.954678,10.34343,8.540165,8.5401535
1.796399e+25,0.8660685,0.09379687,310000.0,151467.39,149824.05,149824.06,18.954678,10.343539,8.540143,8.540154
1.796399e+25,0.878726,0.10302267,310000.0,151467.39,149824.03,149824.06,18.954678,10.34354,8.54014,8.5401535
1.796399e+25,0.89073056,0.1114141,310000.0,151467.38,149824.05,149824.05,18.954678,10.343649,8.540139,8.5401535
1.796399e+25,0.88152605,0.10345672,310000.0,151467.42,149824.08,149824.05,18.954678,10.343981,8.540124,8.5401535
1.796399e+25,0.8725156,0.09035253,310000.0,151467.36,149824.06,149824.08,18.954678,10.343019,8.540133,8.540153
1.796399e+25,0.8779577,0.104457445,310000.0,151467.38,149824.03,149824.08,18.954678,10.343381,8.540127,8.5401535
1.796399e+25,0.8705491,0.09905376,310000.0,151467.34,149824.06,149824.03,18.954678,10.343595,8.540156,8.5401535
1.796399e+25,0.8596129,0.099022135,310000.0,151467.38,149824.06,149824.05,18.954678,10.343265,8.540159,8.5401535
1.796399e+25,0.860045,0.084757626,310000.0,151467.33,149824.05,149824.05,18.954678,10.34321,8.540124,8.540153
1.796399e+25,0.85989237,0.09383846,310000.0,151467.42,149824.05,149824.08,18.954678,10.343383,8.540144,8.5401535
1.796399e+25,0.86093974,0.08967411,310000.0,151467.38,149824.05,149824.05,18.954678,10.343731,8.540135,8.540153
1.796399e+25,0.89998764,0.14441021,310000.0,151467.38,149824.05,149824.06,18.954678,10.343444,8.540149,8.540153
1.796399e+25,0.865347,0.09273538,310000.0,151467.34,149824.06,149824.06,18.954678,10.343334,8.540131,8.540153
1.796399e+25,0.86769813,0.108036585,310000.0,151467.36,149824.06,149824.06,18.954678,10.34304,8.540124,8.540153
1.796399e+25,0.88759947,0.11979871,310000.0,151467.36,149824.05,149824.05,18.954678,10.343282,8.540188,8.540153
1.796399e+25,0.8686783,0.10440212,310000.0,151467.33,149824.06,149824.05,18.954678,10.343192,8.540132,8.540153
1.796399e+25,0.8643978,0.09649866,310000.0,151467.4,149824.06,149824.08,18.954678,10.343295,8.540133,8.5401535
1.796399e+25,0.87876517,0.1076071,310000.0,151467.39,149824.06,149824.06,18.954678,10.343575,8.540109,8.5401535
1.796399e+25,0.85583276,0.08376115,310000.0,151467.34,149824.05,149824.06,18.954678,10.343303,8.540136,8.540153
1.796399e+25,0.8786116,0.10736521,310000.0,151467.39,149824.03,149824.06,18.954678,10.343595,8.540144,8.5401535
1.796399e+25,0.8843838,0.10428473,310000.0,151467.4,149824.05,149824.05,18.954678,10.343428,8.540142,8.540153
1.796399e+25,0.8795798,0.09373486,310000.0,151467.38,149824.05,149824.06,18.954678,10.343452,8.540145,8.540153
1.796399e+25,0.88169247,0.102435455,310000.0,151467.4,149824.05,149824.03,18.954678,10.3433695,8.54015,8.540153
1.796399e+25,0.87492704,0.103310704,310000.0,151467.4,149824.08,149824.06,18.954678,10.343296,8.540165,8.5401535
1.796399e+25,0.8593877,0.09506267,310000.0,151467.39,149824.06,149824.06,18.954678,10.343519,8.540146,8.540154
1.796399e+25,0.8518527,0.081821024,310000.0,151467.42,149824.05,149824.06,18.954678,10.343484,8.540143,8.540153
1.796399e+25,0.87591136,0.104264304,310000.0,151467.36,149824.05,149824.03,18.954678,10.343238,8.5401125,8.540154
1.796399e+25,0.86785203,0.10462706,310000.0,151467.4,149824.06,149824.05,18.954678,10.343312,8.540127,8.540153
1.796399e+25,0.87162405,0.09898129,310000.0,151467.34,149824.06,149824.06,18.954678,10.343003,8.540141,8.5401535
1.796399e+25,0.8433868,0.08428422,310000.0,151467.39,149824.06,149824.06,18.954678,10.343179,8.540137,8.540153
1.796399e+25,0.8654056,0.08963383,310000.0,151467.36,149824.03,149824.08,18.954678,10.343502,8.540134,8.5401535
1.796399e+25,0.85255337,0.09234439,310000.0,151467.33,149824.06,149824.06,18.954678,10.343697,8.540139,8.5401535
1.796399e+25,0.8632376,0.09328504,310000.0,151467.38,149824.06,149824.05,18.954678,10.343414,8.540154,8.5401535
1.796399e+25,0.86077935,0.086788476,310000.0,151467.39,149824.05,149824.05,18.954678,10.343409,8.540131,8.540153
1.796399e+25,0.8810117,0.114103,310000.0,151467.38,149824.05,149824.08,18.954678,10.3435545,8.540149,8.540153
1.796399e+25,0.865525,0.09160093,310000.0,151467.38,149824.06,149824.08,18.954678,10.343451,8.540126,8.5401535
1.796399e+25,0.8791327,0.10724239,310000.0,151467.38,149824.06,149824.06,18.954678,10.343662,8.540133,8.5401535
1.796399e+25,0.8620144,0.10885321,310000.0,151467.4,149824.06,149824.05,18.954678,10.343617,8.540155,8.5401535
1.796399e+25,0.8629319,0.08675602,310000.0,151467.42,149824.06,149824.05,18.954678,10.343372,8.540131,8.540153
1.796399e+25,0.83816725,0.06874266,310000.0,151467.34,149824.05,149824.05,18.954678,10.34346,8.54014,8.5401535
1.796399e+25,0.85818964,0.0865491,310000.0,151467.4,149824.03,149824.06,18.954678,10.343492,8.540133,8.5401535
1.796399e+25,0.869211,0.072505295,310000.0,151467.33,149824.05,149824.05,18.954678,10.343423,8.540134,8.540153
1.796399e+25,0.8691159,0.088509,310000.0,151467.42,149824.08,149824.06,18.954678,10.34354,8.540137,8.5401535
1.796399e+25,0.8700801,0.089081556,310000.0,151467.39,149824.06,149824.06,18.954678,10.3433695,8.540145,8.5401535
1.796399e+25,0.86187977,0.081616126,310000.0,151467.42,149824.06,149824.03,18.954678,10.343528,8.540137,8.540152
1.796399e+25,0.86481965,0.09153989,310000.0,151467.34,149824.06,149824.08,18.954678,10.343259,8.540151,8.5401535
1.796399e+25,0.8680637,0.09069389,310000.0,151467.34,149824.05,149824.08,18.954678,10.343405,8.540148,8.5401535
1.796399e+25,0.84831977,0.08101787,310000.0,151467.36,149824.05,149824.08,18.954678,10.343235,8.540127,8.540153
1.796399e+25,0.8658264,0.085122354,310000.0,151467.4,149824.06,149824.08,18.954678,10.343411,8.540128,8.5401535
1.796399e+25,0.86951196,0.095201,310000.0,151467.4,149824.05,149824.06,18.954678,10.343642,8.540156,8.5401535
1.796399e+25,0.8493279,0.074328244,310000.0,151467.34,149824.05,149824.08,18.954678,10.3433,8.540142,8.5401535
1.796399e+25,0.85895854,0.094335094,310000.0,151467.42,149824.06,149824.05,18.954678,10.343346,8.540142,8.5401535
1.796399e+25,0.86250424,0.08611241,310000.0,151467.39,149824.05,149824.08,18.954678,10.343126,8.540145,8.540154
1.796399e+25,0.86558306,0.08860641,310000.0,151467.4,149824.05,149824.08,18.954678,10.343749,8.540142,8.5401535
1.796399e+25,0.85562116,0.07390571,310000.0,151467.36,149824.06,149824.06,18.954678,10.343265,8.540134,8.5401535
1.796399e+25,0.8555295,0.08411609,310000.0,151467.38,149824.06,149824.05,18.954678,10.343873,8.540135,8.540153
1.796399e+25,0.83799666,0.0696535,310000.0,151467.31,149824.06,149824.05,18.954678,10.342949,8.54014,8.540153
1.796399e+25,0.86081815,0.0705416,310000.0,151467.34,149824.05,149824.05,18.954678,10.343178,8.540132,8.5401535
1.796399e+25,0.8769253,0.10204516,310000.0,151467.34,149824.06,149824.06,18.954678,10.3433485,8.540166,8.5401535
1.796399e+25,0.875474,0.09279396,310000.0,151467.36,149824.06,149824.05,18.954678,10.343469,8.540129,8.5401535
1.796399e+25,0.8689562,0.0886831,310000.0,151467.42,149824.06,149824.03,18.954678,10.343524,8.540151,8.5401535
1.796399e+25,0.8784417,0.1020642,310000.0,151467.42,149824.05,149824.06,18.954678,10.343367,8.54016,8.5401535
1.796399e+25,0.8549638,0.08548703,310000.0,151467.39,149824.06,149824.05,18.954678,10.343584,8.540139,8.5401535
1.796399e+25,0.86674666,0.092469394,310000.0,151467.38,149824.06,149824.06,18.954678,10.343242,8.540143,8.5401535
1.796399e+25,0.86021495,0.09222705,310000.0,151467.33,149824.05,149824.05,18.954678,10.343322,8.54013,8.540153
1.796399e+25,0.85531497,0.08906411,310000.0,151467.36,149824.05,149824.06,18.954678,10.343618,8.5401325,8.540153
1.796399e+25,0.85484505,0.09175265,310000.0,151467.39,149824.05,149824.06,18.954678,10.343434,8.54013,8.5401535
1.796399e+25,0.85063493,0.07781276,310000.0,151467.39,149824.05,149824.06,18.954678,10.343275,8.540148,8.5401535
1.796399e+25,0.86293334,0.081419624,310000.0,151467.44,149824.05,149824.05,18.954678,10.343678,8.540141,8.540153
1.796399e+25,0.85104924,0.080547035,310000.0,151467.38,149824.05,149824.06,18.954678,10.343383,8.540133,8.540153
1.796399e+25,0.85611266,0.090158954,310000.0,151467.31,149824.08,149824.06,18.954678,10.343279,8.5401535,8.540154
1.796399e+25,0.8393702,0.089642234,310000.0,151467.4,149824.05,149824.08,18.954678,10.343613,8.540137,8.5401535
1.796399e+25,0.861448,0.089271985,310000.0,151467.39,149824.05,149824.06,18.954678,10.3433275,8.54012,8.5401535
1.796399e+25,0.86675954,0.08945169,310000.0,151467.42,149824.06,149824.06,18.954678,10.343862,8.540143,8.5401535
1.796399e+25,0.8636508,0.082684435,310000.0,151467.31,149824.05,149824.06,18.954678,10.343193,8.540129,8.5401535
1.796399e+25,0.8678997,0.10217804,310000.0,151467.39,149824.06,149824.05,18.954678,10.343319,8.540145,8.540153
1.796399e+25,0.86838,0.09380739,310000.0,151467.31,149824.05,149824.05,18.954678,10.343391,8.540134,8.540154
1.796399e+25,0.8638723,0.093420506,310000.0,151467.38,149824.05,149824.05,18.954678,10.34319,8.540142,8.540153
1.796399e+25,0.86995745,0.08381978,310000.0,151467.38,149824.06,149824.03,18.954678,10.343249,8.540145,8.540153
1.796399e+25,0.85112363,0.075674154,310000.0,151467.39,149824.06,149824.06,18.954678,10.343209,8.540134,8.540152
1.796399e+25,0.8592498,0.07603977,310000.0,151467.45,149824.05,149824.06,18.954678,10.343578,8.540136,8.540153
1.796399e+25,0.85863996,0.08662529,310000.0,151467.39,149824.06,149824.06,18.954678,10.343337,8.540135,8.540153
1.796399e+25,0.86093557,0.085209005,310000.0,151467.44,149824.05,149824.05,18.954678,10.34365,8.540142,8.540153
1.796399e+25,0.8540004,0.0919996,310000.0,151467.33,149824.05,149824.08,18.954678,10.343401,8.540141,8.540152
1.796399e+25,0.8417953,0.07623632,310000.0,151467.44,149824.06,149824.05,18.954678,10.343727,8.540146,8.540153
1.796399e+25,0.85943437,0.09013076,310000.0,151467.42,149824.05,149824.06,18.954678,10.343675,8.540149,8.540153
1.796399e+25,0.85525256,0.08557698,310000.0,151467.44,149824.05,149824.08,18.954678,10.343485,8.540137,8.540153
1.796399e+25,0.8846384,0.104294784,310000.0,151467.4,149824.06,149824.05,18.954678,10.343517,8.540148,8.5401535
1.796399e+25,0.87079537,0.08927543,310000.0,151467.39,149824.06,149824.05,18.954678,10.343529,8.540153,8.540152
1.796399e+25,0.8534882,0.09772126,310000.0,151467.39,149824.06,149824.05,18.954678,10.343521,8.54015,8.540152
1.796399e+25,0.86453384,0.08236522,310000.0,151467.34,149824.08,149824.03,18.954678,10.343474,8.540129,8.5401535
1.796399e+25,0.8708761,0.096433066,310000.0,151467.4,149824.08,149824.06,18.954678,10.343402,8.540135,8.540153
1.796399e+25,0.86478543,0.092497684,310000.0,151467.36,149824.06,149824.05,18.954678,10.343407,8.540139,8.540153
1.796399e+25,0.85622716,0.08743533,310000.0,151467.45,149824.03,149824.05,18.954678,10.343614,8.540141,8.540153
1.796399e+25,0.859319,0.08358945,310000.0,151467.36,149824.08,149824.06,18.954678,10.343357,8.540129,8.540152
1.796399e+25,0.8499783,0.07733747,310000.0,151467.4,149824.05,149824.05,18.954678,10.34324,8.540139,8.540152
1.796399e+25,0.8792397,0.09013817,310000.0,151467.33,149824.03,149824.05,18.954678,10.343207,8.540151,8.5401535
1.796399e+25,0.8755825,0.09721114,310000.0,151467.36,149824.05,149824.05,18.954678,10.343366,8.540117,8.540153
1.796399e+25,0.8487839,0.0850695,310000.0,151467.39,149824.05,149824.08,18.954678,10.343718,8.540144,8.540152
1.796399e+25,0.8755515,0.09922189,310000.0,151467.45,149824.06,149824.03,18.954678,10.343584,8.540161,8.540153
1.796399e+25,0.8595979,0.08185416,310000.0,151467.39,149824.06,149824.05,18.954678,10.343281,8.540143,8.540152
1.796399e+25,0.86975634,0.0911351,310000.0,151467.38,149824.05,149824.06,18.954678,10.343426,8.54015,8.5401535
1.796399e+25,0.8685245,0.09936766,310000.0,151467.36,149824.06,149824.05,18.954678,10.343557,8.54014,8.540153
1.796399e+25,0.8682631,0.09668421,310000.0,151467.36,149824.06,149824.06,18.954678,10.343526,8.540146,8.5401535
1.796399e+25,0.8681742,0.09467492,310000.0,151467.42,149824.05,149824.08,18.954678,10.34366,8.540143,8.540152
1.796399e+25,0.8516735,0.093352154,310000.0,151467.4,149824.05,149824.03,18.954678,10.343246,8.540142,8.540153
1.796399e+25,0.8607222,0.084810816,310000.0,151467.39,149824.05,149824.06,18.954678,10.343343,8.540146,8.540153
1.796399e+25,0.8568054,0.09192578,310000.0,151467.31,149824.05,149824.05,18.954678,10.343141,8.540145,8.5401535
1.796399e+25,0.8727321,0.095231295,310000.0,151467.38,149824.05,149824.05,18.954678,10.343555,8.540119,8.5401535
1.796399e+25,0.8731526,0.09686474,310000.0,151467.36,149824.06,149824.05,18.954678,10.342987,8.540104,8.540153
1.796399e+25,0.8595836,0.080776446,310000.0,151467.4,149824.06,149824.03,18.954678,10.343259,8.540125,8.540153
1.796399e+25,0.8656379,0.08113978,310000.0,151467.36,149824.06,149824.06,18.954678,10.343514,8.540132,8.540153
1.796399e+25,0.8604732,0.099756375,310000.0,151467.33,149824.03,149824.05,18.954678,10.343192,8.540158,8.540153
1.796399e+25,0.860095,0.08205126,310000.0,151467.36,149824.06,149824.05,18.954678,10.343227,8.540136,8.5401535
1.796399e+25,0.8504684,0.07980802,310000.0,151467.38,149824.06,149824.05,18.954678,10.343346,8.540147,8.5401535
1.796399e+25,0.8704599,0.08812874,310000.0,151467.33,149824.05,149824.06,18.954678,10.343023,8.540143,8.540153
1.796399e+25,0.85568804,0.07358961,310000.0,151467.4,149824.03,149824.06,18.954678,10.343508,8.540137,8.540153
1.796399e+25,0.8556519,0.09245652,310000.0,151467.39,149824.03,149824.06,18.954678,10.343616,8.540132,8.540153
1.796399e+25,0.8596714,0.09196485,310000.0,151467.39,149824.03,149824.06,18.954678,10.3431635,8.540141,8.5401535
1.796399e+25,0.8585891,0.09527753,310000.0,151467.34,149824.06,149824.06,18.954678,10.343587,8.54014,8.540153
1.796399e+25,0.8714407,0.09662185,310000.0,151467.4,149824.06,149824.05,18.954678,10.343599,8.540152,8.5401535
1.796399e+25,0.8751596,0.09428673,310000.0,151467.38,149824.05,149824.06,18.954678,10.343406,8.540152,8.540152
1.796399e+25,0.86122984,0.100526445,310000.0,151467.39,149824.06,149824.06,18.954678,10.343487,8.540114,8.540153
1.796399e+25,0.86319894,0.09941022,310000.0,151467.44,149824.05,149824.05,18.954678,10.343589,8.540125,8.540153
1.796399e+25,0.8645648,0.09813142,310000.0,151467.38,149824.06,149824.06,18.954678,10.343551,8.540148,8.540154
1.796399e+25,0.863477,0.10314403,310000.0,151467.34,149824.06,149824.06,18.954678,10.343453,8.540147,8.5401535
1.796399e+25,0.8698244,0.10460271,310000.0,151467.4,149824.05,149824.05,18.954678,10.343396,8.540138,8.540153
1.796399e+25,0.871797,0.09847348,310000.0,151467.39,149824.06,149824.06,18.954678,10.343365,8.54013,8.540152
1.796399e+25,0.86556625,0.10305171,310000.0,151467.34,149824.08,149824.06,18.954678,10.343609,8.540134,8.540153
1.796399e+25,0.8730506,0.09744105,310000.0,151467.36,149824.05,149824.06,18.954678,10.343307,8.540144,8.540152
1.796399e+25,0.86693394,0.099505074,310000.0,151467.36,149824.06,149824.05,18.954678,10.343867,8.540141,8.540153
1.796399e+25,0.8696339,0.101541415,310000.0,151467.4,149824.03,149824.06,18.954678,10.343468,8.540148,8.540153
1.796399e+25,0.8656519,0.099954575,310000.0,151467.3,149824.05,149824.05,18.954678,10.343141,8.540139,8.540153
1.796399e+25,0.84600985,0.082260035,310000.0,151467.38,149824.06,149824.05,18.954678,10.343516,8.540123,8.540153
1.796399e+25,0.8707542,0.102183074,310000.0,151467.34,149824.06,149824.03,18.954678,10.343462,8.540146,8.540152
1.796399e+25,0.8679345,0.100931875,310000.0,151467.4,149824.06,149824.05,18.954678,10.343201,8.540136,8.540151
1.796399e+25,0.8706306,0.09305695,310000.0,151467.38,149824.08,149824.06,18.954678,10.343313,8.540135,8.540152
1.796399e+25,0.8752325,0.09620989,310000.0,151467.33,149824.06,149824.06,18.954678,10.343309,8.540148,8.540153
1.796399e+25,0.86998767,0.092876814,310000.0,151467.31,149824.05,149824.06,18.954678,10.343246,8.540139,8.540153
1.796399e+25,0.8690093,0.09604782,310000.0,151467.38,149824.05,149824.08,18.954678,10.343361,8.540125,8.540153
1.796399e+25,0.8491371,0.0873822,310000.0,151467.42,149824.06,149824.05,18.954678,10.343612,8.54013,8.540152
1.796399e+25,0.8668273,0.09985304,310000.0,151467.42,149824.06,149824.06,18.954678,10.343357,8.540145,8.540152
1.796399e+25,0.85939026,0.0884446,310000.0,151467.36,149824.06,149824.06,18.954678,10.343535,8.540157,8.540152
1.796399e+25,0.8813829,0.095426045,310000.0,151467.39,149824.06,149824.06,18.954678,10.343065,8.5401325,8.540153
1.796399e+25,0.8561954,0.095248945,310000.0,151467.34,149824.06,149824.06,18.954678,10.343201,8.540139,8.540153
1.796399e+25,0.86943525,0.09863792,310000.0,151467.38,149824.06,149824.06,18.954678,10.343655,8.540136,8.540153
1.796399e+25,0.8597885,0.09902077,310000.0,151467.34,149824.05,149824.05,18.954678,10.343051,8.540128,8.540153
1.796399e+25,0.8662171,0.09749365,310000.0,151467.39,149824.05,149824.05,18.954678,10.343198,8.540135,8.540152
1.796399e+25,0.8647434,0.09781759,310000.0,151467.38,149824.05,149824.05,18.954678,10.34391,8.540143,8.540152
1.796399e+25,0.8559571,0.085084274,310000.0,151467.42,149824.08,149824.05,18.954678,10.343503,8.540132,8.540153
1.796399e+25,0.8617564,0.085673295,310000.0,151467.34,149824.03,149824.05,18.954678,10.343283,8.540143,8.540153
1.796399e+25,0.87346363,0.09610074,310000.0,151467.38,149824.06,149824.08,18.954678,10.343191,8.540127,8.5401535
1.796399e+25,0.85725677,0.08455366,310000.0,151467.38,149824.06,149824.06,18.954678,10.343208,8.540148,8.540153
1.796399e+25,0.8566043,0.08604768,310000.0,151467.36,149824.06,149824.06,18.954678,10.342931,8.540123,8.540152
1.796399e+25,0.8555641,0.093495175,310000.0,151467.4,149824.06,149824.05,18.954678,10.343335,8.540147,8.540153
1.796399e+25,0.8597484,0.09054661,310000.0,151467.42,149824.08,149824.06,18.954678,10.343163,8.540135,8.540153
1.796399e+25,0.8769859,0.10309207,310000.0,151467.4,149824.05,149824.06,18.954678,10.343422,8.54013,8.540153
1.796399e+25,0.86765015,0.10108376,310000.0,151467.42,149824.06,149824.03,18.954678,10.343591,8.540159,8.540152
1.796399e+25,0.8591316,0.089434095,310000.0,151467.38,149824.05,149824.05,18.954678,10.343598,8.5401325,8.540152
1.796399e+25,0.87166744,0.09406537,310000.0,151467.42,149824.03,149824.06,18.954678,10.343856,8.540124,8.540153
1.796399e+25,0.8646295,0.10053685,310000.0,151467.36,149824.06,149824.03,18.954678,10.343429,8.540141,8.540152
1.796399e+25,0.8638981,0.09318986,310000.0,151467.4,149824.06,149824.05,18.954678,10.34367,8.540142,8.540153
1.796399e+25,0.8726904,0.10109826,310000.0,151467.42,149824.05,149824.03,18.954678,10.343913,8.540174,8.540152
1.796399e+25,0.8528279,0.082655646,310000.0,151467.39,149824.08,149824.05,18.954678,10.343311,8.540147,8.540153
1.796399e+25,0.85200816,0.08638172,310000.0,151467.38,149824.06,149824.05,18.954678,10.3433275,8.540133,8.540152
1.796399e+25,0.8764285,0.105703495,310000.0,151467.42,149824.03,149824.06,18.954678,10.343731,8.540166,8.540153
1.796399e+25,0.85385114,0.09472288,310000.0,151467.4,149824.03,149824.05,18.954678,10.343521,8.540154,8.540153
1.796399e+25,0.8779045,0.10643696,310000.0,151467.38,149824.06,149824.05,18.954678,10.3436165,8.540145,8.540152
1.796399e+25,0.8603216,0.103135504,310000.0,151467.4,149824.05,149824.06,18.954678,10.343411,8.540138,8.540153
1.796399e+25,0.8614376,0.08303821,310000.0,151467.36,149824.05,149824.06,18.954678,10.342987,8.540145,8.540153
1.796399e+25,0.87066966,0.10064157,310000.0,151467.36,149824.06,149824.06,18.954678,10.343143,8.540155,8.5401535
1.796399e+25,0.87244564,0.09948999,310000.0,151467.33,149824.05,149824.06,18.954678,10.343427,8.5401535,8.540152
1.796399e+25,0.8847613,0.100555785,310000.0,151467.4,149824.06,149824.06,18.954678,10.343313,8.54015,8.540152
1.796399e+25,0.8718187,0.10686057,310000.0,151467.36,149824.05,149824.05,18.954678,10.343163,8.540145,8.540152
1.796399e+25,0.86046696,0.09413001,310000.0,151467.38,149824.08,149824.08,18.954678,10.3434305,8.540134,8.540153
1.796399e+25,0.8616621,0.10114428,310000.0,151467.34,149824.03,149824.05,18.954678,10.343065,8.540146,8.540152
1.796399e+25,0.85794723,0.092097595,310000.0,151467.36,149824.05,149824.05,18.954678,10.343273,8.540143,8.540153
1.796399e+25,0.86091197,0.096413165,310000.0,151467.45,149824.05,149824.03,18.954678,10.34368,8.540151,8.540152
1.796399e+25,0.86175853,0.09552648,310000.0,151467.36,149824.03,149824.05,18.954678,10.343055,8.54014,8.540152
1.796399e+25,0.8593428,0.09621442,310000.0,151467.44,149824.06,149824.06,18.954678,10.343372,8.540162,8.540152
1.796399e+25,0.8707281,0.09072166,310000.0,151467.34,149824.05,149824.06,18.954678,10.343116,8.540139,8.540153
1.796399e+25,0.8767031,0.09262968,310000.0,151467.36,149824.06,149824.03,18.954678,10.343408,8.54013,8.540152
1.796399e+25,0.871635,0.102321506,310000.0,151467.44,149824.03,149824.06,18.954678,10.343435,8.540152,8.540152
1.796399e+25,0.86041635,0.09990031,310000.0,151467.39,149824.05,149824.05,18.954678,10.343231,8.540137,8.540152
1.796399e+25,0.86677706,0.09545621,310000.0,151467.39,149824.08,149824.06,18.954678,10.343539,8.540138,8.540146
1.796399e+25,0.87578,0.0986126,310000.0,151467.4,149824.06,149824.03,18.954678,10.343497,8.540134,8.540145
1.796399e+25,0.86120456,0.09456811,310000.0,151467.34,149824.05,149824.03,18.954678,10.343265,8.540144,8.540145
1.796399e+25,0.86686605,0.101295575,310000.0,151467.44,149824.05,149824.06,18.954678,10.343942,8.540126,8.540146
1.796399e+25,0.864255,0.10272664,310000.0,151467.34,149824.05,149824.06,18.954678,10.343235,8.540146,8.540147
1.796399e+25,0.84472835,0.0769622,310000.0,151467.42,149824.06,149824.03,18.954678,10.343437,8.540149,8.540146
1.796399e+25,0.88038886,0.10794807,310000.0,151467.4,149824.05,149824.05,18.954678,10.34361,8.540162,8.540146
1.796399e+25,0.8637157,0.09050831,310000.0,151467.36,149824.06,149824.05,18.954678,10.343257,8.540133,8.540145
1.796399e+25,0.8668159,0.09005035,310000.0,151467.4,149824.05,149824.03,18.954678,10.343648,8.540129,8.540146
1.796399e+25,0.8608279,0.094178386,310000.0,151467.39,149824.08,149824.06,18.954678,10.343464,8.540117,8.540146
1.796399e+25,0.86904824,0.100090094,310000.0,151467.39,149824.06,149824.03,18.954678,10.34356,8.540148,8.540146
1.796399e+25,0.8635516,0.09693418,310000.0,151467.36,149824.06,149824.05,18.954678,10.343468,8.540138,8.540146
1.796399e+25,0.87007046,0.10387155,310000.0,151467.38,149824.05,149824.05,18.954678,10.343639,8.54015,8.540145
1.796399e+25,0.864666,0.09950805,310000.0,151467.38,149824.06,149824.03,18.954678,10.343275,8.540139,8.540145
1.796399e+25,0.8670027,0.10396693,310000.0,151467.44,149824.05,149824.06,18.954678,10.343463,8.540152,8.540146
1.796399e+25,0.87513655,0.10610134,310000.0,151467.4,149824.05,149824.05,18.954678,10.343723,8.540148,8.540146
1.796399e+25,0.860947,0.08829238,310000.0,151467.39,149824.06,149824.05,18.954678,10.343588,8.54014,8.540145
1.796399e+25,0.8603471,0.09933253,310000.0,151467.44,149824.05,149824.05,18.954678,10.343541,8.540151,8.540145
1.796399e+25,0.8592223,0.090828635,310000.0,151467.4,149824.05,149824.06,18.954678,10.343345,8.540143,8.540146
1.796399e+25,0.8600844,0.10085238,310000.0,151467.4,149824.06,149824.05,18.954678,10.343456,8.5401535,8.540145
1.796399e+25,0.85867804,0.07813969,310000.0,151467.34,149824.05,149824.05,18.954678,10.343325,8.540142,8.540146
1.796399e+25,0.8678579,0.09303155,310000.0,151467.4,149824.05,149824.06,18.954678,10.34336,8.540146,8.540146
1.796399e+25,0.8656989,0.10368318,310000.0,151467.34,149824.05,149824.05,18.954678,10.343312,8.540143,8.540147
1.796399e+25,0.86848336,0.09921717,310000.0,151467.39,149824.06,149824.05,18.954678,10.343198,8.540142,8.540146
1.796399e+25,0.8794652,0.10160281,310000.0,151467.38,149824.06,149824.06,18.954678,10.343516,8.540141,8.540146
1.796399e+25,0.8828754,0.11175358,310000.0,151467.34,149824.05,149824.03,18.954678,10.342967,8.540142,8.540145
1.796399e+25,0.86583966,0.10385851,310000.0,151467.44,149824.06,149824.06,18.954678,10.343699,8.540141,8.540146
1.796399e+25,0.86175513,0.0825452,310000.0,151467.38,149824.06,149824.06,18.954678,10.343826,8.540142,8.540146
1.796399e+25,0.8698337,0.090764984,310000.0,151467.42,149824.05,149824.06,18.954678,10.343395,8.540138,8.540146
1.796399e+25,0.86283565,0.10078672,310000.0,151467.42,149824.06,149824.06,18.954678,10.3438,8.540143,8.540146
1.796399e+25,0.8637713,0.094677456,310000.0,151467.4,149824.06,149824.05,18.954678,10.3436575,8.54015,8.540146
1.796399e+25,0.8647791,0.08886152,310000.0,151467.38,149824.05,149824.06,18.954678,10.343405,8.540159,8.540146
1.796399e+25,0.8861128,0.111191176,310000.0,151467.42,149824.06,149824.05,18.954678,10.343473,8.540167,8.540145
1.796399e+25,0.87377715,0.09723229,310000.0,151467.33,149824.05,149824.05,18.954678,10.343112,8.540156,8.540146
1.796399e+25,0.8680598,0.09319367,310000.0,151467.4,149824.06,149824.03,18.954678,10.343368,8.5401325,8.540145
1.796399e+25,0.86044925,0.08372599,310000.0,151467.4,149824.03,149824.05,18.954678,10.343807,8.540137,8.540146
1.796399e+25,0.8656538,0.105178,310000.0,151467.4,149824.05,149824.05,18.954678,10.343661,8.54016,8.540147
1.796399e+25,0.8638894,0.102279276,310000.0,151467.34,149824.05,149824.06,18.954678,10.343534,8.540148,8.540147
1.796399e+25,0.867017,0.09962259,310000.0,151467.42,149824.06,149824.05,18.954678,10.343578,8.540145,8.540146
1.796399e+25,0.86895376,0.09354284,310000.0,151467.42,149824.06,149824.03,18.954678,10.343275,8.540148,8.540146
1.796399e+25,0.86841244,0.088161506,310000.0,151467.42,149824.03,149824.05,18.954678,10.343595,8.540136,8.540146
1.796399e+25,0.870476,0.09216637,310000.0,151467.39,149824.06,149824.08,18.954678,10.343366,8.540135,8.540147
1.796399e+25,0.8811705,0.09921659,310000.0,151467.38,149824.05,149824.05,18.954678,10.343521,8.540158,8.540146
1.796399e+25,0.8576953,0.093586676,310000.0,151467.42,149824.06,149824.05,18.954678,10.34354,8.54013,8.540147
1.796399e+25,0.8591103,0.09157665,310000.0,151467.4,149824.05,149824.06,18.954678,10.343685,8.540127,8.540146
1.796399e+25,0.8688803,0.0990178,310000.0,151467.36,149824.05,149824.05,18.954678,10.343144,8.540128,8.540145
1.796399e+25,0.86263704,0.10230324,310000.0,151467.38,149824.08,149824.05,18.954678,10.3434925,8.540149,8.540147
1.796399e+25,0.8572867,0.08406277,310000.0,151467.4,149824.08,149824.05,18.954678,10.3434,8.540137,8.540146
1.796399e+25,0.87353724,0.10438528,310000.0,151467.34,149824.06,149824.06,18.954678,10.343246,8.540142,8.540145
1.796399e+25,0.8660419,0.1051463,310000.0,151467.38,149824.06,149824.06,18.954678,10.343219,8.540159,8.540146
1.796399e+25,0.87355983,0.10321019,310000.0,151467.36,149824.06,149824.08,18.954678,10.343154,8.540151,8.540147
1.796399e+25,0.87294894,0.10611068,310000.0,151467.4,149824.06,149824.05,18.954678,10.343607,8.540163,8.540145
1.796399e+25,0.86279523,0.09052125,310000.0,151467.38,149824.06,149824.03,18.954678,10.343528,8.540127,8.540146
1.796399e+25,0.8697495,0.10123337,310000.0,151467.36,149824.06,149824.05,18.954678,10.3433275,8.540123,8.540146
1.796399e+25,0.86356306,0.09288498,310000.0,151467.42,149824.06,149824.05,18.954678,10.343531,8.540134,8.540146
1.796399e+25,0.87534094,0.09152488,310000.0,151467.39,149824.06,149824.06,18.954678,10.3434925,8.540146,8.540145
1.796399e+25,0.88045114,0.10741426,310000.0,151467.39,149824.06,149824.05,18.954678,10.343288,8.540151,8.540146
1.796399e+25,0.8656787,0.10279239,310000.0,151467.38,149824.06,149824.06,18.954678,10.34336,8.540113,8.540147
1.796399e+25,0.86666733,0.09233825,310000.0,151467.33,149824.06,149824.03,18.954678,10.343497,8.540123,8.540145
1.796399e+25,0.86886036,0.09772778,310000.0,151467.39,149824.05,149824.03,18.954678,10.343727,8.540145,8.540146
1.796399e+25,0.86097795,0.09205553,310000.0,151467.34,149824.03,149824.06,18.954678,10.343669,8.540154,8.540146
1.796399e+25,0.87087405,0.10532496,310000.0,151467.34,149824.05,149824.06,18.954678,10.343286,8.540158,8.540146
1.796399e+25,0.8721502,0.096216336,310000.0,151467.36,149824.03,149824.06,18.954678,10.343365,8.540161,8.540145
1.796399e+25,0.8635782,0.08857176,310000.0,151467.42,149824.05,149824.05,18.954678,10.343601,8.540125,8.540145
1.796399e+25,0.8684749,0.11404489,310000.0,151467.39,149824.06,149824.03,18.954678,10.343496,8.540153,8.540146
1.796399e+25,0.8680094,0.10846491,310000.0,151467.38,149824.06,149824.05,18.954678,10.343153,8.54015,8.540147
1.796399e+25,0.8670476,0.100444175,310000.0,151467.42,149824.05,149824.05,18.954678,10.34337,8.540133,8.540146
1.796399e+25,0.8582231,0.088914804,310000.0,151467.39,149824.05,149824.05,18.954678,10.343553,8.5401325,8.540146
1.796399e+25,0.8710559,0.09624871,310000.0,151467.39,149824.08,149824.05,18.954678,10.343717,8.5401325,8.540145
1.796399e+25,0.86564046,0.10416721,310000.0,151467.39,149824.06,149824.05,18.954678,10.343486,8.540115,8.540145
1.796399e+25,0.85018396,0.08396114,310000.0,151467.38,149824.06,149824.05,18.954678,10.343398,8.540141,8.540145
1.796399e+25,0.87842494,0.103201024,310000.0,151467.39,149824.06,149824.05,18.954678,10.343432,8.540139,8.540146
1.796399e+25,0.8699415,0.08463116,310000.0,151467.38,149824.05,149824.03,18.954678,10.34365,8.540142,8.540146
1.796399e+25,0.86198497,0.0968548,310000.0,151467.36,149824.08,149824.03,18.954678,10.343162,8.540144,8.540146
1.796399e+25,0.8455798,0.07695836,310000.0,151467.39,149824.06,149824.06,18.954678,10.343865,8.540134,8.540145
1.796399e+25,0.8702822,0.10034039,310000.0,151467.36,149824.05,149824.03,18.954678,10.34349,8.540151,8.540146
1.796399e+25,0.866763,0.103020005,310000.0,151467.36,149824.05,149824.06,18.954678,10.343649,8.5401325,8.540146
1.796399e+25,0.8701757,0.10070744,310000.0,151467.42,149824.06,149824.03,18.954678,10.343336,8.540137,8.540147
1.796399e+25,0.8730187,0.106181554,310000.0,151467.36,149824.05,149824.03,18.954678,10.343416,8.540154,8.540146
1.796399e+25,0.8673171,0.101033434,310000.0,151467.44,149824.06,149824.06,18.954678,10.343524,8.540149,8.540145
1.796399e+25,0.8573608,0.09481287,310000.0,151467.4,149824.08,149824.06,18.954678,10.343343,8.540135,8.540146
1.796399e+25,0.86173064,0.10495514,310000.0,151467.42,149824.05,149824.08,18.954678,10.343859,8.540143,8.540146
1.796399e+25,0.86142236,0.09329788,310000.0,151467.42,149824.05,149824.05,18.954678,10.343619,8.540147,8.540147
1.796399e+25,0.87532246,0.1005619,310000.0,151467.38,149824.05,149824.06,18.954678,10.343582,8.540156,8.540146
1.796399e+25,0.8796779,0.10088544,310000.0,151467.36,149824.05,149824.05,18.954678,10.343558,8.540167,8.540145
1.796399e+25,0.8706671,0.101432934,310000.0,151467.34,149824.06,149824.03,18.954678,10.343163,8.540125,8.540146
1.796399e+25,0.8675899,0.09398641,310000.0,151467.4,149824.05,149824.05,18.954678,10.343639,8.540143,8.540145
1.796399e+25,0.8631693,0.100141235,310000.0,151467.33,149824.06,149824.06,18.954678,10.343235,8.540146,8.540146
1.796399e+25,0.8670395,0.1039694,310000.0,151467.38,149824.06,149824.05,18.954678,10.343416,8.540144,8.540146
1.796399e+25,0.8666098,0.09049391,310000.0,151467.34,149824.06,149824.06,18.954678,10.343231,8.5401325,8.540146
1.796399e+25,0.86827904,0.10260311,310000.0,151467.38,149824.05,149824.03,18.954678,10.343304,8.540146,8.540147
1.796399e+25,0.87395805,0.09886442,310000.0,151467.4,149824.05,149824.05,18.954678,10.343742,8.540137,8.540145
1.796399e+25,0.8717685,0.09559298,310000.0,151467.38,149824.03,149824.06,18.954678,10.343132,8.540142,8.540146
1.796399e+25,0.8570727,0.10159543,310000.0,151467.38,149824.06,149824.06,18.954678,10.343352,8.540144,8.540145
1.796399e+25,0.87075025,0.098267145,310000.0,151467.4,149824.06,149824.05,18.954678,10.343348,8.540152,8.540145
1.796399e+25,0.87215924,0.10557088,310000.0,151467.39,149824.05,149824.05,18.954678,10.343625,8.540155,8.540146
1.796399e+25,0.85846424,0.09223095,310000.0,151467.39,149824.05,149824.06,18.954678,10.343646,8.540148,8.540145
1.796399e+25,0.8797035,0.11045999,310000.0,151467.38,149824.06,149824.05,18.954678,10.343342,8.540151,8.540146
1.796399e+25,0.8712173,0.09446784,310000.0,151467.42,149824.06,149824.05,18.954678,10.343497,8.540138,8.540146
1.796399e+25,0.87347454,0.103185385,310000.0,151467.38,149824.05,149824.05,18.954678,10.343573,8.540145,8.540145
1.796399e+25,0.8726091,0.10353624,310000.0,151467.39,149824.05,149824.05,18.954678,10.343158,8.540134,8.540146
1.796399e+25,0.8629313,0.101849794,310000.0,151467.44,149824.06,149824.05,18.954678,10.343586,8.54013,8.540145
1.796399e+25,0.8603985,0.10614682,310000.0,151467.34,149824.03,149824.05,18.954678,10.3431635,8.540141,8.540146
1.796399e+25,0.8674943,0.10811529,310000.0,151467.42,149824.06,149824.05,18.954678,10.343661,8.540133,8.540146
1.796399e+25,0.8783454,0.10838163,310000.0,151467.33,149824.06,149824.06,18.954678,10.343377,8.540103,8.540146
1.796399e+25,0.86700386,0.10110215,310000.0,151467.38,149824.05,149824.05,18.954678,10.343182,8.540123,8.540146
1.796399e+25,0.88075185,0.10691522,310000.0,151467.38,149824.08,149824.05,18.954678,10.343609,8.5401535,8.540146
1.796399e+25,0.8623726,0.10222551,310000.0,151467.39,149824.06,149824.03,18.954678,10.343654,8.540141,8.540146
1.796399e+25,0.8723541,0.10352719,310000.0,151467.39,149824.06,149824.05,18.954678,10.34326,8.54014,8.540147
1.796399e+25,0.85954666,0.08339909,310000.0,151467.36,149824.05,149824.06,18.954678,10.34341,8.54014,8.540146
1.796399e+25,0.8719273,0.10857373,310000.0,151467.34,149824.05,149824.06,18.954678,10.343298,8.540137,8.540145
1.796399e+25,0.8808238,0.10856129,310000.0,151467.36,149824.03,149824.02,18.954678,10.343263,8.540136,8.540146
1.796399e+25,0.8731091,0.104011886,310000.0,151467.38,149824.05,149824.06,18.954678,10.343351,8.540122,8.540146
1.796399e+25,0.858327,0.0899577,310000.0,151467.34,149824.03,149824.03,18.954678,10.343343,8.540136,8.540145
1.796399e+25,0.8695457,0.10856937,310000.0,151467.36,149824.08,149824.05,18.954678,10.343191,8.540159,8.540145
1.796399e+25,0.86261433,0.10316669,310000.0,151467.36,149824.03,149824.06,18.954678,10.343461,8.540131,8.540145
1.796399e+25,0.86470854,0.10377449,310000.0,151467.38,149824.1,149824.03,18.954678,10.343551,8.540133,8.540145
1.796399e+25,0.8913942,0.12704018,310000.0,151467.36,149824.03,149824.06,18.954678,10.343166,8.540117,8.540146
1.796399e+25,0.86762255,0.103505224,310000.0,151467.36,149824.06,149824.05,18.954678,10.343276,8.540162,8.540146
1.796399e+25,0.86895,0.108634874,310000.0,151467.42,149824.05,149824.05,18.954678,10.343832,8.540143,8.540145
1.796399e+25,0.87902564,0.11224185,310000.0,151467.39,149824.05,149824.05,18.954678,10.343362,8.540129,8.540146
1.796399e+25,0.8865559,0.11221309,310000.0,151467.39,149824.06,149824.03,18.954678,10.343316,8.540141,8.540145
1.796399e+25,0.89303863,0.112905644,310000.0,151467.39,149824.05,149824.05,18.954678,10.343662,8.540167,8.540146
1.796399e+25,0.86159503,0.09842002,310000.0,151467.39,149824.06,149824.02,18.954678,10.343392,8.540124,8.540145
1.796399e+25,0.8701369,0.10299318,310000.0,151467.42,149824.05,149824.03,18.954678,10.343554,8.540142,8.540146
1.796399e+25,0.8784648,0.10778486,310000.0,151467.42,149824.06,149824.03,18.954678,10.343834,8.540117,8.540146
1.796399e+25,0.8639371,0.09044269,310000.0,151467.38,149824.08,149824.06,18.954678,10.343442,8.54015,8.540145
1.796399e+25,0.8642578,0.107432105,310000.0,151467.38,149824.05,149824.03,18.954678,10.343277,8.540166,8.540145
1.796399e+25,0.87366825,0.103106685,310000.0,151467.38,149824.05,149824.06,18.954678,10.342999,8.540165,8.540145
1.796399e+25,0.8655147,0.09231434,310000.0,151467.39,149824.05,149824.05,18.954678,10.343354,8.540145,8.540145
1.796399e+25,0.8493951,0.0789277,310000.0,151467.34,149824.05,149824.03,18.954678,10.343318,8.540135,8.540144
1.796399e+25,0.85397315,0.07687,310000.0,151467.31,149824.03,149824.05,18.954678,10.343198,8.540143,8.540145
1.796399e+25,0.8637584,0.0932018,310000.0,151467.33,149824.06,149824.05,18.954678,10.343624,8.540139,8.540146
1.796399e+25,0.86888826,0.0911516,310000.0,151467.36,149824.03,149824.03,18.954678,10.343588,8.5401535,8.540146
1.796399e+25,0.8655167,0.087679215,310000.0,151467.3,149824.03,149824.06,18.954678,10.343093,8.540146,8.540146
1.796399e+25,0.8602606,0.09158428,310000.0,151467.44,149824.08,149824.06,18.954678,10.343762,8.540139,8.540146
1.796399e+25,0.86530966,0.08896004,310000.0,151467.36,149824.05,149824.08,18.954678,10.34313,8.54015,8.540145
1.796399e+25,0.8710927,0.09323927,310000.0,151467.31,149824.05,149824.05,18.954678,10.343429,8.540152,8.540145
1.796399e+25,0.8607648,0.092381164,310000.0,151467.4,149824.06,149824.06,18.954678,10.343778,8.540123,8.540146
1.796399e+25,0.86360383,0.08509114,310000.0,151467.38,149824.03,149824.05,18.954678,10.343222,8.540137,8.540146
1.796399e+25,0.8575688,0.08291914,310000.0,151467.34,149824.06,149824.05,18.954678,10.343125,8.540147,8.540146
1.796399e+25,0.8600009,0.08098218,310000.0,151467.38,149824.05,149824.06,18.954678,10.343459,8.540138,8.540146
1.796399e+25,0.8556977,0.09019376,310000.0,151467.38,149824.06,149824.05,18.954678,10.3434,8.540158,8.540146
1.796399e+25,0.8753854,0.09968201,310000.0,151467.38,149824.06,149824.05,18.954678,10.343413,8.540117,8.540146
1.796399e+25,0.86507535,0.0867471,310000.0,151467.38,149824.05,149824.05,18.954678,10.343402,8.540133,8.540145
1.796399e+25,0.86267895,0.09527481,310000.0,151467.4,149824.05,149824.05,18.954678,10.343521,8.540134,8.540145
1.796399e+25,0.8606704,0.08848914,310000.0,151467.36,149824.02,149824.06,18.954678,10.343214,8.540124,8.540146
1.796399e+25,0.8612852,0.09015347,310000.0,151467.42,149824.05,149824.03,18.954678,10.343527,8.540136,8.540145
1.796399e+25,0.86729527,0.09708878,310000.0,151467.45,149824.06,149824.06,18.954678,10.343905,8.540144,8.540145
1.796399e+25,0.8531522,0.08366669,310000.0,151467.39,149824.05,149824.06,18.954678,10.343449,8.540143,8.540146
1.796399e+25,0.85296935,0.07363603,310000.0,151467.42,149824.03,149824.06,18.954678,10.3433275,8.540138,8.540146
1.796399e+25,0.8491384,0.08522379,310000.0,151467.44,149824.06,149824.03,18.954678,10.343814,8.540129,8.540145
1.796399e+25,0.87992185,0.09461601,310000.0,151467.36,149824.05,149824.06,18.954678,10.343199,8.540153,8.540146
1.796399e+25,0.861486,0.09346639,310000.0,151467.38,149824.03,149824.06,18.954678,10.343446,8.540136,8.540145
1.796399e+25,0.8598502,0.086233154,310000.0,151467.4,149824.03,149824.06,18.954678,10.343583,8.540137,8.540145
1.796399e+25,0.8743698,0.09483853,310000.0,151467.38,149824.06,149824.05,18.954678,10.343329,8.540145,8.540145
1.796399e+25,0.87012255,0.0873451,310000.0,151467.39,149824.08,149824.05,18.954678,10.343004,8.540146,8.540146
1.796399e+25,0.86949205,0.09669791,310000.0,151467.36,149824.06,149824.06,18.954678,10.3435755,8.5401325,8.540146
250759.14,0.013121609,0.00027153367,37000.0,151467.4,149824.06,149824.05,0.7491672,10.34342,8.5401535,8.540172
250759.14,0.015816176,0.00027524112,37000.0,151467.39,149824.05,149824.05,0.7491672,10.343173,8.54016,8.540164
250759.14,0.012608951,0.00025167858,37000.0,151467.34,149824.06,149824.05,0.7491672,10.343621,8.540151,8.540161
250759.14,0.011136569,0.0002668931,37000.0,151467.39,149824.03,149824.05,0.7491672,10.343575,8.540148,8.540171
250759.14,0.013010902,0.00026499384,37000.0,151467.34,149824.05,149824.06,0.7491672,10.3434,8.540153,8.540163
250759.14,0.013077431,0.00026199393,37000.0,151467.44,149824.06,149824.06,0.7491672,10.343499,8.540163,8.540171
250759.14,0.014692987,0.00027898312,37000.0,151467.38,149824.06,149824.05,0.7491672,10.34381,8.540144,8.540158
250759.14,0.014225685,0.00026961303,37000.0,151467.4,149824.08,149824.05,0.7491672,10.343716,8.540147,8.540168
250759.14,0.017630732,0.0002486774,37000.0,151467.36,149824.05,149824.06,0.7491672,10.343206,8.540152,8.540152
250759.14,0.014183858,0.00026506858,37000.0,151467.44,149824.05,149824.05,0.7491672,10.343486,8.54015,8.540164
250759.14,0.014541258,0.0002692623,37000.0,151467.34,149824.06,149824.06,0.7491672,10.343273,8.540154,8.540153
250759.14,0.014846651,0.00025804143,37000.0,151467.4,149824.06,149824.03,0.7491672,10.343581,8.540155,8.540176
250759.14,0.01195629,0.00026379066,37000.0,151467.39,149824.06,149824.05,0.7491672,10.343305,8.540148,8.540167
250759.14,0.01197766,0.0002606199,37000.0,151467.33,149824.06,149824.06,0.7491672,10.343236,8.540137,8.540155
250759.14,0.014860818,0.00025832604,37000.0,151467.36,149824.05,149824.06,0.7491672,10.343272,8.540146,8.540149
250759.14,0.014506667,0.00024627082,37000.0,151467.44,149824.05,149824.03,0.7491672,10.343323,8.540142,8.540155
250759.14,0.014246102,0.0002412799,37000.0,151467.3,149824.06,149824.05,0.7491672,10.343316,8.540144,8.540175
250759.14,0.01569478,0.00025809003,37000.0,151467.4,149824.06,149824.06,0.7491672,10.3434725,8.540154,8.540171
250759.14,0.015710097,0.00025371084,37000.0,151467.42,149824.06,149824.05,0.7491672,10.343222,8.54015,8.540156
250759.14,0.01641434,0.00025628495,37000.0,151467.36,149824.05,149824.05,0.7491672,10.343269,8.540153,8.540155
250759.14,0.018560216,0.00026470685,37000.0,151467.33,149824.03,149824.03,0.7491672,10.342936,8.540147,8.540149
250759.14,0.016158741,0.00026642426,37000.0,151467.38,149824.06,149824.05,0.7491672,10.343322,8.5401535,8.540164
250759.14,0.013951458,0.00025199255,37000.0,151467.36,149824.05,149824.03,0.7491672,10.343523,8.540145,8.540168
250759.14,0.0149699915,0.00024917605,37000.0,151467.36,149824.06,149824.06,0.7491672,10.343259,8.540149,8.540165
250759.14,0.016131371,0.00024829886,37000.0,151467.39,149824.06,149824.08,0.7491672,10.343817,8.540144,8.540161
250759.14,0.014206282,0.0002489241,37000.0,151467.36,149824.05,149824.05,0.7491672,10.343742,8.540151,8.540165
250759.14,0.014604241,0.00025492723,37000.0,151467.34,149824.05,149824.08,0.7491672,10.3434305,8.54015,8.540169
250759.14,0.012557596,0.0002491899,37000.0,151467.4,149824.03,149824.03,0.7491672,10.343467,8.540158,8.540158
250759.14,0.014220649,0.00023955095,37000.0,151467.4,149824.05,149824.06,0.7491672,10.343398,8.540153,8.540156
250759.14,0.014829358,0.0002566684,37000.0,151467.39,149824.05,149824.05,0.7491672,10.343395,8.540152,8.540165
250759.14,0.014719729,0.00026369898,37000.0,151467.39,149824.06,149824.05,0.7491672,10.343053,8.540149,8.54016
250759.14,0.012661128,0.0002670773,37000.0,151467.36,149824.06,149824.05,0.7491672,10.343194,8.540148,8.5401535
250759.14,0.012610771,0.0002679527,37000.0,151467.31,149824.05,149824.05,0.7491672,10.343234,8.540149,8.540155
250759.14,0.015062052,0.00027935163,37000.0,151467.38,149824.05,149824.08,0.7491672,10.343733,8.540149,8.540157
250759.14,0.0142834,0.0002502423,37000.0,151467.38,149824.08,149824.06,0.7491672,10.3436775,8.540153,8.540155
250759.14,0.015082455,0.00027351314,37000.0,151467.38,149824.05,149824.05,0.7491672,10.343594,8.540156,8.540166
250759.14,0.014788166,0.00026722555,37000.0,151467.39,149824.05,149824.08,0.7491672,10.343545,8.540142,8.540167
250759.14,0.013736108,0.00025094472,37000.0,151467.45,149824.06,149824.05,0.7491672,10.343812,8.540154,8.54015
250759.14,0.015803488,0.00025095674,37000.0,151467.36,149824.05,149824.06,0.7491672,10.343593,8.540141,8.540166
250759.14,0.015764808,0.000256909,37000.0,151467.38,149824.05,149824.05,0.7491672,10.34335,8.540149,8.540161
250759.14,0.014287778,0.00026594955,37000.0,151467.34,149824.05,149824.05,0.7491672,10.343532,8.540152,8.5401745
250759.14,0.013960344,0.00024836912,37000.0,151467.38,149824.03,149824.05,0.7491672,10.343179,8.540147,8.54017
250759.14,0.013297783,0.00024759516,37000.0,151467.39,149824.06,149824.05,0.7491672,10.343585,8.540156,8.540168
250759.14,0.01582404,0.00026801953,37000.0,151467.36,149824.06,149824.05,0.7491672,10.343348,8.540149,8.540162
250759.14,0.015561091,0.00026174614,37000.0,151467.36,149824.06,149824.05,0.7491672,10.343431,8.540158,8.540167
250759.14,0.012511866,0.00024331255,37000.0,151467.36,149824.06,149824.05,0.7491672,10.343194,8.540151,8.540168
250759.14,0.015344562,0.00024833536,37000.0,151467.33,149824.03,149824.06,0.7491672,10.343552,8.5401535,8.540174
250759.14,0.014416617,0.00025317588,37000.0,151467.44,149824.03,149824.05,0.7491672,10.343212,8.540146,8.540152
250759.14,0.014007127,0.00026605345,37000.0,151467.34,149824.05,149824.06,0.7491672,10.343325,8.540146,8.540164
250759.14,0.017270776,0.00027156225,37000.0,151467.44,149824.06,149824.03,0.7491672,10.3435135,8.540158,8.540151
250759.14,0.016303927,0.00027677446,37000.0,151467.42,149824.05,149824.05,0.7491672,10.343606,8.540147,8.540154
250759.14,0.0149974795,0.00026050356,37000.0,151467.38,149824.05,149824.06,0.7491672,10.34331,8.540149,8.5401535
250759.14,0.013214813,0.00026808653,37000.0,151467.38,149824.06,149824.06,0.7491672,10.343166,8.540146,8.540147
250759.14,0.015851824,0.00026160857,37000.0,151467.38,149824.05,149824.06,0.7491672,10.343566,8.5401535,8.540157
250759.14,0.014575805,0.0002568065,37000.0,151467.47,149824.05,149824.03,0.7491672,10.343395,8.540156,8.540156
250759.14,0.012602482,0.00025232811,37000.0,151467.4,149824.05,149824.05,0.7491672,10.3434105,8.540153,8.540161
250759.14,0.014437166,0.00024904235,37000.0,151467.38,149824.03,149824.05,0.7491672,10.343319,8.540138,8.540162
250759.14,0.016240332,0.00025161786,37000.0,151467.38,149824.03,149824.05,0.7491672,10.343318,8.540151,8.540156
250759.14,0.01499902,0.0002644758,37000.0,151467.34,149824.05,149824.03,0.7491672,10.343348,8.540155,8.540161
250759.14,0.01615914,0.00026023138,37000.0,151467.42,149824.05,149824.05,0.7491672,10.343387,8.54015,8.540154
250759.14,0.014733716,0.00027617972,37000.0,151467.42,149824.08,149824.06,0.7491672,10.343267,8.540145,8.540161
250759.14,0.013860126,0.00025908978,37000.0,151467.42,149824.05,149824.03,0.7491672,10.343432,8.540149,8.54016
250759.14,0.016273472,0.0002649632,37000.0,151467.38,149824.05,149824.05,0.7491672,10.343264,8.540154,8.5401535
250759.14,0.015371468,0.000251758,37000.0,151467.38,149824.05,149824.06,0.7491672,10.343171,8.540156,8.540154
250759.14,0.017496925,0.0002620502,37000.0,151467.36,149824.05,149824.05,0.7491672,10.343149,8.540161,8.540155
250759.14,0.012585981,0.00025515066,37000.0,151467.4,149824.03,149824.05,0.7491672,10.3434305,8.540154,8.54015
250759.14,0.013884021,0.0002576839,37000.0,151467.31,149824.05,149824.06,0.7491672,10.343337,8.540146,8.540149
250759.14,0.014168293,0.00026308006,37000.0,151467.3,149824.05,149824.08,0.7491672,10.343397,8.540161,8.540166
250759.14,0.016468588,0.0002698895,37000.0,151467.34,149824.05,149824.05,0.7491672,10.343285,8.540141,8.540149
250759.14,0.014122213,0.00025762778,37000.0,151467.36,149824.06,149824.05,0.7491672,10.34354,8.540144,8.54016
250759.14,0.014353337,0.00024515373,37000.0,151467.42,149824.05,149824.06,0.7491672,10.343576,8.540151,8.5401535
250759.14,0.013667709,0.00026033554,37000.0,151467.33,149824.03,149824.08,0.7491672,10.343142,8.540141,8.540164
250759.14,0.011187398,0.00025483695,37000.0,151467.38,149824.05,149824.03,0.7491672,10.343452,8.540145,8.540174
250759.14,0.015899824,0.00026010128,37000.0,151467.36,149824.05,149824.05,0.7491672,10.343086,8.5401535,8.540151
250759.14,0.014577093,0.00025842487,37000.0,151467.36,149824.05,149824.05,0.7491672,10.343766,8.540154,8.540152
250759.14,0.0153168235,0.00025180896,37000.0,151467.36,149824.05,149824.06,0.7491672,10.343684,8.540156,8.540156
250759.14,0.012603035,0.00024666052,37000.0,151467.38,149824.06,149824.06,0.7491672,10.343562,8.540144,8.540164
250759.14,0.016097207,0.00027246182,37000.0,151467.33,149824.05,149824.08,0.7491672,10.3429,8.540153,8.540148
250759.14,0.015186924,0.00027294704,37000.0,151467.4,149824.06,149824.06,0.7491672,10.34364,8.540152,8.540162
250759.14,0.015627107,0.00027664288,37000.0,151467.34,149824.05,149824.05,0.7491672,10.343389,8.54015,8.54015
250759.14,0.015923826,0.00027493248,37000.0,151467.36,149824.06,149824.05,0.7491672,10.3434,8.540154,8.540146
250759.14,0.01619557,0.00027206822,37000.0,151467.42,149824.05,149824.06,0.7491672,10.343649,8.540152,8.540169
250759.14,0.014928168,0.00028212668,37000.0,151467.38,149824.06,149824.05,0.7491672,10.343411,8.540151,8.540176
250759.14,0.015150974,0.00026890804,37000.0,151467.33,149824.08,149824.08,0.7491672,10.3433485,8.540152,8.54016
250759.14,0.016359756,0.00027619817,37000.0,151467.34,149824.06,149824.06,0.7491672,10.343395,8.540154,8.5401745
250759.14,0.014116858,0.00028138128,37000.0,151467.36,149824.08,149824.05,0.7491672,10.343674,8.540143,8.540158
250759.14,0.014131423,0.00026853225,37000.0,151467.39,149824.06,149824.05,0.7491672,10.343505,8.540143,8.540155
250759.14,0.012930831,0.0002701722,37000.0,151467.38,149824.08,149824.05,0.7491672,10.343505,8.540157,8.540144
250759.14,0.012995571,0.00026167367,37000.0,151467.38,149824.05,149824.06,0.7491672,10.343491,8.540154,8.540156
250759.14,0.014685978,0.00027153868,37000.0,151467.39,149824.05,149824.05,0.7491672,10.343578,8.540152,8.540152
250759.14,0.01577253,0.00027028774,37000.0,151467.39,149824.06,149824.06,0.7491672,10.343289,8.540148,8.540152
250759.14,0.014031004,0.00029274044,37000.0,151467.38,149824.05,149824.05,0.7491672,10.343414,8.540152,8.540144
250759.14,0.014577413,0.0002763077,37000.0,151467.42,149824.08,149824.06,0.7491672,10.3431,8.540151,8.540151
250759.14,0.0152317835,0.00027283176,37000.0,151467.34,149824.05,149824.06,0.7491672,10.343408,8.540147,8.540142
250759.14,0.015249017,0.0002871714,37000.0,151467.36,149824.06,149824.06,0.7491672,10.343236,8.540154,8.540151
250759.14,0.013882958,0.00027982154,37000.0,151467.38,149824.06,149824.05,0.7491672,10.343466,8.540153,8.540159
250759.14,0.011389095,0.00029032124,37000.0,151467.4,149824.06,149824.05,0.7491672,10.343748,8.540147,8.540162
250759.14,0.011076402,0.00027428343,37000.0,151467.39,149824.03,149824.06,0.7491672,10.34372,8.540156,8.540173
250759.14,0.015199687,0.00028466186,37000.0,151467.39,149824.08,149824.05,0.7491672,10.343404,8.540151,8.540153
250759.14,0.014072565,0.00027521097,37000.0,151467.38,149824.08,149824.06,0.7491672,10.343304,8.540152,8.540161
250759.14,0.01637189,0.00028458537,37000.0,151467.38,149824.06,149824.05,0.7491672,10.343718,8.540146,8.540159
250759.14,0.014047567,0.00026925132,37000.0,151467.34,149824.05,149824.05,0.7491672,10.343453,8.540146,8.5401535
250759.14,0.014637289,0.00027063498,37000.0,151467.34,149824.05,149824.05,0.7491672,10.343535,8.540146,8.540158
250759.14,0.015370267,0.00026952432,37000.0,151467.39,149824.05,149824.06,0.7491672,10.343296,8.540142,8.540156
250759.14,0.013567884,0.000271978,37000.0,151467.39,149824.06,149824.08,0.7491672,10.343324,8.540145,8.540151
250759.14,0.014601259,0.0002707229,37000.0,151467.4,149824.05,149824.05,0.7491672,10.34328,8.540143,8.540158
250759.14,0.01236445,0.0002682221,37000.0,151467.34,149824.06,149824.03,0.7491672,10.343292,8.540147,8.540151
250759.14,0.011733941,0.0002711725,37000.0,151467.44,149824.05,149824.06,0.7491672,10.343547,8.540147,8.540156
250759.14,0.013600152,0.000269652,37000.0,151467.42,149824.05,149824.08,0.7491672,10.343726,8.540157,8.540156
250759.14,0.015907329,0.0002820934,37000.0,151467.34,149824.05,149824.06,0.7491672,10.343268,8.540149,8.540166
250759.14,0.015969435,0.0002728891,37000.0,151467.42,149824.06,149824.05,0.7491672,10.34361,8.54014,8.5401535
250759.14,0.015215523,0.00027279984,37000.0,151467.4,149824.06,149824.05,0.7491672,10.343468,8.540147,8.540159
250759.14,0.014353605,0.00026696952,37000.0,151467.36,149824.06,149824.05,0.7491672,10.343525,8.540147,8.540158
250759.14,0.016021883,0.00028604252,37000.0,151467.42,149824.05,149824.06,0.7491672,10.343329,8.54015,8.540166
250759.14,0.0136482045,0.00027495172,37000.0,151467.38,149824.05,149824.06,0.7491672,10.343595,8.540152,8.540172
250759.14,0.015854672,0.00027482395,37000.0,151467.34,149824.05,149824.06,0.7491672,10.343294,8.540151,8.54016
250759.14,0.01406557,0.00027662356,37000.0,151467.38,149824.05,149824.06,0.7491672,10.343244,8.540153,8.540155
250759.14,0.013600627,0.0002736773,37000.0,151467.42,149824.05,149824.05,0.7491672,10.343576,8.5401535,8.540146
250759.14,0.012469531,0.00026552996,37000.0,151467.34,149824.06,149824.05,0.7491672,10.343229,8.54015,8.540161
250759.14,0.016194923,0.00027230437,37000.0,151467.36,149824.05,149824.05,0.7491672,10.343188,8.540151,8.540149
250759.14,0.013300636,0.00025346203,37000.0,151467.31,149824.05,149824.05,0.7491672,10.343146,8.540152,8.54016
250759.14,0.014591101,0.00025668688,37000.0,151467.38,149824.06,149824.05,0.7491672,10.343259,8.540141,8.540174
250759.14,0.014815786,0.00026350765,37000.0,151467.38,149824.05,149824.05,0.7491672,10.343406,8.540145,8.540167
250759.14,0.016189741,0.0002803299,37000.0,151467.36,149824.05,149824.03,0.7491672,10.343287,8.540156,8.540144
250759.14,0.0159067,0.00028611545,37000.0,151467.33,149824.05,149824.05,0.7491672,10.343367,8.5401535,8.540152
250759.14,0.01614707,0.0002734346,37000.0,151467.36,149824.05,149824.05,0.7491672,10.34343,8.540149,8.540141
250759.14,0.012935049,0.00028170244,37000.0,151467.39,149824.06,149824.05,0.7491672,10.34335,8.5401535,8.540145
250759.14,0.01324157,0.000276605,37000.0,151467.42,149824.03,149824.02,0.7491672,10.343892,8.540146,8.540126
250759.14,0.014749234,0.000288812,37000.0,151467.38,149824.06,149824.06,0.7491672,10.343582,8.540153,8.540131
250759.14,0.015090749,0.00027819516,37000.0,151467.39,149824.06,149824.05,0.7491672,10.3435,8.540151,8.54015
250759.14,0.015743116,0.0002690166,37000.0,151467.4,149824.06,149824.06,0.7491672,10.343581,8.54015,8.540135
250759.14,0.013290281,0.0002757133,37000.0,151467.44,149824.06,149824.06,0.7491672,10.3436,8.540148,8.540145
250759.14,0.01644126,0.00028362454,37000.0,151467.36,149824.05,149824.02,0.7491672,10.343401,8.540146,8.540148
250759.14,0.01577914,0.0002716508,37000.0,151467.4,149824.06,149824.03,0.7491672,10.343624,8.540148,8.540131
250759.14,0.01399244,0.00027920553,37000.0,151467.34,149824.08,149824.06,0.7491672,10.343237,8.540148,8.54013
250759.14,0.01506451,0.0002633373,37000.0,151467.4,149824.05,149824.03,0.7491672,10.343625,8.54015,8.540124
250759.14,0.016122427,0.00026511948,37000.0,151467.38,149824.05,149824.05,0.7491672,10.343166,8.540152,8.540124
250759.14,0.0158918,0.00026931323,37000.0,151467.38,149824.05,149824.03,0.7491672,10.343384,8.540152,8.540145
250759.14,0.015921047,0.000261694,37000.0,151467.31,149824.06,149824.05,0.7491672,10.343158,8.5401535,8.540156
250759.14,0.016946107,0.00027796425,37000.0,151467.31,149824.06,149824.05,0.7491672,10.342764,8.540148,8.540133
250759.14,0.01406008,0.00027884854,37000.0,151467.38,149824.06,149824.05,0.7491672,10.343323,8.540153,8.540146
250759.14,0.014635198,0.0002825198,37000.0,151467.44,149824.05,149824.05,0.7491672,10.343893,8.540139,8.540137
250759.14,0.016943712,0.0002775467,37000.0,151467.39,149824.05,149824.05,0.7491672,10.34363,8.540148,8.540141
250759.14,0.015165529,0.00027843,37000.0,151467.34,149824.05,149824.06,0.7491672,10.3436,8.5401535,8.5401325
250759.14,0.016451161,0.00028131477,37000.0,151467.33,149824.06,149824.05,0.7491672,10.343351,8.540151,8.540134
250759.14,0.017017424,0.00028593704,37000.0,151467.36,149824.03,149824.05,0.7491672,10.343275,8.540151,8.540142
250759.14,0.015102615,0.00026366176,37000.0,151467.47,149824.05,149824.03,0.7491672,10.3437605,8.540154,8.540151
250759.14,0.015777554,0.00028273504,37000.0,151467.31,149824.05,149824.05,0.7491672,10.343194,8.540152,8.540127
250759.14,0.016799845,0.000275251,37000.0,151467.33,149824.03,149824.03,0.7491672,10.343217,8.54015,8.54014
250759.14,0.017250163,0.00029478656,37000.0,151467.36,149824.05,149824.05,0.7491672,10.343284,8.540149,8.540129
250759.14,0.015453424,0.00026657322,37000.0,151467.39,149824.06,149824.05,0.7491672,10.343837,8.540152,8.540152
250759.14,0.017153423,0.00027431207,37000.0,151467.39,149824.06,149824.03,0.7491672,10.34337,8.540135,8.54013
250759.14,0.014509826,0.00027964497,37000.0,151467.4,149824.06,149824.05,0.7491672,10.343715,8.540149,8.540145
250759.14,0.019378921,0.00027637824,37000.0,151467.34,149824.05,149824.05,0.7491672,10.34344,8.540163,8.540135
250759.14,0.016541038,0.0002829838,37000.0,151467.39,149824.05,149824.05,0.7491672,10.343729,8.540143,8.540133
250759.14,0.017093604,0.00027603793,37000.0,151467.4,149824.08,149824.05,0.7491672,10.343511,8.540144,8.540144
250759.14,0.016430784,0.00027650202,37000.0,151467.33,149824.05,149824.05,0.7491672,10.343218,8.540159,8.54015
250759.14,0.015362709,0.00027585737,37000.0,151467.39,149824.06,149824.05,0.7491672,10.343209,8.54014,8.540134
250759.14,0.016422676,0.00027244719,37000.0,151467.42,149824.05,149824.06,0.7491672,10.343573,8.540145,8.540136
250759.14,0.013904585,0.00028132627,37000.0,151467.39,149824.08,149824.06,0.7491672,10.343629,8.540152,8.540139
250759.14,0.01598089,0.0002822446,37000.0,151467.39,149824.06,149824.03,0.7491672,10.34333,8.540146,8.540144
250759.14,0.014757741,0.0002605636,37000.0,151467.33,149824.06,149824.05,0.7491672,10.343557,8.540149,8.54015
250759.14,0.015076532,0.00027959576,37000.0,151467.4,149824.06,149824.03,0.7491672,10.34377,8.540149,8.540133
250759.14,0.012452384,0.00029095812,37000.0,151467.33,149824.05,149824.05,0.7491672,10.3431,8.54015,8.540122
250759.14,0.014953401,0.00028483878,37000.0,151467.39,149824.08,149824.06,0.7491672,10.34364,8.540153,8.540142
250759.14,0.014458337,0.0002784204,37000.0,151467.4,149824.05,149824.06,0.7491672,10.343408,8.540155,8.540129
250759.14,0.017687747,0.00027900192,37000.0,151467.39,149824.06,149824.03,0.7491672,10.343617,8.540153,8.5401325
250759.14,0.013409888,0.0002814796,37000.0,151467.38,149824.06,149824.05,0.7491672,10.342953,8.540153,8.540138
250759.14,0.016105209,0.00027497523,37000.0,151467.39,149824.02,149824.06,0.7491672,10.343112,8.540155,8.540131
250759.14,0.01537189,0.0002862375,37000.0,151467.42,149824.06,149824.05,0.7491672,10.343333,8.540156,8.540135
250759.14,0.01475313,0.00028994435,37000.0,151467.38,149824.05,149824.05,0.7491672,10.3432865,8.540146,8.540144
250759.14,0.015713012,0.00029284356,37000.0,151467.34,149824.06,149824.06,0.7491672,10.343383,8.540147,8.540132
250759.14,0.01626713,0.00028102234,37000.0,151467.36,149824.05,149824.05,0.7491672,10.343277,8.540147,8.540139
250759.14,0.015897142,0.00026727404,37000.0,151467.42,149824.05,149824.03,0.7491672,10.343503,8.540138,8.540148
250759.14,0.015884215,0.0002845594,37000.0,151467.34,149824.06,149824.05,0.7491672,10.342975,8.540155,8.540149
250759.14,0.015388689,0.0002832366,37000.0,151467.36,149824.05,149824.05,0.7491672,10.343251,8.540148,8.540136
250759.14,0.013988721,0.00026942755,37000.0,151467.44,149824.05,149824.05,0.7491672,10.343517,8.540152,8.540135
250759.14,0.016181573,0.00026911002,37000.0,151467.4,149824.06,149824.06,0.7491672,10.343581,8.540151,8.540144
250759.14,0.015927056,0.00027974744,37000.0,151467.39,149824.06,149824.05,0.7491672,10.343142,8.540153,8.540123
250759.14,0.014783767,0.00026867518,37000.0,151467.39,149824.05,149824.06,0.7491672,10.343533,8.5401535,8.540147
250759.14,0.016113868,0.0002843824,37000.0,151467.38,149824.05,149824.05,0.7491672,10.343795,8.540148,8.540145
250759.14,0.017066948,0.0002883046,37000.0,151467.34,149824.03,149824.05,0.7491672,10.343093,8.540154,8.540143
250759.14,0.015113189,0.00028438107,37000.0,151467.34,149824.05,149824.06,0.7491672,10.343127,8.540149,8.540143
250759.14,0.014928444,0.0002708679,37000.0,151467.47,149824.05,149824.05,0.7491672,10.343504,8.54015,8.540152
250759.14,0.012139979,0.00027910818,37000.0,151467.4,149824.06,149824.05,0.7491672,10.343614,8.540146,8.540137
250759.14,0.01623523,0.00027615472,37000.0,151467.39,149824.03,149824.05,0.7491672,10.343488,8.54015,8.540144
250759.14,0.015606681,0.00028022827,37000.0,151467.34,149824.06,149824.05,0.7491672,10.343162,8.5401535,8.540143
250759.14,0.0153564885,0.00027955917,37000.0,151467.44,149824.06,149824.06,0.7491672,10.343521,8.540146,8.540143
250759.14,0.014525088,0.00028113506,37000.0,151467.39,149824.05,149824.03,0.7491672,10.343603,8.540147,8.540151
250759.14,0.0155531615,0.00028798293,37000.0,151467.4,149824.03,149824.06,0.7491672,10.343438,8.540147,8.5401325
250759.14,0.01730388,0.00029671774,37000.0,151467.34,149824.06,149824.06,0.7491672,10.34333,8.5401535,8.540151
250759.14,0.01692204,0.00028379803,37000.0,151467.36,149824.03,149824.03,0.7491672,10.343454,8.540152,8.540146
250759.14,0.015076836,0.0002779463,37000.0,151467.4,149824.03,149824.05,0.7491672,10.343531,8.540155,8.540141
250759.14,0.0153061,0.00028393892,37000.0,151467.42,149824.05,149824.06,0.7491672,10.343783,8.540146,8.540133
250759.14,0.015006863,0.00027885535,37000.0,151467.38,149824.05,149824.03,0.7491672,10.343198,8.540152,8.540134
250759.14,0.014340113,0.00027212058,37000.0,151467.39,149824.05,149824.05,0.7491672,10.343264,8.540143,8.540134
250759.14,0.01646327,0.00027799868,37000.0,151467.39,149824.05,149824.05,0.7491672,10.343463,8.540153,8.540138
250759.14,0.01534096,0.0002929444,37000.0,151467.39,149824.05,149824.05,0.7491672,10.343376,8.540154,8.540138
250759.14,0.014135211,0.00028167476,37000.0,151467.36,149824.06,149824.06,0.7491672,10.343307,8.540149,8.540135
250759.14,0.015281083,0.00027719856,37000.0,151467.4,149824.06,149824.03,0.7491672,10.343388,8.540157,8.540124
250759.14,0.017292697,0.0002844885,37000.0,151467.39,149824.06,149824.05,0.7491672,10.343584,8.540149,8.54013
250759.14,0.016993335,0.0002754472,37000.0,151467.42,149824.08,149824.03,0.7491672,10.343552,8.540147,8.540141
250759.14,0.017199494,0.0002871076,37000.0,151467.36,149824.05,149824.05,0.7491672,10.343266,8.540151,8.540152
250759.14,0.017087778,0.00028987788,37000.0,151467.38,149824.05,149824.05,0.7491672,10.343427,8.540146,8.540147
250759.14,0.013263888,0.0002897911,37000.0,151467.36,149824.05,149824.05,0.7491672,10.343303,8.540149,8.540149
250759.14,0.014494488,0.00026993806,37000.0,151467.33,149824.05,149824.03,0.7491672,10.343377,8.540151,8.540126
250759.14,0.015368175,0.000280767,37000.0,151467.3,149824.05,149824.05,0.7491672,10.343239,8.540154,8.540135
250759.14,0.014976509,0.00028711258,37000.0,151467.36,149824.06,149824.06,0.7491672,10.343308,8.540153,8.5401325
250759.14,0.014986313,0.0002778369,37000.0,151467.36,149824.06,149824.06,0.7491672,10.343374,8.540145,8.540144
250759.14,0.014130836,0.00028193413,37000.0,151467.39,149824.1,149824.06,0.7491672,10.343504,8.540147,8.540137
250759.14,0.016342763,0.00029094072,37000.0,151467.38,149824.06,149824.03,0.7491672,10.343548,8.540143,8.540139
250759.14,0.016276205,0.0002949787,37000.0,151467.38,149824.06,149824.03,0.7491672,10.343112,8.540147,8.540142
250759.14,0.013822321,0.0002876818,37000.0,151467.34,149824.05,149824.03,0.7491672,10.343284,8.5401535,8.5401325
250759.14,0.01543311,0.00028891332,37000.0,151467.33,149824.05,149824.03,0.7491672,10.343022,8.540145,8.540135
250759.14,0.014252204,0.0002781869,37000.0,151467.39,149824.06,149824.05,0.7491672,10.343453,8.540156,8.54014
250759.14,0.0149568,0.00029853085,37000.0,151467.39,149824.05,149824.06,0.7491672,10.343195,8.540146,8.540135
250759.14,0.016222736,0.0002864408,37000.0,151467.42,149824.06,149824.03,0.7491672,10.343669,8.540152,8.540148
250759.14,0.013509032,0.00028856762,37000.0,151467.39,149824.03,149824.03,0.7491672,10.343499,8.540155,8.540146
250759.14,0.014191425,0.000276333,37000.0,151467.4,149824.05,149824.05,0.7491672,10.343508,8.5401535,8.540147
250759.14,0.015399079,0.00029752107,37000.0,151467.33,149824.06,149824.05,0.7491672,10.3429785,8.540153,8.540148
250759.14,0.015439251,0.00028219365,37000.0,151467.39,149824.05,149824.05,0.7491672,10.343333,8.540151,8.540138
250759.14,0.014024677,0.00027639288,37000.0,151467.4,149824.05,149824.05,0.7491672,10.34349,8.540154,8.540146
250759.14,0.013648154,0.0002862464,37000.0,151467.34,149824.06,149824.06,0.7491672,10.343252,8.540147,8.540134
250759.14,0.015256701,0.00028193693,37000.0,151467.38,149824.06,149824.05,0.7491672,10.343341,8.540148,8.540135
250759.14,0.016134318,0.00028821005,37000.0,151467.34,149824.05,149824.06,0.7491672,10.343473,8.540154,8.540126
250759.14,0.016834406,0.0002773469,37000.0,151467.33,149824.03,149824.05,0.7491672,10.342999,8.5401535,8.540139
250759.14,0.015612377,0.00028596396,37000.0,151467.36,149824.06,149824.03,0.7491672,10.343736,8.540153,8.54014
250759.14,0.016030937,0.00029521977,37000.0,151467.38,149824.05,149824.05,0.7491672,10.343533,8.540144,8.5401535
250759.14,0.016100196,0.0002923862,37000.0,151467.39,149824.06,149824.06,0.7491672,10.343511,8.540144,8.540135
250759.14,0.014164071,0.00029671734,37000.0,151467.33,149824.05,149824.05,0.7491672,10.343517,8.540146,8.540138
250759.14,0.01763537,0.000299766,37000.0,151467.36,149824.05,149824.05,0.7491672,10.3435335,8.540157,8.540137
250759.14,0.015005283,0.00029191733,37000.0,151467.42,149824.06,149824.05,0.7491672,10.343747,8.540161,8.540135
250759.14,0.016066412,0.0002948206,37000.0,151467.38,149824.06,149824.03,0.7491672,10.343387,8.540145,8.540133
250759.14,0.016336886,0.00030746142,37000.0,151467.42,149824.05,149824.08,0.7491672,10.343466,8.540146,8.540134
250759.14,0.014803889,0.00030564604,37000.0,151467.39,149824.08,149824.06,0.7491672,10.343733,8.540153,8.540132
250759.14,0.016943738,0.00030509444,37000.0,151467.39,149824.05,149824.05,0.7491672,10.343545,8.540148,8.540139
250759.14,0.017140301,0.00028875648,37000.0,151467.34,149824.08,149824.05,0.7491672,10.343024,8.540151,8.540133
250759.14,0.017459301,0.0002982312,37000.0,151467.42,149824.06,149824.03,0.7491672,10.343794,8.540157,8.540132
250759.14,0.014733044,0.0002851279,37000.0,151467.36,149824.05,149824.05,0.7491672,10.343494,8.540154,8.540144
250759.14,0.018643586,0.00029280482,37000.0,151467.33,149824.05,149824.06,0.7491672,10.343507,8.540143,8.54015
250759.14,0.015719153,0.00029820684,37000.0,151467.42,149824.03,149824.06,0.7491672,10.343874,8.540153,8.540128
250759.14,0.0155375,0.0002854734,37000.0,151467.39,149824.08,149824.1,0.7491672,10.343348,8.540148,8.540147
250759.14,0.014709904,0.0002973673,37000.0,151467.38,149824.03,149824.06,0.7491672,10.343552,8.540149,8.540146
250759.14,0.0161682,0.0002858416,37000.0,151467.34,149824.06,149824.06,0.7491672,10.343045,8.540142,8.540138
250759.14,0.017433701,0.00029559268,37000.0,151467.34,149824.06,149824.05,0.7491672,10.343318,8.540145,8.540141
250759.14,0.015365597,0.00027364396,37000.0,151467.31,149824.05,149824.05,0.7491672,10.34318,8.540146,8.540143
250759.14,0.015074853,0.00028407396,37000.0,151467.39,149824.03,149824.08,0.7491672,10.343392,8.540151,8.540145
250759.14,0.017907836,0.00029658107,37000.0,151467.36,149824.05,149824.06,0.7491672,10.343427,8.540155,8.540144
250759.14,0.016599493,0.00029233526,37000.0,151467.38,149824.08,149824.05,0.7491672,10.343289,8.540151,8.540143
250759.14,0.016679807,0.00029211267,37000.0,151467.38,149824.06,149824.06,0.7491672,10.343632,8.54015,8.540151
250759.14,0.016546404,0.00030283042,37000.0,151467.33,149824.05,149824.05,0.7491672,10.343135,8.540143,8.540135
250759.14,0.014613869,0.0003001307,37000.0,151467.42,149824.06,149824.03,0.7491672,10.343427,8.54015,8.540136
250759.14,0.016633278,0.00029406368,37000.0,151467.33,149824.05,149824.05,0.7491672,10.343027,8.540148,8.540143
250759.14,0.015376851,0.00029956002,37000.0,151467.4,149824.05,149824.06,0.7491672,10.343258,8.540152,8.540142
250759.14,0.015484287,0.00029571416,37000.0,151467.33,149824.03,149824.08,0.7491672,10.343278,8.54015,8.540139
250759.14,0.015399022,0.00029167233,37000.0,151467.38,149824.06,149824.06,0.7491672,10.343603,8.540144,8.5401325
250759.14,0.014568623,0.00030662352,37000.0,151467.4,149824.06,149824.05,0.7491672,10.343473,8.540157,8.540139
250759.14,0.016137546,0.0002964702,37000.0,151467.36,149824.06,149824.06,0.7491672,10.343244,8.540147,8.540149
250759.14,0.016752914,0.0002993997,37000.0,151467.38,149824.05,149824.06,0.7491672,10.343588,8.54015,8.540138
250759.14,0.015302394,0.00029244536,37000.0,151467.4,149824.08,149824.1,0.7491672,10.343557,8.540153,8.540135
250759.14,0.014430207,0.0002967443,37000.0,151467.38,149824.06,149824.06,0.7491672,10.342987,8.540154,8.540139
250759.14,0.016468704,0.00028379523,37000.0,151467.38,149824.03,149824.05,0.7491672,10.343294,8.540154,8.540137
250759.14,0.0142634,0.00029021045,37000.0,151467.38,149824.05,149824.05,0.7491672,10.343291,8.540143,8.540134
250759.14,0.018696435,0.00030242742,37000.0,151467.33,149824.05,149824.05,0.7491672,10.343475,8.540151,8.540133
250759.14,0.015372698,0.00028888474,37000.0,151467.31,149824.05,149824.06,0.7491672,10.343015,8.5401535,8.540149
250759.14,0.014276346,0.00029324155,37000.0,151467.34,149824.06,149824.05,0.7491672,10.34309,8.540157,8.540142
250759.14,0.016216554,0.000279359,37000.0,151467.38,149824.05,149824.08,0.7491672,10.343434,8.540142,8.540131
250759.14,0.016436126,0.0002862333,37000.0,151467.42,149824.08,149824.05,0.7491672,10.343664,8.540161,8.540126
250759.14,0.015259001,0.0002995796,37000.0,151467.34,149824.06,149824.05,0.7491672,10.343368,8.540144,8.540137
250759.14,0.015205155,0.00029492434,37000.0,151467.36,149824.05,149824.08,0.7491672,10.343354,8.540151,8.54015
250759.14,0.015329849,0.0002924701,37000.0,151467.38,149824.05,149824.08,0.7491672,10.343454,8.540147,8.540139
250759.14,0.016352965,0.00029656512,37000.0,151467.36,149824.05,149824.05,0.7491672,10.343519,8.540153,8.540138
250759.14,0.016731447,0.00029503985,37000.0,151467.38,149824.05,149824.03,0.7491672,10.343336,8.540148,8.540132
250759.14,0.015094045,0.0002995388,37000.0,151467.4,149824.05,149824.03,0.7491672,10.343508,8.540148,8.540145
250759.14,0.016980609,0.00028953017,37000.0,151467.36,149824.06,149824.05,0.7491672,10.343458,8.540149,8.540137
250759.14,0.015435122,0.00029893676,37000.0,151467.4,149824.06,149824.03,0.7491672,10.343272,8.540153,8.540142
250759.14,0.014801062,0.00030181126,37000.0,151467.33,149824.05,149824.06,0.7491672,10.343024,8.540145,8.540134
250759.14,0.017584058,0.00029981745,37000.0,151467.36,149824.05,149824.06,0.7491672,10.343409,8.540149,8.540143
250759.14,0.014119986,0.000283015,37000.0,151467.36,149824.06,149824.08,0.7491672,10.343199,8.54014,8.540147
250759.14,0.016156342,0.00028454716,37000.0,151467.42,149824.06,149824.03,0.7491672,10.343233,8.540147,8.540134
250759.14,0.01353229,0.0002904616,37000.0,151467.33,149824.05,149824.05,0.7491672,10.343353,8.540151,8.540142
250759.14,0.01781159,0.0002928612,37000.0,151467.38,149824.05,149824.06,0.7491672,10.343172,8.540144,8.540145
250759.14,0.018955698,0.00029045323,37000.0,151467.34,149824.06,149824.06,0.7491672,10.343218,8.5401535,8.540138
250759.14,0.019498684,0.0002994465,37000.0,151467.42,149824.06,149824.06,0.7491672,10.343522,8.540157,8.540136
250759.14,0.014724012,0.00028570375,37000.0,151467.39,149824.05,149824.06,0.7491672,10.343194,8.5401535,8.540139
250759.14,0.015142251,0.0003011389,37000.0,151467.4,149824.05,149824.05,0.7491672,10.34344,8.540152,8.540136
250759.14,0.015980333,0.00029548234,37000.0,151467.38,149824.03,149824.06,0.7491672,10.343185,8.540143,8.540142
250759.14,0.017175175,0.0003004415,37000.0,151467.34,149824.03,149824.05,0.7491672,10.343458,8.540156,8.540145
250759.14,0.017556043,0.00030032298,37000.0,151467.42,149824.06,149824.06,0.7491672,10.343671,8.540147,8.540142
250759.14,0.01731158,0.00029589917,37000.0,151467.39,149824.06,149824.08,0.7491672,10.343719,8.540152,8.540151
250759.14,0.016362304,0.00027580687,37000.0,151467.36,149824.05,149824.08,0.7491672,10.34342,8.540142,8.540139
250759.14,0.015663888,0.00026101843,37000.0,151467.34,149824.05,149824.05,0.7491672,10.3430605,8.540141,8.540139
250759.14,0.016546255,0.0002920954,37000.0,151467.38,149824.05,149824.06,0.7491672,10.343512,8.540154,8.540138
250759.14,0.014106492,0.00029588357,37000.0,151467.44,149824.05,149824.05,0.7491672,10.343611,8.54016,8.540134
250759.14,0.015787141,0.0002937378,37000.0,151467.4,149824.05,149824.05,0.7491672,10.343263,8.54015,8.540138
250759.14,0.014789336,0.00028767542,37000.0,151467.36,149824.05,149824.08,0.7491672,10.343617,8.540149,8.540135
250759.14,0.015041109,0.00028463508,37000.0,151467.38,149824.05,149824.03,0.7491672,10.343238,8.540146,8.540142
250759.14,0.014554959,0.00030455616,37000.0,151467.38,149824.05,149824.06,0.7491672,10.343624,8.54015,8.54014
250759.14,0.016610071,0.0002936529,37000.0,151467.36,149824.03,149824.05,0.7491672,10.343482,8.540148,8.540133
250759.14,0.01552468,0.00029306498,37000.0,151467.31,149824.05,149824.08,0.7491672,10.343104,8.540148,8.540136
250759.14,0.016838318,0.00029215708,37000.0,151467.36,149824.06,149824.06,0.7491672,10.34331,8.540157,8.540134
250759.14,0.014448135,0.00029370267,37000.0,151467.36,149824.03,149824.03,0.7491672,10.343122,8.540141,8.540139
250759.14,0.014612485,0.00029177053,37000.0,151467.36,149824.06,149824.05,0.7491672,10.343046,8.540138,8.540139
250759.14,0.015720984,0.00030707367,37000.0,151467.39,149824.06,149824.05,0.7491672,10.343658,8.540151,8.540141
250759.14,0.016191643,0.0002930487,37000.0,151467.39,149824.05,149824.06,0.7491672,10.342974,8.54016,8.540137
250759.14,0.014527075,0.0002975777,37000.0,151467.38,149824.05,149824.06,0.7491672,10.343436,8.540153,8.540146
250759.14,0.016897324,0.00030462552,37000.0,151467.42,149824.08,149824.06,0.7491672,10.343287,8.540155,8.540133
250759.14,0.01837106,0.0002967973,37000.0,151467.34,149824.05,149824.06,0.7491672,10.343448,8.540146,8.540145
250759.14,0.015161064,0.0002977636,37000.0,151467.36,149824.05,149824.05,0.7491672,10.343713,8.540159,8.540143
250759.14,0.014733335,0.0002930191,37000.0,151467.42,149824.05,149824.05,0.7491672,10.343308,8.540154,8.54015
250759.14,0.01477934,0.00026807384,37000.0,151467.33,149824.08,149824.08,0.7491672,10.343066,8.54015,8.540131
250759.14,0.015751615,0.0002917995,37000.0,151467.4,149824.05,149824.1,0.7491672,10.3433275,8.540151,8.54014
250759.14,0.017804895,0.00028731895,37000.0,151467.39,149824.05,149824.06,0.7491672,10.343399,8.540153,8.540144
250759.14,0.016897732,0.00030847354,37000.0,151467.33,149824.05,149824.06,0.7491672,10.343325,8.54015,8.540133
250759.14,0.019615922,0.00029046883,37000.0,151467.38,149824.05,149824.08,0.7491672,10.34361,8.540151,8.540142
250759.14,0.016931279,0.00029224379,37000.0,151467.4,149824.06,149824.03,0.7491672,10.343705,8.540158,8.540145
250759.14,0.014634136,0.00029920918,37000.0,151467.34,149824.05,149824.05,0.7491672,10.343184,8.540153,8.540141
250759.14,0.016625741,0.00028764695,37000.0,151467.38,149824.06,149824.05,0.7491672,10.343189,8.540148,8.540134
250759.14,0.015515033,0.00028810237,37000.0,151467.36,149824.06,149824.06,0.7491672,10.343354,8.540155,8.540151
250759.14,0.015817795,0.00029848554,37000.0,151467.4,149824.06,149824.06,0.7491672,10.34371,8.540152,8.540144
250759.14,0.019565674,0.00029514782,37000.0,151467.39,149824.06,149824.03,0.7491672,10.343409,8.540153,8.540135
250759.14,0.018676003,0.00028790213,37000.0,151467.4,149824.05,149824.06,0.7491672,10.343638,8.540149,8.540144
250759.14,0.019983308,0.00029509136,37000.0,151467.38,149824.06,149824.05,0.7491672,10.343467,8.540153,8.540137
250759.14,0.013929031,0.00028916227,37000.0,151467.36,149824.06,149824.05,0.7491672,10.343175,8.540158,8.540139
250759.14,0.018622676,0.00028071995,37000.0,151467.4,149824.05,149824.05,0.7491672,10.343601,8.540149,8.540148
250759.14,0.017244555,0.0002991445,37000.0,151467.36,149824.05,149824.06,0.7491672,10.343447,8.540155,8.540146
250759.14,0.016578749,0.0002858372,37000.0,151467.4,149824.05,149824.08,0.7491672,10.343563,8.540147,8.540142
250759.14,0.016600605,0.00029421702,37000.0,151467.36,149824.06,149824.05,0.7491672,10.3433075,8.540147,8.540138
250759.14,0.015704988,0.00029025058,37000.0,151467.38,149824.05,149824.05,0.7491672,10.343522,8.540142,8.540134
250759.14,0.018878218,0.00029010448,37000.0,151467.39,149824.03,149824.06,0.7491672,10.34343,8.540142,8.540136
250759.14,0.017151726,0.00029107428,37000.0,151467.4,149824.05,149824.05,0.7491672,10.343446,8.540149,8.540139
250759.14,0.01709067,0.00029668966,37000.0,151467.4,149824.06,149824.06,0.7491672,10.34381,8.540153,8.540131
250759.14,0.01827681,0.00029381734,37000.0,151467.34,149824.05,149824.05,0.7491672,10.343136,8.540146,8.540124
250759.14,0.01752014,0.0002895024,37000.0,151467.38,149824.06,149824.06,0.7491672,10.34355,8.540154,8.5401325
250759.14,0.015736775,0.00029312886,37000.0,151467.4,149824.05,149824.05,0.7491672,10.343468,8.540153,8.540144
250759.14,0.017791692,0.0002939442,37000.0,151467.38,149824.06,149824.05,0.7491672,10.343343,8.5401535,8.54014
250759.14,0.018038968,0.00030145404,37000.0,151467.33,149824.06,149824.06,0.7491672,10.343105,8.540155,8.540144
250759.14,0.016663074,0.0003129346,37000.0,151467.36,149824.05,149824.05,0.7491672,10.343498,8.540152,8.540144
250759.14,0.019647542,0.0002978217,37000.0,151467.34,149824.08,149824.03,0.7491672,10.343551,8.54015,8.54015
250759.14,0.0170803,0.00031178183,37000.0,151467.42,149824.03,149824.03,0.7491672,10.343384,8.5401535,8.540145
250759.14,0.017335277,0.00030431026,37000.0,151467.33,149824.03,149824.05,0.7491672,10.343363,8.540149,8.540145
250759.14,0.016296934,0.0003061603,37000.0,151467.4,149824.06,149824.08,0.7491672,10.343966,8.540152,8.54015
250759.14,0.018609574,0.00029992274,37000.0,151467.4,149824.05,149824.05,0.7491672,10.343636,8.540138,8.540149
250759.14,0.018352631,0.00031831095,37000.0,151467.45,149824.06,149824.05,0.7491672,10.344027,8.540143,8.54015
250759.14,0.01631848,0.00028258885,37000.0,151467.4,149824.03,149824.03,0.7491672,10.34389,8.540146,8.540151
250759.14,0.01523387,0.00030315408,37000.0,151467.39,149824.03,149824.05,0.7491672,10.34346,8.540155,8.540129
250759.14,0.014099524,0.00030593094,37000.0,151467.36,149824.06,149824.05,0.7491672,10.343397,8.540153,8.540138
250759.14,0.017934747,0.00029714112,37000.0,151467.39,149824.06,149824.06,0.7491672,10.343326,8.540148,8.540141
250759.14,0.018889043,0.00029811257,37000.0,151467.42,149824.06,149824.06,0.7491672,10.343376,8.540146,8.540146
250759.14,0.018892223,0.000302965,37000.0,151467.39,149824.06,149824.06,0.7491672,10.343773,8.540148,8.540159
250759.14,0.017434249,0.00029644038,37000.0,151467.4,149824.05,149824.05,0.7491672,10.34342,8.540149,8.540136
250759.14,0.017296206,0.0003071191,37000.0,151467.36,149824.03,149824.05,0.7491672,10.343148,8.54015,8.540156
250759.14,0.017114809,0.00030962296,37000.0,151467.39,149824.05,149824.05,0.7491672,10.343425,8.540152,8.54015
250759.14,0.01801358,0.00031454957,37000.0,151467.45,149824.05,149824.05,0.7491672,10.343816,8.540146,8.540146
250759.14,0.015069567,0.0003005519,37000.0,151467.42,149824.05,149824.08,0.7491672,10.343801,8.540147,8.540151
250759.14,0.016415372,0.00029778408,37000.0,151467.38,149824.05,149824.05,0.7491672,10.343081,8.540144,8.5401535
250759.14,0.016094647,0.00031488264,37000.0,151467.36,149824.06,149824.05,0.7491672,10.343504,8.540153,8.540147
250759.14,0.016772484,0.00030882648,37000.0,151467.34,149824.05,149824.06,0.7491672,10.343271,8.540151,8.540144
250759.14,0.019886805,0.0003122457,37000.0,151467.31,149824.05,149824.03,0.7491672,10.343323,8.5401535,8.540142
250759.14,0.018280301,0.0003215143,37000.0,151467.42,149824.05,149824.05,0.7491672,10.343226,8.540147,8.54015
250759.14,0.018721431,0.00030317588,37000.0,151467.44,149824.05,149824.06,0.7491672,10.343379,8.540151,8.540147
250759.14,0.01536181,0.0002963098,37000.0,151467.34,149824.05,149824.06,0.7491672,10.343157,8.540146,8.540152
250759.14,0.016441144,0.00030935503,37000.0,151467.33,149824.05,149824.06,0.7491672,10.343555,8.5401535,8.540149
250759.14,0.0158429,0.00030146496,37000.0,151467.42,149824.06,149824.05,0.7491672,10.343347,8.540154,8.540148
250759.14,0.019382691,0.0003026976,37000.0,151467.4,149824.08,149824.06,0.7491672,10.343779,8.540149,8.540138
250759.14,0.017406397,0.00030829856,37000.0,151467.33,149824.06,149824.03,0.7491672,10.343102,8.540148,8.54014
250759.14,0.01801811,0.0003089532,37000.0,151467.34,149824.06,149824.08,0.7491672,10.343461,8.540151,8.540147
250759.14,0.01635788,0.00030955876,37000.0,151467.36,149824.06,149824.06,0.7491672,10.343383,8.540149,8.540141
250759.14,0.017143253,0.00030613758,37000.0,151467.38,149824.06,149824.06,0.7491672,10.343275,8.540145,8.540132
250759.14,0.017395772,0.00030507392,37000.0,151467.36,149824.05,149824.06,0.7491672,10.343388,8.540148,8.540134
250759.14,0.018747753,0.00029663494,37000.0,151467.4,149824.05,149824.06,0.7491672,10.343801,8.540152,8.54014
250759.14,0.016390694,0.00030589668,37000.0,151467.36,149824.06,149824.03,0.7491672,10.343266,8.540147,8.540147
250759.14,0.017977932,0.00029679443,37000.0,151467.34,149824.05,149824.06,0.7491672,10.343308,8.54016,8.540146
250759.14,0.017517626,0.0003016989,37000.0,151467.36,149824.06,149824.08,0.7491672,10.343355,8.54015,8.540135
250759.14,0.017607542,0.00029860492,37000.0,151467.36,149824.05,149824.05,0.7491672,10.3433895,8.540149,8.540143
250759.14,0.01883247,0.00029615848,37000.0,151467.36,149824.06,149824.06,0.7491672,10.343386,8.540144,8.540149
250759.14,0.016192466,0.00031165514,37000.0,151467.38,149824.06,149824.06,0.7491672,10.343398,8.540156,8.540143
250759.14,0.018243957,0.0003050238,37000.0,151467.36,149824.05,149824.06,0.7491672,10.343396,8.54014,8.540136
250759.14,0.013899761,0.00030455712,37000.0,151467.38,149824.08,149824.06,0.7491672,10.343497,8.540148,8.540142
250759.14,0.016535258,0.0002971654,37000.0,151467.42,149824.05,149824.08,0.7491672,10.3434515,8.540156,8.540142
250759.14,0.016778613,0.0003191795,37000.0,151467.39,149824.06,149824.05,0.7491672,10.343115,8.54015,8.540144
250759.14,0.01722186,0.00030239983,37000.0,151467.39,149824.05,149824.06,0.7491672,10.343665,8.540156,8.540149
250759.14,0.018353257,0.00030288915,37000.0,151467.33,149824.06,149824.05,0.7491672,10.342904,8.5401535,8.540153
250759.14,0.016975477,0.00029926392,37000.0,151467.4,149824.05,149824.06,0.7491672,10.343307,8.540161,8.540149
250759.14,0.017251248,0.00029354022,37000.0,151467.4,149824.05,149824.05,0.7491672,10.343621,8.540154,8.54015
250759.14,0.015499767,0.00028566367,37000.0,151467.31,149824.05,149824.08,0.7491672,10.3434925,8.540156,8.540146
250759.14,0.018270684,0.00028942947,37000.0,151467.39,149824.05,149824.06,0.7491672,10.343225,8.540144,8.5401535
250759.14,0.017794454,0.0003155247,37000.0,151467.36,149824.05,149824.05,0.7491672,10.3432665,8.540153,8.540137
250759.14,0.017536322,0.00030466297,37000.0,151467.36,149824.05,149824.05,0.7491672,10.34395,8.540151,8.540151
250759.14,0.016481366,0.000307993,37000.0,151467.4,149824.05,149824.06,0.7491672,10.343439,8.540146,8.540149
250759.14,0.015956584,0.00030116984,37000.0,151467.34,149824.05,149824.08,0.7491672,10.343427,8.540146,8.540146
250759.14,0.017250953,0.00030241138,37000.0,151467.38,149824.06,149824.05,0.7491672,10.343458,8.540151,8.540142
250759.14,0.015283688,0.00029274516,37000.0,151467.34,149824.06,149824.06,0.7491672,10.343324,8.540141,8.540152
250759.14,0.017104588,0.00030590993,37000.0,151467.45,149824.08,149824.06,0.7491672,10.343476,8.54015,8.540152
250759.14,0.01751903,0.00029431356,37000.0,151467.34,149824.06,149824.06,0.7491672,10.3432665,8.540145,8.54015
250759.14,0.018585686,0.00031378563,37000.0,151467.39,149824.06,149824.05,0.7491672,10.343711,8.540143,8.540158
250759.14,0.016071603,0.00029393076,37000.0,151467.44,149824.06,149824.06,0.7491672,10.343596,8.540149,8.540129
250759.14,0.017661992,0.00030279576,37000.0,151467.38,149824.05,149824.08,0.7491672,10.343117,8.540151,8.540149
250759.14,0.017012201,0.00031122233,37000.0,151467.38,149824.03,149824.05,0.7491672,10.343414,8.54015,8.540149
250759.14,0.017278949,0.00031140505,37000.0,151467.4,149824.06,149824.05,0.7491672,10.343621,8.54015,8.540143
250759.14,0.015364016,0.00030690338,37000.0,151467.42,149824.05,149824.05,0.7491672,10.343318,8.54015,8.540142
250759.14,0.012591852,0.0002989787,37000.0,151467.38,149824.06,149824.06,0.7491672,10.343509,8.540146,8.54014
250759.14,0.0181996,0.00029210324,37000.0,151467.34,149824.06,149824.05,0.7491672,10.343575,8.540147,8.540139
250759.14,0.018192831,0.00030942823,37000.0,151467.36,149824.05,149824.05,0.7491672,10.342979,8.540154,8.540146
250759.14,0.017468845,0.00030604095,37000.0,151467.34,149824.06,149824.06,0.7491672,10.343303,8.54014,8.540161
250759.14,0.015741115,0.00030541074,37000.0,151467.38,149824.05,149824.03,0.7491672,10.343437,8.540154,8.540152
250759.14,0.017622331,0.0003082452,37000.0,151467.3,149824.05,149824.05,0.7491672,10.34348,8.540151,8.540151
250759.14,0.016394148,0.00030258246,37000.0,151467.34,149824.05,149824.03,0.7491672,10.343335,8.540144,8.540139
250759.14,0.015697151,0.0003116968,37000.0,151467.39,149824.05,149824.06,0.7491672,10.34331,8.540154,8.540143
250759.14,0.013746145,0.0003020315,37000.0,151467.42,149824.05,149824.05,0.7491672,10.343568,8.54015,8.540154
250759.14,0.016952768,0.00030586455,37000.0,151467.33,149824.05,149824.03,0.7491672,10.342948,8.540154,8.540151
250759.14,0.01866917,0.0002901833,37000.0,151467.38,149824.05,149824.05,0.7491672,10.343137,8.540154,8.54014
250759.14,0.017615872,0.00028979636,37000.0,151467.38,149824.05,149824.06,0.7491672,10.34316,8.5401535,8.540146
250759.14,0.016726227,0.00031162944,37000.0,151467.4,149824.06,149824.06,0.7491672,10.343373,8.54015,8.540142
250759.14,0.017649489,0.00027920055,37000.0,151467.38,149824.06,149824.05,0.7491672,10.343516,8.540145,8.540147
250759.14,0.015435603,0.00030052493,37000.0,151467.42,149824.05,149824.06,0.7491672,10.3435,8.540146,8.540141
250759.14,0.017408386,0.00031243797,37000.0,151467.4,149824.05,149824.05,0.7491672,10.343421,8.540156,8.54015
250759.14,0.01521163,0.00029492282,37000.0,151467.36,149824.05,149824.06,0.7491672,10.343471,8.540149,8.540151
250759.14,0.015316389,0.00029009205,37000.0,151467.36,149824.08,149824.06,0.7491672,10.34318,8.540158,8.540154
250759.14,0.014596611,0.00029990604,37000.0,151467.38,149824.05,149824.08,0.7491672,10.343722,8.540151,8.540143
250759.14,0.01796143,0.0003179687,37000.0,151467.34,149824.05,149824.05,0.7491672,10.343658,8.540146,8.540149
250759.14,0.016123058,0.00030135136,37000.0,151467.33,149824.05,149824.05,0.7491672,10.343268,8.540154,8.540153
250759.14,0.017222809,0.00031976379,37000.0,151467.39,149824.06,149824.05,0.7491672,10.343397,8.540153,8.540149
250759.14,0.01650656,0.0002937175,37000.0,151467.44,149824.08,149824.06,0.7491672,10.343483,8.540157,8.540146
250759.14,0.015866512,0.00029849325,37000.0,151467.31,149824.05,149824.06,0.7491672,10.343124,8.540143,8.540137
250759.14,0.016374076,0.0002886212,37000.0,151467.34,149824.06,149824.05,0.7491672,10.3435755,8.540145,8.540151
250759.14,0.018126229,0.00029203855,37000.0,151467.4,149824.05,149824.05,0.7491672,10.343331,8.540151,8.540151
250759.14,0.016909767,0.0003123787,37000.0,151467.39,149824.08,149824.06,0.7491672,10.343686,8.540149,8.540155
250759.14,0.01952674,0.00030635897,37000.0,151467.36,149824.06,149824.06,0.7491672,10.343269,8.540154,8.540152
250759.14,0.018645274,0.00031205054,37000.0,151467.38,149824.03,149824.06,0.7491672,10.343325,8.540149,8.540152
250759.14,0.015977815,0.00030100823,37000.0,151467.38,149824.05,149824.06,0.7491672,10.343594,8.54014,8.540157
250759.14,0.017774884,0.0002883111,37000.0,151467.39,149824.05,149824.06,0.7491672,10.343505,8.540152,8.540134
250759.14,0.016145553,0.00030465177,37000.0,151467.36,149824.05,149824.1,0.7491672,10.343266,8.540153,8.540141
250759.14,0.01761889,0.00030101868,37000.0,151467.45,149824.06,149824.05,0.7491672,10.343539,8.540151,8.540155
250759.14,0.014531807,0.0003080736,37000.0,151467.4,149824.05,149824.05,0.7491672,10.343214,8.54015,8.540146
250759.14,0.014376377,0.00029684824,37000.0,151467.4,149824.05,149824.06,0.7491672,10.343279,8.540149,8.540154
250759.14,0.016597698,0.00031779148,37000.0,151467.33,149824.06,149824.06,0.7491672,10.343345,8.540152,8.5401535
250759.14,0.017740138,0.00031047777,37000.0,151467.38,149824.06,149824.05,0.7491672,10.343184,8.54015,8.540151
250759.14,0.015305346,0.0003022842,37000.0,151467.36,149824.05,149824.06,0.7491672,10.342945,8.5401535,8.5401535
250759.14,0.01817319,0.00031434276,37000.0,151467.38,149824.06,149824.08,0.7491672,10.343599,8.540148,8.540157
250759.14,0.015046577,0.0003023867,37000.0,151467.36,149824.06,149824.03,0.7491672,10.343189,8.540139,8.540159
250759.14,0.017031442,0.00031119178,37000.0,151467.39,149824.03,149824.05,0.7491672,10.34373,8.540143,8.540148
250759.14,0.015085202,0.00030605236,37000.0,151467.39,149824.06,149824.05,0.7491672,10.343377,8.540151,8.540152
250759.14,0.015666926,0.00030918277,37000.0,151467.4,149824.05,149824.06,0.7491672,10.343719,8.540149,8.540145
250759.14,0.017024595,0.0003108095,37000.0,151467.34,149824.06,149824.06,0.7491672,10.343116,8.54015,8.540156
250759.14,0.017473802,0.00031458287,37000.0,151467.34,149824.05,149824.06,0.7491672,10.343067,8.540152,8.54015
250759.14,0.018101675,0.00029934742,37000.0,151467.4,149824.06,149824.06,0.7491672,10.343495,8.540145,8.540154
250759.14,0.016529934,0.00031167094,37000.0,151467.42,149824.05,149824.08,0.7491672,10.343443,8.540147,8.540149
250759.14,0.014985698,0.00030115098,37000.0,151467.4,149824.06,149824.03,0.7491672,10.343669,8.5401535,8.5401535
250759.14,0.018933835,0.0003231019,37000.0,151467.42,149824.03,149824.03,0.7491672,10.343887,8.540143,8.540159
250759.14,0.017576037,0.00031972528,37000.0,151467.38,149824.06,149824.03,0.7491672,10.3434,8.5401535,8.540174
250759.14,0.015579272,0.0003151321,37000.0,151467.47,149824.06,149824.06,0.7491672,10.343664,8.540145,8.540177
250759.14,0.0172668,0.00032035046,37000.0,151467.3,149824.06,149824.05,0.7491672,10.343172,8.540149,8.540177
250759.14,0.017375031,0.0003077055,37000.0,151467.33,149824.05,149824.06,0.7491672,10.343374,8.540142,8.540163
250759.14,0.015092353,0.0003037869,37000.0,151467.34,149824.06,149824.06,0.7491672,10.343541,8.540148,8.540158
250759.14,0.017819775,0.0003171648,37000.0,151467.39,149824.05,149824.05,0.7491672,10.34327,8.540152,8.540171
250759.14,0.016997911,0.00031622656,37000.0,151467.42,149824.05,149824.06,0.7491672,10.343475,8.540153,8.540163
250759.14,0.01797351,0.00033451256,37000.0,151467.4,149824.03,149824.03,0.7491672,10.343471,8.54015,8.540173
250759.14,0.018180618,0.00031706857,37000.0,151467.31,149824.06,149824.06,0.7491672,10.342837,8.540152,8.540177
250759.14,0.01529993,0.00031786176,37000.0,151467.34,149824.05,149824.05,0.7491672,10.343514,8.540146,8.540164
250759.14,0.016658999,0.00031575438,37000.0,151467.36,149824.08,149824.06,0.7491672,10.343387,8.540145,8.540167
250759.14,0.018626325,0.00032620764,37000.0,151467.39,149824.03,149824.03,0.7491672,10.343286,8.540146,8.540184
250759.14,0.015275749,0.00031051357,37000.0,151467.42,149824.05,149824.05,0.7491672,10.34369,8.540152,8.540172
250759.14,0.016599322,0.0003189633,37000.0,151467.39,149824.06,149824.05,0.7491672,10.343374,8.540149,8.540169
250759.14,0.015093122,0.00030417833,37000.0,151467.42,149824.06,149824.05,0.7491672,10.343629,8.54016,8.540178
250759.14,0.01957885,0.0003228498,37000.0,151467.39,149824.08,149824.06,0.7491672,10.343174,8.54015,8.540173
250759.14,0.02001108,0.0003256331,37000.0,151467.4,149824.03,149824.05,0.7491672,10.343373,8.54015,8.54017
250759.14,0.017741311,0.00033263036,37000.0,151467.42,149824.08,149824.05,0.7491672,10.343441,8.540157,8.540156
250759.14,0.017092466,0.00032051868,37000.0,151467.33,149824.03,149824.06,0.7491672,10.343419,8.540152,8.540173
250759.14,0.015050825,0.00031667808,37000.0,151467.42,149824.05,149824.05,0.7491672,10.343621,8.540157,8.540171
250759.14,0.019395333,0.00030908367,37000.0,151467.38,149824.05,149824.06,0.7491672,10.343721,8.540145,8.540156
250759.14,0.019009655,0.0003127872,37000.0,151467.31,149824.06,149824.03,0.7491672,10.343359,8.540148,8.540155
250759.14,0.017721722,0.00031843083,37000.0,151467.39,149824.06,149824.03,0.7491672,10.343397,8.5401535,8.540164
250759.14,0.015976472,0.0003144372,37000.0,151467.45,149824.05,149824.03,0.7491672,10.343444,8.540158,8.540174
250759.14,0.015556945,0.0003099239,37000.0,151467.33,149824.06,149824.05,0.7491672,10.343272,8.540151,8.540166
250759.14,0.016571665,0.00031211437,37000.0,151467.38,149824.03,149824.05,0.7491672,10.343509,8.540151,8.540183
250759.14,0.016878352,0.00030682978,37000.0,151467.34,149824.05,149824.05,0.7491672,10.343085,8.540161,8.540175
250759.14,0.019639483,0.00031832338,37000.0,151467.42,149824.06,149824.02,0.7491672,10.343605,8.540144,8.540176
250759.14,0.020786365,0.00031767166,37000.0,151467.39,149824.06,149824.06,0.7491672,10.343741,8.5401535,8.540181
250759.14,0.017914122,0.0003238678,37000.0,151467.38,149824.06,149824.05,0.7491672,10.343539,8.540153,8.540177
250759.14,0.018149883,0.0003193466,37000.0,151467.36,149824.05,149824.05,0.7491672,10.343575,8.540157,8.54018
250759.14,0.01866282,0.00031340856,37000.0,151467.4,149824.05,149824.05,0.7491672,10.343429,8.540152,8.540162
250759.14,0.018263964,0.00031601026,37000.0,151467.38,149824.05,149824.05,0.7491672,10.343161,8.540146,8.540175
250759.14,0.014363838,0.0002976173,37000.0,151467.38,149824.05,149824.06,0.7491672,10.3432865,8.540153,8.540171
250759.14,0.014638025,0.00031229103,37000.0,151467.47,149824.05,149824.06,0.7491672,10.343883,8.540138,8.540155
250759.14,0.017459562,0.0003276627,37000.0,151467.4,149824.08,149824.02,0.7491672,10.343381,8.540155,8.540169
250759.14,0.018352658,0.00032475922,37000.0,151467.33,149824.05,149824.03,0.7491672,10.343623,8.540151,8.540161
250759.14,0.018022105,0.0003187721,37000.0,151467.4,149824.06,149824.06,0.7491672,10.343716,8.540151,8.540155
250759.14,0.015354798,0.00030951772,37000.0,151467.39,149824.06,149824.05,0.7491672,10.343389,8.540149,8.540176
250759.14,0.02068552,0.00032979637,37000.0,151467.4,149824.05,149824.06,0.7491672,10.343146,8.540144,8.540171
250759.14,0.019470336,0.00031264717,37000.0,151467.33,149824.05,149824.03,0.7491672,10.343153,8.540157,8.540173
250759.14,0.018023564,0.0003175483,37000.0,151467.39,149824.06,149824.03,0.7491672,10.343679,8.540152,8.540186
250759.14,0.017132869,0.00031279374,37000.0,151467.44,149824.06,149824.06,0.7491672,10.344051,8.540148,8.540182
250759.14,0.016280772,0.00031033292,37000.0,151467.34,149824.05,149824.05,0.7491672,10.343778,8.54015,8.540163
250759.14,0.01619088,0.00032670086,37000.0,151467.4,149824.06,149824.05,0.7491672,10.343579,8.540147,8.540172
250759.14,0.017538093,0.0003282777,37000.0,151467.38,149824.06,149824.06,0.7491672,10.343264,8.540143,8.540173
250759.14,0.019222194,0.00031824416,37000.0,151467.42,149824.06,149824.08,0.7491672,10.343902,8.540152,8.540177
250759.14,0.018191636,0.00031674837,37000.0,151467.39,149824.06,149824.06,0.7491672,10.343506,8.540156,8.540172
250759.14,0.017426793,0.00030366456,37000.0,151467.39,149824.06,149824.05,0.7491672,10.343695,8.540143,8.540158
250759.14,0.017408295,0.00031738915,37000.0,151467.42,149824.05,149824.03,0.7491672,10.343258,8.540146,8.540172
250759.14,0.021509321,0.00031683454,37000.0,151467.39,149824.05,149824.06,0.7491672,10.343423,8.540148,8.540175
250759.14,0.018514296,0.00032606587,37000.0,151467.39,149824.06,149824.05,0.7491672,10.343307,8.540153,8.540162
250759.14,0.01810322,0.0003207186,37000.0,151467.38,149824.06,149824.03,0.7491672,10.343361,8.540145,8.540173
250759.14,0.016783576,0.00031129684,37000.0,151467.36,149824.05,149824.03,0.7491672,10.343374,8.540149,8.540183
250759.14,0.0175868,0.00031713207,37000.0,151467.4,149824.05,149824.06,0.7491672,10.343665,8.540151,8.540182
250759.14,0.018497648,0.00030689486,37000.0,151467.36,149824.06,149824.05,0.7491672,10.343124,8.54015,8.540169
250759.14,0.018812958,0.0003121126,37000.0,151467.42,149824.06,149824.05,0.7491672,10.343498,8.540142,8.540178
250759.14,0.014720892,0.00031835702,37000.0,151467.39,149824.06,149824.05,0.7491672,10.343308,8.540146,8.54017
250759.14,0.020317541,0.0003102653,37000.0,151467.38,149824.08,149824.06,0.7491672,10.343475,8.540146,8.540179
250759.14,0.01863417,0.00031835175,37000.0,151467.39,149824.03,149824.05,0.7491672,10.343234,8.540141,8.540155
250759.14,0.018523613,0.0003035432,37000.0,151467.33,149824.06,149824.05,0.7491672,10.343194,8.540151,8.540158
250759.14,0.019103957,0.00031109148,37000.0,151467.36,149824.06,149824.03,0.7491672,10.343271,8.540149,8.540159
250759.14,0.016543666,0.000307467,37000.0,151467.36,149824.03,149824.05,0.7491672,10.343442,8.540141,8.540163
250759.14,0.018766735,0.0003102449,37000.0,151467.39,149824.05,149824.05,0.7491672,10.343589,8.540147,8.540163
250759.14,0.016317103,0.0003101947,37000.0,151467.44,149824.08,149824.08,0.7491672,10.343482,8.540144,8.540158
250759.14,0.019108089,0.0003112637,37000.0,151467.4,149824.05,149824.05,0.7491672,10.343418,8.540142,8.540159
250759.14,0.01819965,0.0003204175,37000.0,151467.38,149824.05,149824.08,0.7491672,10.34347,8.540148,8.540162
250759.14,0.018062774,0.00029894232,37000.0,151467.33,149824.06,149824.05,0.7491672,10.3430805,8.540156,8.540163
250759.14,0.016679037,0.00031234472,37000.0,151467.36,149824.05,149824.03,0.7491672,10.343209,8.540147,8.540156
250759.14,0.017509915,0.00031575622,37000.0,151467.4,149824.06,149824.06,0.7491672,10.343685,8.540146,8.540158
250759.14,0.017335488,0.00030543696,37000.0,151467.34,149824.08,149824.08,0.7491672,10.343267,8.540148,8.540154
250759.14,0.015102991,0.00031015367,37000.0,151467.39,149824.06,149824.05,0.7491672,10.343456,8.540145,8.540155
250759.14,0.016545206,0.0003129089,37000.0,151467.34,149824.03,149824.05,0.7491672,10.343425,8.54015,8.5401535
250759.14,0.016976256,0.0003160716,37000.0,151467.36,149824.08,149824.05,0.7491672,10.343956,8.540147,8.540169
250759.14,0.017182149,0.00030651432,37000.0,151467.45,149824.05,149824.05,0.7491672,10.34374,8.540147,8.540163
250759.14,0.017497797,0.0003100092,37000.0,151467.42,149824.05,149824.05,0.7491672,10.343458,8.540151,8.540163
250759.14,0.018172981,0.00031145132,37000.0,151467.34,149824.06,149824.05,0.7491672,10.343165,8.540146,8.540168
250759.14,0.016167646,0.00032196593,37000.0,151467.34,149824.05,149824.05,0.7491672,10.343222,8.540148,8.540164
250759.14,0.016687248,0.00031619507,37000.0,151467.34,149824.08,149824.05,0.7491672,10.343198,8.540151,8.540163
250759.14,0.019249633,0.00031929347,37000.0,151467.4,149824.05,149824.03,0.7491672,10.343343,8.540145,8.540158
250759.14,0.013438178,0.00031115106,37000.0,151467.38,149824.06,149824.05,0.7491672,10.343496,8.540149,8.540168
250759.14,0.01966552,0.00031655433,37000.0,151467.44,149824.06,149824.05,0.7491672,10.343706,8.54015,8.540166
250759.14,0.02062118,0.00031134154,37000.0,151467.4,149824.03,149824.05,0.7491672,10.343608,8.540143,8.540175
250759.14,0.017023785,0.00030486492,37000.0,151467.34,149824.06,149824.05,0.7491672,10.343473,8.540151,8.540171
250759.14,0.019626861,0.00031168017,37000.0,151467.33,149824.05,149824.06,0.7491672,10.34313,8.540149,8.540163
250759.14,0.018206788,0.0002929215,37000.0,151467.31,149824.03,149824.05,0.7491672,10.343042,8.540139,8.540162
250759.14,0.016377486,0.00033156903,37000.0,151467.39,149824.06,149824.05,0.7491672,10.343384,8.540149,8.54016
250759.14,0.017980382,0.00031135094,37000.0,151467.36,149824.05,149824.05,0.7491672,10.343295,8.540153,8.540166
250759.14,0.01855906,0.00030534895,37000.0,151467.42,149824.05,149824.05,0.7491672,10.343907,8.540149,8.540188
250759.14,0.018884977,0.0003223913,37000.0,151467.4,149824.06,149824.05,0.7491672,10.343979,8.540148,8.54018
250759.14,0.01699429,0.00031839477,37000.0,151467.36,149824.05,149824.05,0.7491672,10.34354,8.540137,8.540165
250759.14,0.018298611,0.00032254783,37000.0,151467.39,149824.05,149824.06,0.7491672,10.343454,8.540146,8.540169
250759.14,0.017262956,0.00032233194,37000.0,151467.38,149824.06,149824.05,0.7491672,10.343246,8.540151,8.5401745
250759.14,0.01850011,0.0003251575,37000.0,151467.31,149824.05,149824.05,0.7491672,10.343279,8.540153,8.540173
250759.14,0.016747128,0.00032528315,37000.0,151467.36,149824.05,149824.06,0.7491672,10.3432455,8.540146,8.540192
250759.14,0.019415207,0.0003118403,37000.0,151467.34,149824.06,149824.05,0.7491672,10.343126,8.540151,8.540167
250759.14,0.014385937,0.00030441908,37000.0,151467.39,149824.05,149824.05,0.7491672,10.343359,8.540151,8.540169
250759.14,0.02054423,0.000330505,37000.0,151467.39,149824.05,149824.08,0.7491672,10.34332,8.540151,8.540158
250759.14,0.019150589,0.0003265351,37000.0,151467.39,149824.03,149824.06,0.7491672,10.34341,8.54015,8.540152
250759.14,0.018167732,0.00030601508,37000.0,151467.39,149824.05,149824.05,0.7491672,10.343257,8.540161,8.540163
250759.14,0.01819763,0.00031729596,37000.0,151467.39,149824.03,149824.06,0.7491672,10.343405,8.540154,8.540162
250759.14,0.019400354,0.00031682273,37000.0,151467.39,149824.05,149824.05,0.7491672,10.343626,8.540154,8.540163
250759.14,0.016256256,0.00031630503,37000.0,151467.38,149824.06,149824.06,0.7491672,10.343325,8.540144,8.540165
250759.14,0.021109466,0.00033282844,37000.0,151467.39,149824.06,149824.06,0.7491672,10.343437,8.540148,8.540158
250759.14,0.016269263,0.00032404077,37000.0,151467.36,149824.06,149824.05,0.7491672,10.343467,8.54015,8.540153
250759.14,0.019521473,0.00031815874,37000.0,151467.38,149824.05,149824.05,0.7491672,10.343549,8.540153,8.540158
250759.14,0.01891088,0.00031767462,37000.0,151467.39,149824.05,149824.05,0.7491672,10.343624,8.540147,8.540166
250759.14,0.01947542,0.00032980563,37000.0,151467.47,149824.06,149824.06,0.7491672,10.343605,8.540146,8.540168
250759.14,0.017520417,0.00032582114,37000.0,151467.36,149824.05,149824.06,0.7491672,10.343064,8.540147,8.540151
250759.14,0.017991053,0.00032124555,37000.0,151467.44,149824.06,149824.06,0.7491672,10.343769,8.540147,8.540155
250759.14,0.016861824,0.0003303782,37000.0,151467.38,149824.03,149824.06,0.7491672,10.343453,8.540148,8.540159
250759.14,0.017909234,0.0003238406,37000.0,151467.4,149824.06,149824.05,0.7491672,10.343336,8.540142,8.540163
250759.14,0.020031007,0.00032938487,37000.0,151467.4,149824.05,149824.06,0.7491672,10.343506,8.540146,8.540165
250759.14,0.01863049,0.00032280385,37000.0,151467.36,149824.05,149824.06,0.7491672,10.34321,8.540153,8.540161
250759.14,0.019944888,0.00032141295,37000.0,151467.36,149824.05,149824.06,0.7491672,10.342971,8.540141,8.540143
250759.14,0.017107502,0.0003207881,37000.0,151467.31,149824.06,149824.08,0.7491672,10.343147,8.540147,8.540158
250759.14,0.020279216,0.0003377714,37000.0,151467.39,149824.02,149824.06,0.7491672,10.343579,8.540154,8.540155
250759.14,0.017985553,0.00031477454,37000.0,151467.38,149824.03,149824.06,0.7491672,10.34342,8.540153,8.540161
250759.14,0.01641363,0.00031421595,37000.0,151467.33,149824.06,149824.05,0.7491672,10.343431,8.540147,8.540155
250759.14,0.017400883,0.00032073012,37000.0,151467.38,149824.05,149824.05,0.7491672,10.34324,8.540148,8.5401535
250759.14,0.01264981,0.00031417634,37000.0,151467.34,149824.06,149824.06,0.7491672,10.343112,8.540148,8.540155
250759.14,0.014503079,0.00032796574,37000.0,151467.38,149824.05,149824.05,0.7491672,10.343208,8.540138,8.540156
250759.14,0.018324738,0.0003350253,37000.0,151467.39,149824.05,149824.05,0.7491672,10.343348,8.54015,8.540153
250759.14,0.016546775,0.00031830292,37000.0,151467.34,149824.06,149824.05,0.7491672,10.343043,8.540143,8.540154
250759.14,0.016315605,0.000333206,37000.0,151467.4,149824.06,149824.05,0.7491672,10.343498,8.540143,8.540156
250759.14,0.021306325,0.00031768566,37000.0,151467.4,149824.06,149824.05,0.7491672,10.343667,8.540142,8.540164
250759.14,0.018898027,0.00033090144,37000.0,151467.38,149824.05,149824.06,0.7491672,10.343658,8.540144,8.5401535
250759.14,0.019444618,0.00032606622,37000.0,151467.36,149824.06,149824.05,0.7491672,10.343238,8.540151,8.540161
250759.14,0.016693672,0.00031716918,37000.0,151467.44,149824.05,149824.06,0.7491672,10.343782,8.540144,8.540153
250759.14,0.017414154,0.00031482577,37000.0,151467.34,149824.06,149824.05,0.7491672,10.343182,8.540139,8.540172
250759.14,0.02068694,0.00032448096,37000.0,151467.39,149824.06,149824.06,0.7491672,10.343661,8.540146,8.54016
250759.14,0.018122619,0.00032608377,37000.0,151467.38,149824.06,149824.05,0.7491672,10.343124,8.5401325,8.540158
250759.14,0.015904319,0.00032058565,37000.0,151467.42,149824.05,149824.05,0.7491672,10.343623,8.540157,8.540155
250759.14,0.01697557,0.0003248278,37000.0,151467.36,149824.03,149824.06,0.7491672,10.343656,8.540148,8.5401535
250759.14,0.018722404,0.00032856743,37000.0,151467.44,149824.06,149824.06,0.7491672,10.343904,8.540145,8.540151
250759.14,0.018711748,0.0003234268,37000.0,151467.36,149824.03,149824.03,0.7491672,10.343449,8.540143,8.540156
250759.14,0.020188585,0.00032711864,37000.0,151467.39,149824.06,149824.05,0.7491672,10.343203,8.540151,8.540157
250759.14,0.016342685,0.0003350799,37000.0,151467.36,149824.06,149824.08,0.7491672,10.343181,8.54015,8.54016
250759.14,0.015421817,0.00031927027,37000.0,151467.38,149824.05,149824.05,0.7491672,10.343495,8.54015,8.540171
250759.14,0.018009411,0.00032467087,37000.0,151467.4,149824.05,149824.06,0.7491672,10.343259,8.540145,8.540165
250759.14,0.01796942,0.00031719508,37000.0,151467.42,149824.05,149824.05,0.7491672,10.34364,8.540148,8.540146
250759.14,0.01595609,0.0003232488,37000.0,151467.36,149824.05,149824.08,0.7491672,10.343204,8.540151,8.540164
250759.14,0.018214935,0.00032625798,37000.0,151467.4,149824.06,149824.05,0.7491672,10.343452,8.540147,8.540152
250759.14,0.0179443,0.00032797645,37000.0,151467.39,149824.06,149824.03,0.7491672,10.343483,8.540141,8.54016
250759.14,0.017061863,0.0003322587,37000.0,151467.4,149824.06,149824.03,0.7491672,10.343441,8.540146,8.540176
250759.14,0.021173665,0.00033083072,37000.0,151467.4,149824.03,149824.05,0.7491672,10.343362,8.540151,8.540158
250759.14,0.02020758,0.00031036613,37000.0,151467.38,149824.06,149824.06,0.7491672,10.343638,8.540147,8.540181
250759.14,0.019469496,0.00032458105,37000.0,151467.4,149824.06,149824.06,0.7491672,10.3435335,8.54015,8.540167
250759.14,0.016689975,0.00031737238,37000.0,151467.39,149824.05,149824.06,0.7491672,10.343426,8.54015,8.540151
250759.14,0.01951537,0.00031214897,37000.0,151467.42,149824.05,149824.08,0.7491672,10.343316,8.540142,8.540152
250759.14,0.01811335,0.00032556817,37000.0,151467.42,149824.08,149824.03,0.7491672,10.34342,8.540154,8.540145
250759.14,0.018859109,0.00032381236,37000.0,151467.31,149824.05,149824.06,0.7491672,10.343394,8.540147,8.540156
250759.14,0.017287312,0.0003200787,37000.0,151467.38,149824.06,149824.05,0.7491672,10.343151,8.540149,8.540161
250759.14,0.017989343,0.00032285854,37000.0,151467.39,149824.05,149824.05,0.7491672,10.343605,8.540149,8.540165
250759.14,0.020055018,0.00032467814,37000.0,151467.33,149824.06,149824.1,0.7491672,10.3431015,8.540144,8.540159
250759.14,0.021273645,0.00032917783,37000.0,151467.44,149824.03,149824.05,0.7491672,10.343588,8.540146,8.540175
250759.14,0.017335925,0.00032573444,37000.0,151467.38,149824.06,149824.05,0.7491672,10.343013,8.54014,8.540156
250759.14,0.018262198,0.00032593537,37000.0,151467.36,149824.05,149824.05,0.7491672,10.343245,8.5401535,8.5401535
250759.14,0.017212063,0.00031762675,37000.0,151467.39,149824.05,149824.06,0.7491672,10.343737,8.540147,8.540169
250759.14,0.016155131,0.00031296644,37000.0,151467.39,149824.06,149824.06,0.7491672,10.34342,8.54015,8.5401535
250759.14,0.02126631,0.0003152146,37000.0,151467.4,149824.05,149824.06,0.7491672,10.343315,8.540148,8.540157
250759.14,0.016052999,0.00032915865,37000.0,151467.39,149824.03,149824.05,0.7491672,10.34346,8.540148,8.540158
250759.14,0.017775772,0.00032694824,37000.0,151467.39,149824.03,149824.03,0.7491672,10.343305,8.540149,8.540161
250759.14,0.018511426,0.00033407734,37000.0,151467.39,149824.05,149824.05,0.7491672,10.343704,8.540152,8.540164
250759.14,0.017381722,0.00032498155,37000.0,151467.38,149824.03,149824.05,0.7491672,10.343267,8.540154,8.540151
250759.14,0.016796302,0.00033099586,37000.0,151467.31,149824.06,149824.05,0.7491672,10.343193,8.5401535,8.540144
250759.14,0.017687086,0.00032530658,37000.0,151467.33,149824.05,149824.05,0.7491672,10.343436,8.540153,8.540163
250759.14,0.020304894,0.00032957864,37000.0,151467.38,149824.06,149824.06,0.7491672,10.343465,8.540148,8.540151
250759.14,0.017896835,0.00032599692,37000.0,151467.34,149824.03,149824.06,0.7491672,10.34345,8.540149,8.540153
250759.14,0.017926805,0.00032274547,37000.0,151467.36,149824.06,149824.05,0.7491672,10.343126,8.540142,8.540153
250759.14,0.020570418,0.00033124475,37000.0,151467.36,149824.06,149824.05,0.7491672,10.343437,8.540148,8.540157
250759.14,0.016816678,0.00032434802,37000.0,151467.38,149824.05,149824.08,0.7491672,10.343175,8.540155,8.5401535
250759.14,0.019195972,0.0003228946,37000.0,151467.3,149824.05,149824.05,0.7491672,10.342971,8.540146,8.54015
250759.14,0.021444341,0.00032634498,37000.0,151467.31,149824.06,149824.05,0.7491672,10.342766,8.540152,8.540152
250759.14,0.017234743,0.00031765134,37000.0,151467.34,149824.06,149824.06,0.7491672,10.343344,8.540149,8.540153
250759.14,0.016068926,0.0003122547,37000.0,151467.36,149824.06,149824.06,0.7491672,10.34351,8.540147,8.5401535
250759.14,0.020616684,0.00032507014,37000.0,151467.36,149824.05,149824.05,0.7491672,10.343603,8.540149,8.540148
250759.14,0.018927565,0.00032087122,37000.0,151467.39,149824.05,149824.05,0.7491672,10.343287,8.540144,8.540156
250759.14,0.017116286,0.0003131091,37000.0,151467.34,149824.06,149824.05,0.7491672,10.343132,8.540153,8.540163
250759.14,0.017433396,0.00032525617,37000.0,151467.38,149824.05,149824.06,0.7491672,10.3431425,8.540136,8.5401745
250759.14,0.018072259,0.0003244443,37000.0,151467.39,149824.06,149824.06,0.7491672,10.343919,8.540155,8.540158
250759.14,0.016741702,0.00032160507,37000.0,151467.38,149824.06,149824.08,0.7491672,10.343482,8.540155,8.540144
250759.14,0.015640818,0.0003231862,37000.0,151467.39,149824.06,149824.03,0.7491672,10.343453,8.540157,8.540154
250759.14,0.015872201,0.00031674103,37000.0,151467.36,149824.05,149824.05,0.7491672,10.343594,8.540145,8.540163
250759.14,0.019408155,0.00032089313,37000.0,151467.36,149824.06,149824.03,0.7491672,10.343528,8.540151,8.54017
250759.14,0.016598718,0.0003253019,37000.0,151467.42,149824.05,149824.03,0.7491672,10.343254,8.540152,8.540173
250759.14,0.01564368,0.0003133227,37000.0,151467.33,149824.05,149824.05,0.7491672,10.343075,8.540155,8.540161
250759.14,0.018333461,0.00032794155,37000.0,151467.36,149824.05,149824.08,0.7491672,10.343139,8.54014,8.5401535
250759.14,0.017406667,0.00031748757,37000.0,151467.39,149824.05,149824.08,0.7491672,10.343254,8.540148,8.540155
250759.14,0.019875452,0.00031440816,37000.0,151467.33,149824.05,149824.05,0.7491672,10.343212,8.540142,8.540153
250759.14,0.020163614,0.00032128798,37000.0,151467.45,149824.06,149824.05,0.7491672,10.343528,8.540148,8.540182
250759.14,0.02070512,0.00032136505,37000.0,151467.34,149824.05,149824.08,0.7491672,10.3431425,8.540157,8.540168
250759.14,0.018533617,0.0003223993,37000.0,151467.38,149824.08,149824.05,0.7491672,10.343622,8.540151,8.540165
250759.14,0.018078486,0.00030421597,37000.0,151467.33,149824.06,149824.05,0.7491672,10.343496,8.540146,8.5401535
250759.14,0.0168193,0.00032225568,37000.0,151467.4,149824.05,149824.06,0.7491672,10.34357,8.540156,8.540156
250759.14,0.017322015,0.0003135632,37000.0,151467.36,149824.06,149824.05,0.7491672,10.34333,8.540146,8.540164
250759.14,0.019147718,0.00030846565,37000.0,151467.38,149824.05,149824.06,0.7491672,10.343107,8.540151,8.540159
250759.14,0.020469332,0.00032807392,37000.0,151467.39,149824.05,149824.03,0.7491672,10.343895,8.540153,8.540159
250759.14,0.018990487,0.00033691913,37000.0,151467.34,149824.05,149824.05,0.7491672,10.343298,8.540144,8.540158
250759.14,0.019931206,0.00032243057,37000.0,151467.39,149824.05,149824.06,0.7491672,10.343234,8.540159,8.540166
250759.14,0.015976077,0.0003215029,37000.0,151467.34,149824.03,149824.05,0.7491672,10.343414,8.5401535,8.540167
250759.14,0.018547948,0.00033712137,37000.0,151467.38,149824.05,149824.05,0.7491672,10.343222,8.540156,8.5402
250759.14,0.020593682,0.0003304433,37000.0,151467.34,149824.05,149824.05,0.7491672,10.343293,8.5401535,8.540197
250759.14,0.017584702,0.000341233,37000.0,151467.34,149824.05,149824.06,0.7491672,10.343452,8.5401535,8.54016
250759.14,0.020163167,0.00033860785,37000.0,151467.36,149824.05,149824.05,0.7491672,10.342869,8.540146,8.540158
250759.14,0.021582816,0.00032246893,37000.0,151467.36,149824.08,149824.05,0.7491672,10.343327,8.540147,8.540194
250759.14,0.018272525,0.00030750554,37000.0,151467.42,149824.05,149824.05,0.7491672,10.343397,8.540147,8.540153
250759.14,0.019436298,0.0003247233,37000.0,151467.39,149824.06,149824.06,0.7491672,10.34373,8.540145,8.540157
250759.14,0.01957081,0.00032749597,37000.0,151467.42,149824.05,149824.06,0.7491672,10.343751,8.540142,8.540155
250759.14,0.01807094,0.0003319994,37000.0,151467.39,149824.05,149824.05,0.7491672,10.343489,8.54015,8.540177
250759.14,0.019877858,0.00034408036,37000.0,151467.39,149824.05,149824.06,0.7491672,10.343308,8.540147,8.540152
250759.14,0.01807399,0.00034225677,37000.0,151467.33,149824.06,149824.05,0.7491672,10.343111,8.540154,8.540151
250759.14,0.019072933,0.000331111,37000.0,151467.38,149824.06,149824.03,0.7491672,10.343355,8.5401535,8.540173
250759.14,0.02152973,0.00032745133,37000.0,151467.39,149824.03,149824.06,0.7491672,10.343811,8.540152,8.540175
250759.14,0.019911557,0.0003397563,37000.0,151467.39,149824.06,149824.06,0.7491672,10.34342,8.540151,8.540156
250759.14,0.018157238,0.00032717633,37000.0,151467.38,149824.05,149824.06,0.7491672,10.343885,8.540146,8.540164
250759.14,0.017574161,0.00032448236,37000.0,151467.38,149824.05,149824.02,0.7491672,10.343336,8.540151,8.540154
250759.14,0.02061538,0.00032265135,37000.0,151467.38,149824.06,149824.08,0.7491672,10.343529,8.540146,8.540151
250759.14,0.02112804,0.00032541656,37000.0,151467.39,149824.06,149824.06,0.7491672,10.343356,8.540149,8.540159
250759.14,0.01856234,0.0003224651,37000.0,151467.4,149824.05,149824.05,0.7491672,10.343515,8.540148,8.540179
250759.14,0.020470211,0.00033906754,37000.0,151467.38,149824.05,149824.06,0.7491672,10.343249,8.540147,8.540153
250759.14,0.01939748,0.0003415461,37000.0,151467.34,149824.06,149824.05,0.7491672,10.343217,8.540149,8.540155
250759.14,0.018200474,0.00034254964,37000.0,151467.34,149824.05,149824.08,0.7491672,10.343482,8.54015,8.540151
250759.14,0.01675507,0.00033378304,37000.0,151467.38,149824.06,149824.05,0.7491672,10.343428,8.540153,8.540151
250759.14,0.021923011,0.00034259484,37000.0,151467.44,149824.03,149824.05,0.7491672,10.343777,8.540153,8.540156
250759.14,0.022747315,0.0003399579,37000.0,151467.34,149824.05,149824.05,0.7491672,10.343429,8.540147,8.540154
250759.14,0.021055281,0.00032969384,37000.0,151467.34,149824.06,149824.06,0.7491672,10.342832,8.540154,8.540151
250759.14,0.01727887,0.0003231461,37000.0,151467.33,149824.05,149824.06,0.7491672,10.342997,8.540133,8.540157
250759.14,0.01940231,0.00033586248,37000.0,151467.33,149824.08,149824.03,0.7491672,10.343339,8.540144,8.540163
250759.14,0.020385649,0.00032835634,37000.0,151467.38,149824.05,149824.05,0.7491672,10.343224,8.540141,8.540166
250759.14,0.02007134,0.00034018862,37000.0,151467.33,149824.05,149824.05,0.7491672,10.343109,8.540148,8.54015
250759.14,0.019082872,0.00032897387,37000.0,151467.44,149824.06,149824.03,0.7491672,10.343788,8.540147,8.540187
250759.14,0.01720366,0.00033917138,37000.0,151467.38,149824.05,149824.03,0.7491672,10.34355,8.540157,8.540151
250759.14,0.021691002,0.00033334165,37000.0,151467.36,149824.08,149824.06,0.7491672,10.343106,8.540147,8.540162
250759.14,0.019150725,0.0003382642,37000.0,151467.38,149824.03,149824.05,0.7491672,10.343245,8.540148,8.540162
250759.14,0.016390849,0.000324011,37000.0,151467.38,149824.08,149824.05,0.7491672,10.343584,8.540146,8.540162
250759.14,0.016690033,0.00034690002,37000.0,151467.4,149824.05,149824.05,0.7491672,10.3435755,8.540153,8.540162
250759.14,0.019754672,0.00033093384,37000.0,151467.36,149824.06,149824.06,0.7491672,10.343457,8.540147,8.5401535
250759.14,0.020844182,0.00033807883,37000.0,151467.4,149824.05,149824.05,0.7491672,10.343391,8.540151,8.540189
250759.14,0.019019173,0.00034486968,37000.0,151467.42,149824.05,149824.06,0.7491672,10.343625,8.5401535,8.540196
250759.14,0.0194179,0.00034369825,37000.0,151467.34,149824.05,149824.06,0.7491672,10.343353,8.54015,8.540156
250759.14,0.01629955,0.0003428106,37000.0,151467.34,149824.05,149824.06,0.7491672,10.343446,8.540149,8.540158
250759.14,0.016946802,0.00033685568,37000.0,151467.39,149824.06,149824.08,0.7491672,10.343416,8.540147,8.540152
250759.14,0.018187404,0.00034081878,37000.0,151467.39,149824.06,149824.05,0.7491672,10.343513,8.540156,8.540186
250759.14,0.01830756,0.00034978343,37000.0,151467.39,149824.06,149824.05,0.7491672,10.343352,8.540149,8.540173
250759.14,0.01779246,0.00034528962,37000.0,151467.38,149824.03,149824.03,0.7491672,10.34329,8.540149,8.540165
250759.14,0.018316142,0.00034364618,37000.0,151467.44,149824.08,149824.03,0.7491672,10.343887,8.540151,8.540165
250759.14,0.018090736,0.00034079293,37000.0,151467.47,149824.06,149824.05,0.7491672,10.3437805,8.5401535,8.540155
250759.14,0.021319516,0.00034176983,37000.0,151467.36,149824.05,149824.06,0.7491672,10.343701,8.540144,8.540163
250759.14,0.01799394,0.0003336523,37000.0,151467.38,149824.03,149824.05,0.7491672,10.343536,8.540149,8.540153
250759.14,0.021825708,0.00033949886,37000.0,151467.33,149824.03,149824.1,0.7491672,10.34341,8.540146,8.540159
250759.14,0.018569726,0.00034630735,37000.0,151467.44,149824.08,149824.08,0.7491672,10.343846,8.540147,8.540166
250759.14,0.017969666,0.0003387548,37000.0,151467.36,149824.05,149824.05,0.7491672,10.3432,8.540147,8.540152
250759.14,0.018899035,0.00033256423,37000.0,151467.36,149824.06,149824.06,0.7491672,10.343015,8.540141,8.540154
250759.14,0.019185636,0.00033456975,37000.0,151467.39,149824.06,149824.05,0.7491672,10.343508,8.540154,8.540155
250759.14,0.017113868,0.0003502262,37000.0,151467.42,149824.03,149824.05,0.7491672,10.343902,8.540149,8.540159
250759.14,0.018704804,0.0003563532,37000.0,151467.38,149824.06,149824.06,0.7491672,10.343605,8.540148,8.540151
250759.14,0.019318495,0.00033362096,37000.0,151467.38,149824.06,149824.03,0.7491672,10.3436985,8.540146,8.540155
250759.14,0.014817593,0.00034566343,37000.0,151467.38,149824.05,149824.06,0.7491672,10.3435335,8.540153,8.5401535
250759.14,0.016715849,0.00034470452,37000.0,151467.42,149824.05,149824.06,0.7491672,10.343561,8.540155,8.540155
250759.14,0.01736589,0.00033789466,37000.0,151467.31,149824.06,149824.05,0.7491672,10.343132,8.540148,8.540166
250759.14,0.022270929,0.00034492908,37000.0,151467.39,149824.05,149824.06,0.7491672,10.343202,8.540148,8.540158
250759.14,0.02212462,0.00034333652,37000.0,151467.42,149824.05,149824.06,0.7491672,10.343371,8.540146,8.540147
250759.14,0.020293683,0.0003551381,37000.0,151467.39,149824.08,149824.06,0.7491672,10.34342,8.540147,8.540148
250759.14,0.019665409,0.0003422986,37000.0,151467.36,149824.08,149824.06,0.7491672,10.343375,8.540154,8.540188
250759.14,0.018532142,0.00035085424,37000.0,151467.34,149824.05,149824.06,0.7491672,10.34344,8.540148,8.5401535
250759.14,0.016896022,0.00033954644,37000.0,151467.39,149824.06,149824.03,0.7491672,10.343387,8.540153,8.540157
250759.14,0.015158693,0.00033564595,37000.0,151467.38,149824.05,149824.06,0.7491672,10.343435,8.540149,8.540162
250759.14,0.015187312,0.00034733594,37000.0,151467.36,149824.05,149824.05,0.7491672,10.343212,8.540148,8.540172
250759.14,0.016743362,0.00034148616,37000.0,151467.38,149824.05,149824.05,0.7491672,10.343276,8.540147,8.540169
250759.14,0.018638948,0.00034284833,37000.0,151467.4,149824.05,149824.06,0.7491672,10.343329,8.540147,8.540152
250759.14,0.019544749,0.00034766074,37000.0,151467.38,149824.05,149824.06,0.7491672,10.343486,8.540151,8.540156
250759.14,0.018816607,0.00034238384,37000.0,151467.38,149824.02,149824.05,0.7491672,10.343577,8.540152,8.540157
250759.14,0.015608662,0.00029179553,37000.0,151467.4,149824.05,149824.05,0.7491672,10.34379,8.5401535,8.540166
250759.14,0.0163005,0.00029948357,37000.0,151467.42,149824.05,149824.06,0.7491672,10.34376,8.540147,8.540162
250759.14,0.014797287,0.00030463186,37000.0,151467.44,149824.05,149824.05,0.7491672,10.343768,8.540145,8.540179
250759.14,0.018160574,0.00033532394,37000.0,151467.33,149824.03,149824.05,0.7491672,10.343191,8.5401535,8.540153
250759.14,0.0200129,0.00033551874,37000.0,151467.4,149824.05,149824.05,0.7491672,10.343889,8.54015,8.540154
250759.14,0.02080151,0.00035194095,37000.0,151467.38,149824.06,149824.05,0.7491672,10.3432045,8.540151,8.540152
250759.14,0.01806804,0.0003398455,37000.0,151467.33,149824.06,149824.08,0.7491672,10.343047,8.540136,8.540153
250759.14,0.016638823,0.0003379702,37000.0,151467.39,149824.05,149824.05,0.7491672,10.343461,8.540154,8.5401535
250759.14,0.018929567,0.00032197984,37000.0,151467.38,149824.08,149824.06,0.7491672,10.343101,8.540151,8.540153
250759.14,0.018563418,0.0003421695,37000.0,151467.42,149824.05,149824.05,0.7491672,10.34316,8.540151,8.540155
250759.14,0.019672062,0.0003293085,37000.0,151467.44,149824.03,149824.05,0.7491672,10.343527,8.540145,8.540156
250759.14,0.015976371,0.00034304656,37000.0,151467.45,149824.05,149824.06,0.7491672,10.343469,8.540149,8.540151
250759.14,0.016492762,0.0003384403,37000.0,151467.4,149824.05,149824.06,0.7491672,10.343494,8.54016,8.540154
250759.14,0.01790602,0.00034504326,37000.0,151467.38,149824.08,149824.05,0.7491672,10.343287,8.540144,8.540155
250759.14,0.016576475,0.00033539705,37000.0,151467.4,149824.06,149824.08,0.7491672,10.343357,8.540148,8.540149
250759.14,0.020365007,0.0003381732,37000.0,151467.4,149824.05,149824.05,0.7491672,10.343422,8.54014,8.540153
250759.14,0.022595268,0.00033575235,37000.0,151467.33,149824.05,149824.06,0.7491672,10.3432865,8.540144,8.540153
250759.14,0.02114226,0.00033993955,37000.0,151467.42,149824.08,149824.05,0.7491672,10.343562,8.540142,8.5401535
250759.14,0.018918216,0.0003330761,37000.0,151467.34,149824.06,149824.03,0.7491672,10.343242,8.540146,8.540156
250759.14,0.01964893,0.00032995924,37000.0,151467.34,149824.03,149824.05,0.7491672,10.343764,8.540144,8.540153
250759.14,0.018720979,0.00034497364,37000.0,151467.44,149824.05,149824.06,0.7491672,10.343574,8.540148,8.5401535
250759.14,0.015225281,0.00032354434,37000.0,151467.4,149824.05,149824.08,0.7491672,10.343768,8.5401535,8.540155
250759.14,0.01877306,0.0003164258,37000.0,151467.4,149824.05,149824.08,0.7491672,10.343395,8.540154,8.540156
250759.14,0.022094885,0.0003121741,37000.0,151467.39,149824.05,149824.05,0.7491672,10.343302,8.54015,8.540151
250759.14,0.020201735,0.0003254906,37000.0,151467.4,149824.06,149824.06,0.7491672,10.343455,8.54015,8.540153
250759.14,0.019153511,0.00033622776,37000.0,151467.38,149824.05,149824.06,0.7491672,10.343389,8.540146,8.540155
250759.14,0.018567719,0.00031725818,37000.0,151467.36,149824.05,149824.05,0.7491672,10.343335,8.540133,8.540151
250759.14,0.01957074,0.00033577945,37000.0,151467.36,149824.06,149824.05,0.7491672,10.343336,8.540153,8.540152
250759.14,0.014612612,0.00033165983,37000.0,151467.36,149824.05,149824.05,0.7491672,10.343156,8.540148,8.540154
250759.14,0.02169322,0.00033132226,37000.0,151467.34,149824.06,149824.06,0.7491672,10.343361,8.540153,8.540156
250759.14,0.02177875,0.00034037887,37000.0,151467.34,149824.05,149824.06,0.7491672,10.343259,8.540141,8.540158
250759.14,0.019645575,0.0003322457,37000.0,151467.34,149824.05,149824.05,0.7491672,10.343269,8.540151,8.5401535
250759.14,0.020676274,0.00033554036,37000.0,151467.4,149824.06,149824.06,0.7491672,10.343615,8.540149,8.540153
250759.14,0.017961498,0.00032993164,37000.0,151467.39,149824.06,149824.05,0.7491672,10.343476,8.540147,8.540151
250759.14,0.019085176,0.00034102763,37000.0,151467.4,149824.05,149824.06,0.7491672,10.343797,8.540158,8.540185
250759.14,0.01748086,0.00033203297,37000.0,151467.39,149824.06,149824.06,0.7491672,10.343394,8.540148,8.540171
250759.14,0.016786786,0.00034408452,37000.0,151467.38,149824.06,149824.06,0.7491672,10.343183,8.540147,8.5401535
250759.14,0.01819748,0.00034960257,37000.0,151467.4,149824.08,149824.05,0.7491672,10.343657,8.540152,8.540168
250759.14,0.019979844,0.0003379491,37000.0,151467.4,149824.05,149824.06,0.7491672,10.343603,8.540154,8.540143
250759.14,0.019666616,0.0003376553,37000.0,151467.38,149824.05,149824.05,0.7491672,10.343745,8.540142,8.540181
250759.14,0.019101245,0.00033250393,37000.0,151467.42,149824.05,149824.05,0.7491672,10.343301,8.540151,8.540167
250759.14,0.019718839,0.00033517007,37000.0,151467.45,149824.05,149824.06,0.7491672,10.343798,8.5401535,8.540163
250759.14,0.019101068,0.0003469675,37000.0,151467.38,149824.05,149824.03,0.7491672,10.343487,8.540157,8.540173
250759.14,0.01688463,0.0003417286,37000.0,151467.4,149824.05,149824.06,0.7491672,10.343255,8.540148,8.540153
250759.14,0.018411187,0.00033364756,37000.0,151467.4,149824.06,149824.06,0.7491672,10.343589,8.54015,8.540153
250759.14,0.022038998,0.00035440028,37000.0,151467.39,149824.03,149824.05,0.7491672,10.343353,8.540155,8.540129
250759.14,0.019649863,0.00035464074,37000.0,151467.44,149824.05,149824.06,0.7491672,10.343297,8.54014,8.540138
250759.14,0.018443722,0.0003425484,37000.0,151467.39,149824.05,149824.05,0.7491672,10.343201,8.540149,8.54014
250759.14,0.017354256,0.00035346232,37000.0,151467.39,149824.05,149824.05,0.7491672,10.343499,8.540144,8.540147
250759.14,0.016724061,0.00034792488,37000.0,151467.44,149824.06,149824.03,0.7491672,10.343806,8.540156,8.540146
250759.14,0.021663371,0.00031317875,37000.0,151467.34,149824.05,149824.05,0.7491672,10.343829,8.540145,8.540134
250759.14,0.022990042,0.00033103186,37000.0,151467.38,149824.06,149824.02,0.7491672,10.343542,8.54015,8.54015
250759.14,0.019271653,0.00035904412,37000.0,151467.36,149824.05,149824.05,0.7491672,10.343661,8.540146,8.540132
250759.14,0.016858723,0.0003652612,37000.0,151467.42,149824.06,149824.06,0.7491672,10.343823,8.540148,8.540137
250759.14,0.020752786,0.0003549546,37000.0,151467.34,149824.06,149824.05,0.7491672,10.343022,8.54015,8.540108
250759.14,0.015766578,0.0003509518,37000.0,151467.36,149824.08,149824.03,0.7491672,10.343172,8.540149,8.540139
250759.14,0.022189705,0.00036502915,37000.0,151467.42,149824.05,149824.05,0.7491672,10.343482,8.540145,8.540146
250759.14,0.021500532,0.00036000158,37000.0,151467.39,149824.06,149824.03,0.7491672,10.343676,8.540152,8.540149
250759.14,0.021486482,0.00036082216,37000.0,151467.36,149824.06,149824.03,0.7491672,10.343577,8.5401535,8.540147
250759.14,0.017399639,0.00034505283,37000.0,151467.4,149824.06,149824.05,0.7491672,10.343373,8.540157,8.540147
250759.14,0.01600276,0.00034765227,37000.0,151467.42,149824.06,149824.05,0.7491672,10.343751,8.5401535,8.540143
250759.14,0.020492947,0.0003552786,37000.0,151467.39,149824.06,149824.05,0.7491672,10.34354,8.540145,8.540121
250759.14,0.021598155,0.00036093572,37000.0,151467.34,149824.06,149824.05,0.7491672,10.343266,8.540144,8.540153
250759.14,0.020014562,0.00034494768,37000.0,151467.31,149824.05,149824.06,0.7491672,10.342881,8.540153,8.540149
250759.14,0.018138235,0.00032532986,37000.0,151467.42,149824.06,149824.06,0.7491672,10.343465,8.540142,8.540141
250759.14,0.017578712,0.00035594063,37000.0,151467.39,149824.05,149824.05,0.7491672,10.343515,8.540148,8.540132
250759.14,0.019533042,0.0003559617,37000.0,151467.4,149824.05,149824.06,0.7491672,10.3437195,8.540152,8.540143
250759.14,0.018804424,0.00035569098,37000.0,151467.42,149824.05,149824.05,0.7491672,10.343669,8.540148,8.54013
250759.14,0.020907238,0.00035625062,37000.0,151467.42,149824.05,149824.06,0.7491672,10.343385,8.540144,8.540097
250759.14,0.021966124,0.00035341142,37000.0,151467.4,149824.05,149824.06,0.7491672,10.343489,8.540155,8.540132
250759.14,0.020865962,0.00034811403,37000.0,151467.42,149824.05,149824.05,0.7491672,10.343581,8.540154,8.540133
250759.14,0.018837184,0.00036903066,37000.0,151467.38,149824.05,149824.06,0.7491672,10.3433485,8.54015,8.54013
250759.14,0.020674564,0.00034866412,37000.0,151467.38,149824.05,149824.06,0.7491672,10.343391,8.540154,8.540147
250759.14,0.016964456,0.00034914192,37000.0,151467.36,149824.06,149824.05,0.7491672,10.343458,8.540148,8.540156
250759.14,0.019901112,0.0003612434,37000.0,151467.38,149824.05,149824.05,0.7491672,10.343277,8.540151,8.540149
250759.14,0.023521127,0.00036783807,37000.0,151467.39,149824.05,149824.05,0.7491672,10.343692,8.5401535,8.540149
250759.14,0.01642847,0.00036024358,37000.0,151467.39,149824.05,149824.06,0.7491672,10.343255,8.540148,8.5401535
250759.14,0.019961106,0.00035689474,37000.0,151467.38,149824.06,149824.03,0.7491672,10.343558,8.540148,8.540139
250759.14,0.018415663,0.00035726276,37000.0,151467.39,149824.06,149824.05,0.7491672,10.343541,8.540149,8.540149
250759.14,0.018773628,0.0003442745,37000.0,151467.38,149824.06,149824.06,0.7491672,10.343174,8.540146,8.540135
250759.14,0.0177217,0.0003442288,37000.0,151467.38,149824.03,149824.06,0.7491672,10.3433895,8.540145,8.540155
250759.14,0.019551098,0.0003653085,37000.0,151467.39,149824.06,149824.06,0.7491672,10.34335,8.540148,8.540146
250759.14,0.020362733,0.00034980007,37000.0,151467.39,149824.03,149824.06,0.7491672,10.343246,8.540146,8.540151
250759.14,0.02028703,0.0003529749,37000.0,151467.39,149824.05,149824.06,0.7491672,10.343284,8.540144,8.540151
250759.14,0.019648666,0.00036469923,37000.0,151467.42,149824.06,149824.06,0.7491672,10.343834,8.540148,8.540139
250759.14,0.019008078,0.0003438513,37000.0,151467.39,149824.05,149824.05,0.7491672,10.343764,8.540153,8.5401535
250759.14,0.019165568,0.0003600874,37000.0,151467.4,149824.06,149824.06,0.7491672,10.343549,8.540149,8.540153
250759.14,0.01901039,0.0003635065,37000.0,151467.34,149824.06,149824.05,0.7491672,10.343227,8.540148,8.540118
250759.14,0.019278958,0.00035170492,37000.0,151467.4,149824.08,149824.06,0.7491672,10.34353,8.54014,8.540131
250759.14,0.020214338,0.0003516485,37000.0,151467.38,149824.06,149824.06,0.7491672,10.343337,8.540154,8.54014
250759.14,0.02029998,0.00034284664,37000.0,151467.38,149824.05,149824.03,0.7491672,10.34357,8.540152,8.540128
250759.14,0.019616593,0.00036896218,37000.0,151467.36,149824.06,149824.06,0.7491672,10.343552,8.540148,8.54013
250759.14,0.020639932,0.00035466184,37000.0,151467.39,149824.03,149824.06,0.7491672,10.3433895,8.540148,8.540128
250759.14,0.020231742,0.00035912317,37000.0,151467.36,149824.05,149824.03,0.7491672,10.343599,8.540149,8.540145
250759.14,0.019550435,0.00035083832,37000.0,151467.34,149824.05,149824.05,0.7491672,10.343713,8.5401535,8.540139
250759.14,0.017644037,0.000335872,37000.0,151467.42,149824.05,149824.08,0.7491672,10.343458,8.540147,8.540131
250759.14,0.017187394,0.00034800763,37000.0,151467.39,149824.05,149824.05,0.7491672,10.343343,8.540145,8.540139
250759.14,0.017873067,0.0003428173,37000.0,151467.42,149824.06,149824.06,0.7491672,10.343826,8.540151,8.54015
250759.14,0.01514044,0.00028443674,37000.0,151467.36,149824.08,149824.06,0.7491672,10.343231,8.540143,8.540146
250759.14,0.013857236,0.0002793513,37000.0,151467.36,149824.05,149824.05,0.7491672,10.34311,8.540168,8.54015
250759.14,0.013744559,0.00028750318,37000.0,151467.38,149824.05,149824.05,0.7491672,10.343141,8.5401535,8.540151
250759.14,0.013405517,0.0002827861,37000.0,151467.4,149824.05,149824.05,0.7491672,10.343283,8.540128,8.540136
250759.14,0.0147061,0.00027784545,37000.0,151467.44,149824.06,149824.06,0.7491672,10.343478,8.54015,8.540139
250759.14,0.01449467,0.0002866404,37000.0,151467.36,149824.05,149824.06,0.7491672,10.343376,8.5401325,8.540156
250759.14,0.013835757,0.0002733398,37000.0,151467.38,149824.05,149824.06,0.7491672,10.343114,8.5401745,8.540145
250759.14,0.013049305,0.0002626477,37000.0,151467.39,149824.06,149824.08,0.7491672,10.3434925,8.540151,8.540156
250759.14,0.013699586,0.00027057502,37000.0,151467.27,149824.05,149824.05,0.7491672,10.342998,8.540125,8.54014
250759.14,0.013155042,0.00027358255,37000.0,151467.39,149824.06,149824.06,0.7491672,10.343399,8.540142,8.540158
250759.14,0.014220055,0.00027690883,37000.0,151467.39,149824.05,149824.05,0.7491672,10.343088,8.540162,8.540133
250759.14,0.014232267,0.0002851414,37000.0,151467.39,149824.05,149824.06,0.7491672,10.343737,8.5401535,8.540144
250759.14,0.013581729,0.00026465417,37000.0,151467.36,149824.05,149824.08,0.7491672,10.343577,8.540151,8.540119
250759.14,0.013028624,0.00027537413,37000.0,151467.39,149824.05,149824.05,0.7491672,10.343506,8.54016,8.540138
250759.14,0.013476233,0.000282822,37000.0,151467.39,149824.06,149824.06,0.7491672,10.34301,8.540152,8.5401535
250759.14,0.014026678,0.00028290832,37000.0,151467.36,149824.05,149824.05,0.7491672,10.343551,8.540168,8.540121
250759.14,0.0130172325,0.00026330035,37000.0,151467.39,149824.05,149824.06,0.7491672,10.3434305,8.540143,8.540136
250759.14,0.014711243,0.00029594766,37000.0,151467.38,149824.06,149824.06,0.7491672,10.34329,8.540149,8.540136
250759.14,0.0139128715,0.0002714237,37000.0,151467.38,149824.03,149824.05,0.7491672,10.343253,8.540158,8.540132
250759.14,0.013223375,0.0002738016,37000.0,151467.39,149824.05,149824.05,0.7491672,10.343587,8.540148,8.54013
250759.14,0.013536544,0.00027219323,37000.0,151467.36,149824.05,149824.03,0.7491672,10.343322,8.540114,8.540143
250759.14,0.013629477,0.00027515754,37000.0,151467.4,149824.06,149824.06,0.7491672,10.3435545,8.540121,8.540157
250759.14,0.013832544,0.0002584128,37000.0,151467.38,149824.08,149824.05,0.7491672,10.343502,8.540138,8.540137
250759.14,0.01455686,0.00028527918,37000.0,151467.4,149824.06,149824.06,0.7491672,10.343721,8.540151,8.540154
250759.14,0.01362106,0.0002612257,37000.0,151467.39,149824.05,149824.03,0.7491672,10.343532,8.540142,8.540149
250759.14,0.012956777,0.00029031746,37000.0,151467.36,149824.05,149824.05,0.7491672,10.343455,8.540146,8.540132
250759.14,0.0129611865,0.0002711037,37000.0,151467.36,149824.05,149824.05,0.7491672,10.343369,8.540161,8.540127
250759.14,0.014548493,0.0002741329,37000.0,151467.39,149824.06,149824.05,0.7491672,10.343302,8.540152,8.540139
250759.14,0.014607693,0.00028707556,37000.0,151467.4,149824.06,149824.05,0.7491672,10.343433,8.540159,8.540143
250759.14,0.014013353,0.0002807186,37000.0,151467.4,149824.06,149824.03,0.7491672,10.343527,8.540154,8.540133
250759.14,0.0132047385,0.00028954275,37000.0,151467.42,149824.06,149824.05,0.7491672,10.343501,8.540152,8.540131
250759.14,0.01433597,0.00028011936,37000.0,151467.39,149824.05,149824.06,0.7491672,10.343664,8.540163,8.540145
250759.14,0.015187804,0.00028095974,37000.0,151467.42,149824.06,149824.05,0.7491672,10.343483,8.540142,8.540145
250759.14,0.013382926,0.00027483952,37000.0,151467.34,149824.05,149824.06,0.7491672,10.343402,8.540112,8.54015
250759.14,0.013549919,0.0002872589,37000.0,151467.36,149824.03,149824.06,0.7491672,10.343207,8.540158,8.540131
250759.14,0.012687382,0.0002723014,37000.0,151467.44,149824.05,149824.05,0.7491672,10.34347,8.540143,8.540136
250759.14,0.0132833645,0.00028493573,37000.0,151467.38,149824.05,149824.06,0.7491672,10.343402,8.540142,8.540126
250759.14,0.01356995,0.00027435675,37000.0,151467.36,149824.03,149824.08,0.7491672,10.343411,8.540155,8.540134
250759.14,0.012859582,0.00028387996,37000.0,151467.38,149824.05,149824.06,0.7491672,10.343317,8.540145,8.540136
250759.14,0.012203113,0.00026344467,37000.0,151467.33,149824.05,149824.08,0.7491672,10.343151,8.54012,8.540145
250759.14,0.014213178,0.00027804504,37000.0,151467.4,149824.06,149824.06,0.7491672,10.34363,8.540161,8.54014
250759.14,0.013924185,0.00026744165,37000.0,151467.34,149824.05,149824.06,0.7491672,10.343393,8.540156,8.540122
250759.14,0.011467497,0.00026549722,37000.0,151467.36,149824.06,149824.05,0.7491672,10.343523,8.540093,8.540124
250759.14,0.0135425925,0.00028234077,37000.0,151467.33,149824.05,149824.06,0.7491672,10.34302,8.540149,8.540132
250759.14,0.014035582,0.00029310017,37000.0,151467.38,149824.06,149824.05,0.7491672,10.343393,8.540133,8.540147
250759.14,0.012718034,0.00028039227,37000.0,151467.34,149824.06,149824.03,0.7491672,10.34375,8.540138,8.540139
250759.14,0.012888072,0.000270193,37000.0,151467.28,149824.05,149824.06,0.7491672,10.3428335,8.540138,8.540135
250759.14,0.014367128,0.00028270847,37000.0,151467.36,149824.05,149824.05,0.7491672,10.3436365,8.540163,8.540132
250759.14,0.014086905,0.00026874547,37000.0,151467.44,149824.06,149824.06,0.7491672,10.34355,8.54017,8.540136
250759.14,0.0129528735,0.00026936235,37000.0,151467.28,149824.05,149824.08,0.7491672,10.343126,8.540141,8.540147
250759.14,0.014769161,0.00028366747,37000.0,151467.4,149824.05,149824.06,0.7491672,10.343381,8.540135,8.540135
250759.14,0.013449926,0.00027350915,37000.0,151467.36,149824.06,149824.05,0.7491672,10.343429,8.540131,8.540131
250759.14,0.014079182,0.0002849444,37000.0,151467.38,149824.03,149824.03,0.7491672,10.343496,8.540163,8.540127
250759.14,0.014393937,0.0002859549,37000.0,151467.39,149824.08,149824.06,0.7491672,10.343333,8.540161,8.540135
250759.14,0.013460629,0.00027212052,37000.0,151467.33,149824.03,149824.05,0.7491672,10.3436775,8.540149,8.540139
250759.14,0.013349032,0.00028261685,37000.0,151467.36,149824.05,149824.03,0.7491672,10.343552,8.540152,8.540134
250759.14,0.012871854,0.00030650868,37000.0,151467.45,149824.06,149824.05,0.7491672,10.343412,8.5401535,8.540135
250759.14,0.014398874,0.00031688344,37000.0,151467.39,149824.05,149824.03,0.7491672,10.343554,8.540153,8.540133
250759.14,0.013445362,0.00031238937,37000.0,151467.44,149824.05,149824.06,0.7491672,10.34346,8.54016,8.540122
250759.14,0.014547854,0.00030722877,37000.0,151467.39,149824.03,149824.06,0.7491672,10.343457,8.540136,8.540133
250759.14,0.0145093165,0.00031146363,37000.0,151467.38,149824.06,149824.06,0.7491672,10.343522,8.540146,8.540138
250759.14,0.014706234,0.0003201543,37000.0,151467.44,149824.05,149824.06,0.7491672,10.343268,8.540146,8.540133
250759.14,0.014756629,0.0002986174,37000.0,151467.42,149824.02,149824.05,0.7491672,10.34369,8.540134,8.54012
250759.14,0.013089955,0.0003059659,37000.0,151467.38,149824.06,149824.03,0.7491672,10.343566,8.540146,8.540139
250759.14,0.014461873,0.0003211099,37000.0,151467.4,149824.05,149824.06,0.7491672,10.343215,8.540138,8.54015
250759.14,0.015014555,0.00032940158,37000.0,151467.33,149824.06,149824.08,0.7491672,10.342999,8.540148,8.540102
250759.14,0.016294105,0.0003266364,37000.0,151467.42,149824.08,149824.05,0.7491672,10.34344,8.540146,8.540145
250759.14,0.015643585,0.00033151376,37000.0,151467.38,149824.05,149824.06,0.7491672,10.343285,8.540133,8.540148
250759.14,0.015169668,0.00030820566,37000.0,151467.44,149824.06,149824.03,0.7491672,10.3439,8.540152,8.540122
250759.14,0.01583066,0.00032816766,37000.0,151467.38,149824.05,149824.06,0.7491672,10.343115,8.540148,8.540113
250759.14,0.015290325,0.00033011427,37000.0,151467.4,149824.06,149824.05,0.7491672,10.343605,8.54015,8.540128
250759.14,0.013939261,0.00030337938,37000.0,151467.36,149824.05,149824.05,0.7491672,10.343312,8.540157,8.540129
250759.14,0.012959909,0.00031428708,37000.0,151467.44,149824.03,149824.06,0.7491672,10.343841,8.540137,8.540128
250759.14,0.015385906,0.00031876014,37000.0,151467.36,149824.03,149824.06,0.7491672,10.343,8.540146,8.5401325
250759.14,0.01321879,0.00032472616,37000.0,151467.45,149824.05,149824.06,0.7491672,10.343563,8.540156,8.540145
250759.14,0.016767945,0.00032883105,37000.0,151467.36,149824.08,149824.05,0.7491672,10.343215,8.540155,8.540144
250759.14,0.0163157,0.00033617072,37000.0,151467.42,149824.05,149824.05,0.7491672,10.343784,8.540156,8.54012
250759.14,0.017445736,0.00031802853,37000.0,151467.39,149824.05,149824.06,0.7491672,10.343376,8.540161,8.540125
250759.14,0.015429885,0.00033516999,37000.0,151467.4,149824.06,149824.05,0.7491672,10.343521,8.540137,8.540142
250759.14,0.014824917,0.00028885197,37000.0,151467.36,149824.06,149824.06,0.7491672,10.343385,8.540157,8.540148
250759.14,0.014990494,0.00031132792,37000.0,151467.4,149824.03,149824.05,0.7491672,10.343465,8.540147,8.540145
250759.14,0.014236695,0.00030597267,37000.0,151467.36,149824.06,149824.06,0.7491672,10.343233,8.540148,8.5401325
250759.14,0.016139984,0.00032356154,37000.0,151467.36,149824.05,149824.03,0.7491672,10.343377,8.54015,8.540145
250759.14,0.01695999,0.00032359545,37000.0,151467.39,149824.06,149824.05,0.7491672,10.343574,8.540154,8.540113
250759.14,0.015743058,0.00031299546,37000.0,151467.33,149824.06,149824.05,0.7491672,10.343151,8.540145,8.540138
250759.14,0.016204642,0.0003156319,37000.0,151467.36,149824.05,149824.05,0.7491672,10.343097,8.540156,8.540147
250759.14,0.015854077,0.00032128522,37000.0,151467.4,149824.05,149824.05,0.7491672,10.343644,8.540148,8.540125
250759.14,0.014484241,0.00031309784,37000.0,151467.38,149824.05,149824.05,0.7491672,10.343686,8.540139,8.540149
250759.14,0.014699609,0.00032162538,37000.0,151467.4,149824.03,149824.05,0.7491672,10.343614,8.540142,8.540135
250759.14,0.0140754245,0.00031416788,37000.0,151467.4,149824.05,149824.06,0.7491672,10.34343,8.540144,8.540122
250759.14,0.014027887,0.00032689163,37000.0,151467.39,149824.05,149824.05,0.7491672,10.343357,8.540148,8.540123
250759.14,0.014289974,0.00030295548,37000.0,151467.36,149824.08,149824.03,0.7491672,10.343693,8.540157,8.540125
250759.14,0.014024038,0.00032244524,37000.0,151467.38,149824.05,149824.05,0.7491672,10.343552,8.540148,8.540127
250759.14,0.016833764,0.00034652118,37000.0,151467.42,149824.05,149824.05,0.7491672,10.343384,8.540143,8.540118
250759.14,0.014689793,0.0003242283,37000.0,151467.4,149824.03,149824.06,0.7491672,10.343535,8.540156,8.540144
250759.14,0.015059758,0.00031133904,37000.0,151467.4,149824.05,149824.03,0.7491672,10.343473,8.540161,8.540143
250759.14,0.0149387065,0.000329252,37000.0,151467.39,149824.06,149824.05,0.7491672,10.343203,8.540142,8.540122
250759.14,0.015315621,0.00031661204,37000.0,151467.44,149824.06,149824.06,0.7491672,10.343437,8.540162,8.540138
250759.14,0.014744866,0.00032051388,37000.0,151467.38,149824.06,149824.03,0.7491672,10.343481,8.540143,8.540145
250759.14,0.015825674,0.00032798148,37000.0,151467.39,149824.06,149824.06,0.7491672,10.343338,8.540156,8.540138
250759.14,0.014104815,0.00030395656,37000.0,151467.42,149824.06,149824.03,0.7491672,10.343438,8.540154,8.540145
250759.14,0.016069721,0.00032714647,37000.0,151467.36,149824.06,149824.05,0.7491672,10.343445,8.540145,8.5401325
250759.14,0.015074388,0.00032394275,37000.0,151467.38,149824.06,149824.06,0.7491672,10.343365,8.54016,8.540148
250759.14,0.015896773,0.000312862,37000.0,151467.33,149824.06,149824.05,0.7491672,10.34298,8.540149,8.540113
250759.14,0.015493681,0.00031689214,37000.0,151467.38,149824.05,149824.05,0.7491672,10.343511,8.540134,8.54012
250759.14,0.016751083,0.0003293591,37000.0,151467.36,149824.05,149824.06,0.7491672,10.343357,8.540142,8.540147
250759.14,0.015401727,0.00030994834,37000.0,151467.44,149824.08,149824.06,0.7491672,10.343711,8.54014,8.540122
250759.14,0.015587735,0.00032781673,37000.0,151467.4,149824.05,149824.06,0.7491672,10.343247,8.540154,8.540136
250759.14,0.015258983,0.00030691302,37000.0,151467.38,149824.05,149824.06,0.7491672,10.343315,8.540151,8.540147
250759.14,0.015358987,0.000308938,37000.0,151467.34,149824.05,149824.03,0.7491672,10.343341,8.540147,8.540146
250759.14,0.016620878,0.00031176748,37000.0,151467.34,149824.05,149824.05,0.7491672,10.343236,8.540149,8.540145
250759.14,0.014244523,0.00032246107,37000.0,151467.39,149824.03,149824.05,0.7491672,10.343463,8.540138,8.540142
250759.14,0.014641115,0.00033400024,37000.0,151467.39,149824.05,149824.05,0.7491672,10.343265,8.5401535,8.540123
250759.14,0.016788663,0.00030984345,37000.0,151467.42,149824.03,149824.05,0.7491672,10.344132,8.540158,8.540113
250759.14,0.0143867405,0.000325433,37000.0,151467.3,149824.06,149824.05,0.7491672,10.343392,8.54015,8.540116
250759.14,0.015113197,0.00032065524,37000.0,151467.31,149824.05,149824.05,0.7491672,10.34362,8.540149,8.540131
250759.14,0.015957788,0.000324161,37000.0,151467.39,149824.06,149824.03,0.7491672,10.343552,8.540147,8.540123
250759.14,0.015583321,0.00032392255,37000.0,151467.38,149824.05,149824.06,0.7491672,10.343082,8.54015,8.540128
250759.14,0.013573664,0.00031496855,37000.0,151467.38,149824.05,149824.08,0.7491672,10.343423,8.540156,8.54014
250759.14,0.01675717,0.00036072856,37000.0,151467.42,149824.03,149824.05,0.7491672,10.343639,8.540153,8.540138
250759.14,0.014992982,0.0003267753,37000.0,151467.39,149824.03,149824.06,0.7491672,10.34346,8.54016,8.540118
250759.14,0.015398203,0.0003374581,37000.0,151467.36,149824.05,149824.08,0.7491672,10.343501,8.540147,8.540134
250759.14,0.016147448,0.00031962662,37000.0,151467.4,149824.06,149824.05,0.7491672,10.343298,8.540156,8.540136
250759.14,0.014978115,0.000311595,37000.0,151467.34,149824.06,149824.06,0.7491672,10.343403,8.540159,8.540148
250759.14,0.016283354,0.0003231746,37000.0,151467.38,149824.06,149824.06,0.7491672,10.343079,8.540143,8.540128
250759.14,0.016983928,0.00031974862,37000.0,151467.4,149824.06,149824.05,0.7491672,10.343587,8.540146,8.540136
250759.14,0.014537245,0.00031983026,37000.0,151467.36,149824.05,149824.05,0.7491672,10.343393,8.540146,8.54012
250759.14,0.014678799,0.0003306273,37000.0,151467.3,149824.05,149824.05,0.7491672,10.343391,8.5401535,8.540128
250759.14,0.015152607,0.0003204885,37000.0,151467.39,149824.05,149824.06,0.7491672,10.343266,8.5401535,8.540121
250759.14,0.016070547,0.0003280206,37000.0,151467.39,149824.05,149824.06,0.7491672,10.343318,8.540151,8.540138
250759.14,0.015128036,0.00031924678,37000.0,151467.39,149824.06,149824.05,0.7491672,10.343512,8.540148,8.540128
250759.14,0.017419918,0.00032990737,37000.0,151467.33,149824.06,149824.03,0.7491672,10.34327,8.540151,8.540097
250759.14,0.016625943,0.00034090874,37000.0,151467.36,149824.05,149824.06,0.7491672,10.343361,8.540147,8.540116
250759.14,0.016271973,0.00032984844,37000.0,151467.39,149824.06,149824.06,0.7491672,10.343635,8.540145,8.540105
250759.14,0.015843896,0.00032583508,37000.0,151467.38,149824.06,149824.06,0.7491672,10.343111,8.540141,8.540113
250759.14,0.016131312,0.0003232282,37000.0,151467.31,149824.06,149824.03,0.7491672,10.343481,8.540145,8.5401
250759.14,0.014351815,0.00031837978,37000.0,151467.34,149824.06,149824.05,0.7491672,10.343561,8.540154,8.54011
250759.14,0.013828202,0.00032520416,37000.0,151467.39,149824.06,149824.06,0.7491672,10.343473,8.540147,8.54014
250759.14,0.017385503,0.00034092192,37000.0,151467.4,149824.03,149824.05,0.7491672,10.343572,8.540139,8.540124
250759.14,0.03753279,0.00049575296,37000.0,151467.31,149824.05,149824.05,0.7491672,10.343148,8.540143,8.540142
250759.14,0.0165904,0.0003352882,37000.0,151467.33,149824.05,149824.06,0.7491672,10.343402,8.540147,8.540117
250759.14,0.01617191,0.00030992116,37000.0,151467.39,149824.06,149824.06,0.7491672,10.3434305,8.540151,8.540137
250759.14,0.016567338,0.0003269378,37000.0,151467.38,149824.05,149824.05,0.7491672,10.343386,8.540162,8.540134
250759.14,0.016246067,0.00031588075,37000.0,151467.39,149824.05,149824.06,0.7491672,10.343628,8.540136,8.540127
250759.14,0.014373893,0.0002929708,37000.0,151467.36,149824.06,149824.05,0.7491672,10.343707,8.540145,8.540117
250759.14,0.016013198,0.00031215392,37000.0,151467.34,149824.05,149824.05,0.7491672,10.34348,8.540153,8.540121
250759.14,0.016869457,0.0003147928,37000.0,151467.38,149824.06,149824.06,0.7491672,10.343549,8.540151,8.540123
250759.14,0.01645709,0.0003265391,37000.0,151467.4,149824.06,149824.08,0.7491672,10.343348,8.540145,8.540145
250759.14,0.015587043,0.00029696518,37000.0,151467.33,149824.05,149824.06,0.7491672,10.343346,8.540149,8.540149
250759.14,0.016197942,0.00030229997,37000.0,151467.38,149824.06,149824.05,0.7491672,10.343447,8.540146,8.540148
250759.14,0.015638355,0.0003357462,37000.0,151467.38,149824.06,149824.05,0.7491672,10.343317,8.540138,8.54012
250759.14,0.015363472,0.00029513382,37000.0,151467.34,149824.06,149824.05,0.7491672,10.343207,8.5401535,8.540111
250759.14,0.014755056,0.00032566802,37000.0,151467.38,149824.03,149824.06,0.7491672,10.343613,8.54015,8.540133
250759.14,0.016492514,0.00033424707,37000.0,151467.4,149824.03,149824.05,0.7491672,10.343531,8.540155,8.540132
250759.14,0.0143596055,0.00031461185,37000.0,151467.39,149824.05,149824.06,0.7491672,10.343583,8.54016,8.540146
250759.14,0.015466454,0.00031671178,37000.0,151467.4,149824.05,149824.05,0.7491672,10.343412,8.54014,8.540124
250759.14,0.015540691,0.00032443847,37000.0,151467.38,149824.06,149824.05,0.7491672,10.343391,8.540141,8.540143
250759.14,0.013591323,0.0003177369,37000.0,151467.4,149824.05,149824.05,0.7491672,10.343731,8.540142,8.540125
250759.14,0.012578277,0.00029345663,37000.0,151467.3,149824.06,149824.06,0.7491672,10.3430395,8.540146,8.540142
250759.14,0.014585262,0.00032177186,37000.0,151467.38,149824.08,149824.03,0.7491672,10.343502,8.540142,8.540141
250759.14,0.01619508,0.00031736537,37000.0,151467.36,149824.03,149824.05,0.7491672,10.343231,8.540153,8.54014
250759.14,0.013575273,0.00029957402,37000.0,151467.39,149824.06,149824.06,0.7491672,10.343508,8.540142,8.540145
250759.14,0.015665852,0.00032729458,37000.0,151467.38,149824.06,149824.06,0.7491672,10.343602,8.540154,8.540147
250759.14,0.015505912,0.0003195503,37000.0,151467.38,149824.06,149824.05,0.7491672,10.343242,8.540153,8.54014
250759.14,0.016151542,0.00031487466,37000.0,151467.34,149824.05,149824.08,0.7491672,10.343593,8.540162,8.540094
250759.14,0.016112955,0.0003194115,37000.0,151467.39,149824.05,149824.06,0.7491672,10.3435955,8.540156,8.540131
250759.14,0.015332801,0.0003236524,37000.0,151467.38,149824.05,149824.05,0.7491672,10.343359,8.540148,8.540142
250759.14,0.015594807,0.00034138924,37000.0,151467.36,149824.05,149824.05,0.7491672,10.34338,8.540147,8.540148
250759.14,0.017430844,0.00033980265,37000.0,151467.39,149824.03,149824.06,0.7491672,10.343386,8.540167,8.5401325
250759.14,0.017441839,0.00034875376,37000.0,151467.33,149824.05,149824.06,0.7491672,10.343355,8.540144,8.540146
250759.14,0.01585512,0.00032758983,37000.0,151467.4,149824.06,149824.05,0.7491672,10.343547,8.540155,8.540152
250759.14,0.016454142,0.00032494435,37000.0,151467.36,149824.05,149824.05,0.7491672,10.343422,8.540163,8.540152
250759.14,0.016044961,0.0003227065,37000.0,151467.36,149824.06,149824.05,0.7491672,10.343237,8.540142,8.540149
250759.14,0.014682739,0.00032441525,37000.0,151467.3,149824.05,149824.05,0.7491672,10.342836,8.54014,8.540147
250759.14,0.016566975,0.00033971138,37000.0,151467.39,149824.05,149824.06,0.7491672,10.343254,8.540144,8.540152
250759.14,0.013765207,0.00032572573,37000.0,151467.34,149824.08,149824.06,0.7491672,10.343088,8.540146,8.540141
250759.14,0.01775709,0.00034534774,37000.0,151467.42,149824.06,149824.06,0.7491672,10.34378,8.540155,8.540151
250759.14,0.015164984,0.0003261434,37000.0,151467.36,149824.05,149824.03,0.7491672,10.343187,8.540147,8.540134
250759.14,0.014122979,0.000329697,37000.0,151467.44,149824.05,149824.05,0.7491672,10.343322,8.540157,8.54015
250759.14,0.013554533,0.00032046365,37000.0,151467.44,149824.08,149824.05,0.7491672,10.343425,8.540151,8.540144
250759.14,0.0154456645,0.0003434563,37000.0,151467.3,149824.05,149824.06,0.7491672,10.343138,8.540146,8.540145
250759.14,0.015155095,0.00032741323,37000.0,151467.4,149824.05,149824.06,0.7491672,10.343262,8.540147,8.540145
250759.14,0.01601449,0.00035308392,37000.0,151467.4,149824.03,149824.06,0.7491672,10.343434,8.540152,8.540143
250759.14,0.0146796,0.00032127657,37000.0,151467.4,149824.05,149824.06,0.7491672,10.342985,8.540135,8.540146
250759.14,0.014377117,0.00033586696,37000.0,151467.38,149824.05,149824.06,0.7491672,10.343318,8.540147,8.540149
250759.14,0.016376257,0.00032783914,37000.0,151467.36,149824.05,149824.06,0.7491672,10.343198,8.540141,8.540147
250759.14,0.017285045,0.0003451823,37000.0,151467.38,149824.06,149824.05,0.7491672,10.343395,8.54016,8.540144
250759.14,0.016035767,0.00032328858,37000.0,151467.4,149824.05,149824.06,0.7491672,10.343154,8.540143,8.540148
250759.14,0.015235831,0.00032736541,37000.0,151467.4,149824.06,149824.05,0.7491672,10.34356,8.540141,8.540136
250759.14,0.012790118,0.00030265687,37000.0,151467.38,149824.05,149824.06,0.7491672,10.343712,8.540136,8.540138
250759.14,0.014199313,0.00032546342,37000.0,151467.36,149824.03,149824.05,0.7491672,10.343113,8.540152,8.540146
250759.14,0.01528784,0.0003143106,37000.0,151467.34,149824.08,149824.05,0.7491672,10.343622,8.540143,8.540149
250759.14,0.015392398,0.00034202382,37000.0,151467.34,149824.06,149824.08,0.7491672,10.343306,8.540154,8.540144
250759.14,0.015550368,0.00032651227,37000.0,151467.36,149824.03,149824.05,0.7491672,10.343165,8.540166,8.540142
250759.14,0.015110338,0.0003347355,37000.0,151467.33,149824.06,149824.05,0.7491672,10.343258,8.540149,8.540137
250759.14,0.015091661,0.00034092102,37000.0,151467.39,149824.05,149824.06,0.7491672,10.343469,8.540158,8.5401535
250759.14,0.0122809885,0.00031080327,37000.0,151467.4,149824.05,149824.03,0.7491672,10.343621,8.540167,8.540139
250759.14,0.016352262,0.00032305592,37000.0,151467.36,149824.05,149824.06,0.7491672,10.343532,8.540162,8.540141
250759.14,0.015873374,0.00033948667,37000.0,151467.39,149824.05,149824.08,0.7491672,10.343166,8.540135,8.540142
250759.14,0.015510199,0.0003355898,37000.0,151467.34,149824.05,149824.06,0.7491672,10.343528,8.540147,8.540136
250759.14,0.016289601,0.0003410893,37000.0,151467.36,149824.05,149824.05,0.7491672,10.343209,8.540146,8.540145
250759.14,0.016283534,0.00032561715,37000.0,151467.36,149824.03,149824.05,0.7491672,10.343454,8.540144,8.540142
250759.14,0.014666298,0.00032361355,37000.0,151467.36,149824.05,149824.06,0.7491672,10.343303,8.54016,8.54014
250759.14,0.0137713505,0.0003158943,37000.0,151467.4,149824.06,149824.05,0.7491672,10.343732,8.540165,8.5401325
250759.14,0.015069507,0.000324183,37000.0,151467.42,149824.05,149824.06,0.7491672,10.343488,8.540138,8.540137
250759.14,0.015728159,0.00033276086,37000.0,151467.31,149824.05,149824.05,0.7491672,10.343052,8.540152,8.540136
250759.14,0.015108674,0.00033058654,37000.0,151467.34,149824.06,149824.06,0.7491672,10.343306,8.540147,8.540142
250759.14,0.015547721,0.00031978582,37000.0,151467.39,149824.05,149824.05,0.7491672,10.343336,8.540142,8.540141
250759.14,0.0148423035,0.00033130738,37000.0,151467.39,149824.03,149824.03,0.7491672,10.343634,8.54016,8.54014
250759.14,0.015314798,0.00033409905,37000.0,151467.36,149824.05,149824.05,0.7491672,10.343197,8.540148,8.540151
250759.14,0.016104119,0.00032451388,37000.0,151467.36,149824.06,149824.05,0.7491672,10.3432665,8.540143,8.540143
250759.14,0.015953034,0.00034212516,37000.0,151467.39,149824.03,149824.08,0.7491672,10.343235,8.540154,8.540134
250759.14,0.015246517,0.00032976634,37000.0,151467.38,149824.06,149824.06,0.7491672,10.343505,8.540154,8.540146
250759.14,0.016229767,0.000332899,37000.0,151467.31,149824.05,149824.06,0.7491672,10.343285,8.540154,8.540141
250759.14,0.016102016,0.00033184094,37000.0,151467.38,149824.05,149824.05,0.7491672,10.34371,8.540155,8.540134
250759.14,0.013537643,0.00029816752,37000.0,151467.36,149824.06,149824.06,0.7491672,10.343133,8.540164,8.540131
250759.14,0.016747277,0.00034440207,37000.0,151467.3,149824.03,149824.06,0.7491672,10.343066,8.540158,8.540151
250759.14,0.015736306,0.00033040176,37000.0,151467.39,149824.06,149824.08,0.7491672,10.343635,8.540147,8.54015
250759.14,0.01577308,0.00031698882,37000.0,151467.36,149824.05,149824.08,0.7491672,10.343651,8.540151,8.54015
250759.14,0.015748085,0.00031420993,37000.0,151467.33,149824.06,149824.05,0.7491672,10.343315,8.540146,8.54014
250759.14,0.01463099,0.0003259768,37000.0,151467.36,149824.05,149824.05,0.7491672,10.34348,8.540146,8.540139
250759.14,0.012467995,0.00031476375,37000.0,151467.42,149824.05,149824.05,0.7491672,10.343478,8.540151,8.540143
250759.14,0.017100794,0.000337485,37000.0,151467.39,149824.06,149824.05,0.7491672,10.343305,8.54016,8.540143
250759.14,0.016514156,0.0003439062,37000.0,151467.38,149824.06,149824.06,0.7491672,10.343495,8.540149,8.540133
250759.14,0.015918164,0.00032718934,37000.0,151467.45,149824.06,149824.05,0.7491672,10.343749,8.54015,8.54015
250759.14,0.016290132,0.00033514123,37000.0,151467.4,149824.03,149824.06,0.7491672,10.343588,8.540145,8.540147
250759.14,0.013598688,0.00031485257,37000.0,151467.36,149824.06,149824.05,0.7491672,10.343389,8.540149,8.54015
250759.14,0.014203146,0.0003115039,37000.0,151467.39,149824.03,149824.05,0.7491672,10.343698,8.540138,8.540142
250759.14,0.0114566,0.00032106874,37000.0,151467.34,149824.06,149824.05,0.7491672,10.343083,8.540151,8.540145
250759.14,0.015594439,0.00033939985,37000.0,151467.4,149824.03,149824.03,0.7491672,10.343554,8.5401535,8.540154
250759.14,0.014152945,0.00030790575,37000.0,151467.4,149824.06,149824.05,0.7491672,10.343461,8.540152,8.5401325
250759.14,0.016250545,0.00033619895,37000.0,151467.38,149824.06,149824.06,0.7491672,10.343503,8.540141,8.5401535
250759.14,0.015941015,0.00034006883,37000.0,151467.38,149824.06,149824.05,0.7491672,10.343347,8.540147,8.540135
250759.14,0.016128076,0.0003321685,37000.0,151467.36,149824.05,149824.05,0.7491672,10.34303,8.540157,8.540144
250759.14,0.016083598,0.0003298097,37000.0,151467.38,149824.06,149824.05,0.7491672,10.343398,8.540151,8.540135
250759.14,0.016216649,0.00034193092,37000.0,151467.4,149824.08,149824.06,0.7491672,10.343391,8.540153,8.540138
250759.14,0.015629558,0.00033281735,37000.0,151467.4,149824.05,149824.06,0.7491672,10.343354,8.540155,8.540147
250759.14,0.014730394,0.0003308165,37000.0,151467.28,149824.05,149824.05,0.7491672,10.342874,8.540153,8.540136
250759.14,0.01748875,0.00033011835,37000.0,151467.39,149824.03,149824.05,0.7491672,10.343804,8.540143,8.540151
250759.14,0.014404509,0.00032597335,37000.0,151467.33,149824.05,149824.06,0.7491672,10.343086,8.540152,8.540151
250759.14,0.015205503,0.000328997,37000.0,151467.4,149824.05,149824.05,0.7491672,10.343545,8.540142,8.540149
250759.14,0.01692235,0.00035050255,37000.0,151467.34,149824.08,149824.05,0.7491672,10.34358,8.540149,8.540143
250759.14,0.014545722,0.0003358948,37000.0,151467.39,149824.03,149824.03,0.7491672,10.343633,8.540155,8.5401535
250759.14,0.014515178,0.00032224087,37000.0,151467.38,149824.05,149824.05,0.7491672,10.343281,8.540168,8.540139
250759.14,0.020905245,0.00042198432,37000.0,151467.42,149824.06,149824.06,0.7491672,10.343607,8.540148,8.540124
250759.14,0.017691467,0.00035285178,37000.0,151467.38,149824.05,149824.05,0.7491672,10.343532,8.54015,8.540139
250759.14,0.016209712,0.0003408434,37000.0,151467.33,149824.05,149824.06,0.7491672,10.342991,8.540148,8.540144
250759.14,0.025172265,0.0003952135,37000.0,151467.36,149824.06,149824.08,0.7491672,10.343524,8.540149,8.540145
250759.14,0.015210527,0.00033288702,37000.0,151467.36,149824.03,149824.05,0.7491672,10.343571,8.540145,8.540138
250759.14,0.01608795,0.0003308879,37000.0,151467.38,149824.06,149824.06,0.7491672,10.343289,8.540162,8.5401325
250759.14,0.016571239,0.00035111458,37000.0,151467.34,149824.05,149824.03,0.7491672,10.343496,8.540147,8.540149
250759.14,0.01557913,0.00035180876,37000.0,151467.34,149824.03,149824.06,0.7491672,10.343175,8.540147,8.540139
250759.14,0.015541455,0.0003278709,37000.0,151467.36,149824.05,149824.05,0.7491672,10.34339,8.540137,8.540138
250759.14,0.015522022,0.00033972226,37000.0,151467.38,149824.05,149824.03,0.7491672,10.343464,8.54015,8.540149
250759.14,0.014798591,0.00033156213,37000.0,151467.36,149824.05,149824.05,0.7491672,10.343217,8.54014,8.540138
250759.14,0.015047186,0.00033456358,37000.0,151467.38,149824.06,149824.05,0.7491672,10.34354,8.540145,8.540137
250759.14,0.017241271,0.0003436074,37000.0,151467.44,149824.05,149824.08,0.7491672,10.3436985,8.54015,8.540133
250759.14,0.01645516,0.0003495349,37000.0,151467.36,149824.06,149824.06,0.7491672,10.343307,8.540163,8.54014
250759.14,0.014674397,0.0003187576,37000.0,151467.39,149824.06,149824.06,0.7491672,10.343485,8.540153,8.540149
250759.14,0.016421948,0.00033662494,37000.0,151467.34,149824.05,149824.08,0.7491672,10.343373,8.540134,8.540142
250759.14,0.014315509,0.0003060786,37000.0,151467.42,149824.06,149824.05,0.7491672,10.3437605,8.540148,8.540141
250759.14,0.01519085,0.00029898898,37000.0,151467.44,149824.05,149824.05,0.7491672,10.343838,8.540149,8.540146
250759.14,0.017668623,0.000326777,37000.0,151467.33,149824.08,149824.02,0.7491672,10.3434105,8.540149,8.540146
250759.14,0.017610803,0.00033411128,37000.0,151467.28,149824.06,149824.06,0.7491672,10.34315,8.54015,8.54014
250759.14,0.013914296,0.00031267726,37000.0,151467.39,149824.05,149824.03,0.7491672,10.343434,8.540141,8.540144
250759.14,0.014129681,0.00033345472,37000.0,151467.38,149824.06,149824.03,0.7491672,10.343667,8.5401535,8.540148
250759.14,0.014979705,0.00032466833,37000.0,151467.44,149824.06,149824.05,0.7491672,10.343348,8.540133,8.540136
250759.14,0.01562825,0.0003304343,37000.0,151467.4,149824.05,149824.05,0.7491672,10.343436,8.540151,8.540132
250759.14,0.016732534,0.00033915005,37000.0,151467.38,149824.05,149824.05,0.7491672,10.343352,8.540154,8.540132
250759.14,0.017287973,0.00033769666,37000.0,151467.4,149824.05,149824.05,0.7491672,10.343668,8.540153,8.540137
250759.14,0.015228794,0.00033151844,37000.0,151467.39,149824.05,149824.05,0.7491672,10.343674,8.540164,8.540141
250759.14,0.016078537,0.00034073155,37000.0,151467.39,149824.05,149824.03,0.7491672,10.343391,8.540142,8.540119
250759.14,0.0147950705,0.0003288985,37000.0,151467.33,149824.05,149824.06,0.7491672,10.343013,8.540158,8.5401325
250759.14,0.01553853,0.00033128206,37000.0,151467.4,149824.05,149824.06,0.7491672,10.343461,8.540164,8.540138
250759.14,0.015211531,0.0003299938,37000.0,151467.34,149824.03,149824.06,0.7491672,10.343062,8.540164,8.540135
250759.14,0.015420948,0.00033162956,37000.0,151467.38,149824.05,149824.03,0.7491672,10.343147,8.540147,8.540133
250759.14,0.015666801,0.00034263663,37000.0,151467.36,149824.05,149824.06,0.7491672,10.343126,8.540154,8.540142
250759.14,0.014725691,0.0003347326,37000.0,151467.36,149824.06,149824.06,0.7491672,10.343076,8.540152,8.540142
250759.14,0.014944161,0.00033898023,37000.0,151467.3,149824.03,149824.03,0.7491672,10.343084,8.540167,8.540136
250759.14,0.015685,0.000338296,37000.0,151467.44,149824.06,149824.05,0.7491672,10.34388,8.5401535,8.540136
250759.14,0.017960189,0.00033780388,37000.0,151467.36,149824.05,149824.06,0.7491672,10.34369,8.540155,8.54014
250759.14,0.01644059,0.00034789,37000.0,151467.4,149824.06,149824.06,0.7491672,10.343794,8.540147,8.540137
250759.14,0.016652454,0.00034872376,37000.0,151467.38,149824.05,149824.06,0.7491672,10.343251,8.540156,8.540137
250759.14,0.016622098,0.00034598538,37000.0,151467.38,149824.05,149824.06,0.7491672,10.34334,8.540148,8.54014
250759.14,0.01698013,0.00034021688,37000.0,151467.39,149824.06,149824.06,0.7491672,10.343569,8.540151,8.540126
250759.14,0.016496144,0.00035918143,37000.0,151467.42,149824.05,149824.08,0.7491672,10.343619,8.540149,8.540135
250759.14,0.014681709,0.0003426511,37000.0,151467.34,149824.06,149824.05,0.7491672,10.343311,8.540143,8.540139
250759.14,0.016384294,0.000351646,37000.0,151467.36,149824.03,149824.05,0.7491672,10.343277,8.54014,8.540141
250759.14,0.015876189,0.00034089948,37000.0,151467.36,149824.05,149824.06,0.7491672,10.343238,8.540154,8.540133
250759.14,0.015951356,0.00033284904,37000.0,151467.38,149824.03,149824.05,0.7491672,10.343285,8.5401535,8.54014
250759.14,0.016827343,0.00034206247,37000.0,151467.39,149824.05,149824.08,0.7491672,10.343592,8.540147,8.540125
250759.14,0.016492039,0.00034843586,37000.0,151467.42,149824.06,149824.08,0.7491672,10.343323,8.540152,8.540134
250759.14,0.01709441,0.00035824443,37000.0,151467.33,149824.05,149824.05,0.7491672,10.343333,8.5401535,8.540131
250759.14,0.015021744,0.00033996959,37000.0,151467.36,149824.05,149824.05,0.7491672,10.343285,8.54015,8.540141
250759.14,0.017496478,0.00035547913,37000.0,151467.4,149824.05,149824.03,0.7491672,10.343588,8.540151,8.540145
250759.14,0.018632866,0.00034574512,37000.0,151467.44,149824.06,149824.06,0.7491672,10.343977,8.540153,8.540135
250759.14,0.017488128,0.0003402477,37000.0,151467.39,149824.06,149824.05,0.7491672,10.343364,8.540158,8.540134
250759.14,0.01717966,0.00033477388,37000.0,151467.44,149824.05,149824.06,0.7491672,10.343602,8.540158,8.540138
250759.14,0.016963439,0.000349823,37000.0,151467.39,149824.03,149824.06,0.7491672,10.343353,8.54014,8.540127
250759.14,0.017613087,0.00034212272,37000.0,151467.3,149824.03,149824.06,0.7491672,10.343156,8.540148,8.540142
250759.14,0.016591024,0.00035214788,37000.0,151467.33,149824.06,149824.06,0.7491672,10.343363,8.540154,8.5401325
250759.14,0.016092263,0.00034107422,37000.0,151467.36,149824.06,149824.06,0.7491672,10.343427,8.540148,8.540137
250759.14,0.018172136,0.00035664687,37000.0,151467.42,149824.08,149824.05,0.7491672,10.343607,8.540148,8.540139
250759.14,0.014722426,0.0003289551,37000.0,151467.34,149824.05,149824.06,0.7491672,10.342939,8.540136,8.540141
250759.14,0.014928835,0.00032968348,37000.0,151467.28,149824.06,149824.03,0.7491672,10.343132,8.540155,8.54015
250759.14,0.017252335,0.000348393,37000.0,151467.34,149824.06,149824.05,0.7491672,10.343188,8.540153,8.540138
250759.14,0.01635796,0.0003399059,37000.0,151467.31,149824.05,149824.06,0.7491672,10.343071,8.540148,8.540143
250759.14,0.015470219,0.00034151378,37000.0,151467.34,149824.06,149824.06,0.7491672,10.343397,8.540143,8.540134
250759.14,0.016041797,0.00034350157,37000.0,151467.34,149824.05,149824.05,0.7491672,10.343456,8.540157,8.540143
250759.14,0.01711542,0.0003487258,37000.0,151467.44,149824.06,149824.06,0.7491672,10.343735,8.540146,8.540133
250759.14,0.017776366,0.00034731807,37000.0,151467.33,149824.06,149824.05,0.7491672,10.343422,8.5401535,8.5401325
250759.14,0.016855214,0.00032201497,37000.0,151467.34,149824.05,149824.06,0.7491672,10.343055,8.540146,8.540149
250759.14,0.014636304,0.00033648906,37000.0,151467.4,149824.06,149824.05,0.7491672,10.34328,8.540146,8.540141
250759.14,0.017138233,0.00035111513,37000.0,151467.38,149824.06,149824.06,0.7491672,10.343398,8.540148,8.540143
250759.14,0.015541693,0.00031845242,37000.0,151467.4,149824.06,149824.06,0.7491672,10.343383,8.540163,8.540137
250759.14,0.017285248,0.00034378722,37000.0,151467.33,149824.05,149824.05,0.7491672,10.343202,8.540145,8.540138
250759.14,0.015284587,0.00031564766,37000.0,151467.4,149824.05,149824.05,0.7491672,10.343611,8.54015,8.540137
250759.14,0.01612252,0.00034287566,37000.0,151467.39,149824.05,149824.06,0.7491672,10.343566,8.54015,8.540126
250759.14,0.015567366,0.0003415051,37000.0,151467.36,149824.06,149824.03,0.7491672,10.343244,8.540152,8.540136
250759.14,0.016843379,0.00033788662,37000.0,151467.36,149824.05,149824.06,0.7491672,10.343632,8.540145,8.540134
250759.14,0.015733855,0.0003387298,37000.0,151467.42,149824.05,149824.05,0.7491672,10.343753,8.540151,8.540133
250759.14,0.016844109,0.00034805317,37000.0,151467.39,149824.06,149824.06,0.7491672,10.343299,8.540144,8.540154
250759.14,0.01523382,0.0003135678,37000.0,151467.36,149824.05,149824.08,0.7491672,10.343249,8.540133,8.540127
250759.14,0.016576737,0.00035465934,37000.0,151467.33,149824.06,149824.03,0.7491672,10.343058,8.540151,8.540147
250759.14,0.018304706,0.00037078912,37000.0,151467.39,149824.06,149824.08,0.7491672,10.343369,8.540149,8.540144
250759.14,0.014479895,0.0003343137,37000.0,151467.39,149824.03,149824.06,0.7491672,10.343236,8.540146,8.540153
250759.14,0.015489715,0.00033774847,37000.0,151467.33,149824.06,149824.03,0.7491672,10.343175,8.540162,8.540148
250759.14,0.014026863,0.00033477627,37000.0,151467.34,149824.03,149824.05,0.7491672,10.343264,8.54014,8.540138
250759.14,0.015487389,0.00034063825,37000.0,151467.34,149824.06,149824.06,0.7491672,10.343618,8.540145,8.540129
250759.14,0.017839888,0.00034259708,37000.0,151467.39,149824.06,149824.08,0.7491672,10.343465,8.540142,8.540138
250759.14,0.016569512,0.00034593354,37000.0,151467.42,149824.05,149824.06,0.7491672,10.343793,8.540151,8.540132
250759.14,0.015059425,0.00032259047,37000.0,151467.39,149824.03,149824.05,0.7491672,10.343185,8.540143,8.540139
250759.14,0.015528292,0.00034552583,37000.0,151467.4,149824.05,149824.05,0.7491672,10.343582,8.540151,8.540134
250759.14,0.015896223,0.00033876576,37000.0,151467.36,149824.06,149824.05,0.7491672,10.343284,8.540157,8.540136
250759.14,0.017697696,0.00035192026,37000.0,151467.4,149824.05,149824.05,0.7491672,10.343493,8.540155,8.540135
250759.14,0.017500794,0.0003482461,37000.0,151467.39,149824.05,149824.05,0.7491672,10.343798,8.540149,8.540142
250759.14,0.015856458,0.00033911318,37000.0,151467.39,149824.05,149824.06,0.7491672,10.343424,8.540141,8.540133
250759.14,0.016905949,0.0003624302,37000.0,151467.39,149824.06,149824.05,0.7491672,10.343376,8.540156,8.540137
250759.14,0.015449854,0.00033485531,37000.0,151467.38,149824.03,149824.05,0.7491672,10.343752,8.540144,8.540137
250759.14,0.017739544,0.0003612183,37000.0,151467.42,149824.03,149824.05,0.7491672,10.343547,8.540149,8.540123
250759.14,0.01576458,0.0003335404,37000.0,151467.4,149824.06,149824.06,0.7491672,10.343672,8.540143,8.540088
250759.14,0.019721907,0.00034509186,37000.0,151467.38,149824.06,149824.06,0.7491672,10.34324,8.540156,8.540149
250759.14,0.017220642,0.00036029387,37000.0,151467.36,149824.05,149824.05,0.7491672,10.343393,8.540145,8.540136
250759.14,0.01413941,0.00032220117,37000.0,151467.34,149824.05,149824.06,0.7491672,10.3436985,8.540128,8.54014
250759.14,0.016219579,0.00035833984,37000.0,151467.38,149824.05,149824.06,0.7491672,10.343598,8.540151,8.540136
250759.14,0.016270027,0.00033870013,37000.0,151467.42,149824.06,149824.06,0.7491672,10.343724,8.54015,8.540143
250759.14,0.016170783,0.00032639614,37000.0,151467.38,149824.06,149824.05,0.7491672,10.343681,8.540153,8.540136
250759.14,0.015886374,0.00032866394,37000.0,151467.39,149824.06,149824.05,0.7491672,10.343469,8.540151,8.5401325
250759.14,0.015384035,0.00031452923,37000.0,151467.38,149824.06,149824.05,0.7491672,10.343398,8.540147,8.54014
250759.14,0.017304078,0.00032947678,37000.0,151467.39,149824.06,149824.05,0.7491672,10.3435335,8.5401535,8.540135
250759.14,0.01447649,0.00030774152,37000.0,151467.36,149824.08,149824.06,0.7491672,10.343505,8.540146,8.540147
250759.14,0.014694833,0.0003152133,37000.0,151467.34,149824.05,149824.05,0.7491672,10.343688,8.540149,8.540139
250759.14,0.015824623,0.00032388477,37000.0,151467.4,149824.05,149824.05,0.7491672,10.343787,8.54015,8.540139
250759.14,0.015823517,0.00033073427,37000.0,151467.34,149824.05,149824.05,0.7491672,10.343243,8.54014,8.540112
250759.14,0.016152201,0.00033136908,37000.0,151467.31,149824.05,149824.05,0.7491672,10.343173,8.540146,8.54014
250759.14,0.015919706,0.00032120378,37000.0,151467.39,149824.06,149824.05,0.7491672,10.3432255,8.540149,8.540143
250759.14,0.015305547,0.0003434733,37000.0,151467.42,149824.03,149824.06,0.7491672,10.343505,8.540153,8.540159
250759.14,0.015305206,0.0003289394,37000.0,151467.34,149824.08,149824.05,0.7491672,10.343161,8.54015,8.540166
250759.14,0.015324692,0.0003258715,37000.0,151467.36,149824.05,149824.03,0.7491672,10.343279,8.540156,8.540149
250759.14,0.015237237,0.000342496,37000.0,151467.42,149824.06,149824.05,0.7491672,10.343441,8.540145,8.540137
250759.14,0.017442662,0.00033819076,37000.0,151467.4,149824.06,149824.05,0.7491672,10.343751,8.5401535,8.540142
250759.14,0.016946174,0.000351504,37000.0,151467.34,149824.03,149824.05,0.7491672,10.343357,8.540147,8.540143
250759.14,0.01754286,0.0003510443,37000.0,151467.38,149824.06,149824.06,0.7491672,10.343347,8.540149,8.5401325
250759.14,0.017155249,0.00032665586,37000.0,151467.42,149824.05,149824.05,0.7491672,10.343444,8.540129,8.54013
250759.14,0.018258266,0.0003516186,37000.0,151467.38,149824.06,149824.05,0.7491672,10.343055,8.540145,8.540136
250759.14,0.017770939,0.00035025174,37000.0,151467.38,149824.05,149824.05,0.7491672,10.3432045,8.540156,8.540111
250759.14,0.018942254,0.0003584278,37000.0,151467.4,149824.06,149824.03,0.7491672,10.343528,8.540152,8.540121
250759.14,0.017239809,0.00033915925,37000.0,151467.36,149824.06,149824.05,0.7491672,10.343415,8.540145,8.540152
250759.14,0.016528726,0.0003348995,37000.0,151467.38,149824.08,149824.05,0.7491672,10.343533,8.540147,8.540129
250759.14,0.015669584,0.0003485669,37000.0,151467.36,149824.08,149824.06,0.7491672,10.3433,8.54013,8.540137
250759.14,0.015789462,0.00036478983,37000.0,151467.36,149824.03,149824.03,0.7491672,10.343165,8.540154,8.540152
250759.14,0.017178588,0.00034506922,37000.0,151467.44,149824.06,149824.03,0.7491672,10.343896,8.540154,8.540168
250759.14,0.017828543,0.00035840343,37000.0,151467.36,149824.05,149824.05,0.7491672,10.343497,8.5401535,8.5401945
250759.14,0.016112631,0.0003504677,37000.0,151467.42,149824.06,149824.05,0.7491672,10.343415,8.540148,8.540179
250759.14,0.015064367,0.00035457904,37000.0,151467.34,149824.05,149824.03,0.7491672,10.34321,8.540131,8.540172
250759.14,0.0174412,0.00033515188,37000.0,151467.36,149824.06,149824.05,0.7491672,10.343264,8.540134,8.540172
250759.14,0.018685186,0.00037180816,37000.0,151467.3,149824.06,149824.05,0.7491672,10.342958,8.54015,8.54017
250759.14,0.01898038,0.00037602143,37000.0,151467.39,149824.03,149824.03,0.7491672,10.343217,8.540146,8.540188
250759.14,0.01923542,0.00036627392,37000.0,151467.34,149824.06,149824.06,0.7491672,10.343228,8.540148,8.540175
250759.14,0.016470443,0.00034933697,37000.0,151467.4,149824.06,149824.05,0.7491672,10.343214,8.540162,8.540177
250759.14,0.017778434,0.00036528456,37000.0,151467.42,149824.05,149824.05,0.7491672,10.343453,8.540158,8.540176
250759.14,0.016895572,0.00034136968,37000.0,151467.34,149824.05,149824.06,0.7491672,10.343044,8.540155,8.540202
250759.14,0.018543404,0.00035599477,37000.0,151467.4,149824.06,149824.05,0.7491672,10.343541,8.54015,8.54016
250759.14,0.017868906,0.00034783335,37000.0,151467.38,149824.05,149824.03,0.7491672,10.343413,8.54015,8.54016
250759.14,0.017994918,0.00037843385,37000.0,151467.39,149824.05,149824.03,0.7491672,10.343733,8.540149,8.540204
250759.14,0.017689098,0.00036163977,37000.0,151467.33,149824.03,149824.06,0.7491672,10.343349,8.540148,8.540193
250759.14,0.01725943,0.00035119266,37000.0,151467.31,149824.05,149824.08,0.7491672,10.343428,8.54015,8.540179
250759.14,0.015419783,0.00035282172,37000.0,151467.39,149824.06,149824.05,0.7491672,10.343425,8.540157,8.540164
250759.14,0.01792676,0.00034319505,37000.0,151467.38,149824.06,149824.06,0.7491672,10.343193,8.54015,8.540178
250759.14,0.015961466,0.0003388619,37000.0,151467.36,149824.03,149824.08,0.7491672,10.343378,8.5401535,8.540188
250759.14,0.019734446,0.00036277017,37000.0,151467.36,149824.06,149824.05,0.7491672,10.343326,8.54014,8.540171
250759.14,0.015089809,0.00032748218,37000.0,151467.3,149824.05,149824.05,0.7491672,10.342871,8.5401535,8.540156
250759.14,0.01590301,0.0003368003,37000.0,151467.4,149824.05,149824.05,0.7491672,10.34349,8.540145,8.540184
250759.14,0.017354973,0.00036685384,37000.0,151467.31,149824.05,149824.03,0.7491672,10.343329,8.540153,8.540199
250759.14,0.01726613,0.00036240555,37000.0,151467.36,149824.05,149824.05,0.7491672,10.343648,8.540146,8.540162
250759.14,0.015483644,0.00034135763,37000.0,151467.34,149824.05,149824.05,0.7491672,10.343227,8.540148,8.540187
250759.14,0.018048052,0.00035313377,37000.0,151467.39,149824.06,149824.06,0.7491672,10.343704,8.540144,8.540195
250759.14,0.0171294,0.0003507841,37000.0,151467.45,149824.06,149824.06,0.7491672,10.343583,8.540141,8.540199
250759.14,0.015302124,0.00036764253,37000.0,151467.33,149824.05,149824.03,0.7491672,10.343241,8.540146,8.540189
250759.14,0.015953029,0.0003498131,37000.0,151467.38,149824.06,149824.05,0.7491672,10.343287,8.54015,8.540162
250759.14,0.016099226,0.0003538846,37000.0,151467.4,149824.05,149824.06,0.7491672,10.343406,8.540133,8.540184
250759.14,0.017505055,0.00036240352,37000.0,151467.39,149824.05,149824.05,0.7491672,10.343382,8.540141,8.540178
250759.14,0.018099478,0.00037068606,37000.0,151467.36,149824.06,149824.03,0.7491672,10.34313,8.540154,8.540193
250759.14,0.017753154,0.00034689298,37000.0,151467.38,149824.05,149824.05,0.7491672,10.3434515,8.540149,8.540204
250759.14,0.018236712,0.00037485675,37000.0,151467.34,149824.06,149824.05,0.7491672,10.343481,8.54015,8.540198
250759.14,0.017608998,0.00036317224,37000.0,151467.38,149824.05,149824.05,0.7491672,10.343275,8.540158,8.540188
250759.14,0.01631354,0.00037444546,37000.0,151467.4,149824.06,149824.03,0.7491672,10.343435,8.540148,8.540173
250759.14,0.01625874,0.00036005848,37000.0,151467.45,149824.06,149824.06,0.7491672,10.343273,8.540153,8.540171
250759.14,0.017667806,0.0003756776,37000.0,151467.38,149824.08,149824.03,0.7491672,10.343288,8.540148,8.540164
250759.14,0.018526405,0.00035541077,37000.0,151467.34,149824.05,149824.03,0.7491672,10.343053,8.540139,8.540165
250759.14,0.016467165,0.00034729962,37000.0,151467.39,149824.05,149824.06,0.7491672,10.343707,8.540145,8.54016
250759.14,0.018779375,0.00036654808,37000.0,151467.39,149824.03,149824.08,0.7491672,10.34327,8.540149,8.540172
250759.14,0.017124167,0.00036023176,37000.0,151467.36,149824.08,149824.05,0.7491672,10.343052,8.540154,8.540178
250759.14,0.015987003,0.00034128182,37000.0,151467.38,149824.06,149824.03,0.7491672,10.343438,8.540151,8.540182
250759.14,0.014762524,0.00034614324,37000.0,151467.39,149824.05,149824.06,0.7491672,10.343994,8.540153,8.54018
250759.14,0.017057624,0.000358125,37000.0,151467.4,149824.03,149824.06,0.7491672,10.343555,8.54015,8.540184
250759.14,0.018515762,0.0003633211,37000.0,151467.4,149824.06,149824.06,0.7491672,10.34351,8.540163,8.54016
250759.14,0.019950232,0.00036812347,37000.0,151467.44,149824.08,149824.05,0.7491672,10.343644,8.54015,8.540194
250759.14,0.015387474,0.00033253597,37000.0,151467.42,149824.06,149824.05,0.7491672,10.343435,8.540144,8.540175
250759.14,0.01809329,0.00035098815,37000.0,151467.42,149824.06,149824.06,0.7491672,10.343214,8.540137,8.540185
250759.14,0.01696864,0.00036951617,37000.0,151467.31,149824.05,149824.03,0.7491672,10.343494,8.540149,8.540171
250759.14,0.013792797,0.00033996365,37000.0,151467.33,149824.05,149824.06,0.7491672,10.343379,8.540145,8.540191
250759.14,0.016366564,0.00035950952,37000.0,151467.4,149824.06,149824.03,0.7491672,10.34337,8.540156,8.540196
250759.14,0.016187001,0.00035053774,37000.0,151467.34,149824.06,149824.05,0.7491672,10.343348,8.540148,8.5401745
250759.14,0.017037544,0.0003517888,37000.0,151467.34,149824.05,149824.06,0.7491672,10.343322,8.540151,8.540199
250759.14,0.01731856,0.0003627103,37000.0,151467.42,149824.05,149824.05,0.7491672,10.343432,8.540148,8.540198
250759.14,0.017981153,0.0003717249,37000.0,151467.4,149824.05,149824.06,0.7491672,10.343668,8.540143,8.540193
250759.14,0.018132562,0.00037434167,37000.0,151467.45,149824.06,149824.05,0.7491672,10.343654,8.540147,8.540197
250759.14,0.01738506,0.00035474624,37000.0,151467.39,149824.05,149824.05,0.7491672,10.343043,8.540139,8.540155
250759.14,0.016835986,0.0003597433,37000.0,151467.36,149824.06,149824.03,0.7491672,10.343219,8.54014,8.540176
250759.14,0.01734431,0.00036214892,37000.0,151467.42,149824.05,149824.05,0.7491672,10.343688,8.540149,8.540178
250759.14,0.016530178,0.00036369017,37000.0,151467.42,149824.05,149824.05,0.7491672,10.34346,8.540153,8.540165
250759.14,0.019348446,0.00036166716,37000.0,151467.3,149824.05,149824.06,0.7491672,10.343501,8.540141,8.540176
250759.14,0.018936083,0.0003723898,37000.0,151467.44,149824.06,149824.06,0.7491672,10.343589,8.540144,8.540176
250759.14,0.018696552,0.000349917,37000.0,151467.39,149824.05,149824.05,0.7491672,10.343167,8.540149,8.540168
250759.14,0.015409922,0.00032885015,37000.0,151467.36,149824.06,149824.05,0.7491672,10.343404,8.540147,8.540187
250759.14,0.018112885,0.00036123538,37000.0,151467.4,149824.03,149824.03,0.7491672,10.34356,8.540144,8.540169
250759.14,0.01580308,0.0003361351,37000.0,151467.34,149824.06,149824.06,0.7491672,10.343375,8.540147,8.540171
250759.14,0.01725244,0.0003652177,37000.0,151467.39,149824.06,149824.03,0.7491672,10.343319,8.540156,8.540163
250759.14,0.017813917,0.0003624741,37000.0,151467.36,149824.06,149824.05,0.7491672,10.343726,8.54015,8.540178
250759.14,0.018574152,0.00037787994,37000.0,151467.4,149824.06,149824.06,0.7491672,10.343551,8.540151,8.54017
250759.14,0.018626818,0.0003661832,37000.0,151467.42,149824.06,149824.03,0.7491672,10.343514,8.540152,8.540197
250759.14,0.017400261,0.00037085672,37000.0,151467.4,149824.08,149824.05,0.7491672,10.343555,8.540151,8.540189
250759.14,0.016880607,0.00037145926,37000.0,151467.39,149824.05,149824.05,0.7491672,10.343314,8.54015,8.540179
250759.14,0.016263874,0.0003579951,37000.0,151467.38,149824.05,149824.06,0.7491672,10.343611,8.540148,8.540185
250759.14,0.0139800925,0.00033297265,37000.0,151467.39,149824.06,149824.03,0.7491672,10.3436,8.540156,8.540159
250759.14,0.01684454,0.00035674006,37000.0,151467.34,149824.05,149824.05,0.7491672,10.343163,8.540158,8.540185
250759.14,0.0154986745,0.00032366253,37000.0,151467.44,149824.06,149824.05,0.7491672,10.343605,8.540138,8.540201
250759.14,0.019368783,0.00037514482,37000.0,151467.33,149824.05,149824.03,0.7491672,10.343069,8.540148,8.540185
250759.14,0.017606998,0.0003576104,37000.0,151467.38,149824.06,149824.05,0.7491672,10.343615,8.54015,8.540177
250759.14,0.017568637,0.00037390456,37000.0,151467.33,149824.05,149824.05,0.7491672,10.342897,8.540152,8.540177
250759.14,0.01713391,0.0003537707,37000.0,151467.36,149824.05,149824.05,0.7491672,10.343631,8.540144,8.540181
250759.14,0.016179256,0.0003447262,37000.0,151467.31,149824.05,149824.05,0.7491672,10.343178,8.540154,8.540157
250759.14,0.016430227,0.00031986844,37000.0,151467.33,149824.05,149824.08,0.7491672,10.343466,8.54015,8.540169
250759.14,0.01818902,0.00036213713,37000.0,151467.34,149824.06,149824.06,0.7491672,10.343268,8.540146,8.540175
250759.14,0.017318413,0.0003426947,37000.0,151467.38,149824.06,149824.05,0.7491672,10.343497,8.540134,8.540175
250759.14,0.017762909,0.0003407358,37000.0,151467.4,149824.03,149824.05,0.7491672,10.343414,8.540147,8.5401745
250759.14,0.017655808,0.00035992972,37000.0,151467.33,149824.06,149824.06,0.7491672,10.343308,8.540143,8.540153
250759.14,0.013019878,0.00032971794,37000.0,151467.33,149824.06,149824.02,0.7491672,10.343059,8.540146,8.540209
250759.14,0.017543599,0.00035503224,37000.0,151467.36,149824.05,149824.03,0.7491672,10.343627,8.540146,8.540198
250759.14,0.018720832,0.00036930156,37000.0,151467.4,149824.06,149824.05,0.7491672,10.343666,8.540152,8.540196
250759.14,0.018236592,0.00037298893,37000.0,151467.4,149824.05,149824.05,0.7491672,10.343535,8.540145,8.540205
250759.14,0.015961977,0.0003670752,37000.0,151467.36,149824.06,149824.06,0.7491672,10.343349,8.540143,8.540193
250759.14,0.016637139,0.00036412044,37000.0,151467.42,149824.08,149824.05,0.7491672,10.343415,8.540153,8.540173
250759.14,0.016149724,0.00034226352,37000.0,151467.28,149824.06,149824.1,0.7491672,10.343054,8.540149,8.540167
250759.14,0.0168706,0.00036288743,37000.0,151467.39,149824.06,149824.05,0.7491672,10.343566,8.540152,8.540164
250759.14,0.017416388,0.0003620883,37000.0,151467.38,149824.06,149824.03,0.7491672,10.343481,8.540133,8.540162
250759.14,0.016272772,0.00034550956,37000.0,151467.36,149824.05,149824.03,0.7491672,10.34323,8.540151,8.540158
250759.14,0.017360538,0.00036646007,37000.0,151467.39,149824.05,149824.06,0.7491672,10.343398,8.54015,8.540157
250759.14,0.018243227,0.00036172476,37000.0,151467.33,149824.05,149824.05,0.7491672,10.343191,8.540144,8.54016
250759.14,0.015973102,0.00034559044,37000.0,151467.44,149824.05,149824.03,0.7491672,10.343486,8.540158,8.540193
250759.14,0.015497526,0.00034625662,37000.0,151467.38,149824.06,149824.05,0.7491672,10.343439,8.540159,8.540182
250759.14,0.017615734,0.0003416144,37000.0,151467.39,149824.05,149824.06,0.7491672,10.343522,8.540153,8.54018
250759.14,0.013670359,0.00032867555,37000.0,151467.44,149824.03,149824.06,0.7491672,10.343634,8.540145,8.540159
250759.14,0.01660949,0.00034668032,37000.0,151467.38,149824.05,149824.03,0.7491672,10.343399,8.540145,8.540171
250759.14,0.016992277,0.00034874943,37000.0,151467.34,149824.05,149824.05,0.7491672,10.343135,8.54014,8.540182
250759.14,0.019769484,0.00035555803,37000.0,151467.39,149824.06,149824.05,0.7491672,10.343379,8.540149,8.540185
250759.14,0.019016689,0.00034363978,37000.0,151467.36,149824.05,149824.05,0.7491672,10.343265,8.540139,8.540191
250759.14,0.018778754,0.00034749246,37000.0,151467.39,149824.05,149824.03,0.7491672,10.343492,8.540152,8.540184
250759.14,0.016860407,0.00033814352,37000.0,151467.34,149824.06,149824.05,0.7491672,10.343199,8.540149,8.540167
250759.14,0.018452805,0.00034682482,37000.0,151467.39,149824.06,149824.03,0.7491672,10.3434725,8.540149,8.540161
250759.14,0.016123999,0.0003455129,37000.0,151467.34,149824.06,149824.06,0.7491672,10.343332,8.540148,8.540191
250759.14,0.015512703,0.000343418,37000.0,151467.34,149824.03,149824.05,0.7491672,10.34335,8.540153,8.540191
250759.14,0.015439582,0.0003420885,37000.0,151467.42,149824.05,149824.06,0.7491672,10.343543,8.540147,8.540174
250759.14,0.017822802,0.0003591564,37000.0,151467.39,149824.06,149824.06,0.7491672,10.343011,8.540153,8.540181
250759.14,0.016932355,0.0003335706,37000.0,151467.4,149824.06,149824.03,0.7491672,10.343596,8.540152,8.540184
250759.14,0.017778175,0.00036586417,37000.0,151467.42,149824.06,149824.05,0.7491672,10.343519,8.540162,8.540183
250759.14,0.016598674,0.0003238349,37000.0,151467.38,149824.06,149824.06,0.7491672,10.343514,8.540155,8.540187
250759.14,0.015710158,0.0003379627,37000.0,151467.36,149824.08,149824.08,0.7491672,10.343216,8.540153,8.540157
250759.14,0.020109542,0.00037147835,37000.0,151467.39,149824.06,149824.05,0.7491672,10.343469,8.540154,8.540153
250759.14,0.018916873,0.0003460748,37000.0,151467.44,149824.05,149824.05,0.7491672,10.343631,8.54014,8.540159
250759.14,0.016255118,0.00034962318,37000.0,151467.38,149824.05,149824.05,0.7491672,10.3432665,8.540137,8.540149
250759.14,0.018002842,0.00036173404,37000.0,151467.34,149824.08,149824.08,0.7491672,10.343503,8.540156,8.54015
250759.14,0.016963778,0.00033650856,37000.0,151467.34,149824.03,149824.05,0.7491672,10.34354,8.540155,8.5401535
250759.14,0.017560437,0.00035293231,37000.0,151467.4,149824.05,149824.08,0.7491672,10.343392,8.540156,8.540153
250759.14,0.01657162,0.00037367656,37000.0,151467.38,149824.03,149824.06,0.7491672,10.343417,8.540153,8.540154
250759.14,0.018996365,0.00037189797,37000.0,151467.39,149824.05,149824.06,0.7491672,10.343531,8.540141,8.540147
250759.14,0.018675579,0.0003764168,37000.0,151467.4,149824.05,149824.05,0.7491672,10.343735,8.540141,8.540153
250759.14,0.020179704,0.0003781687,37000.0,151467.42,149824.08,149824.03,0.7491672,10.343492,8.540142,8.54015
250759.14,0.017894533,0.00038403383,37000.0,151467.4,149824.03,149824.03,0.7491672,10.343216,8.540154,8.540155
250759.14,0.017090838,0.00036589368,37000.0,151467.39,149824.05,149824.08,0.7491672,10.343315,8.540154,8.540152
250759.14,0.018148713,0.00034938156,37000.0,151467.36,149824.03,149824.03,0.7491672,10.343364,8.540153,8.540152
250759.14,0.017324198,0.00035941307,37000.0,151467.34,149824.03,149824.05,0.7491672,10.343219,8.540142,8.540152
250759.14,0.01735754,0.000365574,37000.0,151467.38,149824.05,149824.06,0.7491672,10.343208,8.54014,8.540152
250759.14,0.019550396,0.000375127,37000.0,151467.44,149824.05,149824.05,0.7491672,10.343507,8.5401535,8.540151
250759.14,0.018186333,0.00037883047,37000.0,151467.38,149824.06,149824.06,0.7491672,10.343403,8.540158,8.540158
250759.14,0.016125195,0.000349923,37000.0,151467.4,149824.06,149824.08,0.7491672,10.343472,8.540151,8.54015
250759.14,0.014494862,0.00035792092,37000.0,151467.44,149824.05,149824.03,0.7491672,10.343781,8.540148,8.540173
250759.14,0.01732029,0.0003790838,37000.0,151467.47,149824.03,149824.05,0.7491672,10.343798,8.540142,8.540148
250759.14,0.018930847,0.00037059188,37000.0,151467.38,149824.08,149824.05,0.7491672,10.343165,8.540151,8.540147
250759.14,0.017468253,0.000370099,37000.0,151467.38,149824.05,149824.06,0.7491672,10.343356,8.540146,8.540171
250759.14,0.018024534,0.000390115,37000.0,151467.39,149824.08,149824.05,0.7491672,10.343678,8.540155,8.540175
250759.14,0.018560614,0.0003808527,37000.0,151467.44,149824.08,149824.06,0.7491672,10.3435545,8.540142,8.540145
250759.14,0.017855475,0.00034977804,37000.0,151467.38,149824.03,149824.05,0.7491672,10.34335,8.540144,8.540154
250759.14,0.016948715,0.0003541315,37000.0,151467.38,149824.06,149824.06,0.7491672,10.343607,8.540156,8.540152
250759.14,0.017748443,0.0003633364,37000.0,151467.36,149824.06,149824.05,0.7491672,10.343103,8.540152,8.540151
250759.14,0.01791173,0.00036212266,37000.0,151467.39,149824.05,149824.05,0.7491672,10.343373,8.540154,8.540152
250759.14,0.018214548,0.00035583778,37000.0,151467.39,149824.06,149824.05,0.7491672,10.3434305,8.540147,8.540156
250759.14,0.019633494,0.00038073133,37000.0,151467.39,149824.06,149824.06,0.7491672,10.343333,8.540152,8.540151
250759.14,0.01861651,0.00038008913,37000.0,151467.36,149824.06,149824.03,0.7491672,10.343462,8.540152,8.540154
250759.14,0.017255725,0.00037290272,37000.0,151467.36,149824.06,149824.05,0.7491672,10.343205,8.540147,8.540155
250759.14,0.018338272,0.00035723645,37000.0,151467.34,149824.06,149824.06,0.7491672,10.343354,8.5401535,8.540152
250759.14,0.017442435,0.00036502795,37000.0,151467.39,149824.05,149824.03,0.7491672,10.343234,8.5401535,8.5401535
250759.14,0.019814799,0.00035232943,37000.0,151467.38,149824.06,149824.05,0.7491672,10.343324,8.540162,8.540165
250759.14,0.01790507,0.00036780088,37000.0,151467.3,149824.05,149824.05,0.7491672,10.343015,8.540151,8.540172
250759.14,0.0192197,0.00037307967,37000.0,151467.34,149824.05,149824.03,0.7491672,10.343148,8.540171,8.54015
250759.14,0.018491272,0.00034630278,37000.0,151467.34,149824.05,149824.06,0.7491672,10.343188,8.540155,8.540153
250759.14,0.018814817,0.00035701037,37000.0,151467.31,149824.05,149824.05,0.7491672,10.343548,8.540142,8.540149
250759.14,0.016922222,0.00036264939,37000.0,151467.39,149824.05,149824.05,0.7491672,10.343539,8.540156,8.54015
250759.14,0.017497906,0.00034562533,37000.0,151467.39,149824.05,149824.06,0.7491672,10.343388,8.540149,8.540147
250759.14,0.017296242,0.0003563864,37000.0,151467.36,149824.06,149824.03,0.7491672,10.3437195,8.540136,8.540151
250759.14,0.01753863,0.00034759098,37000.0,151467.36,149824.08,149824.05,0.7491672,10.343494,8.54015,8.540151
250759.14,0.017305981,0.00036888127,37000.0,151467.36,149824.05,149824.06,0.7491672,10.3438015,8.54015,8.540149
250759.14,0.016880035,0.00034706222,37000.0,151467.36,149824.06,149824.06,0.7491672,10.343229,8.540151,8.540151
250759.14,0.017492622,0.0003434338,37000.0,151467.34,149824.06,149824.05,0.7491672,10.343194,8.540158,8.540149
250759.14,0.016749073,0.00033580547,37000.0,151467.36,149824.05,149824.06,0.7491672,10.343759,8.540151,8.540163
250759.14,0.01606142,0.00034117704,37000.0,151467.33,149824.05,149824.03,0.7491672,10.3433695,8.54015,8.540149
250759.14,0.017260808,0.00036627054,37000.0,151467.36,149824.05,149824.06,0.7491672,10.343192,8.540151,8.540152
250759.14,0.01842563,0.0003846981,37000.0,151467.38,149824.05,149824.06,0.7491672,10.34358,8.540159,8.540149
250759.14,0.014759916,0.00036010647,37000.0,151467.4,149824.05,149824.06,0.7491672,10.343762,8.540141,8.540151
250759.14,0.019041613,0.0003753541,37000.0,151467.34,149824.06,149824.03,0.7491672,10.343223,8.54016,8.540148
250759.14,0.018858902,0.00038915555,37000.0,151467.38,149824.05,149824.06,0.7491672,10.343285,8.540156,8.540155
250759.14,0.017037176,0.00037182195,37000.0,151467.38,149824.06,149824.05,0.7491672,10.34329,8.540139,8.540155
250759.14,0.017855175,0.00036264406,37000.0,151467.34,149824.06,149824.06,0.7491672,10.343507,8.540141,8.540149
250759.14,0.017045695,0.00036603195,37000.0,151467.39,149824.03,149824.06,0.7491672,10.343625,8.540153,8.5401535
250759.14,0.014327889,0.00035114834,37000.0,151467.34,149824.06,149824.06,0.7491672,10.343256,8.5401535,8.540151
250759.14,0.018182259,0.00037804968,37000.0,151467.34,149824.05,149824.06,0.7491672,10.343207,8.540143,8.540149
250759.14,0.016746493,0.00036733903,37000.0,151467.36,149824.06,149824.05,0.7491672,10.343386,8.540151,8.54016
250759.14,0.01763448,0.000371507,37000.0,151467.33,149824.05,149824.06,0.7491672,10.343196,8.540136,8.540145
250759.14,0.017963037,0.00036852114,37000.0,151467.4,149824.05,149824.02,0.7491672,10.343701,8.540146,8.540147
250759.14,0.01908595,0.00036160345,37000.0,151467.4,149824.06,149824.06,0.7491672,10.343699,8.540138,8.540152
250759.14,0.019771669,0.00035796233,37000.0,151467.39,149824.05,149824.06,0.7491672,10.343354,8.540141,8.540152
250759.14,0.018019669,0.00036423682,37000.0,151467.38,149824.05,149824.06,0.7491672,10.343242,8.54016,8.540149
250759.14,0.01847185,0.0003953853,37000.0,151467.36,149824.05,149824.05,0.7491672,10.343765,8.540148,8.540152
250759.14,0.018027911,0.00034474934,37000.0,151467.36,149824.08,149824.05,0.7491672,10.343662,8.5401535,8.540153
250759.14,0.017054616,0.00034207111,37000.0,151467.42,149824.06,149824.03,0.7491672,10.343799,8.54015,8.54015
250759.14,0.017137107,0.00036888843,37000.0,151467.39,149824.05,149824.06,0.7491672,10.343349,8.540149,8.54015
250759.14,0.015506366,0.00034430606,37000.0,151467.36,149824.06,149824.05,0.7491672,10.343395,8.540144,8.540151
250759.14,0.015768616,0.00034126444,37000.0,151467.44,149824.05,149824.06,0.7491672,10.343379,8.540147,8.54015
250759.14,0.017075278,0.00036155674,37000.0,151467.34,149824.08,149824.05,0.7491672,10.343208,8.540153,8.540152
250759.14,0.0186503,0.00034972845,37000.0,151467.31,149824.03,149824.08,0.7491672,10.343208,8.540149,8.540152
250759.14,0.018354053,0.00038757568,37000.0,151467.44,149824.06,149824.06,0.7491672,10.343378,8.540159,8.540151
250759.14,0.014755374,0.0003470299,37000.0,151467.34,149824.06,149824.08,0.7491672,10.343331,8.540156,8.540151
250759.14,0.017191565,0.0003327386,37000.0,151467.31,149824.03,149824.05,0.7491672,10.343004,8.540151,8.540149
250759.14,0.017610295,0.00035247087,37000.0,151467.36,149824.05,149824.05,0.7491672,10.3435,8.540147,8.540151
250759.14,0.017613681,0.00037537172,37000.0,151467.33,149824.05,149824.06,0.7491672,10.343299,8.540159,8.540153
250759.14,0.015424352,0.0003354981,37000.0,151467.39,149824.06,149824.08,0.7491672,10.343552,8.540146,8.540154
250759.14,0.014418711,0.00033609013,37000.0,151467.4,149824.05,149824.03,0.7491672,10.343495,8.54015,8.54015
250759.14,0.016125105,0.00032651413,37000.0,151467.34,149824.06,149824.03,0.7491672,10.343533,8.540142,8.540151
250759.14,0.017663395,0.00038010665,37000.0,151467.38,149824.05,149824.05,0.7491672,10.343456,8.540153,8.54015
250759.14,0.017409645,0.0003776185,37000.0,151467.42,149824.06,149824.08,0.7491672,10.34382,8.540142,8.540155
250759.14,0.015996467,0.00035362854,37000.0,151467.36,149824.08,149824.06,0.7491672,10.343236,8.540141,8.540153
250759.14,0.020552384,0.00037143155,37000.0,151467.34,149824.05,149824.05,0.7491672,10.343202,8.540152,8.54015
250759.14,0.017932354,0.0003724046,37000.0,151467.45,149824.05,149824.06,0.7491672,10.34366,8.540142,8.540147
250759.14,0.016654503,0.00035629602,37000.0,151467.39,149824.08,149824.05,0.7491672,10.343619,8.540152,8.540153
250759.14,0.016360722,0.00035705022,37000.0,151467.38,149824.05,149824.06,0.7491672,10.343269,8.540163,8.540155
250759.14,0.016383769,0.00036966035,37000.0,151467.4,149824.05,149824.06,0.7491672,10.343284,8.540143,8.540152
250759.14,0.017085858,0.000367753,37000.0,151467.4,149824.05,149824.05,0.7491672,10.343417,8.540159,8.54015
250759.14,0.017486615,0.00036292855,37000.0,151467.34,149824.06,149824.06,0.7491672,10.343297,8.540149,8.540149
250759.14,0.017688707,0.00036253713,37000.0,151467.34,149824.06,149824.06,0.7491672,10.343823,8.540146,8.540153
250759.14,0.01675428,0.00037535696,37000.0,151467.36,149824.06,149824.06,0.7491672,10.343213,8.54015,8.540151
250759.14,0.016977055,0.00037754307,37000.0,151467.36,149824.06,149824.05,0.7491672,10.343399,8.54016,8.540152
250759.14,0.01860049,0.00037263858,37000.0,151467.38,149824.05,149824.06,0.7491672,10.343471,8.540137,8.540151
250759.14,0.016100867,0.00036436468,37000.0,151467.36,149824.06,149824.05,0.7491672,10.343373,8.540162,8.540147
250759.14,0.016551489,0.00036100522,37000.0,151467.39,149824.06,149824.05,0.7491672,10.343435,8.540167,8.540151
250759.14,0.018408358,0.00038363918,37000.0,151467.44,149824.06,149824.05,0.7491672,10.343708,8.540141,8.540149
250759.14,0.018287893,0.00038398287,37000.0,151467.38,149824.06,149824.05,0.7491672,10.343679,8.540144,8.540153
250759.14,0.019419452,0.000374017,37000.0,151467.4,149824.06,149824.06,0.7491672,10.343646,8.540146,8.540153
250759.14,0.018540232,0.00039429302,37000.0,151467.4,149824.06,149824.06,0.7491672,10.34342,8.54015,8.540152
250759.14,0.016687276,0.00036720352,37000.0,151467.39,149824.03,149824.06,0.7491672,10.343381,8.540148,8.540148
250759.14,0.016428519,0.00036576533,37000.0,151467.36,149824.06,149824.05,0.7491672,10.343216,8.54015,8.540149
250759.14,0.01749634,0.0003739937,37000.0,151467.42,149824.05,149824.06,0.7491672,10.343488,8.540155,8.540152
250759.14,0.016096517,0.0003754843,37000.0,151467.4,149824.06,149824.06,0.7491672,10.343502,8.540149,8.540121
250759.14,0.017673753,0.00036049148,37000.0,151467.4,149824.06,149824.06,0.7491672,10.3435135,8.540149,8.540155
250759.14,0.018945217,0.00035107002,37000.0,151467.31,149824.06,149824.06,0.7491672,10.343268,8.540147,8.540141
250759.14,0.018448954,0.0003538914,37000.0,151467.39,149824.05,149824.06,0.7491672,10.343273,8.540157,8.540155
250759.14,0.018430747,0.0003604028,37000.0,151467.36,149824.05,149824.06,0.7491672,10.343116,8.540138,8.540178
250759.14,0.01690222,0.00033881422,37000.0,151467.38,149824.06,149824.06,0.7491672,10.343606,8.540153,8.540163
250759.14,0.016307618,0.0003605674,37000.0,151467.4,149824.05,149824.05,0.7491672,10.343509,8.540154,8.540145
250759.14,0.017329313,0.00034533258,37000.0,151467.39,149824.06,149824.05,0.7491672,10.343623,8.540143,8.540157
250759.14,0.017972374,0.00036624438,37000.0,151467.4,149824.05,149824.05,0.7491672,10.34355,8.540138,8.540151
250759.14,0.017348245,0.00033197133,37000.0,151467.39,149824.05,149824.05,0.7491672,10.3436775,8.540155,8.540144
250759.14,0.018037234,0.00037056493,37000.0,151467.34,149824.06,149824.06,0.7491672,10.343413,8.540151,8.540145
250759.14,0.018380513,0.00035648685,37000.0,151467.38,149824.05,149824.08,0.7491672,10.343675,8.540146,8.540152
250759.14,0.017080171,0.00034370355,37000.0,151467.34,149824.06,149824.08,0.7491672,10.343436,8.540154,8.540136
250759.14,0.01893618,0.00037038125,37000.0,151467.36,149824.05,149824.05,0.7491672,10.343339,8.540144,8.54013
250759.14,0.016759086,0.0003678286,37000.0,151467.39,149824.08,149824.06,0.7491672,10.343512,8.54015,8.540141
250759.14,0.018050164,0.00035707912,37000.0,151467.31,149824.06,149824.05,0.7491672,10.34292,8.54015,8.54014
250759.14,0.01761176,0.0003799672,37000.0,151467.42,149824.06,149824.08,0.7491672,10.343352,8.5401535,8.540148
250759.14,0.0176011,0.00035226098,37000.0,151467.4,149824.05,149824.06,0.7491672,10.343347,8.540171,8.54013
250759.14,0.017295996,0.00037078417,37000.0,151467.44,149824.05,149824.06,0.7491672,10.343622,8.540143,8.540135
250759.14,0.01766806,0.0003773453,37000.0,151467.45,149824.06,149824.06,0.7491672,10.343628,8.540157,8.540141
250759.14,0.017417766,0.00037721306,37000.0,151467.38,149824.06,149824.05,0.7491672,10.343573,8.54015,8.540149
250759.14,0.016164672,0.00037514037,37000.0,151467.34,149824.03,149824.06,0.7491672,10.34315,8.540162,8.540134
250759.14,0.020007927,0.00036810528,37000.0,151467.36,149824.06,149824.05,0.7491672,10.343145,8.54014,8.540141
250759.14,0.016980316,0.00036100493,37000.0,151467.33,149824.05,149824.06,0.7491672,10.343203,8.54015,8.540142
250759.14,0.01780078,0.00037746454,37000.0,151467.33,149824.05,149824.06,0.7491672,10.343405,8.540153,8.540134
250759.14,0.020066882,0.00040104924,37000.0,151467.36,149824.05,149824.06,0.7491672,10.34315,8.540152,8.540149
250759.14,0.018214785,0.00037264568,37000.0,151467.33,149824.06,149824.06,0.7491672,10.34331,8.540143,8.540131
250759.14,0.014055873,0.00036161373,37000.0,151467.39,149824.05,149824.05,0.7491672,10.3432,8.540148,8.540145
250759.14,0.0178372,0.00037478522,37000.0,151467.34,149824.06,149824.05,0.7491672,10.342995,8.540147,8.540142
250759.14,0.017816396,0.00038178518,37000.0,151467.38,149824.05,149824.08,0.7491672,10.343505,8.540146,8.540148
250759.14,0.018951364,0.00039972903,37000.0,151467.44,149824.05,149824.06,0.7491672,10.3437805,8.54015,8.540138
250759.14,0.018938022,0.00036728615,37000.0,151467.33,149824.05,149824.06,0.7491672,10.343152,8.5401535,8.540145
250759.14,0.017966049,0.00038937217,37000.0,151467.34,149824.06,149824.06,0.7491672,10.343458,8.540151,8.54015
250759.14,0.016114436,0.00037650822,37000.0,151467.38,149824.06,149824.1,0.7491672,10.343417,8.540155,8.540145
250759.14,0.01865828,0.00038482898,37000.0,151467.42,149824.06,149824.06,0.7491672,10.343835,8.540151,8.540145
250759.14,0.017380333,0.00037002066,37000.0,151467.38,149824.05,149824.06,0.7491672,10.343507,8.5401535,8.540134
250759.14,0.017670592,0.00038664357,37000.0,151467.45,149824.03,149824.05,0.7491672,10.343446,8.540144,8.540148
250759.14,0.017828848,0.0003747833,37000.0,151467.36,149824.05,149824.05,0.7491672,10.343214,8.5401535,8.540152
250759.14,0.017542029,0.00034981963,37000.0,151467.4,149824.05,149824.05,0.7491672,10.343335,8.540152,8.540151
250759.14,0.018437669,0.00039190438,37000.0,151467.44,149824.06,149824.03,0.7491672,10.3440275,8.540156,8.540151
250759.14,0.016131552,0.00038225975,37000.0,151467.4,149824.05,149824.06,0.7491672,10.343787,8.540149,8.540156
250759.14,0.018370843,0.0003723816,37000.0,151467.36,149824.08,149824.06,0.7491672,10.343445,8.540157,8.540144
250759.14,0.017825754,0.0003775621,37000.0,151467.39,149824.06,149824.05,0.7491672,10.343615,8.540137,8.540134
250759.14,0.016990257,0.00036994478,37000.0,151467.36,149824.06,149824.05,0.7491672,10.343353,8.540137,8.540146
250759.14,0.018255958,0.00039012713,37000.0,151467.44,149824.05,149824.05,0.7491672,10.343766,8.540148,8.540141
250759.14,0.01846151,0.00038342562,37000.0,151467.38,149824.05,149824.06,0.7491672,10.343638,8.540137,8.540135
250759.14,0.019028058,0.000387937,37000.0,151467.38,149824.08,149824.06,0.7491672,10.343216,8.540149,8.540143
250759.14,0.017580163,0.00037281786,37000.0,151467.39,149824.05,149824.06,0.7491672,10.343393,8.540148,8.540148
250759.14,0.019899715,0.00038815002,37000.0,151467.33,149824.05,149824.03,0.7491672,10.342961,8.540152,8.540133
250759.14,0.018386543,0.00037461272,37000.0,151467.45,149824.06,149824.05,0.7491672,10.343503,8.540145,8.54014
250759.14,0.016799487,0.0003645047,37000.0,151467.42,149824.05,149824.06,0.7491672,10.343341,8.540141,8.540143
250759.14,0.018248558,0.00036715256,37000.0,151467.45,149824.06,149824.06,0.7491672,10.343714,8.5401535,8.540129
250759.14,0.018973965,0.00036816925,37000.0,151467.44,149824.06,149824.05,0.7491672,10.343461,8.540164,8.540141
250759.14,0.018136257,0.000368427,37000.0,151467.38,149824.05,149824.06,0.7491672,10.343444,8.540153,8.540145
250759.14,0.019396067,0.00036307416,37000.0,151467.38,149824.06,149824.02,0.7491672,10.34334,8.54016,8.54013
250759.14,0.018942531,0.0003497939,37000.0,151467.38,149824.05,149824.05,0.7491672,10.343459,8.540159,8.54015
250759.14,0.015786016,0.00036430062,37000.0,151467.45,149824.05,149824.06,0.7491672,10.343967,8.540148,8.540149
250759.14,0.017799087,0.00036334986,37000.0,151467.4,149824.06,149824.06,0.7491672,10.3435135,8.5401535,8.540125
250759.14,0.01759094,0.00036673935,37000.0,151467.33,149824.06,149824.05,0.7491672,10.343379,8.540144,8.540132
250759.14,0.017488608,0.00038588827,37000.0,151467.33,149824.08,149824.06,0.7491672,10.3433075,8.540145,8.540132
250759.14,0.019544072,0.00037988115,37000.0,151467.38,149824.06,149824.06,0.7491672,10.343345,8.540151,8.540126
250759.14,0.018095348,0.000373895,37000.0,151467.4,149824.05,149824.06,0.7491672,10.343249,8.540156,8.540142
250759.14,0.019923424,0.0003831723,37000.0,151467.36,149824.05,149824.06,0.7491672,10.343128,8.5401535,8.5401325
250759.14,0.020597763,0.0003798837,37000.0,151467.33,149824.03,149824.06,0.7491672,10.343247,8.540148,8.540137
250759.14,0.01889305,0.00038051643,37000.0,151467.34,149824.05,149824.03,0.7491672,10.343354,8.540146,8.5401325
250759.14,0.017012049,0.00036183777,37000.0,151467.36,149824.05,149824.06,0.7491672,10.343558,8.540159,8.540141
250759.14,0.0171855,0.00037133886,37000.0,151467.33,149824.08,149824.08,0.7491672,10.343172,8.540148,8.5401535
250759.14,0.019461485,0.00036931626,37000.0,151467.38,149824.06,149824.05,0.7491672,10.343321,8.540149,8.540133
250759.14,0.019517303,0.00040121397,37000.0,151467.42,149824.06,149824.03,0.7491672,10.3436,8.540149,8.540132
250759.14,0.020842234,0.00037850725,37000.0,151467.4,149824.05,149824.06,0.7491672,10.34343,8.540154,8.540127
250759.14,0.017411102,0.00034435,37000.0,151467.33,149824.05,149824.03,0.7491672,10.3433,8.540145,8.540141
250759.14,0.01822487,0.00039118557,37000.0,151467.38,149824.08,149824.06,0.7491672,10.343281,8.54015,8.540126
250759.14,0.018212482,0.00038349544,37000.0,151467.4,149824.06,149824.05,0.7491672,10.343346,8.540161,8.540135
250759.14,0.017484142,0.00037743698,37000.0,151467.42,149824.06,149824.08,0.7491672,10.3436575,8.540145,8.540137
250759.14,0.017083848,0.00035238208,37000.0,151467.42,149824.06,149824.05,0.7491672,10.343687,8.540153,8.540138
250759.14,0.017024184,0.00038155515,37000.0,151467.44,149824.05,149824.05,0.7491672,10.343506,8.540148,8.540138
250759.14,0.018606521,0.00036122862,37000.0,151467.33,149824.05,149824.06,0.7491672,10.343158,8.54015,8.540145
250759.14,0.018771129,0.0003796366,37000.0,151467.3,149824.05,149824.05,0.7491672,10.343026,8.540155,8.540143
250759.14,0.016504582,0.00035766335,37000.0,151467.4,149824.05,149824.05,0.7491672,10.343471,8.540142,8.540136
250759.14,0.01757225,0.00038405767,37000.0,151467.36,149824.06,149824.05,0.7491672,10.343254,8.540143,8.540142
250759.14,0.019656477,0.00038161845,37000.0,151467.34,149824.06,149824.06,0.7491672,10.343362,8.540147,8.540128
250759.14,0.021195516,0.00037716742,37000.0,151467.42,149824.08,149824.05,0.7491672,10.343589,8.540155,8.540135
250759.14,0.01908468,0.00039581454,37000.0,151467.38,149824.05,149824.05,0.7491672,10.343557,8.540156,8.540143
250759.14,0.015653493,0.00036898456,37000.0,151467.36,149824.05,149824.06,0.7491672,10.343287,8.540155,8.540141
250759.14,0.018893372,0.0003836626,37000.0,151467.34,149824.05,149824.03,0.7491672,10.343597,8.5401535,8.540134
250759.14,0.018595096,0.00036612462,37000.0,151467.42,149824.05,149824.03,0.7491672,10.343719,8.540149,8.540131
250759.14,0.01944297,0.00038974566,37000.0,151467.39,149824.08,149824.05,0.7491672,10.343531,8.54015,8.540131
250759.14,0.020695733,0.00037522992,37000.0,151467.4,149824.06,149824.05,0.7491672,10.343537,8.540151,8.540141
250759.14,0.016843902,0.00037501322,37000.0,151467.39,149824.06,149824.06,0.7491672,10.343351,8.540139,8.540139
250759.14,0.017417183,0.00039337843,37000.0,151467.44,149824.06,149824.05,0.7491672,10.343705,8.540147,8.540133
250759.14,0.019554272,0.00037672895,37000.0,151467.45,149824.05,149824.06,0.7491672,10.343467,8.540136,8.54014
250759.14,0.01802336,0.0003798331,37000.0,151467.34,149824.06,149824.05,0.7491672,10.343364,8.540145,8.540152
250759.14,0.016760569,0.00036161934,37000.0,151467.36,149824.06,149824.06,0.7491672,10.343107,8.540139,8.54014
250759.14,0.017616842,0.00039509305,37000.0,151467.4,149824.06,149824.06,0.7491672,10.343636,8.540149,8.540141
250759.14,0.01693572,0.00036418397,37000.0,151467.39,149824.05,149824.06,0.7491672,10.3434305,8.540144,8.540137
250759.14,0.015581509,0.00036687602,37000.0,151467.44,149824.1,149824.05,0.7491672,10.3434725,8.540147,8.540151
250759.14,0.019500038,0.0003732853,37000.0,151467.39,149824.05,149824.08,0.7491672,10.343632,8.540154,8.540137
250759.14,0.02003342,0.00036590497,37000.0,151467.44,149824.05,149824.05,0.7491672,10.343739,8.540149,8.540138
250759.14,0.020018639,0.00040515498,37000.0,151467.39,149824.05,149824.05,0.7491672,10.343366,8.540149,8.540137
250759.14,0.020370342,0.00037904776,37000.0,151467.39,149824.05,149824.06,0.7491672,10.343475,8.540149,8.540135
250759.14,0.019329492,0.0004031828,37000.0,151467.38,149824.03,149824.06,0.7491672,10.343475,8.540148,8.540138
250759.14,0.016938029,0.00036987057,37000.0,151467.38,149824.03,149824.05,0.7491672,10.343359,8.5401535,8.540142
250759.14,0.017243357,0.00037255732,37000.0,151467.36,149824.06,149824.05,0.7491672,10.343105,8.540143,8.540126
250759.14,0.016130434,0.00035026725,37000.0,151467.39,149824.06,149824.05,0.7491672,10.343675,8.5401325,8.540144
250759.14,0.017736776,0.00036723627,37000.0,151467.38,149824.05,149824.06,0.7491672,10.343424,8.540146,8.540152
250759.14,0.018370766,0.00038802496,37000.0,151467.36,149824.05,149824.06,0.7491672,10.3433485,8.540154,8.540141
250759.14,0.020041136,0.00037074805,37000.0,151467.4,149824.05,149824.05,0.7491672,10.343583,8.540156,8.5401535
250759.14,0.01844598,0.0003817906,37000.0,151467.34,149824.06,149824.06,0.7491672,10.343343,8.540153,8.540152
250759.14,0.019350117,0.00038117167,37000.0,151467.34,149824.05,149824.06,0.7491672,10.343224,8.540154,8.540149
250759.14,0.018967059,0.00037133702,37000.0,151467.33,149824.06,149824.05,0.7491672,10.3435135,8.54014,8.54015
250759.14,0.017011063,0.00037973942,37000.0,151467.34,149824.06,149824.05,0.7491672,10.343202,8.540151,8.540142
250759.14,0.018687753,0.00037771757,37000.0,151467.42,149824.06,149824.06,0.7491672,10.343532,8.540143,8.540142
250759.14,0.01988073,0.00039497623,37000.0,151467.38,149824.08,149824.05,0.7491672,10.343237,8.540151,8.540148
250759.14,0.01964707,0.00037027278,37000.0,151467.39,149824.08,149824.05,0.7491672,10.343452,8.540148,8.540144
250759.14,0.01841494,0.00038493282,37000.0,151467.44,149824.05,149824.08,0.7491672,10.343514,8.540149,8.540157
250759.14,0.017101448,0.00036957348,37000.0,151467.36,149824.06,149824.05,0.7491672,10.343363,8.540145,8.540152
250759.14,0.016567178,0.00035056577,37000.0,151467.44,149824.03,149824.06,0.7491672,10.343567,8.54015,8.540146
250759.14,0.01739635,0.00036757177,37000.0,151467.36,149824.05,149824.06,0.7491672,10.343418,8.5401535,8.540148
250759.14,0.016239604,0.0003518565,37000.0,151467.39,149824.06,149824.06,0.7491672,10.343394,8.540147,8.540152
250759.14,0.015895989,0.0003511838,37000.0,151467.33,149824.06,149824.06,0.7491672,10.343201,8.540151,8.540149
250759.14,0.019209296,0.0003759542,37000.0,151467.38,149824.03,149824.05,0.7491672,10.343793,8.540146,8.540137
250759.14,0.01878374,0.00037501424,37000.0,151467.44,149824.05,149824.05,0.7491672,10.343381,8.540143,8.540152
250759.14,0.018726066,0.00037733046,37000.0,151467.42,149824.05,149824.06,0.7491672,10.343815,8.540157,8.540152
250759.14,0.019048018,0.00037809688,37000.0,151467.33,149824.05,149824.06,0.7491672,10.343471,8.54014,8.540151
250759.14,0.01866046,0.0003885217,37000.0,151467.36,149824.05,149824.05,0.7491672,10.343386,8.5401535,8.540149
250759.14,0.01999819,0.00038829236,37000.0,151467.48,149824.05,149824.05,0.7491672,10.343934,8.5401535,8.540149
250759.14,0.019644236,0.0003957071,37000.0,151467.39,149824.08,149824.06,0.7491672,10.343444,8.540144,8.540148
250759.14,0.018210288,0.00038078488,37000.0,151467.39,149824.06,149824.03,0.7491672,10.343442,8.540151,8.540145
250759.14,0.018918214,0.00038469027,37000.0,151467.4,149824.08,149824.05,0.7491672,10.343472,8.540153,8.540148
250759.14,0.019734355,0.00040639582,37000.0,151467.42,149824.03,149824.06,0.7491672,10.343612,8.540144,8.540148
250759.14,0.020906402,0.00040352248,37000.0,151467.4,149824.06,149824.05,0.7491672,10.343029,8.540157,8.5401535
250759.14,0.020441301,0.00039656335,37000.0,151467.4,149824.05,149824.03,0.7491672,10.343254,8.540143,8.54014
250759.14,0.018185882,0.00040120928,37000.0,151467.39,149824.05,149824.05,0.7491672,10.343637,8.540152,8.540147
250759.14,0.018294409,0.00038718173,37000.0,151467.36,149824.05,149824.03,0.7491672,10.343354,8.540157,8.540143
250759.14,0.019657096,0.00038692463,37000.0,151467.39,149824.08,149824.06,0.7491672,10.343462,8.54016,8.540149
250759.14,0.017795613,0.000396921,37000.0,151467.45,149824.05,149824.08,0.7491672,10.343666,8.540154,8.5401535
250759.14,0.018916592,0.00038843646,37000.0,151467.38,149824.05,149824.06,0.7491672,10.343341,8.540136,8.540151
250759.14,0.019833678,0.00040145835,37000.0,151467.36,149824.06,149824.03,0.7491672,10.343032,8.540159,8.540132
250759.14,0.018514715,0.00038237034,37000.0,151467.38,149824.05,149824.05,0.7491672,10.343244,8.540147,8.540143
250759.14,0.019152595,0.00037783445,37000.0,151467.39,149824.06,149824.03,0.7491672,10.343468,8.540159,8.540148
250759.14,0.018479807,0.00038097746,37000.0,151467.4,149824.05,149824.06,0.7491672,10.343321,8.540151,8.540146
250759.14,0.02088753,0.0003898157,37000.0,151467.36,149824.05,149824.05,0.7491672,10.343257,8.540149,8.540138
250759.14,0.018160615,0.0003992524,37000.0,151467.39,149824.05,149824.05,0.7491672,10.343425,8.540145,8.540135
250759.14,0.019467374,0.0003956457,37000.0,151467.42,149824.06,149824.06,0.7491672,10.343444,8.540142,8.540132
250759.14,0.019178972,0.00038336444,37000.0,151467.36,149824.03,149824.05,0.7491672,10.343379,8.540147,8.540141
250759.14,0.01927254,0.00038466055,37000.0,151467.36,149824.06,149824.05,0.7491672,10.343503,8.540138,8.540125
250759.14,0.019223759,0.00038323324,37000.0,151467.33,149824.06,149824.03,0.7491672,10.343084,8.540156,8.540148
250759.14,0.020806966,0.0003964338,37000.0,151467.34,149824.05,149824.06,0.7491672,10.342983,8.540155,8.540148
250759.14,0.022335464,0.000405275,37000.0,151467.36,149824.02,149824.05,0.7491672,10.343745,8.540143,8.540105
250759.14,0.021209748,0.00037758716,37000.0,151467.44,149824.06,149824.05,0.7491672,10.343664,8.54015,8.540149
250759.14,0.01755402,0.00037991573,37000.0,151467.39,149824.05,149824.03,0.7491672,10.343335,8.540152,8.540145
250759.14,0.016935127,0.0003608394,37000.0,151467.44,149824.06,149824.05,0.7491672,10.3434,8.540135,8.540139
250759.14,0.01872621,0.00039844535,37000.0,151467.42,149824.06,149824.06,0.7491672,10.343676,8.540142,8.540145
250759.14,0.018424954,0.00040938484,37000.0,151467.39,149824.03,149824.05,0.7491672,10.343401,8.540151,8.540131
250759.14,0.017942261,0.00037619256,37000.0,151467.36,149824.06,149824.06,0.7491672,10.3431015,8.540148,8.540135
250759.14,0.018092945,0.00040634378,37000.0,151467.36,149824.06,149824.06,0.7491672,10.34329,8.540144,8.540136
250759.14,0.020244997,0.0004085334,37000.0,151467.36,149824.05,149824.05,0.7491672,10.343246,8.5401535,8.540145
250759.14,0.017610867,0.00037284492,37000.0,151467.38,149824.03,149824.05,0.7491672,10.343321,8.54015,8.540169
250759.14,0.017807089,0.00039064055,37000.0,151467.36,149824.06,149824.08,0.7491672,10.3430195,8.540148,8.540177
250759.14,0.017741216,0.00038685653,37000.0,151467.4,149824.06,149824.05,0.7491672,10.343345,8.540145,8.54015
250759.14,0.018923102,0.0004186887,37000.0,151467.31,149824.05,149824.08,0.7491672,10.343277,8.540145,8.540126
250759.14,0.017311735,0.0004037929,37000.0,151467.34,149824.05,149824.05,0.7491672,10.343375,8.540151,8.540184
250759.14,0.017218508,0.00039421514,37000.0,151467.39,149824.05,149824.05,0.7491672,10.34359,8.5401535,8.54015
250759.14,0.019348085,0.0004039822,37000.0,151467.38,149824.05,149824.06,0.7491672,10.3435955,8.54015,8.540148
250759.14,0.020085212,0.00037310025,37000.0,151467.4,149824.05,149824.03,0.7491672,10.343445,8.540155,8.5401535
250759.14,0.019297143,0.00040760403,37000.0,151467.38,149824.05,149824.03,0.7491672,10.343118,8.540145,8.54015
250759.14,0.020010926,0.00040668313,37000.0,151467.39,149824.05,149824.06,0.7491672,10.343402,8.540155,8.540149
250759.14,0.018710935,0.00039808,37000.0,151467.38,149824.06,149824.05,0.7491672,10.343031,8.54015,8.540153
250759.14,0.018351238,0.00038329387,37000.0,151467.4,149824.05,149824.05,0.7491672,10.343174,8.540154,8.540147
250759.14,0.01723313,0.00040590347,37000.0,151467.34,149824.05,149824.06,0.7491672,10.343234,8.54013,8.540166
250759.14,0.015791409,0.00036175456,37000.0,151467.31,149824.06,149824.06,0.7491672,10.343508,8.54015,8.540149
250759.14,0.0190866,0.00039987118,37000.0,151467.31,149824.08,149824.06,0.7491672,10.34333,8.540145,8.540152
250759.14,0.020816075,0.00040933135,37000.0,151467.36,149824.05,149824.06,0.7491672,10.343427,8.540138,8.540147
250759.14,0.020068955,0.00040499875,37000.0,151467.45,149824.02,149824.05,0.7491672,10.343537,8.5401535,8.54015
250759.14,0.019458592,0.00039678867,37000.0,151467.3,149824.06,149824.08,0.7491672,10.343292,8.540147,8.5401535
250759.14,0.020301022,0.0004057513,37000.0,151467.4,149824.05,149824.05,0.7491672,10.343356,8.540143,8.540145
250759.14,0.02028588,0.00041863607,37000.0,151467.4,149824.03,149824.06,0.7491672,10.343471,8.540149,8.540151
250759.14,0.018619439,0.00040730956,37000.0,151467.38,149824.05,149824.05,0.7491672,10.343864,8.540149,8.540149
250759.14,0.017994575,0.00039884108,37000.0,151467.36,149824.05,149824.03,0.7491672,10.343429,8.540152,8.5401535
250759.14,0.018874077,0.00040480815,37000.0,151467.38,149824.05,149824.06,0.7491672,10.343819,8.540147,8.540148
250759.14,0.019419685,0.00041116905,37000.0,151467.38,149824.05,149824.06,0.7491672,10.343286,8.540149,8.540142
250759.14,0.018947346,0.0003836437,37000.0,151467.4,149824.05,149824.05,0.7491672,10.343254,8.54014,8.540147
250759.14,0.017125096,0.00040317647,37000.0,151467.4,149824.05,149824.08,0.7491672,10.343286,8.540158,8.540141
250759.14,0.019316198,0.00038481085,37000.0,151467.33,149824.05,149824.06,0.7491672,10.343075,8.540153,8.540149
250759.14,0.020378,0.00040271325,37000.0,151467.33,149824.08,149824.05,0.7491672,10.34347,8.540156,8.54015
250759.14,0.018968774,0.00038906417,37000.0,151467.38,149824.03,149824.06,0.7491672,10.3434725,8.540158,8.540142
250759.14,0.020168414,0.0004043034,37000.0,151467.4,149824.03,149824.06,0.7491672,10.343333,8.5401535,8.540149
250759.14,0.022507653,0.00041502327,37000.0,151467.42,149824.08,149824.05,0.7491672,10.343331,8.540146,8.540151
250759.14,0.01930249,0.00039346408,37000.0,151467.36,149824.06,149824.06,0.7491672,10.34339,8.540146,8.54016
250759.14,0.017565286,0.00038588187,37000.0,151467.36,149824.05,149824.06,0.7491672,10.343201,8.5401535,8.540147
250759.14,0.019086318,0.0004070593,37000.0,151467.38,149824.05,149824.05,0.7491672,10.343347,8.540152,8.540144
250759.14,0.019608459,0.0004039339,37000.0,151467.38,149824.05,149824.05,0.7491672,10.3433695,8.540158,8.540145
250759.14,0.019319367,0.00039930263,37000.0,151467.4,149824.03,149824.05,0.7491672,10.343352,8.540153,8.540174
250759.14,0.019289479,0.0004083783,37000.0,151467.39,149824.08,149824.06,0.7491672,10.343326,8.540151,8.540158
250759.14,0.016626272,0.0003976534,37000.0,151467.39,149824.05,149824.06,0.7491672,10.343328,8.5401535,8.5401745
250759.14,0.021579223,0.0004007083,37000.0,151467.38,149824.05,149824.06,0.7491672,10.343267,8.540146,8.540149
250759.14,0.020437509,0.000378625,37000.0,151467.4,149824.03,149824.05,0.7491672,10.343587,8.540152,8.54015
250759.14,0.01973523,0.0004013728,37000.0,151467.36,149824.05,149824.05,0.7491672,10.343084,8.54015,8.540146
250759.14,0.018128382,0.00039905906,37000.0,151467.31,149824.06,149824.05,0.7491672,10.34329,8.540151,8.54014
250759.14,0.018450923,0.00040861906,37000.0,151467.36,149824.08,149824.05,0.7491672,10.343293,8.54015,8.540146
250759.14,0.020496435,0.0003965683,37000.0,151467.42,149824.05,149824.03,0.7491672,10.343499,8.540142,8.540151
250759.14,0.02001833,0.00041379948,37000.0,151467.38,149824.05,149824.05,0.7491672,10.343028,8.540146,8.54015
250759.14,0.017579786,0.00038376253,37000.0,151467.34,149824.06,149824.05,0.7491672,10.343169,8.540144,8.540151
250759.14,0.01734427,0.00038276432,37000.0,151467.33,149824.03,149824.03,0.7491672,10.343619,8.540151,8.54015
250759.14,0.019415183,0.0004105656,37000.0,151467.38,149824.05,149824.06,0.7491672,10.343444,8.540156,8.540149
250759.14,0.018425036,0.00039563433,37000.0,151467.42,149824.05,149824.05,0.7491672,10.343784,8.540148,8.540146
250759.14,0.02073383,0.00038739253,37000.0,151467.44,149824.06,149824.08,0.7491672,10.3435335,8.5401535,8.540145
250759.14,0.021897672,0.00042336056,37000.0,151467.39,149824.05,149824.05,0.7491672,10.343502,8.540146,8.540149
250759.14,0.019733615,0.00040221628,37000.0,151467.36,149824.05,149824.08,0.7491672,10.343285,8.540143,8.540152
250759.14,0.017492224,0.00041327672,37000.0,151467.34,149824.05,149824.06,0.7491672,10.343391,8.540143,8.540151
250759.14,0.017985005,0.00038776785,37000.0,151467.38,149824.06,149824.06,0.7491672,10.343415,8.5401535,8.540147
250759.14,0.016651599,0.00038744506,37000.0,151467.47,149824.05,149824.08,0.7491672,10.343785,8.540134,8.540149
250759.14,0.016694056,0.00038856047,37000.0,151467.36,149824.05,149824.06,0.7491672,10.34341,8.540149,8.54015
250759.14,0.020109907,0.00038627404,37000.0,151467.4,149824.06,149824.05,0.7491672,10.343484,8.54015,8.540153
250759.14,0.02120583,0.00040552215,37000.0,151467.36,149824.05,149824.06,0.7491672,10.343361,8.540148,8.540153
250759.14,0.020935368,0.00042062413,37000.0,151467.38,149824.05,149824.06,0.7491672,10.343344,8.540156,8.540142
250759.14,0.02018895,0.0004163837,37000.0,151467.31,149824.05,149824.06,0.7491672,10.343412,8.540149,8.540127
250759.14,0.019098232,0.00041015187,37000.0,151467.4,149824.08,149824.06,0.7491672,10.343175,8.540152,8.540146
250759.14,0.018873647,0.0004085995,37000.0,151467.45,149824.05,149824.03,0.7491672,10.343712,8.540151,8.540146
250759.14,0.02118354,0.0003943128,37000.0,151467.36,149824.08,149824.05,0.7491672,10.343408,8.540149,8.540149
250759.14,0.018769883,0.000399026,37000.0,151467.4,149824.06,149824.02,0.7491672,10.343254,8.54015,8.540151
250759.14,0.020167172,0.00040190708,37000.0,151467.38,149824.05,149824.05,0.7491672,10.34352,8.540149,8.540154
250759.14,0.018372964,0.00039508374,37000.0,151467.39,149824.05,149824.06,0.7491672,10.343141,8.540157,8.540142
250759.14,0.01979489,0.00040907005,37000.0,151467.42,149824.06,149824.06,0.7491672,10.34372,8.540153,8.540102
250759.14,0.020016715,0.00041029576,37000.0,151467.36,149824.06,149824.05,0.7491672,10.343419,8.540155,8.540155
250759.14,0.021223214,0.00040976165,37000.0,151467.39,149824.06,149824.05,0.7491672,10.343226,8.540154,8.540147
250759.14,0.01975969,0.00040082174,37000.0,151467.42,149824.08,149824.03,0.7491672,10.343294,8.540144,8.540152
250759.14,0.019039908,0.00040457427,37000.0,151467.39,149824.05,149824.05,0.7491672,10.343442,8.540153,8.540151
250759.14,0.020071395,0.0003974515,37000.0,151467.38,149824.05,149824.06,0.7491672,10.3432865,8.540153,8.540141
250759.14,0.018407995,0.00042108368,37000.0,151467.42,149824.06,149824.05,0.7491672,10.343392,8.540144,8.540145
250759.14,0.019342821,0.0004112606,37000.0,151467.4,149824.05,149824.06,0.7491672,10.343448,8.540149,8.540145
250759.14,0.021796472,0.00040466432,37000.0,151467.39,149824.06,149824.06,0.7491672,10.3435335,8.540152,8.540141
250759.14,0.019286772,0.0004228538,37000.0,151467.38,149824.05,149824.06,0.7491672,10.343358,8.540141,8.540144
250759.14,0.02078019,0.00042173098,37000.0,151467.39,149824.06,149824.05,0.7491672,10.343234,8.54015,8.540143
250759.14,0.020647695,0.00042088615,37000.0,151467.42,149824.05,149824.05,0.7491672,10.343424,8.540143,8.540144
250759.14,0.017717358,0.00041757466,37000.0,151467.39,149824.06,149824.06,0.7491672,10.343396,8.540144,8.540143
250759.14,0.020007886,0.00042428295,37000.0,151467.4,149824.05,149824.03,0.7491672,10.343596,8.540154,8.540145
250759.14,0.019638905,0.00040651477,37000.0,151467.36,149824.06,149824.05,0.7491672,10.343324,8.540149,8.540143
250759.14,0.020273611,0.00043410348,37000.0,151467.36,149824.05,149824.05,0.7491672,10.3432865,8.540147,8.54014
250759.14,0.02239007,0.0004257403,37000.0,151467.4,149824.06,149824.06,0.7491672,10.3433275,8.540145,8.540144
250759.14,0.0242628,0.00042670473,37000.0,151467.4,149824.05,149824.05,0.7491672,10.34313,8.54015,8.540142
250759.14,0.020107731,0.0003879267,37000.0,151467.4,149824.05,149824.05,0.7491672,10.34341,8.540153,8.54014
250759.14,0.019712323,0.00042504843,37000.0,151467.36,149824.05,149824.06,0.7491672,10.343703,8.540145,8.540142
250759.14,0.01768008,0.00041480752,37000.0,151467.38,149824.05,149824.05,0.7491672,10.343372,8.540145,8.540143
250759.14,0.020986117,0.0004321628,37000.0,151467.4,149824.03,149824.06,0.7491672,10.343559,8.540152,8.540141
250759.14,0.022066528,0.00040844412,37000.0,151467.39,149824.05,149824.05,0.7491672,10.343572,8.540142,8.540141
250759.14,0.02076529,0.00042049921,37000.0,151467.4,149824.06,149824.08,0.7491672,10.343253,8.540147,8.540141
250759.14,0.018056402,0.00041212467,37000.0,151467.38,149824.05,149824.06,0.7491672,10.343302,8.540149,8.54014
250759.14,0.018984068,0.0004094402,37000.0,151467.4,149824.06,149824.08,0.7491672,10.343242,8.540146,8.54014
250759.14,0.01721622,0.00039531864,37000.0,151467.4,149824.06,149824.08,0.7491672,10.343414,8.540154,8.540142
250759.14,0.02032771,0.00040467325,37000.0,151467.44,149824.08,149824.05,0.7491672,10.343349,8.540141,8.540142
250759.14,0.020645123,0.00042963892,37000.0,151467.4,149824.08,149824.06,0.7491672,10.343395,8.540149,8.540138
250759.14,0.018639974,0.00042356632,37000.0,151467.39,149824.06,149824.08,0.7491672,10.343185,8.540147,8.540141
