snr_gt,snr_raw,snr_denoised,frequency_hz_true,frequency_hz_raw,frequency_hz_denoised,frequency_hz_signal,amplitude_true,amplitude_raw,amplitude_denoised,amplitude_signal
1.7974057e+25,0.9055375,0.9124137,310000.0,151467.4,149824.06,149824.05,18.959988,10.343467,8.540146,8.540153
1.7974057e+25,0.8929267,0.89946914,310000.0,151467.42,149824.03,149824.03,18.959988,10.343457,8.5401535,8.5401535
1.7974057e+25,0.93072474,0.9381385,310000.0,151467.4,149824.06,149824.05,18.959988,10.343505,8.540149,8.5401535
1.7974057e+25,0.9409382,0.9473168,310000.0,151467.39,149824.06,149824.03,18.959988,10.34341,8.540151,8.540153
1.7974057e+25,0.8956532,0.9021851,310000.0,151467.45,149824.05,149824.05,18.959988,10.343457,8.540149,8.5401535
1.7974057e+25,0.91381377,0.9187647,310000.0,151467.42,149824.06,149824.06,18.959988,10.343474,8.540148,8.5401535
1.7974057e+25,0.8974831,0.90345365,310000.0,151467.34,149824.05,149824.05,18.959988,10.343511,8.54015,8.5401535
1.7974057e+25,0.91957116,0.92537653,310000.0,151467.38,149824.06,149824.06,18.959988,10.343284,8.540149,8.5401535
1.7974057e+25,0.9280569,0.93482864,310000.0,151467.4,149824.05,149824.05,18.959988,10.3434725,8.540148,8.5401535
1.7974057e+25,0.92530245,0.9326663,310000.0,151467.39,149824.06,149824.03,18.959988,10.34345,8.540147,8.5401535
1.7974057e+25,0.95581895,0.9614574,310000.0,151467.38,149824.05,149824.06,18.959988,10.343337,8.54015,8.5401535
1.7974057e+25,0.88392866,0.89013094,310000.0,151467.36,149824.06,149824.05,18.959988,10.343078,8.540152,8.540153
1.7974057e+25,0.919553,0.9243426,310000.0,151467.39,149824.08,149824.05,18.959988,10.34337,8.540151,8.5401535
1.7974057e+25,0.93161136,0.93914694,310000.0,151467.39,149824.06,149824.05,18.959988,10.343481,8.540152,8.5401535
1.7974057e+25,0.9197804,0.9272512,310000.0,151467.33,149824.03,149824.05,18.959988,10.343107,8.540149,8.5401535
1.7974057e+25,0.9504376,0.9556948,310000.0,151467.36,149824.05,149824.03,18.959988,10.343253,8.54015,8.5401535
1.7974057e+25,0.93463814,0.94063115,310000.0,151467.42,149824.05,149824.03,18.959988,10.343594,8.540148,8.5401535
1.7974057e+25,0.9209152,0.92829794,310000.0,151467.36,149824.05,149824.06,18.959988,10.343354,8.540149,8.5401535
1.7974057e+25,0.9165699,0.9233676,310000.0,151467.34,149824.05,149824.06,18.959988,10.343509,8.540153,8.5401535
1.7974057e+25,0.9358862,0.94088024,310000.0,151467.4,149824.03,149824.05,18.959988,10.343642,8.54015,8.5401535
1.7974057e+25,0.92305946,0.9286558,310000.0,151467.39,149824.05,149824.05,18.959988,10.343572,8.54015,8.5401535
1.7974057e+25,0.97130257,0.97470737,310000.0,151467.36,149824.05,149824.03,18.959988,10.343417,8.540148,8.540153
1.7974057e+25,0.9779419,0.9800968,310000.0,151467.4,149824.05,149824.05,18.959988,10.3433895,8.540151,8.5401535
1.7974057e+25,0.9518482,0.95684844,310000.0,151467.36,149824.05,149824.03,18.959988,10.343224,8.54015,8.540153
1.7974057e+25,0.93859804,0.941883,310000.0,151467.39,149824.06,149824.05,18.959988,10.343334,8.540152,8.540153
1.7974057e+25,0.90479773,0.9095163,310000.0,151467.36,149824.06,149824.06,18.959988,10.343423,8.54015,8.5401535
1.7974057e+25,0.92476654,0.92933685,310000.0,151467.38,149824.03,149824.05,18.959988,10.343421,8.540149,8.5401535
1.7974057e+25,0.9582496,0.9624371,310000.0,151467.38,149824.03,149824.05,18.959988,10.343321,8.54015,8.5401535
1.7974057e+25,0.9073047,0.91371286,310000.0,151467.38,149824.06,149824.05,18.959988,10.343138,8.540149,8.5401535
1.7974057e+25,0.9496824,0.95383626,310000.0,151467.34,149824.05,149824.05,18.959988,10.343318,8.54015,8.5401535
1.7974057e+25,0.96937984,0.97267395,310000.0,151467.42,149824.06,149824.06,18.959988,10.343431,8.54015,8.540153
1.7974057e+25,0.88779527,0.8935513,310000.0,151467.34,149824.06,149824.06,18.959988,10.343144,8.540149,8.5401535
1.7974057e+25,0.8913388,0.89621645,310000.0,151467.34,149824.05,149824.06,18.959988,10.343498,8.540151,8.5401535
1.7974057e+25,0.9279798,0.934503,310000.0,151467.4,149824.05,149824.06,18.959988,10.343434,8.540148,8.540153
1.7974057e+25,0.907739,0.9135173,310000.0,151467.36,149824.03,149824.03,18.959988,10.343254,8.540148,8.540153
1.7974057e+25,0.9485893,0.95166564,310000.0,151467.45,149824.05,149824.05,18.959988,10.343747,8.540152,8.5401535
1.7974057e+25,0.938696,0.9412013,310000.0,151467.39,149824.05,149824.05,18.959988,10.343365,8.540153,8.540153
1.7974057e+25,0.93866163,0.9456574,310000.0,151467.4,149824.06,149824.05,18.959988,10.343554,8.54015,8.5401535
1.7974057e+25,0.8977346,0.90285367,310000.0,151467.38,149824.05,149824.05,18.959988,10.343389,8.540148,8.540153
1.7974057e+25,0.95136064,0.95579445,310000.0,151467.36,149824.03,149824.05,18.959988,10.343054,8.540151,8.540153
1.7974057e+25,0.9835697,0.9860552,310000.0,151467.36,149824.05,149824.06,18.959988,10.343358,8.540151,8.540153
1.7974057e+25,0.95720965,0.96191853,310000.0,151467.42,149824.08,149824.05,18.959988,10.3435135,8.540151,8.540153
1.7974057e+25,0.9620827,0.9659524,310000.0,151467.38,149824.05,149824.06,18.959988,10.343434,8.540149,8.5401535
1.7974057e+25,0.9210787,0.92653894,310000.0,151467.44,149824.05,149824.05,18.959988,10.34362,8.540149,8.540153
1.7974057e+25,0.9655834,0.96924496,310000.0,151467.36,149824.05,149824.06,18.959988,10.343485,8.54015,8.5401535
1.7974057e+25,0.92602175,0.9310625,310000.0,151467.36,149824.03,149824.05,18.959988,10.343367,8.540152,8.5401535
1.7974057e+25,0.88860005,0.894428,310000.0,151467.39,149824.05,149824.05,18.959988,10.34367,8.540149,8.540153
1.7974057e+25,0.97724813,0.98036015,310000.0,151467.36,149824.06,149824.05,18.959988,10.34341,8.540151,8.5401535
1.7974057e+25,0.9191335,0.92384726,310000.0,151467.38,149824.03,149824.06,18.959988,10.343387,8.540148,8.5401535
1.7974057e+25,0.90232944,0.90705156,310000.0,151467.39,149824.06,149824.05,18.959988,10.343495,8.540149,8.540152
1.7974057e+25,0.9063596,0.9124169,310000.0,151467.39,149824.06,149824.05,18.959988,10.343387,8.540149,8.540153
1.7974057e+25,0.91517997,0.92258835,310000.0,151467.38,149824.05,149824.05,18.959988,10.3436165,8.540152,8.540153
1.7974057e+25,0.92123604,0.92602646,310000.0,151467.39,149824.05,149824.06,18.959988,10.343237,8.540151,8.5401535
1.7974057e+25,0.9392768,0.94449276,310000.0,151467.38,149824.06,149824.06,18.959988,10.343127,8.54015,8.540153
1.7974057e+25,0.9228718,0.9286907,310000.0,151467.36,149824.06,149824.06,18.959988,10.343261,8.540152,8.5401535
1.7974057e+25,0.9481209,0.9525998,310000.0,151467.38,149824.06,149824.06,18.959988,10.343397,8.540149,8.5401535
1.7974057e+25,0.90469074,0.91198224,310000.0,151467.4,149824.05,149824.06,18.959988,10.3435135,8.540145,8.540153
1.7974057e+25,0.91207045,0.91965127,310000.0,151467.42,149824.05,149824.06,18.959988,10.343639,8.540151,8.5401535
1.7974057e+25,0.9612111,0.9660744,310000.0,151467.38,149824.06,149824.06,18.959988,10.343141,8.54015,8.5401535
1.7974057e+25,0.93567634,0.94082963,310000.0,151467.39,149824.05,149824.06,18.959988,10.343405,8.540146,8.540153
1.7974057e+25,0.9374927,0.94312024,310000.0,151467.38,149824.08,149824.06,18.959988,10.343514,8.5401535,8.540153
1.7974057e+25,0.9706929,0.9735348,310000.0,151467.36,149824.03,149824.08,18.959988,10.343386,8.540151,8.54015
1.7974057e+25,0.91354865,0.9177537,310000.0,151467.38,149824.05,149824.05,18.959988,10.34355,8.540151,8.540151
1.7974057e+25,0.95358336,0.95707184,310000.0,151467.42,149824.05,149824.05,18.959988,10.343402,8.540149,8.54015
1.7974057e+25,0.9284942,0.9332908,310000.0,151467.36,149824.08,149824.05,18.959988,10.343232,8.540151,8.540151
1.7974057e+25,0.95629275,0.9602762,310000.0,151467.39,149824.06,149824.06,18.959988,10.343469,8.540149,8.540151
1.7974057e+25,0.91229296,0.9179671,310000.0,151467.38,149824.05,149824.05,18.959988,10.343477,8.540151,8.54015
1.7974057e+25,0.9159234,0.92079955,310000.0,151467.36,149824.05,149824.05,18.959988,10.34308,8.540149,8.54015
1.7974057e+25,0.9763938,0.9789033,310000.0,151467.36,149824.06,149824.03,18.959988,10.343263,8.54015,8.54015
1.7974057e+25,0.98190504,0.9843983,310000.0,151467.36,149824.05,149824.08,18.959988,10.343234,8.540151,8.540151
1.7974057e+25,0.9670735,0.9710788,310000.0,151467.39,149824.05,149824.05,18.959988,10.343474,8.540152,8.540151
1.7974057e+25,0.96576345,0.9682044,310000.0,151467.42,149824.08,149824.05,18.959988,10.343696,8.54015,8.54015
1.7974057e+25,0.9219881,0.9288393,310000.0,151467.36,149824.06,149824.05,18.959988,10.34345,8.540152,8.54015
1.7974057e+25,0.8955141,0.8989344,310000.0,151467.34,149824.05,149824.05,18.959988,10.343084,8.540149,8.540151
1.7974057e+25,0.8983788,0.903384,310000.0,151467.38,149824.02,149824.06,18.959988,10.343524,8.540152,8.54015
1.7974057e+25,0.9281306,0.9339375,310000.0,151467.31,149824.05,149824.05,18.959988,10.34332,8.540148,8.54015
1.7974057e+25,0.9444904,0.94773954,310000.0,151467.4,149824.08,149824.06,18.959988,10.3435,8.540151,8.540151
1.7974057e+25,0.9166838,0.92150134,310000.0,151467.34,149824.05,149824.08,18.959988,10.342911,8.540151,8.54015
1.7974057e+25,0.96318734,0.9677665,310000.0,151467.38,149824.03,149824.06,18.959988,10.343402,8.540148,8.54015
1.7974057e+25,0.94583714,0.9515821,310000.0,151467.36,149824.06,149824.05,18.959988,10.3434725,8.540149,8.54015
1.7974057e+25,0.90643805,0.9128179,310000.0,151467.33,149824.06,149824.06,18.959988,10.343067,8.540149,8.54015
1.7974057e+25,0.971496,0.9745513,310000.0,151467.4,149824.08,149824.06,18.959988,10.343465,8.540151,8.540151
1.7974057e+25,0.9528947,0.95705754,310000.0,151467.33,149824.05,149824.03,18.959988,10.3432865,8.540151,8.54015
1.7974057e+25,0.92488855,0.9294473,310000.0,151467.39,149824.08,149824.05,18.959988,10.343217,8.540149,8.54015
1.7974057e+25,0.9114967,0.91548645,310000.0,151467.36,149824.06,149824.06,18.959988,10.343468,8.540149,8.540151
1.7974057e+25,0.9303277,0.9356569,310000.0,151467.39,149824.08,149824.06,18.959988,10.343594,8.54015,8.54015
1.7974057e+25,0.900668,0.9054731,310000.0,151467.34,149824.05,149824.05,18.959988,10.343324,8.54015,8.54015
1.7974057e+25,0.95416266,0.95735246,310000.0,151467.36,149824.05,149824.06,18.959988,10.343436,8.540152,8.54015
1.7974057e+25,0.94289947,0.94737893,310000.0,151467.38,149824.05,149824.06,18.959988,10.343323,8.54015,8.540151
1.7974057e+25,0.9128315,0.91889477,310000.0,151467.36,149824.05,149824.06,18.959988,10.343521,8.54015,8.54015
1.7974057e+25,0.89543813,0.9015158,310000.0,151467.38,149824.05,149824.06,18.959988,10.343469,8.540148,8.540151
1.7974057e+25,0.9548068,0.95893216,310000.0,151467.4,149824.06,149824.05,18.959988,10.343507,8.54015,8.540151
1.7974057e+25,0.9526333,0.95681715,310000.0,151467.44,149824.05,149824.06,18.959988,10.343448,8.540147,8.540151
1.7974057e+25,0.9406541,0.9463706,310000.0,151467.39,149824.02,149824.03,18.959988,10.343077,8.54015,8.54015
1.7974057e+25,0.9588536,0.9634427,310000.0,151467.34,149824.06,149824.03,18.959988,10.343104,8.540151,8.54015
1.7974057e+25,0.92539334,0.93046665,310000.0,151467.28,149824.05,149824.05,18.959988,10.342869,8.540152,8.54015
1.7974057e+25,0.9310168,0.93691725,310000.0,151467.42,149824.06,149824.05,18.959988,10.34354,8.540153,8.540151
1.7974057e+25,0.910368,0.91609675,310000.0,151467.4,149824.03,149824.06,18.959988,10.343112,8.540149,8.54015
1.7974057e+25,0.9216303,0.92512697,310000.0,151467.4,149824.05,149824.08,18.959988,10.343424,8.540146,8.54015
1.7974057e+25,0.9543713,0.9570427,310000.0,151467.38,149824.05,149824.06,18.959988,10.343318,8.54015,8.540151
1.7974057e+25,0.92459244,0.9276111,310000.0,151467.38,149824.06,149824.06,18.959988,10.343218,8.54015,8.54015
1.7974057e+25,0.9809436,0.98380315,310000.0,151467.39,149824.03,149824.05,18.959988,10.343359,8.540151,8.54015
1.7974057e+25,0.9671565,0.9706537,310000.0,151467.36,149824.06,149824.06,18.959988,10.343425,8.540149,8.54015
1.7974057e+25,0.95665425,0.96003145,310000.0,151467.36,149824.03,149824.05,18.959988,10.34294,8.540149,8.54015
1.7974057e+25,0.9366012,0.94029087,310000.0,151467.4,149824.03,149824.03,18.959988,10.343519,8.54015,8.540151
1.7974057e+25,0.93121994,0.9362896,310000.0,151467.36,149824.06,149824.06,18.959988,10.343179,8.540148,8.54015
1.7974057e+25,0.9386904,0.9418209,310000.0,151467.36,149824.05,149824.08,18.959988,10.343473,8.540148,8.54015
1.7974057e+25,0.95105726,0.9561846,310000.0,151467.38,149824.03,149824.05,18.959988,10.343131,8.540149,8.540151
1.7974057e+25,0.92737234,0.934172,310000.0,151467.34,149824.06,149824.05,18.959988,10.343245,8.5401535,8.54015
1.7974057e+25,0.96532136,0.96917844,310000.0,151467.33,149824.08,149824.06,18.959988,10.343301,8.540148,8.540151
1.7974057e+25,0.94279164,0.9478105,310000.0,151467.44,149824.06,149824.06,18.959988,10.343751,8.540152,8.54015
1.7974057e+25,0.95145017,0.9549451,310000.0,151467.36,149824.06,149824.06,18.959988,10.343336,8.54015,8.54015
1.7974057e+25,0.93658906,0.9396559,310000.0,151467.34,149824.06,149824.06,18.959988,10.343309,8.540149,8.54015
1.7974057e+25,0.93481725,0.93875504,310000.0,151467.4,149824.06,149824.06,18.959988,10.343612,8.540149,8.54015
1.7974057e+25,0.95912963,0.9613015,310000.0,151467.34,149824.06,149824.05,18.959988,10.343462,8.540152,8.540151
1.7974057e+25,0.95165765,0.95415235,310000.0,151467.36,149824.06,149824.03,18.959988,10.343144,8.540152,8.54015
1.7974057e+25,0.9448148,0.94744325,310000.0,151467.39,149824.06,149824.06,18.959988,10.3435755,8.54015,8.540151
1.7974057e+25,0.9671818,0.9695361,310000.0,151467.39,149824.03,149824.05,18.959988,10.343252,8.54015,8.540151
1.7974057e+25,0.9575989,0.96184695,310000.0,151467.34,149824.06,149824.05,18.959988,10.343359,8.540149,8.540151
1.7974057e+25,0.9360479,0.94043005,310000.0,151467.39,149824.05,149824.06,18.959988,10.343536,8.540147,8.54015
1.7974057e+25,0.9273797,0.930798,310000.0,151467.38,149824.05,149824.05,18.959988,10.34329,8.54015,8.54015
1.7974057e+25,0.9211473,0.9251078,310000.0,151467.39,149824.05,149824.05,18.959988,10.34337,8.540149,8.54015
1.7974057e+25,0.9638475,0.96849054,310000.0,151467.42,149824.05,149824.06,18.959988,10.343234,8.540151,8.54015
1.7974057e+25,0.93970144,0.9425575,310000.0,151467.38,149824.05,149824.06,18.959988,10.3435545,8.54015,8.540149
1.7974057e+25,0.922167,0.9265216,310000.0,151467.34,149824.06,149824.05,18.959988,10.343158,8.540151,8.54015
1.7974057e+25,0.96901846,0.9725781,310000.0,151467.42,149824.05,149824.05,18.959988,10.343569,8.540148,8.54015
1.7974057e+25,0.9307612,0.936859,310000.0,151467.4,149824.06,149824.05,18.959988,10.343344,8.54015,8.540151
1.7974057e+25,0.9451612,0.9486096,310000.0,151467.36,149824.05,149824.06,18.959988,10.343325,8.540152,8.540151
1.7974057e+25,0.95506847,0.9582594,310000.0,151467.31,149824.05,149824.05,18.959988,10.342972,8.54015,8.540149
1.7974057e+25,0.9821518,0.9841812,310000.0,151467.38,149824.05,149824.06,18.959988,10.343398,8.540151,8.54015
1.7974057e+25,0.92284024,0.92632467,310000.0,151467.36,149824.06,149824.05,18.959988,10.343162,8.5401535,8.540151
1.7974057e+25,0.9337657,0.9368154,310000.0,151467.39,149824.05,149824.05,18.959988,10.34335,8.540149,8.540151
1.7974057e+25,0.94706345,0.9506565,310000.0,151467.4,149824.05,149824.06,18.959988,10.343711,8.540151,8.54015
1.7974057e+25,0.94402045,0.9484756,310000.0,151467.38,149824.08,149824.06,18.959988,10.343605,8.54015,8.54015
1.7974057e+25,0.93580127,0.9410979,310000.0,151467.38,149824.06,149824.05,18.959988,10.34324,8.540148,8.540151
1.7974057e+25,0.93423486,0.93918985,310000.0,151467.38,149824.05,149824.05,18.959988,10.343426,8.54015,8.540151
1.7974057e+25,0.9181523,0.9232928,310000.0,151467.39,149824.05,149824.05,18.959988,10.343737,8.540152,8.54015
1.7974057e+25,0.9110073,0.91685843,310000.0,151467.36,149824.06,149824.08,18.959988,10.343147,8.540151,8.540151
1.7974057e+25,0.91539806,0.91954887,310000.0,151467.39,149824.06,149824.05,18.959988,10.343557,8.540149,8.54015
1.7974057e+25,0.9265501,0.93345124,310000.0,151467.38,149824.05,149824.06,18.959988,10.343105,8.54015,8.54015
1.7974057e+25,0.9711997,0.9741546,310000.0,151467.34,149824.06,149824.03,18.959988,10.343337,8.540149,8.540151
1.7974057e+25,0.91030246,0.91704184,310000.0,151467.36,149824.06,149824.08,18.959988,10.343372,8.540148,8.54015
1.7974057e+25,0.94706017,0.9522637,310000.0,151467.42,149824.05,149824.05,18.959988,10.343451,8.5401535,8.54015
1.7974057e+25,0.9416502,0.9454203,310000.0,151467.38,149824.06,149824.06,18.959988,10.34325,8.540148,8.54015
1.7974057e+25,0.9349141,0.9407567,310000.0,151467.34,149824.06,149824.05,18.959988,10.34345,8.540151,8.54015
1.7974057e+25,0.92216873,0.9267001,310000.0,151467.34,149824.05,149824.06,18.959988,10.343336,8.540153,8.540151
1.7974057e+25,0.914068,0.9212463,310000.0,151467.36,149824.05,149824.06,18.959988,10.343361,8.540147,8.54015
1.7974057e+25,0.9571761,0.9619326,310000.0,151467.38,149824.06,149824.05,18.959988,10.343335,8.540152,8.54015
1.7974057e+25,0.9490119,0.9527094,310000.0,151467.38,149824.05,149824.06,18.959988,10.343394,8.540148,8.54015
1.7974057e+25,0.95329505,0.95725983,310000.0,151467.39,149824.06,149824.06,18.959988,10.343453,8.540148,8.54015
1.7974057e+25,0.92919666,0.93424284,310000.0,151467.38,149824.05,149824.06,18.959988,10.343584,8.540151,8.54015
1.7974057e+25,0.8888394,0.8933403,310000.0,151467.4,149824.05,149824.08,18.959988,10.343936,8.540152,8.54015
1.7974057e+25,0.91219515,0.9160022,310000.0,151467.34,149824.08,149824.05,18.959988,10.343084,8.54015,8.54015
1.7974057e+25,0.9677725,0.9715741,310000.0,151467.38,149824.06,149824.06,18.959988,10.34337,8.540153,8.540151
1.7974057e+25,0.93305147,0.93949616,310000.0,151467.39,149824.05,149824.06,18.959988,10.343571,8.540149,8.54015
1.7974057e+25,0.9489591,0.95329666,310000.0,151467.38,149824.05,149824.05,18.959988,10.3433895,8.540153,8.54015
1.7974057e+25,0.93447363,0.9386816,310000.0,151467.36,149824.06,149824.03,18.959988,10.343323,8.540148,8.54015
1.7974057e+25,0.9660501,0.9700237,310000.0,151467.39,149824.05,149824.03,18.959988,10.343617,8.540149,8.54015
1.7974057e+25,0.947425,0.95070773,310000.0,151467.39,149824.05,149824.03,18.959988,10.34386,8.540149,8.54015
1.7974057e+25,0.947684,0.9511533,310000.0,151467.4,149824.05,149824.05,18.959988,10.343313,8.54015,8.54015
1.7974057e+25,0.9314823,0.93739396,310000.0,151467.38,149824.06,149824.06,18.959988,10.343438,8.540148,8.54015
1.7974057e+25,0.9201815,0.92507756,310000.0,151467.4,149824.05,149824.06,18.959988,10.34319,8.5401535,8.54015
1.7974057e+25,0.96592087,0.9701362,310000.0,151467.34,149824.05,149824.05,18.959988,10.343282,8.54015,8.54015
1.7974057e+25,0.9212911,0.92766124,310000.0,151467.42,149824.06,149824.05,18.959988,10.343561,8.54015,8.54015
1.7974057e+25,0.94548446,0.9507444,310000.0,151467.42,149824.06,149824.03,18.959988,10.343741,8.540149,8.540151
1.7974057e+25,0.96728575,0.97038305,310000.0,151467.42,149824.03,149824.05,18.959988,10.343622,8.540149,8.54015
1.7974057e+25,0.9149293,0.9190412,310000.0,151467.39,149824.05,149824.03,18.959988,10.343301,8.540148,8.54015
1.7974057e+25,0.92225647,0.9284832,310000.0,151467.36,149824.06,149824.03,18.959988,10.343323,8.540151,8.540151
1.7974057e+25,0.92610395,0.9318866,310000.0,151467.34,149824.06,149824.03,18.959988,10.343553,8.540149,8.540151
1.7974057e+25,0.9142087,0.919782,310000.0,151467.34,149824.05,149824.06,18.959988,10.34323,8.5401535,8.540151
1.7974057e+25,0.96020395,0.9641786,310000.0,151467.33,149824.06,149824.05,18.959988,10.343248,8.540151,8.540151
1.7974057e+25,0.92105937,0.92545545,310000.0,151467.4,149824.05,149824.06,18.959988,10.343531,8.54015,8.54015
1.7974057e+25,0.9098173,0.9161164,310000.0,151467.4,149824.06,149824.05,18.959988,10.343587,8.54015,8.54015
1.7974057e+25,0.91587293,0.9229332,310000.0,151467.34,149824.06,149824.03,18.959988,10.343213,8.54015,8.54015
1.7974057e+25,0.90583044,0.91089416,310000.0,151467.39,149824.05,149824.06,18.959988,10.343378,8.54015,8.540151
1.7974057e+25,0.89988786,0.9056632,310000.0,151467.39,149824.08,149824.06,18.959988,10.343558,8.540149,8.54015
1.7974057e+25,0.9367338,0.94133204,310000.0,151467.4,149824.03,149824.05,18.959988,10.343377,8.540149,8.540151
1.7974057e+25,0.9188627,0.92532176,310000.0,151467.36,149824.05,149824.06,18.959988,10.343329,8.540148,8.540151
1.7974057e+25,0.99373984,0.9953498,310000.0,151467.38,149824.06,149824.06,18.959988,10.343475,8.54015,8.54015
1.7974057e+25,0.9270463,0.9317497,310000.0,151467.4,149824.06,149824.03,18.959988,10.343743,8.540152,8.540151
1.7974057e+25,0.96601146,0.9705735,310000.0,151467.39,149824.06,149824.05,18.959988,10.343418,8.540152,8.540151
1.7974057e+25,0.9309566,0.93690187,310000.0,151467.4,149824.05,149824.06,18.959988,10.343374,8.540153,8.540151
1.7974057e+25,0.92291605,0.92798615,310000.0,151467.36,149824.05,149824.03,18.959988,10.343056,8.540151,8.540151
1.7974057e+25,0.9333059,0.9406138,310000.0,151467.38,149824.06,149824.03,18.959988,10.343192,8.540149,8.540151
1.7974057e+25,0.9277762,0.9329696,310000.0,151467.42,149824.05,149824.06,18.959988,10.343287,8.540148,8.540151
1.7974057e+25,0.88136744,0.8883445,310000.0,151467.33,149824.06,149824.06,18.959988,10.34321,8.5401535,8.540152
1.7974057e+25,0.91400594,0.9186278,310000.0,151467.36,149824.06,149824.08,18.959988,10.343585,8.540152,8.54015
1.7974057e+25,0.92837155,0.93343693,310000.0,151467.34,149824.06,149824.06,18.959988,10.343352,8.540147,8.54015
1.7974057e+25,0.9177509,0.9237168,310000.0,151467.36,149824.06,149824.05,18.959988,10.343195,8.540151,8.540151
1.7974057e+25,0.90980935,0.91625506,310000.0,151467.44,149824.06,149824.05,18.959988,10.343574,8.540151,8.540151
1.7974057e+25,0.9181917,0.92314816,310000.0,151467.45,149824.08,149824.06,18.959988,10.343835,8.540148,8.540151
1.7974057e+25,0.9294307,0.93340826,310000.0,151467.36,149824.05,149824.06,18.959988,10.34308,8.540151,8.540151
1.7974057e+25,0.91350824,0.91747326,310000.0,151467.39,149824.05,149824.06,18.959988,10.343622,8.54015,8.540151
1.7974057e+25,0.91711086,0.92127174,310000.0,151467.38,149824.03,149824.06,18.959988,10.343209,8.540153,8.540151
1.7974057e+25,0.9075033,0.9141965,310000.0,151467.39,149824.06,149824.06,18.959988,10.343069,8.540152,8.540151
1.7974057e+25,0.96209884,0.9654808,310000.0,151467.38,149824.06,149824.08,18.959988,10.343482,8.540151,8.540151
1.7974057e+25,0.9445213,0.948969,310000.0,151467.39,149824.06,149824.06,18.959988,10.343489,8.540151,8.540151
1.7974057e+25,0.9388837,0.9438575,310000.0,151467.4,149824.05,149824.06,18.959988,10.343785,8.540149,8.540151
1.7974057e+25,0.97310317,0.97584057,310000.0,151467.39,149824.05,149824.05,18.959988,10.343492,8.540151,8.540151
1.7974057e+25,0.91084045,0.9166256,310000.0,151467.42,149824.05,149824.06,18.959988,10.343447,8.540153,8.54015
1.7974057e+25,0.9164816,0.922188,310000.0,151467.34,149824.1,149824.06,18.959988,10.343082,8.540148,8.540151
1.7974057e+25,0.9448291,0.950587,310000.0,151467.39,149824.03,149824.06,18.959988,10.343285,8.54015,8.540151
1.7974057e+25,0.9520857,0.95706856,310000.0,151467.39,149824.06,149824.06,18.959988,10.343217,8.540153,8.54015
1.7974057e+25,0.9506799,0.95550007,310000.0,151467.36,149824.06,149824.05,18.959988,10.343132,8.54015,8.540151
1.7974057e+25,0.9557417,0.95987636,310000.0,151467.38,149824.06,149824.05,18.959988,10.343549,8.540151,8.540151
1.7974057e+25,0.89658386,0.9045561,310000.0,151467.4,149824.05,149824.06,18.959988,10.34333,8.54015,8.540151
1.7974057e+25,0.9376068,0.9433318,310000.0,151467.34,149824.05,149824.05,18.959988,10.343022,8.540151,8.540151
1.7974057e+25,0.96025866,0.963862,310000.0,151467.44,149824.06,149824.06,18.959988,10.343624,8.540152,8.54015
1.7974057e+25,0.92794335,0.9341833,310000.0,151467.38,149824.03,149824.06,18.959988,10.343365,8.540151,8.540151
1.7974057e+25,0.9301339,0.93667,310000.0,151467.33,149824.06,149824.06,18.959988,10.343048,8.540151,8.540151
1.7974057e+25,0.8956371,0.9022003,310000.0,151467.38,149824.08,149824.05,18.959988,10.343486,8.5401535,8.540151
1.7974057e+25,0.94383717,0.9496299,310000.0,151467.42,149824.05,149824.06,18.959988,10.34341,8.540151,8.540151
1.7974057e+25,0.9096075,0.9160617,310000.0,151467.33,149824.05,149824.08,18.959988,10.343065,8.540149,8.540151
1.7974057e+25,0.93245167,0.93709695,310000.0,151467.42,149824.05,149824.05,18.959988,10.343341,8.540149,8.54015
1.7974057e+25,0.919526,0.926201,310000.0,151467.38,149824.06,149824.06,18.959988,10.343256,8.540152,8.540151
1.7974057e+25,0.904855,0.9113182,310000.0,151467.36,149824.03,149824.06,18.959988,10.343267,8.5401535,8.540151
1.7974057e+25,0.9438761,0.94998705,310000.0,151467.38,149824.05,149824.05,18.959988,10.343371,8.54015,8.540152
1.7974057e+25,0.9307366,0.9363042,310000.0,151467.36,149824.06,149824.06,18.959988,10.34334,8.540151,8.540151
1.7974057e+25,0.90585583,0.91239446,310000.0,151467.34,149824.05,149824.06,18.959988,10.343211,8.540153,8.54015
1.7974057e+25,0.91753346,0.92309064,310000.0,151467.34,149824.05,149824.06,18.959988,10.343474,8.540152,8.54015
1.7974057e+25,0.92487174,0.9323733,310000.0,151467.36,149824.06,149824.06,18.959988,10.343114,8.540149,8.540152
1.7974057e+25,0.9122332,0.9171808,310000.0,151467.39,149824.03,149824.05,18.959988,10.3434,8.540152,8.54015
1.7974057e+25,0.9036007,0.91098815,310000.0,151467.39,149824.05,149824.08,18.959988,10.343275,8.540143,8.540151
1.7974057e+25,0.9561243,0.9603014,310000.0,151467.38,149824.05,149824.08,18.959988,10.343358,8.540153,8.540151
1.7974057e+25,0.9104329,0.9165405,310000.0,151467.34,149824.05,149824.06,18.959988,10.343263,8.540151,8.540151
1.7974057e+25,0.91934854,0.92704445,310000.0,151467.4,149824.06,149824.06,18.959988,10.343372,8.540151,8.540151
1.7974057e+25,0.93763953,0.944127,310000.0,151467.38,149824.03,149824.06,18.959988,10.343311,8.540149,8.540151
1.7974057e+25,0.9185393,0.92527086,310000.0,151467.36,149824.05,149824.05,18.959988,10.343262,8.540147,8.54015
1.7974057e+25,0.9605162,0.9653184,310000.0,151467.44,149824.06,149824.05,18.959988,10.343571,8.540152,8.540151
1.7974057e+25,0.93272257,0.9396164,310000.0,151467.4,149824.06,149824.06,18.959988,10.343528,8.540148,8.540151
1.7974057e+25,0.9616221,0.9665076,310000.0,151467.38,149824.06,149824.05,18.959988,10.343603,8.540151,8.540151
1.7974057e+25,0.91945624,0.9267537,310000.0,151467.4,149824.06,149824.06,18.959988,10.343591,8.540149,8.540151
1.7974057e+25,0.92356575,0.93155026,310000.0,151467.34,149824.06,149824.06,18.959988,10.343215,8.540154,8.540151
1.7974057e+25,0.9363921,0.943716,310000.0,151467.38,149824.05,149824.08,18.959988,10.343361,8.540149,8.540151
1.7974057e+25,0.9056078,0.9125796,310000.0,151467.42,149824.06,149824.06,18.959988,10.343528,8.540151,8.540151
1.7974057e+25,0.92785895,0.93357265,310000.0,151467.38,149824.06,149824.06,18.959988,10.343379,8.540151,8.540151
1.7974057e+25,0.8852051,0.8944719,310000.0,151467.39,149824.05,149824.06,18.959988,10.343538,8.540149,8.540151
1.7974057e+25,0.91202575,0.9192997,310000.0,151467.39,149824.05,149824.06,18.959988,10.343533,8.540153,8.54015
1.7974057e+25,0.9045501,0.9114999,310000.0,151467.38,149824.06,149824.06,18.959988,10.34323,8.540148,8.540151
1.7974057e+25,0.90719897,0.9137525,310000.0,151467.33,149824.05,149824.06,18.959988,10.343051,8.54015,8.540151
1.7974057e+25,0.8962299,0.9032379,310000.0,151467.39,149824.06,149824.06,18.959988,10.343142,8.540149,8.540151
1.7974057e+25,0.8964157,0.9040665,310000.0,151467.42,149824.06,149824.06,18.959988,10.343592,8.540148,8.540151
1.7974057e+25,0.90060306,0.90578973,310000.0,151467.44,149824.05,149824.06,18.959988,10.343784,8.540153,8.540151
1.7974057e+25,0.9373737,0.9415577,310000.0,151467.36,149824.03,149824.08,18.959988,10.342951,8.540152,8.540151
1.7974057e+25,0.9303701,0.9355299,310000.0,151467.39,149824.06,149824.06,18.959988,10.343555,8.54015,8.540151
1.7974057e+25,0.95672673,0.96206456,310000.0,151467.39,149824.05,149824.06,18.959988,10.343564,8.540147,8.540151
1.7974057e+25,0.90071946,0.90574795,310000.0,151467.42,149824.06,149824.05,18.959988,10.343317,8.540148,8.54015
1.7974057e+25,0.92125756,0.92857724,310000.0,151467.36,149824.08,149824.06,18.959988,10.343542,8.54015,8.540151
1.7974057e+25,0.92192185,0.9274311,310000.0,151467.34,149824.06,149824.05,18.959988,10.343086,8.5401535,8.54015
1.7974057e+25,0.93240917,0.937058,310000.0,151467.36,149824.06,149824.06,18.959988,10.343163,8.540151,8.540151
1.7974057e+25,0.92104286,0.92902285,310000.0,151467.39,149824.05,149824.05,18.959988,10.34341,8.540147,8.54015
1.7974057e+25,0.9152794,0.92299575,310000.0,151467.42,149824.05,149824.11,18.959988,10.343694,8.540149,8.540151
1.7974057e+25,0.9176768,0.92535037,310000.0,151467.44,149824.08,149824.06,18.959988,10.343863,8.54015,8.540151
1.7974057e+25,0.96946436,0.9743943,310000.0,151467.39,149824.03,149824.06,18.959988,10.343408,8.54015,8.540151
1.7974057e+25,0.93512374,0.9425808,310000.0,151467.34,149824.05,149824.05,18.959988,10.343263,8.54015,8.540151
1.7974057e+25,0.970198,0.97429043,310000.0,151467.36,149824.05,149824.05,18.959988,10.343051,8.540151,8.540151
1.7974057e+25,0.9265857,0.93472356,310000.0,151467.42,149824.03,149824.06,18.959988,10.343656,8.540153,8.540151
1.7974057e+25,0.9227908,0.9296587,310000.0,151467.38,149824.05,149824.05,18.959988,10.343565,8.540151,8.540151
1.7974057e+25,0.928228,0.9357132,310000.0,151467.38,149824.06,149824.05,18.959988,10.3433695,8.540149,8.54015
1.7974057e+25,0.9441833,0.948352,310000.0,151467.3,149824.06,149824.06,18.959988,10.343323,8.54015,8.540151
1.7974057e+25,0.94810146,0.9511128,310000.0,151467.38,149824.03,149824.05,18.959988,10.343323,8.540149,8.540151
1.7974057e+25,0.9614761,0.9646861,310000.0,151467.4,149824.05,149824.06,18.959988,10.343366,8.540151,8.54015
1.7974057e+25,0.95718306,0.9609978,310000.0,151467.36,149824.05,149824.06,18.959988,10.343274,8.540149,8.540151
1.7974057e+25,0.95381254,0.95730525,310000.0,151467.38,149824.05,149824.06,18.959988,10.343106,8.54015,8.540151
1.7974057e+25,0.9264172,0.9332588,310000.0,151467.34,149824.06,149824.03,18.959988,10.342996,8.54015,8.54015
1.7974057e+25,0.9304185,0.9372465,310000.0,151467.42,149824.05,149824.06,18.959988,10.343648,8.540148,8.54015
1.7974057e+25,0.9079956,0.9157149,310000.0,151467.34,149824.05,149824.06,18.959988,10.343423,8.540153,8.54015
1.7974057e+25,0.9150726,0.9225078,310000.0,151467.4,149824.06,149824.06,18.959988,10.343427,8.54015,8.540151
1.7974057e+25,0.91045177,0.91703135,310000.0,151467.4,149824.06,149824.08,18.959988,10.343459,8.540151,8.540151
1.7974057e+25,0.9049599,0.9126037,310000.0,151467.44,149824.06,149824.06,18.959988,10.34375,8.540153,8.54015
1.7974057e+25,0.9415869,0.9495694,310000.0,151467.38,149824.03,149824.05,18.959988,10.343384,8.540151,8.540151
1.7974057e+25,0.9481018,0.95501286,310000.0,151467.39,149824.06,149824.05,18.959988,10.34319,8.54015,8.54015
1.7974057e+25,0.9147529,0.92245084,310000.0,151467.38,149824.05,149824.06,18.959988,10.343696,8.5401535,8.540151
1.7974057e+25,0.93540114,0.9432572,310000.0,151467.38,149824.05,149824.05,18.959988,10.343376,8.54015,8.540151
1.7974057e+25,0.919096,0.92529994,310000.0,151467.39,149824.06,149824.05,18.959988,10.343676,8.540151,8.54015
1.7974057e+25,0.9104051,0.9156996,310000.0,151467.39,149824.05,149824.03,18.959988,10.343104,8.540146,8.540151
1.7974057e+25,0.9059369,0.91359377,310000.0,151467.36,149824.05,149824.05,18.959988,10.343232,8.540151,8.540152
1.7974057e+25,0.9113378,0.92028093,310000.0,151467.42,149824.06,149824.06,18.959988,10.34369,8.54015,8.540152
1.7974057e+25,0.88360107,0.8913727,310000.0,151467.39,149824.05,149824.05,18.959988,10.343483,8.540147,8.540151
1.7974057e+25,0.9084817,0.91518986,310000.0,151467.38,149824.05,149824.05,18.959988,10.343238,8.540145,8.540152
1.7974057e+25,0.9124169,0.92098045,310000.0,151467.38,149824.06,149824.05,18.959988,10.343536,8.540149,8.540151
1.7974057e+25,0.9232815,0.93132216,310000.0,151467.38,149824.06,149824.08,18.959988,10.343455,8.540151,8.540152
1.7974057e+25,0.9743779,0.97779375,310000.0,151467.4,149824.05,149824.05,18.959988,10.343489,8.54015,8.540151
1.7974057e+25,0.95666707,0.962549,310000.0,151467.38,149824.06,149824.06,18.959988,10.343415,8.54015,8.540152
1.7974057e+25,0.93796444,0.9464857,310000.0,151467.36,149824.03,149824.05,18.959988,10.343232,8.540149,8.540153
1.7974057e+25,0.9339237,0.9402649,310000.0,151467.33,149824.06,149824.06,18.959988,10.34305,8.54015,8.540152
1.7974057e+25,0.8995302,0.9054248,310000.0,151467.39,149824.05,149824.06,18.959988,10.343651,8.540152,8.540152
1.7974057e+25,0.92679894,0.93336,310000.0,151467.31,149824.06,149824.05,18.959988,10.343416,8.540151,8.540151
1.7974057e+25,0.9554369,0.9606013,310000.0,151467.39,149824.03,149824.05,18.959988,10.343273,8.54015,8.540152
1.7974057e+25,0.9300742,0.9368406,310000.0,151467.34,149824.05,149824.05,18.959988,10.343366,8.540146,8.540151
1.7974057e+25,0.93800944,0.9442984,310000.0,151467.4,149824.05,149824.05,18.959988,10.343561,8.54015,8.540152
1.7974057e+25,0.92680275,0.9334194,310000.0,151467.47,149824.06,149824.05,18.959988,10.343803,8.5401535,8.540152
1.7974057e+25,0.95241773,0.9574048,310000.0,151467.39,149824.05,149824.06,18.959988,10.343217,8.540147,8.540152
1.7974057e+25,0.93523824,0.9392867,310000.0,151467.38,149824.03,149824.05,18.959988,10.343305,8.540148,8.540152
1.7974057e+25,0.9670493,0.9710647,310000.0,151467.39,149824.06,149824.05,18.959988,10.343475,8.540149,8.540153
1.7974057e+25,0.9248345,0.9311094,310000.0,151467.44,149824.06,149824.05,18.959988,10.3437395,8.540152,8.540152
1.7974057e+25,0.95727843,0.960818,310000.0,151467.38,149824.05,149824.05,18.959988,10.343419,8.540147,8.540153
1.7974057e+25,0.926137,0.93154263,310000.0,151467.42,149824.05,149824.05,18.959988,10.343487,8.540149,8.540152
1.7974057e+25,0.9248159,0.9317791,310000.0,151467.38,149824.06,149824.05,18.959988,10.343373,8.540148,8.540153
1.7974057e+25,0.9394672,0.9454386,310000.0,151467.34,149824.06,149824.05,18.959988,10.343427,8.54015,8.540151
1.7974057e+25,0.9305061,0.93717974,310000.0,151467.38,149824.06,149824.05,18.959988,10.343369,8.540151,8.540152
1.7974057e+25,0.9007273,0.9061841,310000.0,151467.38,149824.05,149824.03,18.959988,10.343586,8.540146,8.540151
1.7974057e+25,0.9517464,0.95678383,310000.0,151467.44,149824.05,149824.05,18.959988,10.343695,8.540151,8.540152
1.7974057e+25,0.93675274,0.9431564,310000.0,151467.36,149824.06,149824.03,18.959988,10.343368,8.540152,8.540151
1.7974057e+25,0.9253019,0.9333126,310000.0,151467.39,149824.05,149824.03,18.959988,10.343358,8.54015,8.540152
1.7974057e+25,0.9230858,0.93062437,310000.0,151467.39,149824.05,149824.06,18.959988,10.343559,8.540148,8.540152
1.7974057e+25,0.9206327,0.9282508,310000.0,151467.31,149824.05,149824.06,18.959988,10.34285,8.540151,8.540153
1.7974057e+25,0.92179334,0.92964226,310000.0,151467.4,149824.05,149824.05,18.959988,10.343613,8.5401535,8.540153
1.7974057e+25,0.9312923,0.93898624,310000.0,151467.42,149824.05,149824.05,18.959988,10.343845,8.5401535,8.540152
1.7974057e+25,0.92156255,0.9289878,310000.0,151467.4,149824.06,149824.05,18.959988,10.343531,8.540149,8.540152
1.7974057e+25,0.9315492,0.9388853,310000.0,151467.38,149824.06,149824.05,18.959988,10.34327,8.540152,8.540152
1.7974057e+25,0.94148076,0.9486502,310000.0,151467.42,149824.05,149824.03,18.959988,10.343642,8.540146,8.540152
1.7974057e+25,0.9389456,0.944764,310000.0,151467.42,149824.05,149824.05,18.959988,10.343661,8.540152,8.540153
1.7974057e+25,0.9307695,0.9376665,310000.0,151467.38,149824.08,149824.05,18.959988,10.34321,8.540149,8.540152
1.7974057e+25,0.90074307,0.90741765,310000.0,151467.4,149824.08,149824.05,18.959988,10.343321,8.54015,8.540152
1.7974057e+25,0.92461985,0.93151665,310000.0,151467.38,149824.06,149824.03,18.959988,10.343367,8.540149,8.540151
1.7974057e+25,0.9304071,0.93812156,310000.0,151467.44,149824.05,149824.05,18.959988,10.343571,8.540152,8.540152
1.7974057e+25,0.9342247,0.94123465,310000.0,151467.36,149824.06,149824.05,18.959988,10.343303,8.540152,8.540152
1.7974057e+25,0.9118155,0.9192841,310000.0,151467.36,149824.05,149824.03,18.959988,10.343183,8.540154,8.540152
1.7974057e+25,0.9160735,0.9234886,310000.0,151467.34,149824.05,149824.06,18.959988,10.343145,8.540149,8.540152
1.7974057e+25,0.9285533,0.93546385,310000.0,151467.38,149824.06,149824.05,18.959988,10.343387,8.5401535,8.540151
1.7974057e+25,0.9107827,0.91654897,310000.0,151467.39,149824.06,149824.06,18.959988,10.343317,8.540152,8.540152
1.7974057e+25,0.90544623,0.9106937,310000.0,151467.34,149824.06,149824.03,18.959988,10.343202,8.540149,8.540153
1.7974057e+25,0.92437917,0.9305371,310000.0,151467.39,149824.05,149824.05,18.959988,10.343119,8.54015,8.540152
1.7974057e+25,0.92451733,0.9313874,310000.0,151467.38,149824.06,149824.06,18.959988,10.343501,8.540149,8.540152
1.7974057e+25,0.92060775,0.9285236,310000.0,151467.4,149824.06,149824.06,18.959988,10.343465,8.540147,8.540152
1.7974057e+25,0.92328644,0.9300704,310000.0,151467.34,149824.05,149824.06,18.959988,10.343199,8.540149,8.540152
1.7974057e+25,0.9355537,0.9434799,310000.0,151467.4,149824.05,149824.05,18.959988,10.343554,8.540152,8.540152
1.7974057e+25,0.9322341,0.93938464,310000.0,151467.38,149824.06,149824.05,18.959988,10.343161,8.540148,8.540152
1.7974057e+25,0.93345857,0.9410229,310000.0,151467.42,149824.05,149824.05,18.959988,10.343356,8.540148,8.540152
1.7974057e+25,0.9266114,0.9340795,310000.0,151467.38,149824.03,149824.05,18.959988,10.343621,8.540151,8.540152
1.7974057e+25,0.9025027,0.9090898,310000.0,151467.36,149824.05,149824.06,18.959988,10.343545,8.540151,8.540153
1.7974057e+25,0.9262489,0.9334969,310000.0,151467.36,149824.05,149824.08,18.959988,10.343298,8.540149,8.540152
1.7974057e+25,0.9691069,0.97364527,310000.0,151467.39,149824.05,149824.06,18.959988,10.343278,8.540149,8.540152
1.7974057e+25,0.9362977,0.9437737,310000.0,151467.39,149824.05,149824.05,18.959988,10.343183,8.540149,8.540152
1.7974057e+25,0.89752346,0.90468115,310000.0,151467.38,149824.05,149824.05,18.959988,10.343334,8.540151,8.540152
1.7974057e+25,0.91194147,0.9187604,310000.0,151467.36,149824.05,149824.03,18.959988,10.343116,8.54015,8.540152
1.7974057e+25,0.9313778,0.9383266,310000.0,151467.36,149824.06,149824.05,18.959988,10.343275,8.540151,8.540152
1.7974057e+25,0.9426883,0.9498009,310000.0,151467.4,149824.06,149824.05,18.959988,10.34376,8.540149,8.540152
1.7974057e+25,0.93590164,0.943536,310000.0,151467.44,149824.05,149824.05,18.959988,10.34368,8.540153,8.540152
1.7974057e+25,0.9338797,0.9417433,310000.0,151467.4,149824.05,149824.03,18.959988,10.343593,8.540149,8.540152
1.7974057e+25,0.91827554,0.92566305,310000.0,151467.39,149824.05,149824.05,18.959988,10.343317,8.540148,8.540152
1.7974057e+25,0.929184,0.93656224,310000.0,151467.38,149824.05,149824.05,18.959988,10.343515,8.540153,8.540153
1.7974057e+25,0.91472083,0.9206638,310000.0,151467.38,149824.08,149824.05,18.959988,10.3433895,8.540144,8.540153
1.7974057e+25,0.9276293,0.93438774,310000.0,151467.31,149824.03,149824.05,18.959988,10.343236,8.540148,8.540152
1.7974057e+25,0.9251418,0.9330662,310000.0,151467.34,149824.05,149824.05,18.959988,10.3433,8.540146,8.540153
1.7974057e+25,0.9356519,0.9412392,310000.0,151467.39,149824.05,149824.03,18.959988,10.343472,8.540148,8.540152
1.7974057e+25,0.93455637,0.9418148,310000.0,151467.4,149824.06,149824.06,18.959988,10.343467,8.540148,8.540152
1.7974057e+25,0.93697935,0.94353825,310000.0,151467.39,149824.06,149824.06,18.959988,10.343509,8.54015,8.540153
1.7974057e+25,0.9078476,0.9151988,310000.0,151467.34,149824.06,149824.05,18.959988,10.343122,8.540149,8.540152
1.7974057e+25,0.9111494,0.91889834,310000.0,151467.4,149824.05,149824.05,18.959988,10.343502,8.540151,8.540152
1.7974057e+25,0.88970375,0.8951315,310000.0,151467.4,149824.05,149824.06,18.959988,10.343702,8.540152,8.540153
1.7974057e+25,0.9296238,0.93682164,310000.0,151467.34,149824.05,149824.03,18.959988,10.343206,8.540149,8.540151
1.7974057e+25,0.9383102,0.9451964,310000.0,151467.34,149824.06,149824.06,18.959988,10.343204,8.540147,8.540152
1.7974057e+25,0.92959076,0.9369852,310000.0,151467.34,149824.08,149824.06,18.959988,10.343261,8.540148,8.540152
1.7974057e+25,0.9380958,0.9449932,310000.0,151467.36,149824.06,149824.06,18.959988,10.343471,8.540148,8.540152
1.7974057e+25,0.9041546,0.9114601,310000.0,151467.31,149824.06,149824.05,18.959988,10.34318,8.54015,8.540151
1.7974057e+25,0.907936,0.9138671,310000.0,151467.38,149824.05,149824.03,18.959988,10.343751,8.540151,8.540152
1.7974057e+25,0.93197304,0.9391326,310000.0,151467.34,149824.03,149824.03,18.959988,10.34308,8.54015,8.540152
1.7974057e+25,0.9188587,0.9259965,310000.0,151467.39,149824.06,149824.05,18.959988,10.343497,8.540154,8.540152
1.7974057e+25,0.9258562,0.9335519,310000.0,151467.31,149824.06,149824.06,18.959988,10.343326,8.540151,8.540152
1.7974057e+25,0.9306318,0.93705374,310000.0,151467.4,149824.06,149824.05,18.959988,10.343518,8.540153,8.540152
1.7974057e+25,0.93081987,0.9377898,310000.0,151467.34,149824.06,149824.03,18.959988,10.342963,8.540151,8.540152
1.7974057e+25,0.9204489,0.92783964,310000.0,151467.4,149824.05,149824.05,18.959988,10.343482,8.540146,8.540153
1.7974057e+25,0.93433076,0.94216496,310000.0,151467.38,149824.08,149824.05,18.959988,10.343408,8.540149,8.540152
1.7974057e+25,0.95619583,0.9629083,310000.0,151467.4,149824.05,149824.06,18.959988,10.343397,8.540149,8.540152
1.7974057e+25,0.92247355,0.92953557,310000.0,151467.38,149824.06,149824.06,18.959988,10.343684,8.540148,8.540151
1.7974057e+25,0.92504066,0.93103385,310000.0,151467.38,149824.06,149824.05,18.959988,10.343266,8.540153,8.540149
1.7974057e+25,0.9202506,0.926598,310000.0,151467.38,149824.05,149824.03,18.959988,10.343177,8.540149,8.540149
1.7974057e+25,0.91246057,0.91927415,310000.0,151467.39,149824.06,149824.06,18.959988,10.343604,8.540154,8.540148
1.7974057e+25,0.91001374,0.9171028,310000.0,151467.39,149824.06,149824.05,18.959988,10.343526,8.54015,8.540148
1.7974057e+25,0.9063462,0.91365707,310000.0,151467.38,149824.06,149824.05,18.959988,10.343405,8.540151,8.540149
1.7974057e+25,0.9102415,0.9164644,310000.0,151467.39,149824.05,149824.05,18.959988,10.343465,8.54015,8.540148
1.7974057e+25,0.9278206,0.9345829,310000.0,151467.4,149824.06,149824.06,18.959988,10.343738,8.540151,8.540148
1.7974057e+25,0.9441694,0.9499396,310000.0,151467.38,149824.05,149824.05,18.959988,10.34344,8.54015,8.540147
1.7974057e+25,0.9424612,0.9483194,310000.0,151467.31,149824.05,149824.03,18.959988,10.343031,8.540154,8.540149
1.7974057e+25,0.91614294,0.9243132,310000.0,151467.4,149824.05,149824.03,18.959988,10.343527,8.540149,8.540148
1.7974057e+25,0.9222892,0.9293898,310000.0,151467.36,149824.06,149824.05,18.959988,10.3432455,8.54015,8.540148
1.7974057e+25,0.9328974,0.9401149,310000.0,151467.36,149824.08,149824.05,18.959988,10.343354,8.540151,8.540147
1.7974057e+25,0.91276586,0.9193419,310000.0,151467.42,149824.06,149824.03,18.959988,10.343665,8.540152,8.540148
1.7974057e+25,0.93436295,0.9410216,310000.0,151467.38,149824.05,149824.05,18.959988,10.343369,8.540149,8.540147
1.7974057e+25,0.9273384,0.9347928,310000.0,151467.39,149824.06,149824.05,18.959988,10.343253,8.54015,8.540149
1.7974057e+25,0.92788243,0.9345227,310000.0,151467.33,149824.05,149824.05,18.959988,10.3431,8.540151,8.540149
1.7974057e+25,0.9329672,0.9400215,310000.0,151467.39,149824.05,149824.06,18.959988,10.343723,8.540148,8.540149
1.7974057e+25,0.93774587,0.94334716,310000.0,151467.4,149824.08,149824.06,18.959988,10.3434305,8.540151,8.540149
1.7974057e+25,0.93909764,0.9459557,310000.0,151467.34,149824.05,149824.06,18.959988,10.343518,8.540153,8.540148
1.7974057e+25,0.91422755,0.9207951,310000.0,151467.4,149824.03,149824.05,18.959988,10.343497,8.540151,8.540148
1.7974057e+25,0.92960066,0.9364275,310000.0,151467.4,149824.05,149824.05,18.959988,10.343196,8.540146,8.540147
1.7974057e+25,0.9101156,0.9168838,310000.0,151467.39,149824.08,149824.05,18.959988,10.343354,8.540148,8.540148
1.7974057e+25,0.9708935,0.97494555,310000.0,151467.39,149824.05,149824.03,18.959988,10.343363,8.540151,8.540148
1.7974057e+25,0.9310291,0.93762815,310000.0,151467.36,149824.03,149824.1,18.959988,10.34309,8.540148,8.540148
1.7974057e+25,0.93102646,0.9371046,310000.0,151467.34,149824.05,149824.05,18.959988,10.343378,8.540148,8.540149
1.7974057e+25,0.91709524,0.92328215,310000.0,151467.39,149824.06,149824.05,18.959988,10.34337,8.540148,8.540149
1.7974057e+25,0.9344793,0.9420453,310000.0,151467.4,149824.05,149824.06,18.959988,10.343385,8.540152,8.540148
1.7974057e+25,0.9307932,0.93728524,310000.0,151467.38,149824.05,149824.08,18.959988,10.34348,8.540154,8.540149
1.7974057e+25,0.94149864,0.94857734,310000.0,151467.36,149824.05,149824.03,18.959988,10.343511,8.540147,8.540148
1.7974057e+25,0.934947,0.94185615,310000.0,151467.42,149824.06,149824.06,18.959988,10.3437605,8.540149,8.540149
1.7974057e+25,0.93395513,0.94067913,310000.0,151467.4,149824.06,149824.05,18.959988,10.343372,8.540151,8.540148
1.7974057e+25,0.9204983,0.92727405,310000.0,151467.38,149824.05,149824.05,18.959988,10.34317,8.540149,8.540148
1.7974057e+25,0.9344934,0.94122636,310000.0,151467.4,149824.05,149824.05,18.959988,10.343506,8.5401535,8.540147
1.7974057e+25,0.9186683,0.92542464,310000.0,151467.36,149824.05,149824.05,18.959988,10.343008,8.540146,8.540148
1.7974057e+25,0.9355242,0.9423173,310000.0,151467.39,149824.06,149824.05,18.959988,10.343065,8.54015,8.540148
1.7974057e+25,0.9210996,0.9272498,310000.0,151467.36,149824.06,149824.05,18.959988,10.343452,8.540147,8.540148
1.7974057e+25,0.931225,0.93811196,310000.0,151467.34,149824.06,149824.05,18.959988,10.343245,8.540147,8.540148
1.7974057e+25,0.9226244,0.92943203,310000.0,151467.39,149824.05,149824.06,18.959988,10.343491,8.540145,8.540149
1.7974057e+25,0.92880017,0.9365118,310000.0,151467.39,149824.05,149824.05,18.959988,10.343593,8.540146,8.540148
1.7974057e+25,0.9218594,0.9286799,310000.0,151467.33,149824.06,149824.05,18.959988,10.343103,8.540152,8.540147
1.7974057e+25,0.93132645,0.93755287,310000.0,151467.4,149824.05,149824.05,18.959988,10.34371,8.540153,8.540148
1.7974057e+25,0.9306386,0.93649954,310000.0,151467.4,149824.06,149824.05,18.959988,10.343641,8.540149,8.540148
1.7974057e+25,0.9337535,0.93993485,310000.0,151467.39,149824.05,149824.05,18.959988,10.343183,8.540148,8.540148
1.7974057e+25,0.9349041,0.9417648,310000.0,151467.36,149824.05,149824.03,18.959988,10.343263,8.540149,8.540149
1.7974057e+25,0.94169384,0.94807744,310000.0,151467.4,149824.06,149824.05,18.959988,10.343254,8.540149,8.540148
1.7974057e+25,0.9099546,0.91564363,310000.0,151467.45,149824.06,149824.05,18.959988,10.343884,8.540152,8.540148
1.7974057e+25,0.92427,0.93104327,310000.0,151467.38,149824.05,149824.05,18.959988,10.343134,8.540149,8.540149
1.7974057e+25,0.92273784,0.9301646,310000.0,151467.4,149824.03,149824.03,18.959988,10.343319,8.540148,8.540147
1.7974057e+25,0.9434228,0.94981,310000.0,151467.34,149824.03,149824.06,18.959988,10.343348,8.540152,8.540149
1.7974057e+25,0.9297349,0.936844,310000.0,151467.42,149824.05,149824.06,18.959988,10.343373,8.540151,8.540148
1.7974057e+25,0.9298198,0.9367407,310000.0,151467.34,149824.06,149824.05,18.959988,10.34329,8.54015,8.540149
1.7974057e+25,0.9322099,0.9392037,310000.0,151467.38,149824.06,149824.05,18.959988,10.343474,8.540148,8.540148
1.7974057e+25,0.93434834,0.94057673,310000.0,151467.4,149824.05,149824.05,18.959988,10.343484,8.540146,8.540149
1.7974057e+25,0.91403383,0.9209166,310000.0,151467.4,149824.05,149824.03,18.959988,10.343798,8.540151,8.540148
1.7974057e+25,0.93419087,0.9407132,310000.0,151467.4,149824.06,149824.05,18.959988,10.343355,8.54015,8.540148
1.7974057e+25,0.9258284,0.9314766,310000.0,151467.4,149824.06,149824.05,18.959988,10.343773,8.540152,8.540148
1.7974057e+25,0.9484873,0.9537751,310000.0,151467.38,149824.05,149824.06,18.959988,10.343398,8.540149,8.540148
1.7974057e+25,0.9370072,0.94338864,310000.0,151467.34,149824.06,149824.05,18.959988,10.34315,8.54015,8.540147
1.7974057e+25,0.9002443,0.9058573,310000.0,151467.4,149824.06,149824.05,18.959988,10.343531,8.540151,8.540147
1.7974057e+25,0.928442,0.9346485,310000.0,151467.34,149824.05,149824.03,18.959988,10.342944,8.540149,8.540148
1.7974057e+25,0.93438023,0.940405,310000.0,151467.42,149824.05,149824.05,18.959988,10.343536,8.54015,8.540148
1.7974057e+25,0.93211806,0.9386549,310000.0,151467.34,149824.05,149824.03,18.959988,10.343388,8.540147,8.540148
1.7974057e+25,0.9402214,0.94725734,310000.0,151467.4,149824.05,149824.05,18.959988,10.343597,8.540148,8.540148
1.7974057e+25,0.96943676,0.9736709,310000.0,151467.39,149824.08,149824.06,18.959988,10.343416,8.54015,8.540148
1.7974057e+25,0.94192547,0.9484987,310000.0,151467.39,149824.06,149824.03,18.959988,10.343543,8.540149,8.540149
1.7974057e+25,0.9194854,0.9260887,310000.0,151467.42,149824.05,149824.05,18.959988,10.343631,8.540151,8.540147
1.7974057e+25,0.9572291,0.96224123,310000.0,151467.39,149824.03,149824.05,18.959988,10.343353,8.540148,8.540147
1.7974057e+25,0.9293198,0.93533695,310000.0,151467.4,149824.05,149824.06,18.959988,10.3434725,8.54015,8.540148
1.7974057e+25,0.95161897,0.9572769,310000.0,151467.33,149824.06,149824.03,18.959988,10.342996,8.540147,8.540148
1.7974057e+25,0.9137563,0.9209709,310000.0,151467.38,149824.03,149824.05,18.959988,10.343413,8.540151,8.540149
1.7974057e+25,0.9341278,0.9406906,310000.0,151467.39,149824.06,149824.05,18.959988,10.343613,8.540149,8.540149
1.7974057e+25,0.9206523,0.9281567,310000.0,151467.45,149824.06,149824.03,18.959988,10.343618,8.540153,8.540148
1.7974057e+25,0.92505807,0.9322179,310000.0,151467.45,149824.05,149824.06,18.959988,10.343785,8.54015,8.540148
1.7974057e+25,0.9272114,0.93376124,310000.0,151467.33,149824.05,149824.08,18.959988,10.343075,8.540151,8.540147
1.7974057e+25,0.9641185,0.96911526,310000.0,151467.38,149824.05,149824.06,18.959988,10.343116,8.54015,8.540149
1.7974057e+25,0.9339332,0.94093955,310000.0,151467.42,149824.05,149824.05,18.959988,10.343487,8.540147,8.540148
1.7974057e+25,0.93742824,0.9443966,310000.0,151467.34,149824.06,149824.06,18.959988,10.343122,8.540152,8.540149
1.7974057e+25,0.92839944,0.93476504,310000.0,151467.44,149824.05,149824.05,18.959988,10.343741,8.540152,8.540148
1.7974057e+25,0.95393723,0.95880014,310000.0,151467.4,149824.06,149824.06,18.959988,10.343393,8.54015,8.540148
1.7974057e+25,0.9297292,0.9352972,310000.0,151467.38,149824.06,149824.05,18.959988,10.343434,8.540149,8.540148
1.7974057e+25,0.9288359,0.9351458,310000.0,151467.36,149824.06,149824.03,18.959988,10.343328,8.540149,8.540148
1.7974057e+25,0.93467444,0.941097,310000.0,151467.38,149824.05,149824.03,18.959988,10.343592,8.540151,8.540148
1.7974057e+25,0.9148283,0.92097735,310000.0,151467.42,149824.06,149824.05,18.959988,10.343501,8.54015,8.540148
1.7974057e+25,0.94430804,0.94941056,310000.0,151467.38,149824.05,149824.08,18.959988,10.343207,8.540148,8.540148
1.7974057e+25,0.9234581,0.92971617,310000.0,151467.36,149824.06,149824.08,18.959988,10.343086,8.540149,8.540147
1.7974057e+25,0.9328558,0.9386453,310000.0,151467.44,149824.06,149824.05,18.959988,10.343554,8.54015,8.540147
1.7974057e+25,0.91583955,0.9225251,310000.0,151467.42,149824.05,149824.05,18.959988,10.343634,8.540149,8.540148
1.7974057e+25,0.93482083,0.9410692,310000.0,151467.39,149824.05,149824.05,18.959988,10.343369,8.54015,8.540148
1.7974057e+25,0.92523104,0.93251514,310000.0,151467.39,149824.05,149824.05,18.959988,10.3433275,8.540151,8.540147
1.7974057e+25,0.93279326,0.93934935,310000.0,151467.38,149824.05,149824.05,18.959988,10.343259,8.540149,8.540149
1.7974057e+25,0.9405908,0.94676495,310000.0,151467.4,149824.06,149824.05,18.959988,10.343297,8.54015,8.540149
1.7974057e+25,0.9378977,0.9442407,310000.0,151467.4,149824.05,149824.03,18.959988,10.343338,8.540153,8.540148
1.7974057e+25,0.9342112,0.94138646,310000.0,151467.42,149824.05,149824.06,18.959988,10.343334,8.540151,8.540148
1.7974057e+25,0.9360241,0.9428078,310000.0,151467.33,149824.05,149824.03,18.959988,10.343283,8.54015,8.540148
1.7974057e+25,0.9174426,0.9263925,310000.0,151467.39,149824.05,149824.05,18.959988,10.343646,8.540148,8.540148
1.7974057e+25,0.9233209,0.9320017,310000.0,151467.4,149824.06,149824.05,18.959988,10.343397,8.540153,8.540148
1.7974057e+25,0.9178957,0.924308,310000.0,151467.33,149824.06,149824.05,18.959988,10.343276,8.540152,8.540148
1.7974057e+25,0.9227433,0.9289076,310000.0,151467.42,149824.05,149824.03,18.959988,10.343592,8.54015,8.540148
1.7974057e+25,0.9393509,0.9455917,310000.0,151467.39,149824.06,149824.05,18.959988,10.343502,8.540147,8.540148
1.7974057e+25,0.914523,0.92058307,310000.0,151467.42,149824.03,149824.05,18.959988,10.343585,8.540155,8.540147
1.7974057e+25,0.9436413,0.9484913,310000.0,151467.4,149824.03,149824.03,18.959988,10.343612,8.540148,8.540149
1.7974057e+25,0.93926716,0.94594747,310000.0,151467.39,149824.06,149824.05,18.959988,10.343402,8.540151,8.540147
1.7974057e+25,0.9401037,0.94591117,310000.0,151467.4,149824.05,149824.03,18.959988,10.34337,8.540151,8.540148
1.7974057e+25,0.92498815,0.93174195,310000.0,151467.39,149824.05,149824.03,18.959988,10.343336,8.540147,8.540149
1.7974057e+25,0.93187344,0.9380838,310000.0,151467.38,149824.05,149824.05,18.959988,10.343318,8.540149,8.540149
1.7974057e+25,0.9358474,0.94234425,310000.0,151467.4,149824.06,149824.05,18.959988,10.343696,8.540149,8.540149
1.7974057e+25,0.9115642,0.91711134,310000.0,151467.39,149824.06,149824.05,18.959988,10.343213,8.540146,8.540148
1.7974057e+25,0.9307424,0.93743485,310000.0,151467.42,149824.05,149824.06,18.959988,10.343463,8.540149,8.540149
1.7974057e+25,0.93800265,0.9449584,310000.0,151467.27,149824.06,149824.05,18.959988,10.343067,8.540151,8.540148
1.7974057e+25,0.9245664,0.9311035,310000.0,151467.36,149824.06,149824.05,18.959988,10.343362,8.540152,8.540149
1.7974057e+25,0.92519546,0.9311769,310000.0,151467.38,149824.06,149824.05,18.959988,10.343627,8.540152,8.540149
1.7974057e+25,0.9089121,0.9147468,310000.0,151467.34,149824.06,149824.05,18.959988,10.343107,8.540148,8.540149
1.7974057e+25,0.89406437,0.9001065,310000.0,151467.34,149824.06,149824.08,18.959988,10.343121,8.54015,8.540149
1.7974057e+25,0.89470375,0.9006119,310000.0,151467.42,149824.06,149824.06,18.959988,10.343486,8.540148,8.540148
1.7974057e+25,0.92433745,0.9298201,310000.0,151467.38,149824.08,149824.08,18.959988,10.343412,8.540148,8.54015
1.7974057e+25,0.9305517,0.9364638,310000.0,151467.4,149824.06,149824.06,18.959988,10.343407,8.540153,8.540149
1.7974057e+25,0.9357801,0.94097286,310000.0,151467.38,149824.05,149824.05,18.959988,10.342934,8.540149,8.540149
1.7974057e+25,0.93529415,0.9407942,310000.0,151467.39,149824.05,149824.06,18.959988,10.343312,8.540151,8.540148
1.7974057e+25,0.9085706,0.91509074,310000.0,151467.34,149824.05,149824.06,18.959988,10.343084,8.540153,8.54015
1.7974057e+25,0.93272984,0.9401513,310000.0,151467.36,149824.05,149824.05,18.959988,10.343437,8.540151,8.54015
1.7974057e+25,0.93101656,0.9372083,310000.0,151467.4,149824.05,149824.06,18.959988,10.343293,8.540153,8.540149
1.7974057e+25,0.9320611,0.9387116,310000.0,151467.39,149824.06,149824.06,18.959988,10.343315,8.540148,8.540149
1.7974057e+25,0.93043244,0.93703425,310000.0,151467.42,149824.05,149824.05,18.959988,10.34357,8.540153,8.540149
1.7974057e+25,0.9362921,0.9433958,310000.0,151467.33,149824.06,149824.05,18.959988,10.343517,8.540152,8.540149
1.7974057e+25,0.9313461,0.93883854,310000.0,151467.38,149824.05,149824.05,18.959988,10.343156,8.54015,8.540149
1.7974057e+25,0.9343817,0.93996966,310000.0,151467.39,149824.05,149824.06,18.959988,10.3435,8.54015,8.54015
1.7974057e+25,0.92432505,0.93074733,310000.0,151467.4,149824.06,149824.06,18.959988,10.343321,8.540149,8.540149
1.7974057e+25,0.9261881,0.9326984,310000.0,151467.4,149824.05,149824.08,18.959988,10.343583,8.54015,8.540149
1.7974057e+25,0.9322069,0.9384224,310000.0,151467.36,149824.08,149824.08,18.959988,10.343303,8.54015,8.540149
1.7974057e+25,0.91620886,0.92220014,310000.0,151467.36,149824.06,149824.06,18.959988,10.343419,8.540154,8.540149
1.7974057e+25,0.89633983,0.90224147,310000.0,151467.39,149824.05,149824.06,18.959988,10.343578,8.540149,8.54015
1.7974057e+25,0.9432738,0.949867,310000.0,151467.4,149824.06,149824.05,18.959988,10.343254,8.54015,8.540149
1.7974057e+25,0.94046825,0.94706273,310000.0,151467.39,149824.05,149824.03,18.959988,10.343569,8.540147,8.540149
1.7974057e+25,0.8871683,0.8932052,310000.0,151467.36,149824.05,149824.06,18.959988,10.34339,8.540151,8.540149
1.7974057e+25,0.91618645,0.92187285,310000.0,151467.36,149824.06,149824.1,18.959988,10.343188,8.540148,8.540149
1.7974057e+25,0.93715864,0.9441416,310000.0,151467.38,149824.06,149824.1,18.959988,10.343161,8.540147,8.540149
1.7974057e+25,0.89740896,0.90353584,310000.0,151467.4,149824.05,149824.03,18.959988,10.343608,8.540148,8.540149
1.7974057e+25,0.9386662,0.9440851,310000.0,151467.39,149824.05,149824.08,18.959988,10.343293,8.540147,8.540149
1.7974057e+25,0.946657,0.954035,310000.0,151467.38,149824.06,149824.06,18.959988,10.3431835,8.54015,8.540149
1.7974057e+25,0.9437784,0.95049775,310000.0,151467.36,149824.06,149824.08,18.959988,10.343202,8.54015,8.540148
1.7974057e+25,0.9438198,0.94877017,310000.0,151467.31,149824.03,149824.08,18.959988,10.343121,8.54015,8.540149
1.7974057e+25,0.9298783,0.9361734,310000.0,151467.39,149824.05,149824.05,18.959988,10.343377,8.540148,8.540149
1.7974057e+25,0.91419446,0.91990346,310000.0,151467.44,149824.06,149824.08,18.959988,10.343436,8.540153,8.54015
1.7974057e+25,0.93592715,0.9429372,310000.0,151467.36,149824.06,149824.05,18.959988,10.343199,8.540152,8.540149
1.7974057e+25,0.93615174,0.9427161,310000.0,151467.31,149824.06,149824.06,18.959988,10.343183,8.540153,8.540149
1.7974057e+25,0.9294349,0.93616694,310000.0,151467.36,149824.05,149824.05,18.959988,10.343063,8.540151,8.54015
1.7974057e+25,0.93897575,0.945588,310000.0,151467.39,149824.06,149824.03,18.959988,10.343581,8.540151,8.540149
1.7974057e+25,0.9402771,0.9461024,310000.0,151467.38,149824.06,149824.08,18.959988,10.343462,8.540148,8.540149
1.7974057e+25,0.9207622,0.9280208,310000.0,151467.4,149824.05,149824.05,18.959988,10.343301,8.540146,8.540149
1.7974057e+25,0.9352245,0.941701,310000.0,151467.34,149824.06,149824.02,18.959988,10.343281,8.540152,8.540149
1.7974057e+25,0.9490447,0.9557642,310000.0,151467.42,149824.05,149824.06,18.959988,10.343678,8.540152,8.540149
1.7974057e+25,0.92349195,0.92969984,310000.0,151467.33,149824.03,149824.05,18.959988,10.343243,8.540153,8.540149
1.7974057e+25,0.9346777,0.9410051,310000.0,151467.31,149824.05,149824.05,18.959988,10.343025,8.540151,8.540149
1.7974057e+25,0.91688144,0.9235627,310000.0,151467.38,149824.03,149824.05,18.959988,10.343247,8.540149,8.540149
1.7974057e+25,0.92299706,0.9293653,310000.0,151467.42,149824.05,149824.06,18.959988,10.343574,8.540151,8.540149
1.7974057e+25,0.9208711,0.92741966,310000.0,151467.4,149824.06,149824.08,18.959988,10.343626,8.540149,8.540149
1.7974057e+25,0.9319198,0.93889266,310000.0,151467.31,149824.05,149824.05,18.959988,10.343153,8.540148,8.540149
1.7974057e+25,0.9085411,0.914824,310000.0,151467.38,149824.06,149824.06,18.959988,10.343272,8.540144,8.540149
1.7974057e+25,0.92754376,0.93366647,310000.0,151467.4,149824.06,149824.06,18.959988,10.343465,8.540146,8.540149
1.7974057e+25,0.9418108,0.948002,310000.0,151467.36,149824.05,149824.05,18.959988,10.343488,8.540152,8.540149
1.7974057e+25,0.9430362,0.94986886,310000.0,151467.39,149824.05,149824.06,18.959988,10.343266,8.540151,8.540149
1.7974057e+25,0.9046033,0.9105486,310000.0,151467.39,149824.08,149824.06,18.959988,10.3435335,8.540148,8.54015
1.7974057e+25,0.9352275,0.9414906,310000.0,151467.34,149824.05,149824.05,18.959988,10.343314,8.540151,8.540149
1.7974057e+25,0.9328187,0.9393087,310000.0,151467.33,149824.05,149824.08,18.959988,10.343457,8.540148,8.540149
1.7974057e+25,0.924585,0.9310856,310000.0,151467.38,149824.08,149824.05,18.959988,10.343283,8.540148,8.540149
1.7974057e+25,0.9221893,0.9284382,310000.0,151467.39,149824.06,149824.06,18.959988,10.343243,8.540148,8.540149
1.7974057e+25,0.9327306,0.93897057,310000.0,151467.36,149824.06,149824.06,18.959988,10.343506,8.540149,8.540149
1.7974057e+25,0.943492,0.95023775,310000.0,151467.39,149824.06,149824.06,18.959988,10.343374,8.540153,8.540149
1.7974057e+25,0.9424478,0.948822,310000.0,151467.38,149824.05,149824.06,18.959988,10.343442,8.540149,8.540149
1.7974057e+25,0.88681775,0.892366,310000.0,151467.36,149824.03,149824.05,18.959988,10.3431225,8.54015,8.54015
1.7974057e+25,0.92418957,0.93040705,310000.0,151467.4,149824.05,149824.08,18.959988,10.34351,8.540148,8.540149
1.7974057e+25,0.9257082,0.93182343,310000.0,151467.39,149824.05,149824.08,18.959988,10.343611,8.540151,8.540149
1.7974057e+25,0.9090558,0.915183,310000.0,151467.39,149824.05,149824.06,18.959988,10.343212,8.5401535,8.540149
1.7974057e+25,0.92480654,0.930867,310000.0,151467.36,149824.06,149824.06,18.959988,10.34343,8.540149,8.540149
1.7974057e+25,0.93410814,0.9409863,310000.0,151467.39,149824.03,149824.06,18.959988,10.343467,8.54015,8.54015
1.7974057e+25,0.9331272,0.939264,310000.0,151467.36,149824.06,149824.06,18.959988,10.343389,8.540148,8.540149
1.7974057e+25,0.9286873,0.9354745,310000.0,151467.38,149824.06,149824.06,18.959988,10.34308,8.540148,8.540149
1.7974057e+25,0.9279995,0.93450797,310000.0,151467.39,149824.03,149824.06,18.959988,10.343539,8.540155,8.540149
1.7974057e+25,0.9490235,0.9558491,310000.0,151467.36,149824.06,149824.08,18.959988,10.343073,8.540148,8.540149
1.7974057e+25,0.93623513,0.9436693,310000.0,151467.4,149824.06,149824.05,18.959988,10.343489,8.54015,8.540149
1.7974057e+25,0.9322226,0.9388454,310000.0,151467.4,149824.06,149824.06,18.959988,10.3436575,8.540148,8.540149
1.7974057e+25,0.93327266,0.93935597,310000.0,151467.42,149824.06,149824.05,18.959988,10.343643,8.540148,8.540149
1.7974057e+25,0.8920647,0.898375,310000.0,151467.45,149824.08,149824.02,18.959988,10.343739,8.5401535,8.540149
1.7974057e+25,0.91229796,0.91832924,310000.0,151467.36,149824.05,149824.05,18.959988,10.343274,8.540146,8.540149
1.7974057e+25,0.9343628,0.9410119,310000.0,151467.38,149824.05,149824.06,18.959988,10.343426,8.540151,8.540148
1.7974057e+25,0.94274473,0.9491949,310000.0,151467.33,149824.05,149824.06,18.959988,10.342919,8.540153,8.540149
1.7974057e+25,0.92441565,0.9303071,310000.0,151467.42,149824.06,149824.06,18.959988,10.343384,8.540148,8.540149
1.7974057e+25,0.9342442,0.9415128,310000.0,151467.38,149824.05,149824.08,18.959988,10.343263,8.54015,8.54015
1.7974057e+25,0.9462292,0.95245427,310000.0,151467.36,149824.08,149824.06,18.959988,10.343271,8.54015,8.540149
1.7974057e+25,0.92833835,0.93588716,310000.0,151467.42,149824.06,149824.08,18.959988,10.343814,8.5401535,8.540149
1.7974057e+25,0.9206425,0.92647815,310000.0,151467.38,149824.06,149824.06,18.959988,10.343307,8.540148,8.540149
1.7974057e+25,0.9170958,0.9236672,310000.0,151467.42,149824.05,149824.06,18.959988,10.343509,8.540153,8.540149
1.7974057e+25,0.92949665,0.93579644,310000.0,151467.39,149824.05,149824.08,18.959988,10.343331,8.540149,8.540149
1.7974057e+25,0.91741055,0.9241849,310000.0,151467.38,149824.08,149824.08,18.959988,10.343539,8.540149,8.54015
1.7974057e+25,0.9257431,0.9325854,310000.0,151467.4,149824.08,149824.06,18.959988,10.343651,8.540152,8.540149
1.7974057e+25,0.93786454,0.94495326,310000.0,151467.38,149824.05,149824.08,18.959988,10.343339,8.540151,8.540149
1.7974057e+25,0.92979205,0.93655527,310000.0,151467.38,149824.06,149824.06,18.959988,10.343438,8.540148,8.540149
1.7974057e+25,0.9214557,0.92802465,310000.0,151467.36,149824.05,149824.06,18.959988,10.343305,8.540149,8.540149
1.7974057e+25,0.9287672,0.9350828,310000.0,151467.39,149824.05,149824.08,18.959988,10.343445,8.540152,8.540149
1.7974057e+25,0.94027245,0.946399,310000.0,151467.4,149824.02,149824.06,18.959988,10.343593,8.540149,8.540149
1.7974057e+25,0.9182015,0.9242705,310000.0,151467.38,149824.06,149824.06,18.959988,10.34374,8.5401535,8.540149
1.7974057e+25,0.93268204,0.93869585,310000.0,151467.38,149824.06,149824.03,18.959988,10.343281,8.540152,8.540149
1.7974057e+25,0.928748,0.9350177,310000.0,151467.36,149824.06,149824.06,18.959988,10.343718,8.540152,8.540149
1.7974057e+25,0.9345161,0.94070196,310000.0,151467.39,149824.08,149824.06,18.959988,10.343247,8.540153,8.540149
1.7974057e+25,0.92652273,0.932762,310000.0,151467.38,149824.05,149824.06,18.959988,10.343478,8.540152,8.540149
1.7974057e+25,0.940092,0.9466964,310000.0,151467.33,149824.06,149824.06,18.959988,10.343164,8.540151,8.540149
1.7974057e+25,0.9437357,0.94992614,310000.0,151467.38,149824.08,149824.06,18.959988,10.343634,8.540152,8.540149
1.7974057e+25,0.9135831,0.9200274,310000.0,151467.42,149824.06,149824.03,18.959988,10.343253,8.540151,8.540149
1.7974057e+25,0.9234965,0.9300795,310000.0,151467.33,149824.05,149824.08,18.959988,10.342989,8.540152,8.540149
1.7974057e+25,0.93803257,0.94458693,310000.0,151467.38,149824.03,149824.05,18.959988,10.3433895,8.540148,8.54015
1.7974057e+25,0.93194765,0.9385323,310000.0,151467.39,149824.05,149824.05,18.959988,10.34344,8.540148,8.540149
1.7974057e+25,0.92506224,0.9313116,310000.0,151467.39,149824.05,149824.03,18.959988,10.3435955,8.540152,8.540149
1.7974057e+25,0.9379172,0.94513667,310000.0,151467.42,149824.03,149824.08,18.959988,10.343702,8.5401535,8.540149
1.7974057e+25,0.9415996,0.9493968,310000.0,151467.36,149824.05,149824.06,18.959988,10.343203,8.540153,8.540149
1.7974057e+25,0.93734616,0.9442845,310000.0,151467.38,149824.05,149824.05,18.959988,10.3433,8.540151,8.540149
1.7974057e+25,0.93135625,0.93801,310000.0,151467.34,149824.06,149824.05,18.959988,10.343323,8.540149,8.540148
1.7974057e+25,0.93670154,0.9435226,310000.0,151467.39,149824.06,149824.05,18.959988,10.343376,8.54015,8.540149
1.7974057e+25,0.9366877,0.942657,310000.0,151467.34,149824.06,149824.03,18.959988,10.34315,8.540149,8.540149
1.7974057e+25,0.92962664,0.93700516,310000.0,151467.33,149824.06,149824.05,18.959988,10.3433695,8.540151,8.540149
1.7974057e+25,0.9333931,0.93976164,310000.0,151467.39,149824.05,149824.06,18.959988,10.343586,8.540151,8.540149
1.7974057e+25,0.92763084,0.9336233,310000.0,151467.38,149824.05,149824.05,18.959988,10.34368,8.540148,8.540148
1.7974057e+25,0.9275013,0.9344082,310000.0,151467.39,149824.06,149824.03,18.959988,10.343488,8.54015,8.540149
1.7974057e+25,0.9299589,0.93738455,310000.0,151467.38,149824.05,149824.06,18.959988,10.343352,8.540145,8.540149
1.7974057e+25,0.95807713,0.964544,310000.0,151467.33,149824.05,149824.06,18.959988,10.343161,8.540151,8.540148
1.7974057e+25,0.94358367,0.9502084,310000.0,151467.4,149824.06,149824.05,18.959988,10.343318,8.54015,8.540149
1.7974057e+25,0.9279799,0.93477446,310000.0,151467.42,149824.08,149824.06,18.959988,10.343479,8.540149,8.540149
1.7974057e+25,0.9175417,0.92424464,310000.0,151467.38,149824.05,149824.06,18.959988,10.343133,8.540149,8.540148
1.7974057e+25,0.9140536,0.92033225,310000.0,151467.4,149824.06,149824.05,18.959988,10.343563,8.540149,8.540147
1.7974057e+25,0.92188007,0.9278283,310000.0,151467.38,149824.06,149824.06,18.959988,10.343484,8.540148,8.540148
1.7974057e+25,0.91847205,0.92520416,310000.0,151467.38,149824.06,149824.06,18.959988,10.343302,8.54015,8.540146
1.7974057e+25,0.928496,0.9341449,310000.0,151467.33,149824.06,149824.06,18.959988,10.343573,8.5401535,8.540148
1.7974057e+25,0.91337603,0.9194049,310000.0,151467.39,149824.05,149824.05,18.959988,10.34349,8.540148,8.540147
1.7974057e+25,0.9147033,0.92080456,310000.0,151467.38,149824.06,149824.05,18.959988,10.343365,8.540146,8.540147
1.7974057e+25,0.9417749,0.94820356,310000.0,151467.4,149824.05,149824.06,18.959988,10.343458,8.540147,8.540147
1.7974057e+25,0.91532815,0.9210858,310000.0,151467.31,149824.06,149824.05,18.959988,10.343134,8.5401535,8.540147
1.7974057e+25,0.9361451,0.9424291,310000.0,151467.42,149824.06,149824.06,18.959988,10.343336,8.540151,8.540148
1.7974057e+25,0.9309282,0.93719727,310000.0,151467.4,149824.08,149824.05,18.959988,10.343421,8.540149,8.540146
1.7974057e+25,0.93925387,0.9456243,310000.0,151467.39,149824.05,149824.06,18.959988,10.343369,8.540151,8.540147
1.7974057e+25,0.9480708,0.95446825,310000.0,151467.39,149824.05,149824.05,18.959988,10.343493,8.540152,8.540147
1.7974057e+25,0.92266846,0.9296966,310000.0,151467.45,149824.05,149824.05,18.959988,10.343533,8.54015,8.540147
1.7974057e+25,0.921341,0.9283335,310000.0,151467.33,149824.03,149824.05,18.959988,10.34307,8.540153,8.540147
1.7974057e+25,0.93855023,0.945578,310000.0,151467.36,149824.06,149824.05,18.959988,10.343293,8.540149,8.540147
1.7974057e+25,0.93796045,0.94405967,310000.0,151467.36,149824.05,149824.05,18.959988,10.34337,8.54015,8.540147
1.7974057e+25,0.92258555,0.92924726,310000.0,151467.33,149824.05,149824.06,18.959988,10.343142,8.540152,8.540147
1.7974057e+25,0.9443541,0.95139503,310000.0,151467.38,149824.06,149824.05,18.959988,10.343534,8.540151,8.540147
1.7974057e+25,0.9332881,0.94037306,310000.0,151467.39,149824.06,149824.06,18.959988,10.343328,8.540147,8.540147
1.7974057e+25,0.91411453,0.9206178,310000.0,151467.4,149824.06,149824.05,18.959988,10.343331,8.54015,8.540147
1.7974057e+25,0.9267128,0.9338156,310000.0,151467.31,149824.05,149824.06,18.959988,10.3431835,8.540151,8.540146
1.7974057e+25,0.95820075,0.965256,310000.0,151467.4,149824.06,149824.05,18.959988,10.343648,8.540153,8.540147
1.7974057e+25,0.93582165,0.94178796,310000.0,151467.38,149824.05,149824.05,18.959988,10.343375,8.540145,8.540147
1.7974057e+25,0.9487217,0.9548245,310000.0,151467.4,149824.05,149824.06,18.959988,10.343579,8.54015,8.540147
1.7974057e+25,0.945811,0.95265186,310000.0,151467.42,149824.05,149824.05,18.959988,10.343636,8.54015,8.540148
1.7974057e+25,0.95197463,0.958427,310000.0,151467.39,149824.08,149824.03,18.959988,10.3432665,8.540148,8.540146
1.7974057e+25,0.93163526,0.93878347,310000.0,151467.38,149824.06,149824.05,18.959988,10.3435135,8.54015,8.540147
1.7974057e+25,0.91380674,0.9194034,310000.0,151467.39,149824.06,149824.06,18.959988,10.343703,8.540149,8.540147
1.7974057e+25,0.9236762,0.9298862,310000.0,151467.39,149824.05,149824.05,18.959988,10.343548,8.5401535,8.540147
1.7974057e+25,0.9217601,0.9288744,310000.0,151467.42,149824.03,149824.05,18.959988,10.343822,8.54015,8.540146
1.7974057e+25,0.9352925,0.9422542,310000.0,151467.34,149824.05,149824.06,18.959988,10.343304,8.540146,8.540146
1.7974057e+25,0.92033815,0.92566246,310000.0,151467.34,149824.06,149824.05,18.959988,10.34348,8.540154,8.540148
1.7974057e+25,0.9286466,0.9349449,310000.0,151467.39,149824.05,149824.08,18.959988,10.343434,8.540148,8.540147
1.7974057e+25,0.9324829,0.9388737,310000.0,151467.34,149824.06,149824.06,18.959988,10.343138,8.540151,8.540146
1.7974057e+25,0.9217356,0.9289132,310000.0,151467.38,149824.06,149824.06,18.959988,10.34321,8.540147,8.540148
1.7974057e+25,0.94014585,0.94743717,310000.0,151467.39,149824.06,149824.05,18.959988,10.343284,8.540148,8.540147
1.7974057e+25,0.9312959,0.9384347,310000.0,151467.36,149824.03,149824.03,18.959988,10.343094,8.54015,8.540146
1.7974057e+25,0.94287133,0.9497388,310000.0,151467.39,149824.05,149824.06,18.959988,10.343464,8.540148,8.540148
1.7974057e+25,0.93391603,0.9403204,310000.0,151467.38,149824.05,149824.05,18.959988,10.343108,8.540146,8.540147
1.7974057e+25,0.94245803,0.9484607,310000.0,151467.39,149824.05,149824.06,18.959988,10.343254,8.540146,8.540147
1.7974057e+25,0.930312,0.9367684,310000.0,151467.36,149824.06,149824.05,18.959988,10.343359,8.540148,8.540147
1.7974057e+25,0.9338114,0.94109905,310000.0,151467.39,149824.02,149824.06,18.959988,10.343348,8.540148,8.540148
1.7974057e+25,0.9395968,0.9462857,310000.0,151467.33,149824.06,149824.03,18.959988,10.34329,8.540148,8.540146
1.7974057e+25,0.94164234,0.9486164,310000.0,151467.33,149824.03,149824.05,18.959988,10.343354,8.540152,8.540146
1.7974057e+25,0.9282419,0.93467313,310000.0,151467.39,149824.06,149824.06,18.959988,10.343239,8.54015,8.540146
1.7974057e+25,0.93232405,0.93882513,310000.0,151467.4,149824.06,149824.05,18.959988,10.343268,8.540147,8.540147
1.7974057e+25,0.93029696,0.9366963,310000.0,151467.38,149824.05,149824.06,18.959988,10.343579,8.540147,8.540147
1.7974057e+25,0.9311168,0.9378374,310000.0,151467.31,149824.03,149824.06,18.959988,10.343554,8.540151,8.540147
1.7974057e+25,0.9483356,0.9554811,310000.0,151467.39,149824.05,149824.05,18.959988,10.343324,8.54015,8.540147
1.7974057e+25,0.9284786,0.9344031,310000.0,151467.44,149824.05,149824.06,18.959988,10.343543,8.540148,8.540147
1.7974057e+25,0.93893903,0.9445022,310000.0,151467.39,149824.06,149824.06,18.959988,10.34339,8.540152,8.540147
1.7974057e+25,0.9317758,0.93848544,310000.0,151467.36,149824.06,149824.05,18.959988,10.3434925,8.540153,8.540147
1.7974057e+25,0.92323524,0.9303374,310000.0,151467.39,149824.06,149824.05,18.959988,10.343179,8.54015,8.540147
1.7974057e+25,0.94140464,0.9482094,310000.0,151467.31,149824.05,149824.08,18.959988,10.342937,8.540149,8.540148
1.7974057e+25,0.9208989,0.9271384,310000.0,151467.38,149824.05,149824.03,18.959988,10.3433275,8.540149,8.540147
1.7974057e+25,0.9254639,0.93192714,310000.0,151467.38,149824.02,149824.05,18.959988,10.343341,8.5401535,8.540147
1.7974057e+25,0.9342151,0.9401958,310000.0,151467.39,149824.06,149824.05,18.959988,10.343404,8.540148,8.540147
1.7974057e+25,0.93749344,0.9431608,310000.0,151467.4,149824.06,149824.05,18.959988,10.343429,8.540147,8.540147
1.7974057e+25,0.924282,0.9305567,310000.0,151467.42,149824.08,149824.06,18.959988,10.3437805,8.540151,8.540148
1.7974057e+25,0.9357983,0.9417736,310000.0,151467.36,149824.05,149824.05,18.959988,10.343216,8.540149,8.540147
1.7974057e+25,0.94708633,0.9536494,310000.0,151467.38,149824.05,149824.05,18.959988,10.343746,8.540149,8.540147
1.7974057e+25,0.9378879,0.94392306,310000.0,151467.38,149824.05,149824.06,18.959988,10.34349,8.54015,8.540147
1.7974057e+25,0.9349991,0.9416598,310000.0,151467.4,149824.08,149824.06,18.959988,10.343611,8.540149,8.540147
1.7974057e+25,0.9271336,0.9339615,310000.0,151467.38,149824.05,149824.06,18.959988,10.343197,8.540149,8.540147
1.7974057e+25,0.93663734,0.9431668,310000.0,151467.36,149824.05,149824.05,18.959988,10.343286,8.540149,8.540147
1.7974057e+25,0.93906087,0.94617933,310000.0,151467.36,149824.08,149824.06,18.959988,10.343367,8.54015,8.540147
1.7974057e+25,0.9459162,0.95234877,310000.0,151467.39,149824.05,149824.06,18.959988,10.343551,8.540149,8.540147
1.7974057e+25,0.9217849,0.9282382,310000.0,151467.34,149824.03,149824.06,18.959988,10.343474,8.540151,8.540147
1.7974057e+25,0.9252326,0.93134433,310000.0,151467.4,149824.06,149824.06,18.959988,10.343392,8.540149,8.540147
1.7974057e+25,0.9147725,0.92131335,310000.0,151467.42,149824.05,149824.05,18.959988,10.343708,8.540153,8.540147
1.7974057e+25,0.9271375,0.93330336,310000.0,151467.4,149824.03,149824.05,18.959988,10.343559,8.54015,8.540147
1.7974057e+25,0.9458168,0.9523566,310000.0,151467.42,149824.06,149824.05,18.959988,10.343803,8.540153,8.540146
1.7974057e+25,0.92219263,0.9299159,310000.0,151467.36,149824.06,149824.06,18.959988,10.342985,8.5401535,8.540147
1.7974057e+25,0.9162987,0.9253787,310000.0,151467.39,149824.05,149824.06,18.959988,10.3434105,8.540153,8.540147
1.7974057e+25,0.91113085,0.9193294,310000.0,151467.4,149824.06,149824.03,18.959988,10.343627,8.540152,8.540147
1.7974057e+25,0.92350185,0.92990196,310000.0,151467.38,149824.06,149824.06,18.959988,10.343438,8.540149,8.540147
1.7974057e+25,0.920223,0.92764956,310000.0,151467.39,149824.05,149824.03,18.959988,10.343395,8.540151,8.540146
1.7974057e+25,0.89703214,0.9054937,310000.0,151467.38,149824.03,149824.05,18.959988,10.343374,8.54015,8.540147
1.7974057e+25,0.9420576,0.9485187,310000.0,151467.38,149824.06,149824.05,18.959988,10.343757,8.540149,8.540147
1.7974057e+25,0.9314949,0.9370008,310000.0,151467.39,149824.06,149824.06,18.959988,10.343705,8.540151,8.540148
1.7974057e+25,0.92678887,0.93281704,310000.0,151467.4,149824.03,149824.05,18.959988,10.343543,8.540148,8.540147
1.7974057e+25,0.92987007,0.9358952,310000.0,151467.36,149824.05,149824.05,18.959988,10.343266,8.54015,8.540147
1.7974057e+25,0.9206484,0.9270008,310000.0,151467.4,149824.03,149824.05,18.959988,10.343863,8.540152,8.540147
1.7974057e+25,0.9261366,0.93242854,310000.0,151467.4,149824.08,149824.05,18.959988,10.343499,8.540151,8.540147
1.7974057e+25,0.916887,0.9233463,310000.0,151467.4,149824.05,149824.05,18.959988,10.343422,8.540154,8.540147
1.7974057e+25,0.9403127,0.94770634,310000.0,151467.4,149824.05,149824.05,18.959988,10.343715,8.540149,8.540147
1.7974057e+25,0.9379907,0.9449888,310000.0,151467.38,149824.06,149824.05,18.959988,10.343284,8.540151,8.540147
1.7974057e+25,0.9441284,0.9498183,310000.0,151467.39,149824.05,149824.06,18.959988,10.343816,8.540152,8.540148
1.7974057e+25,0.9422747,0.94880205,310000.0,151467.34,149824.05,149824.06,18.959988,10.343313,8.540147,8.540147
1.7974057e+25,0.93243206,0.93858033,310000.0,151467.38,149824.06,149824.06,18.959988,10.343329,8.540147,8.540148
1.7974057e+25,0.9268962,0.9335429,310000.0,151467.4,149824.03,149824.06,18.959988,10.343588,8.54015,8.540148
1.7974057e+25,0.93988526,0.9457567,310000.0,151467.4,149824.06,149824.05,18.959988,10.343542,8.540151,8.540146
1.7974057e+25,0.9337651,0.94048965,310000.0,151467.42,149824.05,149824.05,18.959988,10.343755,8.540151,8.540147
1.7974057e+25,0.9263973,0.93263733,310000.0,151467.34,149824.06,149824.05,18.959988,10.343083,8.54015,8.540148
1.7974057e+25,0.9101342,0.9165818,310000.0,151467.4,149824.06,149824.05,18.959988,10.3433485,8.540148,8.540146
1.7974057e+25,0.9310057,0.9378751,310000.0,151467.39,149824.08,149824.05,18.959988,10.343726,8.540151,8.540147
1.7974057e+25,0.94091046,0.94685405,310000.0,151467.38,149824.03,149824.05,18.959988,10.343229,8.540151,8.540147
1.7974057e+25,0.92302704,0.92935205,310000.0,151467.38,149824.05,149824.06,18.959988,10.343639,8.540148,8.540147
1.7974057e+25,0.9534068,0.9600902,310000.0,151467.34,149824.05,149824.05,18.959988,10.343214,8.54015,8.540147
1.7974057e+25,0.937009,0.94294393,310000.0,151467.38,149824.05,149824.06,18.959988,10.343396,8.540148,8.540147
1.7974057e+25,0.9128345,0.9183187,310000.0,151467.39,149824.05,149824.05,18.959988,10.34335,8.540145,8.540147
1.7974057e+25,0.93599784,0.9417179,310000.0,151467.36,149824.06,149824.06,18.959988,10.343352,8.540149,8.540147
1.7974057e+25,0.9382488,0.94342893,310000.0,151467.38,149824.03,149824.06,18.959988,10.3433485,8.540153,8.540147
1.7974057e+25,0.93619096,0.9429111,310000.0,151467.42,149824.06,149824.05,18.959988,10.343595,8.540149,8.540147
1.7974057e+25,0.94487196,0.9515742,310000.0,151467.39,149824.06,149824.06,18.959988,10.34298,8.540152,8.540147
1.7974057e+25,0.9387638,0.944351,310000.0,151467.42,149824.06,149824.05,18.959988,10.343787,8.540148,8.540146
1.7974057e+25,0.9339033,0.9401825,310000.0,151467.38,149824.06,149824.05,18.959988,10.343521,8.540147,8.540147
1.7974057e+25,0.9367471,0.94290775,310000.0,151467.39,149824.05,149824.06,18.959988,10.343275,8.54015,8.540148
1.7974057e+25,0.94534445,0.95114344,310000.0,151467.39,149824.06,149824.06,18.959988,10.343497,8.540152,8.540147
1.7974057e+25,0.93831176,0.9461962,310000.0,151467.4,149824.06,149824.06,18.959988,10.343386,8.540155,8.540147
1.7974057e+25,0.9302026,0.9378754,310000.0,151467.38,149824.06,149824.06,18.959988,10.343281,8.540153,8.540146
1.7974057e+25,0.91090214,0.9172262,310000.0,151467.34,149824.06,149824.06,18.959988,10.343396,8.540152,8.540152
1.7974057e+25,0.9202353,0.92619884,310000.0,151467.44,149824.05,149824.06,18.959988,10.343623,8.540149,8.540153
1.7974057e+25,0.91428906,0.92013097,310000.0,151467.34,149824.03,149824.05,18.959988,10.343569,8.540146,8.540153
1.7974057e+25,0.90762854,0.91286606,310000.0,151467.38,149824.05,149824.06,18.959988,10.343193,8.540154,8.540152
1.7974057e+25,0.9261627,0.93429476,310000.0,151467.31,149824.05,149824.05,18.959988,10.343189,8.54015,8.540153
1.7974057e+25,0.92514676,0.932975,310000.0,151467.38,149824.06,149824.05,18.959988,10.343339,8.540148,8.540152
1.7974057e+25,0.900084,0.90859663,310000.0,151467.36,149824.06,149824.05,18.959988,10.343023,8.54015,8.540152
1.7974057e+25,0.8924157,0.90073776,310000.0,151467.36,149824.03,149824.06,18.959988,10.3431015,8.540149,8.540152
1.7974057e+25,0.91255885,0.92130184,310000.0,151467.36,149824.06,149824.05,18.959988,10.343296,8.540149,8.540153
1.7974057e+25,0.92390245,0.9328679,310000.0,151467.39,149824.08,149824.03,18.959988,10.343511,8.540151,8.540152
1.7974057e+25,0.9403858,0.9472797,310000.0,151467.34,149824.06,149824.03,18.959988,10.34323,8.540149,8.540152
1.7974057e+25,0.9354667,0.94396204,310000.0,151467.36,149824.03,149824.06,18.959988,10.343219,8.540147,8.540153
1.7974057e+25,0.9218259,0.9314425,310000.0,151467.4,149824.05,149824.05,18.959988,10.343531,8.54015,8.540153
1.7974057e+25,0.90332603,0.91234994,310000.0,151467.4,149824.06,149824.06,18.959988,10.343483,8.540148,8.540153
1.7974057e+25,0.9116284,0.92110044,310000.0,151467.36,149824.03,149824.05,18.959988,10.343526,8.540146,8.540152
1.7974057e+25,0.9323489,0.9392618,310000.0,151467.4,149824.06,149824.05,18.959988,10.343643,8.540148,8.540152
1.7974057e+25,0.93110955,0.93972254,310000.0,151467.34,149824.06,149824.06,18.959988,10.343462,8.540151,8.540153
1.7974057e+25,0.9432663,0.9497099,310000.0,151467.38,149824.05,149824.06,18.959988,10.343331,8.540149,8.540153
1.7974057e+25,0.93000233,0.9362803,310000.0,151467.39,149824.06,149824.06,18.959988,10.34332,8.540152,8.540151
1.7974057e+25,0.93119514,0.93958527,310000.0,151467.34,149824.03,149824.05,18.959988,10.343471,8.540151,8.540153
1.7974057e+25,0.90880466,0.9174801,310000.0,151467.38,149824.06,149824.08,18.959988,10.343253,8.540151,8.540153
1.7974057e+25,0.9375759,0.94526225,310000.0,151467.4,149824.05,149824.03,18.959988,10.343502,8.54015,8.540152
1.7974057e+25,0.8984826,0.90752316,310000.0,151467.34,149824.05,149824.05,18.959988,10.343216,8.540148,8.540153
1.7974057e+25,0.9281343,0.9373496,310000.0,151467.42,149824.06,149824.08,18.959988,10.343552,8.540151,8.540153
1.7974057e+25,0.941705,0.9477077,310000.0,151467.39,149824.06,149824.05,18.959988,10.343402,8.540147,8.5401535
1.7974057e+25,0.93425125,0.9398966,310000.0,151467.4,149824.05,149824.06,18.959988,10.343777,8.540148,8.540152
1.7974057e+25,0.9264019,0.9345862,310000.0,151467.44,149824.08,149824.06,18.959988,10.343731,8.540148,8.540153
1.7974057e+25,0.93979245,0.94710004,310000.0,151467.38,149824.06,149824.06,18.959988,10.343041,8.54015,8.540153
1.7974057e+25,0.9287245,0.93621564,310000.0,151467.34,149824.05,149824.05,18.959988,10.34291,8.540148,8.540153
1.7974057e+25,0.9310003,0.9402688,310000.0,151467.4,149824.06,149824.06,18.959988,10.343865,8.540153,8.540152
1.7974057e+25,0.93838644,0.94524497,310000.0,151467.38,149824.05,149824.06,18.959988,10.343095,8.540149,8.5401535
1.7974057e+25,0.9326028,0.9415227,310000.0,151467.4,149824.06,149824.06,18.959988,10.343496,8.540149,8.540153
1.7974057e+25,0.9391367,0.9459367,310000.0,151467.4,149824.05,149824.06,18.959988,10.34358,8.540149,8.540153
1.7974057e+25,0.9350033,0.9422935,310000.0,151467.38,149824.03,149824.05,18.959988,10.343524,8.5401535,8.540153
1.7974057e+25,0.9501577,0.95671684,310000.0,151467.38,149824.05,149824.06,18.959988,10.343295,8.540149,8.540153
1.7974057e+25,0.926705,0.93558264,310000.0,151467.34,149824.05,149824.05,18.959988,10.343391,8.54015,8.540153
1.7974057e+25,0.9463919,0.95254487,310000.0,151467.39,149824.05,149824.05,18.959988,10.343264,8.540148,8.540153
1.7974057e+25,0.9427619,0.9494365,310000.0,151467.4,149824.06,149824.06,18.959988,10.343415,8.540151,8.540153
1.7974057e+25,0.95024747,0.9566487,310000.0,151467.38,149824.05,149824.06,18.959988,10.343321,8.540151,8.540153
1.7974057e+25,0.9315089,0.93774694,310000.0,151467.39,149824.08,149824.03,18.959988,10.343292,8.540152,8.540153
1.7974057e+25,0.93618673,0.9427733,310000.0,151467.4,149824.03,149824.05,18.959988,10.343266,8.540149,8.540153
1.7974057e+25,0.93768626,0.9432327,310000.0,151467.4,149824.06,149824.08,18.959988,10.3434515,8.540151,8.540153
1.7974057e+25,0.9228158,0.92968893,310000.0,151467.42,149824.06,149824.05,18.959988,10.343744,8.540151,8.540152
1.7974057e+25,0.94236434,0.9479598,310000.0,151467.38,149824.06,149824.05,18.959988,10.343155,8.540148,8.540152
1.7974057e+25,0.94811594,0.95469797,310000.0,151467.44,149824.05,149824.03,18.959988,10.343604,8.540149,8.540153
1.7974057e+25,0.94230634,0.9496831,310000.0,151467.39,149824.06,149824.06,18.959988,10.343397,8.540149,8.540153
1.7974057e+25,0.92374235,0.9304458,310000.0,151467.4,149824.05,149824.05,18.959988,10.343497,8.540152,8.540153
1.7974057e+25,0.93734294,0.94463766,310000.0,151467.38,149824.03,149824.06,18.959988,10.343233,8.540147,8.540153
1.7974057e+25,0.9492604,0.9560936,310000.0,151467.39,149824.06,149824.08,18.959988,10.343503,8.54015,8.540153
1.7974057e+25,0.92538345,0.9343861,310000.0,151467.39,149824.05,149824.06,18.959988,10.343542,8.54015,8.5401535
1.7974057e+25,0.922292,0.9296408,310000.0,151467.34,149824.06,149824.06,18.959988,10.343235,8.540151,8.540152
1.7974057e+25,0.92191845,0.9293128,310000.0,151467.39,149824.03,149824.05,18.959988,10.343361,8.54015,8.540152
1.7974057e+25,0.9286657,0.93503475,310000.0,151467.34,149824.08,149824.05,18.959988,10.343296,8.540149,8.540153
1.7974057e+25,0.9188661,0.9263569,310000.0,151467.44,149824.05,149824.05,18.959988,10.343588,8.540153,8.540152
1.7974057e+25,0.95153046,0.958099,310000.0,151467.39,149824.06,149824.03,18.959988,10.3434725,8.54015,8.540152
1.7974057e+25,0.93947077,0.9468027,310000.0,151467.42,149824.03,149824.05,18.959988,10.343508,8.540146,8.540153
1.7974057e+25,0.92922187,0.9365172,310000.0,151467.39,149824.06,149824.05,18.959988,10.3432665,8.540147,8.540153
1.7974057e+25,0.94025874,0.94717294,310000.0,151467.39,149824.05,149824.05,18.959988,10.343322,8.54015,8.540153
1.7974057e+25,0.9465628,0.9525139,310000.0,151467.38,149824.06,149824.08,18.959988,10.3433895,8.54015,8.540153
1.7974057e+25,0.945192,0.95148903,310000.0,151467.39,149824.06,149824.05,18.959988,10.343398,8.54015,8.540153
1.7974057e+25,0.9488009,0.9553692,310000.0,151467.39,149824.05,149824.05,18.959988,10.343465,8.540151,8.540152
1.7974057e+25,0.9402346,0.94680566,310000.0,151467.39,149824.05,149824.06,18.959988,10.343536,8.540149,8.540153
1.7974057e+25,0.9452713,0.9518896,310000.0,151467.42,149824.05,149824.08,18.959988,10.343723,8.540151,8.5401535
1.7974057e+25,0.9428215,0.9493437,310000.0,151467.36,149824.03,149824.05,18.959988,10.3435755,8.540149,8.540153
1.7974057e+25,0.95759547,0.9636747,310000.0,151467.38,149824.06,149824.05,18.959988,10.343422,8.540148,8.540152
1.7974057e+25,0.9274497,0.93346506,310000.0,151467.42,149824.06,149824.05,18.959988,10.343326,8.540149,8.540153
1.7974057e+25,0.92665386,0.93282694,310000.0,151467.36,149824.08,149824.06,18.959988,10.343356,8.540148,8.540152
1.7974057e+25,0.942858,0.94917256,310000.0,151467.4,149824.05,149824.05,18.959988,10.343398,8.540148,8.540153
1.7974057e+25,0.9273133,0.9337433,310000.0,151467.33,149824.06,149824.05,18.959988,10.343071,8.540146,8.540152
1.7974057e+25,0.92866343,0.9350205,310000.0,151467.38,149824.05,149824.08,18.959988,10.343205,8.54015,8.5401535
1.7974057e+25,0.9472201,0.95320356,310000.0,151467.36,149824.03,149824.06,18.959988,10.343341,8.540148,8.540153
1.7974057e+25,0.9275022,0.9336068,310000.0,151467.4,149824.06,149824.03,18.959988,10.343204,8.540146,8.540153
1.7974057e+25,0.93471956,0.9408643,310000.0,151467.38,149824.06,149824.06,18.959988,10.343646,8.540148,8.5401535
1.7974057e+25,0.920787,0.92592084,310000.0,151467.38,149824.05,149824.06,18.959988,10.343196,8.54015,8.540153
1.7974057e+25,0.93725896,0.9425933,310000.0,151467.39,149824.06,149824.03,18.959988,10.343455,8.540151,8.540153
1.7974057e+25,0.9315341,0.9368264,310000.0,151467.39,149824.06,149824.06,18.959988,10.343064,8.540151,8.540153
1.7974057e+25,0.93399864,0.9393249,310000.0,151467.38,149824.03,149824.05,18.959988,10.343289,8.540149,8.540152
1.7974057e+25,0.951514,0.95710075,310000.0,151467.39,149824.05,149824.06,18.959988,10.3433895,8.540149,8.540153
1.7974057e+25,0.9276449,0.9326191,310000.0,151467.4,149824.06,149824.05,18.959988,10.343608,8.540149,8.540152
1.7974057e+25,0.93506646,0.94032234,310000.0,151467.36,149824.06,149824.05,18.959988,10.343268,8.540149,8.540152
1.7974057e+25,0.9431053,0.9487446,310000.0,151467.44,149824.06,149824.05,18.959988,10.343563,8.540152,8.540153
1.7974057e+25,0.94954693,0.9560647,310000.0,151467.36,149824.06,149824.06,18.959988,10.343562,8.540151,8.540152
1.7974057e+25,0.9225555,0.9279055,310000.0,151467.36,149824.05,149824.05,18.959988,10.343557,8.540148,8.540152
1.7974057e+25,0.9301048,0.93546414,310000.0,151467.36,149824.05,149824.05,18.959988,10.343306,8.54015,8.540153
1.7974057e+25,0.9305692,0.9358137,310000.0,151467.38,149824.05,149824.05,18.959988,10.343237,8.540147,8.540152
1.7974057e+25,0.9380802,0.9439852,310000.0,151467.31,149824.06,149824.05,18.959988,10.343278,8.540153,8.5401535
1.7974057e+25,0.9307086,0.9360287,310000.0,151467.36,149824.05,149824.05,18.959988,10.343361,8.540153,8.540152
1.7974057e+25,0.9356148,0.9413118,310000.0,151467.38,149824.06,149824.08,18.959988,10.343167,8.540148,8.540152
1.7974057e+25,0.92266685,0.9307713,310000.0,151467.34,149824.08,149824.08,18.959988,10.343181,8.540148,8.540153
1.7974057e+25,0.91486144,0.92406076,310000.0,151467.38,149824.05,149824.05,18.959988,10.343389,8.540151,8.540153
1.7974057e+25,0.91783714,0.9265189,310000.0,151467.38,149824.05,149824.03,18.959988,10.343385,8.540148,8.540153
1.7974057e+25,0.9355523,0.9428951,310000.0,151467.36,149824.05,149824.06,18.959988,10.343519,8.540148,8.5401535
1.7974057e+25,0.9244792,0.93157274,310000.0,151467.4,149824.05,149824.06,18.959988,10.343329,8.540151,8.540153
1.7974057e+25,0.92770654,0.9339105,310000.0,151467.31,149824.06,149824.05,18.959988,10.343228,8.54015,8.540152
1.7974057e+25,0.92242223,0.9296552,310000.0,151467.39,149824.08,149824.05,18.959988,10.343419,8.540151,8.540152
1.7974057e+25,0.92795414,0.9355473,310000.0,151467.4,149824.05,149824.05,18.959988,10.343618,8.540153,8.540153
1.7974057e+25,0.95088184,0.9568311,310000.0,151467.38,149824.08,149824.05,18.959988,10.343638,8.540152,8.540152
1.7974057e+25,0.9480974,0.9551753,310000.0,151467.4,149824.06,149824.05,18.959988,10.343423,8.540153,8.540153
1.7974057e+25,0.92744356,0.9342074,310000.0,151467.36,149824.05,149824.06,18.959988,10.343091,8.54015,8.540153
1.7974057e+25,0.92160326,0.9290033,310000.0,151467.34,149824.06,149824.05,18.959988,10.3431425,8.540147,8.540152
1.7974057e+25,0.93355304,0.93978715,310000.0,151467.44,149824.06,149824.06,18.959988,10.3437,8.540147,8.540152
1.7974057e+25,0.9353285,0.94153064,310000.0,151467.4,149824.03,149824.05,18.959988,10.343585,8.540148,8.5401535
1.7974057e+25,0.9373599,0.9444531,310000.0,151467.39,149824.03,149824.06,18.959988,10.343456,8.540152,8.540152
1.7974057e+25,0.9215275,0.9280504,310000.0,151467.36,149824.06,149824.05,18.959988,10.343441,8.54015,8.540148
1.7974057e+25,0.92067516,0.9275496,310000.0,151467.34,149824.05,149824.05,18.959988,10.3432045,8.540153,8.540148
1.7974057e+25,0.9236593,0.9300579,310000.0,151467.39,149824.06,149824.05,18.959988,10.343229,8.540148,8.540149
1.7974057e+25,0.922025,0.928714,310000.0,151467.38,149824.05,149824.06,18.959988,10.343608,8.540152,8.540149
1.7974057e+25,0.9125656,0.919395,310000.0,151467.36,149824.06,149824.06,18.959988,10.343189,8.540152,8.540148
1.7974057e+25,0.8934818,0.90008396,310000.0,151467.38,149824.05,149824.05,18.959988,10.343818,8.540153,8.540149
1.7974057e+25,0.91471916,0.92000943,310000.0,151467.36,149824.06,149824.05,18.959988,10.343553,8.540151,8.540149
1.7974057e+25,0.92173356,0.9271902,310000.0,151467.38,149824.06,149824.05,18.959988,10.343136,8.54015,8.540149
1.7974057e+25,0.9197946,0.92565274,310000.0,151467.38,149824.05,149824.03,18.959988,10.343425,8.5401535,8.540149
1.7974057e+25,0.92690957,0.9330111,310000.0,151467.39,149824.05,149824.05,18.959988,10.343334,8.540147,8.540149
1.7974057e+25,0.93752086,0.9434311,310000.0,151467.39,149824.06,149824.05,18.959988,10.343622,8.54015,8.540148
1.7974057e+25,0.93479526,0.9413049,310000.0,151467.34,149824.05,149824.03,18.959988,10.343333,8.540151,8.540149
1.7974057e+25,0.928084,0.93366814,310000.0,151467.34,149824.06,149824.06,18.959988,10.343219,8.540151,8.540148
1.7974057e+25,0.93918914,0.94522685,310000.0,151467.39,149824.08,149824.06,18.959988,10.343164,8.54015,8.54015
1.7974057e+25,0.9342018,0.9407899,310000.0,151467.42,149824.05,149824.05,18.959988,10.3434515,8.540149,8.540148
1.7974057e+25,0.93908876,0.9445856,310000.0,151467.39,149824.06,149824.06,18.959988,10.343401,8.540149,8.540149
1.7974057e+25,0.9390052,0.9444666,310000.0,151467.38,149824.05,149824.05,18.959988,10.343468,8.540151,8.540149
1.7974057e+25,0.9273654,0.9325245,310000.0,151467.38,149824.06,149824.03,18.959988,10.343231,8.540147,8.540149
1.7974057e+25,0.9430932,0.9488459,310000.0,151467.4,149824.05,149824.05,18.959988,10.34359,8.540148,8.540149
1.7974057e+25,0.94435775,0.94994676,310000.0,151467.44,149824.05,149824.05,18.959988,10.343623,8.540151,8.540149
1.7974057e+25,0.93856883,0.94411945,310000.0,151467.34,149824.05,149824.06,18.959988,10.343111,8.54015,8.540149
1.7974057e+25,0.92498434,0.930298,310000.0,151467.36,149824.03,149824.05,18.959988,10.343568,8.540153,8.540149
1.7974057e+25,0.949797,0.95518184,310000.0,151467.34,149824.03,149824.05,18.959988,10.343325,8.540151,8.540148
1.7974057e+25,0.939937,0.94541913,310000.0,151467.4,149824.06,149824.05,18.959988,10.343477,8.54015,8.540149
1.7974057e+25,0.95552593,0.9611438,310000.0,151467.4,149824.05,149824.06,18.959988,10.343774,8.540152,8.540149
1.7974057e+25,0.9293453,0.93475914,310000.0,151467.39,149824.05,149824.08,18.959988,10.343502,8.540152,8.540149
1.7974057e+25,0.93391573,0.9392626,310000.0,151467.42,149824.03,149824.05,18.959988,10.343338,8.54015,8.540149
1.7974057e+25,0.9481857,0.9537758,310000.0,151467.4,149824.06,149824.06,18.959988,10.34357,8.540151,8.540149
1.7974057e+25,0.93970513,0.9450565,310000.0,151467.39,149824.06,149824.05,18.959988,10.343301,8.540149,8.540149
1.7974057e+25,0.94516355,0.9508706,310000.0,151467.38,149824.06,149824.05,18.959988,10.343263,8.540147,8.540149
1.7974057e+25,0.95795256,0.96383023,310000.0,151467.38,149824.06,149824.06,18.959988,10.343726,8.540153,8.540149
1.7974057e+25,0.9355915,0.9422382,310000.0,151467.34,149824.06,149824.05,18.959988,10.343405,8.540151,8.540149
1.7974057e+25,0.95013446,0.9558458,310000.0,151467.44,149824.03,149824.06,18.959988,10.3435755,8.540153,8.540149
1.7974057e+25,0.938574,0.9443387,310000.0,151467.42,149824.06,149824.05,18.959988,10.343471,8.540149,8.540149
1.7974057e+25,0.9377697,0.9432698,310000.0,151467.39,149824.05,149824.05,18.959988,10.343408,8.540148,8.540148
1.7974057e+25,0.94677395,0.953047,310000.0,151467.36,149824.05,149824.05,18.959988,10.343077,8.54015,8.540149
1.7974057e+25,0.9321934,0.9378186,310000.0,151467.34,149824.05,149824.05,18.959988,10.343179,8.540146,8.540149
1.7974057e+25,0.9402061,0.9463566,310000.0,151467.4,149824.05,149824.05,18.959988,10.343449,8.540152,8.540148
1.7974057e+25,0.94009084,0.94555384,310000.0,151467.45,149824.06,149824.05,18.959988,10.343668,8.540151,8.540148
1.7974057e+25,0.9370253,0.9425823,310000.0,151467.4,149824.05,149824.1,18.959988,10.343663,8.540146,8.54015
1.7974057e+25,0.9559561,0.9621122,310000.0,151467.36,149824.05,149824.06,18.959988,10.34319,8.540151,8.540149
1.7974057e+25,0.93868405,0.9441784,310000.0,151467.42,149824.05,149824.06,18.959988,10.34369,8.540148,8.540149
1.7974057e+25,0.943126,0.9487837,310000.0,151467.39,149824.06,149824.05,18.959988,10.34347,8.54015,8.540149
1.7974057e+25,0.9311683,0.9365352,310000.0,151467.39,149824.05,149824.05,18.959988,10.343234,8.540149,8.540149
1.7974057e+25,0.92470163,0.9299985,310000.0,151467.38,149824.05,149824.03,18.959988,10.343463,8.54015,8.540149
1.7974057e+25,0.9315812,0.9367705,310000.0,151467.4,149824.05,149824.05,18.959988,10.343295,8.54015,8.540149
1.7974057e+25,0.955338,0.960942,310000.0,151467.39,149824.05,149824.05,18.959988,10.343517,8.540148,8.540149
1.7974057e+25,0.94203955,0.9478164,310000.0,151467.4,149824.06,149824.06,18.959988,10.343569,8.540152,8.540148
1.7974057e+25,0.92587686,0.931289,310000.0,151467.42,149824.05,149824.06,18.959988,10.343655,8.540148,8.540149
1.7974057e+25,0.9285348,0.93415815,310000.0,151467.38,149824.06,149824.05,18.959988,10.343528,8.540149,8.540148
1.7974057e+25,0.9399349,0.94561,310000.0,151467.39,149824.03,149824.03,18.959988,10.343454,8.540153,8.540148
1.7974057e+25,0.94263715,0.9481549,310000.0,151467.38,149824.06,149824.06,18.959988,10.343465,8.540148,8.540149
1.7974057e+25,0.9373694,0.94298786,310000.0,151467.39,149824.06,149824.05,18.959988,10.34342,8.540148,8.540148
1.7974057e+25,0.94726163,0.95283014,310000.0,151467.34,149824.08,149824.06,18.959988,10.343081,8.540151,8.540149
1.7974057e+25,0.9399826,0.9455212,310000.0,151467.4,149824.06,149824.03,18.959988,10.343737,8.540152,8.540148
1.7974057e+25,0.95046365,0.9561899,310000.0,151467.39,149824.05,149824.06,18.959988,10.343649,8.54015,8.540149
1.7974057e+25,0.9257656,0.93150747,310000.0,151467.38,149824.05,149824.05,18.959988,10.343741,8.540149,8.540147
1.7974057e+25,0.9426254,0.94823223,310000.0,151467.42,149824.06,149824.05,18.959988,10.343528,8.54015,8.540148
1.7974057e+25,0.92545027,0.9310117,310000.0,151467.36,149824.05,149824.05,18.959988,10.343358,8.5401535,8.540148
1.7974057e+25,0.9430651,0.9487535,310000.0,151467.36,149824.03,149824.05,18.959988,10.343182,8.54015,8.540148
1.7974057e+25,0.9423819,0.94788396,310000.0,151467.38,149824.05,149824.05,18.959988,10.343102,8.54015,8.540149
1.7974057e+25,0.9373876,0.9428961,310000.0,151467.36,149824.08,149824.06,18.959988,10.343568,8.54015,8.540149
1.7974057e+25,0.9473737,0.9530286,310000.0,151467.36,149824.06,149824.05,18.959988,10.34339,8.540149,8.540149
1.7974057e+25,0.94805783,0.9537672,310000.0,151467.36,149824.03,149824.06,18.959988,10.343404,8.540151,8.540148
1.7974057e+25,0.93374974,0.9391565,310000.0,151467.45,149824.06,149824.05,18.959988,10.343799,8.5401535,8.540149
1.7974057e+25,0.9494721,0.95582193,310000.0,151467.38,149824.06,149824.05,18.959988,10.343123,8.54015,8.540149
1.7974057e+25,0.95957214,0.96554327,310000.0,151467.33,149824.06,149824.08,18.959988,10.343164,8.540152,8.540149
1.7974057e+25,0.9544438,0.9604839,310000.0,151467.4,149824.05,149824.05,18.959988,10.343389,8.540151,8.540148
1.7974057e+25,0.94357413,0.9495174,310000.0,151467.39,149824.05,149824.05,18.959988,10.34324,8.540154,8.540148
1.7974057e+25,0.9328655,0.93876773,310000.0,151467.38,149824.06,149824.05,18.959988,10.343223,8.540146,8.540149
1.7974057e+25,0.94781524,0.95377547,310000.0,151467.36,149824.05,149824.03,18.959988,10.343253,8.5401535,8.540149
1.7974057e+25,0.94568914,0.9511441,310000.0,151467.31,149824.08,149824.06,18.959988,10.343186,8.540154,8.540148
1.7974057e+25,0.948365,0.9540075,310000.0,151467.36,149824.05,149824.05,18.959988,10.343306,8.540151,8.540149
1.7974057e+25,0.9110042,0.91674954,310000.0,151467.4,149824.06,149824.06,18.959988,10.343497,8.540149,8.540148
1.7974057e+25,0.9328485,0.9382113,310000.0,151467.38,149824.06,149824.05,18.959988,10.343105,8.54015,8.540149
1.7974057e+25,0.93710184,0.942366,310000.0,151467.4,149824.05,149824.05,18.959988,10.343728,8.540152,8.540148
1.7974057e+25,0.94471806,0.95049495,310000.0,151467.42,149824.05,149824.03,18.959988,10.343561,8.540153,8.540148
1.7974057e+25,0.92852694,0.93475693,310000.0,151467.36,149824.05,149824.05,18.959988,10.3433485,8.540151,8.540148
1.7974057e+25,0.93645424,0.9416849,310000.0,151467.38,149824.06,149824.06,18.959988,10.343215,8.54015,8.540149
1.7974057e+25,0.93409574,0.9397664,310000.0,151467.39,149824.06,149824.06,18.959988,10.343289,8.540151,8.540149
1.7974057e+25,0.9399869,0.94563985,310000.0,151467.4,149824.06,149824.05,18.959988,10.343578,8.540147,8.540149
1.7974057e+25,0.94620216,0.9518019,310000.0,151467.38,149824.06,149824.05,18.959988,10.3432,8.540148,8.540149
1.7974057e+25,0.9321172,0.93786585,310000.0,151467.4,149824.05,149824.06,18.959988,10.343745,8.540153,8.54015
1.7974057e+25,0.94672245,0.9525243,310000.0,151467.33,149824.06,149824.05,18.959988,10.343226,8.540151,8.540148
1.7974057e+25,0.93433344,0.94009596,310000.0,151467.4,149824.06,149824.03,18.959988,10.343426,8.540152,8.540149
1.7974057e+25,0.9376231,0.94331783,310000.0,151467.4,149824.05,149824.05,18.959988,10.343408,8.540149,8.540149
1.7974057e+25,0.9274196,0.93288136,310000.0,151467.4,149824.03,149824.05,18.959988,10.343524,8.540148,8.540148
1.7974057e+25,0.932457,0.93788207,310000.0,151467.38,149824.03,149824.06,18.959988,10.343238,8.540151,8.540148
1.7974057e+25,0.93432283,0.94044274,310000.0,151467.4,149824.06,149824.08,18.959988,10.343656,8.540149,8.540148
1.7974057e+25,0.9392654,0.9450577,310000.0,151467.39,149824.06,149824.06,18.959988,10.343455,8.540149,8.540148
1.7974057e+25,0.9371058,0.9427309,310000.0,151467.38,149824.06,149824.05,18.959988,10.343496,8.540152,8.540148
1.7974057e+25,0.9421766,0.94774264,310000.0,151467.38,149824.05,149824.05,18.959988,10.343354,8.540148,8.540149
1.7974057e+25,0.9405528,0.94644254,310000.0,151467.34,149824.06,149824.05,18.959988,10.343519,8.540153,8.540149
1.7974057e+25,0.9202667,0.9256265,310000.0,151467.39,149824.05,149824.06,18.959988,10.343562,8.540145,8.540149
1.7974057e+25,0.9230514,0.9287009,310000.0,151467.39,149824.06,149824.06,18.959988,10.343332,8.540149,8.540149
1.7974057e+25,0.9470255,0.952848,310000.0,151467.39,149824.05,149824.03,18.959988,10.343261,8.54015,8.540148
1.7974057e+25,0.93552244,0.9410248,310000.0,151467.38,149824.05,149824.05,18.959988,10.343204,8.540149,8.540149
1.7974057e+25,0.94504625,0.95072794,310000.0,151467.38,149824.05,149824.05,18.959988,10.343123,8.540151,8.540149
1.7974057e+25,0.9398712,0.9458108,310000.0,151467.42,149824.03,149824.05,18.959988,10.343612,8.540153,8.540148
1.7974057e+25,0.9447303,0.950656,310000.0,151467.34,149824.05,149824.05,18.959988,10.343229,8.540149,8.540149
1.7974057e+25,0.936521,0.9422442,310000.0,151467.3,149824.05,149824.03,18.959988,10.343078,8.5401535,8.540148
1.7974057e+25,0.94635993,0.9521599,310000.0,151467.36,149824.06,149824.08,18.959988,10.343226,8.540151,8.540149
1.7974057e+25,0.95546365,0.9614605,310000.0,151467.36,149824.05,149824.05,18.959988,10.343345,8.540148,8.540148
1.7974057e+25,0.9387317,0.94469273,310000.0,151467.31,149824.06,149824.06,18.959988,10.3432455,8.540155,8.540149
1.7974057e+25,0.94815844,0.9540966,310000.0,151467.36,149824.06,149824.03,18.959988,10.343542,8.540149,8.540149
1.7974057e+25,0.93870765,0.9444733,310000.0,151467.36,149824.08,149824.05,18.959988,10.343573,8.54015,8.540149
1.7974057e+25,0.9404942,0.9464807,310000.0,151467.38,149824.06,149824.05,18.959988,10.343405,8.5401535,8.540149
1.7974057e+25,0.94575495,0.9517295,310000.0,151467.4,149824.06,149824.05,18.959988,10.34351,8.540149,8.540149
1.7974057e+25,0.9352719,0.94127256,310000.0,151467.34,149824.06,149824.05,18.959988,10.3435755,8.540148,8.540149
1.7974057e+25,0.9452076,0.951297,310000.0,151467.42,149824.05,149824.03,18.959988,10.343489,8.540148,8.540148
1.7974057e+25,0.9113821,0.91779,310000.0,151467.38,149824.03,149824.06,18.959988,10.343566,8.540152,8.540149
1.7974057e+25,0.9343499,0.9407163,310000.0,151467.38,149824.06,149824.06,18.959988,10.343227,8.540149,8.540149
1.7974057e+25,0.9341557,0.9401806,310000.0,151467.39,149824.06,149824.06,18.959988,10.343402,8.540151,8.540149
1.7974057e+25,0.93873215,0.94480455,310000.0,151467.38,149824.06,149824.05,18.959988,10.34348,8.540149,8.54015
1.7974057e+25,0.9417415,0.94809157,310000.0,151467.4,149824.03,149824.06,18.959988,10.343296,8.540149,8.540149
1.7974057e+25,0.94492,0.9515526,310000.0,151467.38,149824.05,149824.05,18.959988,10.343322,8.540151,8.540149
1.7974057e+25,0.929366,0.9358835,310000.0,151467.38,149824.05,149824.06,18.959988,10.343362,8.5401535,8.540149
1.7974057e+25,0.9394966,0.9456509,310000.0,151467.36,149824.08,149824.06,18.959988,10.343237,8.540148,8.540149
1.7974057e+25,0.9412029,0.9477553,310000.0,151467.38,149824.03,149824.08,18.959988,10.3434,8.540152,8.540149
1.7974057e+25,0.9402958,0.9466631,310000.0,151467.31,149824.05,149824.05,18.959988,10.343472,8.5401535,8.540149
1.7974057e+25,0.95010656,0.9557663,310000.0,151467.44,149824.05,149824.05,18.959988,10.343657,8.540151,8.540149
1.7974057e+25,0.93166757,0.93732935,310000.0,151467.39,149824.06,149824.05,18.959988,10.3435,8.540148,8.540149
1.7974057e+25,0.9394847,0.9450238,310000.0,151467.3,149824.05,149824.08,18.959988,10.343135,8.540148,8.54015
1.7974057e+25,0.943328,0.9499556,310000.0,151467.4,149824.08,149824.06,18.959988,10.343608,8.540152,8.540148
1.7974057e+25,0.9506245,0.9567088,310000.0,151467.36,149824.05,149824.03,18.959988,10.343099,8.540153,8.540148
1.7974057e+25,0.9289547,0.9353714,310000.0,151467.33,149824.06,149824.08,18.959988,10.343261,8.54015,8.540149
1.7974057e+25,0.93955,0.94531333,310000.0,151467.36,149824.06,149824.08,18.959988,10.34314,8.540151,8.540149
1.7974057e+25,0.9352705,0.94165623,310000.0,151467.38,149824.05,149824.06,18.959988,10.343313,8.540148,8.540149
1.7974057e+25,0.9090614,0.9143843,310000.0,151467.36,149824.02,149824.05,18.959988,10.34344,8.540148,8.540149
1.7974057e+25,0.93185264,0.93736315,310000.0,151467.39,149824.05,149824.05,18.959988,10.343419,8.540151,8.54015
1.7974057e+25,0.93522304,0.9408107,310000.0,151467.38,149824.06,149824.05,18.959988,10.343189,8.540149,8.540151
1.7974057e+25,0.9386464,0.9443198,310000.0,151467.39,149824.03,149824.08,18.959988,10.343513,8.540151,8.540149
1.7974057e+25,0.9235458,0.92903095,310000.0,151467.39,149824.08,149824.08,18.959988,10.343283,8.540153,8.54015
1.7974057e+25,0.93481684,0.94053054,310000.0,151467.38,149824.06,149824.06,18.959988,10.34325,8.540148,8.540149
1.7974057e+25,0.9273428,0.932896,310000.0,151467.38,149824.06,149824.06,18.959988,10.3435135,8.540147,8.54015
1.7974057e+25,0.89904,0.90432936,310000.0,151467.38,149824.06,149824.06,18.959988,10.343416,8.540151,8.540149
1.7974057e+25,0.94306886,0.9487678,310000.0,151467.42,149824.05,149824.03,18.959988,10.343658,8.540152,8.54015
1.7974057e+25,0.95000815,0.9558635,310000.0,151467.39,149824.08,149824.08,18.959988,10.343466,8.540149,8.54015
1.7974057e+25,0.9460978,0.95131737,310000.0,151467.33,149824.06,149824.05,18.959988,10.343418,8.540151,8.54015
1.7974057e+25,0.9402849,0.94595563,310000.0,151467.38,149824.05,149824.06,18.959988,10.343682,8.540148,8.540149
1.7974057e+25,0.95174766,0.957387,310000.0,151467.42,149824.05,149824.05,18.959988,10.343592,8.54015,8.540149
1.7974057e+25,0.9368816,0.9422706,310000.0,151467.39,149824.02,149824.06,18.959988,10.343222,8.540146,8.54015
1.7974057e+25,0.9335472,0.9391785,310000.0,151467.34,149824.06,149824.05,18.959988,10.3433075,8.540152,8.540149
1.7974057e+25,0.9602684,0.966016,310000.0,151467.34,149824.05,149824.05,18.959988,10.343463,8.540151,8.540149
1.7974057e+25,0.942252,0.9478492,310000.0,151467.39,149824.03,149824.06,18.959988,10.343265,8.5401535,8.540149
1.7974057e+25,0.9432108,0.94869107,310000.0,151467.36,149824.05,149824.08,18.959988,10.343012,8.540151,8.540149
1.7974057e+25,0.9517227,0.9570654,310000.0,151467.33,149824.06,149824.05,18.959988,10.34306,8.540148,8.540149
1.7974057e+25,0.93512625,0.9403556,310000.0,151467.4,149824.05,149824.06,18.959988,10.343449,8.540149,8.54015
1.7974057e+25,0.9277702,0.93311036,310000.0,151467.34,149824.06,149824.05,18.959988,10.343357,8.54015,8.540149
1.7974057e+25,0.95052177,0.9563193,310000.0,151467.39,149824.08,149824.08,18.959988,10.343254,8.54015,8.540149
1.7974057e+25,0.93839395,0.9435343,310000.0,151467.39,149824.06,149824.03,18.959988,10.343356,8.540148,8.540149
1.7974057e+25,0.94136316,0.94652045,310000.0,151467.34,149824.05,149824.06,18.959988,10.343158,8.540149,8.540149
1.7974057e+25,0.93219024,0.93745494,310000.0,151467.4,149824.05,149824.06,18.959988,10.343475,8.540152,8.540149
1.7974057e+25,0.9409189,0.9470114,310000.0,151467.3,149824.05,149824.06,18.959988,10.3431015,8.54015,8.540149
1.7974057e+25,0.9392655,0.9445421,310000.0,151467.36,149824.05,149824.06,18.959988,10.343554,8.54015,8.540149
1.7974057e+25,0.93296844,0.9384339,310000.0,151467.4,149824.08,149824.05,18.959988,10.343408,8.540152,8.54015
1.7974057e+25,0.94753915,0.953382,310000.0,151467.38,149824.06,149824.06,18.959988,10.343568,8.540148,8.54015
1.7974057e+25,0.9436805,0.94922453,310000.0,151467.39,149824.05,149824.03,18.959988,10.343165,8.54015,8.540149
1.7974057e+25,0.9462287,0.95159155,310000.0,151467.44,149824.06,149824.08,18.959988,10.343798,8.54015,8.54015
1.7974057e+25,0.9428856,0.94979495,310000.0,151467.39,149824.05,149824.05,18.959988,10.343591,8.540152,8.54015
1.7974057e+25,0.93302256,0.9386221,310000.0,151467.42,149824.08,149824.08,18.959988,10.343626,8.540153,8.54015
1.7974057e+25,0.9322449,0.9382712,310000.0,151467.42,149824.06,149824.08,18.959988,10.343773,8.540151,8.54015
1.7974057e+25,0.9362748,0.9419159,310000.0,151467.33,149824.05,149824.06,18.959988,10.343156,8.540148,8.540149
1.7974057e+25,0.9430637,0.9484967,310000.0,151467.4,149824.06,149824.06,18.959988,10.3433485,8.540149,8.54015
1.7974057e+25,0.94405496,0.9494374,310000.0,151467.36,149824.05,149824.05,18.959988,10.343087,8.540151,8.540149
1.7974057e+25,0.9387012,0.9443625,310000.0,151467.38,149824.06,149824.06,18.959988,10.343464,8.540148,8.54015
1.7974057e+25,0.95032763,0.95605725,310000.0,151467.36,149824.05,149824.05,18.959988,10.343075,8.540152,8.540149
1.7974057e+25,0.94523627,0.95173603,310000.0,151467.36,149824.06,149824.05,18.959988,10.343288,8.540146,8.540149
1.7974057e+25,0.9468713,0.9523675,310000.0,151467.39,149824.03,149824.05,18.959988,10.343412,8.540148,8.540149
1.7974057e+25,0.94352806,0.9499347,310000.0,151467.39,149824.06,149824.06,18.959988,10.343398,8.540151,8.54015
1.7974057e+25,0.9542973,0.96005434,310000.0,151467.38,149824.05,149824.05,18.959988,10.343277,8.540148,8.540149
1.7974057e+25,0.9525019,0.95875615,310000.0,151467.4,149824.03,149824.06,18.959988,10.343456,8.540149,8.540149
1.7974057e+25,0.9489815,0.95472777,310000.0,151467.38,149824.06,149824.03,18.959988,10.343273,8.540148,8.54015
1.7974057e+25,0.9554926,0.96259636,310000.0,151467.34,149824.06,149824.05,18.959988,10.343191,8.540149,8.540148
1.7974057e+25,0.95446485,0.9603715,310000.0,151467.4,149824.05,149824.05,18.959988,10.343555,8.540147,8.540149
1.7974057e+25,0.9417488,0.9487306,310000.0,151467.39,149824.06,149824.06,18.959988,10.34339,8.540149,8.540149
1.7974057e+25,0.9334871,0.93860203,310000.0,151467.36,149824.06,149824.03,18.959988,10.343648,8.540153,8.540149
1.7974057e+25,0.9471027,0.9532826,310000.0,151467.33,149824.08,149824.08,18.959988,10.343185,8.540152,8.540149
1.7974057e+25,0.9526654,0.9580042,310000.0,151467.36,149824.05,149824.05,18.959988,10.343574,8.540149,8.540149
1.7974057e+25,0.9357407,0.94089746,310000.0,151467.39,149824.06,149824.06,18.959988,10.343136,8.540152,8.540149
1.7974057e+25,0.94672674,0.95280546,310000.0,151467.38,149824.08,149824.06,18.959988,10.343459,8.540149,8.54015
1.7974057e+25,0.9466669,0.9530855,310000.0,151467.36,149824.06,149824.05,18.959988,10.343448,8.540153,8.540149
1.7974057e+25,0.94497347,0.95159805,310000.0,151467.34,149824.05,149824.08,18.959988,10.343193,8.540149,8.540149
1.7974057e+25,0.9529411,0.9600334,310000.0,151467.36,149824.05,149824.06,18.959988,10.343589,8.54015,8.54015
1.7974057e+25,0.93938696,0.9459896,310000.0,151467.36,149824.03,149824.05,18.959988,10.343675,8.540148,8.540149
1.7974057e+25,0.9456584,0.9518134,310000.0,151467.36,149824.05,149824.06,18.959988,10.343333,8.540147,8.54015
1.7974057e+25,0.95305675,0.9587673,310000.0,151467.39,149824.08,149824.06,18.959988,10.343397,8.54015,8.540149
1.7974057e+25,0.9420735,0.9476927,310000.0,151467.39,149824.06,149824.06,18.959988,10.343594,8.54015,8.540149
1.7974057e+25,0.9467961,0.95238405,310000.0,151467.36,149824.06,149824.05,18.959988,10.343498,8.540151,8.54015
1.7974057e+25,0.9398535,0.94569993,310000.0,151467.36,149824.06,149824.06,18.959988,10.343285,8.54015,8.540149
1.7974057e+25,0.9362858,0.9418181,310000.0,151467.38,149824.05,149824.06,18.959988,10.343365,8.540148,8.54015
1.7974057e+25,0.94326663,0.9492002,310000.0,151467.44,149824.06,149824.05,18.959988,10.343831,8.540152,8.54015
1.7974057e+25,0.95063084,0.95641094,310000.0,151467.39,149824.06,149824.06,18.959988,10.343794,8.540153,8.540149
1.7974057e+25,0.95021445,0.95661145,310000.0,151467.39,149824.08,149824.03,18.959988,10.343692,8.54015,8.540149
1.7974057e+25,0.94576347,0.9517477,310000.0,151467.39,149824.05,149824.05,18.959988,10.343533,8.540149,8.540149
1.7974057e+25,0.9313391,0.93734634,310000.0,151467.31,149824.06,149824.06,18.959988,10.343183,8.540151,8.54015
1.7974057e+25,0.9404683,0.94572705,310000.0,151467.39,149824.06,149824.06,18.959988,10.343082,8.540148,8.540149
1.7974057e+25,0.9388483,0.9456029,310000.0,151467.38,149824.05,149824.06,18.959988,10.343687,8.540151,8.540149
1.7974057e+25,0.94892263,0.9548011,310000.0,151467.4,149824.05,149824.06,18.959988,10.343303,8.54015,8.540149
1.7974057e+25,0.94482964,0.95026165,310000.0,151467.42,149824.06,149824.06,18.959988,10.3435755,8.540151,8.540149
1.7974057e+25,0.945062,0.95196754,310000.0,151467.38,149824.05,149824.06,18.959988,10.3432665,8.540149,8.540149
1.7974057e+25,0.9410193,0.94739854,310000.0,151467.4,149824.05,149824.05,18.959988,10.34343,8.540151,8.540149
1.7974057e+25,0.9377011,0.9435785,310000.0,151467.39,149824.05,149824.06,18.959988,10.3433895,8.540148,8.540149
1.7974057e+25,0.922546,0.92899203,310000.0,151467.4,149824.1,149824.06,18.959988,10.343646,8.54015,8.540149
1.7974057e+25,0.94922537,0.9550614,310000.0,151467.36,149824.06,149824.06,18.959988,10.343292,8.54015,8.54015
1.7974057e+25,0.9370621,0.9424231,310000.0,151467.39,149824.05,149824.06,18.959988,10.343447,8.540151,8.54015
1.7974057e+25,0.9446161,0.9502985,310000.0,151467.39,149824.05,149824.06,18.959988,10.343426,8.540151,8.540149
1.7974057e+25,0.9311355,0.936639,310000.0,151467.42,149824.06,149824.05,18.959988,10.343596,8.540152,8.54015
1.7974057e+25,0.94560814,0.95122427,310000.0,151467.33,149824.06,149824.06,18.959988,10.3431015,8.540148,8.54015
1.7974057e+25,0.9423429,0.94909215,310000.0,151467.34,149824.08,149824.08,18.959988,10.3434725,8.540152,8.540151
1.7974057e+25,0.91648614,0.9227805,310000.0,151467.36,149824.03,149824.08,18.959988,10.343177,8.540149,8.540149
1.7974057e+25,0.95063984,0.957053,310000.0,151467.42,149824.05,149824.05,18.959988,10.343693,8.540151,8.540148
1.7974057e+25,0.9306749,0.93678933,310000.0,151467.39,149824.06,149824.05,18.959988,10.343587,8.540149,8.540149
1.7974057e+25,0.9039012,0.9098088,310000.0,151467.4,149824.08,149824.03,18.959988,10.343338,8.540141,8.540149
1.7974057e+25,0.93061787,0.93658966,310000.0,151467.31,149824.06,149824.03,18.959988,10.343207,8.540154,8.54015
1.7974057e+25,0.943768,0.9506984,310000.0,151467.4,149824.06,149824.06,18.959988,10.343409,8.540146,8.54015
1.7974057e+25,0.9448611,0.95204437,310000.0,151467.38,149824.06,149824.06,18.959988,10.343363,8.540149,8.540149
1.7974057e+25,0.9271329,0.93372643,310000.0,151467.39,149824.06,149824.05,18.959988,10.343336,8.540145,8.54015
1.7974057e+25,0.9427778,0.9497443,310000.0,151467.4,149824.06,149824.05,18.959988,10.343789,8.54015,8.54015
1.7974057e+25,0.9493979,0.9550701,310000.0,151467.42,149824.05,149824.06,18.959988,10.343533,8.540147,8.54015
1.7974057e+25,0.9295041,0.93566275,310000.0,151467.42,149824.05,149824.08,18.959988,10.343678,8.54015,8.54015
1.7974057e+25,0.93940663,0.94545853,310000.0,151467.4,149824.05,149824.06,18.959988,10.343455,8.540151,8.54015
1.7974057e+25,0.9376103,0.9436859,310000.0,151467.38,149824.06,149824.06,18.959988,10.343309,8.540147,8.540149
1.7974057e+25,0.927067,0.93290323,310000.0,151467.42,149824.06,149824.03,18.959988,10.343617,8.540149,8.54015
1.7974057e+25,0.95567924,0.9619197,310000.0,151467.4,149824.06,149824.06,18.959988,10.343614,8.540152,8.540149
1.7974057e+25,0.948078,0.95409226,310000.0,151467.38,149824.03,149824.05,18.959988,10.343395,8.540147,8.54015
1.7974057e+25,0.9453455,0.95172334,310000.0,151467.33,149824.05,149824.06,18.959988,10.34323,8.54015,8.540149
1.7974057e+25,0.94772106,0.9539789,310000.0,151467.39,149824.06,149824.05,18.959988,10.343342,8.54015,8.540149
1.7974057e+25,0.9355926,0.94215816,310000.0,151467.38,149824.05,149824.06,18.959988,10.34309,8.540152,8.54015
1.7974057e+25,0.92824596,0.93434966,310000.0,151467.39,149824.05,149824.06,18.959988,10.343635,8.540151,8.540149
1.7974057e+25,0.9372715,0.94384944,310000.0,151467.38,149824.06,149824.08,18.959988,10.343137,8.54015,8.540149
1.7974057e+25,0.9431986,0.9496607,310000.0,151467.38,149824.05,149824.05,18.959988,10.343492,8.540149,8.540149
1.7974057e+25,0.9401591,0.9466746,310000.0,151467.39,149824.05,149824.06,18.959988,10.343219,8.540146,8.540149
1.7974057e+25,0.9474443,0.9534678,310000.0,151467.34,149824.08,149824.06,18.959988,10.343299,8.540153,8.54015
1.7974057e+25,0.9586736,0.96450746,310000.0,151467.4,149824.05,149824.06,18.959988,10.343532,8.540151,8.540149
1.7974057e+25,0.9569888,0.9633727,310000.0,151467.4,149824.06,149824.06,18.959988,10.343603,8.540151,8.540149
1.7974057e+25,0.94211197,0.9482451,310000.0,151467.4,149824.06,149824.06,18.959988,10.343573,8.540153,8.54015
1.7974057e+25,0.9236978,0.92977357,310000.0,151467.39,149824.03,149824.08,18.959988,10.343461,8.540147,8.54015
1.7974057e+25,0.9389784,0.9453385,310000.0,151467.36,149824.06,149824.05,18.959988,10.34337,8.540149,8.54015
1.7974057e+25,0.9389552,0.9451133,310000.0,151467.36,149824.06,149824.05,18.959988,10.343497,8.540148,8.540149
1.7974057e+25,0.93665725,0.9428172,310000.0,151467.38,149824.06,149824.05,18.959988,10.34321,8.540149,8.540149
1.7974057e+25,0.9373566,0.94289124,310000.0,151467.38,149824.05,149824.05,18.959988,10.343534,8.54015,8.540149
1.7974057e+25,0.8998551,0.9056549,310000.0,151467.39,149824.05,149824.05,18.959988,10.343377,8.540148,8.540149
1.7974057e+25,0.9219495,0.92831516,310000.0,151467.39,149824.08,149824.06,18.959988,10.343354,8.540147,8.54015
1.7974057e+25,0.9265876,0.93279177,310000.0,151467.38,149824.06,149824.08,18.959988,10.343074,8.540148,8.54015
1.7974057e+25,0.9128604,0.91895145,310000.0,151467.38,149824.06,149824.05,18.959988,10.343412,8.540146,8.54015
1.7974057e+25,0.9291188,0.93604124,310000.0,151467.42,149824.06,149824.06,18.959988,10.343774,8.5401535,8.54015
1.7974057e+25,0.9188035,0.9255117,310000.0,151467.36,149824.08,149824.03,18.959988,10.343446,8.540151,8.540149
1.7974057e+25,0.93229896,0.9391631,310000.0,151467.42,149824.06,149824.06,18.959988,10.343788,8.540152,8.540149
1.7974057e+25,0.92513496,0.93193763,310000.0,151467.34,149824.05,149824.05,18.959988,10.343752,8.5401535,8.54015
1.7974057e+25,0.9296117,0.93653786,310000.0,151467.42,149824.06,149824.06,18.959988,10.343607,8.54015,8.54015
1.7974057e+25,0.9336958,0.9405054,310000.0,151467.4,149824.05,149824.06,18.959988,10.34337,8.540144,8.540149
1.7974057e+25,0.9443856,0.95020753,310000.0,151467.34,149824.06,149824.05,18.959988,10.343309,8.540154,8.540149
1.7974057e+25,0.9382911,0.94522715,310000.0,151467.4,149824.03,149824.05,18.959988,10.343511,8.540149,8.54015
1.7974057e+25,0.9365466,0.9419906,310000.0,151467.39,149824.06,149824.06,18.959988,10.34348,8.540149,8.540149
1.7974057e+25,0.92618954,0.93168384,310000.0,151467.31,149824.06,149824.05,18.959988,10.342989,8.540149,8.54015
1.7974057e+25,0.94085586,0.9463828,310000.0,151467.44,149824.06,149824.03,18.959988,10.34359,8.540149,8.54015
1.7974057e+25,0.9371316,0.94306874,310000.0,151467.42,149824.06,149824.05,18.959988,10.343552,8.540148,8.540149
1.7974057e+25,0.9486081,0.95559406,310000.0,151467.4,149824.06,149824.05,18.959988,10.343546,8.540148,8.540149
1.7974057e+25,0.9565834,0.96256626,310000.0,151467.39,149824.06,149824.05,18.959988,10.343411,8.540149,8.540149
1.7974057e+25,0.9466094,0.9518151,310000.0,151467.42,149824.06,149824.06,18.959988,10.3435755,8.540148,8.540149
1.7974057e+25,0.9339787,0.9395804,310000.0,151467.39,149824.08,149824.05,18.959988,10.343528,8.540154,8.54015
1.7974057e+25,0.9278882,0.9340411,310000.0,151467.38,149824.03,149824.06,18.959988,10.343274,8.540148,8.540149
1.7974057e+25,0.9376264,0.9445764,310000.0,151467.33,149824.05,149824.05,18.959988,10.34324,8.540151,8.540149
1.7974057e+25,0.91471463,0.92070645,310000.0,151467.3,149824.03,149824.05,18.959988,10.343255,8.540152,8.540149
1.7974057e+25,0.93566394,0.9410056,310000.0,151467.36,149824.05,149824.06,18.959988,10.343192,8.540153,8.540149
1.7974057e+25,0.9441854,0.94948494,310000.0,151467.36,149824.06,149824.03,18.959988,10.343315,8.540152,8.540149
1.7974057e+25,0.9502008,0.9554856,310000.0,151467.34,149824.05,149824.06,18.959988,10.342974,8.540151,8.54015
1.7974057e+25,0.93755066,0.9426798,310000.0,151467.39,149824.06,149824.03,18.959988,10.343255,8.54015,8.54015
1.7974057e+25,0.9336669,0.9386967,310000.0,151467.4,149824.06,149824.05,18.959988,10.343804,8.54015,8.54015
1.7974057e+25,0.9439879,0.949411,310000.0,151467.34,149824.06,149824.05,18.959988,10.343202,8.540151,8.54015
1.7974057e+25,0.92981315,0.9349622,310000.0,151467.34,149824.06,149824.05,18.959988,10.343506,8.54015,8.540149
1.7974057e+25,0.93321407,0.9387597,310000.0,151467.4,149824.05,149824.03,18.959988,10.343711,8.540148,8.54015
1.7974057e+25,0.9492078,0.954884,310000.0,151467.36,149824.05,149824.06,18.959988,10.343141,8.54015,8.54015
1.7974057e+25,0.95131856,0.95643926,310000.0,151467.39,149824.03,149824.05,18.959988,10.34357,8.540151,8.54015
1.7974057e+25,0.93787783,0.94302225,310000.0,151467.36,149824.03,149824.06,18.959988,10.34345,8.540149,8.540149
1.7974057e+25,0.94345987,0.948754,310000.0,151467.36,149824.06,149824.03,18.959988,10.343497,8.540147,8.54015
1.7974057e+25,0.93575865,0.941842,310000.0,151467.39,149824.06,149824.06,18.959988,10.343304,8.540148,8.540149
1.7974057e+25,0.931736,0.9367963,310000.0,151467.36,149824.05,149824.05,18.959988,10.343702,8.54015,8.54015
1.7974057e+25,0.9379093,0.9430057,310000.0,151467.36,149824.03,149824.05,18.959988,10.343282,8.540152,8.540149
1.7974057e+25,0.93756574,0.94251347,310000.0,151467.42,149824.06,149824.05,18.959988,10.343407,8.540149,8.54015
1.7974057e+25,0.9344366,0.9395045,310000.0,151467.39,149824.05,149824.05,18.959988,10.343282,8.540148,8.540149
1.7974057e+25,0.9281105,0.93321157,310000.0,151467.36,149824.05,149824.06,18.959988,10.343225,8.540151,8.54015
1.7974057e+25,0.9332873,0.9382784,310000.0,151467.33,149824.06,149824.03,18.959988,10.34368,8.54015,8.54015
1.7974057e+25,0.9317134,0.93664813,310000.0,151467.42,149824.05,149824.03,18.959988,10.343474,8.54015,8.54015
1.7974057e+25,0.9426638,0.9491501,310000.0,151467.39,149824.06,149824.05,18.959988,10.343532,8.540148,8.54015
1.7974057e+25,0.9315068,0.9375209,310000.0,151467.38,149824.05,149824.05,18.959988,10.343477,8.540148,8.54015
1.7974057e+25,0.9439812,0.9492386,310000.0,151467.39,149824.06,149824.05,18.959988,10.343382,8.540148,8.54015
1.7974057e+25,0.94005597,0.94638705,310000.0,151467.4,149824.06,149824.05,18.959988,10.343409,8.540152,8.54015
1.7974057e+25,0.94676834,0.954125,310000.0,151467.39,149824.03,149824.06,18.959988,10.343175,8.540152,8.54015
1.7974057e+25,0.94808257,0.95331496,310000.0,151467.42,149824.08,149824.03,18.959988,10.343585,8.54015,8.54015
1.7974057e+25,0.9379404,0.9431585,310000.0,151467.4,149824.06,149824.06,18.959988,10.34368,8.540151,8.54015
1.7974057e+25,0.94065374,0.9471394,310000.0,151467.4,149824.05,149824.05,18.959988,10.343424,8.540151,8.540149
1.7974057e+25,0.93184936,0.93763644,310000.0,151467.36,149824.06,149824.05,18.959988,10.3434725,8.540153,8.54015
1.7974057e+25,0.9306671,0.9362273,310000.0,151467.33,149824.06,149824.05,18.959988,10.342972,8.540149,8.54015
1.7974057e+25,0.9463917,0.95259416,310000.0,151467.4,149824.08,149824.05,18.959988,10.343318,8.54015,8.54015
1.7974057e+25,0.9290197,0.9352179,310000.0,151467.39,149824.06,149824.03,18.959988,10.343681,8.540149,8.54015
1.7974057e+25,0.9452578,0.95110536,310000.0,151467.39,149824.05,149824.03,18.959988,10.343384,8.54015,8.54015
1.7974057e+25,0.9379743,0.9430543,310000.0,151467.44,149824.05,149824.06,18.959988,10.343496,8.540148,8.540149
1.7974057e+25,0.93581474,0.94170314,310000.0,151467.38,149824.05,149824.05,18.959988,10.343266,8.540153,8.54015
1.7974057e+25,0.9316437,0.9375408,310000.0,151467.34,149824.03,149824.05,18.959988,10.343285,8.540154,8.54015
1.7974057e+25,0.93432486,0.94081724,310000.0,151467.39,149824.05,149824.05,18.959988,10.343698,8.540153,8.540149
1.7974057e+25,0.95295393,0.9591296,310000.0,151467.36,149824.06,149824.03,18.959988,10.343287,8.540147,8.54015
1.7974057e+25,0.94652206,0.9524598,310000.0,151467.36,149824.06,149824.03,18.959988,10.343362,8.540151,8.54015
1.7974057e+25,0.9427613,0.948352,310000.0,151467.4,149824.05,149824.03,18.959988,10.343439,8.540147,8.540149
1.7974057e+25,0.9352188,0.9411555,310000.0,151467.39,149824.06,149824.05,18.959988,10.343499,8.540151,8.540149
1.7974057e+25,0.9436592,0.94997966,310000.0,151467.36,149824.05,149824.05,18.959988,10.343378,8.54015,8.54015
1.7974057e+25,0.9502533,0.9562211,310000.0,151467.39,149824.06,149824.06,18.959988,10.34342,8.540153,8.54015
1.7974057e+25,0.943218,0.95029575,310000.0,151467.38,149824.06,149824.05,18.959988,10.343486,8.540149,8.540149
1.7974057e+25,0.94438183,0.95045406,310000.0,151467.39,149824.05,149824.03,18.959988,10.343347,8.540148,8.540149
1.7974057e+25,0.93953496,0.94658417,310000.0,151467.33,149824.06,149824.03,18.959988,10.343186,8.54015,8.540149
1.7974057e+25,0.922754,0.92950976,310000.0,151467.39,149824.05,149824.05,18.959988,10.343346,8.540147,8.54015
1.7974057e+25,0.9464847,0.9527941,310000.0,151467.4,149824.05,149824.03,18.959988,10.343372,8.540153,8.54015
1.7974057e+25,0.94467217,0.95100135,310000.0,151467.4,149824.06,149824.05,18.959988,10.343502,8.540152,8.540149
1.7974057e+25,0.9474332,0.9543003,310000.0,151467.38,149824.06,149824.05,18.959988,10.343469,8.540146,8.540149
1.7974057e+25,0.94234514,0.94791436,310000.0,151467.39,149824.05,149824.05,18.959988,10.343463,8.540149,8.54015
1.7974057e+25,0.93495804,0.94142395,310000.0,151467.36,149824.06,149824.05,18.959988,10.343191,8.540147,8.54015
1.7974057e+25,0.93859386,0.9451418,310000.0,151467.38,149824.08,149824.03,18.959988,10.343299,8.54015,8.54015
1.7974057e+25,0.93787354,0.9444469,310000.0,151467.42,149824.06,149824.03,18.959988,10.34359,8.54015,8.540149
1.7974057e+25,0.951632,0.9570078,310000.0,151467.39,149824.06,149824.05,18.959988,10.343309,8.54015,8.54015
1.7974057e+25,0.95678836,0.96225077,310000.0,151467.33,149824.05,149824.05,18.959988,10.34318,8.540151,8.54015
1.7974057e+25,0.9456072,0.951608,310000.0,151467.4,149824.03,149824.06,18.959988,10.343518,8.540153,8.54015
1.7974057e+25,0.934751,0.9411328,310000.0,151467.34,149824.05,149824.05,18.959988,10.342991,8.540151,8.540149
1.7974057e+25,0.93281597,0.93912965,310000.0,151467.31,149824.05,149824.03,18.959988,10.342999,8.540148,8.540149
1.7974057e+25,0.9409081,0.946163,310000.0,151467.4,149824.02,149824.08,18.959988,10.343563,8.540151,8.540149
1.7974057e+25,0.9430842,0.94856125,310000.0,151467.38,149824.06,149824.05,18.959988,10.343436,8.54015,8.54015
1.7974057e+25,0.9374123,0.9429585,310000.0,151467.36,149824.05,149824.03,18.959988,10.343456,8.540153,8.54015
1.7974057e+25,0.946095,0.95169014,310000.0,151467.4,149824.05,149824.05,18.959988,10.343536,8.540149,8.540149
1.7974057e+25,0.9373468,0.94433975,310000.0,151467.36,149824.06,149824.05,18.959988,10.343546,8.54015,8.540149
1.7974057e+25,0.93282694,0.93867743,310000.0,151467.4,149824.03,149824.05,18.959988,10.343699,8.540151,8.54015
1.7974057e+25,0.93950135,0.9447025,310000.0,151467.39,149824.06,149824.05,18.959988,10.343589,8.54015,8.54015
1.7974057e+25,0.95206493,0.95722437,310000.0,151467.39,149824.05,149824.03,18.959988,10.343563,8.54015,8.54015
1.7974057e+25,0.9510796,0.9563347,310000.0,151467.36,149824.05,149824.06,18.959988,10.34322,8.540148,8.540149
1.7974057e+25,0.94756323,0.9527731,310000.0,151467.39,149824.05,149824.05,18.959988,10.34345,8.5401535,8.540149
1.7974057e+25,0.9335932,0.93866104,310000.0,151467.42,149824.06,149824.05,18.959988,10.343523,8.540146,8.54015
1.7974057e+25,0.93145883,0.9365347,310000.0,151467.39,149824.03,149824.05,18.959988,10.343475,8.540148,8.540149
1.7974057e+25,0.9270828,0.93204176,310000.0,151467.38,149824.05,149824.02,18.959988,10.343061,8.54015,8.54015
1.7974057e+25,0.9332828,0.9383758,310000.0,151467.38,149824.06,149824.05,18.959988,10.343412,8.54015,8.54015
1.7974057e+25,0.92495203,0.92993766,310000.0,151467.36,149824.05,149824.03,18.959988,10.3434725,8.540148,8.54015
1.7974057e+25,0.9196805,0.9245283,310000.0,151467.39,149824.06,149824.05,18.959988,10.343095,8.54015,8.540149
1.7974057e+25,0.94984055,0.9553326,310000.0,151467.39,149824.05,149824.03,18.959988,10.3433275,8.540151,8.540149
1.7974057e+25,0.94472617,0.9499738,310000.0,151467.34,149824.05,149824.05,18.959988,10.343178,8.54015,8.540149
1.7974057e+25,0.9412114,0.94636816,310000.0,151467.36,149824.03,149824.03,18.959988,10.343265,8.540151,8.54015
1.7974057e+25,0.9335623,0.93871313,310000.0,151467.4,149824.05,149824.05,18.959988,10.34336,8.540149,8.54015
1.7974057e+25,0.94744253,0.95275813,310000.0,151467.39,149824.06,149824.08,18.959988,10.343445,8.5401535,8.540149
1.7974057e+25,0.9440779,0.94933844,310000.0,151467.39,149824.08,149824.05,18.959988,10.3431015,8.540148,8.54015
1.7974057e+25,0.9339867,0.93902886,310000.0,151467.4,149824.05,149824.05,18.959988,10.343627,8.540148,8.54015
1.7974057e+25,0.920277,0.9251366,310000.0,151467.39,149824.06,149824.05,18.959988,10.343307,8.540149,8.540148
1.7974057e+25,0.9364679,0.94135326,310000.0,151467.4,149824.08,149824.06,18.959988,10.343605,8.54015,8.540149
1.7974057e+25,0.93229836,0.9376233,310000.0,151467.38,149824.03,149824.05,18.959988,10.343347,8.54015,8.54015
1.7974057e+25,0.9132658,0.9179754,310000.0,151467.39,149824.03,149824.06,18.959988,10.34369,8.54015,8.540149
1.7974057e+25,0.93011546,0.93515694,310000.0,151467.4,149824.06,149824.05,18.959988,10.343164,8.540152,8.54015
1.7974057e+25,0.925918,0.932378,310000.0,151467.42,149824.05,149824.05,18.959988,10.3436575,8.540149,8.540149
1.7974057e+25,0.9367288,0.9421213,310000.0,151467.4,149824.06,149824.05,18.959988,10.343225,8.540151,8.540149
1.7974057e+25,0.9260605,0.9329337,310000.0,151467.34,149824.05,149824.05,18.959988,10.343056,8.54015,8.54015
1.7974057e+25,0.9431657,0.95022047,310000.0,151467.33,149824.03,149824.03,18.959988,10.342897,8.540148,8.540149
1.7974057e+25,0.9218817,0.9286936,310000.0,151467.36,149824.05,149824.06,18.959988,10.343464,8.540147,8.540149
1.7974057e+25,0.9332123,0.93842775,310000.0,151467.4,149824.06,149824.05,18.959988,10.343484,8.54015,8.540149
1.7974057e+25,0.9400446,0.9468803,310000.0,151467.39,149824.06,149824.06,18.959988,10.343609,8.54015,8.540149
1.7974057e+25,0.9371916,0.94420594,310000.0,151467.39,149824.05,149824.08,18.959988,10.343258,8.540148,8.54015
1.7974057e+25,0.9302471,0.93559295,310000.0,151467.4,149824.06,149824.06,18.959988,10.343522,8.540149,8.540149
1.7974057e+25,0.92656213,0.9332876,310000.0,151467.38,149824.05,149824.05,18.959988,10.343358,8.540146,8.540149
1.7974057e+25,0.93391913,0.93959004,310000.0,151467.4,149824.05,149824.05,18.959988,10.343515,8.540148,8.540149
1.7974057e+25,0.9419244,0.9486882,310000.0,151467.39,149824.05,149824.06,18.959988,10.343469,8.540152,8.54015
1.7974057e+25,0.93623525,0.9422249,310000.0,151467.33,149824.05,149824.05,18.959988,10.343272,8.540153,8.540149
1.7974057e+25,0.93919486,0.94587433,310000.0,151467.39,149824.03,149824.05,18.959988,10.343356,8.540148,8.54015
1.7974057e+25,0.92545825,0.9316584,310000.0,151467.38,149824.06,149824.05,18.959988,10.343145,8.540149,8.540149
1.7974057e+25,0.93250877,0.9389755,310000.0,151467.38,149824.06,149824.06,18.959988,10.343487,8.540145,8.54015
1.7974057e+25,0.9297822,0.93650067,310000.0,151467.33,149824.06,149824.05,18.959988,10.343474,8.540152,8.540149
1.7974057e+25,0.9308496,0.9378728,310000.0,151467.44,149824.06,149824.03,18.959988,10.343306,8.540151,8.54015
1.7974057e+25,0.94080013,0.94760907,310000.0,151467.36,149824.05,149824.06,18.959988,10.343453,8.540152,8.540149
1.7974057e+25,0.9359167,0.94282746,310000.0,151467.38,149824.05,149824.06,18.959988,10.343384,8.540147,8.54015
1.7974057e+25,0.9421149,0.94881564,310000.0,151467.38,149824.08,149824.06,18.959988,10.343273,8.540149,8.540149
1.7974057e+25,0.93947506,0.9461108,310000.0,151467.36,149824.03,149824.06,18.959988,10.34361,8.540151,8.540149
1.7974057e+25,0.936473,0.94315505,310000.0,151467.45,149824.06,149824.05,18.959988,10.3435545,8.540149,8.54015
1.7974057e+25,0.9312058,0.9382355,310000.0,151467.33,149824.05,149824.05,18.959988,10.343259,8.540151,8.540149
1.7974057e+25,0.9356759,0.9426028,310000.0,151467.36,149824.05,149824.05,18.959988,10.343216,8.540151,8.54015
1.7974057e+25,0.93070245,0.9376023,310000.0,151467.39,149824.05,149824.05,18.959988,10.343312,8.540148,8.540149
1.7974057e+25,0.932571,0.9377662,310000.0,151467.34,149824.05,149824.06,18.959988,10.343214,8.540151,8.54015
1.7974057e+25,0.9424917,0.94908285,310000.0,151467.39,149824.06,149824.08,18.959988,10.34343,8.54015,8.540151
1.7974057e+25,0.94753563,0.9547102,310000.0,151467.4,149824.06,149824.06,18.959988,10.34344,8.540147,8.540149
1.7974057e+25,0.9325252,0.9388217,310000.0,151467.38,149824.03,149824.05,18.959988,10.343583,8.54015,8.54015
1.7974057e+25,0.92578334,0.9326567,310000.0,151467.39,149824.05,149824.05,18.959988,10.343598,8.54015,8.540149
1.7974057e+25,0.9400603,0.94666046,310000.0,151467.34,149824.06,149824.06,18.959988,10.343029,8.540149,8.540149
1.7974057e+25,0.9362706,0.94153816,310000.0,151467.33,149824.06,149824.05,18.959988,10.34317,8.540151,8.540149
1.7974057e+25,0.93175536,0.93675905,310000.0,151467.39,149824.08,149824.06,18.959988,10.343168,8.540151,8.540149
1.7974057e+25,0.9371247,0.9421242,310000.0,151467.38,149824.06,149824.05,18.959988,10.343155,8.54015,8.54015
1.7974057e+25,0.94220275,0.94714755,310000.0,151467.38,149824.05,149824.06,18.959988,10.343385,8.54015,8.540149
1.7974057e+25,0.9487865,0.9538795,310000.0,151467.39,149824.06,149824.06,18.959988,10.343677,8.540148,8.54015
1.7974057e+25,0.92718333,0.93377715,310000.0,151467.4,149824.08,149824.05,18.959988,10.343388,8.540146,8.540149
1.7974057e+25,0.92352134,0.9300303,310000.0,151467.4,149824.06,149824.06,18.959988,10.343475,8.540149,8.540149
1.7974057e+25,0.9472503,0.953142,310000.0,151467.38,149824.06,149824.05,18.959988,10.343311,8.54015,8.54015
1.7974057e+25,0.9512292,0.95792705,310000.0,151467.33,149824.06,149824.06,18.959988,10.343358,8.540148,8.54015
1.7974057e+25,0.93873173,0.9454727,310000.0,151467.34,149824.05,149824.05,18.959988,10.343136,8.540148,8.54015
1.7974057e+25,0.94682455,0.9525343,310000.0,151467.38,149824.05,149824.03,18.959988,10.343284,8.54015,8.540149
1.7974057e+25,0.9503066,0.95647484,310000.0,151467.39,149824.05,149824.05,18.959988,10.343586,8.540151,8.54015
1.7974057e+25,0.93172747,0.9381129,310000.0,151467.42,149824.06,149824.05,18.959988,10.343684,8.540149,8.540149
1.7974057e+25,0.8986097,0.9035612,310000.0,151467.39,149824.06,149824.05,18.959988,10.343111,8.540148,8.54015
1.7974057e+25,0.93329394,0.9400116,310000.0,151467.44,149824.06,149824.06,18.959988,10.343697,8.540151,8.540148
1.7974057e+25,0.9372073,0.9443251,310000.0,151467.36,149824.06,149824.06,18.959988,10.343318,8.54015,8.540149
1.7974057e+25,0.92165375,0.9276935,310000.0,151467.39,149824.06,149824.06,18.959988,10.34344,8.540149,8.540149
1.7974057e+25,0.9382589,0.944988,310000.0,151467.34,149824.06,149824.05,18.959988,10.34349,8.540149,8.54015
1.7974057e+25,0.92794514,0.9348574,310000.0,151467.39,149824.06,149824.06,18.959988,10.343446,8.54015,8.540149
1.7974057e+25,0.930336,0.93667114,310000.0,151467.4,149824.05,149824.05,18.959988,10.343557,8.540146,8.540149
1.7974057e+25,0.93330365,0.9397258,310000.0,151467.31,149824.06,149824.05,18.959988,10.342876,8.54015,8.540149
1.7974057e+25,0.93207246,0.9377062,310000.0,151467.39,149824.06,149824.06,18.959988,10.343587,8.540152,8.540149
1.7974057e+25,0.92665875,0.93304414,310000.0,151467.36,149824.03,149824.05,18.959988,10.343199,8.540145,8.540149
1.7974057e+25,0.9167113,0.9222512,310000.0,151467.39,149824.03,149824.03,18.959988,10.343691,8.540153,8.540149
1.7974057e+25,0.94408786,0.9510402,310000.0,151467.39,149824.05,149824.05,18.959988,10.343394,8.540149,8.540149
1.7974057e+25,0.93180543,0.93783045,310000.0,151467.4,149824.06,149824.06,18.959988,10.3432255,8.540147,8.54015
1.7974057e+25,0.93320423,0.93966,310000.0,151467.36,149824.06,149824.06,18.959988,10.3434,8.5401535,8.54015
1.7974057e+25,0.92011184,0.9251668,310000.0,151467.4,149824.06,149824.05,18.959988,10.343401,8.540153,8.540149
1.7974057e+25,0.9347742,0.9418667,310000.0,151467.4,149824.06,149824.03,18.959988,10.34347,8.540151,8.540149
1.7974057e+25,0.9471695,0.953692,310000.0,151467.42,149824.06,149824.05,18.959988,10.343482,8.540151,8.540149
1.7974057e+25,0.93482804,0.94149184,310000.0,151467.38,149824.03,149824.06,18.959988,10.343148,8.54015,8.540149
1.7974057e+25,0.92903787,0.9360808,310000.0,151467.4,149824.06,149824.05,18.959988,10.343534,8.540152,8.540148
1.7974057e+25,0.9336327,0.9406435,310000.0,151467.4,149824.05,149824.06,18.959988,10.3434925,8.540149,8.540149
1.7974057e+25,0.9380709,0.94457203,310000.0,151467.36,149824.05,149824.05,18.959988,10.343353,8.540148,8.54015
1.7974057e+25,0.9294633,0.936142,310000.0,151467.39,149824.06,149824.06,18.959988,10.343492,8.54015,8.540149
1.7974057e+25,0.9349256,0.9419051,310000.0,151467.39,149824.05,149824.06,18.959988,10.343421,8.5401535,8.540149
1.7974057e+25,0.9406473,0.9475298,310000.0,151467.4,149824.03,149824.05,18.959988,10.3434105,8.540151,8.540149
1.7974057e+25,0.9362067,0.9431935,310000.0,151467.36,149824.06,149824.05,18.959988,10.343438,8.540149,8.540149
1.7974057e+25,0.9220893,0.9283771,310000.0,151467.4,149824.05,149824.05,18.959988,10.343769,8.540149,8.540149
1.7974057e+25,0.92896175,0.93597245,310000.0,151467.36,149824.05,149824.06,18.959988,10.3431635,8.540149,8.54015
1.7974057e+25,0.9396565,0.94653535,310000.0,151467.34,149824.08,149824.08,18.959988,10.343189,8.54015,8.54015
1.7974057e+25,0.9135126,0.92008126,310000.0,151467.34,149824.06,149824.06,18.959988,10.343061,8.540147,8.540149
1.7974057e+25,0.93727005,0.9439053,310000.0,151467.36,149824.03,149824.05,18.959988,10.343586,8.540153,8.540149
1.7974057e+25,0.94604456,0.9526849,310000.0,151467.38,149824.05,149824.05,18.959988,10.343433,8.5401535,8.540149
1.7974057e+25,0.92997736,0.9353078,310000.0,151467.42,149824.03,149824.05,18.959988,10.3434515,8.540147,8.540149
1.7974057e+25,0.9387297,0.943965,310000.0,151467.4,149824.03,149824.06,18.959988,10.343806,8.54015,8.540149
1.7974057e+25,0.93054533,0.93541473,310000.0,151467.42,149824.05,149824.06,18.959988,10.343425,8.540149,8.540149
1.7974057e+25,0.938025,0.94311905,310000.0,151467.38,149824.06,149824.05,18.959988,10.343404,8.540149,8.540149
1.7974057e+25,0.9456059,0.9507083,310000.0,151467.39,149824.06,149824.06,18.959988,10.343264,8.54015,8.540149
1.7974057e+25,0.9268148,0.9316462,310000.0,151467.4,149824.06,149824.06,18.959988,10.343618,8.540149,8.540149
1.7974057e+25,0.93973017,0.94698066,310000.0,151467.39,149824.05,149824.05,18.959988,10.343489,8.54015,8.540149
1.7974057e+25,0.93766,0.94473785,310000.0,151467.38,149824.05,149824.06,18.959988,10.343443,8.54015,8.540149
1.7974057e+25,0.9342279,0.93964446,310000.0,151467.39,149824.05,149824.05,18.959988,10.343417,8.540151,8.540149
1.7974057e+25,0.9374596,0.9444866,310000.0,151467.38,149824.03,149824.08,18.959988,10.343532,8.540153,8.54015
1.7974057e+25,0.93329734,0.93982524,310000.0,151467.36,149824.03,149824.06,18.959988,10.343619,8.540151,8.540149
1.7974057e+25,0.9372125,0.94264525,310000.0,151467.42,149824.06,149824.05,18.959988,10.343614,8.540153,8.540149
1.7974057e+25,0.9231056,0.9301001,310000.0,151467.36,149824.05,149824.06,18.959988,10.343547,8.54015,8.540149
1.7974057e+25,0.9332626,0.94041324,310000.0,151467.36,149824.05,149824.05,18.959988,10.343001,8.540147,8.54015
1.7974057e+25,0.924669,0.931537,310000.0,151467.39,149824.06,149824.03,18.959988,10.343584,8.540147,8.540149
1.7974057e+25,0.9458393,0.95259047,310000.0,151467.38,149824.05,149824.08,18.959988,10.343233,8.540153,8.54015
1.7974057e+25,0.95043296,0.9561428,310000.0,151467.42,149824.05,149824.03,18.959988,10.343375,8.540152,8.54015
1.7974057e+25,0.9427016,0.94970256,310000.0,151467.39,149824.03,149824.05,18.959988,10.3433,8.540152,8.54015
1.7974057e+25,0.9167681,0.923276,310000.0,151467.38,149824.05,149824.08,18.959988,10.343388,8.540148,8.540146
1.7974057e+25,0.9292698,0.9358771,310000.0,151467.39,149824.08,149824.06,18.959988,10.343098,8.540148,8.540147
1.7974057e+25,0.91346633,0.9201474,310000.0,151467.38,149824.03,149824.05,18.959988,10.343446,8.540152,8.540146
1.7974057e+25,0.9326317,0.93795145,310000.0,151467.4,149824.05,149824.06,18.959988,10.343572,8.54015,8.540146
1.7974057e+25,0.9199283,0.9261386,310000.0,151467.44,149824.06,149824.05,18.959988,10.343676,8.5401535,8.540146
1.7974057e+25,0.940699,0.94575274,310000.0,151467.4,149824.06,149824.03,18.959988,10.343889,8.540151,8.540147
1.7974057e+25,0.94003654,0.94499743,310000.0,151467.4,149824.06,149824.05,18.959988,10.343486,8.540147,8.540147
1.7974057e+25,0.9364479,0.9419142,310000.0,151467.38,149824.05,149824.06,18.959988,10.343491,8.540147,8.540147
1.7974057e+25,0.95058346,0.95720536,310000.0,151467.42,149824.03,149824.05,18.959988,10.343555,8.540149,8.540147
1.7974057e+25,0.9411132,0.94626844,310000.0,151467.4,149824.05,149824.05,18.959988,10.343424,8.540147,8.540146
1.7974057e+25,0.94177645,0.94690436,310000.0,151467.38,149824.03,149824.05,18.959988,10.343428,8.540153,8.540147
1.7974057e+25,0.9399256,0.9465301,310000.0,151467.4,149824.06,149824.05,18.959988,10.343328,8.540149,8.540147
1.7974057e+25,0.92710257,0.93397856,310000.0,151467.38,149824.05,149824.06,18.959988,10.343212,8.540151,8.540147
1.7974057e+25,0.9442276,0.9496466,310000.0,151467.38,149824.06,149824.06,18.959988,10.343421,8.540149,8.540147
1.7974057e+25,0.93565613,0.9405278,310000.0,151467.33,149824.03,149824.05,18.959988,10.343312,8.540151,8.540146
1.7974057e+25,0.93394923,0.94033015,310000.0,151467.44,149824.06,149824.06,18.959988,10.343583,8.540147,8.540148
1.7974057e+25,0.9338925,0.9388322,310000.0,151467.38,149824.05,149824.03,18.959988,10.343234,8.540149,8.540146
1.7974057e+25,0.9362444,0.9432171,310000.0,151467.38,149824.03,149824.05,18.959988,10.343187,8.540153,8.540146
1.7974057e+25,0.9406044,0.9457633,310000.0,151467.38,149824.03,149824.06,18.959988,10.34319,8.54015,8.540146
1.7974057e+25,0.94432473,0.9493405,310000.0,151467.33,149824.05,149824.05,18.959988,10.343181,8.540151,8.540147
1.7974057e+25,0.92393863,0.9287929,310000.0,151467.44,149824.06,149824.08,18.959988,10.343787,8.54015,8.540147
1.7974057e+25,0.93674195,0.94173276,310000.0,151467.39,149824.05,149824.06,18.959988,10.343191,8.540151,8.540146
1.7974057e+25,0.9338259,0.9387567,310000.0,151467.33,149824.06,149824.06,18.959988,10.343309,8.5401535,8.540147
1.7974057e+25,0.93926257,0.9442956,310000.0,151467.39,149824.06,149824.08,18.959988,10.343427,8.54015,8.540146
1.7974057e+25,0.9455053,0.95237434,310000.0,151467.4,149824.05,149824.08,18.959988,10.343396,8.54015,8.540147
1.7974057e+25,0.9487974,0.9551543,310000.0,151467.33,149824.03,149824.06,18.959988,10.343128,8.540153,8.540147
1.7974057e+25,0.9355396,0.9408571,310000.0,151467.39,149824.08,149824.06,18.959988,10.343676,8.540148,8.540146
1.7974057e+25,0.9310466,0.93677086,310000.0,151467.38,149824.05,149824.05,18.959988,10.343201,8.540151,8.540147
1.7974057e+25,0.926518,0.9320311,310000.0,151467.42,149824.05,149824.06,18.959988,10.343583,8.54015,8.540146
1.7974057e+25,0.9238386,0.92927724,310000.0,151467.38,149824.05,149824.05,18.959988,10.3432,8.540148,8.540148
1.7974057e+25,0.9244489,0.93287694,310000.0,151467.3,149824.06,149824.05,18.959988,10.343061,8.54015,8.540146
1.7974057e+25,0.9330282,0.94156617,310000.0,151467.39,149824.06,149824.06,18.959988,10.343026,8.540151,8.540147
1.7974057e+25,0.91164607,0.9200204,310000.0,151467.34,149824.03,149824.08,18.959988,10.343109,8.540151,8.540147
1.7974057e+25,0.9182642,0.92467856,310000.0,151467.39,149824.05,149824.05,18.959988,10.343324,8.540152,8.540147
1.7974057e+25,0.9351621,0.94193536,310000.0,151467.31,149824.08,149824.05,18.959988,10.343,8.54015,8.540146
1.7974057e+25,0.94726163,0.9543925,310000.0,151467.39,149824.06,149824.05,18.959988,10.343428,8.540149,8.540146
1.7974057e+25,0.92188716,0.92814475,310000.0,151467.33,149824.06,149824.05,18.959988,10.343275,8.540153,8.540147
1.7974057e+25,0.93730474,0.94374216,310000.0,151467.4,149824.05,149824.06,18.959988,10.343567,8.5401535,8.540147
1.7974057e+25,0.9413429,0.94792783,310000.0,151467.4,149824.06,149824.06,18.959988,10.343333,8.540149,8.540146
1.7974057e+25,0.93662065,0.9431682,310000.0,151467.42,149824.06,149824.08,18.959988,10.343423,8.540145,8.540147
1.7974057e+25,0.93149704,0.93780637,310000.0,151467.36,149824.06,149824.05,18.959988,10.34315,8.54015,8.540146
1.7974057e+25,0.9331419,0.9396004,310000.0,151467.4,149824.05,149824.06,18.959988,10.343182,8.540151,8.540146
1.7974057e+25,0.9357136,0.94272447,310000.0,151467.34,149824.05,149824.05,18.959988,10.343175,8.540148,8.540146
1.7974057e+25,0.939121,0.9440956,310000.0,151467.38,149824.05,149824.06,18.959988,10.343159,8.54015,8.540147
1.7974057e+25,0.93262655,0.9375868,310000.0,151467.38,149824.08,149824.08,18.959988,10.343293,8.54015,8.540147
1.7974057e+25,0.9474967,0.95280236,310000.0,151467.39,149824.05,149824.03,18.959988,10.343511,8.540149,8.540147
1.7974057e+25,0.93457276,0.93955046,310000.0,151467.39,149824.06,149824.05,18.959988,10.343519,8.540151,8.540147
1.7974057e+25,0.9529853,0.95820206,310000.0,151467.36,149824.06,149824.06,18.959988,10.343234,8.540151,8.540146
1.7974057e+25,0.9306787,0.93551636,310000.0,151467.39,149824.06,149824.05,18.959988,10.343646,8.54015,8.540146
1.7974057e+25,0.93803567,0.9429978,310000.0,151467.34,149824.06,149824.05,18.959988,10.343002,8.540149,8.540146
1.7974057e+25,0.9369054,0.94182426,310000.0,151467.44,149824.06,149824.06,18.959988,10.343668,8.540152,8.540148
1.7974057e+25,0.9367017,0.9416221,310000.0,151467.4,149824.03,149824.08,18.959988,10.34336,8.54015,8.540147
1.7974057e+25,0.93902576,0.9439039,310000.0,151467.34,149824.05,149824.06,18.959988,10.343221,8.540152,8.540148
1.7974057e+25,0.94091815,0.94596833,310000.0,151467.39,149824.05,149824.03,18.959988,10.34339,8.540152,8.540147
1.7974057e+25,0.94010115,0.9451522,310000.0,151467.34,149824.08,149824.05,18.959988,10.343149,8.540151,8.540146
1.7974057e+25,0.9472715,0.95255667,310000.0,151467.38,149824.05,149824.06,18.959988,10.343277,8.540152,8.540146
1.7974057e+25,0.945582,0.95117414,310000.0,151467.36,149824.05,149824.08,18.959988,10.34327,8.540149,8.540146
1.7974057e+25,0.9288265,0.93562984,310000.0,151467.36,149824.05,149824.05,18.959988,10.343187,8.540151,8.540146
1.7974057e+25,0.94210035,0.9480193,310000.0,151467.38,149824.05,149824.08,18.959988,10.343306,8.540149,8.540146
1.7974057e+25,0.93731123,0.94371516,310000.0,151467.42,149824.05,149824.06,18.959988,10.343547,8.540153,8.540146
1.7974057e+25,0.94191426,0.9469936,310000.0,151467.39,149824.05,149824.06,18.959988,10.343212,8.540149,8.540146
1.7974057e+25,0.94337887,0.94834316,310000.0,151467.4,149824.06,149824.06,18.959988,10.343437,8.540151,8.540148
1.7974057e+25,0.9525157,0.957703,310000.0,151467.38,149824.08,149824.05,18.959988,10.343321,8.540151,8.540147
1.7974057e+25,0.94834226,0.955386,310000.0,151467.39,149824.06,149824.05,18.959988,10.343545,8.540153,8.540146
1.7974057e+25,0.9337566,0.93903697,310000.0,151467.39,149824.05,149824.08,18.959988,10.343445,8.540152,8.540147
1.7974057e+25,0.92473936,0.92969984,310000.0,151467.4,149824.05,149824.05,18.959988,10.34361,8.540151,8.540146
1.7974057e+25,0.9498018,0.95487285,310000.0,151467.38,149824.06,149824.05,18.959988,10.343436,8.540152,8.540146
1.7974057e+25,0.93944424,0.94478244,310000.0,151467.44,149824.05,149824.08,18.959988,10.343662,8.540149,8.540147
1.7974057e+25,0.9354275,0.9403859,310000.0,151467.38,149824.03,149824.08,18.959988,10.343555,8.540151,8.540147
1.7974057e+25,0.9513163,0.956557,310000.0,151467.4,149824.05,149824.06,18.959988,10.343553,8.540149,8.540147
1.7974057e+25,0.94160545,0.94663304,310000.0,151467.38,149824.06,149824.05,18.959988,10.343539,8.540148,8.540145
1.7974057e+25,0.9467398,0.95175374,310000.0,151467.36,149824.03,149824.08,18.959988,10.343297,8.540152,8.540146
1.7974057e+25,0.9260897,0.9313208,310000.0,151467.38,149824.05,149824.05,18.959988,10.343454,8.540149,8.540146
1.7974057e+25,0.9562168,0.962164,310000.0,151467.42,149824.06,149824.06,18.959988,10.343675,8.54015,8.540146
1.7974057e+25,0.9263951,0.9313637,310000.0,151467.31,149824.06,149824.08,18.959988,10.34317,8.540149,8.540146
1.7974057e+25,0.9239895,0.9289469,310000.0,151467.33,149824.05,149824.06,18.959988,10.34313,8.54015,8.540147
1.7974057e+25,0.92282856,0.927612,310000.0,151467.39,149824.06,149824.05,18.959988,10.34365,8.540146,8.540147
1.7974057e+25,0.9443067,0.94929767,310000.0,151467.39,149824.06,149824.08,18.959988,10.343386,8.540149,8.540146
1.7974057e+25,0.948315,0.9534647,310000.0,151467.33,149824.08,149824.05,18.959988,10.343064,8.540147,8.540145
1.7974057e+25,0.9319304,0.93690544,310000.0,151467.31,149824.03,149824.06,18.959988,10.343321,8.540149,8.540147
1.7974057e+25,0.94380516,0.9493167,310000.0,151467.42,149824.06,149824.08,18.959988,10.343588,8.540147,8.540146
1.7974057e+25,0.9166994,0.92314106,310000.0,151467.34,149824.05,149824.05,18.959988,10.343464,8.54015,8.540147
1.7974057e+25,0.93515027,0.94050586,310000.0,151467.4,149824.06,149824.06,18.959988,10.343488,8.540151,8.540147
1.7974057e+25,0.94835055,0.9537313,310000.0,151467.4,149824.05,149824.06,18.959988,10.34367,8.54015,8.540147
1.7974057e+25,0.9456987,0.95105326,310000.0,151467.42,149824.03,149824.05,18.959988,10.343681,8.54015,8.540147
1.7974057e+25,0.9298438,0.9349423,310000.0,151467.34,149824.06,149824.05,18.959988,10.343288,8.540146,8.540146
1.7974057e+25,0.92606866,0.9311741,310000.0,151467.38,149824.05,149824.06,18.959988,10.343381,8.540151,8.540147
1.7974057e+25,0.9407442,0.9460114,310000.0,151467.38,149824.05,149824.06,18.959988,10.343442,8.540148,8.540146
1.7974057e+25,0.94194216,0.94723624,310000.0,151467.4,149824.06,149824.06,18.959988,10.343257,8.540147,8.540147
1.7974057e+25,0.9487903,0.9542007,310000.0,151467.36,149824.06,149824.05,18.959988,10.343418,8.540151,8.540146
1.7974057e+25,0.9475715,0.9532021,310000.0,151467.42,149824.06,149824.06,18.959988,10.343482,8.540151,8.540146
1.7974057e+25,0.93595374,0.9416439,310000.0,151467.39,149824.06,149824.06,18.959988,10.343332,8.540149,8.540147
1.7974057e+25,0.94417554,0.9511323,310000.0,151467.36,149824.06,149824.05,18.959988,10.343076,8.54015,8.540147
1.7974057e+25,0.9390762,0.9470273,310000.0,151467.39,149824.05,149824.06,18.959988,10.34354,8.54015,8.540147
1.7974057e+25,0.91483414,0.9232759,310000.0,151467.38,149824.05,149824.03,18.959988,10.343077,8.540148,8.540146
1.7974057e+25,0.9382478,0.9433067,310000.0,151467.36,149824.03,149824.05,18.959988,10.343283,8.540152,8.540146
1.7974057e+25,0.93224233,0.93721956,310000.0,151467.38,149824.03,149824.06,18.959988,10.343253,8.540146,8.540146
1.7974057e+25,0.92376125,0.93049085,310000.0,151467.4,149824.05,149824.08,18.959988,10.343627,8.540157,8.540147
1.7974057e+25,0.9162948,0.9231057,310000.0,151467.33,149824.05,149824.06,18.959988,10.343226,8.540149,8.540152
1.7974057e+25,0.9118988,0.9194106,310000.0,151467.39,149824.05,149824.05,18.959988,10.343705,8.540147,8.540151
1.7974057e+25,0.91282225,0.91983646,310000.0,151467.4,149824.05,149824.06,18.959988,10.343618,8.540149,8.540151
1.7974057e+25,0.9102177,0.91819537,310000.0,151467.34,149824.06,149824.06,18.959988,10.343369,8.540153,8.540151
1.7974057e+25,0.9312918,0.9372208,310000.0,151467.44,149824.05,149824.05,18.959988,10.34368,8.540151,8.540151
1.7974057e+25,0.928948,0.9357338,310000.0,151467.36,149824.05,149824.06,18.959988,10.3434725,8.540149,8.540151
1.7974057e+25,0.90532243,0.9138143,310000.0,151467.42,149824.05,149824.05,18.959988,10.343381,8.540152,8.540152
1.7974057e+25,0.91374356,0.92013496,310000.0,151467.31,149824.05,149824.08,18.959988,10.343357,8.54015,8.540152
1.7974057e+25,0.93983597,0.9452261,310000.0,151467.36,149824.05,149824.05,18.959988,10.343107,8.540153,8.540151
1.7974057e+25,0.940191,0.94525164,310000.0,151467.39,149824.05,149824.06,18.959988,10.343407,8.540149,8.540151
1.7974057e+25,0.9415033,0.9469283,310000.0,151467.38,149824.06,149824.06,18.959988,10.34336,8.540146,8.54015
1.7974057e+25,0.9307079,0.93584806,310000.0,151467.34,149824.06,149824.06,18.959988,10.343472,8.540149,8.540151
1.7974057e+25,0.93989927,0.9452314,310000.0,151467.39,149824.06,149824.06,18.959988,10.343223,8.540146,8.540151
1.7974057e+25,0.9362162,0.9418045,310000.0,151467.34,149824.05,149824.06,18.959988,10.343153,8.54015,8.540151
1.7974057e+25,0.9320775,0.93854326,310000.0,151467.39,149824.05,149824.06,18.959988,10.343662,8.540146,8.540151
1.7974057e+25,0.9312779,0.9361612,310000.0,151467.34,149824.05,149824.05,18.959988,10.343312,8.540149,8.540151
1.7974057e+25,0.93648034,0.94240385,310000.0,151467.36,149824.05,149824.05,18.959988,10.343271,8.540151,8.540151
1.7974057e+25,0.9487453,0.95424706,310000.0,151467.31,149824.06,149824.06,18.959988,10.342952,8.540149,8.540151
1.7974057e+25,0.92921746,0.9339977,310000.0,151467.44,149824.06,149824.06,18.959988,10.343371,8.54015,8.540152
1.7974057e+25,0.9291868,0.9339422,310000.0,151467.39,149824.03,149824.06,18.959988,10.343275,8.540148,8.540152
1.7974057e+25,0.9282403,0.9330819,310000.0,151467.42,149824.06,149824.05,18.959988,10.343736,8.540154,8.540151
1.7974057e+25,0.9175832,0.9227242,310000.0,151467.38,149824.05,149824.06,18.959988,10.343388,8.540146,8.540151
1.7974057e+25,0.94166714,0.94647986,310000.0,151467.34,149824.05,149824.06,18.959988,10.343261,8.54015,8.54015
1.7974057e+25,0.947043,0.95215255,310000.0,151467.34,149824.05,149824.06,18.959988,10.343163,8.54015,8.540151
1.7974057e+25,0.93608123,0.9410686,310000.0,151467.36,149824.03,149824.06,18.959988,10.343192,8.54015,8.540151
1.7974057e+25,0.9531527,0.95919627,310000.0,151467.42,149824.06,149824.05,18.959988,10.343181,8.54015,8.540152
1.7974057e+25,0.9412031,0.9467946,310000.0,151467.42,149824.05,149824.05,18.959988,10.343653,8.54015,8.540151
1.7974057e+25,0.9276909,0.9326617,310000.0,151467.34,149824.08,149824.08,18.959988,10.343228,8.540145,8.540152
1.7974057e+25,0.9136182,0.918633,310000.0,151467.4,149824.08,149824.06,18.959988,10.343294,8.540151,8.540152
1.7974057e+25,0.93337846,0.9382897,310000.0,151467.38,149824.06,149824.06,18.959988,10.343372,8.54015,8.54015
1.7974057e+25,0.93966126,0.94550973,310000.0,151467.38,149824.03,149824.05,18.959988,10.343446,8.540148,8.540151
1.7974057e+25,0.9329452,0.9392779,310000.0,151467.33,149824.03,149824.06,18.959988,10.343172,8.540151,8.540151
1.7974057e+25,0.9432417,0.94982064,310000.0,151467.39,149824.06,149824.06,18.959988,10.343863,8.540151,8.540151
1.7974057e+25,0.94624966,0.95259166,310000.0,151467.36,149824.08,149824.05,18.959988,10.34318,8.540151,8.540151
1.7974057e+25,0.94085604,0.94745606,310000.0,151467.44,149824.06,149824.08,18.959988,10.343904,8.54015,8.540152
1.7974057e+25,0.9467945,0.95208126,310000.0,151467.36,149824.05,149824.06,18.959988,10.343132,8.540149,8.540151
1.7974057e+25,0.94266665,0.9479794,310000.0,151467.33,149824.08,149824.06,18.959988,10.342974,8.54015,8.54015
1.7974057e+25,0.93041265,0.93519235,310000.0,151467.39,149824.08,149824.06,18.959988,10.343261,8.540148,8.540152
1.7974057e+25,0.93221664,0.9371255,310000.0,151467.39,149824.05,149824.06,18.959988,10.343061,8.540147,8.540152
1.7974057e+25,0.94318014,0.95007294,310000.0,151467.38,149824.06,149824.05,18.959988,10.34361,8.540154,8.540152
1.7974057e+25,0.9428293,0.9491058,310000.0,151467.38,149824.05,149824.06,18.959988,10.3433895,8.54015,8.540152
1.7974057e+25,0.94382954,0.95021445,310000.0,151467.38,149824.08,149824.05,18.959988,10.343208,8.54015,8.540151
1.7974057e+25,0.93905735,0.94491106,310000.0,151467.34,149824.05,149824.05,18.959988,10.343182,8.540152,8.540151
1.7974057e+25,0.92843854,0.9336372,310000.0,151467.36,149824.08,149824.08,18.959988,10.343154,8.540148,8.540151
1.7974057e+25,0.9361087,0.9427934,310000.0,151467.38,149824.06,149824.05,18.959988,10.34345,8.54015,8.540152
1.7974057e+25,0.9375702,0.9437972,310000.0,151467.38,149824.05,149824.08,18.959988,10.343331,8.540147,8.540151
1.7974057e+25,0.91106945,0.9175813,310000.0,151467.4,149824.05,149824.06,18.959988,10.343281,8.54015,8.540152
1.7974057e+25,0.932024,0.9381965,310000.0,151467.42,149824.05,149824.06,18.959988,10.343328,8.540149,8.540151
1.7974057e+25,0.9091751,0.91518724,310000.0,151467.31,149824.06,149824.06,18.959988,10.342936,8.540154,8.540151
1.7974057e+25,0.92609364,0.93272865,310000.0,151467.36,149824.05,149824.06,18.959988,10.343632,8.540149,8.540151
1.7974057e+25,0.93278193,0.9399485,310000.0,151467.39,149824.06,149824.06,18.959988,10.343667,8.540151,8.540151
1.7974057e+25,0.9415256,0.94813555,310000.0,151467.38,149824.06,149824.06,18.959988,10.343145,8.540151,8.540152
1.7974057e+25,0.941059,0.9472061,310000.0,151467.36,149824.05,149824.06,18.959988,10.343333,8.540149,8.540151
1.7974057e+25,0.9344627,0.94265,310000.0,151467.38,149824.08,149824.08,18.959988,10.343387,8.540147,8.540152
1.7974057e+25,0.9412136,0.94754225,310000.0,151467.38,149824.06,149824.06,18.959988,10.343453,8.54015,8.540152
1.7974057e+25,0.9398753,0.94667506,310000.0,151467.34,149824.06,149824.05,18.959988,10.343382,8.540152,8.540151
1.7974057e+25,0.93542683,0.9418687,310000.0,151467.38,149824.06,149824.08,18.959988,10.343433,8.540151,8.540151
1.7974057e+25,0.94240326,0.94766384,310000.0,151467.39,149824.03,149824.06,18.959988,10.3434725,8.540149,8.54015
1.7974057e+25,0.93402153,0.939322,310000.0,151467.42,149824.05,149824.06,18.959988,10.343536,8.540149,8.540151
1.7974057e+25,0.944613,0.9509836,310000.0,151467.39,149824.06,149824.05,18.959988,10.343702,8.540148,8.540152
1.7974057e+25,0.93219256,0.938336,310000.0,151467.34,149824.06,149824.06,18.959988,10.3432665,8.540149,8.540152
1.7974057e+25,0.9281099,0.9345211,310000.0,151467.44,149824.06,149824.06,18.959988,10.343603,8.54015,8.540151
1.7974057e+25,0.94826293,0.95484483,310000.0,151467.39,149824.03,149824.06,18.959988,10.343465,8.540147,8.540152
1.7974057e+25,0.93889296,0.9457132,310000.0,151467.38,149824.06,149824.08,18.959988,10.343546,8.54015,8.540151
1.7974057e+25,0.9456776,0.95197123,310000.0,151467.42,149824.05,149824.06,18.959988,10.343388,8.540149,8.540151
1.7974057e+25,0.9264972,0.93431085,310000.0,151467.44,149824.08,149824.03,18.959988,10.3436,8.540153,8.54015
1.7974057e+25,0.9345136,0.9424089,310000.0,151467.39,149824.06,149824.06,18.959988,10.343352,8.54015,8.540151
1.7974057e+25,0.9325923,0.939838,310000.0,151467.39,149824.05,149824.06,18.959988,10.343358,8.540147,8.540151
1.7974057e+25,0.93440694,0.9410289,310000.0,151467.33,149824.05,149824.05,18.959988,10.343554,8.540149,8.540152
1.7974057e+25,0.9376096,0.94487923,310000.0,151467.36,149824.05,149824.06,18.959988,10.3431015,8.540149,8.540152
1.7974057e+25,0.9064503,0.9150471,310000.0,151467.42,149824.08,149824.05,18.959988,10.34344,8.54015,8.540151
1.7974057e+25,0.9411914,0.9469988,310000.0,151467.38,149824.05,149824.06,18.959988,10.343369,8.540148,8.540151
1.7974057e+25,0.9247861,0.93067163,310000.0,151467.44,149824.05,149824.03,18.959988,10.343576,8.540151,8.540152
1.7974057e+25,0.95131606,0.9572041,310000.0,151467.44,149824.05,149824.06,18.959988,10.343755,8.540149,8.540151
1.7974057e+25,0.9353285,0.9414235,310000.0,151467.38,149824.06,149824.06,18.959988,10.343272,8.540148,8.540152
1.7974057e+25,0.927407,0.9336343,310000.0,151467.36,149824.06,149824.06,18.959988,10.343433,8.540148,8.540151
1.7974057e+25,0.9171146,0.922943,310000.0,151467.42,149824.06,149824.06,18.959988,10.343804,8.540152,8.540151
1.7974057e+25,0.9189099,0.92500836,310000.0,151467.36,149824.06,149824.05,18.959988,10.343313,8.540149,8.540151
1.7974057e+25,0.9219087,0.9277343,310000.0,151467.42,149824.06,149824.06,18.959988,10.343471,8.540152,8.540151
1.7974057e+25,0.9282747,0.9343846,310000.0,151467.42,149824.06,149824.08,18.959988,10.34363,8.540151,8.54015
1.7974057e+25,0.93898326,0.9450483,310000.0,151467.36,149824.08,149824.06,18.959988,10.343592,8.540152,8.540151
1.7974057e+25,0.94907624,0.9548033,310000.0,151467.36,149824.05,149824.05,18.959988,10.343607,8.540151,8.540152
1.7974057e+25,0.93886036,0.944993,310000.0,151467.36,149824.08,149824.08,18.959988,10.34342,8.540149,8.540151
1.7974057e+25,0.9283043,0.9337926,310000.0,151467.42,149824.06,149824.06,18.959988,10.343598,8.540146,8.540151
1.7974057e+25,0.93458,0.9404619,310000.0,151467.4,149824.05,149824.06,18.959988,10.343522,8.540151,8.540152
1.7974057e+25,0.9384203,0.94513035,310000.0,151467.39,149824.06,149824.05,18.959988,10.343292,8.540153,8.54015
1.7974057e+25,0.941434,0.9473743,310000.0,151467.3,149824.05,149824.05,18.959988,10.343139,8.54015,8.540151
1.7974057e+25,0.9270663,0.9334745,310000.0,151467.42,149824.06,149824.06,18.959988,10.343659,8.540151,8.54015
1.7974057e+25,0.9270822,0.9330962,310000.0,151467.4,149824.05,149824.06,18.959988,10.343682,8.540151,8.540152
1.7974057e+25,0.93564916,0.9419356,310000.0,151467.31,149824.06,149824.08,18.959988,10.34299,8.540151,8.540152
1.7974057e+25,0.93528813,0.94103944,310000.0,151467.36,149824.05,149824.06,18.959988,10.343462,8.540149,8.540151
1.7974057e+25,0.9414301,0.946641,310000.0,151467.4,149824.05,149824.05,18.959988,10.343685,8.540152,8.540151
1.7974057e+25,0.94884604,0.9548261,310000.0,151467.33,149824.06,149824.08,18.959988,10.343302,8.540152,8.540151
1.7974057e+25,0.9316715,0.9369872,310000.0,151467.38,149824.05,149824.06,18.959988,10.343145,8.540152,8.540151
1.7974057e+25,0.94166714,0.94713235,310000.0,151467.38,149824.03,149824.08,18.959988,10.343309,8.540147,8.540151
1.7974057e+25,0.9446304,0.9501592,310000.0,151467.42,149824.05,149824.06,18.959988,10.343581,8.54015,8.540151
1.7974057e+25,0.94114906,0.9471831,310000.0,151467.4,149824.05,149824.06,18.959988,10.343333,8.54015,8.540152
1.7974057e+25,0.9514981,0.9587126,310000.0,151467.4,149824.06,149824.06,18.959988,10.343497,8.540151,8.540152
1.7974057e+25,0.9363529,0.94169986,310000.0,151467.38,149824.05,149824.06,18.959988,10.3436165,8.540151,8.540151
1.7974057e+25,0.9455026,0.95133185,310000.0,151467.34,149824.05,149824.05,18.959988,10.343148,8.540152,8.540151
1.7974057e+25,0.94995236,0.9549815,310000.0,151467.4,149824.05,149824.06,18.959988,10.343453,8.540149,8.540152
1.7974057e+25,0.94071645,0.9457999,310000.0,151467.34,149824.05,149824.06,18.959988,10.343155,8.540149,8.540152
1.7974057e+25,0.9391794,0.9441502,310000.0,151467.38,149824.05,149824.05,18.959988,10.343353,8.540152,8.540151
1.7974057e+25,0.9229967,0.9280755,310000.0,151467.36,149824.06,149824.06,18.959988,10.343443,8.54015,8.540151
1.7974057e+25,0.93442965,0.9393392,310000.0,151467.4,149824.05,149824.08,18.959988,10.343557,8.540151,8.540151
1.7974057e+25,0.9310724,0.93613464,310000.0,151467.39,149824.03,149824.06,18.959988,10.343349,8.540148,8.540152
1.7974057e+25,0.9472647,0.95351386,310000.0,151467.38,149824.03,149824.08,18.959988,10.343334,8.54015,8.540151
1.7974057e+25,0.94145864,0.9474043,310000.0,151467.38,149824.06,149824.05,18.959988,10.343301,8.54015,8.540151
1.7974057e+25,0.9323813,0.9388529,310000.0,151467.34,149824.06,149824.06,18.959988,10.343134,8.540149,8.540151
1.7974057e+25,0.94036233,0.9458266,310000.0,151467.39,149824.05,149824.06,18.959988,10.343323,8.540148,8.540152
1.7974057e+25,0.94770557,0.9525363,310000.0,151467.38,149824.06,149824.06,18.959988,10.343382,8.540151,8.54015
1.7974057e+25,0.9496665,0.9548029,310000.0,151467.36,149824.06,149824.03,18.959988,10.343496,8.54015,8.54015
1.7974057e+25,0.9414108,0.9464546,310000.0,151467.36,149824.06,149824.05,18.959988,10.343544,8.540148,8.540151
1.7974057e+25,0.9245647,0.9300255,310000.0,151467.33,149824.03,149824.05,18.959988,10.343399,8.540151,8.54015
1.7974057e+25,0.93539023,0.94037116,310000.0,151467.38,149824.06,149824.06,18.959988,10.343254,8.540151,8.54015
1.7974057e+25,0.9212024,0.92898035,310000.0,151467.4,149824.05,149824.02,18.959988,10.343531,8.540151,8.54015
1.7974057e+25,0.9385401,0.94410694,310000.0,151467.44,149824.06,149824.05,18.959988,10.343664,8.540152,8.54015
1.7974057e+25,0.9306577,0.9361944,310000.0,151467.4,149824.03,149824.05,18.959988,10.343543,8.540148,8.54015
1.7974057e+25,0.9342608,0.94093335,310000.0,151467.36,149824.03,149824.05,18.959988,10.343026,8.540152,8.54015
1.7974057e+25,0.9445262,0.95078456,310000.0,151467.34,149824.05,149824.06,18.959988,10.343189,8.540152,8.540151
1.7974057e+25,0.9396032,0.94545513,310000.0,151467.44,149824.05,149824.05,18.959988,10.343541,8.54015,8.54015
1.7974057e+25,0.92152977,0.9296569,310000.0,151467.44,149824.05,149824.06,18.959988,10.343553,8.540149,8.54015
1.7974057e+25,0.9212576,0.92840743,310000.0,151467.38,149824.05,149824.06,18.959988,10.343539,8.540147,8.540151
1.7974057e+25,0.9277651,0.9359851,310000.0,151467.34,149824.03,149824.06,18.959988,10.343179,8.540147,8.540151
1.7974057e+25,0.9430168,0.9483735,310000.0,151467.4,149824.06,149824.05,18.959988,10.343629,8.540148,8.540151
1.7974057e+25,0.9446105,0.9497488,310000.0,151467.39,149824.06,149824.06,18.959988,10.343665,8.540149,8.540151
1.7974057e+25,0.9386407,0.9438373,310000.0,151467.34,149824.05,149824.05,18.959988,10.343232,8.540151,8.54015
1.7974057e+25,0.9383481,0.9435254,310000.0,151467.4,149824.06,149824.06,18.959988,10.343428,8.540148,8.540151
1.7974057e+25,0.94203013,0.94784915,310000.0,151467.42,149824.05,149824.06,18.959988,10.3434925,8.54015,8.54015
1.7974057e+25,0.9354254,0.9414608,310000.0,151467.39,149824.06,149824.06,18.959988,10.3433075,8.540151,8.540151
1.7974057e+25,0.924635,0.930734,310000.0,151467.36,149824.05,149824.05,18.959988,10.343242,8.540146,8.54015
1.7974057e+25,0.9374337,0.9429865,310000.0,151467.38,149824.08,149824.06,18.959988,10.343614,8.540153,8.540151
1.7974057e+25,0.93844897,0.94412225,310000.0,151467.39,149824.06,149824.05,18.959988,10.343671,8.540152,8.540151
1.7974057e+25,0.94295216,0.9496257,310000.0,151467.38,149824.06,149824.06,18.959988,10.343209,8.540151,8.540151
1.7974057e+25,0.94183326,0.9475094,310000.0,151467.38,149824.06,149824.06,18.959988,10.343044,8.540148,8.540151
1.7974057e+25,0.93307763,0.9387611,310000.0,151467.38,149824.03,149824.05,18.959988,10.343419,8.540148,8.54015
1.7974057e+25,0.9462143,0.9520476,310000.0,151467.39,149824.06,149824.06,18.959988,10.343428,8.540149,8.540151
1.7974057e+25,0.93681264,0.9421561,310000.0,151467.38,149824.05,149824.03,18.959988,10.343574,8.540146,8.54015
1.7974057e+25,0.94935685,0.95506203,310000.0,151467.36,149824.05,149824.06,18.959988,10.343591,8.540149,8.540151
1.7974057e+25,0.9424258,0.9479054,310000.0,151467.33,149824.06,149824.06,18.959988,10.343385,8.540149,8.540152
1.7974057e+25,0.9316529,0.937969,310000.0,151467.39,149824.06,149824.05,18.959988,10.343429,8.54015,8.54015
1.7974057e+25,0.9489034,0.9542196,310000.0,151467.34,149824.05,149824.06,18.959988,10.343439,8.540149,8.54015
1.7974057e+25,0.9343742,0.94038767,310000.0,151467.34,149824.06,149824.06,18.959988,10.343441,8.540149,8.540151
1.7974057e+25,0.93413603,0.94007987,310000.0,151467.33,149824.06,149824.05,18.959988,10.343429,8.540149,8.54015
1.7974057e+25,0.9362858,0.9429905,310000.0,151467.33,149824.03,149824.02,18.959988,10.343761,8.540152,8.54015
1.7974057e+25,0.94151723,0.947257,310000.0,151467.39,149824.06,149824.06,18.959988,10.343377,8.540149,8.540151
1.7974057e+25,0.93728524,0.9432365,310000.0,151467.34,149824.06,149824.06,18.959988,10.343339,8.540152,8.54015
1.7974057e+25,0.94292295,0.94832724,310000.0,151467.33,149824.06,149824.05,18.959988,10.343101,8.540148,8.54015
1.7974057e+25,0.93539983,0.94026345,310000.0,151467.42,149824.05,149824.06,18.959988,10.343519,8.540146,8.54015
1.7974057e+25,0.93838227,0.9439315,310000.0,151467.36,149824.08,149824.03,18.959988,10.3429365,8.540153,8.54015
1.7974057e+25,0.9309332,0.93590015,310000.0,151467.4,149824.03,149824.06,18.959988,10.343301,8.540153,8.54015
1.7974057e+25,0.9281406,0.9330408,310000.0,151467.39,149824.06,149824.05,18.959988,10.343253,8.540149,8.54015
1.7974057e+25,0.94599134,0.9513307,310000.0,151467.36,149824.06,149824.03,18.959988,10.343252,8.54015,8.54015
1.7974057e+25,0.9157942,0.92221165,310000.0,151467.36,149824.05,149824.05,18.959988,10.343312,8.540149,8.54015
1.7974057e+25,0.9278496,0.93277866,310000.0,151467.4,149824.05,149824.06,18.959988,10.343485,8.540149,8.54015
1.7974057e+25,0.92296594,0.92805135,310000.0,151467.38,149824.05,149824.05,18.959988,10.343704,8.540151,8.54015
1.7974057e+25,0.94448745,0.95004195,310000.0,151467.38,149824.03,149824.06,18.959988,10.343508,8.540149,8.540151
1.7974057e+25,0.9338311,0.93933296,310000.0,151467.38,149824.05,149824.05,18.959988,10.343635,8.540152,8.540151
1.7974057e+25,0.9467632,0.952329,310000.0,151467.39,149824.06,149824.06,18.959988,10.343725,8.540149,8.540151
1.7974057e+25,0.94095045,0.9464625,310000.0,151467.42,149824.05,149824.06,18.959988,10.343435,8.540148,8.540151
1.7974057e+25,0.9457096,0.951152,310000.0,151467.39,149824.03,149824.05,18.959988,10.3434105,8.54015,8.540151
1.7974057e+25,0.9376568,0.9434188,310000.0,151467.4,149824.06,149824.06,18.959988,10.343649,8.540149,8.54015
1.7974057e+25,0.9366904,0.9422644,310000.0,151467.4,149824.05,149824.06,18.959988,10.343651,8.54015,8.54015
1.7974057e+25,0.94149435,0.9472459,310000.0,151467.39,149824.06,149824.03,18.959988,10.343619,8.540146,8.54015
1.7974057e+25,0.94616675,0.95218426,310000.0,151467.39,149824.06,149824.05,18.959988,10.343389,8.54015,8.54015
1.7974057e+25,0.9437986,0.9490059,310000.0,151467.38,149824.05,149824.06,18.959988,10.343363,8.54015,8.540151
1.7974057e+25,0.9346128,0.94124925,310000.0,151467.38,149824.05,149824.06,18.959988,10.343461,8.54015,8.540151
1.7974057e+25,0.93570733,0.9441161,310000.0,151467.34,149824.05,149824.06,18.959988,10.343273,8.54015,8.54015
1.7974057e+25,0.941766,0.9472085,310000.0,151467.36,149824.03,149824.06,18.959988,10.343123,8.54015,8.540151
1.7974057e+25,0.944068,0.94928586,310000.0,151467.34,149824.06,149824.05,18.959988,10.343186,8.540147,8.540151
1.7974057e+25,0.9459817,0.95147884,310000.0,151467.39,149824.08,149824.06,18.959988,10.343362,8.540149,8.540151
1.7974057e+25,0.9404228,0.9463248,310000.0,151467.4,149824.08,149824.08,18.959988,10.343677,8.540148,8.540152
1.7974057e+25,0.94185674,0.9476048,310000.0,151467.38,149824.06,149824.06,18.959988,10.343146,8.540152,8.54015
1.7974057e+25,0.9472762,0.9531257,310000.0,151467.44,149824.08,149824.06,18.959988,10.343506,8.540145,8.540151
1.7974057e+25,0.9529464,0.95905,310000.0,151467.45,149824.05,149824.05,18.959988,10.343885,8.5401535,8.54015
1.7974057e+25,0.93331486,0.93944687,310000.0,151467.39,149824.03,149824.05,18.959988,10.343555,8.54015,8.54015
1.7974057e+25,0.9405303,0.94589084,310000.0,151467.39,149824.06,149824.06,18.959988,10.343349,8.540152,8.540151
1.7974057e+25,0.93357897,0.93925786,310000.0,151467.4,149824.05,149824.05,18.959988,10.343367,8.54015,8.54015
1.7974057e+25,0.93939334,0.9446489,310000.0,151467.38,149824.05,149824.03,18.959988,10.343252,8.540148,8.540151
1.7974057e+25,0.92482287,0.9303076,310000.0,151467.39,149824.06,149824.05,18.959988,10.343526,8.540153,8.54015
1.7974057e+25,0.9204727,0.9275564,310000.0,151467.33,149824.06,149824.05,18.959988,10.343313,8.540148,8.540151
1.7974057e+25,0.9322552,0.9380487,310000.0,151467.36,149824.05,149824.03,18.959988,10.343176,8.54015,8.54015
1.7974057e+25,0.91702753,0.92271066,310000.0,151467.34,149824.06,149824.05,18.959988,10.343191,8.540151,8.54015
1.7974057e+25,0.9297398,0.9361911,310000.0,151467.34,149824.08,149824.05,18.959988,10.343292,8.540151,8.540151
1.7974057e+25,0.9223076,0.92899203,310000.0,151467.4,149824.05,149824.05,18.959988,10.343626,8.540154,8.540151
1.7974057e+25,0.93682855,0.9433359,310000.0,151467.38,149824.03,149824.05,18.959988,10.3433275,8.540151,8.54015
1.7974057e+25,0.9261377,0.9332405,310000.0,151467.33,149824.05,149824.06,18.959988,10.343135,8.54015,8.54015
1.7974057e+25,0.9366644,0.9439149,310000.0,151467.4,149824.06,149824.03,18.959988,10.343567,8.540152,8.54015
1.7974057e+25,0.9490642,0.9554074,310000.0,151467.38,149824.06,149824.06,18.959988,10.343347,8.540149,8.540151
1.7974057e+25,0.9355895,0.94115835,310000.0,151467.42,149824.05,149824.06,18.959988,10.343633,8.540151,8.54015
1.7974057e+25,0.9404267,0.9475547,310000.0,151467.36,149824.06,149824.06,18.959988,10.343604,8.54015,8.540151
1.7974057e+25,0.93887526,0.9450382,310000.0,151467.4,149824.06,149824.03,18.959988,10.343508,8.540152,8.54015
1.7974057e+25,0.9108435,0.91865486,310000.0,151467.39,149824.05,149824.05,18.959988,10.343618,8.54015,8.54015
1.7974057e+25,0.9209317,0.9287661,310000.0,151467.39,149824.05,149824.05,18.959988,10.343192,8.540149,8.540151
1.7974057e+25,0.930319,0.93654424,310000.0,151467.4,149824.03,149824.03,18.959988,10.3435,8.540151,8.54015
1.7974057e+25,0.92373735,0.9305813,310000.0,151467.36,149824.05,149824.05,18.959988,10.34365,8.54015,8.54015
1.7974057e+25,0.94201714,0.9482194,310000.0,151467.38,149824.08,149824.06,18.959988,10.3434725,8.540152,8.54015
1.7974057e+25,0.9311117,0.93868864,310000.0,151467.38,149824.03,149824.08,18.959988,10.343317,8.540153,8.54015
1.7974057e+25,0.9393364,0.94730544,310000.0,151467.38,149824.05,149824.06,18.959988,10.343346,8.5401535,8.54015
1.7974057e+25,0.9373999,0.94424295,310000.0,151467.38,149824.06,149824.05,18.959988,10.343469,8.540152,8.54015
1.7974057e+25,0.92288375,0.9310197,310000.0,151467.34,149824.06,149824.05,18.959988,10.343329,8.540151,8.540149
1.7974057e+25,0.9060213,0.91360503,310000.0,151467.39,149824.06,149824.08,18.959988,10.343184,8.540146,8.54015
1.7974057e+25,0.9087617,0.9155356,310000.0,151467.38,149824.08,149824.05,18.959988,10.343104,8.540151,8.540151
1.7974057e+25,0.9106032,0.91845053,310000.0,151467.38,149824.05,149824.05,18.959988,10.343475,8.5401535,8.54015
1.7974057e+25,0.9090259,0.9167902,310000.0,151467.38,149824.05,149824.03,18.959988,10.343536,8.540155,8.54015
1.7974057e+25,0.94539756,0.9515558,310000.0,151467.39,149824.05,149824.06,18.959988,10.343358,8.540147,8.54015
1.7974057e+25,0.93312544,0.9398009,310000.0,151467.38,149824.03,149824.05,18.959988,10.343496,8.54015,8.54015
1.7974057e+25,0.93269867,0.9384969,310000.0,151467.38,149824.05,149824.06,18.959988,10.343263,8.54015,8.540151
1.7974057e+25,0.9436075,0.9502205,310000.0,151467.36,149824.06,149824.05,18.959988,10.3432865,8.540149,8.54015
1.7974057e+25,0.9347562,0.93960184,310000.0,151467.39,149824.06,149824.05,18.959988,10.343368,8.540149,8.540151
1.7974057e+25,0.9148182,0.92263865,310000.0,151467.4,149824.06,149824.06,18.959988,10.343731,8.540153,8.540151
1.7974057e+25,0.92673296,0.9341063,310000.0,151467.38,149824.05,149824.06,18.959988,10.343385,8.540152,8.540151
1.7974057e+25,0.93897665,0.9447376,310000.0,151467.39,149824.06,149824.08,18.959988,10.343384,8.540151,8.540151
1.7974057e+25,0.94545615,0.9512331,310000.0,151467.42,149824.05,149824.08,18.959988,10.34342,8.540153,8.540151
1.7974057e+25,0.9267223,0.9344802,310000.0,151467.36,149824.06,149824.06,18.959988,10.343053,8.5401535,8.540151
1.7974057e+25,0.92978436,0.93635565,310000.0,151467.33,149824.06,149824.05,18.959988,10.342986,8.540152,8.54015
1.7974057e+25,0.9324808,0.93950385,310000.0,151467.42,149824.05,149824.08,18.959988,10.343508,8.540147,8.540151
1.7974057e+25,0.9326256,0.9392584,310000.0,151467.39,149824.06,149824.08,18.959988,10.343137,8.540151,8.540151
1.7974057e+25,0.935573,0.94162977,310000.0,151467.34,149824.05,149824.03,18.959988,10.343135,8.540149,8.540149
1.7974057e+25,0.92575735,0.9329782,310000.0,151467.31,149824.05,149824.06,18.959988,10.342944,8.540151,8.540152
1.7974057e+25,0.92834985,0.9344613,310000.0,151467.39,149824.03,149824.05,18.959988,10.343566,8.540154,8.54015
1.7974057e+25,0.92319393,0.9312063,310000.0,151467.33,149824.06,149824.06,18.959988,10.343341,8.54015,8.540151
1.7974057e+25,0.92777824,0.9347437,310000.0,151467.4,149824.05,149824.05,18.959988,10.343643,8.540149,8.54015
1.7974057e+25,0.9221734,0.93003184,310000.0,151467.36,149824.05,149824.05,18.959988,10.343563,8.54015,8.54015
1.7974057e+25,0.9379361,0.94490415,310000.0,151467.38,149824.06,149824.06,18.959988,10.343372,8.540149,8.540151
1.7974057e+25,0.92989594,0.936175,310000.0,151467.39,149824.05,149824.06,18.959988,10.343282,8.540151,8.540151
1.7974057e+25,0.93626016,0.9423878,310000.0,151467.36,149824.06,149824.03,18.959988,10.343756,8.5401535,8.54015
1.7974057e+25,0.9445561,0.95007885,310000.0,151467.36,149824.05,149824.03,18.959988,10.343387,8.54015,8.54015
1.7974057e+25,0.9365626,0.9418749,310000.0,151467.36,149824.06,149824.06,18.959988,10.343549,8.540151,8.54015
1.7974057e+25,0.93218607,0.93835527,310000.0,151467.31,149824.05,149824.06,18.959988,10.343272,8.540151,8.54015
1.7974057e+25,0.9311003,0.93893695,310000.0,151467.38,149824.06,149824.03,18.959988,10.343405,8.540154,8.540146
1.7974057e+25,0.93974125,0.94499665,310000.0,151467.38,149824.05,149824.03,18.959988,10.343424,8.540153,8.540148
1.7974057e+25,0.9345737,0.9403899,310000.0,151467.38,149824.03,149824.05,18.959988,10.343392,8.5401535,8.540147
1.7974057e+25,0.93056554,0.936593,310000.0,151467.44,149824.05,149824.05,18.959988,10.343643,8.540151,8.540147
1.7974057e+25,0.9290049,0.9350145,310000.0,151467.38,149824.08,149824.05,18.959988,10.343236,8.540151,8.540148
1.7974057e+25,0.9290731,0.93544817,310000.0,151467.4,149824.06,149824.05,18.959988,10.343506,8.540147,8.540147
1.7974057e+25,0.92112017,0.9267519,310000.0,151467.34,149824.06,149824.05,18.959988,10.343616,8.540152,8.540147
1.7974057e+25,0.9202529,0.9260751,310000.0,151467.4,149824.06,149824.05,18.959988,10.343677,8.540149,8.540147
1.7974057e+25,0.93600756,0.9419052,310000.0,151467.34,149824.06,149824.06,18.959988,10.3433,8.540151,8.540148
1.7974057e+25,0.93672985,0.94179493,310000.0,151467.36,149824.06,149824.03,18.959988,10.343286,8.540146,8.540147
1.7974057e+25,0.9347689,0.94128436,310000.0,151467.36,149824.05,149824.05,18.959988,10.343506,8.54015,8.540147
1.7974057e+25,0.9126129,0.9182707,310000.0,151467.42,149824.06,149824.08,18.959988,10.343789,8.54015,8.540147
1.7974057e+25,0.9436863,0.9486768,310000.0,151467.33,149824.06,149824.05,18.959988,10.343212,8.540153,8.540147
1.7974057e+25,0.9304037,0.9372213,310000.0,151467.4,149824.08,149824.03,18.959988,10.343346,8.540148,8.540147
1.7974057e+25,0.94494647,0.9501629,310000.0,151467.38,149824.06,149824.05,18.959988,10.343494,8.54015,8.540148
1.7974057e+25,0.9381662,0.94385296,310000.0,151467.4,149824.06,149824.03,18.959988,10.343557,8.54015,8.540147
1.7974057e+25,0.94723904,0.95305985,310000.0,151467.36,149824.05,149824.05,18.959988,10.34324,8.540149,8.540146
1.7974057e+25,0.9491565,0.9546453,310000.0,151467.38,149824.05,149824.03,18.959988,10.343312,8.540149,8.540147
1.7974057e+25,0.92868245,0.93385065,310000.0,151467.44,149824.05,149824.08,18.959988,10.343775,8.54015,8.540147
1.7974057e+25,0.93254375,0.93771994,310000.0,151467.36,149824.03,149824.05,18.959988,10.343219,8.540149,8.540147
1.7974057e+25,0.94615513,0.95273143,310000.0,151467.4,149824.05,149824.05,18.959988,10.343689,8.540152,8.540146
1.7974057e+25,0.93665683,0.9430895,310000.0,151467.4,149824.05,149824.03,18.959988,10.34341,8.540149,8.540147
1.7974057e+25,0.9302997,0.9350754,310000.0,151467.36,149824.06,149824.03,18.959988,10.343702,8.540151,8.540147
1.7974057e+25,0.9304287,0.9364333,310000.0,151467.34,149824.05,149824.02,18.959988,10.343173,8.540151,8.540147
1.7974057e+25,0.93060607,0.9372757,310000.0,151467.3,149824.06,149824.06,18.959988,10.343279,8.540148,8.540147
1.7974057e+25,0.9342741,0.94203466,310000.0,151467.38,149824.06,149824.05,18.959988,10.343375,8.54015,8.540147
1.7974057e+25,0.94244957,0.9477876,310000.0,151467.36,149824.06,149824.05,18.959988,10.342984,8.54015,8.540148
1.7974057e+25,0.927525,0.9339366,310000.0,151467.38,149824.06,149824.05,18.959988,10.3432665,8.540149,8.540148
1.7974057e+25,0.93244565,0.9387467,310000.0,151467.36,149824.03,149824.08,18.959988,10.343433,8.5401535,8.540147
1.7974057e+25,0.93185127,0.9376015,310000.0,151467.36,149824.05,149824.06,18.959988,10.343466,8.5401535,8.540147
1.7974057e+25,0.9349998,0.94220036,310000.0,151467.4,149824.05,149824.06,18.959988,10.343573,8.540147,8.540148
1.7974057e+25,0.9334728,0.9406791,310000.0,151467.34,149824.08,149824.05,18.959988,10.343241,8.540152,8.540147
1.7974057e+25,0.94237906,0.9488439,310000.0,151467.39,149824.05,149824.08,18.959988,10.343053,8.540149,8.540148
1.7974057e+25,0.9392134,0.94417214,310000.0,151467.39,149824.05,149824.05,18.959988,10.343407,8.540151,8.540147
1.7974057e+25,0.9420665,0.94699377,310000.0,151467.38,149824.06,149824.06,18.959988,10.343204,8.54015,8.540148
1.7974057e+25,0.9191579,0.92546844,310000.0,151467.36,149824.06,149824.03,18.959988,10.343531,8.54015,8.540148
1.7974057e+25,0.9338306,0.93867975,310000.0,151467.44,149824.05,149824.06,18.959988,10.343839,8.540151,8.540146
1.7974057e+25,0.9435282,0.948592,310000.0,151467.34,149824.06,149824.06,18.959988,10.343156,8.540147,8.540148
1.7974057e+25,0.9407578,0.94520307,310000.0,151467.34,149824.05,149824.05,18.959988,10.343142,8.540151,8.540147
1.7974057e+25,0.9197479,0.92456275,310000.0,151467.39,149824.06,149824.08,18.959988,10.343533,8.540152,8.540147
1.7974057e+25,0.92591804,0.93071246,310000.0,151467.4,149824.05,149824.06,18.959988,10.343336,8.540148,8.540146
1.7974057e+25,0.9525411,0.9576212,310000.0,151467.36,149824.06,149824.06,18.959988,10.343402,8.54015,8.540147
1.7974057e+25,0.9418466,0.9468697,310000.0,151467.39,149824.03,149824.05,18.959988,10.343241,8.540148,8.540147
1.7974057e+25,0.9413868,0.9463142,310000.0,151467.44,149824.05,149824.08,18.959988,10.343558,8.540149,8.540148
1.7974057e+25,0.9264236,0.9310522,310000.0,151467.39,149824.06,149824.06,18.959988,10.343403,8.540148,8.540148
1.7974057e+25,0.9487843,0.9536113,310000.0,151467.39,149824.06,149824.05,18.959988,10.343238,8.54015,8.540146
1.7974057e+25,0.94279087,0.9477061,310000.0,151467.39,149824.06,149824.03,18.959988,10.343424,8.540149,8.540147
1.7974057e+25,0.94558847,0.9505003,310000.0,151467.4,149824.06,149824.06,18.959988,10.343655,8.540149,8.540147
1.7974057e+25,0.9331329,0.9384604,310000.0,151467.34,149824.03,149824.06,18.959988,10.343604,8.54015,8.540146
1.7974057e+25,0.92884105,0.9335324,310000.0,151467.4,149824.08,149824.05,18.959988,10.34328,8.540147,8.540146
1.7974057e+25,0.92834777,0.9330102,310000.0,151467.4,149824.06,149824.06,18.959988,10.343688,8.540149,8.540147
1.7974057e+25,0.93733203,0.9422177,310000.0,151467.38,149824.06,149824.03,18.959988,10.343212,8.540152,8.540146
1.7974057e+25,0.9415224,0.94643426,310000.0,151467.34,149824.03,149824.06,18.959988,10.3433695,8.540152,8.540146
1.7974057e+25,0.9349727,0.9397588,310000.0,151467.33,149824.05,149824.05,18.959988,10.343079,8.540148,8.540147
1.7974057e+25,0.9501745,0.9550765,310000.0,151467.4,149824.05,149824.06,18.959988,10.343327,8.540144,8.540147
1.7974057e+25,0.94839346,0.9533284,310000.0,151467.38,149824.05,149824.05,18.959988,10.343134,8.54015,8.540147
1.7974057e+25,0.94404966,0.9489327,310000.0,151467.44,149824.05,149824.08,18.959988,10.343787,8.540151,8.540147
1.7974057e+25,0.9339302,0.93872577,310000.0,151467.38,149824.03,149824.03,18.959988,10.343638,8.540148,8.540147
1.7974057e+25,0.92145854,0.9260848,310000.0,151467.44,149824.06,149824.05,18.959988,10.343453,8.540149,8.540147
1.7974057e+25,0.9213882,0.92600405,310000.0,151467.44,149824.05,149824.05,18.959988,10.343688,8.54015,8.540148
1.7974057e+25,0.9347413,0.93942964,310000.0,151467.4,149824.06,149824.05,18.959988,10.343575,8.540148,8.540148
1.7974057e+25,0.936028,0.94075984,310000.0,151467.38,149824.05,149824.05,18.959988,10.34336,8.540148,8.540147
1.7974057e+25,0.93624544,0.9409262,310000.0,151467.4,149824.06,149824.06,18.959988,10.343424,8.540153,8.540147
1.7974057e+25,0.9405731,0.94535714,310000.0,151467.42,149824.03,149824.03,18.959988,10.343429,8.540149,8.540147
1.7974057e+25,0.9372354,0.9420294,310000.0,151467.39,149824.06,149824.06,18.959988,10.3433695,8.540146,8.540148
1.7974057e+25,0.9483058,0.9531522,310000.0,151467.36,149824.05,149824.06,18.959988,10.343477,8.54015,8.540147
1.7974057e+25,0.93840057,0.94340223,310000.0,151467.3,149824.06,149824.05,18.959988,10.343035,8.540152,8.540147
1.7974057e+25,0.9541162,0.95962626,310000.0,151467.39,149824.06,149824.06,18.959988,10.343246,8.54015,8.540148
1.7974057e+25,0.9341726,0.93908924,310000.0,151467.39,149824.06,149824.02,18.959988,10.343828,8.540149,8.540146
1.7974057e+25,0.93117857,0.93598485,310000.0,151467.38,149824.06,149824.08,18.959988,10.34358,8.540149,8.540147
1.7974057e+25,0.9249064,0.9295418,310000.0,151467.42,149824.06,149824.05,18.959988,10.343748,8.540149,8.540147
1.7974057e+25,0.9419797,0.94678414,310000.0,151467.36,149824.08,149824.06,18.959988,10.343131,8.54015,8.540147
1.7974057e+25,0.9417307,0.94655347,310000.0,151467.39,149824.06,149824.06,18.959988,10.343372,8.540147,8.540147
1.7974057e+25,0.93097126,0.9357419,310000.0,151467.4,149824.06,149824.05,18.959988,10.343428,8.540147,8.540147
1.7974057e+25,0.9433974,0.9481976,310000.0,151467.42,149824.03,149824.03,18.959988,10.343531,8.540149,8.540146
1.7974057e+25,0.94819844,0.95311534,310000.0,151467.39,149824.05,149824.06,18.959988,10.343561,8.540151,8.540147
1.7974057e+25,0.94114935,0.9460113,310000.0,151467.38,149824.08,149824.08,18.959988,10.343101,8.540151,8.540147
1.7974057e+25,0.9374975,0.94248205,310000.0,151467.38,149824.05,149824.05,18.959988,10.34336,8.540153,8.540147
1.7974057e+25,0.9350041,0.9413185,310000.0,151467.38,149824.08,149824.08,18.959988,10.34315,8.54015,8.540147
1.7974057e+25,0.94242805,0.9472846,310000.0,151467.36,149824.08,149824.05,18.959988,10.343127,8.54015,8.540147
1.7974057e+25,0.94714,0.95206994,310000.0,151467.33,149824.06,149824.05,18.959988,10.34323,8.540149,8.540147
1.7974057e+25,0.90142053,0.9058623,310000.0,151467.39,149824.06,149824.06,18.959988,10.343455,8.540144,8.540148
1.7974057e+25,0.9459831,0.9511638,310000.0,151467.33,149824.05,149824.06,18.959988,10.343235,8.540151,8.540147
1.7974057e+25,0.9387734,0.9436424,310000.0,151467.34,149824.05,149824.03,18.959988,10.343197,8.540149,8.540148
4.2492194,0.0033176895,0.003514985,70000.0,151467.44,149824.06,149824.08,0.019309817,10.343647,8.540153,8.54015
4.2492194,0.0033308663,0.0035363277,70000.0,151467.39,149824.08,149824.08,0.019309817,10.343429,8.540151,8.54015
4.2492194,0.0029832763,0.0031598245,70000.0,151467.42,149824.05,149824.06,0.019309817,10.343574,8.540157,8.540151
4.2492194,0.0033658314,0.0035858862,70000.0,151467.39,149824.05,149824.05,0.019309817,10.343447,8.540149,8.54015
4.2492194,0.0033734522,0.0035931477,70000.0,151467.39,149824.06,149824.06,0.019309817,10.343668,8.540148,8.54015
4.2492194,0.0032382328,0.0034341868,70000.0,151467.42,149824.05,149824.05,0.019309817,10.343575,8.540142,8.54015
4.2492194,0.0034520999,0.003649129,70000.0,151467.34,149824.05,149824.08,0.019309817,10.343221,8.540158,8.540151
4.2492194,0.0034181727,0.0036237382,70000.0,151467.38,149824.06,149824.03,0.019309817,10.343317,8.54015,8.54015
4.2492194,0.0035538294,0.003791885,70000.0,151467.39,149824.03,149824.05,0.019309817,10.343409,8.540149,8.540151
4.2492194,0.0033456741,0.0035435956,70000.0,151467.31,149824.06,149824.05,0.019309817,10.343109,8.540158,8.540149
4.2492194,0.0036718193,0.0039061385,70000.0,151467.44,149824.03,149824.05,0.019309817,10.3434725,8.540157,8.54015
4.2492194,0.0038615875,0.0041208398,70000.0,151467.4,149824.06,149824.05,0.019309817,10.343573,8.540156,8.54015
4.2492194,0.003518758,0.0037247357,70000.0,151467.45,149824.06,149824.06,0.019309817,10.343594,8.540162,8.540149
4.2492194,0.0033234768,0.0035299829,70000.0,151467.39,149824.03,149824.08,0.019309817,10.34361,8.540151,8.54015
4.2492194,0.003599179,0.0038333305,70000.0,151467.31,149824.05,149824.06,0.019309817,10.342907,8.540142,8.540149
4.2492194,0.0030440816,0.0032263985,70000.0,151467.39,149824.03,149824.05,0.019309817,10.343526,8.540154,8.54015
4.2492194,0.0036000253,0.0038405694,70000.0,151467.36,149824.06,149824.05,0.019309817,10.343146,8.540154,8.54015
4.2492194,0.003785527,0.004047986,70000.0,151467.33,149824.05,149824.08,0.019309817,10.343089,8.540154,8.540149
4.2492194,0.0035835686,0.0038194305,70000.0,151467.4,149824.05,149824.05,0.019309817,10.343357,8.540148,8.54015
4.2492194,0.0033404708,0.0035302425,70000.0,151467.4,149824.05,149824.05,0.019309817,10.343198,8.540158,8.54015
4.2492194,0.0033104753,0.0034985922,70000.0,151467.38,149824.05,149824.06,0.019309817,10.342962,8.540144,8.540151
4.2492194,0.0034018445,0.00360792,70000.0,151467.38,149824.06,149824.05,0.019309817,10.343464,8.54015,8.54015
4.2492194,0.003635347,0.003859001,70000.0,151467.36,149824.08,149824.05,0.019309817,10.34341,8.540158,8.540148
4.2492194,0.0034621863,0.00367131,70000.0,151467.42,149824.05,149824.06,0.019309817,10.343473,8.540148,8.54015
4.2492194,0.0033900514,0.0035962306,70000.0,151467.33,149824.05,149824.06,0.019309817,10.34317,8.540157,8.54015
4.2492194,0.0035639287,0.0037779561,70000.0,151467.42,149824.06,149824.06,0.019309817,10.3435,8.540151,8.540149
4.2492194,0.0036020991,0.0038259453,70000.0,151467.42,149824.06,149824.05,0.019309817,10.343698,8.540156,8.540149
4.2492194,0.0034201795,0.003631683,70000.0,151467.39,149824.03,149824.06,0.019309817,10.343576,8.540154,8.540151
4.2492194,0.0034235462,0.00363605,70000.0,151467.36,149824.05,149824.05,0.019309817,10.34325,8.540149,8.54015
4.2492194,0.0035270092,0.0037501447,70000.0,151467.36,149824.06,149824.05,0.019309817,10.343531,8.540155,8.540149
4.2492194,0.0036477142,0.0038865944,70000.0,151467.38,149824.05,149824.05,0.019309817,10.343501,8.540149,8.54015
4.2492194,0.003548585,0.0037684203,70000.0,151467.4,149824.06,149824.05,0.019309817,10.343369,8.540147,8.54015
4.2492194,0.0035024695,0.0037055658,70000.0,151467.42,149824.06,149824.08,0.019309817,10.343417,8.540147,8.54015
4.2492194,0.0036578712,0.003889611,70000.0,151467.4,149824.05,149824.05,0.019309817,10.343629,8.540146,8.540149
4.2492194,0.0035874774,0.003817945,70000.0,151467.44,149824.06,149824.05,0.019309817,10.3436,8.54015,8.540151
4.2492194,0.003307685,0.003502108,70000.0,151467.33,149824.06,149824.06,0.019309817,10.3434925,8.540163,8.54015
4.2492194,0.0033911741,0.0035950232,70000.0,151467.4,149824.05,149824.05,0.019309817,10.34359,8.540147,8.540151
4.2492194,0.003984316,0.004256135,70000.0,151467.42,149824.05,149824.06,0.019309817,10.343461,8.540145,8.540151
4.2492194,0.0040109986,0.0042678467,70000.0,151467.4,149824.05,149824.05,0.019309817,10.343435,8.540148,8.54015
4.2492194,0.004034577,0.0043065185,70000.0,151467.34,149824.03,149824.05,0.019309817,10.343171,8.540147,8.54015
4.2492194,0.0032422666,0.0034298336,70000.0,151467.38,149824.06,149824.06,0.019309817,10.343354,8.540148,8.54015
4.2492194,0.0036285874,0.003868098,70000.0,151467.34,149824.05,149824.08,0.019309817,10.343136,8.540155,8.54015
4.2492194,0.002993605,0.0031555695,70000.0,151467.4,149824.06,149824.06,0.019309817,10.343406,8.540136,8.540151
4.2492194,0.0034104371,0.003623894,70000.0,151467.39,149824.05,149824.05,0.019309817,10.343394,8.540146,8.540149
4.2492194,0.003006334,0.0031656234,70000.0,151467.36,149824.06,149824.08,0.019309817,10.343391,8.540142,8.54015
4.2492194,0.0029049208,0.0030658243,70000.0,151467.38,149824.06,149824.05,0.019309817,10.343805,8.540154,8.540149
4.2492194,0.0033365851,0.0035350462,70000.0,151467.39,149824.08,149824.06,0.019309817,10.343139,8.540144,8.540149
4.2492194,0.0033449575,0.003537093,70000.0,151467.38,149824.05,149824.05,0.019309817,10.343257,8.540148,8.540148
4.2492194,0.0037274063,0.003970718,70000.0,151467.36,149824.06,149824.06,0.019309817,10.343133,8.540148,8.540149
4.2492194,0.0035509868,0.003775071,70000.0,151467.39,149824.06,149824.06,0.019309817,10.343571,8.540143,8.540151
4.2492194,0.0037284761,0.0039701154,70000.0,151467.38,149824.06,149824.05,0.019309817,10.342933,8.54015,8.540149
4.2492194,0.0033301618,0.0035314995,70000.0,151467.44,149824.08,149824.05,0.019309817,10.343446,8.540162,8.540149
4.2492194,0.0032516068,0.003440672,70000.0,151467.42,149824.05,149824.05,0.019309817,10.343409,8.540148,8.540149
4.2492194,0.0037034207,0.003935224,70000.0,151467.36,149824.05,149824.08,0.019309817,10.34304,8.540149,8.54015
4.2492194,0.0033151277,0.0034988828,70000.0,151467.38,149824.05,149824.06,0.019309817,10.343183,8.540142,8.54015
4.2492194,0.0034271094,0.0036210064,70000.0,151467.38,149824.06,149824.06,0.019309817,10.343561,8.540151,8.540148
4.2492194,0.0031872834,0.0033726057,70000.0,151467.42,149824.06,149824.06,0.019309817,10.343497,8.540131,8.540151
4.2492194,0.004045151,0.004347112,70000.0,151467.4,149824.05,149824.06,0.019309817,10.343433,8.540152,8.540151
4.2492194,0.0038284452,0.0041150684,70000.0,151467.42,149824.06,149824.05,0.019309817,10.343479,8.540146,8.540149
4.2492194,0.0035756994,0.00386685,70000.0,151467.34,149824.05,149824.06,0.019309817,10.343355,8.540162,8.54015
4.2492194,0.0032580607,0.003453756,70000.0,151467.39,149824.05,149824.06,0.019309817,10.343534,8.54014,8.540151
4.2492194,0.0034720253,0.0037006799,70000.0,151467.36,149824.06,149824.05,0.019309817,10.343515,8.540145,8.54015
4.2492194,0.0034982024,0.0037121617,70000.0,151467.4,149824.05,149824.06,0.019309817,10.343544,8.540145,8.54015
4.2492194,0.003960647,0.004235376,70000.0,151467.39,149824.05,149824.06,0.019309817,10.343292,8.540148,8.540151
4.2492194,0.0034850952,0.003715189,70000.0,151467.39,149824.06,149824.06,0.019309817,10.343364,8.540152,8.540151
4.2492194,0.0034471583,0.0036565084,70000.0,151467.45,149824.06,149824.06,0.019309817,10.343916,8.540153,8.540149
4.2492194,0.003644618,0.0038957146,70000.0,151467.34,149824.06,149824.06,0.019309817,10.3431225,8.5401535,8.54015
4.2492194,0.0038052963,0.0040810425,70000.0,151467.31,149824.06,149824.03,0.019309817,10.343505,8.540146,8.54015
4.2492194,0.0032578434,0.0034786155,70000.0,151467.36,149824.06,149824.06,0.019309817,10.343413,8.540151,8.540149
4.2492194,0.003205564,0.0034022473,70000.0,151467.38,149824.05,149824.06,0.019309817,10.343505,8.540154,8.54015
4.2492194,0.0032823526,0.0034737485,70000.0,151467.42,149824.05,149824.05,0.019309817,10.343504,8.540149,8.54015
4.2492194,0.0034860391,0.0037138045,70000.0,151467.39,149824.06,149824.05,0.019309817,10.343242,8.540141,8.540149
4.2492194,0.0034796766,0.003707418,70000.0,151467.36,149824.06,149824.05,0.019309817,10.343356,8.540149,8.540149
4.2492194,0.004080033,0.00439177,70000.0,151467.36,149824.06,149824.06,0.019309817,10.342916,8.540144,8.54015
4.2492194,0.0031444724,0.0033238227,70000.0,151467.4,149824.05,149824.05,0.019309817,10.343465,8.540145,8.540149
4.2492194,0.0027343708,0.0028778578,70000.0,151467.31,149824.06,149824.05,0.019309817,10.343013,8.5401535,8.540149
4.2492194,0.0032362074,0.0034248242,70000.0,151467.31,149824.05,149824.05,0.019309817,10.343245,8.540162,8.54015
4.2492194,0.0031167557,0.0032925624,70000.0,151467.39,149824.06,149824.06,0.019309817,10.343436,8.540144,8.540151
4.2492194,0.002992225,0.0031572948,70000.0,151467.31,149824.06,149824.06,0.019309817,10.343373,8.540147,8.540149
4.2492194,0.0030880603,0.003252135,70000.0,151467.34,149824.03,149824.06,0.019309817,10.343214,8.54015,8.54015
4.2492194,0.0034720008,0.003685387,70000.0,151467.34,149824.05,149824.06,0.019309817,10.343005,8.540144,8.540149
4.2492194,0.0036019695,0.0038214396,70000.0,151467.34,149824.06,149824.05,0.019309817,10.343214,8.540144,8.54015
4.2492194,0.0036358547,0.0038728123,70000.0,151467.38,149824.06,149824.05,0.019309817,10.343414,8.540142,8.54015
4.2492194,0.0038441129,0.0040943804,70000.0,151467.38,149824.05,149824.08,0.019309817,10.34348,8.540149,8.54015
4.2492194,0.0032659401,0.0034633174,70000.0,151467.33,149824.06,149824.06,0.019309817,10.342951,8.540143,8.540151
4.2492194,0.003376837,0.0035873258,70000.0,151467.39,149824.08,149824.06,0.019309817,10.343179,8.540158,8.540149
4.2492194,0.0032104014,0.003424786,70000.0,151467.36,149824.05,149824.03,0.019309817,10.343296,8.540136,8.540151
4.2492194,0.0034504274,0.0036692393,70000.0,151467.39,149824.05,149824.06,0.019309817,10.343303,8.540145,8.54015
4.2492194,0.0034707647,0.0036851945,70000.0,151467.45,149824.06,149824.05,0.019309817,10.344042,8.540143,8.540149
4.2492194,0.0034124926,0.003623332,70000.0,151467.34,149824.05,149824.03,0.019309817,10.343011,8.540144,8.54015
4.2492194,0.0036905855,0.0039292513,70000.0,151467.38,149824.06,149824.05,0.019309817,10.343314,8.540138,8.54015
4.2492194,0.003780317,0.0040274533,70000.0,151467.4,149824.05,149824.06,0.019309817,10.343572,8.540141,8.540151
4.2492194,0.0037008896,0.0039344355,70000.0,151467.36,149824.05,149824.06,0.019309817,10.343651,8.540159,8.54015
4.2492194,0.004066526,0.004377291,70000.0,151467.4,149824.03,149824.05,0.019309817,10.343699,8.540147,8.54015
4.2492194,0.003655765,0.0038848938,70000.0,151467.34,149824.05,149824.05,0.019309817,10.343081,8.540145,8.540151
4.2492194,0.0035436186,0.003762028,70000.0,151467.39,149824.05,149824.05,0.019309817,10.343409,8.540155,8.540149
4.2492194,0.003321342,0.0035189446,70000.0,151467.34,149824.05,149824.06,0.019309817,10.343339,8.540164,8.54015
4.2492194,0.0035580718,0.0037687088,70000.0,151467.38,149824.06,149824.05,0.019309817,10.343315,8.54015,8.54015
4.2492194,0.0039061266,0.004138321,70000.0,151467.34,149824.05,149824.06,0.019309817,10.343496,8.5401535,8.540149
4.2492194,0.004356643,0.004670896,70000.0,151467.4,149824.05,149824.08,0.019309817,10.34337,8.540147,8.540151
4.2492194,0.0038299714,0.004076073,70000.0,151467.39,149824.06,149824.05,0.019309817,10.343559,8.540148,8.540149
4.2492194,0.0032438862,0.003413386,70000.0,151467.38,149824.05,149824.05,0.019309817,10.343453,8.54015,8.54015
4.2492194,0.0034658015,0.0036743286,70000.0,151467.44,149824.06,149824.06,0.019309817,10.343858,8.540156,8.540149
4.2492194,0.002900129,0.0030540072,70000.0,151467.39,149824.06,149824.06,0.019309817,10.343467,8.540148,8.540151
4.2492194,0.0036020163,0.003823442,70000.0,151467.39,149824.06,149824.06,0.019309817,10.343366,8.540153,8.54015
4.2492194,0.0036787186,0.0039360574,70000.0,151467.4,149824.05,149824.05,0.019309817,10.343708,8.540148,8.54015
4.2492194,0.0035616513,0.0037708234,70000.0,151467.3,149824.08,149824.05,0.019309817,10.34316,8.540155,8.54015
4.2492194,0.0036571042,0.0038794167,70000.0,151467.39,149824.1,149824.05,0.019309817,10.343437,8.540155,8.54015
4.2492194,0.0036875939,0.0039174473,70000.0,151467.42,149824.05,149824.06,0.019309817,10.343522,8.540137,8.54015
4.2492194,0.0034681004,0.0036751283,70000.0,151467.38,149824.06,149824.05,0.019309817,10.34322,8.540141,8.54015
4.2492194,0.004044174,0.0043043955,70000.0,151467.38,149824.06,149824.06,0.019309817,10.34328,8.540146,8.54015
4.2492194,0.0041377074,0.0044516185,70000.0,151467.36,149824.05,149824.05,0.019309817,10.343337,8.54016,8.54015
4.2492194,0.0041211173,0.0044484884,70000.0,151467.39,149824.06,149824.06,0.019309817,10.343172,8.540148,8.54015
4.2492194,0.0040728226,0.004410395,70000.0,151467.38,149824.08,149824.06,0.019309817,10.343106,8.540149,8.540149
4.2492194,0.0037908556,0.004026133,70000.0,151467.38,149824.05,149824.03,0.019309817,10.34379,8.540145,8.54015
4.2492194,0.0029812278,0.0031647563,70000.0,151467.45,149824.08,149824.06,0.019309817,10.343558,8.54015,8.54015
4.2492194,0.0036024186,0.0038160842,70000.0,151467.42,149824.05,149824.05,0.019309817,10.343322,8.540143,8.54015
4.2492194,0.0038145015,0.0041034413,70000.0,151467.31,149824.05,149824.05,0.019309817,10.343343,8.540155,8.540149
4.2492194,0.0034001993,0.00362518,70000.0,151467.36,149824.05,149824.05,0.019309817,10.343329,8.540144,8.540149
4.2492194,0.00398301,0.004290526,70000.0,151467.33,149824.06,149824.05,0.019309817,10.343209,8.54015,8.54015
4.2492194,0.0039000672,0.004177369,70000.0,151467.39,149824.05,149824.08,0.019309817,10.343309,8.540153,8.54015
4.2492194,0.0032633396,0.0034653249,70000.0,151467.4,149824.05,149824.05,0.019309817,10.343637,8.540152,8.54015
4.2492194,0.0037697523,0.004026492,70000.0,151467.39,149824.06,149824.06,0.019309817,10.343082,8.540139,8.540151
4.2492194,0.003950547,0.0042586457,70000.0,151467.39,149824.05,149824.06,0.019309817,10.343386,8.540155,8.54015
4.2492194,0.003649812,0.0039012642,70000.0,151467.31,149824.06,149824.05,0.019309817,10.343121,8.540151,8.540149
4.2492194,0.0038917498,0.00414971,70000.0,151467.42,149824.08,149824.06,0.019309817,10.343417,8.540152,8.540149
4.2492194,0.004288914,0.0045641796,70000.0,151467.34,149824.06,149824.05,0.019309817,10.34305,8.540146,8.540151
4.2492194,0.003721573,0.0039594467,70000.0,151467.4,149824.05,149824.05,0.019309817,10.343568,8.540162,8.54015
4.2492194,0.004007199,0.004274691,70000.0,151467.36,149824.05,149824.05,0.019309817,10.343296,8.540137,8.54015
4.2492194,0.004252264,0.004581512,70000.0,151467.4,149824.06,149824.05,0.019309817,10.343691,8.540151,8.54015
4.2492194,0.0039273,0.0041936017,70000.0,151467.39,149824.05,149824.08,0.019309817,10.343651,8.540141,8.540151
4.2492194,0.0043348586,0.004634556,70000.0,151467.38,149824.06,149824.08,0.019309817,10.343477,8.54015,8.54015
4.2492194,0.0037259276,0.003986641,70000.0,151467.38,149824.06,149824.05,0.019309817,10.343509,8.540149,8.540151
4.2492194,0.0040695947,0.0043737846,70000.0,151467.38,149824.06,149824.05,0.019309817,10.343671,8.540154,8.54015
4.2492194,0.0036619282,0.0039188177,70000.0,151467.39,149824.05,149824.06,0.019309817,10.3433485,8.540138,8.54015
4.2492194,0.0040811114,0.004338952,70000.0,151467.36,149824.05,149824.03,0.019309817,10.343164,8.540149,8.54015
4.2492194,0.0034380695,0.0036579394,70000.0,151467.45,149824.06,149824.06,0.019309817,10.343588,8.540144,8.540149
4.2492194,0.0034486395,0.003690475,70000.0,151467.39,149824.06,149824.06,0.019309817,10.343388,8.540144,8.54015
4.2492194,0.0042418824,0.004558969,70000.0,151467.4,149824.06,149824.03,0.019309817,10.343582,8.540145,8.540149
4.2492194,0.0035028146,0.0037296708,70000.0,151467.4,149824.08,149824.05,0.019309817,10.343359,8.540147,8.540149
4.2492194,0.0032390766,0.0034395559,70000.0,151467.36,149824.05,149824.06,0.019309817,10.343463,8.540159,8.54015
4.2492194,0.004237641,0.0045584934,70000.0,151467.39,149824.08,149824.05,0.019309817,10.343449,8.540145,8.54015
4.2492194,0.0038497003,0.0041094697,70000.0,151467.45,149824.05,149824.06,0.019309817,10.343873,8.540154,8.54015
4.2492194,0.0036583177,0.0038991708,70000.0,151467.39,149824.05,149824.06,0.019309817,10.343556,8.540158,8.54015
4.2492194,0.0040139398,0.0043132505,70000.0,151467.44,149824.06,149824.05,0.019309817,10.34374,8.540154,8.54015
4.2492194,0.004675684,0.0050857863,70000.0,151467.38,149824.05,149824.08,0.019309817,10.343377,8.540149,8.540152
4.2492194,0.003922045,0.0041936664,70000.0,151467.4,149824.06,149824.06,0.019309817,10.34367,8.540144,8.540149
4.2492194,0.0035371385,0.003745826,70000.0,151467.4,149824.06,149824.06,0.019309817,10.343852,8.540155,8.540151
4.2492194,0.003736275,0.0039806096,70000.0,151467.4,149824.05,149824.06,0.019309817,10.343467,8.540146,8.54015
4.2492194,0.0034297053,0.0036407951,70000.0,151467.4,149824.05,149824.06,0.019309817,10.343566,8.540146,8.54015
4.2492194,0.00444414,0.004807768,70000.0,151467.42,149824.03,149824.05,0.019309817,10.343592,8.540154,8.54015
4.2492194,0.0035540124,0.0037770318,70000.0,151467.38,149824.05,149824.06,0.019309817,10.343322,8.540152,8.54015
4.2492194,0.0038513858,0.0041214256,70000.0,151467.4,149824.06,149824.06,0.019309817,10.343527,8.540154,8.540149
4.2492194,0.004665783,0.0050198105,70000.0,151467.39,149824.05,149824.06,0.019309817,10.343309,8.540153,8.54015
4.2492194,0.0036736315,0.0039140955,70000.0,151467.33,149824.03,149824.06,0.019309817,10.343157,8.540143,8.54015
4.2492194,0.004320868,0.004652319,70000.0,151467.34,149824.06,149824.08,0.019309817,10.343162,8.540157,8.540151
4.2492194,0.0040362556,0.0043559736,70000.0,151467.33,149824.05,149824.06,0.019309817,10.343419,8.54015,8.540151
4.2492194,0.004149638,0.004453907,70000.0,151467.38,149824.05,149824.06,0.019309817,10.3435545,8.540148,8.54015
4.2492194,0.004129927,0.004459236,70000.0,151467.34,149824.06,149824.08,0.019309817,10.343489,8.540151,8.540151
4.2492194,0.0043786755,0.004720774,70000.0,151467.34,149824.03,149824.06,0.019309817,10.343188,8.540155,8.54015
4.2492194,0.003948203,0.004239611,70000.0,151467.34,149824.05,149824.06,0.019309817,10.342931,8.54016,8.54015
4.2492194,0.004353102,0.004657751,70000.0,151467.34,149824.06,149824.05,0.019309817,10.343648,8.54015,8.54015
4.2492194,0.003921099,0.0041828807,70000.0,151467.4,149824.05,149824.05,0.019309817,10.343673,8.540157,8.54015
4.2492194,0.004176886,0.0044868863,70000.0,151467.4,149824.05,149824.06,0.019309817,10.343642,8.54014,8.54015
4.2492194,0.0037807035,0.004036453,70000.0,151467.42,149824.05,149824.06,0.019309817,10.34357,8.540162,8.540149
4.2492194,0.0037658687,0.0040140087,70000.0,151467.39,149824.08,149824.05,0.019309817,10.343449,8.540144,8.540151
4.2492194,0.0038572738,0.0041159447,70000.0,151467.36,149824.05,149824.05,0.019309817,10.343656,8.540153,8.540149
4.2492194,0.0040430776,0.0043546353,70000.0,151467.4,149824.05,149824.05,0.019309817,10.343696,8.540155,8.54015
4.2492194,0.0039342837,0.0042202626,70000.0,151467.34,149824.05,149824.06,0.019309817,10.343222,8.5401535,8.54015
4.2492194,0.0038091505,0.004057447,70000.0,151467.4,149824.05,149824.06,0.019309817,10.343374,8.540145,8.54015
4.2492194,0.0039584334,0.004219955,70000.0,151467.38,149824.05,149824.06,0.019309817,10.343492,8.540153,8.54015
4.2492194,0.00452852,0.0048974734,70000.0,151467.3,149824.06,149824.05,0.019309817,10.343396,8.540161,8.540149
4.2492194,0.003777323,0.0040439237,70000.0,151467.36,149824.06,149824.05,0.019309817,10.343448,8.540152,8.54015
4.2492194,0.004306803,0.0046264655,70000.0,151467.42,149824.05,149824.05,0.019309817,10.343291,8.540149,8.540149
4.2492194,0.0042161625,0.0045159385,70000.0,151467.36,149824.05,149824.06,0.019309817,10.343391,8.540143,8.54015
4.2492194,0.0041603446,0.004452042,70000.0,151467.36,149824.05,149824.05,0.019309817,10.34321,8.540152,8.540149
4.2492194,0.0033904146,0.0036057027,70000.0,151467.4,149824.05,149824.05,0.019309817,10.3433695,8.54015,8.54015
4.2492194,0.0035138028,0.0037473268,70000.0,151467.39,149824.05,149824.05,0.019309817,10.343459,8.540154,8.54015
4.2492194,0.003985675,0.0042595915,70000.0,151467.38,149824.06,149824.08,0.019309817,10.343244,8.540146,8.54015
4.2492194,0.004613796,0.0049704555,70000.0,151467.36,149824.08,149824.03,0.019309817,10.343157,8.540146,8.540151
4.2492194,0.004182233,0.004493818,70000.0,151467.36,149824.05,149824.06,0.019309817,10.343104,8.540156,8.540151
4.2492194,0.0037134332,0.0039490806,70000.0,151467.39,149824.05,149824.06,0.019309817,10.343135,8.540141,8.540151
4.2492194,0.0039285165,0.0042010522,70000.0,151467.31,149824.05,149824.06,0.019309817,10.343371,8.540148,8.540151
4.2492194,0.0038489713,0.0041238572,70000.0,151467.4,149824.05,149824.05,0.019309817,10.343459,8.540144,8.540149
4.2492194,0.0040490194,0.0043367324,70000.0,151467.31,149824.06,149824.05,0.019309817,10.343059,8.54015,8.540149
4.2492194,0.0037483857,0.003990074,70000.0,151467.44,149824.06,149824.06,0.019309817,10.343732,8.540151,8.540149
4.2492194,0.0034199634,0.0036502152,70000.0,151467.34,149824.05,149824.06,0.019309817,10.343168,8.540158,8.54015
4.2492194,0.0043137753,0.0046810494,70000.0,151467.39,149824.06,149824.06,0.019309817,10.343486,8.540145,8.54015
4.2492194,0.004116649,0.004461783,70000.0,151467.4,149824.03,149824.08,0.019309817,10.343355,8.540151,8.540149
4.2492194,0.0040013734,0.0043203565,70000.0,151467.44,149824.05,149824.06,0.019309817,10.343807,8.54015,8.54015
4.2492194,0.0036266923,0.0038881924,70000.0,151467.39,149824.05,149824.03,0.019309817,10.343191,8.540145,8.54015
4.2492194,0.0037787266,0.0040231063,70000.0,151467.39,149824.08,149824.06,0.019309817,10.343225,8.540145,8.54015
4.2492194,0.0039387993,0.0042228256,70000.0,151467.39,149824.06,149824.06,0.019309817,10.3430195,8.540153,8.540149
4.2492194,0.0034267884,0.0036319068,70000.0,151467.42,149824.05,149824.06,0.019309817,10.343482,8.540152,8.540149
4.2492194,0.0037776218,0.0040277163,70000.0,151467.38,149824.05,149824.06,0.019309817,10.343633,8.540146,8.54015
4.2492194,0.0036175996,0.0038685736,70000.0,151467.39,149824.05,149824.06,0.019309817,10.34368,8.540158,8.540149
4.2492194,0.003828415,0.0040827654,70000.0,151467.38,149824.05,149824.05,0.019309817,10.3434105,8.540153,8.540151
4.2492194,0.003757735,0.00400576,70000.0,151467.36,149824.06,149824.05,0.019309817,10.343068,8.540152,8.540149
4.2492194,0.0043824166,0.004718626,70000.0,151467.34,149824.05,149824.05,0.019309817,10.343113,8.54014,8.540149
4.2492194,0.0040031164,0.0042846864,70000.0,151467.34,149824.05,149824.05,0.019309817,10.343166,8.540149,8.540149
4.2492194,0.0036860628,0.0039346525,70000.0,151467.44,149824.05,149824.05,0.019309817,10.343625,8.540161,8.540149
4.2492194,0.0026021078,0.0027371559,70000.0,151467.39,149824.06,149824.05,0.019309817,10.343719,8.540143,8.540149
4.2492194,0.0033348356,0.0035601475,70000.0,151467.38,149824.06,149824.05,0.019309817,10.343074,8.540145,8.540151
4.2492194,0.0033630724,0.003578644,70000.0,151467.39,149824.05,149824.06,0.019309817,10.343418,8.54015,8.540149
4.2492194,0.002903013,0.003072744,70000.0,151467.42,149824.06,149824.03,0.019309817,10.3432255,8.540152,8.540149
4.2492194,0.003801096,0.004086337,70000.0,151467.38,149824.05,149824.08,0.019309817,10.343486,8.5401535,8.540151
4.2492194,0.0036823226,0.003949428,70000.0,151467.39,149824.05,149824.06,0.019309817,10.343341,8.540149,8.54015
4.2492194,0.0036726673,0.0039292118,70000.0,151467.38,149824.06,149824.08,0.019309817,10.343324,8.540138,8.540151
4.2492194,0.003322694,0.0035408193,70000.0,151467.36,149824.05,149824.05,0.019309817,10.343385,8.540158,8.540151
4.2492194,0.0041512484,0.0044923504,70000.0,151467.44,149824.05,149824.05,0.019309817,10.343517,8.540157,8.54015
4.2492194,0.0037111528,0.0039682337,70000.0,151467.4,149824.03,149824.06,0.019309817,10.343552,8.540155,8.54015
4.2492194,0.003667201,0.0039223144,70000.0,151467.39,149824.05,149824.06,0.019309817,10.343391,8.540142,8.54015
4.2492194,0.0037281683,0.0040070717,70000.0,151467.36,149824.05,149824.05,0.019309817,10.343129,8.540142,8.540149
4.2492194,0.0035451578,0.0037998096,70000.0,151467.34,149824.05,149824.05,0.019309817,10.343268,8.540145,8.540149
4.2492194,0.0035310003,0.0037754942,70000.0,151467.42,149824.05,149824.06,0.019309817,10.343416,8.540149,8.54015
4.2492194,0.0038354164,0.004113034,70000.0,151467.36,149824.06,149824.06,0.019309817,10.343393,8.540158,8.54015
4.2492194,0.0044241752,0.0047561135,70000.0,151467.39,149824.05,149824.06,0.019309817,10.343303,8.540151,8.540148
4.2492194,0.0038853616,0.0041698636,70000.0,151467.38,149824.06,149824.06,0.019309817,10.343404,8.540145,8.540151
4.2492194,0.003242466,0.0034231865,70000.0,151467.34,149824.03,149824.05,0.019309817,10.343232,8.540153,8.540151
4.2492194,0.003438759,0.003658218,70000.0,151467.4,149824.05,149824.06,0.019309817,10.343294,8.540159,8.54015
4.2492194,0.003940488,0.0042104805,70000.0,151467.38,149824.08,149824.05,0.019309817,10.343244,8.540141,8.54015
4.2492194,0.0038441832,0.004119424,70000.0,151467.36,149824.05,149824.06,0.019309817,10.343007,8.540153,8.54015
4.2492194,0.0034900291,0.003752431,70000.0,151467.31,149824.05,149824.05,0.019309817,10.343187,8.540149,8.54015
4.2492194,0.0033477782,0.003557362,70000.0,151467.38,149824.06,149824.05,0.019309817,10.343139,8.540141,8.54015
4.2492194,0.003446409,0.003662843,70000.0,151467.38,149824.06,149824.03,0.019309817,10.343331,8.540139,8.540151
4.2492194,0.0033008344,0.0035220985,70000.0,151467.36,149824.05,149824.05,0.019309817,10.343244,8.540146,8.540151
4.2492194,0.004434863,0.004807331,70000.0,151467.44,149824.05,149824.03,0.019309817,10.343632,8.540139,8.540151
4.2492194,0.0033934533,0.0036315771,70000.0,151467.45,149824.06,149824.06,0.019309817,10.343535,8.540152,8.540149
4.2492194,0.0036589855,0.0039103595,70000.0,151467.42,149824.05,149824.05,0.019309817,10.343557,8.540147,8.54015
4.2492194,0.003500847,0.0037092029,70000.0,151467.38,149824.05,149824.06,0.019309817,10.343109,8.540144,8.540151
4.2492194,0.0029798483,0.0031404044,70000.0,151467.42,149824.06,149824.03,0.019309817,10.3434105,8.540158,8.54015
4.2492194,0.0032407993,0.0034096544,70000.0,151467.39,149824.06,149824.06,0.019309817,10.343345,8.540148,8.54015
4.2492194,0.004016334,0.0042695417,70000.0,151467.38,149824.05,149824.06,0.019309817,10.34342,8.540152,8.540149
4.2492194,0.004117785,0.004394578,70000.0,151467.38,149824.06,149824.06,0.019309817,10.343305,8.540144,8.540151
4.2492194,0.0035937196,0.0038520342,70000.0,151467.4,149824.08,149824.05,0.019309817,10.343527,8.54016,8.54015
4.2492194,0.003507862,0.0037177943,70000.0,151467.33,149824.06,149824.05,0.019309817,10.342895,8.540157,8.54015
4.2492194,0.003644455,0.003856156,70000.0,151467.34,149824.08,149824.05,0.019309817,10.343035,8.540142,8.54015
4.2492194,0.003737619,0.003970067,70000.0,151467.38,149824.05,149824.06,0.019309817,10.343409,8.540149,8.540149
4.2492194,0.0038768607,0.004209869,70000.0,151467.36,149824.05,149824.05,0.019309817,10.3435135,8.540153,8.54015
4.2492194,0.0040619164,0.004329421,70000.0,151467.38,149824.06,149824.06,0.019309817,10.343442,8.540152,8.54015
4.2492194,0.0037082073,0.0039344286,70000.0,151467.38,149824.05,149824.05,0.019309817,10.343692,8.540155,8.54015
4.2492194,0.0036416412,0.003845514,70000.0,151467.42,149824.05,149824.05,0.019309817,10.343748,8.540152,8.540148
4.2492194,0.0035455169,0.0037461112,70000.0,151467.39,149824.05,149824.05,0.019309817,10.343579,8.540141,8.540151
4.2492194,0.0038157285,0.0040511424,70000.0,151467.34,149824.05,149824.05,0.019309817,10.34329,8.54015,8.54015
4.2492194,0.004211311,0.004507518,70000.0,151467.36,149824.08,149824.06,0.019309817,10.343612,8.540158,8.540149
4.2492194,0.0037065442,0.003915924,70000.0,151467.36,149824.06,149824.05,0.019309817,10.343285,8.54015,8.540151
4.2492194,0.0040702494,0.00431988,70000.0,151467.36,149824.06,149824.06,0.019309817,10.343016,8.540147,8.54015
4.2492194,0.0039622714,0.004211709,70000.0,151467.4,149824.06,149824.08,0.019309817,10.343563,8.54015,8.540149
4.2492194,0.00398503,0.0042462386,70000.0,151467.38,149824.03,149824.05,0.019309817,10.343597,8.540145,8.54015
4.2492194,0.0036201796,0.003834677,70000.0,151467.36,149824.05,149824.06,0.019309817,10.343102,8.540142,8.54015
4.2492194,0.003926221,0.0041613197,70000.0,151467.36,149824.06,149824.06,0.019309817,10.343335,8.54013,8.540151
4.2492194,0.0037907918,0.004070986,70000.0,151467.34,149824.05,149824.05,0.019309817,10.34315,8.5401535,8.54015
4.2492194,0.0042088307,0.004507672,70000.0,151467.4,149824.03,149824.06,0.019309817,10.343394,8.540149,8.540151
4.2492194,0.003451892,0.0036503419,70000.0,151467.34,149824.06,149824.06,0.019309817,10.343409,8.540134,8.54015
4.2492194,0.0033358298,0.0035166033,70000.0,151467.39,149824.06,149824.06,0.019309817,10.343637,8.540147,8.540149
4.2492194,0.0034287523,0.0036215722,70000.0,151467.39,149824.05,149824.06,0.019309817,10.34326,8.540147,8.54015
4.2492194,0.0036601466,0.0038667487,70000.0,151467.39,149824.08,149824.05,0.019309817,10.343505,8.540158,8.54015
4.2492194,0.0037160611,0.0039651203,70000.0,151467.38,149824.08,149824.08,0.019309817,10.343159,8.5401535,8.54015
4.2492194,0.0035178305,0.0037173606,70000.0,151467.38,149824.08,149824.05,0.019309817,10.34347,8.540149,8.54015
4.2492194,0.003813478,0.0040849,70000.0,151467.36,149824.05,149824.08,0.019309817,10.3432255,8.540149,8.54015
4.2492194,0.003944896,0.0041806283,70000.0,151467.34,149824.08,149824.05,0.019309817,10.343199,8.540149,8.54015
4.2492194,0.004062436,0.0043257535,70000.0,151467.42,149824.05,149824.08,0.019309817,10.343467,8.540155,8.54015
4.2492194,0.003563889,0.003824369,70000.0,151467.4,149824.06,149824.05,0.019309817,10.343697,8.540142,8.54015
4.2492194,0.0035511195,0.0037980867,70000.0,151467.39,149824.05,149824.05,0.019309817,10.34344,8.540149,8.540149
4.2492194,0.0036614225,0.0039085285,70000.0,151467.39,149824.08,149824.06,0.019309817,10.343491,8.540137,8.540151
4.2492194,0.0031716235,0.003357752,70000.0,151467.36,149824.05,149824.06,0.019309817,10.343146,8.540138,8.54015
4.2492194,0.003560942,0.0037763126,70000.0,151467.36,149824.05,149824.08,0.019309817,10.343493,8.540152,8.540151
4.2492194,0.003916714,0.0042213984,70000.0,151467.34,149824.06,149824.05,0.019309817,10.343371,8.540151,8.54015
4.2492194,0.0040359437,0.004285186,70000.0,151467.38,149824.05,149824.06,0.019309817,10.343388,8.540146,8.540149
4.2492194,0.0038098108,0.0040544868,70000.0,151467.39,149824.06,149824.06,0.019309817,10.343424,8.540159,8.54015
4.2492194,0.0034122972,0.0036047339,70000.0,151467.34,149824.06,149824.05,0.019309817,10.3435135,8.540166,8.540149
4.2492194,0.0032772478,0.003454997,70000.0,151467.38,149824.03,149824.05,0.019309817,10.3435,8.540146,8.54015
4.2492194,0.0035771523,0.0038023128,70000.0,151467.36,149824.06,149824.08,0.019309817,10.343013,8.540143,8.54015
4.2492194,0.0037988622,0.0040679155,70000.0,151467.39,149824.08,149824.06,0.019309817,10.343411,8.540149,8.54015
4.2492194,0.0037607388,0.0040306496,70000.0,151467.38,149824.05,149824.06,0.019309817,10.343134,8.540148,8.54015
4.2492194,0.0038680292,0.0041389377,70000.0,151467.4,149824.05,149824.05,0.019309817,10.34346,8.5401535,8.54015
4.2492194,0.0038384295,0.0040631765,70000.0,151467.4,149824.06,149824.06,0.019309817,10.343307,8.540145,8.54015
4.2492194,0.0031032956,0.0032717292,70000.0,151467.38,149824.06,149824.06,0.019309817,10.343382,8.540124,8.540151
4.2492194,0.0036788466,0.0039115464,70000.0,151467.39,149824.06,149824.05,0.019309817,10.343441,8.54015,8.54015
4.2492194,0.0038267833,0.0040681744,70000.0,151467.38,149824.05,149824.03,0.019309817,10.343434,8.540145,8.540149
4.2492194,0.0033949176,0.0036030698,70000.0,151467.38,149824.06,149824.06,0.019309817,10.343304,8.54016,8.540149
4.2492194,0.0038899716,0.0041577537,70000.0,151467.36,149824.08,149824.05,0.019309817,10.343396,8.540148,8.54015
4.2492194,0.0033447682,0.0035463772,70000.0,151467.39,149824.08,149824.06,0.019309817,10.343385,8.540135,8.54015
4.2492194,0.0037895008,0.004047013,70000.0,151467.36,149824.05,149824.06,0.019309817,10.343141,8.5401535,8.540151
4.2492194,0.0033098885,0.003505761,70000.0,151467.36,149824.05,149824.06,0.019309817,10.343679,8.540157,8.54015
4.2492194,0.003801879,0.0040515913,70000.0,151467.4,149824.05,149824.06,0.019309817,10.343335,8.540149,8.540148
4.2492194,0.0035534748,0.0037747477,70000.0,151467.4,149824.03,149824.06,0.019309817,10.343415,8.540137,8.54015
4.2492194,0.003769612,0.0040320563,70000.0,151467.38,149824.05,149824.05,0.019309817,10.34382,8.540155,8.540151
4.2492194,0.0036073595,0.0038529802,70000.0,151467.4,149824.06,149824.03,0.019309817,10.343336,8.540147,8.54015
4.2492194,0.003395791,0.0035993485,70000.0,151467.36,149824.06,149824.06,0.019309817,10.343343,8.540151,8.54015
4.2492194,0.0041271225,0.004435827,70000.0,151467.33,149824.03,149824.06,0.019309817,10.343133,8.540142,8.540149
4.2492194,0.0038700919,0.00412286,70000.0,151467.39,149824.05,149824.06,0.019309817,10.343607,8.5401535,8.54015
4.2492194,0.003530982,0.003754042,70000.0,151467.36,149824.05,149824.05,0.019309817,10.343605,8.54015,8.54015
4.2492194,0.0035332395,0.0037457694,70000.0,151467.39,149824.06,149824.05,0.019309817,10.343261,8.540158,8.54015
4.2492194,0.0031580438,0.003328124,70000.0,151467.36,149824.05,149824.06,0.019309817,10.343598,8.540162,8.54015
4.2492194,0.003432842,0.0036360293,70000.0,151467.39,149824.03,149824.06,0.019309817,10.343423,8.540143,8.54015
4.2492194,0.003791185,0.0040316707,70000.0,151467.33,149824.06,149824.06,0.019309817,10.343317,8.540152,8.54015
4.2492194,0.0030118406,0.0031636697,70000.0,151467.31,149824.05,149824.06,0.019309817,10.3432865,8.5401535,8.54015
4.2492194,0.0038651829,0.0041166907,70000.0,151467.34,149824.05,149824.06,0.019309817,10.3431425,8.540148,8.54015
4.2492194,0.003760966,0.003999506,70000.0,151467.44,149824.05,149824.1,0.019309817,10.343582,8.540155,8.540151
4.2492194,0.0035829712,0.0038171401,70000.0,151467.3,149824.06,149824.05,0.019309817,10.343161,8.540152,8.540149
4.2492194,0.004084061,0.004365975,70000.0,151467.36,149824.06,149824.06,0.019309817,10.343417,8.540153,8.540151
4.2492194,0.0032383339,0.003414752,70000.0,151467.34,149824.08,149824.03,0.019309817,10.343271,8.540139,8.54015
4.2492194,0.0029641408,0.0031185397,70000.0,151467.39,149824.05,149824.08,0.019309817,10.343475,8.54015,8.540149
4.2492194,0.003828882,0.00407199,70000.0,151467.4,149824.06,149824.03,0.019309817,10.343393,8.540154,8.54015
4.2492194,0.0033882973,0.0035807053,70000.0,151467.38,149824.06,149824.05,0.019309817,10.343233,8.540138,8.54015
4.2492194,0.0053444724,0.005716334,70000.0,151467.31,149824.03,149824.05,0.019309817,10.343328,8.54015,8.54015
4.2492194,0.004207136,0.0044959174,70000.0,151467.44,149824.06,149824.05,0.019309817,10.343725,8.540136,8.540149
4.2492194,0.0036051776,0.0038186363,70000.0,151467.33,149824.06,149824.05,0.019309817,10.343483,8.540153,8.540151
4.2492194,0.0034734844,0.0036765982,70000.0,151467.38,149824.05,149824.05,0.019309817,10.343474,8.540144,8.540149
4.2492194,0.0035974039,0.0038264948,70000.0,151467.47,149824.06,149824.05,0.019309817,10.343986,8.540155,8.54015
4.2492194,0.0034961957,0.0037097067,70000.0,151467.31,149824.06,149824.05,0.019309817,10.342911,8.540141,8.540149
4.2492194,0.003233441,0.0034107643,70000.0,151467.38,149824.05,149824.08,0.019309817,10.343551,8.540146,8.54015
4.2492194,0.0034211683,0.0036097926,70000.0,151467.4,149824.05,149824.06,0.019309817,10.343565,8.54014,8.54015
4.2492194,0.0038251004,0.004056311,70000.0,151467.34,149824.06,149824.06,0.019309817,10.343684,8.540148,8.54015
4.2492194,0.0038084646,0.004050647,70000.0,151467.34,149824.06,149824.06,0.019309817,10.343208,8.540141,8.54015
4.2492194,0.004187662,0.004471906,70000.0,151467.38,149824.03,149824.03,0.019309817,10.343563,8.540147,8.540149
4.2492194,0.0037602838,0.0039998004,70000.0,151467.31,149824.05,149824.03,0.019309817,10.343157,8.54015,8.54015
4.2492194,0.0069486173,0.0074349227,70000.0,151467.39,149824.05,149824.05,0.019309817,10.343381,8.54015,8.54015
4.2492194,0.0035118295,0.0037219473,70000.0,151467.38,149824.05,149824.03,0.019309817,10.343497,8.540156,8.54015
4.2492194,0.0038969757,0.0041502523,70000.0,151467.34,149824.05,149824.06,0.019309817,10.343449,8.540142,8.54015
4.2492194,0.004364201,0.004699739,70000.0,151467.36,149824.06,149824.06,0.019309817,10.3432455,8.540156,8.54015
4.2492194,0.0039530243,0.0042248033,70000.0,151467.39,149824.06,149824.05,0.019309817,10.343467,8.540153,8.540149
4.2492194,0.0039509297,0.004219199,70000.0,151467.36,149824.05,149824.06,0.019309817,10.343085,8.540145,8.54015
4.2492194,0.003882391,0.004124389,70000.0,151467.42,149824.06,149824.05,0.019309817,10.343707,8.540159,8.540149
4.2492194,0.00391683,0.00416936,70000.0,151467.33,149824.06,149824.06,0.019309817,10.343081,8.540146,8.540149
4.2492194,0.0037318675,0.0039692,70000.0,151467.36,149824.06,149824.06,0.019309817,10.343388,8.540158,8.540149
4.2492194,0.004285606,0.004598979,70000.0,151467.45,149824.05,149824.06,0.019309817,10.343588,8.540152,8.54015
4.2492194,0.0040264903,0.0043047154,70000.0,151467.36,149824.05,149824.06,0.019309817,10.3432455,8.540142,8.54015
4.2492194,0.003494887,0.003707437,70000.0,151467.34,149824.08,149824.05,0.019309817,10.34321,8.540151,8.540149
4.2492194,0.0034197262,0.0036218243,70000.0,151467.4,149824.06,149824.08,0.019309817,10.343454,8.540131,8.540149
4.2492194,0.0037535783,0.0040126503,70000.0,151467.4,149824.06,149824.05,0.019309817,10.343387,8.540151,8.54015
4.2492194,0.0035396377,0.003793491,70000.0,151467.47,149824.05,149824.06,0.019309817,10.343854,8.540146,8.54015
4.2492194,0.0037982315,0.004057095,70000.0,151467.34,149824.06,149824.03,0.019309817,10.343302,8.540155,8.54015
4.2492194,0.0041000703,0.004412633,70000.0,151467.42,149824.06,149824.06,0.019309817,10.343788,8.540155,8.540151
4.2492194,0.004103072,0.004383856,70000.0,151467.4,149824.05,149824.05,0.019309817,10.343213,8.540139,8.54015
4.2492194,0.003935889,0.0042056628,70000.0,151467.38,149824.03,149824.05,0.019309817,10.343412,8.540148,8.540151
4.2492194,0.003663339,0.0038977645,70000.0,151467.3,149824.06,149824.05,0.019309817,10.343031,8.540142,8.54015
4.2492194,0.0035538608,0.0037818365,70000.0,151467.36,149824.05,149824.05,0.019309817,10.343131,8.540152,8.54015
4.2492194,0.002594559,0.0027099687,70000.0,151467.4,149824.05,149824.03,0.019309817,10.3436165,8.540131,8.54015
4.2492194,0.003828594,0.0040621553,70000.0,151467.33,149824.08,149824.05,0.019309817,10.343504,8.540148,8.540149
4.2492194,0.006636102,0.007114667,70000.0,151467.38,149824.05,149824.05,0.019309817,10.343579,8.54015,8.540149
4.2492194,0.004147791,0.00444424,70000.0,151467.33,149824.08,149824.05,0.019309817,10.342926,8.54016,8.54015
4.2492194,0.0038979214,0.004136746,70000.0,151467.36,149824.06,149824.05,0.019309817,10.343395,8.54015,8.540149
4.2492194,0.0037049283,0.0039327196,70000.0,151467.38,149824.06,149824.05,0.019309817,10.343224,8.540145,8.54015
4.2492194,0.0033987213,0.003603634,70000.0,151467.33,149824.06,149824.06,0.019309817,10.343428,8.540147,8.54015
4.2492194,0.0037644096,0.0040036193,70000.0,151467.39,149824.05,149824.06,0.019309817,10.343499,8.540151,8.540149
4.2492194,0.0040175724,0.004297808,70000.0,151467.39,149824.05,149824.05,0.019309817,10.343571,8.540151,8.54015
4.2492194,0.0039245468,0.0041892026,70000.0,151467.39,149824.05,149824.05,0.019309817,10.343405,8.5401535,8.540149
4.2492194,0.0033135458,0.0035039566,70000.0,151467.4,149824.06,149824.06,0.019309817,10.343476,8.540141,8.540149
4.2492194,0.0035664407,0.0037856111,70000.0,151467.36,149824.03,149824.05,0.019309817,10.343266,8.540147,8.540149
4.2492194,0.0041582556,0.0043911603,70000.0,151467.44,149824.05,149824.05,0.019309817,10.343775,8.540154,8.540149
4.2492194,0.0039296835,0.0041906587,70000.0,151467.36,149824.06,149824.06,0.019309817,10.343155,8.540149,8.540151
4.2492194,0.0034870417,0.003703184,70000.0,151467.38,149824.06,149824.05,0.019309817,10.343802,8.540143,8.54015
4.2492194,0.0029606703,0.0031098425,70000.0,151467.44,149824.05,149824.03,0.019309817,10.343522,8.540151,8.54015
4.2492194,0.0035035037,0.003720494,70000.0,151467.38,149824.05,149824.06,0.019309817,10.34345,8.540146,8.540151
4.2492194,0.003777595,0.0040170113,70000.0,151467.36,149824.06,149824.06,0.019309817,10.343473,8.540155,8.54015
4.2492194,0.0035723832,0.0037841967,70000.0,151467.38,149824.05,149824.08,0.019309817,10.343725,8.540151,8.54015
4.2492194,0.0031467837,0.0033201915,70000.0,151467.38,149824.05,149824.08,0.019309817,10.343764,8.540153,8.540151
4.2492194,0.0037722436,0.0040106806,70000.0,151467.38,149824.06,149824.03,0.019309817,10.343161,8.540154,8.540149
4.2492194,0.0030928196,0.0032639683,70000.0,151467.38,149824.05,149824.05,0.019309817,10.343691,8.540147,8.540149
4.2492194,0.0036793272,0.003924371,70000.0,151467.4,149824.03,149824.03,0.019309817,10.343285,8.540154,8.540149
4.2492194,0.003622963,0.0038539239,70000.0,151467.4,149824.05,149824.06,0.019309817,10.343734,8.540146,8.54015
4.2492194,0.0042310916,0.0045228354,70000.0,151467.4,149824.06,149824.05,0.019309817,10.343338,8.540149,8.540151
4.2492194,0.0035229665,0.0037415044,70000.0,151467.39,149824.05,149824.05,0.019309817,10.343308,8.540144,8.540149
4.2492194,0.003552818,0.0037661814,70000.0,151467.31,149824.05,149824.05,0.019309817,10.343269,8.540147,8.540149
4.2492194,0.0038509967,0.004120739,70000.0,151467.45,149824.06,149824.05,0.019309817,10.343575,8.5401535,8.54015
4.2492194,0.0037592247,0.003988592,70000.0,151467.34,149824.05,149824.06,0.019309817,10.343207,8.54015,8.54015
4.2492194,0.0038450258,0.0040831626,70000.0,151467.31,149824.06,149824.06,0.019309817,10.343538,8.540155,8.540151
4.2492194,0.0033431512,0.0035402903,70000.0,151467.42,149824.05,149824.06,0.019309817,10.34339,8.54015,8.54015
4.2492194,0.003336794,0.003533416,70000.0,151467.33,149824.08,149824.05,0.019309817,10.343351,8.540164,8.54015
4.2492194,0.004039543,0.004332897,70000.0,151467.39,149824.06,149824.05,0.019309817,10.34373,8.540143,8.540149
4.2492194,0.003933755,0.004200691,70000.0,151467.39,149824.05,149824.05,0.019309817,10.343289,8.540148,8.540149
4.2492194,0.003464948,0.0036603843,70000.0,151467.36,149824.06,149824.05,0.019309817,10.343263,8.540151,8.54015
4.2492194,0.0034392297,0.0036406843,70000.0,151467.36,149824.03,149824.05,0.019309817,10.343745,8.540153,8.54015
4.2492194,0.0032047464,0.0033856088,70000.0,151467.36,149824.06,149824.08,0.019309817,10.343467,8.54016,8.54015
4.2492194,0.0034351514,0.0036546625,70000.0,151467.38,149824.03,149824.05,0.019309817,10.34348,8.54015,8.540149
4.2492194,0.0036611673,0.003897742,70000.0,151467.33,149824.05,149824.05,0.019309817,10.343255,8.540156,8.54015
4.2492194,0.0033237922,0.0035152726,70000.0,151467.44,149824.06,149824.05,0.019309817,10.343651,8.540157,8.54015
4.2492194,0.0039667026,0.0042236927,70000.0,151467.42,149824.05,149824.06,0.019309817,10.343597,8.540155,8.54015
4.2492194,0.0038496107,0.004113156,70000.0,151467.39,149824.08,149824.05,0.019309817,10.343229,8.540147,8.54015
4.2492194,0.003701656,0.0039507323,70000.0,151467.34,149824.05,149824.06,0.019309817,10.343263,8.540148,8.540151
4.2492194,0.0036522828,0.0038823122,70000.0,151467.45,149824.06,149824.05,0.019309817,10.343461,8.5401535,8.540151
4.2492194,0.003788245,0.0040560113,70000.0,151467.38,149824.05,149824.05,0.019309817,10.343159,8.54014,8.54015
4.2492194,0.0033102033,0.0034920175,70000.0,151467.34,149824.05,149824.06,0.019309817,10.343167,8.540151,8.54015
4.2492194,0.0038881788,0.004137194,70000.0,151467.42,149824.05,149824.05,0.019309817,10.343143,8.540151,8.540149
4.2492194,0.0034763492,0.0036695774,70000.0,151467.42,149824.05,149824.06,0.019309817,10.343591,8.540163,8.54015
4.2492194,0.0042072036,0.0045214063,70000.0,151467.36,149824.08,149824.08,0.019309817,10.343185,8.540159,8.54015
4.2492194,0.0041137906,0.004400953,70000.0,151467.34,149824.06,149824.05,0.019309817,10.343242,8.540156,8.540151
4.2492194,0.0036378074,0.0038578054,70000.0,151467.38,149824.05,149824.06,0.019309817,10.343268,8.540156,8.54015
4.2492194,0.003611004,0.0038470016,70000.0,151467.31,149824.06,149824.05,0.019309817,10.343447,8.540147,8.54015
4.2492194,0.003487401,0.0036966251,70000.0,151467.38,149824.05,149824.05,0.019309817,10.344013,8.540156,8.54015
4.2492194,0.0036354198,0.0038578857,70000.0,151467.38,149824.06,149824.05,0.019309817,10.34322,8.540144,8.540149
4.2492194,0.0037533934,0.003989439,70000.0,151467.4,149824.08,149824.05,0.019309817,10.343466,8.540149,8.540151
4.2492194,0.0036635073,0.0039108205,70000.0,151467.34,149824.05,149824.05,0.019309817,10.343055,8.540153,8.540149
4.2492194,0.0038013807,0.0040498236,70000.0,151467.33,149824.03,149824.06,0.019309817,10.342979,8.540153,8.540149
4.2492194,0.0037707086,0.004011632,70000.0,151467.36,149824.05,149824.06,0.019309817,10.34374,8.54014,8.54015
4.2492194,0.0035449262,0.0038217725,70000.0,151467.33,149824.05,149824.08,0.019309817,10.343212,8.540142,8.54015
4.2492194,0.003397299,0.0036056396,70000.0,151467.36,149824.06,149824.03,0.019309817,10.343746,8.540141,8.540151
4.2492194,0.0035943033,0.0038231406,70000.0,151467.36,149824.08,149824.05,0.019309817,10.343551,8.540149,8.54015
4.2492194,0.0032189619,0.0033870689,70000.0,151467.39,149824.06,149824.05,0.019309817,10.343168,8.540152,8.540149
4.2492194,0.0033747319,0.0035772168,70000.0,151467.39,149824.03,149824.05,0.019309817,10.3435955,8.540144,8.54015
4.2492194,0.003454421,0.0036536271,70000.0,151467.36,149824.06,149824.08,0.019309817,10.343491,8.540162,8.540149
4.2492194,0.004273097,0.004581022,70000.0,151467.39,149824.05,149824.05,0.019309817,10.343461,8.540144,8.540149
4.2492194,0.0040336126,0.0043308977,70000.0,151467.36,149824.08,149824.06,0.019309817,10.343244,8.540155,8.54015
4.2492194,0.00399868,0.004261574,70000.0,151467.34,149824.06,149824.05,0.019309817,10.343043,8.540147,8.540149
4.2492194,0.003843272,0.0040709963,70000.0,151467.4,149824.05,149824.03,0.019309817,10.343796,8.540145,8.540148
4.2492194,0.0034077743,0.003597355,70000.0,151467.38,149824.05,149824.06,0.019309817,10.343787,8.54014,8.540151
4.2492194,0.003577749,0.003804057,70000.0,151467.38,149824.08,149824.06,0.019309817,10.343284,8.540151,8.540149
4.2492194,0.00340069,0.003602365,70000.0,151467.39,149824.03,149824.06,0.019309817,10.343075,8.540156,8.540151
4.2492194,0.0036444732,0.0038713205,70000.0,151467.34,149824.03,149824.03,0.019309817,10.343478,8.540148,8.540151
4.2492194,0.0037597797,0.0040623774,70000.0,151467.4,149824.06,149824.06,0.019309817,10.343427,8.540135,8.54015
4.2492194,0.0036476331,0.0038885784,70000.0,151467.36,149824.05,149824.06,0.019309817,10.343057,8.540142,8.540149
4.2492194,0.0034769522,0.0036992566,70000.0,151467.39,149824.05,149824.08,0.019309817,10.3436365,8.540158,8.540151
4.2492194,0.003716395,0.003984436,70000.0,151467.36,149824.03,149824.05,0.019309817,10.34312,8.540137,8.540149
4.2492194,0.0035523812,0.0038058322,70000.0,151467.36,149824.05,149824.08,0.019309817,10.343444,8.54014,8.54015
4.2492194,0.003764102,0.004029039,70000.0,151467.39,149824.05,149824.06,0.019309817,10.343462,8.540156,8.54015
4.2492194,0.0035589146,0.0038052278,70000.0,151467.36,149824.05,149824.05,0.019309817,10.343071,8.540149,8.54015
4.2492194,0.0035465832,0.0037804171,70000.0,151467.38,149824.05,149824.08,0.019309817,10.34349,8.540155,8.540151
4.2492194,0.0034593611,0.0036676622,70000.0,151467.31,149824.03,149824.05,0.019309817,10.343276,8.540148,8.54015
4.2492194,0.003120222,0.0032888267,70000.0,151467.38,149824.06,149824.05,0.019309817,10.343976,8.540156,8.540151
4.2492194,0.0031552943,0.0033330678,70000.0,151467.3,149824.03,149824.06,0.019309817,10.343158,8.540165,8.540149
4.2492194,0.0038889335,0.004123879,70000.0,151467.42,149824.06,149824.05,0.019309817,10.343528,8.540144,8.540149
4.2492194,0.0030103817,0.0031722023,70000.0,151467.39,149824.05,149824.06,0.019309817,10.343672,8.54015,8.54015
4.2492194,0.0033839939,0.0035798,70000.0,151467.36,149824.05,149824.05,0.019309817,10.343254,8.54014,8.54015
4.2492194,0.0035891603,0.0038119743,70000.0,151467.34,149824.05,149824.06,0.019309817,10.343319,8.540147,8.54015
4.2492194,0.0032558825,0.0034440046,70000.0,151467.39,149824.06,149824.05,0.019309817,10.343167,8.540133,8.54015
4.2492194,0.0037058336,0.0039363666,70000.0,151467.38,149824.05,149824.06,0.019309817,10.343134,8.540154,8.54015
4.2492194,0.0037175368,0.003958338,70000.0,151467.42,149824.05,149824.05,0.019309817,10.343434,8.540141,8.540149
4.2492194,0.003923158,0.0041814134,70000.0,151467.4,149824.05,149824.05,0.019309817,10.343751,8.540149,8.540149
4.2492194,0.0033867417,0.0035862753,70000.0,151467.42,149824.05,149824.06,0.019309817,10.343475,8.540141,8.54015
4.2492194,0.0035017913,0.0037369807,70000.0,151467.36,149824.05,149824.05,0.019309817,10.343135,8.540139,8.540149
4.2492194,0.0038229765,0.004111309,70000.0,151467.42,149824.03,149824.05,0.019309817,10.343428,8.540147,8.540149
4.2492194,0.0030413691,0.0032303724,70000.0,151467.44,149824.06,149824.05,0.019309817,10.34378,8.540157,8.540151
4.2492194,0.0035204585,0.0037322722,70000.0,151467.31,149824.06,149824.05,0.019309817,10.343094,8.54014,8.54015
4.2492194,0.0035508664,0.0037842803,70000.0,151467.33,149824.06,149824.06,0.019309817,10.343339,8.5401535,8.540151
4.2492194,0.003735268,0.0040293187,70000.0,151467.38,149824.06,149824.06,0.019309817,10.343362,8.54014,8.540151
4.2492194,0.003482399,0.0037210272,70000.0,151467.4,149824.05,149824.03,0.019309817,10.343564,8.540146,8.54015
4.2492194,0.0038203439,0.0041189366,70000.0,151467.36,149824.05,149824.05,0.019309817,10.343217,8.54015,8.540149
4.2492194,0.0035447392,0.0038014846,70000.0,151467.31,149824.05,149824.06,0.019309817,10.343264,8.540162,8.54015
4.2492194,0.0034294887,0.0036323878,70000.0,151467.42,149824.08,149824.08,0.019309817,10.343647,8.540154,8.540149
4.2492194,0.003624423,0.0038664362,70000.0,151467.28,149824.05,149824.05,0.019309817,10.343149,8.540155,8.54015
4.2492194,0.004055552,0.0044023762,70000.0,151467.34,149824.05,149824.06,0.019309817,10.343105,8.540153,8.54015
4.2492194,0.0038965375,0.004177654,70000.0,151467.39,149824.05,149824.06,0.019309817,10.343543,8.5401535,8.54015
4.2492194,0.0033477908,0.0035353121,70000.0,151467.33,149824.05,149824.05,0.019309817,10.343293,8.54015,8.54015
4.2492194,0.0034471173,0.0036497065,70000.0,151467.3,149824.06,149824.06,0.019309817,10.343351,8.540156,8.540149
4.2492194,0.0030919574,0.0032465959,70000.0,151467.39,149824.08,149824.05,0.019309817,10.343636,8.540153,8.54015
4.2492194,0.00341633,0.0036216578,70000.0,151467.34,149824.03,149824.06,0.019309817,10.34329,8.540142,8.540151
4.2492194,0.0028476347,0.0029793875,70000.0,151467.4,149824.06,149824.06,0.019309817,10.343688,8.540147,8.54015
4.2492194,0.004129552,0.0044058883,70000.0,151467.39,149824.06,149824.05,0.019309817,10.343146,8.540157,8.54015
4.2492194,0.004391152,0.004704217,70000.0,151467.39,149824.06,149824.05,0.019309817,10.343387,8.540154,8.540149
4.2492194,0.004238184,0.004533376,70000.0,151467.38,149824.05,149824.06,0.019309817,10.343455,8.5401535,8.54015
4.2492194,0.0041098287,0.0043691522,70000.0,151467.34,149824.1,149824.06,0.019309817,10.343455,8.540169,8.540151
4.2492194,0.0035359715,0.0037572375,70000.0,151467.38,149824.06,149824.05,0.019309817,10.343485,8.540139,8.54015
4.2492194,0.0038020173,0.0040531666,70000.0,151467.38,149824.05,149824.08,0.019309817,10.343531,8.540149,8.540151
4.2492194,0.0033407914,0.00352886,70000.0,151467.4,149824.05,149824.06,0.019309817,10.343456,8.540145,8.54015
4.2492194,0.003550995,0.0037797936,70000.0,151467.42,149824.06,149824.06,0.019309817,10.34379,8.540156,8.54015
4.2492194,0.003874437,0.004125545,70000.0,151467.36,149824.06,149824.08,0.019309817,10.343389,8.540152,8.54015
4.2492194,0.0037764956,0.0040135155,70000.0,151467.39,149824.06,149824.05,0.019309817,10.343381,8.540145,8.54015
4.2492194,0.0033813708,0.003591377,70000.0,151467.4,149824.05,149824.05,0.019309817,10.343282,8.540152,8.54015
4.2492194,0.003217371,0.0034025686,70000.0,151467.39,149824.06,149824.05,0.019309817,10.343669,8.540146,8.540149
4.2492194,0.0040629962,0.004327199,70000.0,151467.36,149824.06,149824.05,0.019309817,10.343641,8.5401535,8.54015
4.2492194,0.0036478434,0.003864847,70000.0,151467.36,149824.05,149824.05,0.019309817,10.3432665,8.540147,8.54015
4.2492194,0.0037321907,0.0039650914,70000.0,151467.4,149824.06,149824.06,0.019309817,10.343467,8.540153,8.540149
4.2492194,0.0035293768,0.0037476951,70000.0,151467.38,149824.05,149824.05,0.019309817,10.343285,8.54015,8.54015
4.2492194,0.0040621627,0.00437917,70000.0,151467.42,149824.06,149824.06,0.019309817,10.343734,8.540156,8.540149
4.2492194,0.0035396435,0.003756189,70000.0,151467.38,149824.05,149824.05,0.019309817,10.343426,8.540135,8.540149
4.2492194,0.0036754482,0.003911584,70000.0,151467.42,149824.06,149824.06,0.019309817,10.343569,8.540144,8.54015
4.2492194,0.0036360295,0.0038570266,70000.0,151467.38,149824.06,149824.06,0.019309817,10.343291,8.540149,8.540151
4.2492194,0.0038972301,0.004143542,70000.0,151467.4,149824.06,149824.05,0.019309817,10.343494,8.540147,8.54015
4.2492194,0.0040438846,0.0043083914,70000.0,151467.38,149824.08,149824.06,0.019309817,10.34338,8.540143,8.540149
4.2492194,0.0035095403,0.003705907,70000.0,151467.4,149824.05,149824.05,0.019309817,10.343283,8.54014,8.54015
4.2492194,0.003980873,0.0042319624,70000.0,151467.38,149824.06,149824.05,0.019309817,10.343503,8.540152,8.54015
4.2492194,0.0039369436,0.0042131552,70000.0,151467.34,149824.05,149824.05,0.019309817,10.343262,8.540154,8.54015
4.2492194,0.0040245047,0.0043154615,70000.0,151467.39,149824.05,149824.05,0.019309817,10.3435335,8.540137,8.540149
4.2492194,0.0037633039,0.004009497,70000.0,151467.36,149824.05,149824.05,0.019309817,10.343079,8.540151,8.540149
4.2492194,0.0032951112,0.003483129,70000.0,151467.33,149824.06,149824.08,0.019309817,10.343143,8.540155,8.540149
4.2492194,0.0038912515,0.004207347,70000.0,151467.34,149824.05,149824.06,0.019309817,10.343539,8.54014,8.54015
4.2492194,0.004105219,0.0044071833,70000.0,151467.31,149824.03,149824.06,0.019309817,10.343103,8.540153,8.54015
4.2492194,0.00416941,0.004516636,70000.0,151467.33,149824.06,149824.05,0.019309817,10.342958,8.5401535,8.54015
4.2492194,0.002964362,0.0031121776,70000.0,151467.28,149824.03,149824.05,0.019309817,10.343249,8.540155,8.54015
4.2492194,0.0035508077,0.0037763799,70000.0,151467.36,149824.05,149824.06,0.019309817,10.343535,8.540149,8.54015
4.2492194,0.0031338513,0.0033053434,70000.0,151467.38,149824.05,149824.06,0.019309817,10.343588,8.540157,8.540149
4.2492194,0.002891099,0.0030334494,70000.0,151467.34,149824.06,149824.05,0.019309817,10.343645,8.540153,8.54015
4.2492194,0.003649463,0.0038674274,70000.0,151467.36,149824.03,149824.05,0.019309817,10.343454,8.540147,8.540149
4.2492194,0.0037759708,0.004026477,70000.0,151467.34,149824.06,149824.05,0.019309817,10.343228,8.540157,8.54015
4.2492194,0.004073263,0.0043623876,70000.0,151467.39,149824.06,149824.06,0.019309817,10.343534,8.54015,8.54015
4.2492194,0.0037628047,0.004003522,70000.0,151467.39,149824.06,149824.05,0.019309817,10.343649,8.540157,8.54015
4.2492194,0.0033874635,0.0035730917,70000.0,151467.39,149824.06,149824.03,0.019309817,10.34363,8.540149,8.540149
4.2492194,0.0036481705,0.0038704206,70000.0,151467.34,149824.05,149824.05,0.019309817,10.343192,8.540156,8.540149
4.2492194,0.0033941695,0.0035949044,70000.0,151467.38,149824.05,149824.05,0.019309817,10.343769,8.540152,8.540149
4.2492194,0.0034512896,0.0036511775,70000.0,151467.38,149824.06,149824.03,0.019309817,10.343444,8.540153,8.54015
4.2492194,0.003557573,0.0037735,70000.0,151467.42,149824.05,149824.05,0.019309817,10.3440275,8.5401535,8.54015
4.2492194,0.003191824,0.0033709225,70000.0,151467.39,149824.03,149824.06,0.019309817,10.343331,8.540139,8.540149
4.2492194,0.0035001417,0.00371148,70000.0,151467.33,149824.05,149824.05,0.019309817,10.343024,8.540129,8.540149
4.2492194,0.0030659104,0.0032296516,70000.0,151467.4,149824.05,149824.03,0.019309817,10.343351,8.5401325,8.54015
4.2492194,0.0031843516,0.0033637604,70000.0,151467.36,149824.08,149824.05,0.019309817,10.34348,8.540167,8.54015
4.2492194,0.004128599,0.0044178814,70000.0,151467.38,149824.05,149824.06,0.019309817,10.34346,8.540156,8.54015
4.2492194,0.003879544,0.0041442853,70000.0,151467.31,149824.05,149824.05,0.019309817,10.343025,8.540152,8.54015
4.2492194,0.0034789434,0.0036878067,70000.0,151467.33,149824.06,149824.03,0.019309817,10.343318,8.540147,8.54015
4.2492194,0.003324004,0.0035107357,70000.0,151467.33,149824.05,149824.05,0.019309817,10.343235,8.540146,8.54015
4.2492194,0.0034541064,0.0036567484,70000.0,151467.39,149824.03,149824.03,0.019309817,10.343659,8.540161,8.54015
4.2492194,0.0037513091,0.0039935587,70000.0,151467.34,149824.05,149824.06,0.019309817,10.343521,8.540157,8.540149
4.2492194,0.0034061274,0.0035882138,70000.0,151467.38,149824.03,149824.05,0.019309817,10.343276,8.540159,8.54015
4.2492194,0.0038221513,0.004080195,70000.0,151467.34,149824.05,149824.06,0.019309817,10.34319,8.540152,8.540149
4.2492194,0.003546438,0.0037672315,70000.0,151467.39,149824.05,149824.08,0.019309817,10.343328,8.540151,8.540151
4.2492194,0.0035643706,0.0038023288,70000.0,151467.39,149824.06,149824.06,0.019309817,10.343209,8.54014,8.54015
4.2492194,0.003270217,0.003460078,70000.0,151467.36,149824.05,149824.06,0.019309817,10.343305,8.540148,8.540151
4.2492194,0.0035329594,0.003763069,70000.0,151467.39,149824.05,149824.05,0.019309817,10.343313,8.540144,8.54015
4.2492194,0.0037751198,0.0040247273,70000.0,151467.38,149824.06,149824.08,0.019309817,10.3431225,8.54015,8.540151
4.2492194,0.0034517734,0.0036507945,70000.0,151467.44,149824.03,149824.05,0.019309817,10.34333,8.540149,8.540151
4.2492194,0.003789591,0.004030769,70000.0,151467.47,149824.08,149824.03,0.019309817,10.344031,8.540159,8.54015
4.2492194,0.003472686,0.0036860055,70000.0,151467.4,149824.06,149824.06,0.019309817,10.343941,8.540158,8.54015
4.2492194,0.0036588977,0.0038819513,70000.0,151467.44,149824.05,149824.08,0.019309817,10.343482,8.540137,8.540149
4.2492194,0.0033923045,0.0035963878,70000.0,151467.4,149824.05,149824.05,0.019309817,10.343612,8.540159,8.540149
4.2492194,0.0033313723,0.0035303046,70000.0,151467.4,149824.06,149824.03,0.019309817,10.343611,8.540149,8.54015
4.2492194,0.003876179,0.004131787,70000.0,151467.38,149824.05,149824.03,0.019309817,10.3435755,8.540139,8.54015
4.2492194,0.0034972432,0.0037158423,70000.0,151467.33,149824.05,149824.06,0.019309817,10.343053,8.540147,8.54015
4.2492194,0.0034512628,0.0036721544,70000.0,151467.31,149824.03,149824.05,0.019309817,10.343655,8.540141,8.540148
4.2492194,0.0036659765,0.0038915002,70000.0,151467.38,149824.06,149824.06,0.019309817,10.34348,8.54016,8.54015
4.2492194,0.0036915422,0.0039046633,70000.0,151467.42,149824.06,149824.05,0.019309817,10.34362,8.540142,8.54015
4.2492194,0.0036917203,0.0039241584,70000.0,151467.39,149824.03,149824.06,0.019309817,10.343552,8.540154,8.540148
4.2492194,0.0036415397,0.0039083473,70000.0,151467.33,149824.05,149824.05,0.019309817,10.343377,8.540148,8.540151
4.2492194,0.003869462,0.004104903,70000.0,151467.42,149824.05,149824.06,0.019309817,10.343823,8.540143,8.54015
4.2492194,0.0037945297,0.0040438715,70000.0,151467.36,149824.05,149824.08,0.019309817,10.343406,8.540152,8.540151
4.2492194,0.0035403382,0.0037609048,70000.0,151467.4,149824.06,149824.05,0.019309817,10.343483,8.540148,8.540151
4.2492194,0.003820122,0.0040663807,70000.0,151467.38,149824.05,149824.06,0.019309817,10.343509,8.540142,8.54015
4.2492194,0.0036435635,0.0038562946,70000.0,151467.34,149824.05,149824.06,0.019309817,10.343433,8.54016,8.54015
4.2492194,0.004260404,0.00456413,70000.0,151467.39,149824.06,149824.05,0.019309817,10.343378,8.540147,8.54015
4.2492194,0.004330268,0.0046165287,70000.0,151467.39,149824.03,149824.05,0.019309817,10.343249,8.540143,8.540149
4.2492194,0.003852961,0.00409289,70000.0,151467.38,149824.05,149824.06,0.019309817,10.343489,8.540151,8.540151
4.2492194,0.0033943504,0.0035875742,70000.0,151467.36,149824.05,149824.06,0.019309817,10.343698,8.540164,8.54015
4.2492194,0.0038580853,0.0040953825,70000.0,151467.44,149824.05,149824.03,0.019309817,10.343542,8.540142,8.540149
4.2492194,0.0046793176,0.004974951,70000.0,151467.36,149824.03,149824.05,0.019309817,10.343187,8.540156,8.540151
4.2492194,0.0041935463,0.0044802316,70000.0,151467.39,149824.06,149824.06,0.019309817,10.343243,8.540148,8.54015
4.2492194,0.0041366434,0.00441613,70000.0,151467.36,149824.05,149824.05,0.019309817,10.343025,8.540145,8.54015
4.2492194,0.0035531407,0.0037656631,70000.0,151467.31,149824.06,149824.08,0.019309817,10.343275,8.540158,8.54015
4.2492194,0.0036659103,0.0038956597,70000.0,151467.33,149824.06,149824.05,0.019309817,10.343057,8.54015,8.540149
4.2492194,0.004043061,0.0043011713,70000.0,151467.39,149824.05,149824.06,0.019309817,10.343209,8.540151,8.540151
4.2492194,0.0030915667,0.0032516893,70000.0,151467.39,149824.05,149824.05,0.019309817,10.343311,8.54015,8.540151
4.2492194,0.003806682,0.004037879,70000.0,151467.33,149824.05,149824.05,0.019309817,10.343081,8.540151,8.54015
4.2492194,0.0032945976,0.003475388,70000.0,151467.36,149824.02,149824.06,0.019309817,10.343635,8.540152,8.54015
4.2492194,0.0036734592,0.003881897,70000.0,151467.39,149824.05,149824.05,0.019309817,10.343192,8.54015,8.540151
4.2492194,0.0037184423,0.0039873053,70000.0,151467.36,149824.05,149824.06,0.019309817,10.343242,8.54014,8.540149
4.2492194,0.0040102154,0.004294652,70000.0,151467.33,149824.05,149824.05,0.019309817,10.343089,8.540147,8.54015
4.2492194,0.0033800902,0.0035737702,70000.0,151467.4,149824.06,149824.05,0.019309817,10.343609,8.540148,8.540151
4.2492194,0.0036648863,0.003958105,70000.0,151467.4,149824.05,149824.05,0.019309817,10.343197,8.540137,8.54015
4.2492194,0.0035634763,0.0038079694,70000.0,151467.44,149824.05,149824.05,0.019309817,10.343519,8.540153,8.54015
4.2492194,0.0033108725,0.0034997377,70000.0,151467.4,149824.06,149824.06,0.019309817,10.343532,8.540159,8.540149
4.2492194,0.0032110275,0.0033899443,70000.0,151467.34,149824.08,149824.08,0.019309817,10.343226,8.540143,8.540149
4.2492194,0.0034172484,0.0036177002,70000.0,151467.45,149824.05,149824.03,0.019309817,10.34372,8.540139,8.54015
4.2492194,0.003694825,0.003926903,70000.0,151467.4,149824.06,149824.06,0.019309817,10.3435,8.540141,8.54015
4.2492194,0.003225745,0.0034097268,70000.0,151467.42,149824.08,149824.06,0.019309817,10.343295,8.540146,8.54015
4.2492194,0.0035557977,0.0037606761,70000.0,151467.44,149824.08,149824.06,0.019309817,10.343855,8.54015,8.54015
4.2492194,0.0038616022,0.0041119084,70000.0,151467.44,149824.05,149824.03,0.019309817,10.343584,8.540148,8.54015
4.2492194,0.0035838028,0.0037791799,70000.0,151467.34,149824.06,149824.06,0.019309817,10.34333,8.540154,8.54015
4.2492194,0.004121619,0.0044045574,70000.0,151467.34,149824.05,149824.08,0.019309817,10.343514,8.540147,8.54015
4.2492194,0.0035391634,0.0037542193,70000.0,151467.33,149824.05,149824.06,0.019309817,10.3433275,8.540143,8.540151
4.2492194,0.0033643872,0.0035521437,70000.0,151467.34,149824.05,149824.03,0.019309817,10.34318,8.540141,8.54015
4.2492194,0.003742147,0.003981414,70000.0,151467.39,149824.06,149824.08,0.019309817,10.343619,8.540146,8.54015
4.2492194,0.003574413,0.003796058,70000.0,151467.38,149824.06,149824.06,0.019309817,10.343433,8.540149,8.54015
4.2492194,0.003556383,0.0037761806,70000.0,151467.39,149824.05,149824.06,0.019309817,10.343369,8.540151,8.54015
4.2492194,0.003234011,0.0034089165,70000.0,151467.33,149824.05,149824.05,0.019309817,10.343084,8.5401535,8.540151
4.2492194,0.0042152693,0.0045006145,70000.0,151467.36,149824.06,149824.05,0.019309817,10.343255,8.540151,8.54015
4.2492194,0.009969358,0.010739474,70000.0,151467.36,149824.05,149824.08,0.019309817,10.343137,8.540151,8.540151
4.2492194,0.0037824162,0.00401435,70000.0,151467.4,149824.05,149824.06,0.019309817,10.343641,8.540149,8.540149
4.2492194,0.003389877,0.0035754258,70000.0,151467.39,149824.06,149824.05,0.019309817,10.343216,8.540144,8.54015
4.2492194,0.0031679203,0.0033280926,70000.0,151467.36,149824.08,149824.05,0.019309817,10.343262,8.540165,8.54015
4.2492194,0.0034332562,0.0036347017,70000.0,151467.39,149824.05,149824.05,0.019309817,10.343457,8.540136,8.540149
4.2492194,0.0037772227,0.004020247,70000.0,151467.39,149824.03,149824.05,0.019309817,10.343458,8.540146,8.54015
4.2492194,0.0030869097,0.003261945,70000.0,151467.31,149824.06,149824.05,0.019309817,10.343001,8.540145,8.54015
4.2492194,0.0033592249,0.0035569665,70000.0,151467.36,149824.05,149824.05,0.019309817,10.343165,8.540138,8.540149
4.2492194,0.0031661347,0.0033435682,70000.0,151467.33,149824.06,149824.05,0.019309817,10.343321,8.540164,8.54015
4.2492194,0.0035922767,0.0038166258,70000.0,151467.42,149824.05,149824.03,0.019309817,10.343626,8.540147,8.540151
4.2492194,0.0039034486,0.0041535036,70000.0,151467.38,149824.06,149824.05,0.019309817,10.343419,8.540149,8.540149
4.2492194,0.0037683877,0.0040157433,70000.0,151467.39,149824.06,149824.06,0.019309817,10.343289,8.540154,8.540149
4.2492194,0.0041921646,0.0044835825,70000.0,151467.38,149824.05,149824.08,0.019309817,10.343163,8.5401535,8.540149
4.2492194,0.004650148,0.0049857167,70000.0,151467.36,149824.03,149824.05,0.019309817,10.343544,8.540145,8.54015
4.2492194,0.0049944418,0.005368115,70000.0,151467.39,149824.05,149824.05,0.019309817,10.343394,8.540148,8.54015
4.2492194,0.0040643797,0.0043599242,70000.0,151467.39,149824.06,149824.06,0.019309817,10.3432865,8.540145,8.54015
4.2492194,0.0037992129,0.0040553045,70000.0,151467.34,149824.05,149824.05,0.019309817,10.343614,8.540141,8.540149
4.2492194,0.0034679312,0.0036827442,70000.0,151467.38,149824.03,149824.05,0.019309817,10.343514,8.540137,8.54015
4.2492194,0.0037765172,0.004025217,70000.0,151467.36,149824.05,149824.05,0.019309817,10.34367,8.540157,8.540149
4.2492194,0.003853179,0.0041071195,70000.0,151467.34,149824.05,149824.06,0.019309817,10.34355,8.540144,8.54015
4.2492194,0.003875141,0.0041324976,70000.0,151467.31,149824.05,149824.06,0.019309817,10.343049,8.540152,8.540151
4.2492194,0.003882575,0.0041516884,70000.0,151467.45,149824.05,149824.05,0.019309817,10.343938,8.540152,8.54015
4.2492194,0.003645095,0.0038827627,70000.0,151467.4,149824.08,149824.06,0.019309817,10.343285,8.540152,8.54015
4.2492194,0.0031434805,0.0033258016,70000.0,151467.4,149824.05,149824.08,0.019309817,10.343366,8.540141,8.54015
4.2492194,0.0032499507,0.0034525748,70000.0,151467.4,149824.05,149824.05,0.019309817,10.343399,8.54016,8.540151
4.2492194,0.0033992466,0.0036183533,70000.0,151467.39,149824.03,149824.06,0.019309817,10.343851,8.540158,8.54015
4.2492194,0.0041234028,0.0044424036,70000.0,151467.38,149824.05,149824.06,0.019309817,10.3433895,8.540137,8.54015
4.2492194,0.0037186693,0.0039512785,70000.0,151467.42,149824.06,149824.03,0.019309817,10.34339,8.540145,8.54015
4.2492194,0.0032952104,0.0034978807,70000.0,151467.38,149824.05,149824.06,0.019309817,10.34378,8.540154,8.540149
4.2492194,0.0029994417,0.0031541341,70000.0,151467.42,149824.05,149824.05,0.019309817,10.343851,8.540161,8.54015
4.2492194,0.0029810574,0.0031370602,70000.0,151467.36,149824.03,149824.08,0.019309817,10.343194,8.540158,8.540151
4.2492194,0.003614776,0.003848306,70000.0,151467.33,149824.06,149824.06,0.019309817,10.343108,8.540148,8.54015
4.2492194,0.0035102428,0.0037271213,70000.0,151467.39,149824.06,149824.08,0.019309817,10.343448,8.540148,8.54015
4.2492194,0.0037261844,0.003997942,70000.0,151467.33,149824.05,149824.06,0.019309817,10.343363,8.540162,8.54015
4.2492194,0.0033299224,0.0035176517,70000.0,151467.44,149824.05,149824.06,0.019309817,10.34362,8.540154,8.54015
4.2492194,0.003689692,0.0039254692,70000.0,151467.39,149824.03,149824.05,0.019309817,10.343368,8.540149,8.54015
4.2492194,0.0034332569,0.0036292549,70000.0,151467.38,149824.05,149824.03,0.019309817,10.343284,8.54015,8.54015
4.2492194,0.00411207,0.004404749,70000.0,151467.33,149824.05,149824.06,0.019309817,10.343251,8.54015,8.540151
4.2492194,0.0044629257,0.004806142,70000.0,151467.4,149824.03,149824.05,0.019309817,10.343389,8.540142,8.540149
4.2492194,0.0029753072,0.003141467,70000.0,151467.38,149824.03,149824.05,0.019309817,10.343532,8.540145,8.54015
4.2492194,0.0034992269,0.0037282088,70000.0,151467.42,149824.06,149824.06,0.019309817,10.343425,8.540139,8.54015
4.2492194,0.0035737865,0.0038076788,70000.0,151467.38,149824.05,149824.05,0.019309817,10.343269,8.540148,8.54015
4.2492194,0.0035722335,0.0037784246,70000.0,151467.34,149824.05,149824.06,0.019309817,10.343316,8.54016,8.540149
4.2492194,0.0042440053,0.004542009,70000.0,151467.42,149824.06,149824.06,0.019309817,10.343335,8.540155,8.540152
4.2492194,0.0036931725,0.003921196,70000.0,151467.34,149824.06,149824.06,0.019309817,10.343428,8.540154,8.54015
4.2492194,0.003644352,0.003860434,70000.0,151467.36,149824.08,149824.06,0.019309817,10.343441,8.5401535,8.54015
4.2492194,0.0036523284,0.0038790107,70000.0,151467.38,149824.03,149824.05,0.019309817,10.343247,8.540151,8.540148
4.2492194,0.0036714089,0.0039029168,70000.0,151467.4,149824.03,149824.08,0.019309817,10.343471,8.540147,8.54015
4.2492194,0.0035880152,0.003811531,70000.0,151467.4,149824.06,149824.06,0.019309817,10.343587,8.5401535,8.54015
4.2492194,0.003922452,0.0041685696,70000.0,151467.45,149824.05,149824.05,0.019309817,10.343703,8.540145,8.54015
4.2492194,0.004040744,0.004308425,70000.0,151467.38,149824.05,149824.03,0.019309817,10.343304,8.54014,8.540149
4.2492194,0.0037284906,0.003970398,70000.0,151467.36,149824.05,149824.06,0.019309817,10.343436,8.540147,8.54015
4.2492194,0.0034759752,0.0036726205,70000.0,151467.36,149824.05,149824.06,0.019309817,10.343334,8.540152,8.540151
4.2492194,0.0034843234,0.0036953555,70000.0,151467.38,149824.06,149824.06,0.019309817,10.343354,8.540141,8.540149
4.2492194,0.0035941496,0.0038026446,70000.0,151467.31,149824.06,149824.08,0.019309817,10.343087,8.5401535,8.540151
4.2492194,0.0037895297,0.0040395395,70000.0,151467.42,149824.05,149824.05,0.019309817,10.343671,8.540155,8.54015
4.2492194,0.0034543234,0.0036440783,70000.0,151467.39,149824.03,149824.05,0.019309817,10.343432,8.54015,8.540149
4.2492194,0.0031139492,0.0033325017,70000.0,151467.39,149824.05,149824.05,0.019309817,10.343398,8.540143,8.540149
4.2492194,0.0034850303,0.0037471175,70000.0,151467.42,149824.05,149824.06,0.019309817,10.343696,8.540153,8.540151
4.2492194,0.0036090955,0.0038442686,70000.0,151467.39,149824.06,149824.03,0.019309817,10.343454,8.540137,8.540151
4.2492194,0.003547675,0.0037585518,70000.0,151467.34,149824.06,149824.05,0.019309817,10.343342,8.54014,8.54015
4.2492194,0.004149003,0.0044429325,70000.0,151467.36,149824.06,149824.05,0.019309817,10.343207,8.540153,8.540149
4.2492194,0.0038137645,0.004071824,70000.0,151467.36,149824.05,149824.05,0.019309817,10.343184,8.540154,8.54015
4.2492194,0.0036786902,0.004005596,70000.0,151467.39,149824.06,149824.08,0.019309817,10.343558,8.540148,8.540151
4.2492194,0.0031322218,0.003306431,70000.0,151467.31,149824.03,149824.06,0.019309817,10.343341,8.540144,8.54015
4.2492194,0.0037751286,0.0040111137,70000.0,151467.38,149824.06,149824.06,0.019309817,10.343471,8.540148,8.540149
4.2492194,0.0036618712,0.0038981885,70000.0,151467.38,149824.06,149824.08,0.019309817,10.343491,8.540152,8.54015
4.2492194,0.004348674,0.0046354295,70000.0,151467.33,149824.05,149824.05,0.019309817,10.34313,8.54015,8.540151
4.2492194,0.004207564,0.0044980897,70000.0,151467.36,149824.05,149824.05,0.019309817,10.343595,8.540148,8.540149
4.2492194,0.0038092076,0.0040571387,70000.0,151467.31,149824.06,149824.05,0.019309817,10.343121,8.540149,8.54015
4.2492194,0.0039108563,0.0041832854,70000.0,151467.39,149824.08,149824.06,0.019309817,10.3433075,8.540153,8.540151
4.2492194,0.003924205,0.00418757,70000.0,151467.36,149824.05,149824.08,0.019309817,10.3430195,8.540143,8.54015
4.2492194,0.0034650576,0.003667071,70000.0,151467.34,149824.06,149824.06,0.019309817,10.343063,8.5401535,8.54015
4.2492194,0.003281499,0.0034956024,70000.0,151467.42,149824.06,149824.05,0.019309817,10.34356,8.540164,8.540149
4.2492194,0.004022047,0.0042863945,70000.0,151467.36,149824.05,149824.05,0.019309817,10.343386,8.540143,8.540151
4.2492194,0.0038902937,0.004166534,70000.0,151467.31,149824.06,149824.06,0.019309817,10.34336,8.540152,8.54015
4.2492194,0.003371466,0.003557165,70000.0,151467.31,149824.06,149824.05,0.019309817,10.343582,8.5401535,8.54015
4.2492194,0.0038816158,0.0041284524,70000.0,151467.38,149824.05,149824.05,0.019309817,10.343644,8.54015,8.54015
4.2492194,0.0035836902,0.0038426353,70000.0,151467.38,149824.06,149824.03,0.019309817,10.343261,8.540152,8.54015
4.2492194,0.0032631066,0.0034468493,70000.0,151467.38,149824.05,149824.06,0.019309817,10.343629,8.540153,8.540151
4.2492194,0.0035790266,0.0038261574,70000.0,151467.4,149824.05,149824.06,0.019309817,10.343691,8.540146,8.54015
4.2492194,0.0036632884,0.003899708,70000.0,151467.36,149824.06,149824.05,0.019309817,10.343302,8.540142,8.54015
4.2492194,0.0032142538,0.0033873084,70000.0,151467.39,149824.06,149824.05,0.019309817,10.343236,8.540151,8.54015
4.2492194,0.0033347043,0.003522574,70000.0,151467.33,149824.06,149824.08,0.019309817,10.343658,8.540143,8.54015
4.2492194,0.0035664483,0.003794333,70000.0,151467.34,149824.06,149824.06,0.019309817,10.3436365,8.540153,8.540151
4.2492194,0.003522673,0.0037394434,70000.0,151467.39,149824.06,149824.05,0.019309817,10.343714,8.540143,8.540149
4.2492194,0.0032577957,0.003438647,70000.0,151467.36,149824.05,149824.05,0.019309817,10.343365,8.54014,8.540151
4.2492194,0.0037067067,0.0039509106,70000.0,151467.45,149824.06,149824.08,0.019309817,10.343725,8.540158,8.540151
4.2492194,0.0043017687,0.0046077613,70000.0,151467.42,149824.03,149824.03,0.019309817,10.343568,8.540139,8.540149
4.2492194,0.004039358,0.0043122163,70000.0,151467.36,149824.05,149824.03,0.019309817,10.343428,8.540151,8.54015
4.2492194,0.0038635766,0.0040960526,70000.0,151467.45,149824.06,149824.08,0.019309817,10.343398,8.540165,8.54015
4.2492194,0.0041017123,0.0043573882,70000.0,151467.42,149824.05,149824.06,0.019309817,10.343384,8.540149,8.54015
4.2492194,0.0036086966,0.0038251188,70000.0,151467.33,149824.03,149824.05,0.019309817,10.342986,8.540159,8.540149
4.2492194,0.004116994,0.0043642386,70000.0,151467.38,149824.05,149824.05,0.019309817,10.343437,8.540149,8.54015
4.2492194,0.00344757,0.0036373415,70000.0,151467.33,149824.05,149824.05,0.019309817,10.343525,8.54015,8.540149
4.2492194,0.0035374116,0.0037371684,70000.0,151467.38,149824.06,149824.06,0.019309817,10.343423,8.540158,8.54015
4.2492194,0.0038694455,0.0041274945,70000.0,151467.36,149824.06,149824.05,0.019309817,10.343375,8.540145,8.540149
4.2492194,0.003358478,0.0035625915,70000.0,151467.34,149824.05,149824.05,0.019309817,10.343511,8.540151,8.54015
4.2492194,0.003397335,0.0036018055,70000.0,151467.42,149824.05,149824.05,0.019309817,10.343551,8.540146,8.540148
4.2492194,0.0032458452,0.003430864,70000.0,151467.4,149824.05,149824.06,0.019309817,10.343839,8.540161,8.540149
4.2492194,0.0035855474,0.00380703,70000.0,151467.36,149824.06,149824.08,0.019309817,10.343162,8.540154,8.54015
4.2492194,0.0044367546,0.0047686505,70000.0,151467.4,149824.08,149824.06,0.019309817,10.343425,8.540145,8.540149
4.2492194,0.003481108,0.0036947683,70000.0,151467.39,149824.06,149824.03,0.019309817,10.343796,8.540156,8.54015
4.2492194,0.0031666085,0.0033541613,70000.0,151467.34,149824.06,149824.05,0.019309817,10.343285,8.540155,8.540149
4.2492194,0.0034716048,0.0036890912,70000.0,151467.31,149824.06,149824.08,0.019309817,10.343091,8.540151,8.540152
4.2492194,0.0038300736,0.004088111,70000.0,151467.34,149824.06,149824.05,0.019309817,10.343575,8.540147,8.54015
4.2492194,0.0037362715,0.0039765695,70000.0,151467.33,149824.05,149824.08,0.019309817,10.34321,8.540146,8.54015
4.2492194,0.003554807,0.0037977328,70000.0,151467.36,149824.03,149824.05,0.019309817,10.342984,8.540154,8.54015
4.2492194,0.0035919843,0.003844882,70000.0,151467.38,149824.05,149824.08,0.019309817,10.3433,8.540144,8.54015
4.2492194,0.0037528942,0.0040013455,70000.0,151467.4,149824.03,149824.05,0.019309817,10.343609,8.540149,8.540149
4.2492194,0.003861415,0.004114101,70000.0,151467.38,149824.06,149824.08,0.019309817,10.343424,8.540146,8.540151
4.2492194,0.0031271998,0.00329806,70000.0,151467.36,149824.05,149824.05,0.019309817,10.34345,8.540129,8.54015
4.2492194,0.0036785784,0.0039140563,70000.0,151467.36,149824.05,149824.08,0.019309817,10.3432255,8.540146,8.540151
4.2492194,0.0034162323,0.0036225368,70000.0,151467.34,149824.05,149824.05,0.019309817,10.34313,8.540138,8.54015
4.2492194,0.0035005487,0.0037145554,70000.0,151467.36,149824.05,149824.06,0.019309817,10.343411,8.540158,8.540149
4.2492194,0.003465601,0.003677352,70000.0,151467.34,149824.03,149824.06,0.019309817,10.343132,8.540141,8.54015
4.2492194,0.0037166297,0.003959658,70000.0,151467.42,149824.06,149824.08,0.019309817,10.34368,8.540148,8.540151
4.2492194,0.0035309994,0.0037472222,70000.0,151467.42,149824.05,149824.03,0.019309817,10.343541,8.540144,8.540149
4.2492194,0.0032340742,0.0034198565,70000.0,151467.36,149824.06,149824.05,0.019309817,10.343478,8.540146,8.540149
4.2492194,0.0028265736,0.0029634193,70000.0,151467.36,149824.06,149824.05,0.019309817,10.343304,8.540128,8.54015
4.2492194,0.0031712842,0.0033524295,70000.0,151467.39,149824.03,149824.08,0.019309817,10.343492,8.540161,8.540151
4.2492194,0.0036066978,0.003848423,70000.0,151467.39,149824.03,149824.06,0.019309817,10.343904,8.540148,8.540151
4.2492194,0.0030284708,0.0031873083,70000.0,151467.4,149824.05,149824.06,0.019309817,10.343399,8.540143,8.54015
4.2492194,0.0033443545,0.0035345582,70000.0,151467.4,149824.05,149824.05,0.019309817,10.3434725,8.540153,8.540149
4.2492194,0.0034819834,0.0036966954,70000.0,151467.4,149824.05,149824.06,0.019309817,10.343638,8.540151,8.54015
4.2492194,0.0034925817,0.0037058468,70000.0,151467.44,149824.08,149824.06,0.019309817,10.343599,8.540142,8.54015
4.2492194,0.003089187,0.0032552516,70000.0,151467.39,149824.06,149824.06,0.019309817,10.343345,8.540143,8.54015
4.2492194,0.0035337782,0.003751439,70000.0,151467.31,149824.06,149824.05,0.019309817,10.343429,8.540154,8.54015
4.2492194,0.0037929541,0.0040194895,70000.0,151467.39,149824.08,149824.05,0.019309817,10.343547,8.540161,8.54015
4.2492194,0.0036636386,0.0038980355,70000.0,151467.36,149824.05,149824.03,0.019309817,10.343288,8.540142,8.540149
4.2492194,0.00347599,0.0036840506,70000.0,151467.4,149824.06,149824.05,0.019309817,10.343415,8.540147,8.54015
4.2492194,0.0037935919,0.0040311385,70000.0,151467.4,149824.05,149824.03,0.019309817,10.343682,8.540146,8.54015
4.2492194,0.0036687371,0.003890152,70000.0,151467.39,149824.06,149824.05,0.019309817,10.342915,8.54014,8.54015
4.2492194,0.0033742215,0.0035700607,70000.0,151467.31,149824.05,149824.06,0.019309817,10.3432,8.540157,8.54015
4.2492194,0.0036131227,0.0038193844,70000.0,151467.39,149824.08,149824.06,0.019309817,10.34346,8.540135,8.540149
4.2492194,0.0037753582,0.0040697814,70000.0,151467.33,149824.05,149824.03,0.019309817,10.343144,8.5401535,8.54015
4.2492194,0.0037716846,0.0040118843,70000.0,151467.33,149824.06,149824.05,0.019309817,10.343154,8.540141,8.540149
4.2492194,0.0035711844,0.003797915,70000.0,151467.34,149824.05,149824.06,0.019309817,10.343375,8.540148,8.540149
4.2492194,0.003803576,0.0040558903,70000.0,151467.36,149824.06,149824.03,0.019309817,10.3435755,8.5401535,8.540151
4.2492194,0.0040904507,0.004339072,70000.0,151467.42,149824.06,149824.06,0.019309817,10.343366,8.540146,8.540151
4.2492194,0.0033928351,0.003580184,70000.0,151467.33,149824.06,149824.05,0.019309817,10.343131,8.540155,8.540151
4.2492194,0.0035737737,0.0037938994,70000.0,151467.45,149824.05,149824.06,0.019309817,10.343588,8.540163,8.54015
4.2492194,0.003996303,0.0042657857,70000.0,151467.44,149824.05,149824.06,0.019309817,10.343525,8.540136,8.54015
4.2492194,0.0035040532,0.0037060194,70000.0,151467.39,149824.05,149824.08,0.019309817,10.343333,8.540145,8.540149
4.2492194,0.0032949436,0.0034702597,70000.0,151467.36,149824.06,149824.08,0.019309817,10.34339,8.540137,8.540151
4.2492194,0.0034592184,0.0036633837,70000.0,151467.4,149824.03,149824.05,0.019309817,10.343662,8.54015,8.54015
4.2492194,0.0039959834,0.00424682,70000.0,151467.33,149824.05,149824.05,0.019309817,10.34322,8.540156,8.54015
4.2492194,0.0038809672,0.004172684,70000.0,151467.39,149824.06,149824.06,0.019309817,10.343242,8.54014,8.54015
4.2492194,0.0039726347,0.0042350255,70000.0,151467.38,149824.06,149824.05,0.019309817,10.343102,8.540156,8.54015
4.2492194,0.003962188,0.004216508,70000.0,151467.33,149824.06,149824.06,0.019309817,10.3427725,8.540154,8.54015
4.2492194,0.0034465403,0.0036469742,70000.0,151467.33,149824.06,149824.06,0.019309817,10.342941,8.540137,8.54015
4.2492194,0.0036618654,0.003906389,70000.0,151467.4,149824.06,149824.06,0.019309817,10.343396,8.540161,8.54015
4.2492194,0.0034004017,0.0035933263,70000.0,151467.36,149824.05,149824.06,0.019309817,10.3431635,8.5401535,8.540151
4.2492194,0.003614043,0.0038445941,70000.0,151467.39,149824.03,149824.05,0.019309817,10.3433,8.540142,8.54015
4.2492194,0.0033636368,0.0035577149,70000.0,151467.36,149824.05,149824.03,0.019309817,10.343286,8.540151,8.54015
4.2492194,0.0036282968,0.0038631868,70000.0,151467.39,149824.03,149824.08,0.019309817,10.343736,8.54015,8.54015
4.2492194,0.0032673983,0.0034570524,70000.0,151467.42,149824.05,149824.05,0.019309817,10.343521,8.540155,8.54015
4.2492194,0.004171878,0.0045369705,70000.0,151467.36,149824.06,149824.06,0.019309817,10.343203,8.540145,8.540149
4.2492194,0.004357784,0.0047360845,70000.0,151467.38,149824.06,149824.05,0.019309817,10.343409,8.5401535,8.540149
4.2492194,0.0036141055,0.003868273,70000.0,151467.48,149824.05,149824.05,0.019309817,10.343839,8.540152,8.540151
4.2492194,0.0040194932,0.0043440945,70000.0,151467.36,149824.06,149824.05,0.019309817,10.3433895,8.540151,8.54015
4.2492194,0.0037848845,0.0040826923,70000.0,151467.4,149824.05,149824.06,0.019309817,10.343229,8.540157,8.540151
4.2492194,0.00309664,0.003273198,70000.0,151467.38,149824.06,149824.05,0.019309817,10.343349,8.540153,8.54015
4.2492194,0.0034669144,0.003685378,70000.0,151467.39,149824.05,149824.06,0.019309817,10.343277,8.540148,8.54015
4.2492194,0.0038718428,0.004142706,70000.0,151467.4,149824.05,149824.06,0.019309817,10.343315,8.540149,8.54015
4.2492194,0.0031805625,0.0033670622,70000.0,151467.38,149824.06,149824.05,0.019309817,10.343415,8.540154,8.540151
4.2492194,0.0034415848,0.0036499482,70000.0,151467.4,149824.06,149824.08,0.019309817,10.343254,8.540139,8.54015
4.2492194,0.0039338996,0.00418725,70000.0,151467.38,149824.06,149824.06,0.019309817,10.343434,8.540154,8.54015
4.2492194,0.003787377,0.0040454525,70000.0,151467.38,149824.05,149824.06,0.019309817,10.343566,8.540144,8.54015
4.2492194,0.0034944592,0.0037439482,70000.0,151467.39,149824.05,149824.06,0.019309817,10.343564,8.540135,8.540149
4.2492194,0.0031443385,0.0033218884,70000.0,151467.34,149824.06,149824.05,0.019309817,10.343117,8.540154,8.540151
4.2492194,0.0036539051,0.0039212643,70000.0,151467.33,149824.03,149824.08,0.019309817,10.343475,8.540144,8.540148
4.2492194,0.003674002,0.003963691,70000.0,151467.36,149824.05,149824.05,0.019309817,10.343424,8.540158,8.54015
4.2492194,0.002970298,0.0031479392,70000.0,151467.34,149824.06,149824.06,0.019309817,10.343366,8.540147,8.54015
4.2492194,0.0033644054,0.0035878518,70000.0,151467.34,149824.06,149824.06,0.019309817,10.343415,8.540158,8.540149
4.2492194,0.0038350832,0.0041425377,70000.0,151467.38,149824.05,149824.05,0.019309817,10.34376,8.540162,8.540151
4.2492194,0.0035677454,0.003825302,70000.0,151467.39,149824.05,149824.06,0.019309817,10.343453,8.540155,8.540149
4.2492194,0.0037786243,0.0040599876,70000.0,151467.38,149824.05,149824.08,0.019309817,10.343693,8.540147,8.540151
4.2492194,0.0041676434,0.0044994536,70000.0,151467.38,149824.03,149824.06,0.019309817,10.343534,8.540148,8.540149
4.2492194,0.0036193645,0.003922254,70000.0,151467.39,149824.05,149824.03,0.019309817,10.3434,8.540148,8.54015
4.2492194,0.0036047033,0.0038765022,70000.0,151467.4,149824.05,149824.06,0.019309817,10.343611,8.540142,8.540151
4.2492194,0.0030023414,0.0031997175,70000.0,151467.44,149824.06,149824.03,0.019309817,10.34366,8.540164,8.54015
4.2492194,0.0031523244,0.0033716874,70000.0,151467.44,149824.06,149824.06,0.019309817,10.343711,8.540158,8.54015
4.2492194,0.0033923367,0.0036322798,70000.0,151467.39,149824.05,149824.06,0.019309817,10.343433,8.540154,8.54015
4.2492194,0.004051146,0.004383727,70000.0,151467.42,149824.05,149824.06,0.019309817,10.343543,8.540146,8.540149
4.2492194,0.0040202383,0.004363759,70000.0,151467.4,149824.06,149824.06,0.019309817,10.343334,8.540143,8.54015
4.2492194,0.0038570436,0.0041704206,70000.0,151467.4,149824.06,149824.05,0.019309817,10.343073,8.540146,8.540149
4.2492194,0.0032977005,0.0035156186,70000.0,151467.38,149824.05,149824.06,0.019309817,10.343682,8.540154,8.540149
4.2492194,0.003475475,0.0036936265,70000.0,151467.4,149824.06,149824.05,0.019309817,10.3438015,8.54014,8.540149
4.2492194,0.0031210012,0.0033086764,70000.0,151467.34,149824.03,149824.06,0.019309817,10.343571,8.540153,8.54015
4.2492194,0.0037172406,0.0039869146,70000.0,151467.44,149824.05,149824.05,0.019309817,10.343711,8.540148,8.540151
4.2492194,0.0038055917,0.004113814,70000.0,151467.4,149824.06,149824.05,0.019309817,10.34329,8.540148,8.540151
4.2492194,0.0032876192,0.0035202443,70000.0,151467.38,149824.03,149824.05,0.019309817,10.3433075,8.54015,8.54015
4.2492194,0.0035345457,0.0038055491,70000.0,151467.38,149824.05,149824.06,0.019309817,10.343263,8.540152,8.54015
4.2492194,0.0033494607,0.003608901,70000.0,151467.44,149824.05,149824.08,0.019309817,10.343402,8.540145,8.540151
4.2492194,0.0038407182,0.004175955,70000.0,151467.34,149824.05,149824.06,0.019309817,10.343442,8.540147,8.540149
4.2492194,0.003910126,0.004247354,70000.0,151467.45,149824.05,149824.05,0.019309817,10.343681,8.540157,8.54015
4.2492194,0.0035170456,0.0038139431,70000.0,151467.36,149824.06,149824.03,0.019309817,10.3433485,8.5401535,8.54015
4.2492194,0.00325252,0.0034996388,70000.0,151467.42,149824.03,149824.08,0.019309817,10.343833,8.540155,8.54015
4.2492194,0.0032043804,0.0034428441,70000.0,151467.42,149824.05,149824.05,0.019309817,10.343398,8.540143,8.540151
4.2492194,0.0033383789,0.0035874713,70000.0,151467.36,149824.05,149824.05,0.019309817,10.343068,8.540149,8.540149
4.2492194,0.0033361875,0.003636463,70000.0,151467.4,149824.05,149824.05,0.019309817,10.343191,8.540145,8.54015
4.2492194,0.003078165,0.0032629885,70000.0,151467.34,149824.05,149824.05,0.019309817,10.343508,8.54014,8.54015
4.2492194,0.0035007081,0.003741764,70000.0,151467.39,149824.06,149824.05,0.019309817,10.343681,8.540152,8.54015
4.2492194,0.0031754007,0.0033874977,70000.0,151467.39,149824.05,149824.06,0.019309817,10.343404,8.540159,8.54015
4.2492194,0.0034593295,0.0037042673,70000.0,151467.36,149824.05,149824.05,0.019309817,10.343535,8.540173,8.540149
4.2492194,0.0034695968,0.0037257208,70000.0,151467.42,149824.06,149824.03,0.019309817,10.343779,8.540157,8.54015
4.2492194,0.0033391,0.003557993,70000.0,151467.38,149824.06,149824.05,0.019309817,10.343228,8.540144,8.54015
4.2492194,0.0035938309,0.00384245,70000.0,151467.44,149824.05,149824.05,0.019309817,10.343475,8.540142,8.540149
4.2492194,0.0032711246,0.0034922508,70000.0,151467.4,149824.05,149824.05,0.019309817,10.343663,8.540149,8.54015
4.2492194,0.003609288,0.003833529,70000.0,151467.33,149824.06,149824.03,0.019309817,10.343333,8.540157,8.540149
4.2492194,0.003727856,0.0039758966,70000.0,151467.36,149824.05,149824.05,0.019309817,10.34339,8.540147,8.540149
4.2492194,0.003751298,0.004080076,70000.0,151467.42,149824.05,149824.05,0.019309817,10.343222,8.540152,8.540149
4.2492194,0.0035909207,0.0038592448,70000.0,151467.33,149824.05,149824.06,0.019309817,10.342871,8.540155,8.540149
4.2492194,0.0035628735,0.0038254238,70000.0,151467.33,149824.05,149824.05,0.019309817,10.343027,8.540147,8.540149
4.2492194,0.0033456874,0.0035815418,70000.0,151467.33,149824.06,149824.06,0.019309817,10.343255,8.540161,8.540151
4.2492194,0.0031860974,0.0033830558,70000.0,151467.38,149824.05,149824.08,0.019309817,10.343421,8.540155,8.54015
4.2492194,0.003621256,0.0039168377,70000.0,151467.38,149824.06,149824.06,0.019309817,10.343504,8.540153,8.540149
4.2492194,0.0037949444,0.0040650116,70000.0,151467.36,149824.05,149824.06,0.019309817,10.343288,8.540157,8.54015
4.2492194,0.0037695467,0.004044143,70000.0,151467.4,149824.06,149824.03,0.019309817,10.343544,8.540153,8.540149
4.2492194,0.0032418838,0.0034726867,70000.0,151467.39,149824.05,149824.05,0.019309817,10.343501,8.540153,8.540151
4.2492194,0.0034068986,0.00366377,70000.0,151467.39,149824.03,149824.05,0.019309817,10.343428,8.54016,8.540149
4.2492194,0.0032703944,0.0035001019,70000.0,151467.36,149824.06,149824.08,0.019309817,10.343273,8.540159,8.540149
4.2492194,0.0037808502,0.004086786,70000.0,151467.36,149824.05,149824.05,0.019309817,10.343469,8.540146,8.540149
4.2492194,0.0037692653,0.0040096673,70000.0,151467.36,149824.05,149824.06,0.019309817,10.343551,8.540151,8.54015
4.2492194,0.003297095,0.0035194005,70000.0,151467.42,149824.06,149824.05,0.019309817,10.343587,8.540145,8.54015
4.2492194,0.0035667722,0.00383228,70000.0,151467.36,149824.05,149824.05,0.019309817,10.343287,8.5401535,8.54015
4.2492194,0.0036408217,0.0038800717,70000.0,151467.38,149824.05,149824.05,0.019309817,10.343453,8.540151,8.54015
4.2492194,0.0031589456,0.003357045,70000.0,151467.38,149824.05,149824.05,0.019309817,10.34336,8.540145,8.540151
4.2492194,0.0028597228,0.0030396315,70000.0,151467.36,149824.06,149824.05,0.019309817,10.343618,8.540147,8.54015
4.2492194,0.002809936,0.002977621,70000.0,151467.38,149824.05,149824.05,0.019309817,10.343562,8.5401325,8.54015
4.2492194,0.003183001,0.003378582,70000.0,151467.38,149824.06,149824.05,0.019309817,10.343364,8.540137,8.540149
4.2492194,0.0036990447,0.0039565056,70000.0,151467.33,149824.06,149824.05,0.019309817,10.343089,8.540155,8.540151
4.2492194,0.0036188008,0.00388018,70000.0,151467.39,149824.06,149824.08,0.019309817,10.343613,8.540147,8.54015
4.2492194,0.003393149,0.0036103954,70000.0,151467.34,149824.08,149824.05,0.019309817,10.343444,8.540152,8.54015
4.2492194,0.0035476584,0.0037764495,70000.0,151467.4,149824.05,149824.05,0.019309817,10.343332,8.540131,8.54015
4.2492194,0.0035581281,0.0037904624,70000.0,151467.4,149824.05,149824.06,0.019309817,10.343625,8.540152,8.54015
4.2492194,0.00386131,0.0041577974,70000.0,151467.38,149824.08,149824.08,0.019309817,10.343303,8.540147,8.540151
4.2492194,0.003614416,0.0038522473,70000.0,151467.34,149824.05,149824.03,0.019309817,10.342939,8.540149,8.54015
4.2492194,0.002966871,0.0031216012,70000.0,151467.42,149824.05,149824.06,0.019309817,10.34335,8.540139,8.54015
4.2492194,0.0036784525,0.0039334535,70000.0,151467.36,149824.08,149824.08,0.019309817,10.343527,8.540143,8.54015
4.2492194,0.0034734663,0.0037292812,70000.0,151467.36,149824.05,149824.06,0.019309817,10.343361,8.540155,8.54015
4.2492194,0.0037080944,0.003953086,70000.0,151467.34,149824.06,149824.06,0.019309817,10.343437,8.540152,8.54015
4.2492194,0.0033498658,0.003577139,70000.0,151467.44,149824.03,149824.08,0.019309817,10.343503,8.5401535,8.540149
4.2492194,0.0036929345,0.003956803,70000.0,151467.34,149824.05,149824.08,0.019309817,10.342933,8.54014,8.54015
4.2492194,0.0035402426,0.0038107582,70000.0,151467.36,149824.05,149824.05,0.019309817,10.343209,8.540148,8.54015
4.2492194,0.003827236,0.004101993,70000.0,151467.38,149824.05,149824.06,0.019309817,10.343181,8.5401535,8.540149
4.2492194,0.003546538,0.0038065205,70000.0,151467.42,149824.06,149824.06,0.019309817,10.343577,8.540146,8.54015
4.2492194,0.0037263297,0.0039744144,70000.0,151467.39,149824.06,149824.03,0.019309817,10.34349,8.540146,8.540149
4.2492194,0.002752338,0.002886692,70000.0,151467.33,149824.06,149824.05,0.019309817,10.343315,8.540158,8.540149
4.2492194,0.00346165,0.003663075,70000.0,151467.39,149824.05,149824.05,0.019309817,10.343344,8.540137,8.54015
4.2492194,0.002644966,0.0027678409,70000.0,151467.34,149824.05,149824.06,0.019309817,10.343179,8.540159,8.540149
4.2492194,0.002894346,0.003049691,70000.0,151467.39,149824.06,149824.06,0.019309817,10.343323,8.540126,8.540149
4.2492194,0.0031452037,0.0033223103,70000.0,151467.4,149824.05,149824.06,0.019309817,10.343379,8.54013,8.54015
4.2492194,0.0036001166,0.0038160358,70000.0,151467.45,149824.05,149824.06,0.019309817,10.343634,8.540149,8.54015
4.2492194,0.0027666304,0.0029320652,70000.0,151467.4,149824.05,149824.05,0.019309817,10.343774,8.540167,8.540151
4.2492194,0.0036697194,0.0039001957,70000.0,151467.36,149824.06,149824.05,0.019309817,10.343357,8.540149,8.54015
4.2492194,0.0037455715,0.0039978437,70000.0,151467.34,149824.06,149824.06,0.019309817,10.343299,8.540148,8.54015
4.2492194,0.0032247275,0.0034086497,70000.0,151467.36,149824.03,149824.03,0.019309817,10.343286,8.540159,8.540151
4.2492194,0.0030570051,0.0032069997,70000.0,151467.34,149824.05,149824.06,0.019309817,10.34322,8.540143,8.54015
4.2492194,0.003710368,0.003939215,70000.0,151467.34,149824.03,149824.05,0.019309817,10.343461,8.540149,8.54015
4.2492194,0.00361784,0.0038469334,70000.0,151467.4,149824.05,149824.05,0.019309817,10.3437,8.540154,8.540149
4.2492194,0.0034793126,0.0036874702,70000.0,151467.39,149824.06,149824.03,0.019309817,10.343477,8.540145,8.540149
4.2492194,0.003038174,0.0032031515,70000.0,151467.42,149824.05,149824.05,0.019309817,10.343633,8.540151,8.540151
4.2492194,0.00360801,0.0038409284,70000.0,151467.31,149824.03,149824.06,0.019309817,10.343202,8.54015,8.540149
4.2492194,0.0033905115,0.0035972565,70000.0,151467.4,149824.05,149824.05,0.019309817,10.343479,8.540144,8.54015
4.2492194,0.003662741,0.0038823534,70000.0,151467.42,149824.06,149824.06,0.019309817,10.343488,8.540148,8.54015
4.2492194,0.0034231008,0.0036227207,70000.0,151467.38,149824.06,149824.06,0.019309817,10.343588,8.540163,8.540151
4.2492194,0.0039285016,0.0042381454,70000.0,151467.36,149824.06,149824.05,0.019309817,10.343394,8.540149,8.54015
4.2492194,0.0037074054,0.0039589917,70000.0,151467.38,149824.05,149824.05,0.019309817,10.343206,8.540144,8.54015
4.2492194,0.0034758816,0.0037014007,70000.0,151467.36,149824.05,149824.06,0.019309817,10.343138,8.5401535,8.54015
4.2492194,0.003764116,0.0040180166,70000.0,151467.36,149824.05,149824.05,0.019309817,10.34315,8.540149,8.54015
4.2492194,0.0034809585,0.0037155831,70000.0,151467.42,149824.06,149824.05,0.019309817,10.343502,8.5401535,8.54015
4.2492194,0.0028274732,0.0029659467,70000.0,151467.36,149824.08,149824.05,0.019309817,10.343292,8.540134,8.540151
4.2492194,0.0040703597,0.0043579284,70000.0,151467.39,149824.05,149824.06,0.019309817,10.34332,8.540145,8.54015
4.2492194,0.0035463308,0.003784727,70000.0,151467.44,149824.05,149824.05,0.019309817,10.34387,8.540157,8.54015
4.2492194,0.0033074194,0.003545785,70000.0,151467.31,149824.06,149824.06,0.019309817,10.343276,8.540151,8.540149
4.2492194,0.004009756,0.004333043,70000.0,151467.44,149824.05,149824.05,0.019309817,10.343322,8.540149,8.54015
4.2492194,0.003247334,0.0034648278,70000.0,151467.36,149824.05,149824.08,0.019309817,10.343387,8.540154,8.540151
4.2492194,0.0035337445,0.003823496,70000.0,151467.39,149824.03,149824.06,0.019309817,10.343589,8.540144,8.540151
4.2492194,0.0036180099,0.003844781,70000.0,151467.34,149824.06,149824.06,0.019309817,10.343274,8.540153,8.54015
4.2492194,0.0033510767,0.003556771,70000.0,151467.39,149824.05,149824.03,0.019309817,10.343766,8.540163,8.54015
4.2492194,0.0033896544,0.003611913,70000.0,151467.39,149824.06,149824.06,0.019309817,10.343331,8.540146,8.540151
4.2492194,0.0033214292,0.0035281186,70000.0,151467.38,149824.06,149824.06,0.019309817,10.34319,8.540141,8.54015
4.2492194,0.0034104707,0.0036266232,70000.0,151467.38,149824.05,149824.05,0.019309817,10.343338,8.540155,8.540149
4.2492194,0.0035750673,0.003809797,70000.0,151467.33,149824.06,149824.05,0.019309817,10.343335,8.540152,8.54015
4.2492194,0.003515943,0.003735004,70000.0,151467.36,149824.05,149824.05,0.019309817,10.343206,8.540153,8.54015
4.2492194,0.0033637602,0.003558356,70000.0,151467.39,149824.06,149824.05,0.019309817,10.34356,8.540154,8.540148
4.2492194,0.003230059,0.0034064876,70000.0,151467.38,149824.05,149824.06,0.019309817,10.343359,8.540152,8.540149
4.2492194,0.003584397,0.0038258252,70000.0,151467.38,149824.05,149824.03,0.019309817,10.343464,8.540147,8.540149
4.2492194,0.003602541,0.0038360623,70000.0,151467.36,149824.05,149824.05,0.019309817,10.343332,8.540152,8.54015
4.2492194,0.0034668432,0.0036723143,70000.0,151467.38,149824.05,149824.06,0.019309817,10.343356,8.540152,8.54015
4.2492194,0.0034252717,0.0036279585,70000.0,151467.34,149824.06,149824.05,0.019309817,10.343149,8.540151,8.540151
4.2492194,0.0034924773,0.0037050887,70000.0,151467.36,149824.06,149824.06,0.019309817,10.343291,8.540149,8.54015
4.2492194,0.0032993224,0.0034868657,70000.0,151467.36,149824.06,149824.06,0.019309817,10.343227,8.5401535,8.54015
4.2492194,0.0037890167,0.004022635,70000.0,151467.36,149824.06,149824.06,0.019309817,10.343271,8.540152,8.540149
4.2492194,0.003198605,0.003376859,70000.0,151467.45,149824.02,149824.06,0.019309817,10.343789,8.540155,8.540151
4.2492194,0.00374116,0.0039884676,70000.0,151467.38,149824.06,149824.05,0.019309817,10.343386,8.54015,8.54015
4.2492194,0.0032494063,0.0034368013,70000.0,151467.39,149824.08,149824.06,0.019309817,10.343378,8.540155,8.540151
4.2492194,0.003580398,0.0038025463,70000.0,151467.28,149824.03,149824.05,0.019309817,10.343125,8.540146,8.540149
4.2492194,0.0031531341,0.0033315816,70000.0,151467.34,149824.05,149824.05,0.019309817,10.343609,8.540159,8.540149
4.2492194,0.003360818,0.0035881738,70000.0,151467.38,149824.05,149824.06,0.019309817,10.343345,8.540147,8.540151
4.2492194,0.0033994915,0.003620539,70000.0,151467.39,149824.03,149824.03,0.019309817,10.3432865,8.540148,8.54015
4.2492194,0.0032120855,0.0034000687,70000.0,151467.42,149824.05,149824.06,0.019309817,10.343542,8.540138,8.540151
4.2492194,0.0035088833,0.003715528,70000.0,151467.42,149824.05,149824.06,0.019309817,10.343442,8.540146,8.54015
4.2492194,0.0035908078,0.003829943,70000.0,151467.36,149824.06,149824.08,0.019309817,10.343383,8.540133,8.54015
4.2492194,0.0036957539,0.0039199507,70000.0,151467.36,149824.06,149824.06,0.019309817,10.343124,8.540147,8.540149
4.2492194,0.0036017243,0.003823854,70000.0,151467.48,149824.06,149824.06,0.019309817,10.343516,8.540145,8.54015
4.2492194,0.0037127074,0.0039626667,70000.0,151467.31,149824.06,149824.08,0.019309817,10.343333,8.540157,8.540151
4.2492194,0.0034090884,0.0036047949,70000.0,151467.42,149824.05,149824.05,0.019309817,10.343426,8.540149,8.540149
4.2492194,0.0040427195,0.0043245605,70000.0,151467.36,149824.05,149824.05,0.019309817,10.3431225,8.54016,8.540149
4.2492194,0.0036332023,0.0038671843,70000.0,151467.34,149824.05,149824.05,0.019309817,10.343128,8.540139,8.540149
4.2492194,0.0039729704,0.0042290944,70000.0,151467.42,149824.05,149824.06,0.019309817,10.34357,8.540148,8.54015
4.2492194,0.0037537694,0.004008374,70000.0,151467.4,149824.05,149824.06,0.019309817,10.343467,8.540157,8.540151
4.2492194,0.00378087,0.004026283,70000.0,151467.34,149824.06,149824.06,0.019309817,10.343276,8.540153,8.54015
4.2492194,0.0037704092,0.004016933,70000.0,151467.36,149824.03,149824.05,0.019309817,10.343879,8.540151,8.54015
4.2492194,0.0038180125,0.0041033532,70000.0,151467.4,149824.05,149824.06,0.019309817,10.343786,8.540142,8.540149
4.2492194,0.0035609277,0.0037873269,70000.0,151467.36,149824.05,149824.06,0.019309817,10.343418,8.540163,8.54015
4.2492194,0.0037185566,0.0039545237,70000.0,151467.39,149824.06,149824.08,0.019309817,10.343675,8.540148,8.540149
4.2492194,0.0027582464,0.002892856,70000.0,151467.38,149824.06,149824.05,0.019309817,10.343191,8.540152,8.540149
4.2492194,0.0030940413,0.0032590732,70000.0,151467.38,149824.06,149824.06,0.019309817,10.343392,8.540138,8.540149
4.2492194,0.002770293,0.0029073523,70000.0,151467.34,149824.05,149824.06,0.019309817,10.343291,8.540133,8.540149
4.2492194,0.0030189226,0.0031809597,70000.0,151467.38,149824.06,149824.06,0.019309817,10.343292,8.540161,8.54015
4.2492194,0.003249278,0.0034357067,70000.0,151467.38,149824.03,149824.05,0.019309817,10.343441,8.540146,8.54015
4.2492194,0.0031777823,0.0033644135,70000.0,151467.36,149824.03,149824.03,0.019309817,10.343253,8.540146,8.54015
4.2492194,0.0036520688,0.003888827,70000.0,151467.4,149824.08,149824.06,0.019309817,10.343476,8.540156,8.54015
4.2492194,0.0035077382,0.0037288242,70000.0,151467.34,149824.03,149824.06,0.019309817,10.343425,8.540151,8.540151
4.2492194,0.0032954644,0.0034862808,70000.0,151467.42,149824.06,149824.05,0.019309817,10.343583,8.540152,8.54015
4.2492194,0.0029855687,0.0031739967,70000.0,151467.39,149824.05,149824.05,0.019309817,10.3437805,8.540169,8.540149
4.2492194,0.0036696452,0.0039300015,70000.0,151467.33,149824.05,149824.05,0.019309817,10.34327,8.540156,8.54015
4.2492194,0.003795427,0.0040863683,70000.0,151467.36,149824.05,149824.08,0.019309817,10.343462,8.540148,8.54015
4.2492194,0.0035141844,0.003750917,70000.0,151467.45,149824.06,149824.05,0.019309817,10.3436575,8.540152,8.54015
4.2492194,0.0031398423,0.0033262859,70000.0,151467.38,149824.06,149824.05,0.019309817,10.34353,8.540144,8.54015
4.2492194,0.0035621845,0.0037927532,70000.0,151467.4,149824.03,149824.05,0.019309817,10.343188,8.540149,8.54015
4.2492194,0.003675815,0.003910455,70000.0,151467.4,149824.06,149824.06,0.019309817,10.343566,8.54015,8.54015
4.2492194,0.0030339314,0.0032286083,70000.0,151467.38,149824.05,149824.05,0.019309817,10.343225,8.540155,8.540149
4.2492194,0.0038001284,0.004039251,70000.0,151467.34,149824.06,149824.03,0.019309817,10.34341,8.540156,8.540149
4.2492194,0.0031542492,0.0033290614,70000.0,151467.42,149824.05,149824.05,0.019309817,10.343553,8.54014,8.54015
4.2492194,0.0041119372,0.004483272,70000.0,151467.4,149824.05,149824.05,0.019309817,10.343479,8.540146,8.54015
4.2492194,0.0035684395,0.0037901069,70000.0,151467.44,149824.05,149824.05,0.019309817,10.343662,8.540157,8.54015
4.2492194,0.0033056494,0.0035019205,70000.0,151467.31,149824.05,149824.05,0.019309817,10.3430395,8.540141,8.54015
4.2492194,0.003812039,0.004070095,70000.0,151467.38,149824.05,149824.06,0.019309817,10.343154,8.540147,8.540149
4.2492194,0.003359916,0.0035530978,70000.0,151467.39,149824.05,149824.06,0.019309817,10.343223,8.540153,8.54015
4.2492194,0.0038120765,0.004061334,70000.0,151467.42,149824.08,149824.08,0.019309817,10.343363,8.540141,8.54015
4.2492194,0.0035535416,0.003771787,70000.0,151467.4,149824.05,149824.06,0.019309817,10.343486,8.540158,8.54015
4.2492194,0.0038289889,0.0040825387,70000.0,151467.36,149824.08,149824.06,0.019309817,10.343439,8.54016,8.54015
4.2492194,0.004077859,0.0043501663,70000.0,151467.31,149824.05,149824.06,0.019309817,10.34322,8.540161,8.54015
4.2492194,0.004132145,0.0044157505,70000.0,151467.39,149824.05,149824.06,0.019309817,10.343634,8.5401535,8.540149
4.2492194,0.0034386227,0.0036381795,70000.0,151467.36,149824.05,149824.08,0.019309817,10.343368,8.540145,8.54015
4.2492194,0.0031989166,0.0033753759,70000.0,151467.36,149824.05,149824.06,0.019309817,10.343424,8.540152,8.54015
4.2492194,0.003487012,0.0037104588,70000.0,151467.44,149824.05,149824.08,0.019309817,10.343629,8.540137,8.54015
4.2492194,0.004034557,0.004312435,70000.0,151467.39,149824.06,149824.05,0.019309817,10.343594,8.540144,8.54015
4.2492194,0.0033170441,0.0035057056,70000.0,151467.36,149824.05,149824.06,0.019309817,10.343616,8.540147,8.54015
4.2492194,0.0035863654,0.0038020334,70000.0,151467.4,149824.05,149824.06,0.019309817,10.343479,8.540146,8.54015
4.2492194,0.003678645,0.0039030968,70000.0,151467.39,149824.05,149824.1,0.019309817,10.343264,8.540148,8.540151
4.2492194,0.0037160525,0.0039432757,70000.0,151467.3,149824.05,149824.06,0.019309817,10.342958,8.540149,8.54015
4.2492194,0.0036350475,0.0038533164,70000.0,151467.34,149824.03,149824.05,0.019309817,10.343165,8.540152,8.54015
4.2492194,0.0036370908,0.0038513932,70000.0,151467.38,149824.08,149824.06,0.019309817,10.343283,8.540155,8.540149
4.2492194,0.0035737476,0.003806278,70000.0,151467.39,149824.06,149824.06,0.019309817,10.343443,8.5401535,8.54015
4.2492194,0.0033359088,0.003524985,70000.0,151467.38,149824.05,149824.05,0.019309817,10.343332,8.540156,8.540148
4.2492194,0.0029070792,0.0030572007,70000.0,151467.39,149824.05,149824.05,0.019309817,10.3431835,8.540149,8.54015
4.2492194,0.0029906393,0.003155913,70000.0,151467.38,149824.05,149824.05,0.019309817,10.343195,8.5401325,8.54015
4.2492194,0.0038398132,0.0040954603,70000.0,151467.38,149824.05,149824.05,0.019309817,10.343255,8.540143,8.54015
4.2492194,0.0039006933,0.004156903,70000.0,151467.39,149824.03,149824.05,0.019309817,10.343675,8.540157,8.540151
4.2492194,0.0038221753,0.004066475,70000.0,151467.34,149824.05,149824.05,0.019309817,10.343683,8.540161,8.54015
4.2492194,0.0038750053,0.004124199,70000.0,151467.34,149824.06,149824.05,0.019309817,10.343429,8.540157,8.540149
4.2492194,0.0036157377,0.0038431277,70000.0,151467.4,149824.03,149824.05,0.019309817,10.343463,8.54014,8.54015
4.2492194,0.0029744944,0.0031228962,70000.0,151467.39,149824.06,149824.05,0.019309817,10.34334,8.540141,8.540151
4.2492194,0.0031022374,0.0032752983,70000.0,151467.38,149824.03,149824.05,0.019309817,10.343558,8.540158,8.54015
4.2492194,0.0027215497,0.0028531891,70000.0,151467.33,149824.05,149824.06,0.019309817,10.343267,8.540143,8.54015
4.2492194,0.0031409021,0.0033174357,70000.0,151467.39,149824.05,149824.05,0.019309817,10.343772,8.540144,8.540151
4.2492194,0.0031201625,0.0033551236,70000.0,151467.42,149824.06,149824.06,0.019309817,10.343491,8.540149,8.540149
4.2492194,0.0033844972,0.0035960395,70000.0,151467.28,149824.06,149824.03,0.019309817,10.343261,8.540161,8.54015
4.2492194,0.0030178106,0.0031856427,70000.0,151467.38,149824.05,149824.06,0.019309817,10.343247,8.540152,8.54015
4.2492194,0.0032396961,0.003427194,70000.0,151467.44,149824.05,149824.06,0.019309817,10.343711,8.540155,8.540149
4.2492194,0.0037036259,0.003946261,70000.0,151467.3,149824.03,149824.05,0.019309817,10.34321,8.540145,8.54015
4.2492194,0.0036938218,0.0039269095,70000.0,151467.31,149824.06,149824.06,0.019309817,10.343054,8.540151,8.540151
4.2492194,0.0037404064,0.0040259687,70000.0,151467.36,149824.05,149824.06,0.019309817,10.343526,8.540148,8.540151
4.2492194,0.003996906,0.004271452,70000.0,151467.4,149824.05,149824.08,0.019309817,10.343247,8.540153,8.540149
4.2492194,0.0030950771,0.003259895,70000.0,151467.39,149824.05,149824.06,0.019309817,10.343575,8.540135,8.540149
4.2492194,0.0035463003,0.0037660864,70000.0,151467.38,149824.06,149824.06,0.019309817,10.343299,8.54015,8.540149
4.2492194,0.0030720464,0.003231465,70000.0,151467.38,149824.06,149824.05,0.019309817,10.343319,8.540169,8.540149
4.2492194,0.00404118,0.0043184585,70000.0,151467.4,149824.06,149824.05,0.019309817,10.343617,8.540139,8.540151
4.2492194,0.0034105838,0.0035933435,70000.0,151467.34,149824.05,149824.06,0.019309817,10.343027,8.540153,8.540151
4.2492194,0.0030841972,0.0032456645,70000.0,151467.38,149824.06,149824.05,0.019309817,10.343477,8.540142,8.54015
4.2492194,0.003266166,0.003528793,70000.0,151467.42,149824.06,149824.06,0.019309817,10.343355,8.540144,8.54015
4.2492194,0.0035137106,0.0037329511,70000.0,151467.39,149824.08,149824.06,0.019309817,10.34321,8.540142,8.54015
4.2492194,0.0038398097,0.004077922,70000.0,151467.39,149824.06,149824.05,0.019309817,10.34316,8.540155,8.540151
4.2492194,0.0039794547,0.004236191,70000.0,151467.36,149824.06,149824.05,0.019309817,10.343218,8.540151,8.540151
4.2492194,0.0034944392,0.0036957618,70000.0,151467.39,149824.06,149824.06,0.019309817,10.3436775,8.54016,8.54015
4.2492194,0.0038278885,0.0040619345,70000.0,151467.36,149824.06,149824.06,0.019309817,10.343672,8.540156,8.540149
4.2492194,0.0039100773,0.004149251,70000.0,151467.44,149824.05,149824.06,0.019309817,10.343471,8.540154,8.54015
4.2492194,0.0039188326,0.0041886396,70000.0,151467.31,149824.03,149824.05,0.019309817,10.343269,8.540146,8.54015
4.2492194,0.0035440298,0.0037710466,70000.0,151467.38,149824.06,149824.06,0.019309817,10.343266,8.540137,8.540151
4.2492194,0.0040998566,0.004371901,70000.0,151467.38,149824.06,149824.06,0.019309817,10.34337,8.540137,8.54015
4.2492194,0.003753949,0.003991261,70000.0,151467.4,149824.05,149824.05,0.019309817,10.343819,8.540154,8.54015
4.2492194,0.0036040882,0.0038267295,70000.0,151467.36,149824.05,149824.06,0.019309817,10.343565,8.540153,8.540149
4.2492194,0.003783015,0.0040257764,70000.0,151467.42,149824.08,149824.05,0.019309817,10.343617,8.540157,8.54015
4.2492194,0.0038915845,0.004139766,70000.0,151467.42,149824.05,149824.05,0.019309817,10.343622,8.540145,8.54015
4.2492194,0.0037216458,0.003963197,70000.0,151467.39,149824.05,149824.06,0.019309817,10.343488,8.540157,8.54015
4.2492194,0.0035869058,0.0038230699,70000.0,151467.31,149824.05,149824.06,0.019309817,10.343079,8.540154,8.54015
4.2492194,0.003740877,0.003968224,70000.0,151467.34,149824.03,149824.05,0.019309817,10.343345,8.540154,8.540149
4.2492194,0.004168271,0.0044489615,70000.0,151467.39,149824.06,149824.03,0.019309817,10.343459,8.540149,8.540149
4.2492194,0.0039636763,0.004229308,70000.0,151467.38,149824.05,149824.06,0.019309817,10.343772,8.540148,8.540149
4.2492194,0.0040376494,0.004309251,70000.0,151467.34,149824.05,149824.08,0.019309817,10.343306,8.540149,8.540151
4.2492194,0.0038326152,0.0040658293,70000.0,151467.45,149824.05,149824.06,0.019309817,10.343761,8.540154,8.54015
4.2492194,0.003463178,0.003661409,70000.0,151467.34,149824.06,149824.06,0.019309817,10.3431835,8.540154,8.540151
4.2492194,0.0035080286,0.0037076233,70000.0,151467.4,149824.06,149824.06,0.019309817,10.343199,8.5401535,8.54015
4.2492194,0.0040265685,0.004322713,70000.0,151467.39,149824.05,149824.08,0.019309817,10.343452,8.5401535,8.54015
4.2492194,0.0036770143,0.00393863,70000.0,151467.38,149824.05,149824.06,0.019309817,10.343603,8.540144,8.54015
4.2492194,0.0036237922,0.0038750554,70000.0,151467.44,149824.05,149824.03,0.019309817,10.343841,8.540157,8.54015
4.2492194,0.0036685502,0.0039144815,70000.0,151467.36,149824.03,149824.05,0.019309817,10.343634,8.540147,8.540149
4.2492194,0.004003011,0.004269585,70000.0,151467.38,149824.03,149824.05,0.019309817,10.343339,8.54015,8.54015
4.2492194,0.003980245,0.0042695617,70000.0,151467.38,149824.06,149824.05,0.019309817,10.343274,8.540153,8.54015
4.2492194,0.0034501404,0.0036580102,70000.0,151467.4,149824.03,149824.06,0.019309817,10.343491,8.540141,8.54015
4.2492194,0.0034462416,0.0036844306,70000.0,151467.36,149824.05,149824.05,0.019309817,10.34334,8.540146,8.54015
4.2492194,0.0039167325,0.004210907,70000.0,151467.42,149824.03,149824.06,0.019309817,10.343538,8.540146,8.54015
4.2492194,0.004130308,0.0044511394,70000.0,151467.4,149824.03,149824.05,0.019309817,10.343238,8.540145,8.540149
4.2492194,0.0033395146,0.0035568932,70000.0,151467.36,149824.06,149824.03,0.019309817,10.343224,8.540153,8.540149
4.2492194,0.0036609643,0.003936053,70000.0,151467.34,149824.06,149824.06,0.019309817,10.343065,8.540146,8.54015
4.2492194,0.0030256354,0.0031884445,70000.0,151467.38,149824.06,149824.06,0.019309817,10.343473,8.540171,8.54015
4.2492194,0.003835915,0.0041046618,70000.0,151467.34,149824.05,149824.06,0.019309817,10.342988,8.540146,8.54015
4.2492194,0.0035624297,0.0037730616,70000.0,151467.39,149824.06,149824.05,0.019309817,10.343197,8.540159,8.540151
4.2492194,0.0032389457,0.0034768374,70000.0,151467.34,149824.05,149824.08,0.019309817,10.343485,8.540155,8.540151
4.2492194,0.0035868976,0.00383587,70000.0,151467.36,149824.05,149824.06,0.019309817,10.343335,8.540143,8.54015
4.2492194,0.0032773328,0.0034819646,70000.0,151467.4,149824.03,149824.05,0.019309817,10.343564,8.540147,8.540149
4.2492194,0.0040662675,0.0043553496,70000.0,151467.36,149824.06,149824.06,0.019309817,10.343104,8.540151,8.54015
4.2492194,0.003497504,0.0037080443,70000.0,151467.39,149824.05,149824.05,0.019309817,10.343401,8.540151,8.540151
4.2492194,0.003372661,0.0035599554,70000.0,151467.42,149824.05,149824.08,0.019309817,10.343706,8.540146,8.540151
4.2492194,0.0034245355,0.0036331455,70000.0,151467.31,149824.06,149824.06,0.019309817,10.3430805,8.540161,8.540149
4.2492194,0.0038411508,0.00411152,70000.0,151467.44,149824.06,149824.05,0.019309817,10.343915,8.540158,8.540149
4.2492194,0.0032490126,0.0034305323,70000.0,151467.36,149824.03,149824.08,0.019309817,10.343588,8.540154,8.540151
4.2492194,0.004074409,0.004379205,70000.0,151467.36,149824.05,149824.06,0.019309817,10.34307,8.540158,8.54015
4.2492194,0.0034687005,0.0036889499,70000.0,151467.38,149824.06,149824.06,0.019309817,10.343524,8.540155,8.540151
4.2492194,0.0035873328,0.003803537,70000.0,151467.38,149824.05,149824.08,0.019309817,10.343502,8.540147,8.540149
4.2492194,0.003394889,0.0035965224,70000.0,151467.38,149824.05,149824.06,0.019309817,10.3433895,8.5401535,8.540149
4.2492194,0.0037434555,0.0039981296,70000.0,151467.38,149824.06,149824.06,0.019309817,10.343567,8.5401535,8.540149
4.2492194,0.0036069916,0.0038424593,70000.0,151467.38,149824.06,149824.02,0.019309817,10.343455,8.540148,8.540149
4.2492194,0.0042218794,0.0045423526,70000.0,151467.38,149824.05,149824.06,0.019309817,10.343552,8.540147,8.540149
4.2492194,0.004123195,0.0044156616,70000.0,151467.36,149824.08,149824.05,0.019309817,10.343554,8.540149,8.54015
4.2492194,0.0040229466,0.0043123714,70000.0,151467.39,149824.05,149824.06,0.019309817,10.343624,8.540156,8.54015
4.2492194,0.0036416168,0.003886287,70000.0,151467.38,149824.05,149824.05,0.019309817,10.343602,8.5401535,8.54015
4.2492194,0.003599621,0.0038135813,70000.0,151467.33,149824.05,149824.06,0.019309817,10.343402,8.540152,8.540151
4.2492194,0.0034546684,0.0036758268,70000.0,151467.39,149824.06,149824.05,0.019309817,10.343297,8.540153,8.540151
4.2492194,0.004061782,0.0043354947,70000.0,151467.39,149824.05,149824.03,0.019309817,10.343342,8.540138,8.54015
4.2492194,0.0031229495,0.0032910286,70000.0,151467.38,149824.08,149824.05,0.019309817,10.343378,8.540143,8.54015
4.2492194,0.003198985,0.0033724974,70000.0,151467.39,149824.05,149824.06,0.019309817,10.343467,8.540148,8.540151
4.2492194,0.0035597065,0.0037822868,70000.0,151467.4,149824.06,149824.05,0.019309817,10.343497,8.540148,8.540149
4.2492194,0.0032529775,0.0035043596,70000.0,151467.38,149824.06,149824.06,0.019309817,10.343649,8.540155,8.540152
4.2492194,0.0033071893,0.0035405643,70000.0,151467.39,149824.05,149824.05,0.019309817,10.343302,8.540158,8.540149
4.2492194,0.0039247004,0.004206192,70000.0,151467.36,149824.06,149824.05,0.019309817,10.343611,8.540137,8.540149
4.2492194,0.0036358112,0.0038797571,70000.0,151467.4,149824.06,149824.06,0.019309817,10.343415,8.540161,8.54015
4.2492194,0.004401626,0.004725358,70000.0,151467.39,149824.03,149824.06,0.019309817,10.343359,8.540148,8.540149
4.2492194,0.004180162,0.004472501,70000.0,151467.34,149824.05,149824.05,0.019309817,10.343211,8.540133,8.540149
4.2492194,0.004028089,0.0042933645,70000.0,151467.38,149824.06,149824.05,0.019309817,10.343182,8.540138,8.540149
4.2492194,0.0036946444,0.0039301943,70000.0,151467.36,149824.05,149824.05,0.019309817,10.343304,8.540144,8.540149
4.2492194,0.003248076,0.003423386,70000.0,151467.36,149824.03,149824.05,0.019309817,10.343315,8.540146,8.54015
4.2492194,0.004274125,0.004569867,70000.0,151467.44,149824.05,149824.06,0.019309817,10.343471,8.540147,8.540151
4.2492194,0.004231745,0.0045156637,70000.0,151467.36,149824.06,149824.05,0.019309817,10.343181,8.540153,8.540149
4.2492194,0.003997368,0.004253511,70000.0,151467.39,149824.05,149824.06,0.019309817,10.34357,8.540142,8.54015
4.2492194,0.0041799485,0.0044562574,70000.0,151467.36,149824.03,149824.05,0.019309817,10.343458,8.540149,8.540151
4.2492194,0.0038108411,0.0040525594,70000.0,151467.39,149824.06,149824.06,0.019309817,10.343427,8.540149,8.54015
4.2492194,0.003942478,0.0041947667,70000.0,151467.39,149824.06,149824.05,0.019309817,10.343491,8.540136,8.540149
4.2492194,0.0036449928,0.003854093,70000.0,151467.36,149824.08,149824.03,0.019309817,10.343354,8.540157,8.54015
4.2492194,0.0036851936,0.0039051443,70000.0,151467.34,149824.06,149824.05,0.019309817,10.343133,8.540138,8.54015
4.2492194,0.003939035,0.0041890633,70000.0,151467.31,149824.05,149824.05,0.019309817,10.342964,8.540141,8.54015
4.2492194,0.0035625235,0.0037742478,70000.0,151467.36,149824.06,149824.08,0.019309817,10.343221,8.540144,8.54015
4.2492194,0.0035177919,0.0037221445,70000.0,151467.34,149824.08,149824.06,0.019309817,10.343197,8.540156,8.54015
4.2492194,0.0035029666,0.003767318,70000.0,151467.33,149824.05,149824.05,0.019309817,10.343219,8.540148,8.54015
4.2492194,0.0038427585,0.0040754443,70000.0,151467.33,149824.06,149824.06,0.019309817,10.342984,8.540142,8.540149
4.2492194,0.0038061214,0.0040568183,70000.0,151467.34,149824.03,149824.08,0.019309817,10.34321,8.540145,8.540152
4.2492194,0.0039123083,0.004159237,70000.0,151467.39,149824.06,149824.05,0.019309817,10.343642,8.540158,8.54015
4.2492194,0.0026926352,0.0028132366,70000.0,151467.36,149824.05,149824.05,0.019309817,10.343166,8.540146,8.54015
4.2492194,0.003631786,0.0038506144,70000.0,151467.4,149824.05,149824.06,0.019309817,10.343354,8.540136,8.54015
4.2492194,0.004178251,0.004451942,70000.0,151467.34,149824.08,149824.06,0.019309817,10.343042,8.540156,8.54015
4.2492194,0.0037596982,0.0039789774,70000.0,151467.44,149824.05,149824.06,0.019309817,10.343571,8.540142,8.54015
4.2492194,0.003550545,0.0037429393,70000.0,151467.33,149824.05,149824.08,0.019309817,10.34336,8.540146,8.540151
4.2492194,0.004112662,0.0043711313,70000.0,151467.38,149824.05,149824.05,0.019309817,10.343165,8.540144,8.54015
4.2492194,0.003480864,0.0037335115,70000.0,151467.36,149824.05,149824.06,0.019309817,10.343287,8.540148,8.54015
4.2492194,0.004018654,0.0042743506,70000.0,151467.34,149824.06,149824.06,0.019309817,10.343353,8.540146,8.54015
4.2492194,0.0037535145,0.0039577032,70000.0,151467.36,149824.06,149824.05,0.019309817,10.343026,8.540151,8.54015
4.2492194,0.0039732647,0.0042504785,70000.0,151467.36,149824.08,149824.06,0.019309817,10.343121,8.540151,8.54015
4.2492194,0.004160422,0.0044258027,70000.0,151467.39,149824.06,149824.05,0.019309817,10.343335,8.540137,8.540149
4.2492194,0.0038952061,0.004157572,70000.0,151467.34,149824.06,149824.05,0.019309817,10.343599,8.540167,8.54015
4.2492194,0.0045121536,0.0048549194,70000.0,151467.33,149824.06,149824.05,0.019309817,10.343134,8.540136,8.540149
4.2492194,0.004294369,0.0045748563,70000.0,151467.33,149824.06,149824.06,0.019309817,10.343349,8.5401535,8.54015
4.2492194,0.003100509,0.0032603068,70000.0,151467.39,149824.08,149824.05,0.019309817,10.343671,8.540163,8.540151
4.2492194,0.0039963624,0.004257153,70000.0,151467.4,149824.06,149824.06,0.019309817,10.343449,8.540145,8.54015
4.2492194,0.0041047167,0.004355246,70000.0,151467.39,149824.06,149824.05,0.019309817,10.343436,8.540149,8.54015
4.2492194,0.0038966972,0.0041315053,70000.0,151467.42,149824.03,149824.05,0.019309817,10.343519,8.540152,8.54015
4.2492194,0.0044834986,0.0048079398,70000.0,151467.34,149824.05,149824.08,0.019309817,10.343602,8.540144,8.540151
4.2492194,0.004526047,0.0048496327,70000.0,151467.39,149824.05,149824.06,0.019309817,10.343843,8.5401535,8.540149
4.2492194,0.0031996344,0.003370526,70000.0,151467.39,149824.06,149824.06,0.019309817,10.343431,8.540135,8.540149
4.2492194,0.003680927,0.0039130948,70000.0,151467.34,149824.05,149824.06,0.019309817,10.343655,8.540159,8.54015
4.2492194,0.004267436,0.0045850743,70000.0,151467.45,149824.05,149824.06,0.019309817,10.343745,8.540159,8.54015
4.2492194,0.0041587246,0.004436926,70000.0,151467.42,149824.06,149824.06,0.019309817,10.344006,8.540152,8.54015
4.2492194,0.004102299,0.004404922,70000.0,151467.36,149824.05,149824.06,0.019309817,10.343181,8.540146,8.540151
4.2492194,0.0040739053,0.004362339,70000.0,151467.38,149824.06,149824.05,0.019309817,10.343547,8.540153,8.54015
4.2492194,0.0036129022,0.0038463552,70000.0,151467.34,149824.05,149824.06,0.019309817,10.343366,8.540141,8.540149
4.2492194,0.0032917429,0.0034993168,70000.0,151467.39,149824.03,149824.05,0.019309817,10.343644,8.540156,8.54015
4.2492194,0.0036093637,0.0038389948,70000.0,151467.45,149824.06,149824.06,0.019309817,10.343621,8.54016,8.54015
4.2492194,0.0039582676,0.0042322543,70000.0,151467.44,149824.06,149824.06,0.019309817,10.34347,8.540156,8.54015
4.2492194,0.0037895476,0.004044591,70000.0,151467.33,149824.05,149824.08,0.019309817,10.343343,8.540154,8.540149
4.2492194,0.0041083544,0.004416128,70000.0,151467.39,149824.06,149824.03,0.019309817,10.343631,8.540148,8.54015
4.2492194,0.003626539,0.0038335249,70000.0,151467.36,149824.06,149824.06,0.019309817,10.343516,8.540157,8.54015
4.2492194,0.003501695,0.0037035479,70000.0,151467.4,149824.06,149824.05,0.019309817,10.343436,8.540154,8.54015
4.2492194,0.004448046,0.004765982,70000.0,151467.39,149824.08,149824.05,0.019309817,10.343195,8.540151,8.540149
4.2492194,0.0044968324,0.0048335725,70000.0,151467.39,149824.06,149824.06,0.019309817,10.343349,8.540148,8.54015
4.2492194,0.0035136344,0.0037300952,70000.0,151467.39,149824.06,149824.08,0.019309817,10.343581,8.540156,8.54015
4.2492194,0.0037091766,0.003939499,70000.0,151467.34,149824.06,149824.05,0.019309817,10.343448,8.540156,8.540149
4.2492194,0.0035348402,0.003754138,70000.0,151467.38,149824.03,149824.05,0.019309817,10.34346,8.540157,8.540149
4.2492194,0.0036491137,0.0038868063,70000.0,151467.36,149824.05,149824.06,0.019309817,10.34349,8.540147,8.540151
4.2492194,0.0047942074,0.005179091,70000.0,151467.3,149824.03,149824.05,0.019309817,10.343284,8.540158,8.540151
4.2492194,0.00458986,0.0049433243,70000.0,151467.34,149824.06,149824.05,0.019309817,10.343181,8.540144,8.54015
4.2492194,0.0044082617,0.0047469013,70000.0,151467.39,149824.05,149824.06,0.019309817,10.343499,8.540142,8.54015
4.2492194,0.0038898687,0.004148324,70000.0,151467.42,149824.06,149824.05,0.019309817,10.343382,8.540151,8.54015
4.2492194,0.0036360614,0.0038611775,70000.0,151467.39,149824.06,149824.05,0.019309817,10.343293,8.540142,8.540149
4.2492194,0.0032863405,0.003466213,70000.0,151467.38,149824.05,149824.06,0.019309817,10.343556,8.540158,8.540151
4.2492194,0.0038217444,0.0040576044,70000.0,151467.38,149824.06,149824.05,0.019309817,10.343544,8.540154,8.54015
4.2492194,0.0033386361,0.0035351713,70000.0,151467.42,149824.05,149824.06,0.019309817,10.343395,8.540149,8.54015
4.2492194,0.0038344178,0.0040848423,70000.0,151467.38,149824.06,149824.08,0.019309817,10.343229,8.540143,8.540149
4.2492194,0.0033898535,0.003603806,70000.0,151467.4,149824.05,149824.06,0.019309817,10.343651,8.5401535,8.54015
4.2492194,0.004236722,0.004551936,70000.0,151467.36,149824.06,149824.05,0.019309817,10.343111,8.540151,8.540149
4.2492194,0.0034460598,0.003653618,70000.0,151467.34,149824.06,149824.05,0.019309817,10.343122,8.540167,8.54015
4.2492194,0.0038146991,0.0040775733,70000.0,151467.45,149824.06,149824.08,0.019309817,10.343652,8.540146,8.54015
4.2492194,0.003575383,0.003821794,70000.0,151467.39,149824.05,149824.06,0.019309817,10.343138,8.540138,8.54015
4.2492194,0.003967942,0.0042227483,70000.0,151467.38,149824.06,149824.05,0.019309817,10.343375,8.540148,8.54015
4.2492194,0.004252361,0.0045483713,70000.0,151467.36,149824.03,149824.05,0.019309817,10.343074,8.540145,8.540151
4.2492194,0.0037981342,0.004044364,70000.0,151467.44,149824.06,149824.05,0.019309817,10.343521,8.54015,8.540149
4.2492194,0.0035526527,0.0037627895,70000.0,151467.39,149824.06,149824.06,0.019309817,10.343731,8.540138,8.540149
4.2492194,0.003199357,0.0033728778,70000.0,151467.38,149824.05,149824.03,0.019309817,10.343403,8.540161,8.54015
4.2492194,0.003920503,0.0041806614,70000.0,151467.31,149824.05,149824.05,0.019309817,10.343523,8.540154,8.54015
4.2492194,0.0040102564,0.0042631417,70000.0,151467.38,149824.05,149824.03,0.019309817,10.343172,8.540159,8.540149
4.2492194,0.004028105,0.004317657,70000.0,151467.39,149824.05,149824.06,0.019309817,10.343517,8.540147,8.540151
4.2492194,0.004357491,0.004695142,70000.0,151467.34,149824.06,149824.06,0.019309817,10.3434515,8.540141,8.54015
4.2492194,0.003893202,0.0041658757,70000.0,151467.39,149824.06,149824.08,0.019309817,10.34362,8.540147,8.54015
4.2492194,0.0036807957,0.0039360486,70000.0,151467.45,149824.08,149824.05,0.019309817,10.343722,8.540141,8.540149
4.2492194,0.003868362,0.0041854125,70000.0,151467.4,149824.06,149824.05,0.019309817,10.343846,8.540147,8.54015
4.2492194,0.0038392511,0.004073223,70000.0,151467.42,149824.05,149824.05,0.019309817,10.343591,8.540153,8.540149
4.2492194,0.004110461,0.0043842765,70000.0,151467.39,149824.05,149824.05,0.019309817,10.34347,8.540154,8.540149
4.2492194,0.0044906596,0.004820374,70000.0,151467.38,149824.06,149824.06,0.019309817,10.343465,8.540147,8.54015
4.2492194,0.0037223923,0.003943003,70000.0,151467.34,149824.03,149824.06,0.019309817,10.343318,8.540144,8.54015
4.2492194,0.0033916594,0.0035984116,70000.0,151467.39,149824.08,149824.06,0.019309817,10.343503,8.540148,8.54015
4.2492194,0.003818831,0.0041095093,70000.0,151467.38,149824.06,149824.06,0.019309817,10.343168,8.540139,8.540149
4.2492194,0.0036474613,0.0039503193,70000.0,151467.4,149824.06,149824.05,0.019309817,10.343634,8.54016,8.54015
4.2492194,0.0041244915,0.00442491,70000.0,151467.38,149824.05,149824.06,0.019309817,10.343286,8.540137,8.540149
4.2492194,0.0041317074,0.004521746,70000.0,151467.36,149824.05,149824.06,0.019309817,10.343358,8.540139,8.54015
4.2492194,0.0034660783,0.0036650214,70000.0,151467.39,149824.06,149824.05,0.019309817,10.343696,8.540149,8.54015
4.2492194,0.0034898648,0.0036831244,70000.0,151467.34,149824.03,149824.05,0.019309817,10.343027,8.54014,8.54015
4.2492194,0.0042614844,0.004550468,70000.0,151467.38,149824.05,149824.05,0.019309817,10.343429,8.540151,8.540149
4.2492194,0.0042360434,0.0045157745,70000.0,151467.44,149824.05,149824.05,0.019309817,10.343632,8.540151,8.540151
4.2492194,0.0040469095,0.00430774,70000.0,151467.42,149824.05,149824.05,0.019309817,10.343539,8.540142,8.540149
4.2492194,0.00440987,0.0047322023,70000.0,151467.39,149824.06,149824.03,0.019309817,10.343591,8.54015,8.540149
4.2492194,0.0039868047,0.0042541367,70000.0,151467.4,149824.03,149824.06,0.019309817,10.343378,8.540145,8.54015
4.2492194,0.003545844,0.0037681903,70000.0,151467.34,149824.03,149824.08,0.019309817,10.343207,8.540152,8.540151
4.2492194,0.0037293446,0.0039575226,70000.0,151467.44,149824.03,149824.06,0.019309817,10.343624,8.540147,8.540149
4.2492194,0.0043386854,0.0046360395,70000.0,151467.42,149824.05,149824.05,0.019309817,10.343668,8.540146,8.540151
4.2492194,0.004557587,0.0048959795,70000.0,151467.39,149824.08,149824.05,0.019309817,10.343546,8.540158,8.540149
4.2492194,0.0036972922,0.003933881,70000.0,151467.39,149824.06,149824.05,0.019309817,10.343364,8.54015,8.54015
4.2492194,0.0038114546,0.0040434897,70000.0,151467.36,149824.05,149824.05,0.019309817,10.34302,8.540154,8.540149
4.2492194,0.0037342543,0.0039726114,70000.0,151467.4,149824.05,149824.08,0.019309817,10.343905,8.540151,8.54015
4.2492194,0.0035384053,0.0037350783,70000.0,151467.36,149824.05,149824.06,0.019309817,10.343139,8.540143,8.540151
4.2492194,0.0038454246,0.004077895,70000.0,151467.4,149824.05,149824.06,0.019309817,10.343347,8.540151,8.540151
4.2492194,0.0034863707,0.0036874383,70000.0,151467.4,149824.06,149824.03,0.019309817,10.343552,8.540148,8.54015
4.2492194,0.004235616,0.0045267073,70000.0,151467.45,149824.06,149824.06,0.019309817,10.343649,8.54016,8.540148
4.2492194,0.0041830707,0.0044682496,70000.0,151467.34,149824.03,149824.05,0.019309817,10.343184,8.54015,8.540149
4.2492194,0.004356567,0.0046523833,70000.0,151467.34,149824.06,149824.06,0.019309817,10.343218,8.540148,8.54015
4.2492194,0.0039122337,0.004196046,70000.0,151467.38,149824.03,149824.05,0.019309817,10.343715,8.540146,8.540151
4.2492194,0.0041708057,0.004479183,70000.0,151467.39,149824.06,149824.05,0.019309817,10.343235,8.540153,8.540149
4.2492194,0.0037993547,0.004077551,70000.0,151467.36,149824.05,149824.06,0.019309817,10.343318,8.540148,8.54015
4.2492194,0.0038212936,0.004149823,70000.0,151467.4,149824.06,149824.06,0.019309817,10.343363,8.540147,8.540151
4.2492194,0.0037518283,0.004012905,70000.0,151467.36,149824.05,149824.06,0.019309817,10.34347,8.540134,8.54015
4.2492194,0.003949804,0.0042822235,70000.0,151467.38,149824.03,149824.03,0.019309817,10.343516,8.540165,8.54015
4.2492194,0.003884156,0.004219775,70000.0,151467.39,149824.05,149824.05,0.019309817,10.343207,8.540141,8.54015
4.2492194,0.0036794443,0.0040122336,70000.0,151467.42,149824.06,149824.06,0.019309817,10.343407,8.540141,8.540151
4.2492194,0.004321203,0.004604238,70000.0,151467.4,149824.05,149824.06,0.019309817,10.343445,8.540161,8.540149
4.2492194,0.0036557375,0.0038781192,70000.0,151467.42,149824.03,149824.06,0.019309817,10.343794,8.540154,8.54015
4.2492194,0.0037729403,0.004042193,70000.0,151467.38,149824.03,149824.05,0.019309817,10.343034,8.540135,8.54015
4.2492194,0.0051720473,0.0055584037,70000.0,151467.36,149824.05,149824.08,0.019309817,10.343257,8.540151,8.540151
4.2492194,0.004378239,0.0046868115,70000.0,151467.38,149824.06,149824.06,0.019309817,10.343588,8.540149,8.540149
4.2492194,0.0035103485,0.0037164495,70000.0,151467.4,149824.08,149824.06,0.019309817,10.343969,8.540157,8.54015
4.2492194,0.003249554,0.0034278338,70000.0,151467.4,149824.06,149824.06,0.019309817,10.34309,8.540152,8.540149
4.2492194,0.0038746607,0.0041243793,70000.0,151467.39,149824.06,149824.05,0.019309817,10.343315,8.540142,8.54015
4.2492194,0.0039043562,0.004156989,70000.0,151467.36,149824.05,149824.05,0.019309817,10.343069,8.540146,8.54015
4.2492194,0.004355425,0.004666105,70000.0,151467.44,149824.05,149824.06,0.019309817,10.343524,8.540155,8.54015
4.2492194,0.0039022157,0.0041424497,70000.0,151467.44,149824.06,149824.05,0.019309817,10.343427,8.540137,8.54015
4.2492194,0.0037927749,0.004018972,70000.0,151467.38,149824.05,149824.05,0.019309817,10.343358,8.540139,8.54015
4.2492194,0.0038836384,0.0041255034,70000.0,151467.33,149824.06,149824.06,0.019309817,10.343288,8.540156,8.540151
4.2492194,0.003928199,0.004177527,70000.0,151467.36,149824.03,149824.06,0.019309817,10.343216,8.54016,8.54015
4.2492194,0.0040454958,0.00429316,70000.0,151467.44,149824.03,149824.05,0.019309817,10.343642,8.5401535,8.54015
4.2492194,0.003890385,0.0041283118,70000.0,151467.44,149824.03,149824.06,0.019309817,10.343372,8.540149,8.54015
4.2492194,0.004307023,0.004606488,70000.0,151467.4,149824.06,149824.05,0.019309817,10.343422,8.540139,8.540151
4.2492194,0.0038700358,0.004113799,70000.0,151467.34,149824.06,149824.05,0.019309817,10.343607,8.540144,8.54015
4.2492194,0.0037187324,0.0039478377,70000.0,151467.36,149824.06,149824.06,0.019309817,10.34344,8.540155,8.54015
4.2492194,0.0037610184,0.0039989986,70000.0,151467.4,149824.06,149824.06,0.019309817,10.343526,8.540136,8.54015
4.2492194,0.0037589842,0.0040020226,70000.0,151467.39,149824.06,149824.05,0.019309817,10.343425,8.540149,8.540149
4.2492194,0.003959379,0.004218886,70000.0,151467.39,149824.06,149824.06,0.019309817,10.343582,8.540152,8.54015
4.2492194,0.0040871566,0.0043783253,70000.0,151467.34,149824.06,149824.05,0.019309817,10.34315,8.540151,8.54015
4.2492194,0.004067286,0.004325456,70000.0,151467.38,149824.05,149824.06,0.019309817,10.343613,8.540154,8.540149
4.2492194,0.003948015,0.0042136703,70000.0,151467.38,149824.05,149824.08,0.019309817,10.343437,8.540144,8.54015
4.2492194,0.0041238395,0.004393149,70000.0,151467.36,149824.05,149824.05,0.019309817,10.3433895,8.540161,8.540149
4.2492194,0.0037206602,0.0039455784,70000.0,151467.31,149824.06,149824.05,0.019309817,10.3433075,8.5401535,8.54015
4.2492194,0.0038714395,0.0041130483,70000.0,151467.34,149824.06,149824.05,0.019309817,10.343058,8.540144,8.540149
4.2492194,0.0035202627,0.003737396,70000.0,151467.34,149824.05,149824.05,0.019309817,10.343308,8.540145,8.540149
4.2492194,0.003983094,0.0042389906,70000.0,151467.39,149824.06,149824.06,0.019309817,10.343474,8.5401535,8.54015
4.2492194,0.0039237575,0.0041737705,70000.0,151467.4,149824.08,149824.05,0.019309817,10.343691,8.540149,8.540149
4.2492194,0.0034908596,0.00368832,70000.0,151467.38,149824.03,149824.06,0.019309817,10.343219,8.540148,8.540149
4.2492194,0.0038581397,0.0040997686,70000.0,151467.42,149824.05,149824.05,0.019309817,10.343846,8.54016,8.54015
4.2492194,0.004123421,0.0043928414,70000.0,151467.39,149824.06,149824.08,0.019309817,10.34361,8.540134,8.54015
4.2492194,0.0035730246,0.0037815648,70000.0,151467.39,149824.05,149824.06,0.019309817,10.343738,8.54017,8.54015
4.2492194,0.0037793252,0.0040107225,70000.0,151467.34,149824.06,149824.05,0.019309817,10.342953,8.540145,8.54015
4.2492194,0.003680994,0.0039105634,70000.0,151467.4,149824.06,149824.06,0.019309817,10.343904,8.540158,8.540149
4.2492194,0.0035912055,0.0038017118,70000.0,151467.39,149824.03,149824.05,0.019309817,10.343934,8.540151,8.540149
4.2492194,0.0041622673,0.0044804467,70000.0,151467.34,149824.05,149824.06,0.019309817,10.343591,8.540153,8.540149
4.2492194,0.0042827222,0.0046124193,70000.0,151467.38,149824.03,149824.06,0.019309817,10.343036,8.540138,8.54015
4.2492194,0.0032581466,0.0034650734,70000.0,151467.33,149824.06,149824.05,0.019309817,10.343452,8.540152,8.54015
4.2492194,0.0043065897,0.004591354,70000.0,151467.33,149824.06,149824.06,0.019309817,10.343154,8.540151,8.540149
4.2492194,0.0038216885,0.0041174395,70000.0,151467.4,149824.06,149824.06,0.019309817,10.343297,8.54016,8.54015
4.2492194,0.0040245326,0.004275592,70000.0,151467.31,149824.05,149824.03,0.019309817,10.343451,8.540159,8.540149
4.2492194,0.004213131,0.00449286,70000.0,151467.42,149824.06,149824.05,0.019309817,10.343256,8.540141,8.54015
4.2492194,0.0037057593,0.003913878,70000.0,151467.39,149824.05,149824.05,0.019309817,10.343639,8.540163,8.54015
4.2492194,0.004081994,0.004343969,70000.0,151467.33,149824.06,149824.1,0.019309817,10.343293,8.540151,8.54015
4.2492194,0.0043510143,0.0046631303,70000.0,151467.39,149824.06,149824.06,0.019309817,10.343586,8.5401535,8.54015
4.2492194,0.0040328857,0.004301748,70000.0,151467.36,149824.05,149824.03,0.019309817,10.343111,8.540153,8.54015
4.2492194,0.0039674966,0.0042139003,70000.0,151467.34,149824.05,149824.05,0.019309817,10.343298,8.54014,8.54015
4.2492194,0.0041134474,0.004415153,70000.0,151467.39,149824.05,149824.03,0.019309817,10.343311,8.540142,8.540151
4.2492194,0.003965076,0.0042218342,70000.0,151467.4,149824.06,149824.06,0.019309817,10.343148,8.5401535,8.540151
4.2492194,0.003838429,0.004093487,70000.0,151467.4,149824.05,149824.08,0.019309817,10.343439,8.540139,8.54015
4.2492194,0.003820496,0.004049889,70000.0,151467.38,149824.05,149824.08,0.019309817,10.343257,8.540134,8.540149
4.2492194,0.0038569567,0.0040933276,70000.0,151467.39,149824.05,149824.02,0.019309817,10.34345,8.540153,8.540149
4.2492194,0.0040441477,0.0043465067,70000.0,151467.39,149824.05,149824.06,0.019309817,10.343461,8.540159,8.54015
4.2492194,0.0036993925,0.003926782,70000.0,151467.44,149824.08,149824.08,0.019309817,10.343509,8.540163,8.540151
4.2492194,0.004399805,0.004704462,70000.0,151467.38,149824.08,149824.06,0.019309817,10.343318,8.540159,8.540149
4.2492194,0.004008766,0.0042802077,70000.0,151467.3,149824.05,149824.06,0.019309817,10.343093,8.540157,8.54015
4.2492194,0.004225941,0.004534172,70000.0,151467.39,149824.06,149824.05,0.019309817,10.343335,8.540143,8.54015
4.2492194,0.003881076,0.004136401,70000.0,151467.38,149824.03,149824.05,0.019309817,10.343343,8.540157,8.54015
4.2492194,0.0038501553,0.004082492,70000.0,151467.44,149824.05,149824.06,0.019309817,10.343744,8.540152,8.54015
4.2492194,0.0041160653,0.0043896167,70000.0,151467.36,149824.06,149824.06,0.019309817,10.343234,8.540149,8.54015
4.2492194,0.003386046,0.003567233,70000.0,151467.38,149824.06,149824.05,0.019309817,10.343461,8.540138,8.540149
4.2492194,0.003959245,0.0042365165,70000.0,151467.33,149824.03,149824.05,0.019309817,10.343486,8.540159,8.540151
4.2492194,0.003760882,0.00403561,70000.0,151467.42,149824.06,149824.05,0.019309817,10.343381,8.540169,8.540149
4.2492194,0.0043148394,0.004627688,70000.0,151467.36,149824.06,149824.05,0.019309817,10.343315,8.540135,8.540149
4.2492194,0.003410737,0.0035963084,70000.0,151467.33,149824.06,149824.05,0.019309817,10.343111,8.540158,8.540149
4.2492194,0.0040201317,0.0042901216,70000.0,151467.36,149824.05,149824.05,0.019309817,10.343185,8.540153,8.54015
4.2492194,0.004403588,0.004748724,70000.0,151467.39,149824.03,149824.05,0.019309817,10.343608,8.54016,8.54015
4.2492194,0.0038612399,0.0041314242,70000.0,151467.33,149824.05,149824.06,0.019309817,10.34351,8.540154,8.54015
4.2492194,0.0033304575,0.003517966,70000.0,151467.33,149824.05,149824.05,0.019309817,10.343307,8.540142,8.540149
4.2492194,0.0042204564,0.004524439,70000.0,151467.39,149824.05,149824.06,0.019309817,10.343292,8.540149,8.54015
4.2492194,0.003943263,0.0042040576,70000.0,151467.38,149824.06,149824.05,0.019309817,10.343449,8.540163,8.54015
4.2492194,0.0043261605,0.004633413,70000.0,151467.38,149824.06,149824.05,0.019309817,10.34333,8.54016,8.54015
4.2492194,0.0041506696,0.0044413162,70000.0,151467.31,149824.03,149824.06,0.019309817,10.343012,8.540151,8.54015
4.2492194,0.0035926627,0.0038013943,70000.0,151467.4,149824.06,149824.06,0.019309817,10.343559,8.5401325,8.54015
4.2492194,0.0034277812,0.003626686,70000.0,151467.4,149824.06,149824.06,0.019309817,10.343208,8.54016,8.54015
4.2492194,0.0038772272,0.004115576,70000.0,151467.42,149824.06,149824.06,0.019309817,10.343823,8.540149,8.54015
4.2492194,0.0038887053,0.004132392,70000.0,151467.44,149824.05,149824.03,0.019309817,10.343609,8.540148,8.54015
4.2492194,0.0042272303,0.0045179524,70000.0,151467.31,149824.05,149824.05,0.019309817,10.343147,8.540137,8.54015
4.2492194,0.004164111,0.004475406,70000.0,151467.33,149824.06,149824.05,0.019309817,10.343507,8.540153,8.54015
4.2492194,0.003351851,0.003590355,70000.0,151467.38,149824.06,149824.05,0.019309817,10.343247,8.540167,8.54015
4.2492194,0.0037595471,0.003992586,70000.0,151467.4,149824.03,149824.05,0.019309817,10.343429,8.540132,8.540149
4.2492194,0.00425934,0.004557881,70000.0,151467.38,149824.03,149824.06,0.019309817,10.343364,8.540129,8.540148
4.2492194,0.0046026167,0.0049699033,70000.0,151467.4,149824.05,149824.06,0.019309817,10.343847,8.540161,8.54015
4.2492194,0.0046763085,0.0050433595,70000.0,151467.38,149824.06,149824.03,0.019309817,10.343374,8.540145,8.54015
4.2492194,0.00440807,0.0047339974,70000.0,151467.4,149824.05,149824.06,0.019309817,10.343425,8.540137,8.540149
4.2492194,0.0038758852,0.0041381824,70000.0,151467.4,149824.03,149824.06,0.019309817,10.343282,8.540152,8.540149
4.2492194,0.0037731596,0.0040113563,70000.0,151467.36,149824.03,149824.05,0.019309817,10.34296,8.540136,8.540149
4.2492194,0.0042574806,0.0045550046,70000.0,151467.38,149824.05,149824.05,0.019309817,10.343183,8.540134,8.540149
4.2492194,0.004127825,0.004410912,70000.0,151467.42,149824.06,149824.08,0.019309817,10.344077,8.540147,8.540151
4.2492194,0.0038433243,0.0040843245,70000.0,151467.34,149824.06,149824.05,0.019309817,10.34326,8.540148,8.54015
4.2492194,0.0045096967,0.0048357365,70000.0,151467.36,149824.03,149824.05,0.019309817,10.343436,8.540147,8.54015
4.2492194,0.004295222,0.0046132193,70000.0,151467.4,149824.06,149824.06,0.019309817,10.343671,8.54015,8.54015
4.2492194,0.0046263933,0.0049771387,70000.0,151467.38,149824.05,149824.03,0.019309817,10.343471,8.540157,8.540151
4.2492194,0.00394266,0.0042156167,70000.0,151467.3,149824.05,149824.08,0.019309817,10.343105,8.540156,8.54015
4.2492194,0.0036639227,0.00388236,70000.0,151467.33,149824.05,149824.06,0.019309817,10.343264,8.540168,8.540149
4.2492194,0.0030763785,0.003235986,70000.0,151467.38,149824.06,149824.05,0.019309817,10.343675,8.540157,8.54015
4.2492194,0.003649822,0.003882117,70000.0,151467.34,149824.06,149824.03,0.019309817,10.3438015,8.540163,8.54015
4.2492194,0.0039724153,0.0042404016,70000.0,151467.36,149824.05,149824.06,0.019309817,10.343398,8.540143,8.54015
4.2492194,0.0035444435,0.0037459722,70000.0,151467.38,149824.06,149824.05,0.019309817,10.343164,8.540135,8.54015
4.2492194,0.004033824,0.0043080915,70000.0,151467.36,149824.06,149824.05,0.019309817,10.3430805,8.540161,8.54015
4.2492194,0.0031421871,0.0033564854,70000.0,151467.39,149824.06,149824.06,0.019309817,10.343195,8.540166,8.54015
4.2492194,0.0033908258,0.0036537363,70000.0,151467.36,149824.06,149824.08,0.019309817,10.343328,8.540159,8.54015
4.2492194,0.0040906197,0.0043788436,70000.0,151467.38,149824.05,149824.05,0.019309817,10.343381,8.540158,8.54015
4.2492194,0.0040193633,0.004299309,70000.0,151467.33,149824.06,149824.06,0.019309817,10.343366,8.540155,8.54015
4.2492194,0.0043115215,0.00461022,70000.0,151467.42,149824.08,149824.06,0.019309817,10.343455,8.540157,8.540151
4.2492194,0.0041618715,0.004447205,70000.0,151467.38,149824.06,149824.06,0.019309817,10.343171,8.540141,8.54015
4.2492194,0.003957012,0.0042107264,70000.0,151467.44,149824.06,149824.08,0.019309817,10.343621,8.54013,8.54015
4.2492194,0.003608027,0.0038298413,70000.0,151467.38,149824.05,149824.06,0.019309817,10.3434515,8.540163,8.54015
4.2492194,0.003919419,0.0042029466,70000.0,151467.38,149824.06,149824.06,0.019309817,10.343501,8.54015,8.540149
4.2492194,0.0045546875,0.004892418,70000.0,151467.39,149824.06,149824.08,0.019309817,10.34347,8.540151,8.54015
4.2492194,0.0041522705,0.004436119,70000.0,151467.39,149824.05,149824.06,0.019309817,10.343412,8.540143,8.540149
4.2492194,0.0032978982,0.0034908752,70000.0,151467.36,149824.06,149824.05,0.019309817,10.343622,8.5401535,8.54015
4.2492194,0.0041959956,0.0044777663,70000.0,151467.38,149824.05,149824.06,0.019309817,10.34338,8.54014,8.540152
4.2492194,0.0037309227,0.0039601526,70000.0,151467.4,149824.06,149824.06,0.019309817,10.34366,8.540138,8.54015
4.2492194,0.0034270484,0.003616432,70000.0,151467.34,149824.05,149824.05,0.019309817,10.343293,8.540147,8.54015
4.2492194,0.0037598792,0.004005634,70000.0,151467.36,149824.06,149824.05,0.019309817,10.343134,8.540149,8.540149
4.2492194,0.004236409,0.0045394967,70000.0,151467.4,149824.05,149824.08,0.019309817,10.34346,8.54015,8.54015
4.2492194,0.0037313346,0.0039810287,70000.0,151467.45,149824.06,149824.06,0.019309817,10.343513,8.540143,8.54015
4.2492194,0.0034485802,0.0037248612,70000.0,151467.38,149824.1,149824.06,0.019309817,10.343252,8.540136,8.54015
4.2492194,0.003948107,0.0042196824,70000.0,151467.4,149824.06,149824.05,0.019309817,10.343442,8.540157,8.540149
4.2492194,0.004045334,0.0043163714,70000.0,151467.33,149824.06,149824.06,0.019309817,10.343357,8.540148,8.540151
4.2492194,0.0038431662,0.004104513,70000.0,151467.4,149824.03,149824.06,0.019309817,10.343643,8.540155,8.54015
4.2492194,0.004359919,0.0046960204,70000.0,151467.34,149824.05,149824.06,0.019309817,10.34325,8.540151,8.54015
4.2492194,0.003399518,0.0035914509,70000.0,151467.36,149824.05,149824.08,0.019309817,10.3432665,8.540148,8.54015
4.2492194,0.0042485762,0.0045499164,70000.0,151467.38,149824.05,149824.05,0.019309817,10.343745,8.540145,8.54015
4.2492194,0.0036448094,0.0038692502,70000.0,151467.34,149824.08,149824.05,0.019309817,10.343345,8.540154,8.54015
4.2492194,0.0039064977,0.004153117,70000.0,151467.34,149824.06,149824.06,0.019309817,10.34327,8.540146,8.54015
4.2492194,0.0041398327,0.0044525443,70000.0,151467.36,149824.06,149824.05,0.019309817,10.343429,8.540143,8.540149
4.2492194,0.0040150504,0.0042938436,70000.0,151467.36,149824.03,149824.05,0.019309817,10.343779,8.540145,8.540149
4.2492194,0.0038895798,0.0041381693,70000.0,151467.36,149824.05,149824.05,0.019309817,10.343298,8.540153,8.54015
4.2492194,0.004229176,0.0045020534,70000.0,151467.38,149824.05,149824.06,0.019309817,10.343539,8.540164,8.540151
4.2492194,0.004514307,0.0048179044,70000.0,151467.38,149824.03,149824.06,0.019309817,10.343335,8.540146,8.54015
4.2492194,0.0042803762,0.004555242,70000.0,151467.38,149824.06,149824.03,0.019309817,10.343307,8.540134,8.54015
4.2492194,0.004677765,0.005016415,70000.0,151467.34,149824.06,149824.05,0.019309817,10.343413,8.540143,8.54015
4.2492194,0.0040380335,0.004293124,70000.0,151467.34,149824.06,149824.06,0.019309817,10.343025,8.540158,8.54015
4.2492194,0.00416916,0.004434159,70000.0,151467.38,149824.03,149824.05,0.019309817,10.34333,8.540142,8.540149
4.2492194,0.004484855,0.0048169475,70000.0,151467.39,149824.05,149824.06,0.019309817,10.34365,8.540156,8.54015
4.2492194,0.003786582,0.0040296833,70000.0,151467.38,149824.05,149824.05,0.019309817,10.343518,8.540147,8.54015
4.2492194,0.0043219975,0.0046120672,70000.0,151467.34,149824.03,149824.05,0.019309817,10.343189,8.540144,8.54015
4.2492194,0.0038420267,0.004107104,70000.0,151467.36,149824.05,149824.06,0.019309817,10.343518,8.540138,8.54015
4.2492194,0.0041913283,0.0045206947,70000.0,151467.34,149824.03,149824.06,0.019309817,10.343482,8.540145,8.540149
4.2492194,0.003932273,0.004208424,70000.0,151467.36,149824.06,149824.08,0.019309817,10.343203,8.540139,8.540149
4.2492194,0.0047602,0.0051272823,70000.0,151467.42,149824.1,149824.06,0.019309817,10.343637,8.54015,8.54015
4.2492194,0.0036485903,0.0038494358,70000.0,151467.33,149824.06,149824.1,0.019309817,10.343488,8.540155,8.54015
4.2492194,0.003702948,0.0039230813,70000.0,151467.39,149824.08,149824.05,0.019309817,10.343502,8.540137,8.540149
4.2492194,0.0042986847,0.004583832,70000.0,151467.33,149824.05,149824.06,0.019309817,10.343363,8.540156,8.54015
4.2492194,0.0035976572,0.0038173776,70000.0,151467.34,149824.06,149824.05,0.019309817,10.3431835,8.540163,8.540149
4.2492194,0.004027571,0.0042981724,70000.0,151467.3,149824.05,149824.1,0.019309817,10.343155,8.540152,8.540151
4.2492194,0.0038574238,0.0040893736,70000.0,151467.36,149824.05,149824.05,0.019309817,10.343193,8.540171,8.540151
4.2492194,0.0040997523,0.00436968,70000.0,151467.36,149824.06,149824.06,0.019309817,10.343518,8.540165,8.540148
4.2492194,0.003858364,0.004100577,70000.0,151467.31,149824.06,149824.05,0.019309817,10.342765,8.540149,8.54015
4.2492194,0.003880689,0.0041220514,70000.0,151467.38,149824.05,149824.05,0.019309817,10.343744,8.540157,8.54015
4.2492194,0.003929523,0.00416465,70000.0,151467.38,149824.05,149824.05,0.019309817,10.34335,8.540144,8.540149
4.2492194,0.0033973241,0.0035928064,70000.0,151467.42,149824.05,149824.05,0.019309817,10.343506,8.540147,8.54015
4.2492194,0.0040392685,0.0043128147,70000.0,151467.4,149824.06,149824.05,0.019309817,10.343361,8.540153,8.540151
4.2492194,0.0036629585,0.003878847,70000.0,151467.33,149824.03,149824.06,0.019309817,10.3432255,8.540156,8.540149
4.2492194,0.0033901583,0.0035804703,70000.0,151467.44,149824.05,149824.05,0.019309817,10.343439,8.540153,8.54015
4.2492194,0.0032037997,0.0033795175,70000.0,151467.33,149824.03,149824.05,0.019309817,10.343335,8.540154,8.54015
4.2492194,0.0041917926,0.0044824025,70000.0,151467.39,149824.05,149824.06,0.019309817,10.343591,8.540151,8.54015
4.2492194,0.0034902785,0.003681292,70000.0,151467.34,149824.06,149824.06,0.019309817,10.343097,8.540163,8.540149
4.2492194,0.003827746,0.004065202,70000.0,151467.39,149824.06,149824.05,0.019309817,10.34337,8.540134,8.54015
4.2492194,0.0046709874,0.0050534643,70000.0,151467.38,149824.05,149824.05,0.019309817,10.343426,8.540148,8.54015
4.2492194,0.0048580724,0.005252067,70000.0,151467.33,149824.06,149824.06,0.019309817,10.343419,8.540154,8.540151
4.2492194,0.0040856786,0.0043404843,70000.0,151467.4,149824.06,149824.05,0.019309817,10.3438015,8.540165,8.54015
4.2492194,0.0035136715,0.0037233047,70000.0,151467.36,149824.05,149824.05,0.019309817,10.343051,8.540153,8.540149
4.2492194,0.0032919138,0.003544633,70000.0,151467.42,149824.06,149824.05,0.019309817,10.3435545,8.540149,8.54015
4.2492194,0.003774898,0.0040255208,70000.0,151467.31,149824.08,149824.05,0.019309817,10.343078,8.540156,8.54015
4.2492194,0.003701306,0.0039189765,70000.0,151467.39,149824.05,149824.06,0.019309817,10.343809,8.540151,8.54015
4.2492194,0.0039997827,0.0042644837,70000.0,151467.38,149824.06,149824.05,0.019309817,10.34357,8.540163,8.540151
4.2492194,0.004791311,0.00512198,70000.0,151467.4,149824.06,149824.06,0.019309817,10.343821,8.540163,8.540149
4.2492194,0.0040221857,0.004275701,70000.0,151467.39,149824.05,149824.06,0.019309817,10.343521,8.540151,8.540149
4.2492194,0.0039515123,0.004198509,70000.0,151467.34,149824.06,149824.05,0.019309817,10.3435545,8.54014,8.540149
4.2492194,0.003634313,0.00384687,70000.0,151467.34,149824.06,149824.05,0.019309817,10.343116,8.540162,8.54015
4.2492194,0.0034251527,0.0036193857,70000.0,151467.33,149824.05,149824.05,0.019309817,10.343189,8.540172,8.54015
4.2492194,0.003564495,0.0037671053,70000.0,151467.36,149824.05,149824.03,0.019309817,10.343281,8.540135,8.540149
4.2492194,0.004505667,0.004848398,70000.0,151467.34,149824.05,149824.06,0.019309817,10.343262,8.540145,8.54015
4.2492194,0.0041047605,0.0044081686,70000.0,151467.36,149824.06,149824.06,0.019309817,10.343488,8.54016,8.54015
4.2492194,0.0038875605,0.0041490486,70000.0,151467.39,149824.08,149824.08,0.019309817,10.343458,8.540157,8.540149
4.2492194,0.0040359497,0.0043103285,70000.0,151467.39,149824.03,149824.05,0.019309817,10.342973,8.540144,8.540149
4.2492194,0.0044517927,0.0047558667,70000.0,151467.38,149824.06,149824.05,0.019309817,10.343626,8.540166,8.540149
4.2492194,0.0043694302,0.004687979,70000.0,151467.34,149824.06,149824.03,0.019309817,10.343193,8.540135,8.54015
4.2492194,0.004532388,0.004869575,70000.0,151467.42,149824.06,149824.05,0.019309817,10.34342,8.540152,8.540151
4.2492194,0.0037850619,0.004025695,70000.0,151467.39,149824.06,149824.08,0.019309817,10.343352,8.540148,8.54015
4.2492194,0.004050058,0.00431967,70000.0,151467.36,149824.05,149824.05,0.019309817,10.343435,8.540153,8.54015
4.2492194,0.0042780214,0.0045626,70000.0,151467.42,149824.08,149824.05,0.019309817,10.34384,8.540143,8.540149
4.2492194,0.0042607957,0.004548182,70000.0,151467.34,149824.05,149824.06,0.019309817,10.343206,8.540138,8.54015
4.2492194,0.0042159525,0.004496266,70000.0,151467.39,149824.06,149824.06,0.019309817,10.343341,8.5401535,8.540149
4.2492194,0.00460707,0.0049276412,70000.0,151467.39,149824.05,149824.05,0.019309817,10.343212,8.540152,8.540151
4.2492194,0.0038385587,0.0040879636,70000.0,151467.39,149824.06,149824.06,0.019309817,10.34332,8.540147,8.54015
4.2492194,0.003363308,0.0035470289,70000.0,151467.39,149824.05,149824.05,0.019309817,10.343891,8.540156,8.540149
4.2492194,0.003997561,0.00426769,70000.0,151467.42,149824.05,149824.05,0.019309817,10.343846,8.54015,8.54015
4.2492194,0.0035528843,0.0037591194,70000.0,151467.36,149824.05,149824.06,0.019309817,10.343206,8.540146,8.540151
4.2492194,0.0035486396,0.0037625297,70000.0,151467.34,149824.08,149824.05,0.019309817,10.343529,8.540168,8.54015
4.2492194,0.0039334698,0.0042005116,70000.0,151467.38,149824.06,149824.06,0.019309817,10.343278,8.540141,8.54015
4.2492194,0.003557562,0.0037559357,70000.0,151467.38,149824.08,149824.05,0.019309817,10.343527,8.540154,8.540151
4.2492194,0.0041947556,0.0044870637,70000.0,151467.39,149824.08,149824.06,0.019309817,10.343497,8.540138,8.54015
4.2492194,0.0041337437,0.0044100527,70000.0,151467.38,149824.05,149824.08,0.019309817,10.343872,8.54015,8.540151
4.2492194,0.004189779,0.004476419,70000.0,151467.33,149824.05,149824.05,0.019309817,10.342828,8.540159,8.540149
4.2492194,0.0039146785,0.004203646,70000.0,151467.42,149824.05,149824.05,0.019309817,10.343333,8.540151,8.540149
4.2492194,0.0038257705,0.004102166,70000.0,151467.31,149824.03,149824.06,0.019309817,10.343371,8.540154,8.54015
4.2492194,0.003774279,0.0040514013,70000.0,151467.44,149824.06,149824.06,0.019309817,10.343659,8.54015,8.540149
4.2492194,0.004488804,0.004822522,70000.0,151467.3,149824.06,149824.08,0.019309817,10.343005,8.540155,8.540149
4.2492194,0.004063277,0.0043446603,70000.0,151467.44,149824.06,149824.06,0.019309817,10.343585,8.540154,8.540149
4.2492194,0.0038894273,0.0041437475,70000.0,151467.4,149824.06,149824.06,0.019309817,10.343576,8.540146,8.540151
4.2492194,0.003907812,0.0041508777,70000.0,151467.39,149824.05,149824.05,0.019309817,10.343483,8.540151,8.54015
4.2492194,0.0038151476,0.0040637525,70000.0,151467.36,149824.08,149824.05,0.019309817,10.34355,8.5401535,8.540149
4.2492194,0.0040357416,0.004375895,70000.0,151467.39,149824.06,149824.06,0.019309817,10.343568,8.540149,8.54015
4.2492194,0.0036492457,0.003882015,70000.0,151467.33,149824.06,149824.05,0.019309817,10.343124,8.540151,8.540149
4.2492194,0.0038091347,0.0040589776,70000.0,151467.45,149824.06,149824.05,0.019309817,10.343223,8.540154,8.540149
4.2492194,0.0039519384,0.004219819,70000.0,151467.36,149824.06,149824.05,0.019309817,10.343287,8.540158,8.540149
4.2492194,0.0043620104,0.0046667336,70000.0,151467.38,149824.06,149824.06,0.019309817,10.343784,8.540156,8.54015
4.2492194,0.004115032,0.004408159,70000.0,151467.34,149824.06,149824.03,0.019309817,10.343075,8.540153,8.540149
4.2492194,0.0042164125,0.0045207,70000.0,151467.45,149824.03,149824.06,0.019309817,10.343659,8.540151,8.54015
4.2492194,0.0040442436,0.0043211146,70000.0,151467.4,149824.05,149824.08,0.019309817,10.343524,8.5401535,8.540151
4.2492194,0.004374789,0.0046878164,70000.0,151467.3,149824.05,149824.06,0.019309817,10.343153,8.540152,8.54015
4.2492194,0.0035553472,0.003758477,70000.0,151467.39,149824.08,149824.05,0.019309817,10.343174,8.540152,8.540149
4.2492194,0.004243616,0.0045349826,70000.0,151467.39,149824.05,149824.05,0.019309817,10.343313,8.540142,8.54015
4.2492194,0.003997655,0.0042598103,70000.0,151467.39,149824.06,149824.05,0.019309817,10.343461,8.540147,8.54015
4.2492194,0.0043616076,0.0046482715,70000.0,151467.42,149824.06,149824.05,0.019309817,10.343687,8.540153,8.540149
4.2492194,0.003911217,0.0041693877,70000.0,151467.38,149824.06,149824.05,0.019309817,10.343298,8.540154,8.54015
4.2492194,0.003689075,0.003942585,70000.0,151467.38,149824.05,149824.08,0.019309817,10.3436365,8.540139,8.540151
4.2492194,0.004169478,0.004460404,70000.0,151467.39,149824.06,149824.05,0.019309817,10.343735,8.540148,8.54015
4.2492194,0.0041730893,0.0044525075,70000.0,151467.38,149824.05,149824.06,0.019309817,10.343298,8.54016,8.540149
4.2492194,0.004245474,0.004529495,70000.0,151467.4,149824.06,149824.03,0.019309817,10.343497,8.540139,8.540149
4.2492194,0.004421566,0.00473052,70000.0,151467.4,149824.06,149824.05,0.019309817,10.34364,8.540149,8.540149
4.2492194,0.0038751434,0.0041178777,70000.0,151467.33,149824.06,149824.06,0.019309817,10.3431425,8.540149,8.540149
4.2492194,0.004285769,0.0045809345,70000.0,151467.39,149824.06,149824.06,0.019309817,10.34313,8.540146,8.540151
4.2492194,0.0043162135,0.0046095112,70000.0,151467.36,149824.05,149824.05,0.019309817,10.343251,8.540151,8.540149
4.2492194,0.0041075684,0.0043815505,70000.0,151467.4,149824.05,149824.06,0.019309817,10.343212,8.54016,8.540151
4.2492194,0.0042109075,0.004476654,70000.0,151467.38,149824.05,149824.06,0.019309817,10.343026,8.54016,8.54015
4.2492194,0.0043437365,0.0046584317,70000.0,151467.33,149824.05,149824.05,0.019309817,10.343089,8.540147,8.54015
4.2492194,0.00347263,0.0036845678,70000.0,151467.33,149824.06,149824.06,0.019309817,10.343295,8.540149,8.540149
4.2492194,0.004394725,0.0047082365,70000.0,151467.42,149824.08,149824.08,0.019309817,10.343337,8.540152,8.54015
4.2492194,0.0041228887,0.004399782,70000.0,151467.4,149824.06,149824.05,0.019309817,10.343307,8.540142,8.540149
4.2492194,0.004039626,0.004317343,70000.0,151467.36,149824.08,149824.08,0.019309817,10.343105,8.540145,8.54015
4.2492194,0.0041065025,0.0043959212,70000.0,151467.39,149824.06,149824.05,0.019309817,10.343242,8.54016,8.540149
4.2492194,0.0037503857,0.0039768214,70000.0,151467.39,149824.06,149824.05,0.019309817,10.3436985,8.540145,8.540149
4.2492194,0.0039516166,0.0042129313,70000.0,151467.33,149824.06,149824.06,0.019309817,10.343121,8.540147,8.54015
4.2492194,0.0036915415,0.003974545,70000.0,151467.38,149824.05,149824.08,0.019309817,10.343454,8.540145,8.54015
4.2492194,0.0034412856,0.003652538,70000.0,151467.4,149824.05,149824.06,0.019309817,10.3435545,8.540149,8.540151
4.2492194,0.004037766,0.0043417653,70000.0,151467.33,149824.06,149824.05,0.019309817,10.343163,8.540142,8.54015
4.2492194,0.0042922394,0.004626814,70000.0,151467.36,149824.05,149824.05,0.019309817,10.343471,8.540142,8.54015
4.2492194,0.0034863946,0.0036886,70000.0,151467.44,149824.06,149824.06,0.019309817,10.343429,8.540144,8.54015
4.2492194,0.003265836,0.0034431212,70000.0,151467.33,149824.05,149824.06,0.019309817,10.343558,8.540147,8.54015
4.2492194,0.0037448537,0.003970003,70000.0,151467.34,149824.06,149824.06,0.019309817,10.343503,8.540147,8.54015
4.2492194,0.0040485514,0.004342965,70000.0,151467.39,149824.06,149824.05,0.019309817,10.343246,8.540158,8.54015
4.2492194,0.0062762457,0.0067357784,70000.0,151467.34,149824.05,149824.06,0.019309817,10.343409,8.540147,8.54015
4.2492194,0.0046331664,0.0050399727,70000.0,151467.39,149824.05,149824.06,0.019309817,10.343521,8.540144,8.540151
4.2492194,0.003642739,0.0038686818,70000.0,151467.38,149824.06,149824.05,0.019309817,10.343376,8.540141,8.540151
4.2492194,0.004056938,0.0043284246,70000.0,151467.4,149824.08,149824.05,0.019309817,10.343433,8.540142,8.54015
4.2492194,0.0033984724,0.0035936518,70000.0,151467.4,149824.05,149824.06,0.019309817,10.343345,8.540153,8.540149
4.2492194,0.0033222388,0.0035087767,70000.0,151467.4,149824.06,149824.08,0.019309817,10.343192,8.540141,8.540149
4.2492194,0.0035084526,0.0037290053,70000.0,151467.38,149824.06,149824.05,0.019309817,10.343364,8.540146,8.54015
4.2492194,0.0034826398,0.0036975536,70000.0,151467.34,149824.06,149824.06,0.019309817,10.343289,8.540165,8.54015
4.2492194,0.0033458227,0.0035357948,70000.0,151467.4,149824.06,149824.05,0.019309817,10.343526,8.540128,8.540149
4.2492194,0.004230051,0.004514969,70000.0,151467.36,149824.05,149824.06,0.019309817,10.343256,8.540159,8.54015
4.2492194,0.0039813607,0.0042338534,70000.0,151467.4,149824.08,149824.08,0.019309817,10.343294,8.540139,8.540152
4.2492194,0.0037638315,0.004005255,70000.0,151467.34,149824.06,149824.06,0.019309817,10.343484,8.540152,8.54015
4.2492194,0.0032962665,0.003484978,70000.0,151467.38,149824.06,149824.06,0.019309817,10.343714,8.540153,8.540149
4.2492194,0.003452559,0.003662661,70000.0,151467.42,149824.05,149824.06,0.019309817,10.343379,8.540153,8.540151
4.2492194,0.0040490553,0.0043133493,70000.0,151467.34,149824.06,149824.05,0.019309817,10.343397,8.540153,8.540148
4.2492194,0.003822036,0.0040688915,70000.0,151467.38,149824.06,149824.03,0.019309817,10.343627,8.540158,8.54015
4.2492194,0.0038548913,0.004112284,70000.0,151467.36,149824.05,149824.05,0.019309817,10.343453,8.540162,8.54015
4.2492194,0.0038129801,0.0040841824,70000.0,151467.36,149824.05,149824.06,0.019309817,10.343153,8.540144,8.54015
4.2492194,0.004931744,0.0052865124,70000.0,151467.3,149824.03,149824.05,0.019309817,10.343442,8.540155,8.54015
4.2492194,0.003892139,0.004141322,70000.0,151467.38,149824.05,149824.08,0.019309817,10.343223,8.540149,8.540151
4.2492194,0.0036886719,0.0039254655,70000.0,151467.39,149824.06,149824.06,0.019309817,10.343348,8.540157,8.54015
4.2492194,0.0033351048,0.003530679,70000.0,151467.34,149824.05,149824.1,0.019309817,10.343242,8.540146,8.54015
4.2492194,0.0038205322,0.004083,70000.0,151467.4,149824.06,149824.08,0.019309817,10.343474,8.540153,8.54015
4.2492194,0.0035517546,0.0037664964,70000.0,151467.34,149824.06,149824.05,0.019309817,10.343236,8.540161,8.54015
4.2492194,0.0036843405,0.0039277417,70000.0,151467.38,149824.05,149824.05,0.019309817,10.343452,8.540147,8.54015
4.2492194,0.0039472226,0.0042179963,70000.0,151467.38,149824.06,149824.05,0.019309817,10.343648,8.540158,8.54015
4.2492194,0.0036537691,0.003876956,70000.0,151467.36,149824.05,149824.05,0.019309817,10.343493,8.540157,8.540149
4.2492194,0.004079416,0.004351431,70000.0,151467.34,149824.06,149824.05,0.019309817,10.343304,8.5401535,8.540149
4.2492194,0.0038987969,0.0041657034,70000.0,151467.38,149824.06,149824.05,0.019309817,10.343162,8.540147,8.54015
4.2492194,0.0045041614,0.0048216507,70000.0,151467.39,149824.05,149824.05,0.019309817,10.343238,8.540146,8.540149
4.2492194,0.004476927,0.004827167,70000.0,151467.38,149824.06,149824.08,0.019309817,10.343645,8.540152,8.54015
4.2492194,0.0038833546,0.0041381265,70000.0,151467.39,149824.06,149824.05,0.019309817,10.3433075,8.54015,8.54015
4.2492194,0.004099942,0.0043732473,70000.0,151467.44,149824.03,149824.05,0.019309817,10.343321,8.54015,8.54015
4.2492194,0.003976909,0.0042448267,70000.0,151467.44,149824.06,149824.06,0.019309817,10.343528,8.540144,8.540149
4.2492194,0.0042295856,0.0045228475,70000.0,151467.4,149824.03,149824.05,0.019309817,10.343376,8.54015,8.540151
4.2492194,0.004580734,0.0049172603,70000.0,151467.4,149824.06,149824.06,0.019309817,10.343562,8.540152,8.540151
4.2492194,0.0041065845,0.0043911794,70000.0,151467.42,149824.05,149824.06,0.019309817,10.343273,8.540147,8.540149
4.2492194,0.003985982,0.0042398833,70000.0,151467.38,149824.05,149824.06,0.019309817,10.3433895,8.540144,8.54015
4.2492194,0.0043330346,0.0046222256,70000.0,151467.4,149824.06,149824.05,0.019309817,10.343594,8.540144,8.54015
4.2492194,0.0039444175,0.0042757345,70000.0,151467.38,149824.05,149824.06,0.019309817,10.3436165,8.540152,8.54015
4.2492194,0.0040237163,0.0043223123,70000.0,151467.44,149824.05,149824.06,0.019309817,10.343607,8.54015,8.54015
4.2492194,0.003943245,0.004213497,70000.0,151467.4,149824.05,149824.05,0.019309817,10.3432255,8.540142,8.54015
4.2492194,0.0040886924,0.0044111377,70000.0,151467.42,149824.06,149824.05,0.019309817,10.343482,8.540146,8.54015
4.2492194,0.004163632,0.0044058547,70000.0,151467.4,149824.06,149824.06,0.019309817,10.34356,8.540142,8.54015
4.2492194,0.00372719,0.003989832,70000.0,151467.38,149824.05,149824.05,0.019309817,10.343149,8.540156,8.540149
4.2492194,0.0037904403,0.004078504,70000.0,151467.38,149824.05,149824.06,0.019309817,10.343294,8.540149,8.540149
4.2492194,0.004074499,0.00438196,70000.0,151467.36,149824.05,149824.06,0.019309817,10.343209,8.540162,8.540151
4.2492194,0.004438815,0.0047953594,70000.0,151467.34,149824.06,149824.05,0.019309817,10.3429365,8.540149,8.540151
4.2492194,0.0040646126,0.004338162,70000.0,151467.39,149824.05,149824.06,0.019309817,10.343923,8.540154,8.54015
4.2492194,0.0033177356,0.0035168733,70000.0,151467.36,149824.05,149824.05,0.019309817,10.343116,8.540142,8.54015
4.2492194,0.003858074,0.0041172095,70000.0,151467.36,149824.06,149824.05,0.019309817,10.343342,8.540152,8.54015
4.2492194,0.0034477215,0.00366178,70000.0,151467.39,149824.05,149824.05,0.019309817,10.34358,8.540143,8.54015
4.2492194,0.00406179,0.004346388,70000.0,151467.36,149824.03,149824.03,0.019309817,10.3433695,8.540142,8.54015
4.2492194,0.0038792123,0.0041396664,70000.0,151467.38,149824.06,149824.1,0.019309817,10.343407,8.540141,8.540151
4.2492194,0.0038259423,0.0040721474,70000.0,151467.36,149824.05,149824.06,0.019309817,10.3434305,8.540157,8.540151
4.2492194,0.0036692682,0.0038953654,70000.0,151467.39,149824.05,149824.06,0.019309817,10.343309,8.540153,8.54015
4.2492194,0.0037019106,0.0039384593,70000.0,151467.39,149824.05,149824.06,0.019309817,10.343736,8.540152,8.54015
4.2492194,0.0040166005,0.0042839902,70000.0,151467.33,149824.06,149824.05,0.019309817,10.342998,8.540158,8.540151
4.2492194,0.0037277495,0.003961681,70000.0,151467.38,149824.06,149824.03,0.019309817,10.343435,8.540159,8.54015
4.2492194,0.0038216524,0.0040855287,70000.0,151467.4,149824.05,149824.05,0.019309817,10.343839,8.540155,8.54015
4.2492194,0.0038425792,0.0040978254,70000.0,151467.4,149824.06,149824.05,0.019309817,10.343424,8.540152,8.54015
4.2492194,0.0050836625,0.005509315,70000.0,151467.33,149824.05,149824.05,0.019309817,10.34327,8.540154,8.54015
4.2492194,0.004726474,0.005101365,70000.0,151467.36,149824.05,149824.05,0.019309817,10.343182,8.540153,8.540149
4.2492194,0.0048788325,0.0052711386,70000.0,151467.39,149824.06,149824.06,0.019309817,10.343595,8.54015,8.54015
4.2492194,0.00410194,0.004426783,70000.0,151467.44,149824.05,149824.05,0.019309817,10.343661,8.540152,8.54015
4.2492194,0.004134275,0.0044725887,70000.0,151467.39,149824.05,149824.05,0.019309817,10.343587,8.540148,8.54015
4.2492194,0.003536118,0.0037481694,70000.0,151467.42,149824.05,149824.05,0.019309817,10.343809,8.540167,8.54015
4.2492194,0.003881375,0.0041573406,70000.0,151467.34,149824.06,149824.05,0.019309817,10.343332,8.540156,8.54015
4.2492194,0.0036651432,0.0039094435,70000.0,151467.42,149824.08,149824.06,0.019309817,10.343506,8.540145,8.540149
4.2492194,0.004147198,0.004438842,70000.0,151467.4,149824.05,149824.06,0.019309817,10.343263,8.540143,8.54015
4.2492194,0.0038577898,0.0041129147,70000.0,151467.39,149824.06,149824.05,0.019309817,10.343469,8.54015,8.540149
4.2492194,0.004122128,0.00439459,70000.0,151467.42,149824.06,149824.06,0.019309817,10.34338,8.540147,8.540151
4.2492194,0.0043973452,0.0047033485,70000.0,151467.39,149824.06,149824.05,0.019309817,10.343316,8.540152,8.540149
4.2492194,0.0034952792,0.0037135088,70000.0,151467.42,149824.08,149824.06,0.019309817,10.343302,8.540158,8.54015
4.2492194,0.0040339134,0.0042972127,70000.0,151467.4,149824.06,149824.06,0.019309817,10.34324,8.540133,8.54015
4.2492194,0.0038549732,0.004141086,70000.0,151467.39,149824.05,149824.05,0.019309817,10.343723,8.540162,8.540149
4.2492194,0.0041234675,0.004476118,70000.0,151467.4,149824.05,149824.03,0.019309817,10.343481,8.540149,8.54015
4.2492194,0.0043374225,0.0047020633,70000.0,151467.34,149824.06,149824.06,0.019309817,10.343434,8.540165,8.54015
4.2492194,0.0036717833,0.0038875558,70000.0,151467.33,149824.05,149824.08,0.019309817,10.343247,8.540145,8.54015
4.2492194,0.0037402909,0.0039849575,70000.0,151467.31,149824.06,149824.06,0.019309817,10.342882,8.540153,8.540151
4.2492194,0.0036388712,0.00390945,70000.0,151467.33,149824.05,149824.05,0.019309817,10.343315,8.540151,8.54015
4.2492194,0.004308185,0.0046326625,70000.0,151467.38,149824.08,149824.03,0.019309817,10.343132,8.540158,8.540149
4.2492194,0.0036805943,0.0039437907,70000.0,151467.42,149824.06,149824.05,0.019309817,10.343928,8.54016,8.54015
4.2492194,0.003519073,0.0037420115,70000.0,151467.38,149824.06,149824.05,0.019309817,10.343336,8.540124,8.540149
4.2492194,0.004559937,0.004935899,70000.0,151467.36,149824.03,149824.06,0.019309817,10.343195,8.540146,8.54015
4.2492194,0.0034935342,0.003710224,70000.0,151467.39,149824.05,149824.05,0.019309817,10.343121,8.540158,8.54015
4.2492194,0.0035328823,0.0037479165,70000.0,151467.42,149824.06,149824.08,0.019309817,10.34364,8.540151,8.54015
4.2492194,0.0039247302,0.004209256,70000.0,151467.47,149824.05,149824.05,0.019309817,10.343854,8.540153,8.540149
4.2492194,0.0042959573,0.0046001435,70000.0,151467.38,149824.05,149824.05,0.019309817,10.343498,8.540155,8.54015
4.2492194,0.003593996,0.0038165366,70000.0,151467.39,149824.05,149824.05,0.019309817,10.343426,8.540142,8.54015
4.2492194,0.0037281713,0.0039633424,70000.0,151467.4,149824.06,149824.06,0.019309817,10.34324,8.540143,8.54015
4.2492194,0.004072997,0.004355301,70000.0,151467.38,149824.05,149824.03,0.019309817,10.343365,8.540165,8.54015
4.2492194,0.0043585543,0.0046492117,70000.0,151467.42,149824.06,149824.06,0.019309817,10.343454,8.540161,8.540149
4.2492194,0.0035022113,0.0037215496,70000.0,151467.33,149824.05,149824.06,0.019309817,10.343005,8.540155,8.540149
4.2492194,0.0036249075,0.0038463385,70000.0,151467.34,149824.06,149824.08,0.019309817,10.343347,8.540146,8.540151
4.2492194,0.0041271886,0.004409597,70000.0,151467.34,149824.05,149824.06,0.019309817,10.343117,8.540167,8.54015
4.2492194,0.0030141382,0.0031681347,70000.0,151467.4,149824.03,149824.06,0.019309817,10.343408,8.540125,8.540149
4.2492194,0.0036835573,0.003918684,70000.0,151467.34,149824.05,149824.05,0.019309817,10.343634,8.540166,8.54015
4.2492194,0.004355069,0.0046688085,70000.0,151467.45,149824.06,149824.05,0.019309817,10.343566,8.540158,8.540149
4.2492194,0.003801267,0.004048765,70000.0,151467.38,149824.05,149824.08,0.019309817,10.34315,8.540155,8.54015
4.2492194,0.0035334409,0.0037499785,70000.0,151467.31,149824.05,149824.06,0.019309817,10.343086,8.540158,8.54015
4.2492194,0.0040296316,0.00430404,70000.0,151467.39,149824.08,149824.06,0.019309817,10.343421,8.5401325,8.54015
4.2492194,0.0039673424,0.0042370697,70000.0,151467.36,149824.05,149824.05,0.019309817,10.343126,8.540145,8.54015
4.2492194,0.0038720332,0.004119466,70000.0,151467.39,149824.08,149824.06,0.019309817,10.343393,8.540152,8.54015
4.2492194,0.0041849674,0.0044982033,70000.0,151467.42,149824.05,149824.06,0.019309817,10.343125,8.540155,8.54015
4.2492194,0.0033805533,0.00356594,70000.0,151467.42,149824.05,149824.05,0.019309817,10.34363,8.540151,8.540149
4.2492194,0.0043531302,0.004641818,70000.0,151467.39,149824.06,149824.05,0.019309817,10.343338,8.540146,8.540148
4.2492194,0.0042043664,0.0044848784,70000.0,151467.36,149824.06,149824.06,0.019309817,10.343201,8.540147,8.54015
4.2492194,0.0044882027,0.0048105675,70000.0,151467.31,149824.05,149824.08,0.019309817,10.343013,8.5401535,8.540151
4.2492194,0.0043432936,0.004656131,70000.0,151467.39,149824.06,149824.05,0.019309817,10.343146,8.540148,8.54015
4.2492194,0.004076222,0.004356576,70000.0,151467.4,149824.03,149824.05,0.019309817,10.343283,8.540142,8.540151
4.2492194,0.004122923,0.004396507,70000.0,151467.4,149824.06,149824.06,0.019309817,10.343596,8.540153,8.54015
4.2492194,0.004029545,0.004344664,70000.0,151467.34,149824.06,149824.06,0.019309817,10.343192,8.540146,8.54015
4.2492194,0.0039231125,0.0042287745,70000.0,151467.42,149824.05,149824.05,0.019309817,10.343743,8.540151,8.54015
4.2492194,0.0040060487,0.00432342,70000.0,151467.38,149824.03,149824.05,0.019309817,10.343079,8.54014,8.540149
4.2492194,0.0039653354,0.0042595267,70000.0,151467.4,149824.05,149824.08,0.019309817,10.343588,8.54016,8.540151
4.2492194,0.003899513,0.004195875,70000.0,151467.4,149824.06,149824.05,0.019309817,10.343326,8.540147,8.540151
4.2492194,0.0046600974,0.0050601927,70000.0,151467.38,149824.06,149824.05,0.019309817,10.343183,8.540157,8.540149
4.2492194,0.0045784507,0.004977743,70000.0,151467.45,149824.06,149824.05,0.019309817,10.343529,8.540148,8.540149
4.2492194,0.003695241,0.0039611375,70000.0,151467.33,149824.05,149824.06,0.019309817,10.343204,8.540135,8.540149
4.2492194,0.0038476351,0.004127758,70000.0,151467.44,149824.05,149824.03,0.019309817,10.343599,8.54016,8.54015
4.2492194,0.00393158,0.0042333608,70000.0,151467.34,149824.05,149824.05,0.019309817,10.343237,8.540157,8.54015
4.2492194,0.004655993,0.005066753,70000.0,151467.39,149824.03,149824.08,0.019309817,10.343281,8.540149,8.540151
4.2492194,0.0039042006,0.004201005,70000.0,151467.38,149824.05,149824.03,0.019309817,10.3433895,8.540157,8.54015
4.2492194,0.0038453168,0.004143346,70000.0,151467.4,149824.08,149824.05,0.019309817,10.343284,8.540157,8.54015
4.2492194,0.0033751545,0.0036009906,70000.0,151467.36,149824.05,149824.06,0.019309817,10.343257,8.540135,8.54015
4.2492194,0.0044182157,0.0047913375,70000.0,151467.38,149824.05,149824.06,0.019309817,10.343261,8.540157,8.54015
4.2492194,0.0043050633,0.004689346,70000.0,151467.38,149824.05,149824.05,0.019309817,10.343341,8.540159,8.54015
4.2492194,0.0041835653,0.004461602,70000.0,151467.44,149824.06,149824.03,0.019309817,10.343492,8.540141,8.54015
4.2492194,0.0042688744,0.0046041664,70000.0,151467.42,149824.06,149824.05,0.019309817,10.343861,8.540155,8.54015
4.2492194,0.0038727417,0.0041363877,70000.0,151467.31,149824.03,149824.05,0.019309817,10.343292,8.540141,8.540149
4.2492194,0.0038253888,0.0040878016,70000.0,151467.36,149824.05,149824.06,0.019309817,10.343503,8.5401535,8.540149
4.2492194,0.003989617,0.0042646765,70000.0,151467.39,149824.05,149824.05,0.019309817,10.343481,8.540147,8.54015
4.2492194,0.004415849,0.0047488376,70000.0,151467.42,149824.05,149824.08,0.019309817,10.343604,8.5401535,8.540151
4.2492194,0.003818897,0.0040639313,70000.0,151467.34,149824.05,149824.05,0.019309817,10.3436775,8.540152,8.540149
4.2492194,0.0039625657,0.004231946,70000.0,151467.38,149824.06,149824.05,0.019309817,10.343606,8.540145,8.54015
4.2492194,0.004141557,0.004425111,70000.0,151467.33,149824.06,149824.05,0.019309817,10.34348,8.540142,8.540149
4.2492194,0.0034910073,0.003682532,70000.0,151467.38,149824.03,149824.06,0.019309817,10.343338,8.540133,8.540149
4.2492194,0.0039823754,0.004259048,70000.0,151467.39,149824.08,149824.08,0.019309817,10.343261,8.540134,8.54015
4.2492194,0.0037636291,0.004008203,70000.0,151467.45,149824.06,149824.05,0.019309817,10.343667,8.540154,8.54015
4.2492194,0.004137803,0.004404583,70000.0,151467.47,149824.03,149824.06,0.019309817,10.343536,8.540167,8.540149
4.2492194,0.0040490385,0.004300319,70000.0,151467.44,149824.06,149824.06,0.019309817,10.34362,8.540169,8.54015
4.2492194,0.0033722671,0.0035614627,70000.0,151467.33,149824.05,149824.08,0.019309817,10.343304,8.54016,8.54015
4.2492194,0.0031699343,0.0033494274,70000.0,151467.4,149824.06,149824.06,0.019309817,10.3439,8.540163,8.54015
4.2492194,0.003197598,0.003374502,70000.0,151467.36,149824.05,149824.06,0.019309817,10.343312,8.540142,8.540149
4.2492194,0.003750681,0.003999441,70000.0,151467.48,149824.03,149824.06,0.019309817,10.343964,8.5401535,8.540151
4.2492194,0.0042670537,0.004572783,70000.0,151467.4,149824.05,149824.05,0.019309817,10.343443,8.540156,8.540149
4.2492194,0.0042120675,0.0045263846,70000.0,151467.44,149824.03,149824.08,0.019309817,10.343731,8.540156,8.54015
4.2492194,0.0043337666,0.0046892166,70000.0,151467.38,149824.06,149824.05,0.019309817,10.343581,8.540143,8.54015
4.2492194,0.0046709576,0.0050709103,70000.0,151467.39,149824.05,149824.06,0.019309817,10.3433695,8.540151,8.54015
4.2492194,0.004549389,0.0049326383,70000.0,151467.34,149824.05,149824.06,0.019309817,10.343303,8.540153,8.540151
4.2492194,0.0042232363,0.0045473236,70000.0,151467.31,149824.03,149824.06,0.019309817,10.342984,8.540162,8.54015
4.2492194,0.0043099825,0.004646035,70000.0,151467.42,149824.06,149824.06,0.019309817,10.343583,8.540149,8.540151
4.2492194,0.003924176,0.004199872,70000.0,151467.39,149824.06,149824.05,0.019309817,10.343311,8.540159,8.54015
4.2492194,0.0038518745,0.0040935194,70000.0,151467.45,149824.08,149824.06,0.019309817,10.343578,8.540162,8.54015
4.2492194,0.0044165473,0.004737959,70000.0,151467.38,149824.05,149824.05,0.019309817,10.343433,8.540141,8.54015
4.2492194,0.00339476,0.003591572,70000.0,151467.39,149824.05,149824.06,0.019309817,10.343503,8.540148,8.54015
4.2492194,0.0033979074,0.0035893184,70000.0,151467.39,149824.06,149824.06,0.019309817,10.343556,8.540166,8.540151
4.2492194,0.004459721,0.0047968184,70000.0,151467.4,149824.06,149824.06,0.019309817,10.343672,8.540154,8.540149
4.2492194,0.0037120443,0.003943981,70000.0,151467.44,149824.06,149824.03,0.019309817,10.343467,8.540157,8.540151
4.2492194,0.0042621624,0.004535369,70000.0,151467.36,149824.06,149824.03,0.019309817,10.343727,8.540151,8.540151
4.2492194,0.0038906166,0.0042033917,70000.0,151467.36,149824.06,149824.05,0.019309817,10.343549,8.540151,8.54015
4.2492194,0.0039962204,0.0042835926,70000.0,151467.42,149824.06,149824.05,0.019309817,10.343493,8.540156,8.54015
4.2492194,0.0041781934,0.0044738543,70000.0,151467.44,149824.05,149824.05,0.019309817,10.343537,8.540148,8.540149
4.2492194,0.0035978719,0.0038595647,70000.0,151467.36,149824.05,149824.06,0.019309817,10.343336,8.540145,8.54015
4.2492194,0.0038218137,0.004076308,70000.0,151467.47,149824.06,149824.06,0.019309817,10.343472,8.54015,8.540149
4.2492194,0.0039103003,0.0041770916,70000.0,151467.4,149824.06,149824.06,0.019309817,10.343519,8.540137,8.54015
4.2492194,0.003798409,0.0040664645,70000.0,151467.45,149824.06,149824.06,0.019309817,10.3435755,8.540152,8.54015
4.2492194,0.0035980935,0.003847894,70000.0,151467.39,149824.05,149824.05,0.019309817,10.343604,8.540147,8.540149
4.2492194,0.003346837,0.003577058,70000.0,151467.33,149824.03,149824.06,0.019309817,10.343269,8.540149,8.54015
4.2492194,0.0043331543,0.004627096,70000.0,151467.39,149824.05,149824.05,0.019309817,10.343528,8.540145,8.54015
4.2492194,0.004467331,0.004792145,70000.0,151467.4,149824.05,149824.06,0.019309817,10.343362,8.540163,8.54015
4.2492194,0.0043228655,0.004645741,70000.0,151467.36,149824.06,149824.05,0.019309817,10.343641,8.540152,8.540151
4.2492194,0.0044469647,0.0047824224,70000.0,151467.38,149824.06,149824.05,0.019309817,10.343468,8.540146,8.540149
4.2492194,0.003783788,0.0040104836,70000.0,151467.4,149824.03,149824.06,0.019309817,10.343757,8.540153,8.54015
4.2492194,0.0042299074,0.0045300443,70000.0,151467.33,149824.05,149824.05,0.019309817,10.343176,8.54015,8.540149
4.2492194,0.0038433634,0.004105734,70000.0,151467.47,149824.06,149824.05,0.019309817,10.343632,8.54016,8.540149
4.2492194,0.004607597,0.004957203,70000.0,151467.33,149824.06,149824.05,0.019309817,10.343143,8.540146,8.54015
4.2492194,0.0040729535,0.0043449397,70000.0,151467.4,149824.08,149824.05,0.019309817,10.343352,8.540138,8.54015
4.2492194,0.004009065,0.004288899,70000.0,151467.42,149824.06,149824.05,0.019309817,10.34385,8.540158,8.540149
4.2492194,0.0035861377,0.0038007475,70000.0,151467.34,149824.05,149824.06,0.019309817,10.343441,8.540149,8.540151
4.2492194,0.0042264313,0.0045246705,70000.0,151467.36,149824.06,149824.08,0.019309817,10.343152,8.540149,8.540149
4.2492194,0.003907113,0.0042079138,70000.0,151467.39,149824.06,149824.06,0.019309817,10.343658,8.54014,8.540151
4.2492194,0.0040734285,0.004366681,70000.0,151467.39,149824.06,149824.03,0.019309817,10.343343,8.540144,8.540151
4.2492194,0.004017399,0.004292149,70000.0,151467.33,149824.08,149824.03,0.019309817,10.343414,8.540157,8.54015
4.2492194,0.0038700101,0.0041225813,70000.0,151467.36,149824.05,149824.06,0.019309817,10.343363,8.54015,8.54015
4.2492194,0.0039435127,0.004213172,70000.0,151467.38,149824.06,149824.05,0.019309817,10.343492,8.540158,8.540149
4.2492194,0.0039076246,0.004162153,70000.0,151467.39,149824.06,149824.03,0.019309817,10.343572,8.540156,8.540149
4.2492194,0.0036636344,0.003888844,70000.0,151467.34,149824.03,149824.05,0.019309817,10.343395,8.540163,8.54015
4.2492194,0.008703262,0.009454647,70000.0,151467.39,149824.05,149824.08,0.019309817,10.343384,8.540153,8.540151
4.2492194,0.004039678,0.0043160943,70000.0,151467.31,149824.05,149824.06,0.019309817,10.343386,8.540157,8.540149
4.2492194,0.004140052,0.004454035,70000.0,151467.36,149824.03,149824.05,0.019309817,10.343183,8.540141,8.54015
4.2492194,0.0043023177,0.0046085357,70000.0,151467.4,149824.08,149824.06,0.019309817,10.343406,8.540144,8.54015
4.2492194,0.0037415472,0.0039793435,70000.0,151467.33,149824.05,149824.05,0.019309817,10.343247,8.540157,8.540149
4.2492194,0.003470854,0.0036784147,70000.0,151467.36,149824.06,149824.05,0.019309817,10.343318,8.540138,8.540151
4.2492194,0.003944474,0.0041957437,70000.0,151467.4,149824.06,149824.06,0.019309817,10.343614,8.540133,8.54015
4.2492194,0.0031664907,0.0033368757,70000.0,151467.38,149824.05,149824.06,0.019309817,10.34329,8.540136,8.540151
4.2492194,0.0040153963,0.0042874655,70000.0,151467.34,149824.05,149824.05,0.019309817,10.343344,8.540148,8.540151
4.2492194,0.0040253145,0.0042980416,70000.0,151467.36,149824.03,149824.06,0.019309817,10.343883,8.540147,8.54015
4.2492194,0.004370243,0.004723018,70000.0,151467.4,149824.06,149824.05,0.019309817,10.343554,8.54015,8.54015
4.2492194,0.004280328,0.0046074768,70000.0,151467.31,149824.05,149824.06,0.019309817,10.343062,8.540153,8.540151
4.2492194,0.0038058097,0.004060018,70000.0,151467.36,149824.06,149824.06,0.019309817,10.343486,8.540134,8.54015
4.2492194,0.004522938,0.0048487415,70000.0,151467.36,149824.06,149824.08,0.019309817,10.34332,8.540144,8.540149
4.2492194,0.0045945267,0.0049164155,70000.0,151467.38,149824.06,149824.05,0.019309817,10.343564,8.540144,8.54015
4.2492194,0.0037341567,0.0039840527,70000.0,151467.38,149824.06,149824.08,0.019309817,10.343236,8.54015,8.540151
4.2492194,0.0040070517,0.004282631,70000.0,151467.36,149824.05,149824.08,0.019309817,10.343714,8.540159,8.540151
4.2492194,0.0040806225,0.0043556206,70000.0,151467.42,149824.08,149824.05,0.019309817,10.343565,8.540137,8.54015
4.2492194,0.0035205954,0.0037434616,70000.0,151467.36,149824.05,149824.08,0.019309817,10.343314,8.540149,8.54015
4.2492194,0.0039035724,0.004158932,70000.0,151467.38,149824.06,149824.03,0.019309817,10.343276,8.540153,8.54015
4.2492194,0.0031747525,0.0033475596,70000.0,151467.38,149824.06,149824.06,0.019309817,10.343662,8.5401535,8.54015
4.2492194,0.0040053483,0.0042539537,70000.0,151467.42,149824.05,149824.05,0.019309817,10.34363,8.540143,8.54015
4.2492194,0.004215327,0.00449928,70000.0,151467.38,149824.03,149824.06,0.019309817,10.343683,8.540142,8.540149
4.2492194,0.00419773,0.0044796425,70000.0,151467.38,149824.06,149824.05,0.019309817,10.343109,8.540157,8.540149
4.2492194,0.003864898,0.004118021,70000.0,151467.44,149824.06,149824.05,0.019309817,10.343447,8.5401535,8.54015
4.2492194,0.0045262277,0.0048753126,70000.0,151467.38,149824.06,149824.06,0.019309817,10.34319,8.540141,8.540151
4.2492194,0.0040615695,0.004338047,70000.0,151467.45,149824.05,149824.06,0.019309817,10.343638,8.540138,8.540151
4.2492194,0.0041915397,0.004482707,70000.0,151467.38,149824.05,149824.05,0.019309817,10.343293,8.540155,8.540149
4.2492194,0.003553035,0.0037626666,70000.0,151467.38,149824.05,149824.05,0.019309817,10.343121,8.540152,8.54015
4.2492194,0.0036737039,0.003908005,70000.0,151467.4,149824.05,149824.05,0.019309817,10.343414,8.540159,8.540149
4.2492194,0.0037537743,0.004000948,70000.0,151467.39,149824.05,149824.06,0.019309817,10.34339,8.540139,8.54015
4.2492194,0.004241915,0.004538102,70000.0,151467.33,149824.05,149824.05,0.019309817,10.343327,8.540157,8.54015
4.2492194,0.004005115,0.0043036705,70000.0,151467.38,149824.05,149824.05,0.019309817,10.343329,8.54015,8.54015
4.2492194,0.0038670867,0.0041323965,70000.0,151467.4,149824.06,149824.05,0.019309817,10.343423,8.540151,8.540149
4.2492194,0.004086651,0.004386841,70000.0,151467.38,149824.06,149824.06,0.019309817,10.343196,8.5401535,8.540151
4.2492194,0.0035454943,0.0037650308,70000.0,151467.34,149824.06,149824.06,0.019309817,10.343294,8.54014,8.54015
4.2492194,0.003823844,0.004067691,70000.0,151467.44,149824.06,149824.06,0.019309817,10.343768,8.540154,8.54015
4.2492194,0.003718116,0.0039622956,70000.0,151467.4,149824.05,149824.06,0.019309817,10.343273,8.540142,8.54015
4.2492194,0.004300515,0.004584926,70000.0,151467.38,149824.08,149824.05,0.019309817,10.343066,8.540154,8.540151
4.2492194,0.0043232576,0.004634504,70000.0,151467.42,149824.06,149824.08,0.019309817,10.343427,8.540152,8.540151
4.2492194,0.003826298,0.004089894,70000.0,151467.36,149824.05,149824.06,0.019309817,10.343676,8.540156,8.54015
4.2492194,0.0034992052,0.003759067,70000.0,151467.34,149824.06,149824.05,0.019309817,10.343296,8.540157,8.54015
4.2492194,0.0032589687,0.0034905272,70000.0,151467.38,149824.06,149824.06,0.019309817,10.343485,8.540148,8.540149
4.2492194,0.004224223,0.0045608897,70000.0,151467.36,149824.03,149824.08,0.019309817,10.343698,8.540155,8.540149
4.2492194,0.0038150274,0.0040651103,70000.0,151467.33,149824.08,149824.03,0.019309817,10.3431015,8.54015,8.54015
4.2492194,0.003739325,0.0039711604,70000.0,151467.38,149824.05,149824.08,0.019309817,10.343283,8.540143,8.54015
4.2492194,0.0037243199,0.003971136,70000.0,151467.44,149824.06,149824.06,0.019309817,10.3434105,8.540158,8.54015
4.2492194,0.004037293,0.0043238015,70000.0,151467.44,149824.06,149824.05,0.019309817,10.343581,8.54014,8.540149
4.2492194,0.004079167,0.0043538962,70000.0,151467.38,149824.05,149824.06,0.019309817,10.343629,8.540154,8.54015
4.2492194,0.004196485,0.0045033013,70000.0,151467.39,149824.03,149824.05,0.019309817,10.343649,8.540156,8.540149
4.2492194,0.0038149108,0.0040624235,70000.0,151467.39,149824.06,149824.06,0.019309817,10.343567,8.54015,8.54015
4.2492194,0.0033996003,0.0036040053,70000.0,151467.38,149824.05,149824.06,0.019309817,10.343524,8.54015,8.540149
4.2492194,0.003610283,0.003830228,70000.0,151467.4,149824.06,149824.05,0.019309817,10.34362,8.540159,8.54015
4.2492194,0.0041043824,0.004445107,70000.0,151467.39,149824.06,149824.03,0.019309817,10.343435,8.540147,8.54015
4.2492194,0.003858427,0.0041278917,70000.0,151467.31,149824.06,149824.08,0.019309817,10.343145,8.540148,8.54015
4.2492194,0.0035389848,0.0037729347,70000.0,151467.36,149824.05,149824.05,0.019309817,10.343326,8.540164,8.54015
4.2492194,0.0040063704,0.0042870305,70000.0,151467.38,149824.06,149824.06,0.019309817,10.3433695,8.540146,8.54015
4.2492194,0.0043139593,0.0046339193,70000.0,151467.34,149824.06,149824.05,0.019309817,10.343143,8.540154,8.540149
4.2492194,0.004201605,0.0045207846,70000.0,151467.39,149824.06,149824.05,0.019309817,10.343339,8.540143,8.540151
4.2492194,0.003554599,0.003775344,70000.0,151467.36,149824.06,149824.06,0.019309817,10.343549,8.540146,8.540151
4.2492194,0.0035420205,0.0037591532,70000.0,151467.44,149824.06,149824.08,0.019309817,10.343265,8.540143,8.54015
4.2492194,0.0041738516,0.0044602547,70000.0,151467.4,149824.03,149824.06,0.019309817,10.343333,8.540154,8.54015
4.2492194,0.0033491668,0.0035408735,70000.0,151467.38,149824.05,149824.06,0.019309817,10.343388,8.540163,8.54015
4.2492194,0.00368927,0.0039203446,70000.0,151467.39,149824.05,149824.06,0.019309817,10.343247,8.540159,8.540151
4.2492194,0.0037259725,0.003977275,70000.0,151467.45,149824.05,149824.05,0.019309817,10.343513,8.540139,8.54015
4.2492194,0.0041883267,0.004483787,70000.0,151467.39,149824.06,149824.06,0.019309817,10.343214,8.5401535,8.54015
4.2492194,0.0034873215,0.0037057225,70000.0,151467.4,149824.06,149824.05,0.019309817,10.343363,8.540153,8.54015
4.2492194,0.0037841594,0.0040413323,70000.0,151467.39,149824.05,149824.06,0.019309817,10.343492,8.540148,8.54015
4.2492194,0.003863354,0.004133264,70000.0,151467.38,149824.03,149824.08,0.019309817,10.343623,8.54016,8.540151
4.2492194,0.0042651338,0.0045757815,70000.0,151467.44,149824.06,149824.06,0.019309817,10.343422,8.54014,8.540149
4.2492194,0.004120516,0.0044021825,70000.0,151467.33,149824.06,149824.06,0.019309817,10.343276,8.54014,8.54015
4.2492194,0.00378458,0.0040228763,70000.0,151467.34,149824.06,149824.05,0.019309817,10.34327,8.540167,8.54015
4.2492194,0.0037958643,0.004050263,70000.0,151467.39,149824.06,149824.06,0.019309817,10.343424,8.540134,8.540149
4.2492194,0.004361035,0.004718195,70000.0,151467.4,149824.06,149824.03,0.019309817,10.34349,8.540147,8.54015
4.2492194,0.0037768595,0.0040389895,70000.0,151467.45,149824.05,149824.05,0.019309817,10.343787,8.540152,8.540151
4.2492194,0.0040541445,0.0043423413,70000.0,151467.36,149824.06,149824.05,0.019309817,10.343678,8.540157,8.540149
4.2492194,0.0038903712,0.004159802,70000.0,151467.36,149824.06,149824.05,0.019309817,10.343334,8.540148,8.540151
4.2492194,0.0041076555,0.0044062985,70000.0,151467.42,149824.05,149824.05,0.019309817,10.343604,8.540144,8.540149
4.2492194,0.0037409922,0.0039982316,70000.0,151467.44,149824.05,149824.06,0.019309817,10.343427,8.540153,8.540149
4.2492194,0.0034127568,0.003626571,70000.0,151467.39,149824.06,149824.05,0.019309817,10.343312,8.54015,8.540149
4.2492194,0.0038547327,0.004121823,70000.0,151467.44,149824.03,149824.05,0.019309817,10.3437195,8.540155,8.54015
4.2492194,0.003845139,0.0041388744,70000.0,151467.39,149824.05,149824.06,0.019309817,10.34349,8.540147,8.54015
4.2492194,0.004053637,0.004354106,70000.0,151467.39,149824.05,149824.06,0.019309817,10.343255,8.540158,8.54015
4.2492194,0.0039662565,0.004254118,70000.0,151467.4,149824.06,149824.06,0.019309817,10.343702,8.54015,8.540149
4.2492194,0.0034626727,0.0036938137,70000.0,151467.31,149824.05,149824.08,0.019309817,10.343206,8.540163,8.540151
4.2492194,0.003526723,0.0037711984,70000.0,151467.38,149824.06,149824.05,0.019309817,10.343428,8.540149,8.54015
4.2492194,0.0040201275,0.0043615685,70000.0,151467.4,149824.05,149824.06,0.019309817,10.343428,8.540165,8.54015
4.2492194,0.0041087326,0.004422758,70000.0,151467.34,149824.05,149824.05,0.019309817,10.343226,8.540152,8.54015
4.2492194,0.003987514,0.004271299,70000.0,151467.42,149824.03,149824.06,0.019309817,10.343446,8.540163,8.54015
1.796399e+25,0.83045423,0.83682793,310000.0,151467.36,149824.05,149824.05,18.954678,10.343482,8.540152,8.5401535
1.796399e+25,0.8430681,0.8497907,310000.0,151467.39,149824.06,149824.05,18.954678,10.3429785,8.540148,8.540154
1.796399e+25,0.8660678,0.8731815,310000.0,151467.4,149824.06,149824.03,18.954678,10.343548,8.540153,8.540154
1.796399e+25,0.86606115,0.8723722,310000.0,151467.36,149824.06,149824.06,18.954678,10.343284,8.540155,8.540154
1.796399e+25,0.838134,0.84485894,310000.0,151467.39,149824.06,149824.05,18.954678,10.343595,8.540144,8.5401535
1.796399e+25,0.84477645,0.8516049,310000.0,151467.36,149824.06,149824.06,18.954678,10.34353,8.540158,8.5401535
1.796399e+25,0.83931535,0.84603935,310000.0,151467.39,149824.05,149824.05,18.954678,10.343551,8.540148,8.540154
1.796399e+25,0.8743612,0.8816626,310000.0,151467.4,149824.05,149824.06,18.954678,10.343418,8.540151,8.540154
1.796399e+25,0.8598935,0.86705005,310000.0,151467.33,149824.06,149824.05,18.954678,10.343321,8.540155,8.5401535
1.796399e+25,0.85561997,0.8623035,310000.0,151467.4,149824.06,149824.03,18.954678,10.343514,8.540146,8.5401535
1.796399e+25,0.85665655,0.86351824,310000.0,151467.39,149824.06,149824.05,18.954678,10.343353,8.540152,8.5401535
1.796399e+25,0.84322685,0.84991205,310000.0,151467.42,149824.05,149824.05,18.954678,10.3434725,8.540152,8.5401535
1.796399e+25,0.8630027,0.8700848,310000.0,151467.42,149824.05,149824.06,18.954678,10.343633,8.540154,8.540154
1.796399e+25,0.8628281,0.87035865,310000.0,151467.4,149824.05,149824.02,18.954678,10.343271,8.54015,8.5401535
1.796399e+25,0.8684866,0.8761075,310000.0,151467.4,149824.03,149824.08,18.954678,10.343642,8.540155,8.540154
1.796399e+25,0.8747171,0.8822918,310000.0,151467.38,149824.03,149824.05,18.954678,10.343527,8.540149,8.540154
1.796399e+25,0.856148,0.86313415,310000.0,151467.39,149824.05,149824.06,18.954678,10.343291,8.540145,8.5401535
1.796399e+25,0.8550078,0.86195445,310000.0,151467.34,149824.05,149824.06,18.954678,10.34326,8.54015,8.540154
1.796399e+25,0.87363875,0.88084376,310000.0,151467.39,149824.05,149824.06,18.954678,10.343483,8.540152,8.5401535
1.796399e+25,0.8457442,0.85261995,310000.0,151467.44,149824.05,149824.06,18.954678,10.343517,8.540156,8.5401535
1.796399e+25,0.8670644,0.87420416,310000.0,151467.4,149824.06,149824.06,18.954678,10.343291,8.54015,8.5401535
1.796399e+25,0.83468145,0.84137017,310000.0,151467.44,149824.05,149824.05,18.954678,10.343834,8.5401535,8.5401535
1.796399e+25,0.8310906,0.8379183,310000.0,151467.4,149824.03,149824.05,18.954678,10.343409,8.540148,8.5401535
1.796399e+25,0.8656861,0.87292516,310000.0,151467.39,149824.05,149824.05,18.954678,10.343332,8.540146,8.5401535
1.796399e+25,0.8543707,0.86135083,310000.0,151467.33,149824.03,149824.05,18.954678,10.343352,8.540154,8.540154
1.796399e+25,0.848902,0.85569406,310000.0,151467.44,149824.05,149824.06,18.954678,10.343884,8.540148,8.540154
1.796399e+25,0.8156875,0.82228076,310000.0,151467.31,149824.06,149824.05,18.954678,10.343325,8.54015,8.5401535
1.796399e+25,0.8511478,0.85803145,310000.0,151467.4,149824.06,149824.08,18.954678,10.343718,8.540155,8.540154
1.796399e+25,0.8753597,0.88200396,310000.0,151467.34,149824.05,149824.05,18.954678,10.3434305,8.540147,8.540154
1.796399e+25,0.8553255,0.86225617,310000.0,151467.36,149824.06,149824.03,18.954678,10.343103,8.540155,8.540154
1.796399e+25,0.8580888,0.86504674,310000.0,151467.36,149824.05,149824.06,18.954678,10.343325,8.540154,8.540154
1.796399e+25,0.85119414,0.85837877,310000.0,151467.34,149824.03,149824.06,18.954678,10.343363,8.540153,8.5401535
1.796399e+25,0.8658235,0.8731307,310000.0,151467.4,149824.05,149824.05,18.954678,10.343708,8.54015,8.5401535
1.796399e+25,0.8386681,0.8453306,310000.0,151467.44,149824.05,149824.05,18.954678,10.343422,8.540147,8.540154
1.796399e+25,0.84043473,0.84704095,310000.0,151467.39,149824.06,149824.06,18.954678,10.343571,8.540147,8.540154
1.796399e+25,0.8496181,0.8563813,310000.0,151467.39,149824.05,149824.05,18.954678,10.342899,8.540145,8.5401535
1.796399e+25,0.8698471,0.8770052,310000.0,151467.39,149824.06,149824.05,18.954678,10.343231,8.540147,8.540154
1.796399e+25,0.8500402,0.8567622,310000.0,151467.4,149824.06,149824.06,18.954678,10.343598,8.540148,8.5401535
1.796399e+25,0.84056354,0.8474747,310000.0,151467.42,149824.05,149824.05,18.954678,10.343705,8.54015,8.540154
1.796399e+25,0.8612906,0.8682648,310000.0,151467.4,149824.05,149824.05,18.954678,10.343442,8.540143,8.5401535
1.796399e+25,0.86731553,0.8748397,310000.0,151467.39,149824.05,149824.05,18.954678,10.343436,8.5401535,8.5401535
1.796399e+25,0.85220504,0.8590506,310000.0,151467.39,149824.05,149824.05,18.954678,10.343286,8.54014,8.5401535
1.796399e+25,0.8583139,0.86520976,310000.0,151467.44,149824.06,149824.05,18.954678,10.3434,8.540148,8.5401535
1.796399e+25,0.83047724,0.83710545,310000.0,151467.42,149824.06,149824.05,18.954678,10.343368,8.540138,8.5401535
1.796399e+25,0.8523925,0.8591254,310000.0,151467.39,149824.06,149824.03,18.954678,10.343208,8.540153,8.540154
1.796399e+25,0.8640838,0.871005,310000.0,151467.38,149824.06,149824.03,18.954678,10.343583,8.540146,8.5401535
1.796399e+25,0.83265126,0.83937776,310000.0,151467.36,149824.05,149824.06,18.954678,10.343094,8.540149,8.540154
1.796399e+25,0.8407165,0.84732,310000.0,151467.44,149824.05,149824.06,18.954678,10.343497,8.540154,8.5401535
1.796399e+25,0.86196,0.869086,310000.0,151467.44,149824.06,149824.03,18.954678,10.343775,8.540143,8.5401535
1.796399e+25,0.8465335,0.85350955,310000.0,151467.38,149824.03,149824.06,18.954678,10.343276,8.540156,8.5401535
1.796399e+25,0.8464181,0.8530957,310000.0,151467.42,149824.06,149824.05,18.954678,10.343518,8.540147,8.5401535
1.796399e+25,0.8505734,0.8573556,310000.0,151467.4,149824.05,149824.05,18.954678,10.343394,8.540146,8.540154
1.796399e+25,0.8478854,0.8546746,310000.0,151467.42,149824.06,149824.05,18.954678,10.343265,8.5401535,8.540154
1.796399e+25,0.83758366,0.84431875,310000.0,151467.38,149824.06,149824.05,18.954678,10.343274,8.540146,8.5401535
1.796399e+25,0.85767,0.8645654,310000.0,151467.4,149824.06,149824.03,18.954678,10.34341,8.540148,8.5401535
1.796399e+25,0.83455604,0.8413396,310000.0,151467.38,149824.06,149824.06,18.954678,10.343703,8.54015,8.540154
1.796399e+25,0.8286742,0.83529013,310000.0,151467.42,149824.05,149824.05,18.954678,10.343329,8.540152,8.5401535
1.796399e+25,0.8490673,0.8558847,310000.0,151467.42,149824.03,149824.05,18.954678,10.343464,8.54015,8.540153
1.796399e+25,0.8419365,0.8488682,310000.0,151467.4,149824.05,149824.03,18.954678,10.343699,8.540155,8.5401535
1.796399e+25,0.8443556,0.8510335,310000.0,151467.31,149824.05,149824.05,18.954678,10.343136,8.540152,8.540154
1.796399e+25,0.8277375,0.83423126,310000.0,151467.31,149824.03,149824.05,18.954678,10.342905,8.540145,8.540154
1.796399e+25,0.84558403,0.8524535,310000.0,151467.4,149824.03,149824.05,18.954678,10.343402,8.540147,8.540153
1.796399e+25,0.8412921,0.84813464,310000.0,151467.39,149824.06,149824.06,18.954678,10.3436165,8.540147,8.5401535
1.796399e+25,0.8479667,0.8549197,310000.0,151467.34,149824.05,149824.03,18.954678,10.343676,8.540151,8.5401535
1.796399e+25,0.8422571,0.8490044,310000.0,151467.38,149824.03,149824.03,18.954678,10.343508,8.540157,8.540153
1.796399e+25,0.837516,0.84427744,310000.0,151467.36,149824.05,149824.05,18.954678,10.343715,8.540149,8.5401535
1.796399e+25,0.8394077,0.84609103,310000.0,151467.4,149824.06,149824.06,18.954678,10.343597,8.540156,8.5401535
1.796399e+25,0.8310835,0.8376337,310000.0,151467.42,149824.05,149824.05,18.954678,10.343287,8.5401535,8.5401535
1.796399e+25,0.83612525,0.8428383,310000.0,151467.36,149824.06,149824.06,18.954678,10.343145,8.540153,8.540154
1.796399e+25,0.84835815,0.85517865,310000.0,151467.34,149824.05,149824.05,18.954678,10.343053,8.540149,8.540154
1.796399e+25,0.8518411,0.8587857,310000.0,151467.34,149824.06,149824.05,18.954678,10.343792,8.540149,8.540154
1.796399e+25,0.8556651,0.862594,310000.0,151467.38,149824.08,149824.08,18.954678,10.343386,8.540152,8.5401535
1.796399e+25,0.8474106,0.8541604,310000.0,151467.44,149824.05,149824.06,18.954678,10.343466,8.540146,8.540153
1.796399e+25,0.8347753,0.841463,310000.0,151467.39,149824.03,149824.06,18.954678,10.343395,8.540154,8.5401535
1.796399e+25,0.84931195,0.8560036,310000.0,151467.38,149824.03,149824.08,18.954678,10.343252,8.540153,8.540153
1.796399e+25,0.82348305,0.82991695,310000.0,151467.38,149824.05,149824.05,18.954678,10.343181,8.540149,8.5401535
1.796399e+25,0.84984,0.85670114,310000.0,151467.42,149824.05,149824.05,18.954678,10.343198,8.540145,8.5401535
1.796399e+25,0.8518585,0.8587197,310000.0,151467.42,149824.05,149824.05,18.954678,10.34331,8.540152,8.5401535
1.796399e+25,0.84263587,0.84928703,310000.0,151467.39,149824.06,149824.05,18.954678,10.343245,8.540151,8.540154
1.796399e+25,0.85530853,0.8620523,310000.0,151467.36,149824.05,149824.05,18.954678,10.343406,8.540159,8.540154
1.796399e+25,0.8479561,0.8549152,310000.0,151467.34,149824.05,149824.06,18.954678,10.343269,8.540152,8.540154
1.796399e+25,0.84547216,0.85225123,310000.0,151467.38,149824.06,149824.06,18.954678,10.3434725,8.540153,8.5401535
1.796399e+25,0.8549943,0.86196077,310000.0,151467.39,149824.06,149824.05,18.954678,10.34347,8.540147,8.5401535
1.796399e+25,0.84662837,0.85338736,310000.0,151467.39,149824.05,149824.06,18.954678,10.3436165,8.540148,8.5401535
1.796399e+25,0.85741717,0.86509687,310000.0,151467.39,149824.06,149824.05,18.954678,10.343702,8.540158,8.540154
1.796399e+25,0.8784041,0.88580036,310000.0,151467.39,149824.06,149824.08,18.954678,10.343528,8.540152,8.5401535
1.796399e+25,0.8500213,0.8572374,310000.0,151467.36,149824.06,149824.08,18.954678,10.343559,8.540149,8.5401535
1.796399e+25,0.84181523,0.84866,310000.0,151467.38,149824.06,149824.05,18.954678,10.34373,8.540147,8.5401535
1.796399e+25,0.86529833,0.8725559,310000.0,151467.4,149824.03,149824.05,18.954678,10.343528,8.540148,8.5401535
1.796399e+25,0.8397861,0.8464828,310000.0,151467.38,149824.06,149824.06,18.954678,10.343561,8.540153,8.54015
1.796399e+25,0.8382039,0.8452122,310000.0,151467.44,149824.06,149824.06,18.954678,10.343581,8.540153,8.540151
1.796399e+25,0.85530967,0.8620552,310000.0,151467.39,149824.06,149824.06,18.954678,10.343529,8.540151,8.54015
1.796399e+25,0.83234316,0.83897376,310000.0,151467.38,149824.06,149824.05,18.954678,10.343301,8.540152,8.540151
1.796399e+25,0.8428971,0.84940946,310000.0,151467.34,149824.06,149824.06,18.954678,10.343109,8.540152,8.540151
1.796399e+25,0.8471743,0.8538215,310000.0,151467.38,149824.05,149824.05,18.954678,10.343236,8.540149,8.540151
1.796399e+25,0.8436235,0.85032046,310000.0,151467.39,149824.05,149824.06,18.954678,10.343414,8.540157,8.540152
1.796399e+25,0.8547504,0.8617002,310000.0,151467.36,149824.06,149824.06,18.954678,10.343118,8.540158,8.540151
1.796399e+25,0.8666012,0.8737161,310000.0,151467.42,149824.05,149824.05,18.954678,10.343756,8.540152,8.54015
1.796399e+25,0.851828,0.85873926,310000.0,151467.42,149824.05,149824.06,18.954678,10.343399,8.540152,8.540151
1.796399e+25,0.8519274,0.8588401,310000.0,151467.31,149824.05,149824.06,18.954678,10.343063,8.540144,8.540151
1.796399e+25,0.8650396,0.8720834,310000.0,151467.38,149824.05,149824.08,18.954678,10.343323,8.540143,8.540151
1.796399e+25,0.8561972,0.8630732,310000.0,151467.4,149824.06,149824.08,18.954678,10.343591,8.540149,8.540152
1.796399e+25,0.86788595,0.8748612,310000.0,151467.39,149824.06,149824.05,18.954678,10.343431,8.540148,8.540151
1.796399e+25,0.8578021,0.86476326,310000.0,151467.4,149824.06,149824.06,18.954678,10.343629,8.540143,8.540151
1.796399e+25,0.8586575,0.86567134,310000.0,151467.36,149824.06,149824.05,18.954678,10.343313,8.540152,8.540151
1.796399e+25,0.85386777,0.86084175,310000.0,151467.39,149824.06,149824.06,18.954678,10.343543,8.540152,8.540152
1.796399e+25,0.8521067,0.8589316,310000.0,151467.39,149824.03,149824.05,18.954678,10.343209,8.540149,8.540151
1.796399e+25,0.8502294,0.85700583,310000.0,151467.39,149824.05,149824.08,18.954678,10.343411,8.540147,8.540152
1.796399e+25,0.8429126,0.8493721,310000.0,151467.38,149824.05,149824.05,18.954678,10.343408,8.540154,8.540151
1.796399e+25,0.84562564,0.8525161,310000.0,151467.36,149824.06,149824.03,18.954678,10.343397,8.540144,8.540151
1.796399e+25,0.8473727,0.8541963,310000.0,151467.39,149824.06,149824.06,18.954678,10.343189,8.540147,8.54015
1.796399e+25,0.8382995,0.84485024,310000.0,151467.42,149824.08,149824.08,18.954678,10.34342,8.540149,8.540151
1.796399e+25,0.8513351,0.8579401,310000.0,151467.4,149824.06,149824.03,18.954678,10.343494,8.54015,8.540151
1.796399e+25,0.83506405,0.8413868,310000.0,151467.39,149824.06,149824.05,18.954678,10.343419,8.54014,8.54015
1.796399e+25,0.82980174,0.8361917,310000.0,151467.4,149824.06,149824.03,18.954678,10.343528,8.54014,8.540151
1.796399e+25,0.8496567,0.8565172,310000.0,151467.34,149824.05,149824.05,18.954678,10.343601,8.54015,8.540152
1.796399e+25,0.84980994,0.8564437,310000.0,151467.34,149824.06,149824.05,18.954678,10.343369,8.540152,8.540151
1.796399e+25,0.8527218,0.8594363,310000.0,151467.34,149824.05,149824.03,18.954678,10.34305,8.540154,8.540151
1.796399e+25,0.8637427,0.87107974,310000.0,151467.42,149824.05,149824.06,18.954678,10.343317,8.540148,8.540151
1.796399e+25,0.8550978,0.862161,310000.0,151467.42,149824.06,149824.05,18.954678,10.343738,8.540155,8.540151
1.796399e+25,0.8727809,0.88044846,310000.0,151467.36,149824.06,149824.06,18.954678,10.343125,8.540149,8.540151
1.796399e+25,0.861677,0.8693249,310000.0,151467.38,149824.05,149824.06,18.954678,10.343162,8.540147,8.540151
1.796399e+25,0.8685329,0.8762512,310000.0,151467.34,149824.06,149824.05,18.954678,10.343222,8.540151,8.54015
1.796399e+25,0.85064965,0.8579865,310000.0,151467.31,149824.08,149824.03,18.954678,10.34312,8.540146,8.540151
1.796399e+25,0.84690326,0.8540987,310000.0,151467.39,149824.06,149824.05,18.954678,10.343757,8.540159,8.540151
1.796399e+25,0.84612095,0.85340065,310000.0,151467.4,149824.05,149824.06,18.954678,10.343672,8.54015,8.540152
1.796399e+25,0.8800066,0.8878039,310000.0,151467.38,149824.05,149824.05,18.954678,10.343347,8.540144,8.540152
1.796399e+25,0.8991592,0.9055788,310000.0,151467.36,149824.06,149824.05,18.954678,10.3435545,8.540147,8.540151
1.796399e+25,0.8530739,0.86015385,310000.0,151467.4,149824.06,149824.06,18.954678,10.34356,8.540153,8.540152
1.796399e+25,0.8572515,0.8646971,310000.0,151467.38,149824.05,149824.06,18.954678,10.343355,8.540149,8.540151
1.796399e+25,0.87377936,0.8814488,310000.0,151467.42,149824.05,149824.06,18.954678,10.34354,8.540144,8.540151
1.796399e+25,0.85876936,0.8662615,310000.0,151467.39,149824.05,149824.05,18.954678,10.343134,8.54016,8.540151
1.796399e+25,0.85487866,0.8621146,310000.0,151467.39,149824.05,149824.05,18.954678,10.343046,8.540149,8.54015
1.796399e+25,0.86903375,0.8764655,310000.0,151467.42,149824.05,149824.06,18.954678,10.343365,8.540153,8.540151
1.796399e+25,0.90524715,0.91093206,310000.0,151467.42,149824.05,149824.05,18.954678,10.343634,8.540151,8.540151
1.796399e+25,0.86713743,0.8746965,310000.0,151467.38,149824.05,149824.03,18.954678,10.343481,8.54015,8.540151
1.796399e+25,0.844732,0.851909,310000.0,151467.39,149824.06,149824.06,18.954678,10.343419,8.54015,8.540151
1.796399e+25,0.86488086,0.8726007,310000.0,151467.36,149824.06,149824.06,18.954678,10.3432455,8.540149,8.540152
1.796399e+25,0.87109005,0.87874496,310000.0,151467.38,149824.05,149824.06,18.954678,10.343625,8.540148,8.540151
1.796399e+25,0.83995765,0.8468788,310000.0,151467.34,149824.06,149824.06,18.954678,10.343656,8.54015,8.540151
1.796399e+25,0.826786,0.83358145,310000.0,151467.39,149824.06,149824.05,18.954678,10.343686,8.540155,8.540151
1.796399e+25,0.8458583,0.8531424,310000.0,151467.39,149824.05,149824.06,18.954678,10.343773,8.540151,8.54015
1.796399e+25,0.8567056,0.86395663,310000.0,151467.39,149824.08,149824.03,18.954678,10.3437805,8.540148,8.540151
1.796399e+25,0.8644643,0.8720047,310000.0,151467.4,149824.03,149824.05,18.954678,10.343598,8.540146,8.540151
1.796399e+25,0.83686894,0.8439115,310000.0,151467.34,149824.06,149824.05,18.954678,10.343362,8.540156,8.540151
1.796399e+25,0.85964257,0.8663673,310000.0,151467.34,149824.06,149824.03,18.954678,10.343307,8.540145,8.540151
1.796399e+25,0.860686,0.8682235,310000.0,151467.45,149824.06,149824.06,18.954678,10.343622,8.540151,8.540152
1.796399e+25,0.86332583,0.8706802,310000.0,151467.38,149824.06,149824.06,18.954678,10.343436,8.540153,8.540151
1.796399e+25,0.8809938,0.8887746,310000.0,151467.42,149824.05,149824.05,18.954678,10.343481,8.540146,8.540152
1.796399e+25,0.86322504,0.8706569,310000.0,151467.39,149824.06,149824.05,18.954678,10.343359,8.540151,8.540151
1.796399e+25,0.85586244,0.8632239,310000.0,151467.33,149824.05,149824.06,18.954678,10.343253,8.540151,8.540151
1.796399e+25,0.8555214,0.8628922,310000.0,151467.39,149824.05,149824.05,18.954678,10.343092,8.54015,8.54015
1.796399e+25,0.8621183,0.8695005,310000.0,151467.34,149824.05,149824.06,18.954678,10.34329,8.540151,8.540151
1.796399e+25,0.85906047,0.8661149,310000.0,151467.34,149824.03,149824.05,18.954678,10.343276,8.54015,8.540151
1.796399e+25,0.852068,0.8593515,310000.0,151467.4,149824.05,149824.03,18.954678,10.343299,8.540146,8.54015
1.796399e+25,0.87152296,0.878945,310000.0,151467.42,149824.05,149824.05,18.954678,10.343883,8.540147,8.54015
1.796399e+25,0.87063843,0.8783718,310000.0,151467.34,149824.03,149824.06,18.954678,10.343593,8.540148,8.540151
1.796399e+25,0.8605493,0.8678817,310000.0,151467.4,149824.05,149824.05,18.954678,10.343329,8.540145,8.540151
1.796399e+25,0.83681834,0.8440946,310000.0,151467.4,149824.05,149824.06,18.954678,10.343451,8.540144,8.540151
1.796399e+25,0.86429507,0.8719214,310000.0,151467.34,149824.06,149824.05,18.954678,10.343521,8.540151,8.540151
1.796399e+25,0.8609989,0.86835384,310000.0,151467.36,149824.03,149824.06,18.954678,10.343622,8.540158,8.540151
1.796399e+25,0.8390423,0.8461015,310000.0,151467.4,149824.02,149824.05,18.954678,10.343692,8.540148,8.540151
1.796399e+25,0.86626655,0.87382704,310000.0,151467.38,149824.08,149824.05,18.954678,10.343438,8.540141,8.540151
1.796399e+25,0.86874276,0.8763574,310000.0,151467.33,149824.05,149824.08,18.954678,10.343064,8.540145,8.540152
1.796399e+25,0.8577385,0.8651495,310000.0,151467.38,149824.08,149824.08,18.954678,10.343334,8.540148,8.54015
1.796399e+25,0.8599636,0.8674773,310000.0,151467.36,149824.06,149824.03,18.954678,10.343039,8.540152,8.54015
1.796399e+25,0.84530056,0.8525547,310000.0,151467.36,149824.05,149824.06,18.954678,10.343111,8.540142,8.540151
1.796399e+25,0.84855,0.85591024,310000.0,151467.31,149824.05,149824.06,18.954678,10.34339,8.540155,8.540151
1.796399e+25,0.83913,0.84642243,310000.0,151467.33,149824.06,149824.06,18.954678,10.343038,8.540145,8.540151
1.796399e+25,0.86291593,0.8703655,310000.0,151467.33,149824.06,149824.05,18.954678,10.34327,8.540148,8.540151
1.796399e+25,0.8639335,0.87132907,310000.0,151467.38,149824.03,149824.08,18.954678,10.343462,8.540149,8.540151
1.796399e+25,0.8453902,0.85224605,310000.0,151467.33,149824.05,149824.06,18.954678,10.343177,8.5401535,8.540152
1.796399e+25,0.8663024,0.8738623,310000.0,151467.39,149824.03,149824.03,18.954678,10.343628,8.5401535,8.540151
1.796399e+25,0.85701686,0.86443937,310000.0,151467.38,149824.05,149824.05,18.954678,10.343341,8.540148,8.540151
1.796399e+25,0.8672911,0.8747119,310000.0,151467.36,149824.03,149824.05,18.954678,10.343454,8.540152,8.54015
1.796399e+25,0.88431317,0.8922114,310000.0,151467.34,149824.05,149824.05,18.954678,10.343132,8.540147,8.540151
1.796399e+25,0.87035954,0.8779357,310000.0,151467.36,149824.05,149824.05,18.954678,10.343242,8.540145,8.540151
1.796399e+25,0.865077,0.8725453,310000.0,151467.4,149824.05,149824.06,18.954678,10.343128,8.540155,8.540151
1.796399e+25,0.86559564,0.8730932,310000.0,151467.39,149824.06,149824.05,18.954678,10.343212,8.54015,8.540151
1.796399e+25,0.85917026,0.86669034,310000.0,151467.34,149824.05,149824.06,18.954678,10.343245,8.540141,8.540151
1.796399e+25,0.8666294,0.8742149,310000.0,151467.31,149824.05,149824.08,18.954678,10.343363,8.540151,8.540152
1.796399e+25,0.8348053,0.8418428,310000.0,151467.36,149824.08,149824.06,18.954678,10.343338,8.540149,8.540151
1.796399e+25,0.86695844,0.8746993,310000.0,151467.38,149824.05,149824.05,18.954678,10.343466,8.5401535,8.540152
1.796399e+25,0.83666605,0.84327936,310000.0,151467.38,149824.06,149824.05,18.954678,10.343378,8.5401535,8.540149
1.796399e+25,0.87153023,0.8790165,310000.0,151467.4,149824.05,149824.06,18.954678,10.343438,8.540148,8.540151
1.796399e+25,0.88002515,0.88786983,310000.0,151467.36,149824.05,149824.03,18.954678,10.343538,8.540152,8.540151
1.796399e+25,0.86306953,0.8706191,310000.0,151467.38,149824.05,149824.05,18.954678,10.343576,8.540152,8.540151
1.796399e+25,0.85897297,0.8666029,310000.0,151467.34,149824.06,149824.05,18.954678,10.343429,8.540152,8.54015
1.796399e+25,0.87525594,0.88298106,310000.0,151467.38,149824.03,149824.05,18.954678,10.3433275,8.54015,8.54015
1.796399e+25,0.87590665,0.8837854,310000.0,151467.36,149824.06,149824.06,18.954678,10.3431835,8.540154,8.540151
1.796399e+25,0.8515164,0.8589097,310000.0,151467.36,149824.06,149824.05,18.954678,10.343405,8.540145,8.540151
1.796399e+25,0.8582341,0.86528754,310000.0,151467.31,149824.05,149824.05,18.954678,10.3435755,8.540154,8.540151
1.796399e+25,0.85456973,0.8616324,310000.0,151467.44,149824.06,149824.05,18.954678,10.34355,8.54015,8.540151
1.796399e+25,0.85045046,0.8570753,310000.0,151467.4,149824.05,149824.06,18.954678,10.343323,8.540157,8.540151
1.796399e+25,0.8610424,0.86880344,310000.0,151467.33,149824.06,149824.06,18.954678,10.343442,8.540149,8.540151
1.796399e+25,0.85357803,0.86114746,310000.0,151467.42,149824.06,149824.06,18.954678,10.343277,8.540143,8.540152
1.796399e+25,0.86221987,0.8702481,310000.0,151467.34,149824.06,149824.06,18.954678,10.34328,8.540144,8.540151
1.796399e+25,0.85571814,0.8632524,310000.0,151467.31,149824.06,149824.06,18.954678,10.343143,8.540153,8.54015
1.796399e+25,0.86742336,0.87510484,310000.0,151467.38,149824.05,149824.06,18.954678,10.343368,8.540153,8.540152
1.796399e+25,0.84557354,0.852116,310000.0,151467.39,149824.05,149824.08,18.954678,10.343414,8.540144,8.54015
1.796399e+25,0.8565539,0.8633286,310000.0,151467.36,149824.03,149824.05,18.954678,10.3431015,8.540154,8.540151
1.796399e+25,0.84704703,0.85335994,310000.0,151467.38,149824.06,149824.08,18.954678,10.343275,8.540149,8.540148
1.796399e+25,0.8225117,0.8287032,310000.0,151467.39,149824.05,149824.08,18.954678,10.343387,8.540152,8.540148
1.796399e+25,0.8484016,0.85473615,310000.0,151467.34,149824.05,149824.05,18.954678,10.343153,8.540145,8.540148
1.796399e+25,0.8403547,0.84665865,310000.0,151467.33,149824.05,149824.06,18.954678,10.3432665,8.5401535,8.540147
1.796399e+25,0.84336793,0.8496206,310000.0,151467.39,149824.05,149824.05,18.954678,10.343479,8.540141,8.540148
1.796399e+25,0.84484446,0.8514751,310000.0,151467.42,149824.06,149824.06,18.954678,10.343685,8.540145,8.540148
1.796399e+25,0.84326875,0.84977716,310000.0,151467.39,149824.08,149824.03,18.954678,10.343051,8.540145,8.540148
1.796399e+25,0.8401366,0.84643424,310000.0,151467.36,149824.05,149824.06,18.954678,10.344045,8.540149,8.540147
1.796399e+25,0.83653575,0.84293807,310000.0,151467.4,149824.06,149824.03,18.954678,10.343527,8.54015,8.540147
1.796399e+25,0.85703033,0.8636456,310000.0,151467.39,149824.06,149824.06,18.954678,10.343372,8.540143,8.540147
1.796399e+25,0.84604603,0.85273516,310000.0,151467.39,149824.06,149824.06,18.954678,10.343476,8.540153,8.540148
1.796399e+25,0.858167,0.86490965,310000.0,151467.42,149824.06,149824.05,18.954678,10.343685,8.540152,8.540148
1.796399e+25,0.85579616,0.8624018,310000.0,151467.34,149824.05,149824.08,18.954678,10.343535,8.540145,8.540148
1.796399e+25,0.8509359,0.85754275,310000.0,151467.45,149824.06,149824.06,18.954678,10.34366,8.540153,8.540148
1.796399e+25,0.84720796,0.85368556,310000.0,151467.39,149824.08,149824.05,18.954678,10.343047,8.540148,8.540149
1.796399e+25,0.8425737,0.84899414,310000.0,151467.36,149824.06,149824.06,18.954678,10.343131,8.54015,8.540147
1.796399e+25,0.8243958,0.8307422,310000.0,151467.38,149824.05,149824.05,18.954678,10.343352,8.5401535,8.540147
1.796399e+25,0.841683,0.8480942,310000.0,151467.36,149824.05,149824.05,18.954678,10.343535,8.540151,8.540147
1.796399e+25,0.84763,0.8540914,310000.0,151467.4,149824.03,149824.06,18.954678,10.343598,8.54016,8.540147
1.796399e+25,0.862638,0.8695057,310000.0,151467.33,149824.05,149824.06,18.954678,10.342939,8.540149,8.540148
1.796399e+25,0.8530677,0.85963523,310000.0,151467.36,149824.05,149824.05,18.954678,10.343133,8.540143,8.540147
1.796399e+25,0.8603707,0.86699444,310000.0,151467.42,149824.06,149824.05,18.954678,10.343363,8.540152,8.540148
1.796399e+25,0.8532667,0.8599932,310000.0,151467.4,149824.08,149824.05,18.954678,10.343445,8.540147,8.540147
1.796399e+25,0.8372837,0.8436242,310000.0,151467.38,149824.05,149824.06,18.954678,10.343661,8.540152,8.540147
1.796399e+25,0.85159653,0.85831416,310000.0,151467.42,149824.03,149824.05,18.954678,10.343462,8.540151,8.540148
1.796399e+25,0.8533201,0.8599047,310000.0,151467.38,149824.06,149824.03,18.954678,10.34333,8.540153,8.540147
1.796399e+25,0.8401506,0.84663236,310000.0,151467.47,149824.06,149824.08,18.954678,10.3436575,8.540152,8.540147
1.796399e+25,0.8449016,0.85140914,310000.0,151467.38,149824.08,149824.05,18.954678,10.343354,8.54015,8.540147
1.796399e+25,0.85171473,0.85821885,310000.0,151467.38,149824.06,149824.06,18.954678,10.343388,8.540144,8.540148
1.796399e+25,0.8478746,0.8544844,310000.0,151467.44,149824.06,149824.06,18.954678,10.34331,8.540149,8.540147
1.796399e+25,0.85807353,0.8647863,310000.0,151467.38,149824.06,149824.05,18.954678,10.343668,8.54015,8.540147
1.796399e+25,0.8646247,0.8714503,310000.0,151467.36,149824.06,149824.05,18.954678,10.343045,8.540152,8.540148
1.796399e+25,0.85754937,0.86454725,310000.0,151467.38,149824.06,149824.06,18.954678,10.343367,8.540149,8.540148
1.796399e+25,0.8649819,0.87193274,310000.0,151467.4,149824.05,149824.08,18.954678,10.343322,8.540151,8.540147
1.796399e+25,0.8502367,0.856813,310000.0,151467.36,149824.06,149824.06,18.954678,10.343395,8.54015,8.540148
1.796399e+25,0.8449277,0.85135543,310000.0,151467.39,149824.06,149824.06,18.954678,10.343642,8.540142,8.540146
1.796399e+25,0.8555988,0.86228764,310000.0,151467.38,149824.06,149824.08,18.954678,10.3434105,8.540146,8.540148
1.796399e+25,0.85864407,0.8653211,310000.0,151467.39,149824.03,149824.06,18.954678,10.343437,8.540154,8.540148
1.796399e+25,0.8614642,0.86817545,310000.0,151467.39,149824.03,149824.06,18.954678,10.343579,8.540144,8.540147
1.796399e+25,0.8699623,0.8768053,310000.0,151467.39,149824.06,149824.06,18.954678,10.343594,8.540151,8.540148
1.796399e+25,0.8355327,0.84198874,310000.0,151467.4,149824.06,149824.06,18.954678,10.343472,8.540146,8.540148
1.796399e+25,0.8530503,0.85959095,310000.0,151467.39,149824.06,149824.06,18.954678,10.343185,8.540146,8.540148
1.796399e+25,0.83211845,0.83841425,310000.0,151467.36,149824.05,149824.03,18.954678,10.3433895,8.540145,8.540148
1.796399e+25,0.8560221,0.8626242,310000.0,151467.38,149824.02,149824.06,18.954678,10.3435335,8.540162,8.540148
1.796399e+25,0.84914833,0.85575986,310000.0,151467.36,149824.03,149824.05,18.954678,10.34364,8.540154,8.540147
1.796399e+25,0.85965574,0.86628735,310000.0,151467.38,149824.05,149824.05,18.954678,10.34343,8.540147,8.540147
1.796399e+25,0.84658384,0.85291594,310000.0,151467.33,149824.06,149824.05,18.954678,10.343018,8.540146,8.540148
1.796399e+25,0.84925437,0.85565186,310000.0,151467.44,149824.05,149824.08,18.954678,10.343535,8.54015,8.540148
1.796399e+25,0.84935755,0.8558543,310000.0,151467.4,149824.06,149824.06,18.954678,10.343377,8.540144,8.540148
1.796399e+25,0.84678334,0.85337645,310000.0,151467.36,149824.05,149824.05,18.954678,10.343227,8.540151,8.540148
1.796399e+25,0.85099345,0.8575575,310000.0,151467.33,149824.06,149824.05,18.954678,10.342959,8.540149,8.540147
1.796399e+25,0.86323947,0.87000614,310000.0,151467.4,149824.06,149824.06,18.954678,10.343503,8.540152,8.540147
1.796399e+25,0.8437669,0.85030305,310000.0,151467.36,149824.05,149824.06,18.954678,10.343469,8.540147,8.540147
1.796399e+25,0.8610917,0.8678116,310000.0,151467.36,149824.06,149824.05,18.954678,10.343142,8.540148,8.540147
1.796399e+25,0.8373855,0.8437641,310000.0,151467.47,149824.03,149824.05,18.954678,10.343909,8.540154,8.540148
1.796399e+25,0.8518847,0.85834914,310000.0,151467.28,149824.05,149824.03,18.954678,10.343328,8.540154,8.540148
1.796399e+25,0.840284,0.8467577,310000.0,151467.39,149824.06,149824.05,18.954678,10.343426,8.540147,8.540148
1.796399e+25,0.8488985,0.8552861,310000.0,151467.36,149824.05,149824.05,18.954678,10.343557,8.540153,8.540148
1.796399e+25,0.8459021,0.85235554,310000.0,151467.36,149824.06,149824.06,18.954678,10.343626,8.540154,8.540148
1.796399e+25,0.8552906,0.8616663,310000.0,151467.39,149824.08,149824.06,18.954678,10.343418,8.540143,8.540148
1.796399e+25,0.84666675,0.8531999,310000.0,151467.42,149824.05,149824.08,18.954678,10.343368,8.540157,8.540147
1.796399e+25,0.85065836,0.8572556,310000.0,151467.38,149824.05,149824.05,18.954678,10.3432865,8.540151,8.540148
1.796399e+25,0.8481828,0.85468537,310000.0,151467.44,149824.05,149824.06,18.954678,10.343538,8.540151,8.540147
1.796399e+25,0.85269374,0.8592526,310000.0,151467.42,149824.06,149824.06,18.954678,10.3434725,8.540153,8.540147
1.796399e+25,0.8502937,0.8568334,310000.0,151467.34,149824.05,149824.06,18.954678,10.3431015,8.540144,8.540147
1.796399e+25,0.8535856,0.86009616,310000.0,151467.39,149824.06,149824.06,18.954678,10.343399,8.540145,8.540148
1.796399e+25,0.8562559,0.86300826,310000.0,151467.4,149824.05,149824.05,18.954678,10.343602,8.5401535,8.540148
1.796399e+25,0.85704637,0.8635241,310000.0,151467.36,149824.05,149824.05,18.954678,10.343616,8.540153,8.540148
1.796399e+25,0.82885003,0.83506924,310000.0,151467.34,149824.05,149824.06,18.954678,10.343319,8.54015,8.540148
1.796399e+25,0.85479,0.8613339,310000.0,151467.39,149824.06,149824.06,18.954678,10.343602,8.540145,8.540147
1.796399e+25,0.851293,0.857838,310000.0,151467.34,149824.03,149824.06,18.954678,10.343305,8.540147,8.540147
1.796399e+25,0.8261565,0.8326375,310000.0,151467.45,149824.06,149824.05,18.954678,10.343616,8.540147,8.540147
1.796399e+25,0.8502643,0.8568738,310000.0,151467.42,149824.06,149824.03,18.954678,10.343441,8.540149,8.540148
1.796399e+25,0.8415592,0.84795034,310000.0,151467.38,149824.05,149824.05,18.954678,10.343308,8.540146,8.540147
1.796399e+25,0.8419828,0.84846175,310000.0,151467.38,149824.06,149824.06,18.954678,10.343574,8.540152,8.540147
1.796399e+25,0.8619999,0.8686188,310000.0,151467.42,149824.05,149824.05,18.954678,10.343342,8.54015,8.540147
1.796399e+25,0.8602514,0.86753404,310000.0,151467.33,149824.06,149824.06,18.954678,10.343349,8.540163,8.540147
1.796399e+25,0.8627833,0.8695384,310000.0,151467.44,149824.05,149824.05,18.954678,10.343934,8.540154,8.540147
1.796399e+25,0.8446813,0.85180694,310000.0,151467.31,149824.06,149824.06,18.954678,10.343199,8.54015,8.540147
1.796399e+25,0.86310285,0.87026924,310000.0,151467.38,149824.05,149824.06,18.954678,10.343315,8.540152,8.540149
1.796399e+25,0.8541389,0.8610734,310000.0,151467.34,149824.06,149824.05,18.954678,10.343231,8.540155,8.540147
1.796399e+25,0.8556816,0.86242646,310000.0,151467.39,149824.03,149824.05,18.954678,10.343396,8.540149,8.540148
1.796399e+25,0.8515415,0.85809,310000.0,151467.33,149824.05,149824.06,18.954678,10.342947,8.540154,8.540148
1.796399e+25,0.8704143,0.87707704,310000.0,151467.42,149824.06,149824.03,18.954678,10.343611,8.540152,8.540147
1.796399e+25,0.8487038,0.8553458,310000.0,151467.36,149824.05,149824.08,18.954678,10.343685,8.540156,8.540147
1.796399e+25,0.8561974,0.86274594,310000.0,151467.33,149824.05,149824.05,18.954678,10.343152,8.540154,8.540147
1.796399e+25,0.8525908,0.85907495,310000.0,151467.4,149824.05,149824.05,18.954678,10.343296,8.540144,8.540148
1.796399e+25,0.84596896,0.8524849,310000.0,151467.4,149824.06,149824.06,18.954678,10.343931,8.540152,8.540147
1.796399e+25,0.86794704,0.8746648,310000.0,151467.38,149824.06,149824.02,18.954678,10.343398,8.540146,8.540148
1.796399e+25,0.8496879,0.85630995,310000.0,151467.38,149824.06,149824.05,18.954678,10.34352,8.54015,8.540147
1.796399e+25,0.8500642,0.8565017,310000.0,151467.4,149824.05,149824.05,18.954678,10.343979,8.540156,8.540147
1.796399e+25,0.8668363,0.87361306,310000.0,151467.4,149824.03,149824.06,18.954678,10.34333,8.540149,8.540148
1.796399e+25,0.84622127,0.8528079,310000.0,151467.34,149824.05,149824.05,18.954678,10.343341,8.540164,8.540147
1.796399e+25,0.855022,0.86179703,310000.0,151467.38,149824.03,149824.05,18.954678,10.3432665,8.540143,8.540147
1.796399e+25,0.8545281,0.86118925,310000.0,151467.36,149824.05,149824.06,18.954678,10.343402,8.5401535,8.540148
1.796399e+25,0.84654355,0.85313255,310000.0,151467.34,149824.06,149824.03,18.954678,10.343734,8.540159,8.540146
1.796399e+25,0.8553219,0.8618653,310000.0,151467.4,149824.06,149824.06,18.954678,10.343744,8.540142,8.540148
1.796399e+25,0.86454654,0.871341,310000.0,151467.31,149824.03,149824.06,18.954678,10.343318,8.540152,8.540148
1.796399e+25,0.85120803,0.85760516,310000.0,151467.38,149824.05,149824.03,18.954678,10.343464,8.540152,8.540147
1.796399e+25,0.85448724,0.860969,310000.0,151467.34,149824.05,149824.03,18.954678,10.34308,8.540155,8.540147
1.796399e+25,0.8467218,0.8532357,310000.0,151467.38,149824.06,149824.06,18.954678,10.343173,8.540147,8.540148
1.796399e+25,0.8529999,0.85949093,310000.0,151467.4,149824.06,149824.05,18.954678,10.343334,8.540143,8.540147
1.796399e+25,0.85706985,0.8637573,310000.0,151467.39,149824.05,149824.05,18.954678,10.343603,8.540155,8.540147
1.796399e+25,0.84891367,0.85537314,310000.0,151467.34,149824.05,149824.06,18.954678,10.3433695,8.540149,8.540147
1.796399e+25,0.8568345,0.8635296,310000.0,151467.38,149824.06,149824.05,18.954678,10.343029,8.540146,8.540147
1.796399e+25,0.860012,0.8666928,310000.0,151467.39,149824.06,149824.05,18.954678,10.343326,8.540147,8.540147
1.796399e+25,0.8543232,0.861028,310000.0,151467.38,149824.06,149824.06,18.954678,10.343429,8.54015,8.540147
1.796399e+25,0.8567894,0.8632373,310000.0,151467.4,149824.06,149824.06,18.954678,10.343367,8.540145,8.540147
1.796399e+25,0.8617498,0.86840576,310000.0,151467.36,149824.05,149824.06,18.954678,10.343356,8.540142,8.540147
1.796399e+25,0.8639798,0.870613,310000.0,151467.39,149824.03,149824.05,18.954678,10.343519,8.540142,8.540147
1.796399e+25,0.8545204,0.8611127,310000.0,151467.36,149824.05,149824.06,18.954678,10.343295,8.540156,8.540147
1.796399e+25,0.856974,0.8635319,310000.0,151467.4,149824.08,149824.06,18.954678,10.343215,8.540145,8.540147
1.796399e+25,0.8520378,0.8587219,310000.0,151467.45,149824.03,149824.05,18.954678,10.343651,8.540146,8.540148
1.796399e+25,0.8508638,0.8578023,310000.0,151467.39,149824.08,149824.05,18.954678,10.343224,8.540151,8.540148
1.796399e+25,0.8605011,0.8674303,310000.0,151467.33,149824.06,149824.05,18.954678,10.34304,8.540153,8.540147
1.796399e+25,0.85037065,0.8571129,310000.0,151467.34,149824.05,149824.06,18.954678,10.343386,8.54015,8.540147
1.796399e+25,0.85263115,0.8594753,310000.0,151467.36,149824.06,149824.06,18.954678,10.343362,8.540148,8.540147
1.796399e+25,0.8383122,0.8448203,310000.0,151467.38,149824.05,149824.06,18.954678,10.343036,8.540143,8.540148
1.796399e+25,0.85199684,0.8585095,310000.0,151467.42,149824.05,149824.06,18.954678,10.343737,8.540147,8.540148
1.796399e+25,0.8481312,0.8544962,310000.0,151467.39,149824.06,149824.06,18.954678,10.343523,8.540153,8.540148
1.796399e+25,0.84939265,0.85592,310000.0,151467.39,149824.06,149824.03,18.954678,10.343546,8.540152,8.540148
1.796399e+25,0.8475346,0.85412365,310000.0,151467.39,149824.06,149824.05,18.954678,10.343217,8.540149,8.540148
1.796399e+25,0.85269624,0.85930675,310000.0,151467.36,149824.05,149824.06,18.954678,10.34354,8.540148,8.540147
1.796399e+25,0.8589391,0.8655172,310000.0,151467.38,149824.05,149824.06,18.954678,10.343498,8.54015,8.540147
1.796399e+25,0.8554769,0.86215824,310000.0,151467.34,149824.08,149824.06,18.954678,10.34316,8.540152,8.540148
1.796399e+25,0.86037266,0.86687714,310000.0,151467.4,149824.05,149824.06,18.954678,10.34345,8.540147,8.540148
1.796399e+25,0.847923,0.85437244,310000.0,151467.42,149824.05,149824.05,18.954678,10.343377,8.540148,8.540148
1.796399e+25,0.8572982,0.8639106,310000.0,151467.38,149824.03,149824.06,18.954678,10.343303,8.540155,8.540147
1.796399e+25,0.83880955,0.8453278,310000.0,151467.38,149824.06,149824.06,18.954678,10.343518,8.540154,8.540149
1.796399e+25,0.8614112,0.86817986,310000.0,151467.38,149824.05,149824.06,18.954678,10.3432865,8.540151,8.540147
1.796399e+25,0.8304705,0.8367333,310000.0,151467.42,149824.05,149824.06,18.954678,10.3433485,8.54015,8.540147
1.796399e+25,0.8478455,0.8545196,310000.0,151467.39,149824.06,149824.06,18.954678,10.343316,8.540149,8.540148
1.796399e+25,0.83530664,0.84135664,310000.0,151467.38,149824.03,149824.06,18.954678,10.343506,8.540152,8.5401535
1.796399e+25,0.8438227,0.8501098,310000.0,151467.38,149824.06,149824.06,18.954678,10.343256,8.540146,8.5401535
1.796399e+25,0.8460435,0.8524993,310000.0,151467.34,149824.06,149824.08,18.954678,10.343383,8.540151,8.5401535
1.796399e+25,0.8448255,0.8512616,310000.0,151467.3,149824.08,149824.05,18.954678,10.343182,8.540146,8.5401535
1.796399e+25,0.83126813,0.8373251,310000.0,151467.44,149824.05,149824.06,18.954678,10.343266,8.540155,8.5401535
1.796399e+25,0.85318124,0.8594729,310000.0,151467.34,149824.05,149824.05,18.954678,10.3430395,8.540148,8.5401535
1.796399e+25,0.83601826,0.84220386,310000.0,151467.38,149824.05,149824.06,18.954678,10.343599,8.540152,8.540153
1.796399e+25,0.85639274,0.86290014,310000.0,151467.4,149824.06,149824.05,18.954678,10.343554,8.54014,8.5401535
1.796399e+25,0.84587514,0.8521914,310000.0,151467.39,149824.05,149824.05,18.954678,10.343268,8.540148,8.5401535
1.796399e+25,0.84765065,0.85397846,310000.0,151467.39,149824.06,149824.06,18.954678,10.343636,8.540149,8.5401535
1.796399e+25,0.86058533,0.8669613,310000.0,151467.38,149824.06,149824.06,18.954678,10.343483,8.54015,8.540153
1.796399e+25,0.8508561,0.85730624,310000.0,151467.4,149824.05,149824.06,18.954678,10.3434925,8.540144,8.540154
1.796399e+25,0.8656896,0.8724532,310000.0,151467.36,149824.05,149824.05,18.954678,10.343397,8.540136,8.5401535
1.796399e+25,0.8661053,0.87316877,310000.0,151467.36,149824.06,149824.05,18.954678,10.3434925,8.540145,8.540153
1.796399e+25,0.86149424,0.86798346,310000.0,151467.4,149824.05,149824.08,18.954678,10.343784,8.540142,8.5401535
1.796399e+25,0.85375065,0.86055803,310000.0,151467.38,149824.06,149824.05,18.954678,10.343634,8.540144,8.5401535
1.796399e+25,0.8468408,0.85335207,310000.0,151467.44,149824.06,149824.05,18.954678,10.343614,8.540149,8.5401535
1.796399e+25,0.8338446,0.84003854,310000.0,151467.36,149824.06,149824.06,18.954678,10.343127,8.540141,8.540153
1.796399e+25,0.85246617,0.85891896,310000.0,151467.4,149824.05,149824.05,18.954678,10.3437805,8.540156,8.540153
1.796399e+25,0.8812943,0.88842416,310000.0,151467.36,149824.05,149824.05,18.954678,10.343473,8.540153,8.540153
1.796399e+25,0.86985,0.87678915,310000.0,151467.39,149824.06,149824.06,18.954678,10.343547,8.540146,8.5401535
1.796399e+25,0.8636956,0.8701073,310000.0,151467.34,149824.05,149824.06,18.954678,10.343722,8.540151,8.5401535
1.796399e+25,0.8611394,0.8676596,310000.0,151467.39,149824.06,149824.03,18.954678,10.343301,8.540158,8.540153
1.796399e+25,0.8459058,0.85232997,310000.0,151467.4,149824.06,149824.06,18.954678,10.343473,8.540137,8.5401535
1.796399e+25,0.8551008,0.86154985,310000.0,151467.38,149824.06,149824.05,18.954678,10.343316,8.540141,8.5401535
1.796399e+25,0.86404306,0.87062293,310000.0,151467.38,149824.05,149824.06,18.954678,10.3435755,8.540152,8.5401535
1.796399e+25,0.86066747,0.86709607,310000.0,151467.39,149824.06,149824.05,18.954678,10.343588,8.540151,8.5401535
1.796399e+25,0.86558014,0.8722013,310000.0,151467.36,149824.06,149824.05,18.954678,10.343369,8.540147,8.540153
1.796399e+25,0.8443259,0.8505297,310000.0,151467.34,149824.05,149824.06,18.954678,10.34324,8.540154,8.5401535
1.796399e+25,0.85593927,0.86238533,310000.0,151467.38,149824.05,149824.03,18.954678,10.343521,8.540145,8.5401535
1.796399e+25,0.854814,0.8612854,310000.0,151467.42,149824.03,149824.06,18.954678,10.34355,8.540147,8.540153
1.796399e+25,0.8628135,0.8693357,310000.0,151467.42,149824.05,149824.05,18.954678,10.343888,8.540158,8.5401535
1.796399e+25,0.85044086,0.8568978,310000.0,151467.47,149824.05,149824.03,18.954678,10.343632,8.540152,8.5401535
1.796399e+25,0.86353105,0.8697011,310000.0,151467.31,149824.06,149824.06,18.954678,10.343453,8.540147,8.5401535
1.796399e+25,0.8512919,0.857728,310000.0,151467.4,149824.05,149824.05,18.954678,10.34356,8.54015,8.540153
1.796399e+25,0.8455392,0.85185343,310000.0,151467.45,149824.06,149824.06,18.954678,10.343647,8.540159,8.5401535
1.796399e+25,0.8608517,0.86723596,310000.0,151467.39,149824.05,149824.05,18.954678,10.3437805,8.5401535,8.5401535
1.796399e+25,0.86082786,0.86735576,310000.0,151467.39,149824.05,149824.06,18.954678,10.343144,8.54015,8.540153
1.796399e+25,0.84799963,0.85439026,310000.0,151467.42,149824.05,149824.06,18.954678,10.343368,8.540144,8.540153
1.796399e+25,0.8668178,0.8734955,310000.0,151467.44,149824.05,149824.08,18.954678,10.34361,8.540144,8.5401535
1.796399e+25,0.8632043,0.869696,310000.0,151467.44,149824.08,149824.06,18.954678,10.343568,8.54015,8.540153
1.796399e+25,0.86911654,0.8756071,310000.0,151467.38,149824.03,149824.05,18.954678,10.343187,8.540149,8.540153
1.796399e+25,0.8537638,0.86022377,310000.0,151467.42,149824.03,149824.06,18.954678,10.343843,8.5401535,8.5401535
1.796399e+25,0.84310645,0.8494023,310000.0,151467.34,149824.05,149824.06,18.954678,10.343378,8.540149,8.540153
1.796399e+25,0.83950746,0.8458444,310000.0,151467.36,149824.08,149824.06,18.954678,10.343521,8.54016,8.5401535
1.796399e+25,0.86719584,0.8737693,310000.0,151467.39,149824.08,149824.05,18.954678,10.343427,8.540151,8.5401535
1.796399e+25,0.85238886,0.85880667,310000.0,151467.34,149824.06,149824.05,18.954678,10.343217,8.540152,8.5401535
1.796399e+25,0.83410984,0.84022033,310000.0,151467.34,149824.06,149824.05,18.954678,10.343176,8.540147,8.5401535
1.796399e+25,0.84927404,0.85566807,310000.0,151467.38,149824.06,149824.06,18.954678,10.3434,8.540155,8.5401535
1.796399e+25,0.8484394,0.85483754,310000.0,151467.36,149824.05,149824.08,18.954678,10.34301,8.54015,8.5401535
1.796399e+25,0.8541206,0.8605258,310000.0,151467.31,149824.05,149824.08,18.954678,10.343325,8.540149,8.540153
1.796399e+25,0.8659469,0.87384313,310000.0,151467.34,149824.05,149824.05,18.954678,10.343271,8.540147,8.540153
1.796399e+25,0.88191825,0.88917464,310000.0,151467.39,149824.05,149824.08,18.954678,10.343465,8.540146,8.5401535
1.796399e+25,0.8433011,0.8494632,310000.0,151467.38,149824.05,149824.06,18.954678,10.34339,8.540162,8.540153
1.796399e+25,0.8511673,0.85757595,310000.0,151467.34,149824.06,149824.05,18.954678,10.343072,8.540142,8.5401535
1.796399e+25,0.8570649,0.8634569,310000.0,151467.42,149824.06,149824.05,18.954678,10.343578,8.540148,8.5401535
1.796399e+25,0.86603135,0.87266564,310000.0,151467.39,149824.06,149824.06,18.954678,10.343363,8.54015,8.5401535
1.796399e+25,0.86612,0.87273645,310000.0,151467.33,149824.06,149824.08,18.954678,10.343257,8.540142,8.540153
1.796399e+25,0.86127406,0.8680016,310000.0,151467.38,149824.06,149824.05,18.954678,10.343276,8.540148,8.540153
1.796399e+25,0.8492614,0.8558025,310000.0,151467.42,149824.03,149824.06,18.954678,10.343499,8.540148,8.5401535
1.796399e+25,0.84602684,0.8522919,310000.0,151467.4,149824.05,149824.06,18.954678,10.34348,8.540147,8.5401535
1.796399e+25,0.83871853,0.8451329,310000.0,151467.39,149824.05,149824.06,18.954678,10.343277,8.540152,8.540153
1.796399e+25,0.8641132,0.87100554,310000.0,151467.38,149824.06,149824.08,18.954678,10.343346,8.540148,8.540153
1.796399e+25,0.8684147,0.87543106,310000.0,151467.39,149824.05,149824.05,18.954678,10.343344,8.540145,8.540152
1.796399e+25,0.8372959,0.8435576,310000.0,151467.33,149824.05,149824.05,18.954678,10.342918,8.540151,8.5401535
1.796399e+25,0.8567981,0.86393005,310000.0,151467.39,149824.05,149824.06,18.954678,10.343286,8.540146,8.540153
1.796399e+25,0.85469294,0.8615747,310000.0,151467.4,149824.05,149824.05,18.954678,10.343702,8.540147,8.540153
1.796399e+25,0.8544843,0.86136496,310000.0,151467.36,149824.03,149824.05,18.954678,10.342928,8.5401535,8.540153
1.796399e+25,0.843002,0.8494433,310000.0,151467.4,149824.05,149824.06,18.954678,10.343714,8.540145,8.5401535
1.796399e+25,0.8560074,0.86341375,310000.0,151467.39,149824.05,149824.05,18.954678,10.343427,8.54015,8.5401535
1.796399e+25,0.8568195,0.8639146,310000.0,151467.39,149824.06,149824.05,18.954678,10.343508,8.540153,8.540153
1.796399e+25,0.8542895,0.86133254,310000.0,151467.44,149824.05,149824.06,18.954678,10.343469,8.540147,8.5401535
1.796399e+25,0.87194955,0.879479,310000.0,151467.33,149824.05,149824.05,18.954678,10.343364,8.540147,8.540153
1.796399e+25,0.8699191,0.8775145,310000.0,151467.38,149824.05,149824.05,18.954678,10.343224,8.540142,8.5401535
1.796399e+25,0.8662865,0.8735365,310000.0,151467.39,149824.08,149824.06,18.954678,10.3433,8.540151,8.540153
1.796399e+25,0.8497418,0.8565269,310000.0,151467.36,149824.06,149824.05,18.954678,10.343413,8.540149,8.5401535
1.796399e+25,0.84923214,0.8561287,310000.0,151467.36,149824.1,149824.05,18.954678,10.343411,8.540142,8.540153
1.796399e+25,0.8777422,0.8849249,310000.0,151467.39,149824.06,149824.05,18.954678,10.343245,8.540147,8.5401535
1.796399e+25,0.8534083,0.8604691,310000.0,151467.34,149824.0,149824.05,18.954678,10.343211,8.540146,8.540153
1.796399e+25,0.8569699,0.86412585,310000.0,151467.42,149824.06,149824.08,18.954678,10.343492,8.5401535,8.5401535
1.796399e+25,0.8632419,0.870701,310000.0,151467.36,149824.05,149824.06,18.954678,10.343388,8.540153,8.540154
1.796399e+25,0.85724634,0.8646084,310000.0,151467.31,149824.05,149824.06,18.954678,10.342938,8.5401535,8.540153
1.796399e+25,0.8475994,0.85447985,310000.0,151467.36,149824.05,149824.05,18.954678,10.3435135,8.540165,8.5401535
1.796399e+25,0.8711676,0.8790121,310000.0,151467.4,149824.06,149824.06,18.954678,10.343478,8.540143,8.540153
1.796399e+25,0.825319,0.8321103,310000.0,151467.36,149824.06,149824.05,18.954678,10.343266,8.540138,8.540153
1.796399e+25,0.853103,0.85956746,310000.0,151467.39,149824.03,149824.05,18.954678,10.343325,8.54015,8.540153
1.796399e+25,0.858656,0.8657511,310000.0,151467.39,149824.05,149824.05,18.954678,10.343143,8.540145,8.540153
1.796399e+25,0.8578939,0.8648477,310000.0,151467.34,149824.06,149824.06,18.954678,10.34323,8.540151,8.540154
1.796399e+25,0.8556339,0.86246675,310000.0,151467.36,149824.03,149824.06,18.954678,10.343326,8.540137,8.5401535
1.796399e+25,0.8549125,0.8614837,310000.0,151467.36,149824.06,149824.06,18.954678,10.343406,8.540152,8.540153
1.796399e+25,0.8569406,0.8634357,310000.0,151467.39,149824.06,149824.06,18.954678,10.343453,8.540155,8.5401535
1.796399e+25,0.87195045,0.87917006,310000.0,151467.36,149824.03,149824.03,18.954678,10.34312,8.540152,8.540153
1.796399e+25,0.8690066,0.87823206,310000.0,151467.4,149824.05,149824.06,18.954678,10.343427,8.540152,8.5401535
1.796399e+25,0.8486561,0.85473436,310000.0,151467.31,149824.05,149824.08,18.954678,10.343297,8.54015,8.540155
1.796399e+25,0.8375776,0.84387743,310000.0,151467.38,149824.06,149824.05,18.954678,10.343248,8.5401535,8.5401535
1.796399e+25,0.8594547,0.8658225,310000.0,151467.38,149824.05,149824.06,18.954678,10.343464,8.5401535,8.540155
1.796399e+25,0.8394742,0.84566605,310000.0,151467.34,149824.06,149824.05,18.954678,10.343189,8.540151,8.5401535
1.796399e+25,0.84613425,0.8524771,310000.0,151467.3,149824.05,149824.06,18.954678,10.343118,8.540141,8.540154
1.796399e+25,0.86749434,0.87374306,310000.0,151467.42,149824.05,149824.05,18.954678,10.3433895,8.540152,8.5401535
1.796399e+25,0.84432656,0.8504754,310000.0,151467.4,149824.05,149824.06,18.954678,10.343454,8.540143,8.540155
1.796399e+25,0.8533408,0.8601936,310000.0,151467.33,149824.06,149824.05,18.954678,10.34325,8.5401535,8.540154
1.796399e+25,0.8563394,0.86225533,310000.0,151467.39,149824.06,149824.05,18.954678,10.343425,8.540156,8.540154
1.796399e+25,0.8470991,0.8533028,310000.0,151467.36,149824.06,149824.05,18.954678,10.343518,8.540147,8.540154
1.796399e+25,0.88469654,0.89060754,310000.0,151467.38,149824.06,149824.06,18.954678,10.343255,8.540145,8.540154
1.796399e+25,0.8574465,0.8638861,310000.0,151467.38,149824.03,149824.03,18.954678,10.343456,8.540142,8.5401535
1.796399e+25,0.8500378,0.8561907,310000.0,151467.4,149824.05,149824.06,18.954678,10.343787,8.540154,8.5401535
1.796399e+25,0.84779274,0.8540493,310000.0,151467.4,149824.06,149824.05,18.954678,10.3434925,8.540139,8.5401535
1.796399e+25,0.8490734,0.8553501,310000.0,151467.44,149824.06,149824.05,18.954678,10.343593,8.540149,8.5401535
1.796399e+25,0.85164016,0.858085,310000.0,151467.34,149824.05,149824.05,18.954678,10.343654,8.540146,8.5401535
1.796399e+25,0.8583831,0.86474943,310000.0,151467.34,149824.06,149824.06,18.954678,10.343069,8.540151,8.540154
1.796399e+25,0.84905934,0.85536283,310000.0,151467.39,149824.05,149824.06,18.954678,10.343708,8.540145,8.540154
1.796399e+25,0.8648441,0.8712994,310000.0,151467.39,149824.06,149824.06,18.954678,10.343484,8.54015,8.540154
1.796399e+25,0.8563642,0.8627988,310000.0,151467.39,149824.05,149824.06,18.954678,10.343366,8.540151,8.5401535
1.796399e+25,0.8498218,0.85613,310000.0,151467.4,149824.06,149824.06,18.954678,10.343403,8.54015,8.5401535
1.796399e+25,0.8640191,0.8706006,310000.0,151467.33,149824.06,149824.05,18.954678,10.343351,8.540154,8.540154
1.796399e+25,0.85277843,0.8591674,310000.0,151467.38,149824.06,149824.05,18.954678,10.343703,8.540149,8.5401535
1.796399e+25,0.8491067,0.85544026,310000.0,151467.36,149824.06,149824.06,18.954678,10.343238,8.540151,8.5401535
1.796399e+25,0.84338826,0.8495268,310000.0,151467.42,149824.06,149824.08,18.954678,10.3433485,8.540147,8.540154
1.796399e+25,0.84526426,0.8515189,310000.0,151467.42,149824.05,149824.05,18.954678,10.3436365,8.540145,8.5401535
1.796399e+25,0.8546357,0.8609303,310000.0,151467.42,149824.06,149824.06,18.954678,10.3434725,8.540156,8.540154
1.796399e+25,0.8375441,0.84353703,310000.0,151467.38,149824.05,149824.05,18.954678,10.343263,8.540154,8.5401535
1.796399e+25,0.8335371,0.8397727,310000.0,151467.42,149824.06,149824.05,18.954678,10.343606,8.5401535,8.540154
1.796399e+25,0.84572285,0.8521078,310000.0,151467.39,149824.06,149824.06,18.954678,10.343265,8.540153,8.540154
1.796399e+25,0.8630595,0.8695039,310000.0,151467.36,149824.05,149824.06,18.954678,10.343207,8.540156,8.540154
1.796399e+25,0.8500619,0.8563069,310000.0,151467.45,149824.06,149824.06,18.954678,10.343365,8.5401535,8.5401535
1.796399e+25,0.8717999,0.87857467,310000.0,151467.38,149824.06,149824.05,18.954678,10.343239,8.54015,8.5401535
1.796399e+25,0.845463,0.85173213,310000.0,151467.38,149824.06,149824.05,18.954678,10.343612,8.540146,8.5401535
1.796399e+25,0.87074804,0.8799194,310000.0,151467.42,149824.06,149824.06,18.954678,10.343689,8.540148,8.5401535
1.796399e+25,0.87999254,0.8893179,310000.0,151467.34,149824.05,149824.06,18.954678,10.343162,8.540157,8.540154
1.796399e+25,0.876418,0.884869,310000.0,151467.34,149824.06,149824.05,18.954678,10.343149,8.540149,8.540154
1.796399e+25,0.8879001,0.8951896,310000.0,151467.36,149824.05,149824.03,18.954678,10.343376,8.540146,8.540154
1.796399e+25,0.87126404,0.8781543,310000.0,151467.42,149824.05,149824.06,18.954678,10.343371,8.540146,8.5401535
1.796399e+25,0.8607074,0.8671598,310000.0,151467.44,149824.08,149824.05,18.954678,10.344034,8.540151,8.540154
1.796399e+25,0.8532179,0.85951376,310000.0,151467.39,149824.06,149824.06,18.954678,10.343281,8.540147,8.540154
1.796399e+25,0.8664214,0.8728792,310000.0,151467.42,149824.05,149824.05,18.954678,10.343506,8.540147,8.5401535
1.796399e+25,0.8634817,0.8699804,310000.0,151467.36,149824.05,149824.06,18.954678,10.343219,8.540151,8.540154
1.796399e+25,0.8566852,0.8630672,310000.0,151467.38,149824.06,149824.06,18.954678,10.343496,8.5401535,8.540155
1.796399e+25,0.86440957,0.8709563,310000.0,151467.38,149824.06,149824.05,18.954678,10.343783,8.540148,8.540153
1.796399e+25,0.8578406,0.86449856,310000.0,151467.44,149824.05,149824.05,18.954678,10.3438635,8.540151,8.540154
1.796399e+25,0.84795517,0.8541853,310000.0,151467.4,149824.05,149824.06,18.954678,10.343668,8.540146,8.540154
1.796399e+25,0.8606989,0.8673542,310000.0,151467.39,149824.06,149824.06,18.954678,10.343755,8.540152,8.540154
1.796399e+25,0.8501834,0.85661083,310000.0,151467.38,149824.05,149824.05,18.954678,10.343177,8.540151,8.5401535
1.796399e+25,0.8605212,0.86709416,310000.0,151467.39,149824.06,149824.06,18.954678,10.34342,8.540153,8.540154
1.796399e+25,0.8633748,0.8698757,310000.0,151467.34,149824.05,149824.06,18.954678,10.343202,8.540147,8.540154
1.796399e+25,0.8663285,0.8729847,310000.0,151467.38,149824.05,149824.05,18.954678,10.343424,8.540145,8.540153
1.796399e+25,0.86233693,0.86884826,310000.0,151467.38,149824.08,149824.05,18.954678,10.343194,8.540151,8.5401535
1.796399e+25,0.84769946,0.85394526,310000.0,151467.39,149824.06,149824.05,18.954678,10.343452,8.540145,8.5401535
1.796399e+25,0.853158,0.85953414,310000.0,151467.36,149824.05,149824.05,18.954678,10.343178,8.540152,8.540153
1.796399e+25,0.8528191,0.8589647,310000.0,151467.42,149824.03,149824.05,18.954678,10.3434105,8.540156,8.540154
1.796399e+25,0.865589,0.87212497,310000.0,151467.36,149824.06,149824.05,18.954678,10.343283,8.54015,8.540154
1.796399e+25,0.84679693,0.8532426,310000.0,151467.44,149824.05,149824.06,18.954678,10.343431,8.54015,8.5401535
1.796399e+25,0.8616481,0.8681026,310000.0,151467.42,149824.03,149824.05,18.954678,10.343574,8.540152,8.5401535
1.796399e+25,0.85528785,0.8616161,310000.0,151467.42,149824.05,149824.05,18.954678,10.343859,8.540144,8.5401535
1.796399e+25,0.8562567,0.86259735,310000.0,151467.31,149824.06,149824.05,18.954678,10.343206,8.540144,8.540153
1.796399e+25,0.85601,0.8643722,310000.0,151467.4,149824.06,149824.06,18.954678,10.343587,8.540159,8.540153
1.796399e+25,0.8664744,0.87323725,310000.0,151467.4,149824.06,149824.05,18.954678,10.343555,8.540154,8.5401535
1.796399e+25,0.8613099,0.8676276,310000.0,151467.38,149824.03,149824.06,18.954678,10.343593,8.540158,8.540154
1.796399e+25,0.8526018,0.8589178,310000.0,151467.39,149824.05,149824.06,18.954678,10.343352,8.540153,8.5401535
1.796399e+25,0.8647637,0.8712067,310000.0,151467.33,149824.06,149824.1,18.954678,10.343179,8.540151,8.540154
1.796399e+25,0.8635468,0.86999637,310000.0,151467.38,149824.05,149824.03,18.954678,10.343225,8.540144,8.5401535
1.796399e+25,0.85095793,0.85731256,310000.0,151467.38,149824.06,149824.05,18.954678,10.34334,8.54015,8.5401535
1.796399e+25,0.8546735,0.8609741,310000.0,151467.4,149824.05,149824.06,18.954678,10.343495,8.540147,8.5401535
1.796399e+25,0.85503334,0.8614353,310000.0,151467.42,149824.05,149824.05,18.954678,10.343603,8.540151,8.5401535
1.796399e+25,0.83688104,0.84305036,310000.0,151467.38,149824.06,149824.08,18.954678,10.343463,8.540141,8.540153
1.796399e+25,0.85381895,0.86017716,310000.0,151467.39,149824.06,149824.05,18.954678,10.343238,8.540144,8.540154
1.796399e+25,0.85834605,0.864741,310000.0,151467.36,149824.05,149824.06,18.954678,10.343334,8.540143,8.540154
1.796399e+25,0.84711426,0.85339326,310000.0,151467.42,149824.06,149824.05,18.954678,10.343806,8.540153,8.5401535
1.796399e+25,0.8363715,0.8425244,310000.0,151467.39,149824.06,149824.06,18.954678,10.343635,8.540157,8.540154
1.796399e+25,0.8358667,0.84214234,310000.0,151467.4,149824.05,149824.05,18.954678,10.343783,8.540146,8.540154
1.796399e+25,0.8527716,0.8590723,310000.0,151467.39,149824.06,149824.05,18.954678,10.343419,8.540153,8.5401535
1.796399e+25,0.84732664,0.85356265,310000.0,151467.33,149824.05,149824.06,18.954678,10.343373,8.540153,8.540153
1.796399e+25,0.8509483,0.85742676,310000.0,151467.31,149824.03,149824.05,18.954678,10.343507,8.540147,8.540154
1.796399e+25,0.8659176,0.8724984,310000.0,151467.4,149824.05,149824.05,18.954678,10.343701,8.540142,8.540154
1.796399e+25,0.8305585,0.8366766,310000.0,151467.38,149824.05,149824.05,18.954678,10.343481,8.540147,8.5401535
1.796399e+25,0.8514519,0.857696,310000.0,151467.38,149824.05,149824.06,18.954678,10.343173,8.540152,8.5401535
1.796399e+25,0.8464108,0.8530883,310000.0,151467.39,149824.08,149824.06,18.954678,10.343624,8.540146,8.5401535
1.796399e+25,0.8623259,0.86912185,310000.0,151467.44,149824.06,149824.06,18.954678,10.343717,8.54015,8.5401535
1.796399e+25,0.87022,0.87943465,310000.0,151467.36,149824.05,149824.06,18.954678,10.343453,8.540149,8.5401535
1.796399e+25,0.86627626,0.8747114,310000.0,151467.45,149824.05,149824.05,18.954678,10.343445,8.540143,8.540154
1.796399e+25,0.85663515,0.86384743,310000.0,151467.4,149824.05,149824.05,18.954678,10.343801,8.540148,8.5401535
1.796399e+25,0.87033296,0.8772876,310000.0,151467.34,149824.08,149824.05,18.954678,10.343221,8.540149,8.5401535
1.796399e+25,0.85026383,0.856607,310000.0,151467.4,149824.05,149824.06,18.954678,10.343391,8.540144,8.540155
1.796399e+25,0.8425279,0.8489471,310000.0,151467.36,149824.06,149824.05,18.954678,10.343155,8.540143,8.5401535
1.796399e+25,0.8518312,0.8584381,310000.0,151467.36,149824.06,149824.06,18.954678,10.343253,8.540146,8.540154
1.796399e+25,0.858146,0.864551,310000.0,151467.38,149824.08,149824.06,18.954678,10.343578,8.540153,8.540154
1.796399e+25,0.854405,0.8609659,310000.0,151467.38,149824.05,149824.08,18.954678,10.343304,8.54015,8.540154
1.796399e+25,0.8648602,0.87159663,310000.0,151467.4,149824.05,149824.06,18.954678,10.343436,8.540147,8.5401535
1.796399e+25,0.8350355,0.8411099,310000.0,151467.36,149824.06,149824.06,18.954678,10.34326,8.540152,8.540154
1.796399e+25,0.84870607,0.8551752,310000.0,151467.36,149824.06,149824.06,18.954678,10.343253,8.540149,8.540154
1.796399e+25,0.8576964,0.86422133,310000.0,151467.39,149824.05,149824.06,18.954678,10.343311,8.540146,8.540154
1.796399e+25,0.8604744,0.8672744,310000.0,151467.44,149824.05,149824.05,18.954678,10.3436575,8.54015,8.540147
1.796399e+25,0.84663576,0.85304207,310000.0,151467.34,149824.06,149824.05,18.954678,10.343328,8.540143,8.540146
1.796399e+25,0.83576757,0.8418179,310000.0,151467.36,149824.05,149824.05,18.954678,10.34307,8.5401535,8.540147
1.796399e+25,0.84697556,0.85325754,310000.0,151467.4,149824.06,149824.05,18.954678,10.343255,8.540149,8.540146
1.796399e+25,0.8537143,0.86013734,310000.0,151467.34,149824.03,149824.06,18.954678,10.343103,8.54015,8.540146
1.796399e+25,0.8487911,0.8551181,310000.0,151467.42,149824.03,149824.05,18.954678,10.343781,8.540148,8.540146
1.796399e+25,0.8534912,0.85980296,310000.0,151467.39,149824.06,149824.05,18.954678,10.3430805,8.540148,8.540146
1.796399e+25,0.8570919,0.86351234,310000.0,151467.34,149824.05,149824.06,18.954678,10.343371,8.540148,8.540146
1.796399e+25,0.89134985,0.8967723,310000.0,151467.44,149824.06,149824.05,18.954678,10.343326,8.540151,8.540146
1.796399e+25,0.8424906,0.84862083,310000.0,151467.36,149824.03,149824.05,18.954678,10.343594,8.5401535,8.540147
1.796399e+25,0.8425176,0.8486617,310000.0,151467.36,149824.05,149824.06,18.954678,10.34352,8.540151,8.540147
1.796399e+25,0.84921193,0.8555753,310000.0,151467.38,149824.06,149824.06,18.954678,10.3434515,8.540156,8.540147
1.796399e+25,0.8656408,0.872176,310000.0,151467.38,149824.05,149824.06,18.954678,10.3433075,8.540149,8.540147
1.796399e+25,0.85635924,0.8626639,310000.0,151467.39,149824.06,149824.05,18.954678,10.343442,8.540148,8.540146
1.796399e+25,0.8587315,0.86510736,310000.0,151467.36,149824.06,149824.06,18.954678,10.343253,8.540152,8.540147
1.796399e+25,0.8568652,0.8632104,310000.0,151467.45,149824.05,149824.06,18.954678,10.343567,8.540152,8.540147
1.796399e+25,0.85381776,0.8599739,310000.0,151467.42,149824.08,149824.05,18.954678,10.343256,8.540141,8.540147
1.796399e+25,0.84950626,0.85567373,310000.0,151467.36,149824.06,149824.05,18.954678,10.343615,8.540144,8.540146
1.796399e+25,0.8367715,0.8430064,310000.0,151467.39,149824.05,149824.08,18.954678,10.343409,8.540144,8.540147
1.796399e+25,0.85384196,0.86025816,310000.0,151467.36,149824.06,149824.08,18.954678,10.3431425,8.540152,8.540147
1.796399e+25,0.87664217,0.88278395,310000.0,151467.36,149824.05,149824.08,18.954678,10.343393,8.540148,8.540147
1.796399e+25,0.86515725,0.8715781,310000.0,151467.4,149824.06,149824.08,18.954678,10.34318,8.54015,8.540147
1.796399e+25,0.88494605,0.890343,310000.0,151467.38,149824.03,149824.05,18.954678,10.343397,8.540153,8.540147
1.796399e+25,0.85350245,0.859885,310000.0,151467.34,149824.05,149824.06,18.954678,10.343238,8.540146,8.540148
1.796399e+25,0.85164475,0.85803103,310000.0,151467.4,149824.03,149824.06,18.954678,10.343096,8.540151,8.540147
1.796399e+25,0.8689674,0.87667024,310000.0,151467.38,149824.06,149824.05,18.954678,10.343277,8.540152,8.540147
1.796399e+25,0.87443924,0.8814168,310000.0,151467.33,149824.05,149824.06,18.954678,10.343315,8.540152,8.540147
1.796399e+25,0.8579252,0.8649451,310000.0,151467.36,149824.05,149824.05,18.954678,10.343393,8.540146,8.540146
1.796399e+25,0.8784546,0.88746667,310000.0,151467.34,149824.05,149824.06,18.954678,10.343224,8.540155,8.540146
1.796399e+25,0.87343687,0.87999326,310000.0,151467.36,149824.05,149824.05,18.954678,10.343234,8.540153,8.540147
1.796399e+25,0.8543433,0.8606177,310000.0,151467.45,149824.06,149824.06,18.954678,10.343615,8.540153,8.540146
1.796399e+25,0.8423917,0.84877086,310000.0,151467.39,149824.06,149824.06,18.954678,10.343473,8.540144,8.540147
1.796399e+25,0.85227984,0.8586244,310000.0,151467.33,149824.05,149824.05,18.954678,10.343517,8.540156,8.540146
1.796399e+25,0.8461495,0.8523951,310000.0,151467.34,149824.05,149824.05,18.954678,10.343392,8.540161,8.540146
1.796399e+25,0.8544222,0.86079544,310000.0,151467.39,149824.06,149824.06,18.954678,10.3432045,8.540143,8.540146
1.796399e+25,0.85811573,0.8643083,310000.0,151467.4,149824.03,149824.06,18.954678,10.343369,8.540146,8.540146
1.796399e+25,0.8622513,0.8690766,310000.0,151467.34,149824.06,149824.06,18.954678,10.343096,8.540155,8.540147
1.796399e+25,0.8485743,0.8548295,310000.0,151467.4,149824.06,149824.05,18.954678,10.343616,8.540152,8.540146
1.796399e+25,0.8534665,0.85992414,310000.0,151467.4,149824.06,149824.05,18.954678,10.343308,8.540156,8.540146
1.796399e+25,0.85462976,0.86096394,310000.0,151467.4,149824.03,149824.06,18.954678,10.343522,8.540148,8.540146
1.796399e+25,0.8502785,0.8568679,310000.0,151467.39,149824.06,149824.05,18.954678,10.343863,8.540149,8.540146
1.796399e+25,0.837748,0.8438093,310000.0,151467.39,149824.06,149824.05,18.954678,10.343842,8.540156,8.540147
1.796399e+25,0.85947204,0.86575973,310000.0,151467.36,149824.06,149824.06,18.954678,10.343201,8.540146,8.540147
1.796399e+25,0.85335374,0.8597538,310000.0,151467.34,149824.06,149824.05,18.954678,10.343306,8.540156,8.540146
1.796399e+25,0.85061723,0.85683703,310000.0,151467.34,149824.06,149824.06,18.954678,10.342938,8.540149,8.540146
1.796399e+25,0.8592372,0.86554223,310000.0,151467.38,149824.06,149824.06,18.954678,10.343728,8.540151,8.540146
1.796399e+25,0.8729895,0.8795326,310000.0,151467.4,149824.05,149824.05,18.954678,10.343214,8.540154,8.540146
1.796399e+25,0.86227506,0.8686175,310000.0,151467.39,149824.05,149824.05,18.954678,10.343476,8.540147,8.540147
1.796399e+25,0.8553854,0.86168134,310000.0,151467.31,149824.06,149824.06,18.954678,10.343003,8.540151,8.540146
1.796399e+25,0.8555967,0.8619078,310000.0,151467.4,149824.06,149824.06,18.954678,10.343522,8.54014,8.540147
1.796399e+25,0.866884,0.8729506,310000.0,151467.39,149824.05,149824.06,18.954678,10.343428,8.540156,8.540147
1.796399e+25,0.8642976,0.8706236,310000.0,151467.39,149824.05,149824.05,18.954678,10.343337,8.54015,8.540147
1.796399e+25,0.8472996,0.85346174,310000.0,151467.4,149824.05,149824.05,18.954678,10.343533,8.540142,8.540146
1.796399e+25,0.86829835,0.8746724,310000.0,151467.36,149824.06,149824.06,18.954678,10.343162,8.540144,8.540147
1.796399e+25,0.86033463,0.8664518,310000.0,151467.38,149824.08,149824.05,18.954678,10.34356,8.540143,8.540146
1.796399e+25,0.8437608,0.84984255,310000.0,151467.4,149824.06,149824.05,18.954678,10.343537,8.540149,8.540146
1.796399e+25,0.8606641,0.867013,310000.0,151467.36,149824.03,149824.05,18.954678,10.343523,8.540152,8.540147
1.796399e+25,0.86195844,0.8682993,310000.0,151467.39,149824.05,149824.05,18.954678,10.343287,8.540147,8.540147
1.796399e+25,0.8645818,0.871058,310000.0,151467.38,149824.05,149824.05,18.954678,10.34354,8.540153,8.540146
1.796399e+25,0.8521427,0.8584698,310000.0,151467.44,149824.06,149824.05,18.954678,10.34328,8.540156,8.540146
1.796399e+25,0.8502038,0.85639346,310000.0,151467.36,149824.05,149824.05,18.954678,10.34378,8.540143,8.540147
1.796399e+25,0.85702133,0.86323625,310000.0,151467.39,149824.05,149824.08,18.954678,10.343769,8.540149,8.540146
1.796399e+25,0.84886384,0.8550699,310000.0,151467.4,149824.06,149824.05,18.954678,10.343396,8.54014,8.540147
1.796399e+25,0.84626853,0.85257757,310000.0,151467.34,149824.05,149824.05,18.954678,10.343226,8.54015,8.540145
1.796399e+25,0.85233074,0.85852754,310000.0,151467.38,149824.06,149824.03,18.954678,10.343282,8.54016,8.540146
1.796399e+25,0.8591747,0.86546266,310000.0,151467.36,149824.06,149824.05,18.954678,10.343473,8.540144,8.540146
1.796399e+25,0.8493493,0.85567796,310000.0,151467.39,149824.05,149824.08,18.954678,10.343543,8.540147,8.540146
1.796399e+25,0.8709831,0.8797374,310000.0,151467.34,149824.05,149824.05,18.954678,10.343148,8.5401535,8.540147
1.796399e+25,0.8743341,0.8833538,310000.0,151467.38,149824.05,149824.03,18.954678,10.343188,8.540152,8.540146
1.796399e+25,0.8545652,0.8608256,310000.0,151467.39,149824.06,149824.05,18.954678,10.34344,8.540153,8.540146
1.796399e+25,0.85880274,0.8649998,310000.0,151467.44,149824.05,149824.05,18.954678,10.343762,8.540143,8.540146
1.796399e+25,0.8582375,0.86459833,310000.0,151467.44,149824.05,149824.06,18.954678,10.343581,8.540145,8.540146
1.796399e+25,0.85951406,0.86586446,310000.0,151467.38,149824.08,149824.03,18.954678,10.343074,8.540149,8.540147
1.796399e+25,0.84933335,0.8555062,310000.0,151467.39,149824.05,149824.06,18.954678,10.343395,8.540153,8.540146
1.796399e+25,0.86027336,0.86648417,310000.0,151467.39,149824.06,149824.05,18.954678,10.343187,8.540149,8.540147
1.796399e+25,0.8704968,0.8790313,310000.0,151467.38,149824.03,149824.05,18.954678,10.34365,8.54015,8.540146
1.796399e+25,0.86607975,0.8746817,310000.0,151467.42,149824.06,149824.06,18.954678,10.343537,8.540149,8.540146
1.796399e+25,0.87723005,0.88593936,310000.0,151467.38,149824.06,149824.06,18.954678,10.343498,8.540139,8.540146
1.796399e+25,0.8566312,0.86300796,310000.0,151467.38,149824.06,149824.06,18.954678,10.343564,8.540144,8.540147
1.796399e+25,0.86197406,0.8682225,310000.0,151467.4,149824.06,149824.06,18.954678,10.343256,8.540147,8.540146
1.796399e+25,0.86689204,0.87336797,310000.0,151467.4,149824.06,149824.05,18.954678,10.34359,8.540147,8.540147
1.796399e+25,0.8640405,0.87055653,310000.0,151467.4,149824.05,149824.06,18.954678,10.343832,8.540147,8.540146
1.796399e+25,0.86223847,0.8685688,310000.0,151467.39,149824.05,149824.06,18.954678,10.343329,8.5401535,8.540147
1.796399e+25,0.86238307,0.8686099,310000.0,151467.34,149824.08,149824.05,18.954678,10.343423,8.540151,8.540147
1.796399e+25,0.86396784,0.870273,310000.0,151467.36,149824.06,149824.05,18.954678,10.343438,8.54015,8.540147
1.796399e+25,0.86738753,0.87389886,310000.0,151467.38,149824.05,149824.06,18.954678,10.343266,8.540152,8.540147
1.796399e+25,0.86514086,0.871523,310000.0,151467.34,149824.05,149824.05,18.954678,10.343334,8.540152,8.540147
1.796399e+25,0.86844814,0.8749181,310000.0,151467.38,149824.06,149824.05,18.954678,10.343187,8.540142,8.540146
1.796399e+25,0.8475398,0.8536513,310000.0,151467.39,149824.06,149824.06,18.954678,10.343422,8.540147,8.540146
1.796399e+25,0.8622798,0.8685869,310000.0,151467.36,149824.05,149824.05,18.954678,10.343352,8.540148,8.540146
1.796399e+25,0.8726635,0.879384,310000.0,151467.39,149824.06,149824.06,18.954678,10.343577,8.540144,8.540146
1.796399e+25,0.8608588,0.8671533,310000.0,151467.38,149824.05,149824.05,18.954678,10.343364,8.540153,8.540146
1.796399e+25,0.8643852,0.87059134,310000.0,151467.42,149824.05,149824.05,18.954678,10.343458,8.540149,8.540147
1.796399e+25,0.8600939,0.8663144,310000.0,151467.34,149824.05,149824.03,18.954678,10.343371,8.540161,8.540147
1.796399e+25,0.8629196,0.86924773,310000.0,151467.39,149824.05,149824.05,18.954678,10.343371,8.540149,8.540147
1.796399e+25,0.86577415,0.87206554,310000.0,151467.36,149824.06,149824.05,18.954678,10.343491,8.540153,8.540146
1.796399e+25,0.8514211,0.8576435,310000.0,151467.34,149824.05,149824.05,18.954678,10.343138,8.540148,8.540147
1.796399e+25,0.85953027,0.8658551,310000.0,151467.39,149824.05,149824.06,18.954678,10.34311,8.540145,8.540146
1.796399e+25,0.8645569,0.87084085,310000.0,151467.39,149824.05,149824.06,18.954678,10.343282,8.540139,8.540147
1.796399e+25,0.8518994,0.858173,310000.0,151467.38,149824.06,149824.05,18.954678,10.343408,8.540164,8.540146
1.796399e+25,0.87177306,0.87813014,310000.0,151467.31,149824.06,149824.05,18.954678,10.343371,8.540148,8.540148
1.796399e+25,0.8589462,0.8652739,310000.0,151467.38,149824.06,149824.05,18.954678,10.34325,8.540156,8.540147
1.796399e+25,0.8570103,0.86315,310000.0,151467.39,149824.06,149824.06,18.954678,10.343387,8.540152,8.540147
1.796399e+25,0.8479018,0.85417897,310000.0,151467.33,149824.06,149824.06,18.954678,10.343145,8.540142,8.540147
1.796399e+25,0.86999303,0.87674713,310000.0,151467.4,149824.06,149824.05,18.954678,10.343691,8.54014,8.540146
1.796399e+25,0.8502615,0.8564531,310000.0,151467.34,149824.06,149824.06,18.954678,10.343502,8.54015,8.540146
1.796399e+25,0.8579191,0.8642017,310000.0,151467.34,149824.06,149824.05,18.954678,10.343424,8.540155,8.540147
1.796399e+25,0.8632468,0.8709641,310000.0,151467.39,149824.06,149824.05,18.954678,10.343177,8.540138,8.540146
1.796399e+25,0.86593807,0.87238437,310000.0,151467.4,149824.06,149824.05,18.954678,10.343271,8.540159,8.540146
1.796399e+25,0.85327494,0.85960525,310000.0,151467.34,149824.05,149824.06,18.954678,10.343342,8.540147,8.540147
1.796399e+25,0.8617279,0.868076,310000.0,151467.39,149824.03,149824.03,18.954678,10.343729,8.540154,8.540146
1.796399e+25,0.852016,0.8582545,310000.0,151467.4,149824.05,149824.05,18.954678,10.344038,8.540162,8.540146
1.796399e+25,0.8679246,0.87435544,310000.0,151467.38,149824.05,149824.06,18.954678,10.343066,8.540144,8.5401535
1.796399e+25,0.85176903,0.8581997,310000.0,151467.38,149824.05,149824.05,18.954678,10.343385,8.540147,8.540154
1.796399e+25,0.85459805,0.8608074,310000.0,151467.4,149824.05,149824.06,18.954678,10.343484,8.540146,8.540154
1.796399e+25,0.842827,0.8490509,310000.0,151467.39,149824.06,149824.06,18.954678,10.343592,8.540145,8.540154
1.796399e+25,0.8366586,0.8427772,310000.0,151467.38,149824.05,149824.05,18.954678,10.343459,8.540147,8.540154
1.796399e+25,0.8444163,0.85066146,310000.0,151467.36,149824.05,149824.08,18.954678,10.343298,8.540144,8.540154
1.796399e+25,0.8623024,0.86876565,310000.0,151467.39,149824.03,149824.06,18.954678,10.343227,8.540148,8.540154
1.796399e+25,0.8572694,0.86367965,310000.0,151467.4,149824.06,149824.08,18.954678,10.343395,8.540145,8.540155
1.796399e+25,0.84805864,0.85416913,310000.0,151467.39,149824.03,149824.05,18.954678,10.343631,8.540148,8.5401535
1.796399e+25,0.85611016,0.86243623,310000.0,151467.39,149824.05,149824.05,18.954678,10.343324,8.54015,8.540154
1.796399e+25,0.86031365,0.8667752,310000.0,151467.38,149824.06,149824.05,18.954678,10.343679,8.540155,8.540154
1.796399e+25,0.86490554,0.87126607,310000.0,151467.44,149824.06,149824.05,18.954678,10.343642,8.540151,8.540155
1.796399e+25,0.85100967,0.857296,310000.0,151467.4,149824.05,149824.05,18.954678,10.343752,8.54015,8.5401535
1.796399e+25,0.8662295,0.8726276,310000.0,151467.34,149824.05,149824.05,18.954678,10.343247,8.5401535,8.540154
1.796399e+25,0.8489899,0.85525316,310000.0,151467.38,149824.06,149824.08,18.954678,10.343203,8.540146,8.540154
1.796399e+25,0.8548615,0.8610342,310000.0,151467.4,149824.03,149824.05,18.954678,10.343245,8.540152,8.5401535
1.796399e+25,0.851726,0.8579674,310000.0,151467.38,149824.06,149824.02,18.954678,10.343327,8.5401535,8.540154
1.796399e+25,0.8571666,0.86329085,310000.0,151467.31,149824.05,149824.06,18.954678,10.343156,8.54014,8.540154
1.796399e+25,0.8628891,0.86922765,310000.0,151467.4,149824.05,149824.06,18.954678,10.34356,8.540147,8.540154
1.796399e+25,0.84803206,0.8541345,310000.0,151467.38,149824.05,149824.05,18.954678,10.343201,8.540154,8.540154
1.796399e+25,0.88568604,0.89547,310000.0,151467.42,149824.06,149824.05,18.954678,10.343516,8.540147,8.5401535
1.796399e+25,0.8533424,0.8597354,310000.0,151467.34,149824.05,149824.08,18.954678,10.343507,8.540146,8.540155
1.796399e+25,0.84777266,0.8539777,310000.0,151467.39,149824.03,149824.05,18.954678,10.343778,8.540156,8.540154
1.796399e+25,0.8619319,0.8690674,310000.0,151467.36,149824.08,149824.08,18.954678,10.343274,8.540148,8.540154
1.796399e+25,0.8614527,0.8679985,310000.0,151467.4,149824.06,149824.06,18.954678,10.343281,8.540149,8.540154
1.796399e+25,0.8610954,0.8674663,310000.0,151467.39,149824.06,149824.06,18.954678,10.343493,8.540153,8.5401535
1.796399e+25,0.8620253,0.8697812,310000.0,151467.36,149824.06,149824.05,18.954678,10.343408,8.540151,8.540154
1.796399e+25,0.8676615,0.8754669,310000.0,151467.39,149824.05,149824.05,18.954678,10.343653,8.540153,8.540155
1.796399e+25,0.84637785,0.85271674,310000.0,151467.42,149824.05,149824.06,18.954678,10.343509,8.540144,8.540154
1.796399e+25,0.87856495,0.8864221,310000.0,151467.36,149824.05,149824.06,18.954678,10.343564,8.540148,8.540155
1.796399e+25,0.85588914,0.8617098,310000.0,151467.4,149824.06,149824.06,18.954678,10.343859,8.540159,8.540155
1.796399e+25,0.853176,0.85947514,310000.0,151467.4,149824.05,149824.06,18.954678,10.343849,8.540158,8.540154
1.796399e+25,0.8456017,0.8519944,310000.0,151467.4,149824.08,149824.06,18.954678,10.343547,8.540142,8.540154
1.796399e+25,0.85337293,0.85971457,310000.0,151467.36,149824.06,149824.06,18.954678,10.343336,8.540143,8.540155
1.796399e+25,0.8566768,0.863027,310000.0,151467.38,149824.06,149824.05,18.954678,10.343146,8.540144,8.540155
1.796399e+25,0.8476373,0.8539817,310000.0,151467.34,149824.06,149824.05,18.954678,10.343222,8.540156,8.540154
1.796399e+25,0.8464055,0.85254645,310000.0,151467.44,149824.05,149824.05,18.954678,10.343974,8.54015,8.540154
1.796399e+25,0.8656266,0.87211126,310000.0,151467.4,149824.06,149824.05,18.954678,10.343684,8.54015,8.540154
1.796399e+25,0.8560583,0.8622877,310000.0,151467.44,149824.05,149824.06,18.954678,10.343539,8.540151,8.540154
1.796399e+25,0.8435666,0.84966934,310000.0,151467.36,149824.05,149824.06,18.954678,10.343116,8.540143,8.5401535
1.796399e+25,0.8570663,0.8632685,310000.0,151467.4,149824.06,149824.06,18.954678,10.343488,8.540153,8.540154
1.796399e+25,0.85973316,0.8660981,310000.0,151467.39,149824.06,149824.05,18.954678,10.343751,8.540154,8.540154
1.796399e+25,0.85590404,0.8623298,310000.0,151467.39,149824.05,149824.05,18.954678,10.343363,8.540145,8.540153
1.796399e+25,0.8692633,0.8755838,310000.0,151467.36,149824.06,149824.08,18.954678,10.343249,8.540151,8.540154
1.796399e+25,0.8544939,0.86128867,310000.0,151467.36,149824.05,149824.05,18.954678,10.343407,8.540147,8.540154
1.796399e+25,0.86045235,0.86702377,310000.0,151467.44,149824.05,149824.05,18.954678,10.343485,8.540155,8.540154
1.796399e+25,0.8674454,0.87392426,310000.0,151467.42,149824.06,149824.08,18.954678,10.343381,8.540152,8.540155
1.796399e+25,0.8714454,0.87840503,310000.0,151467.36,149824.05,149824.05,18.954678,10.343365,8.540156,8.540154
1.796399e+25,0.8698844,0.8768645,310000.0,151467.39,149824.06,149824.06,18.954678,10.343619,8.540144,8.540154
1.796399e+25,0.8470354,0.85329163,310000.0,151467.34,149824.03,149824.08,18.954678,10.343135,8.5401535,8.540154
1.796399e+25,0.8600767,0.86625934,310000.0,151467.38,149824.05,149824.02,18.954678,10.343083,8.540137,8.540154
1.796399e+25,0.85645366,0.862693,310000.0,151467.34,149824.05,149824.03,18.954678,10.343401,8.540155,8.540154
1.796399e+25,0.85699266,0.86325043,310000.0,151467.39,149824.03,149824.05,18.954678,10.343326,8.540143,8.540154
1.796399e+25,0.86639446,0.8726954,310000.0,151467.39,149824.03,149824.06,18.954678,10.343758,8.540144,8.540154
1.796399e+25,0.85840285,0.86492574,310000.0,151467.38,149824.05,149824.05,18.954678,10.343201,8.540141,8.540154
1.796399e+25,0.8721118,0.8785311,310000.0,151467.38,149824.06,149824.06,18.954678,10.343372,8.540144,8.540154
1.796399e+25,0.87021744,0.8767639,310000.0,151467.38,149824.06,149824.06,18.954678,10.343374,8.540152,8.540155
1.796399e+25,0.85573596,0.8619213,310000.0,151467.42,149824.05,149824.05,18.954678,10.343375,8.540152,8.540154
1.796399e+25,0.85158783,0.85783535,310000.0,151467.42,149824.05,149824.03,18.954678,10.343419,8.540143,8.540154
1.796399e+25,0.85408914,0.8602721,310000.0,151467.38,149824.06,149824.08,18.954678,10.343288,8.540151,8.540155
1.796399e+25,0.8601888,0.86659473,310000.0,151467.34,149824.06,149824.06,18.954678,10.343114,8.540143,8.540154
1.796399e+25,0.8579232,0.86421007,310000.0,151467.4,149824.08,149824.06,18.954678,10.343504,8.540151,8.540154
1.796399e+25,0.85451883,0.8605744,310000.0,151467.39,149824.05,149824.05,18.954678,10.343536,8.540137,8.5401535
1.796399e+25,0.86624306,0.8734578,310000.0,151467.36,149824.06,149824.06,18.954678,10.343473,8.540148,8.540154
1.796399e+25,0.8471226,0.8531508,310000.0,151467.42,149824.06,149824.05,18.954678,10.343237,8.540145,8.540154
1.796399e+25,0.8629218,0.86948055,310000.0,151467.4,149824.05,149824.06,18.954678,10.3434,8.540143,8.540154
1.796399e+25,0.8756945,0.88213056,310000.0,151467.38,149824.06,149824.06,18.954678,10.343254,8.540145,8.540155
1.796399e+25,0.87572443,0.8821084,310000.0,151467.38,149824.06,149824.06,18.954678,10.343448,8.540149,8.540154
1.796399e+25,0.86437714,0.870831,310000.0,151467.44,149824.06,149824.08,18.954678,10.343499,8.540144,8.5401535
1.796399e+25,0.84840006,0.85453665,310000.0,151467.34,149824.06,149824.05,18.954678,10.343339,8.54016,8.540154
1.796399e+25,0.8528004,0.86114055,310000.0,151467.33,149824.06,149824.08,18.954678,10.343345,8.540148,8.540155
1.796399e+25,0.85569036,0.8618688,310000.0,151467.39,149824.05,149824.06,18.954678,10.343433,8.540135,8.540154
1.796399e+25,0.8861859,0.8920599,310000.0,151467.33,149824.05,149824.08,18.954678,10.34308,8.540147,8.540154
1.796399e+25,0.8825486,0.888297,310000.0,151467.4,149824.05,149824.03,18.954678,10.343566,8.540135,8.540153
1.796399e+25,0.86932784,0.8754829,310000.0,151467.36,149824.06,149824.06,18.954678,10.343112,8.540146,8.540154
1.796399e+25,0.8592937,0.86555785,310000.0,151467.3,149824.05,149824.06,18.954678,10.343034,8.54015,8.540155
1.796399e+25,0.8561347,0.8624274,310000.0,151467.36,149824.05,149824.08,18.954678,10.343183,8.540149,8.540154
1.796399e+25,0.8699644,0.8761584,310000.0,151467.36,149824.06,149824.05,18.954678,10.343134,8.540156,8.5401535
1.796399e+25,0.86198515,0.86851907,310000.0,151467.42,149824.06,149824.06,18.954678,10.343619,8.540164,8.540154
1.796399e+25,0.87077177,0.8774982,310000.0,151467.44,149824.08,149824.06,18.954678,10.343856,8.540155,8.540155
1.796399e+25,0.86239433,0.86918485,310000.0,151467.34,149824.05,149824.06,18.954678,10.343291,8.54016,8.540154
1.796399e+25,0.86631715,0.87289816,310000.0,151467.34,149824.05,149824.06,18.954678,10.343691,8.540144,8.540155
1.796399e+25,0.86861193,0.8751537,310000.0,151467.4,149824.06,149824.06,18.954678,10.343936,8.54015,8.540155
1.796399e+25,0.85582286,0.863846,310000.0,151467.4,149824.05,149824.05,18.954678,10.3435955,8.5401535,8.5401535
1.796399e+25,0.86405236,0.87046784,310000.0,151467.39,149824.05,149824.06,18.954678,10.343465,8.540151,8.540155
1.796399e+25,0.8521969,0.8584537,310000.0,151467.38,149824.06,149824.06,18.954678,10.343215,8.5401535,8.540154
1.796399e+25,0.86546,0.8719442,310000.0,151467.38,149824.05,149824.06,18.954678,10.343628,8.540152,8.5401535
1.796399e+25,0.8705486,0.87694764,310000.0,151467.39,149824.05,149824.05,18.954678,10.343438,8.540144,8.540154
1.796399e+25,0.84444755,0.85063547,310000.0,151467.4,149824.05,149824.08,18.954678,10.343239,8.54015,8.540154
1.796399e+25,0.8433986,0.84964615,310000.0,151467.36,149824.06,149824.05,18.954678,10.343346,8.540143,8.540153
1.796399e+25,0.8574606,0.8638841,310000.0,151467.36,149824.05,149824.05,18.954678,10.343091,8.540144,8.540154
1.796399e+25,0.85128844,0.8575539,310000.0,151467.38,149824.05,149824.03,18.954678,10.343413,8.5401535,8.540154
1.796399e+25,0.86482775,0.8712323,310000.0,151467.39,149824.05,149824.06,18.954678,10.343317,8.540153,8.540154
1.796399e+25,0.8745044,0.88115996,310000.0,151467.38,149824.08,149824.06,18.954678,10.343239,8.540145,8.540154
1.796399e+25,0.8528255,0.8599377,310000.0,151467.44,149824.06,149824.05,18.954678,10.343356,8.540151,8.540154
1.796399e+25,0.86269027,0.8691955,310000.0,151467.4,149824.06,149824.08,18.954678,10.343334,8.540143,8.540155
1.796399e+25,0.854999,0.8610463,310000.0,151467.38,149824.05,149824.05,18.954678,10.343401,8.540153,8.540155
1.796399e+25,0.83633816,0.84243214,310000.0,151467.38,149824.03,149824.03,18.954678,10.3435135,8.540147,8.5401535
1.796399e+25,0.8581033,0.86442024,310000.0,151467.39,149824.05,149824.06,18.954678,10.34331,8.540153,8.540154
1.796399e+25,0.86146146,0.86783665,310000.0,151467.34,149824.08,149824.05,18.954678,10.34332,8.540142,8.5401535
1.796399e+25,0.8596979,0.8658661,310000.0,151467.42,149824.03,149824.06,18.954678,10.343575,8.540161,8.540151
1.796399e+25,0.85144746,0.857652,310000.0,151467.39,149824.05,149824.08,18.954678,10.343507,8.540144,8.54015
1.796399e+25,0.85018176,0.8563222,310000.0,151467.4,149824.05,149824.06,18.954678,10.343316,8.540157,8.54015
1.796399e+25,0.8502633,0.85647357,310000.0,151467.4,149824.03,149824.03,18.954678,10.34348,8.540146,8.54015
1.796399e+25,0.86050373,0.86658144,310000.0,151467.36,149824.05,149824.06,18.954678,10.3436575,8.540154,8.540151
1.796399e+25,0.8615625,0.8678784,310000.0,151467.34,149824.05,149824.05,18.954678,10.343399,8.540142,8.54015
1.796399e+25,0.8367883,0.842778,310000.0,151467.45,149824.05,149824.1,18.954678,10.343474,8.540156,8.540151
1.796399e+25,0.8470642,0.8531752,310000.0,151467.39,149824.06,149824.05,18.954678,10.343614,8.540153,8.540151
1.796399e+25,0.8624317,0.8687125,310000.0,151467.4,149824.06,149824.06,18.954678,10.343401,8.540142,8.540151
1.796399e+25,0.8609823,0.86772084,310000.0,151467.38,149824.05,149824.06,18.954678,10.343339,8.540149,8.54015
1.796399e+25,0.85087126,0.85698926,310000.0,151467.34,149824.05,149824.06,18.954678,10.343115,8.540155,8.540149
1.796399e+25,0.87052226,0.8768677,310000.0,151467.42,149824.05,149824.05,18.954678,10.343323,8.540157,8.54015
1.796399e+25,0.86501396,0.8712984,310000.0,151467.39,149824.06,149824.05,18.954678,10.343096,8.540149,8.540151
1.796399e+25,0.86290574,0.8691703,310000.0,151467.34,149824.05,149824.05,18.954678,10.343365,8.540149,8.54015
1.796399e+25,0.8633268,0.869834,310000.0,151467.36,149824.05,149824.05,18.954678,10.343242,8.54015,8.540151
1.796399e+25,0.85272557,0.85894376,310000.0,151467.38,149824.06,149824.05,18.954678,10.343204,8.54015,8.54015
1.796399e+25,0.85533136,0.8614922,310000.0,151467.42,149824.06,149824.05,18.954678,10.343519,8.540141,8.54015
1.796399e+25,0.8692442,0.8758469,310000.0,151467.38,149824.06,149824.06,18.954678,10.343458,8.540159,8.54015
1.796399e+25,0.8556144,0.861653,310000.0,151467.4,149824.03,149824.05,18.954678,10.343186,8.54015,8.54015
1.796399e+25,0.8723179,0.8786248,310000.0,151467.39,149824.02,149824.05,18.954678,10.343358,8.540149,8.540151
1.796399e+25,0.86328435,0.8699275,310000.0,151467.44,149824.03,149824.06,18.954678,10.343465,8.540153,8.540151
1.796399e+25,0.8541421,0.86023927,310000.0,151467.39,149824.05,149824.03,18.954678,10.343552,8.540146,8.54015
1.796399e+25,0.86168826,0.86791545,310000.0,151467.39,149824.05,149824.05,18.954678,10.343777,8.540152,8.54015
1.796399e+25,0.8723846,0.8787478,310000.0,151467.4,149824.05,149824.05,18.954678,10.3436,8.540151,8.54015
1.796399e+25,0.860142,0.8662882,310000.0,151467.36,149824.03,149824.06,18.954678,10.343662,8.540164,8.540151
1.796399e+25,0.86389256,0.8703213,310000.0,151467.38,149824.05,149824.05,18.954678,10.343433,8.540146,8.54015
1.796399e+25,0.86260724,0.86888456,310000.0,151467.47,149824.05,149824.05,18.954678,10.343597,8.540153,8.54015
1.796399e+25,0.86276615,0.8690227,310000.0,151467.4,149824.08,149824.08,18.954678,10.343299,8.540153,8.540151
1.796399e+25,0.8723259,0.8786392,310000.0,151467.42,149824.08,149824.06,18.954678,10.3434105,8.540147,8.540151
1.796399e+25,0.8648913,0.8711563,310000.0,151467.42,149824.03,149824.06,18.954678,10.344174,8.540151,8.540149
1.796399e+25,0.8591362,0.8652363,310000.0,151467.39,149824.05,149824.06,18.954678,10.343414,8.540134,8.54015
1.796399e+25,0.8726888,0.8790076,310000.0,151467.42,149824.05,149824.06,18.954678,10.343654,8.54015,8.540151
1.796399e+25,0.86241513,0.8688218,310000.0,151467.34,149824.06,149824.05,18.954678,10.343513,8.540149,8.540151
1.796399e+25,0.8540258,0.8607394,310000.0,151467.4,149824.05,149824.06,18.954678,10.343697,8.5401535,8.540151
1.796399e+25,0.8753955,0.88175875,310000.0,151467.34,149824.05,149824.06,18.954678,10.343339,8.540149,8.540151
1.796399e+25,0.8545068,0.86049134,310000.0,151467.4,149824.05,149824.06,18.954678,10.34361,8.540141,8.54015
1.796399e+25,0.88742095,0.89429384,310000.0,151467.38,149824.05,149824.06,18.954678,10.343573,8.540153,8.540151
1.796399e+25,0.8579563,0.864269,310000.0,151467.34,149824.06,149824.05,18.954678,10.343461,8.540152,8.54015
1.796399e+25,0.8696508,0.8760453,310000.0,151467.38,149824.06,149824.05,18.954678,10.343441,8.540145,8.54015
1.796399e+25,0.8686779,0.87519693,310000.0,151467.36,149824.05,149824.05,18.954678,10.34336,8.540148,8.540151
1.796399e+25,0.889081,0.8954264,310000.0,151467.39,149824.08,149824.06,18.954678,10.3434515,8.540146,8.54015
1.796399e+25,0.8722021,0.8785279,310000.0,151467.39,149824.05,149824.06,18.954678,10.343511,8.540152,8.540151
1.796399e+25,0.8691862,0.8754354,310000.0,151467.38,149824.06,149824.06,18.954678,10.343567,8.540147,8.540151
1.796399e+25,0.86953676,0.8756509,310000.0,151467.33,149824.03,149824.05,18.954678,10.343056,8.540145,8.54015
1.796399e+25,0.8692108,0.87550676,310000.0,151467.38,149824.06,149824.05,18.954678,10.34345,8.540154,8.540149
1.796399e+25,0.8597296,0.8659911,310000.0,151467.36,149824.08,149824.05,18.954678,10.34315,8.540141,8.540151
1.796399e+25,0.86519194,0.87128705,310000.0,151467.34,149824.03,149824.06,18.954678,10.343349,8.540139,8.540151
1.796399e+25,0.84721196,0.8531478,310000.0,151467.33,149824.06,149824.06,18.954678,10.343495,8.540164,8.54015
1.796399e+25,0.86859953,0.8749602,310000.0,151467.39,149824.05,149824.06,18.954678,10.343494,8.540148,8.540151
1.796399e+25,0.8563395,0.8624311,310000.0,151467.38,149824.05,149824.05,18.954678,10.343315,8.540145,8.540151
1.796399e+25,0.87247443,0.8790197,310000.0,151467.34,149824.05,149824.06,18.954678,10.343548,8.540153,8.540151
1.796399e+25,0.86061144,0.86687803,310000.0,151467.42,149824.05,149824.06,18.954678,10.34346,8.540148,8.540151
1.796399e+25,0.8611119,0.8674108,310000.0,151467.38,149824.03,149824.06,18.954678,10.343624,8.54014,8.54015
1.796399e+25,0.8841555,0.8905714,310000.0,151467.38,149824.08,149824.05,18.954678,10.343865,8.540151,8.54015
1.796399e+25,0.8677936,0.87400943,310000.0,151467.39,149824.05,149824.05,18.954678,10.343092,8.540149,8.540151
1.796399e+25,0.87055176,0.87688273,310000.0,151467.4,149824.03,149824.05,18.954678,10.343573,8.540147,8.54015
1.796399e+25,0.861891,0.86804354,310000.0,151467.38,149824.06,149824.06,18.954678,10.343523,8.540144,8.540151
1.796399e+25,0.85604465,0.8620381,310000.0,151467.4,149824.06,149824.05,18.954678,10.343381,8.5401535,8.54015
1.796399e+25,0.86283565,0.8690694,310000.0,151467.39,149824.05,149824.05,18.954678,10.343477,8.540145,8.540151
1.796399e+25,0.8933756,0.9013657,310000.0,151467.38,149824.05,149824.08,18.954678,10.343202,8.540149,8.54015
1.796399e+25,0.880182,0.8890674,310000.0,151467.39,149824.05,149824.06,18.954678,10.343294,8.540154,8.54015
1.796399e+25,0.871121,0.8802693,310000.0,151467.44,149824.03,149824.03,18.954678,10.3437,8.540154,8.540151
1.796399e+25,0.870688,0.8796736,310000.0,151467.4,149824.06,149824.05,18.954678,10.343508,8.54015,8.54015
1.796399e+25,0.8595823,0.86632854,310000.0,151467.39,149824.05,149824.05,18.954678,10.343389,8.540147,8.540151
1.796399e+25,0.8795362,0.88849473,310000.0,151467.34,149824.05,149824.08,18.954678,10.34317,8.540154,8.540151
1.796399e+25,0.86791414,0.87688184,310000.0,151467.38,149824.06,149824.06,18.954678,10.343305,8.54015,8.540151
1.796399e+25,0.8819231,0.89044243,310000.0,151467.34,149824.06,149824.05,18.954678,10.34314,8.540152,8.54015
1.796399e+25,0.8615269,0.86773807,310000.0,151467.38,149824.05,149824.06,18.954678,10.343735,8.540152,8.54015
1.796399e+25,0.8744376,0.88066137,310000.0,151467.4,149824.06,149824.05,18.954678,10.343522,8.540152,8.54015
1.796399e+25,0.8684176,0.8746109,310000.0,151467.42,149824.06,149824.06,18.954678,10.343792,8.540145,8.54015
1.796399e+25,0.8719658,0.8781936,310000.0,151467.34,149824.03,149824.06,18.954678,10.343504,8.54015,8.54015
1.796399e+25,0.8588225,0.86497873,310000.0,151467.34,149824.05,149824.05,18.954678,10.343417,8.540142,8.54015
1.796399e+25,0.8788575,0.88514495,310000.0,151467.42,149824.06,149824.06,18.954678,10.34335,8.540145,8.540151
1.796399e+25,0.8581035,0.86424416,310000.0,151467.36,149824.03,149824.05,18.954678,10.343499,8.540155,8.540151
1.796399e+25,0.87063664,0.8770868,310000.0,151467.39,149824.08,149824.06,18.954678,10.343375,8.540147,8.54015
1.796399e+25,0.8578781,0.8641925,310000.0,151467.39,149824.05,149824.05,18.954678,10.34323,8.540153,8.540151
1.796399e+25,0.8520672,0.85815394,310000.0,151467.4,149824.06,149824.03,18.954678,10.343411,8.54015,8.54015
1.796399e+25,0.85588783,0.86195076,310000.0,151467.38,149824.06,149824.05,18.954678,10.343129,8.540144,8.540151
1.796399e+25,0.87551963,0.88174415,310000.0,151467.38,149824.06,149824.03,18.954678,10.343341,8.540151,8.54015
1.796399e+25,0.8604785,0.8667059,310000.0,151467.45,149824.06,149824.06,18.954678,10.343377,8.54015,8.540151
1.796399e+25,0.85465544,0.86087376,310000.0,151467.4,149824.06,149824.06,18.954678,10.343567,8.540157,8.540151
1.796399e+25,0.86970264,0.87584305,310000.0,151467.4,149824.06,149824.06,18.954678,10.343396,8.540151,8.54015
1.796399e+25,0.85358256,0.85945016,310000.0,151467.44,149824.06,149824.05,18.954678,10.343705,8.540158,8.540151
1.796399e+25,0.86862403,0.87490153,310000.0,151467.31,149824.06,149824.08,18.954678,10.343425,8.54015,8.54015
1.796399e+25,0.853536,0.8595754,310000.0,151467.42,149824.06,149824.05,18.954678,10.343627,8.54015,8.54015
1.796399e+25,0.8739129,0.880116,310000.0,151467.36,149824.05,149824.03,18.954678,10.343375,8.540151,8.54015
1.796399e+25,0.8541964,0.8601604,310000.0,151467.34,149824.05,149824.06,18.954678,10.343258,8.540151,8.540151
1.796399e+25,0.86021316,0.86648107,310000.0,151467.38,149824.05,149824.06,18.954678,10.343802,8.540142,8.540151
1.796399e+25,0.8584248,0.8644298,310000.0,151467.36,149824.03,149824.05,18.954678,10.343301,8.540154,8.54015
1.796399e+25,0.8467306,0.8526847,310000.0,151467.33,149824.06,149824.05,18.954678,10.343114,8.540152,8.540149
1.796399e+25,0.8556814,0.8616593,310000.0,151467.44,149824.06,149824.03,18.954678,10.34371,8.540147,8.540153
1.796399e+25,0.85084116,0.8567639,310000.0,151467.34,149824.08,149824.03,18.954678,10.343296,8.540154,8.5401535
1.796399e+25,0.85714084,0.86317277,310000.0,151467.39,149824.06,149824.06,18.954678,10.343534,8.54015,8.5401535
1.796399e+25,0.8769389,0.88311666,310000.0,151467.34,149824.06,149824.06,18.954678,10.343452,8.5401535,8.5401535
1.796399e+25,0.8682272,0.87445974,310000.0,151467.4,149824.05,149824.05,18.954678,10.343515,8.540151,8.540153
1.796399e+25,0.86668646,0.87271184,310000.0,151467.39,149824.02,149824.06,18.954678,10.343071,8.540146,8.5401535
1.796399e+25,0.8696468,0.8758606,310000.0,151467.42,149824.08,149824.03,18.954678,10.343652,8.540147,8.5401535
1.796399e+25,0.86299753,0.86907667,310000.0,151467.39,149824.05,149824.05,18.954678,10.3432045,8.540154,8.5401535
1.796399e+25,0.85973287,0.8658504,310000.0,151467.36,149824.05,149824.06,18.954678,10.343358,8.54014,8.5401535
1.796399e+25,0.86928093,0.8760441,310000.0,151467.38,149824.06,149824.05,18.954678,10.3432455,8.540145,8.540153
1.796399e+25,0.86356926,0.86982876,310000.0,151467.34,149824.08,149824.03,18.954678,10.343085,8.54015,8.5401535
1.796399e+25,0.8611832,0.8674094,310000.0,151467.39,149824.06,149824.06,18.954678,10.34366,8.54015,8.5401535
1.796399e+25,0.8710156,0.87719876,310000.0,151467.38,149824.08,149824.05,18.954678,10.343457,8.540151,8.5401535
1.796399e+25,0.8575114,0.8634138,310000.0,151467.38,149824.05,149824.05,18.954678,10.343126,8.540149,8.5401535
1.796399e+25,0.85312295,0.8591142,310000.0,151467.3,149824.05,149824.05,18.954678,10.343294,8.540161,8.5401535
1.796399e+25,0.8739325,0.8801713,310000.0,151467.36,149824.08,149824.06,18.954678,10.343439,8.5401535,8.5401535
1.796399e+25,0.8674983,0.8735649,310000.0,151467.38,149824.05,149824.05,18.954678,10.343607,8.540152,8.540153
1.796399e+25,0.8696172,0.87586284,310000.0,151467.38,149824.05,149824.06,18.954678,10.343245,8.5401535,8.540154
1.796399e+25,0.8551853,0.8611599,310000.0,151467.38,149824.06,149824.05,18.954678,10.343489,8.540151,8.5401535
1.796399e+25,0.8667977,0.8729983,310000.0,151467.42,149824.06,149824.05,18.954678,10.343483,8.540155,8.5401535
1.796399e+25,0.8533513,0.85957885,310000.0,151467.42,149824.05,149824.06,18.954678,10.343372,8.540143,8.540154
1.796399e+25,0.8567253,0.8628121,310000.0,151467.36,149824.06,149824.06,18.954678,10.343295,8.5401535,8.5401535
1.796399e+25,0.8562148,0.8622817,310000.0,151467.34,149824.06,149824.05,18.954678,10.343167,8.540155,8.540153
1.796399e+25,0.8697277,0.87613654,310000.0,151467.39,149824.06,149824.05,18.954678,10.343504,8.540158,8.5401535
1.796399e+25,0.88843364,0.89478457,310000.0,151467.36,149824.06,149824.05,18.954678,10.343309,8.540147,8.5401535
1.796399e+25,0.8690027,0.87514675,310000.0,151467.36,149824.06,149824.05,18.954678,10.343011,8.5401535,8.5401535
1.796399e+25,0.8663397,0.8724396,310000.0,151467.4,149824.05,149824.05,18.954678,10.3433,8.540152,8.540154
1.796399e+25,0.87651414,0.88268363,310000.0,151467.38,149824.05,149824.06,18.954678,10.343345,8.540145,8.5401535
1.796399e+25,0.86613905,0.8731873,310000.0,151467.34,149824.05,149824.08,18.954678,10.343222,8.540157,8.5401535
1.796399e+25,0.8769789,0.8846288,310000.0,151467.33,149824.06,149824.02,18.954678,10.343217,8.540149,8.5401535
1.796399e+25,0.85405636,0.85994685,310000.0,151467.45,149824.05,149824.05,18.954678,10.343635,8.540155,8.540153
1.796399e+25,0.8547393,0.8607959,310000.0,151467.4,149824.06,149824.06,18.954678,10.343471,8.540148,8.5401535
1.796399e+25,0.86373824,0.8697109,310000.0,151467.39,149824.06,149824.05,18.954678,10.343447,8.5401535,8.5401535
1.796399e+25,0.86972505,0.8758955,310000.0,151467.39,149824.05,149824.05,18.954678,10.343631,8.540147,8.5401535
1.796399e+25,0.8666366,0.87265354,310000.0,151467.33,149824.05,149824.06,18.954678,10.343392,8.540153,8.5401535
1.796399e+25,0.8539336,0.86001307,310000.0,151467.4,149824.03,149824.06,18.954678,10.343439,8.5401535,8.540152
1.796399e+25,0.84692377,0.85349274,310000.0,151467.36,149824.05,149824.06,18.954678,10.343439,8.540155,8.5401535
1.796399e+25,0.8723154,0.8793913,310000.0,151467.39,149824.06,149824.03,18.954678,10.343629,8.540151,8.5401535
1.796399e+25,0.8553436,0.8614203,310000.0,151467.38,149824.03,149824.06,18.954678,10.343663,8.540152,8.540154
1.796399e+25,0.8646672,0.87075716,310000.0,151467.39,149824.05,149824.03,18.954678,10.343426,8.54015,8.5401535
1.796399e+25,0.86616486,0.87223065,310000.0,151467.38,149824.06,149824.05,18.954678,10.343264,8.540142,8.5401535
1.796399e+25,0.88376737,0.8900416,310000.0,151467.36,149824.06,149824.05,18.954678,10.343283,8.540149,8.5401535
1.796399e+25,0.8628852,0.8689765,310000.0,151467.38,149824.05,149824.06,18.954678,10.3432255,8.540143,8.5401535
1.796399e+25,0.8707658,0.8770435,310000.0,151467.4,149824.06,149824.03,18.954678,10.343689,8.540154,8.5401535
1.796399e+25,0.87011796,0.8761958,310000.0,151467.39,149824.06,149824.06,18.954678,10.34335,8.540149,8.5401535
1.796399e+25,0.85882413,0.8648303,310000.0,151467.34,149824.06,149824.05,18.954678,10.343414,8.540144,8.5401535
1.796399e+25,0.8779636,0.88424706,310000.0,151467.38,149824.05,149824.05,18.954678,10.343409,8.54015,8.5401535
1.796399e+25,0.86293185,0.868922,310000.0,151467.4,149824.06,149824.05,18.954678,10.343382,8.540149,8.5401535
1.796399e+25,0.8677393,0.87375486,310000.0,151467.38,149824.06,149824.05,18.954678,10.343339,8.540148,8.5401535
1.796399e+25,0.8654768,0.87159866,310000.0,151467.39,149824.06,149824.05,18.954678,10.3436365,8.540144,8.5401535
1.796399e+25,0.8678544,0.8739088,310000.0,151467.38,149824.06,149824.08,18.954678,10.34354,8.540139,8.5401535
1.796399e+25,0.8791855,0.88539684,310000.0,151467.38,149824.06,149824.03,18.954678,10.343324,8.540149,8.540153
1.796399e+25,0.87359947,0.87988067,310000.0,151467.42,149824.06,149824.05,18.954678,10.343686,8.540151,8.5401535
1.796399e+25,0.88085115,0.887176,310000.0,151467.39,149824.03,149824.03,18.954678,10.34342,8.540143,8.5401535
1.796399e+25,0.8757935,0.8820389,310000.0,151467.4,149824.05,149824.05,18.954678,10.343791,8.540146,8.5401535
1.796399e+25,0.86720324,0.87328076,310000.0,151467.4,149824.06,149824.05,18.954678,10.34338,8.540147,8.5401535
1.796399e+25,0.8716781,0.877747,310000.0,151467.38,149824.06,149824.05,18.954678,10.343741,8.540145,8.540154
1.796399e+25,0.8690118,0.87510866,310000.0,151467.4,149824.05,149824.06,18.954678,10.343639,8.540152,8.540153
1.796399e+25,0.8739585,0.88011616,310000.0,151467.4,149824.05,149824.06,18.954678,10.343263,8.540148,8.5401535
1.796399e+25,0.8665439,0.8728433,310000.0,151467.36,149824.03,149824.06,18.954678,10.343943,8.540156,8.540154
1.796399e+25,0.86379117,0.86995745,310000.0,151467.42,149824.05,149824.06,18.954678,10.3432865,8.5401535,8.5401535
1.796399e+25,0.85366255,0.8597075,310000.0,151467.44,149824.06,149824.05,18.954678,10.343628,8.5401535,8.5401535
1.796399e+25,0.8540382,0.8599081,310000.0,151467.4,149824.06,149824.06,18.954678,10.343415,8.540146,8.540154
1.796399e+25,0.8679655,0.87396216,310000.0,151467.34,149824.05,149824.06,18.954678,10.34352,8.540161,8.540154
1.796399e+25,0.8577488,0.863669,310000.0,151467.44,149824.03,149824.06,18.954678,10.343562,8.540156,8.540153
1.796399e+25,0.88138956,0.8867493,310000.0,151467.4,149824.05,149824.05,18.954678,10.343292,8.540146,8.5401535
1.796399e+25,0.8734178,0.8797061,310000.0,151467.39,149824.05,149824.05,18.954678,10.343458,8.540151,8.5401535
1.796399e+25,0.86829036,0.87438744,310000.0,151467.36,149824.03,149824.03,18.954678,10.343435,8.54016,8.5401535
1.796399e+25,0.8738276,0.87995666,310000.0,151467.4,149824.03,149824.06,18.954678,10.343319,8.540148,8.5401535
1.796399e+25,0.8783263,0.8844631,310000.0,151467.4,149824.05,149824.05,18.954678,10.343779,8.540155,8.5401535
1.796399e+25,0.88348055,0.889766,310000.0,151467.42,149824.03,149824.06,18.954678,10.343537,8.54015,8.540154
1.796399e+25,0.86235595,0.86844665,310000.0,151467.34,149824.05,149824.05,18.954678,10.34312,8.54015,8.5401535
1.796399e+25,0.8746145,0.8808196,310000.0,151467.44,149824.03,149824.05,18.954678,10.343169,8.540156,8.540154
1.796399e+25,0.8620166,0.86795384,310000.0,151467.36,149824.08,149824.05,18.954678,10.343352,8.540148,8.540154
1.796399e+25,0.8484482,0.8543373,310000.0,151467.33,149824.05,149824.06,18.954678,10.34353,8.540148,8.5401535
1.796399e+25,0.86785364,0.8738095,310000.0,151467.42,149824.08,149824.06,18.954678,10.34336,8.540153,8.5401535
1.796399e+25,0.8389525,0.8447327,310000.0,151467.34,149824.03,149824.06,18.954678,10.343225,8.540148,8.5401535
1.796399e+25,0.8771401,0.88388824,310000.0,151467.34,149824.06,149824.05,18.954678,10.343223,8.5401535,8.5401535
1.796399e+25,0.85917497,0.86676115,310000.0,151467.39,149824.03,149824.05,18.954678,10.343587,8.54014,8.5401535
1.796399e+25,0.8719281,0.87902796,310000.0,151467.34,149824.08,149824.05,18.954678,10.343273,8.540148,8.5401535
1.796399e+25,0.8605794,0.86676353,310000.0,151467.42,149824.05,149824.05,18.954678,10.343701,8.540158,8.540153
1.796399e+25,0.87470293,0.88078296,310000.0,151467.42,149824.05,149824.03,18.954678,10.343767,8.540156,8.540153
1.796399e+25,0.8636141,0.86961055,310000.0,151467.39,149824.03,149824.06,18.954678,10.343763,8.540145,8.5401535
1.796399e+25,0.8588596,0.86488944,310000.0,151467.4,149824.05,149824.05,18.954678,10.343772,8.540153,8.5401535
1.796399e+25,0.8668861,0.8729719,310000.0,151467.36,149824.06,149824.05,18.954678,10.343696,8.540153,8.540154
1.796399e+25,0.87278676,0.8788627,310000.0,151467.45,149824.03,149824.05,18.954678,10.34386,8.540154,8.5401535
1.796399e+25,0.87308717,0.87919647,310000.0,151467.42,149824.05,149824.06,18.954678,10.343543,8.540155,8.540154
1.796399e+25,0.8805709,0.88675284,310000.0,151467.38,149824.08,149824.05,18.954678,10.343661,8.540154,8.5401535
1.796399e+25,0.8618644,0.86789364,310000.0,151467.42,149824.05,149824.03,18.954678,10.343638,8.540148,8.5401535
1.796399e+25,0.8738525,0.8798934,310000.0,151467.4,149824.05,149824.05,18.954678,10.343382,8.540146,8.540154
1.796399e+25,0.88407725,0.8902363,310000.0,151467.36,149824.05,149824.05,18.954678,10.343617,8.540148,8.5401535
1.796399e+25,0.8681808,0.8743136,310000.0,151467.39,149824.03,149824.03,18.954678,10.34342,8.5401535,8.540153
1.796399e+25,0.8660424,0.8721621,310000.0,151467.36,149824.03,149824.05,18.954678,10.343391,8.540147,8.5401535
1.796399e+25,0.8852834,0.891573,310000.0,151467.36,149824.06,149824.05,18.954678,10.343358,8.540156,8.5401535
1.796399e+25,0.8712964,0.877412,310000.0,151467.38,149824.08,149824.06,18.954678,10.3432255,8.540147,8.5401535
1.796399e+25,0.8724927,0.8787781,310000.0,151467.34,149824.05,149824.05,18.954678,10.343439,8.540143,8.5401535
1.796399e+25,0.8652374,0.87109184,310000.0,151467.39,149824.05,149824.06,18.954678,10.343445,8.540149,8.5401535
1.796399e+25,0.8530771,0.85887176,310000.0,151467.38,149824.05,149824.03,18.954678,10.343172,8.540148,8.540153
1.796399e+25,0.8810113,0.8871709,310000.0,151467.39,149824.06,149824.05,18.954678,10.343254,8.5401535,8.540153
1.796399e+25,0.88451385,0.8908092,310000.0,151467.36,149824.05,149824.06,18.954678,10.34345,8.540143,8.540153
1.796399e+25,0.8837587,0.8900995,310000.0,151467.4,149824.05,149824.06,18.954678,10.343563,8.540143,8.540153
1.796399e+25,0.88753617,0.89381164,310000.0,151467.38,149824.06,149824.05,18.954678,10.3435,8.540151,8.5401535
1.796399e+25,0.8694488,0.8755719,310000.0,151467.39,149824.05,149824.05,18.954678,10.343457,8.540143,8.5401535
1.796399e+25,0.87102365,0.87709254,310000.0,151467.39,149824.06,149824.03,18.954678,10.343372,8.540152,8.5401535
1.796399e+25,0.87611055,0.88243645,310000.0,151467.39,149824.05,149824.05,18.954678,10.3433,8.5401535,8.5401535
1.796399e+25,0.87827253,0.8844516,310000.0,151467.45,149824.05,149824.05,18.954678,10.343939,8.540152,8.5401535
1.796399e+25,0.8812924,0.88752556,310000.0,151467.36,149824.06,149824.05,18.954678,10.343217,8.540155,8.5401535
1.796399e+25,0.8711526,0.8772087,310000.0,151467.44,149824.06,149824.05,18.954678,10.343695,8.54015,8.540154
1.796399e+25,0.8550073,0.86099046,310000.0,151467.38,149824.05,149824.03,18.954678,10.343582,8.540147,8.5401535
1.796399e+25,0.85107034,0.85688996,310000.0,151467.38,149824.05,149824.06,18.954678,10.34371,8.540154,8.5401535
1.796399e+25,0.85471696,0.86093915,310000.0,151467.42,149824.08,149824.05,18.954678,10.343379,8.540162,8.540154
1.796399e+25,0.8529821,0.8588584,310000.0,151467.4,149824.05,149824.06,18.954678,10.343383,8.540143,8.540154
1.796399e+25,0.870713,0.87678534,310000.0,151467.36,149824.06,149824.06,18.954678,10.343274,8.540144,8.540154
1.796399e+25,0.84099966,0.8468748,310000.0,151467.4,149824.05,149824.03,18.954678,10.343371,8.5401535,8.5401535
1.796399e+25,0.85427994,0.8604227,310000.0,151467.36,149824.03,149824.03,18.954678,10.343506,8.540157,8.5401535
1.796399e+25,0.8550454,0.86115265,310000.0,151467.38,149824.05,149824.05,18.954678,10.343586,8.5401535,8.5401535
1.796399e+25,0.8733231,0.87944514,310000.0,151467.34,149824.05,149824.03,18.954678,10.343237,8.540152,8.5401535
1.796399e+25,0.86115575,0.8673807,310000.0,151467.4,149824.03,149824.08,18.954678,10.343509,8.5401535,8.540154
1.796399e+25,0.85942984,0.8656736,310000.0,151467.36,149824.06,149824.06,18.954678,10.342913,8.540149,8.5401535
1.796399e+25,0.8577274,0.863677,310000.0,151467.38,149824.06,149824.08,18.954678,10.343386,8.540159,8.5401535
1.796399e+25,0.86340755,0.8695284,310000.0,151467.44,149824.03,149824.06,18.954678,10.343463,8.540154,8.5401535
1.796399e+25,0.87365896,0.8799131,310000.0,151467.39,149824.05,149824.06,18.954678,10.343386,8.540148,8.5401535
1.796399e+25,0.862867,0.8690589,310000.0,151467.38,149824.05,149824.08,18.954678,10.343714,8.54015,8.540152
1.796399e+25,0.86624235,0.8723673,310000.0,151467.38,149824.05,149824.05,18.954678,10.343584,8.54015,8.540152
1.796399e+25,0.8605972,0.8665875,310000.0,151467.44,149824.03,149824.06,18.954678,10.343629,8.540151,8.540153
1.796399e+25,0.886131,0.89250606,310000.0,151467.38,149824.05,149824.08,18.954678,10.343185,8.540146,8.540152
1.796399e+25,0.8660723,0.8721388,310000.0,151467.36,149824.05,149824.05,18.954678,10.343229,8.540157,8.540153
1.796399e+25,0.85557675,0.8614985,310000.0,151467.4,149824.05,149824.06,18.954678,10.343478,8.540156,8.540153
1.796399e+25,0.852276,0.85824215,310000.0,151467.36,149824.05,149824.05,18.954678,10.343334,8.540153,8.540153
1.796399e+25,0.86081344,0.8668302,310000.0,151467.45,149824.06,149824.05,18.954678,10.34366,8.540149,8.540153
1.796399e+25,0.85049254,0.85651124,310000.0,151467.34,149824.05,149824.06,18.954678,10.343292,8.540151,8.540152
1.796399e+25,0.85548484,0.8615871,310000.0,151467.36,149824.05,149824.05,18.954678,10.343142,8.540139,8.540152
1.796399e+25,0.8671181,0.8732696,310000.0,151467.38,149824.06,149824.06,18.954678,10.343534,8.540142,8.540153
1.796399e+25,0.8657017,0.8717761,310000.0,151467.39,149824.06,149824.1,18.954678,10.343467,8.540145,8.540152
1.796399e+25,0.8711951,0.87734795,310000.0,151467.42,149824.05,149824.06,18.954678,10.343793,8.54015,8.540152
1.796399e+25,0.8574526,0.863331,310000.0,151467.34,149824.05,149824.08,18.954678,10.343036,8.540147,8.540153
1.796399e+25,0.87128645,0.87748224,310000.0,151467.39,149824.03,149824.06,18.954678,10.343181,8.540144,8.540153
1.796399e+25,0.8569518,0.86304057,310000.0,151467.38,149824.06,149824.06,18.954678,10.343177,8.540151,8.540153
1.796399e+25,0.8686085,0.87464786,310000.0,151467.36,149824.05,149824.06,18.954678,10.343087,8.54015,8.540151
1.796399e+25,0.88089645,0.8872439,310000.0,151467.34,149824.06,149824.05,18.954678,10.343055,8.540146,8.540152
1.796399e+25,0.8618927,0.8678731,310000.0,151467.36,149824.06,149824.05,18.954678,10.343181,8.540153,8.540153
1.796399e+25,0.8578486,0.8639149,310000.0,151467.39,149824.06,149824.05,18.954678,10.34374,8.540151,8.540152
1.796399e+25,0.86502,0.8711519,310000.0,151467.38,149824.05,149824.05,18.954678,10.343664,8.54015,8.540153
1.796399e+25,0.85873216,0.86484647,310000.0,151467.38,149824.06,149824.06,18.954678,10.343254,8.540146,8.540152
1.796399e+25,0.8725005,0.8786137,310000.0,151467.38,149824.05,149824.05,18.954678,10.343468,8.540155,8.540152
1.796399e+25,0.84629214,0.85205746,310000.0,151467.39,149824.06,149824.06,18.954678,10.343698,8.540151,8.540153
1.796399e+25,0.87480885,0.88108677,310000.0,151467.38,149824.08,149824.06,18.954678,10.343511,8.540146,8.540153
1.796399e+25,0.8762846,0.8825761,310000.0,151467.31,149824.06,149824.06,18.954678,10.343104,8.540155,8.540152
1.796399e+25,0.8598285,0.86583453,310000.0,151467.42,149824.06,149824.06,18.954678,10.343541,8.540152,8.540151
1.796399e+25,0.8705523,0.87668395,310000.0,151467.36,149824.06,149824.05,18.954678,10.343248,8.540149,8.540152
1.796399e+25,0.84157985,0.8474937,310000.0,151467.34,149824.05,149824.06,18.954678,10.343444,8.54015,8.540153
1.796399e+25,0.8428531,0.84871846,310000.0,151467.4,149824.05,149824.05,18.954678,10.343615,8.540151,8.540153
1.796399e+25,0.8672553,0.87332135,310000.0,151467.36,149824.05,149824.05,18.954678,10.343404,8.540143,8.540152
1.796399e+25,0.88906294,0.8956624,310000.0,151467.39,149824.05,149824.06,18.954678,10.3434925,8.540147,8.540152
1.796399e+25,0.8678552,0.8740308,310000.0,151467.4,149824.05,149824.05,18.954678,10.343312,8.540152,8.540152
1.796399e+25,0.856401,0.86272,310000.0,151467.4,149824.06,149824.05,18.954678,10.343482,8.540154,8.540153
1.796399e+25,0.85301495,0.85939777,310000.0,151467.36,149824.05,149824.05,18.954678,10.343256,8.540145,8.540153
1.796399e+25,0.86096925,0.8669697,310000.0,151467.34,149824.02,149824.06,18.954678,10.343558,8.540158,8.540153
1.796399e+25,0.8739435,0.88006485,310000.0,151467.36,149824.05,149824.06,18.954678,10.343359,8.540159,8.540153
1.796399e+25,0.88352704,0.8899914,310000.0,151467.36,149824.05,149824.1,18.954678,10.343475,8.540149,8.540152
1.796399e+25,0.87041914,0.8768212,310000.0,151467.33,149824.05,149824.05,18.954678,10.343076,8.540148,8.540153
1.796399e+25,0.8724002,0.8792025,310000.0,151467.38,149824.06,149824.06,18.954678,10.34386,8.54015,8.540152
1.796399e+25,0.85158974,0.85747224,310000.0,151467.34,149824.03,149824.06,18.954678,10.34349,8.540147,8.540152
1.796399e+25,0.85782593,0.8638643,310000.0,151467.39,149824.06,149824.08,18.954678,10.343939,8.54016,8.540152
1.796399e+25,0.86050063,0.86650795,310000.0,151467.39,149824.06,149824.06,18.954678,10.343486,8.540155,8.540152
1.796399e+25,0.8621809,0.8682574,310000.0,151467.44,149824.05,149824.06,18.954678,10.343889,8.540151,8.5401535
1.796399e+25,0.8740462,0.8806057,310000.0,151467.4,149824.05,149824.05,18.954678,10.343489,8.540154,8.540152
1.796399e+25,0.883062,0.8892909,310000.0,151467.4,149824.05,149824.05,18.954678,10.343453,8.540144,8.540152
1.796399e+25,0.85235167,0.8582052,310000.0,151467.4,149824.05,149824.05,18.954678,10.343549,8.540142,8.5401535
1.796399e+25,0.8611649,0.8672066,310000.0,151467.39,149824.06,149824.06,18.954678,10.343589,8.540154,8.540153
1.796399e+25,0.85127366,0.8573492,310000.0,151467.4,149824.06,149824.06,18.954678,10.343432,8.540154,8.540152
1.796399e+25,0.85154295,0.8575508,310000.0,151467.44,149824.06,149824.06,18.954678,10.34366,8.5401535,8.540152
1.796399e+25,0.865097,0.87121224,310000.0,151467.38,149824.03,149824.05,18.954678,10.343258,8.540148,8.540152
1.796399e+25,0.8755545,0.881783,310000.0,151467.38,149824.05,149824.05,18.954678,10.342978,8.540149,8.540153
1.796399e+25,0.869831,0.8760178,310000.0,151467.4,149824.08,149824.06,18.954678,10.343427,8.540148,8.540152
1.796399e+25,0.8567792,0.86292785,310000.0,151467.31,149824.06,149824.06,18.954678,10.343167,8.540151,8.540152
1.796399e+25,0.8713385,0.877605,310000.0,151467.4,149824.06,149824.05,18.954678,10.343667,8.540154,8.540153
1.796399e+25,0.8796213,0.8859538,310000.0,151467.39,149824.05,149824.06,18.954678,10.343497,8.540147,8.540153
1.796399e+25,0.85901415,0.8653294,310000.0,151467.36,149824.05,149824.05,18.954678,10.343206,8.540152,8.540152
1.796399e+25,0.8607471,0.8670236,310000.0,151467.39,149824.06,149824.06,18.954678,10.343386,8.540144,8.540152
1.796399e+25,0.8457469,0.851892,310000.0,151467.39,149824.06,149824.05,18.954678,10.343187,8.540145,8.540153
1.796399e+25,0.850268,0.85631883,310000.0,151467.33,149824.05,149824.05,18.954678,10.343072,8.540152,8.540153
1.796399e+25,0.8681374,0.8744758,310000.0,151467.36,149824.06,149824.06,18.954678,10.343348,8.540151,8.540153
1.796399e+25,0.8599585,0.8661461,310000.0,151467.44,149824.06,149824.06,18.954678,10.343904,8.5401535,8.540153
1.796399e+25,0.85558945,0.86160326,310000.0,151467.42,149824.06,149824.08,18.954678,10.343437,8.540149,8.540153
1.796399e+25,0.8485689,0.8545758,310000.0,151467.33,149824.05,149824.06,18.954678,10.343348,8.54015,8.540152
1.796399e+25,0.8576461,0.8638374,310000.0,151467.36,149824.05,149824.05,18.954678,10.342955,8.540146,8.540152
1.796399e+25,0.8720547,0.87836814,310000.0,151467.38,149824.06,149824.06,18.954678,10.343171,8.540154,8.540152
1.796399e+25,0.8618187,0.8682428,310000.0,151467.4,149824.03,149824.05,18.954678,10.343627,8.540148,8.540153
1.796399e+25,0.8592323,0.8656105,310000.0,151467.36,149824.06,149824.05,18.954678,10.343341,8.540141,8.540152
1.796399e+25,0.85547674,0.8617319,310000.0,151467.39,149824.05,149824.05,18.954678,10.343276,8.540147,8.540152
1.796399e+25,0.85879356,0.86498475,310000.0,151467.39,149824.06,149824.06,18.954678,10.343579,8.540146,8.540152
1.796399e+25,0.8780046,0.88442516,310000.0,151467.39,149824.06,149824.06,18.954678,10.34332,8.540147,8.5401535
1.796399e+25,0.8628704,0.8691118,310000.0,151467.38,149824.06,149824.06,18.954678,10.343195,8.54014,8.540153
1.796399e+25,0.8631487,0.86948377,310000.0,151467.42,149824.06,149824.06,18.954678,10.343569,8.540143,8.540152
1.796399e+25,0.87372345,0.8801836,310000.0,151467.36,149824.05,149824.05,18.954678,10.343372,8.540154,8.540151
1.796399e+25,0.83924764,0.8453209,310000.0,151467.39,149824.06,149824.05,18.954678,10.3436775,8.540141,8.540153
1.796399e+25,0.8658041,0.8721228,310000.0,151467.4,149824.03,149824.05,18.954678,10.343591,8.540149,8.540152
1.796399e+25,0.8372384,0.8432855,310000.0,151467.38,149824.05,149824.03,18.954678,10.343449,8.540156,8.540153
1.796399e+25,0.8581812,0.8642967,310000.0,151467.34,149824.06,149824.06,18.954678,10.343079,8.540152,8.540152
1.796399e+25,0.867859,0.8741566,310000.0,151467.38,149824.05,149824.06,18.954678,10.343466,8.540139,8.540153
1.796399e+25,0.8727268,0.8792733,310000.0,151467.4,149824.05,149824.05,18.954678,10.343447,8.540146,8.540152
1.796399e+25,0.85464585,0.8609339,310000.0,151467.38,149824.05,149824.05,18.954678,10.343558,8.54016,8.540152
1.796399e+25,0.8474256,0.85358083,310000.0,151467.39,149824.05,149824.06,18.954678,10.343485,8.540152,8.540153
1.796399e+25,0.8460276,0.85218763,310000.0,151467.39,149824.06,149824.05,18.954678,10.343336,8.540152,8.540152
1.796399e+25,0.8643625,0.8706364,310000.0,151467.36,149824.08,149824.06,18.954678,10.343178,8.540153,8.540153
1.796399e+25,0.867368,0.8736914,310000.0,151467.44,149824.06,149824.03,18.954678,10.343594,8.540149,8.540152
1.796399e+25,0.86172134,0.86797565,310000.0,151467.39,149824.06,149824.06,18.954678,10.34358,8.540151,8.540153
1.796399e+25,0.85240275,0.8585572,310000.0,151467.34,149824.08,149824.05,18.954678,10.343347,8.540145,8.540153
1.796399e+25,0.8521676,0.8585164,310000.0,151467.4,149824.05,149824.06,18.954678,10.34372,8.540149,8.540153
1.796399e+25,0.8660305,0.8722579,310000.0,151467.33,149824.06,149824.03,18.954678,10.343282,8.540149,8.540153
1.796399e+25,0.8555969,0.86187303,310000.0,151467.42,149824.05,149824.05,18.954678,10.343711,8.540147,8.540153
1.796399e+25,0.8492168,0.85539925,310000.0,151467.38,149824.05,149824.05,18.954678,10.343419,8.540139,8.540152
1.796399e+25,0.8592569,0.8654371,310000.0,151467.38,149824.06,149824.08,18.954678,10.343346,8.540154,8.540153
1.796399e+25,0.8521549,0.8582,310000.0,151467.36,149824.05,149824.03,18.954678,10.343573,8.540157,8.540153
1.796399e+25,0.85431415,0.8604086,310000.0,151467.36,149824.06,149824.05,18.954678,10.343321,8.540142,8.540152
1.796399e+25,0.85613835,0.86234707,310000.0,151467.39,149824.06,149824.06,18.954678,10.343754,8.540153,8.540153
1.796399e+25,0.8500705,0.8562303,310000.0,151467.36,149824.08,149824.06,18.954678,10.343136,8.540152,8.5401535
1.796399e+25,0.8643109,0.8705464,310000.0,151467.34,149824.05,149824.05,18.954678,10.34321,8.5401535,8.540153
1.796399e+25,0.8684626,0.87483305,310000.0,151467.42,149824.05,149824.06,18.954678,10.343455,8.540147,8.540153
1.796399e+25,0.8567879,0.8630397,310000.0,151467.44,149824.03,149824.06,18.954678,10.343772,8.540148,8.540153
1.796399e+25,0.8684671,0.87490046,310000.0,151467.31,149824.05,149824.05,18.954678,10.343139,8.540151,8.540153
1.796399e+25,0.8549352,0.8610546,310000.0,151467.4,149824.03,149824.05,18.954678,10.343557,8.540143,8.540152
1.796399e+25,0.8639021,0.8701689,310000.0,151467.34,149824.05,149824.08,18.954678,10.343131,8.540149,8.540152
1.796399e+25,0.87689334,0.8833488,310000.0,151467.34,149824.08,149824.05,18.954678,10.342992,8.540148,8.540152
1.796399e+25,0.85471636,0.86095804,310000.0,151467.45,149824.06,149824.05,18.954678,10.344012,8.540151,8.540153
1.796399e+25,0.8623476,0.86846477,310000.0,151467.39,149824.06,149824.06,18.954678,10.343399,8.540151,8.540153
1.796399e+25,0.86808753,0.87436384,310000.0,151467.34,149824.05,149824.05,18.954678,10.343581,8.540152,8.540152
1.796399e+25,0.8653514,0.8717541,310000.0,151467.39,149824.05,149824.06,18.954678,10.343708,8.540148,8.540153
1.796399e+25,0.8380406,0.8438764,310000.0,151467.4,149824.05,149824.05,18.954678,10.343746,8.540152,8.540153
1.796399e+25,0.8653032,0.8716796,310000.0,151467.36,149824.06,149824.05,18.954678,10.343187,8.540151,8.540152
1.796399e+25,0.83699864,0.8429681,310000.0,151467.42,149824.06,149824.05,18.954678,10.343412,8.540143,8.540152
1.796399e+25,0.87119925,0.8776477,310000.0,151467.33,149824.05,149824.06,18.954678,10.343244,8.540148,8.540153
1.796399e+25,0.85517025,0.8613193,310000.0,151467.36,149824.05,149824.06,18.954678,10.343293,8.540164,8.540153
1.796399e+25,0.84520805,0.85130966,310000.0,151467.38,149824.03,149824.06,18.954678,10.34399,8.540151,8.540153
1.796399e+25,0.85389477,0.86007905,310000.0,151467.36,149824.05,149824.05,18.954678,10.343477,8.540147,8.540153
1.796399e+25,0.87256485,0.87931806,310000.0,151467.34,149824.03,149824.05,18.954678,10.3433275,8.540149,8.540153
1.796399e+25,0.85517967,0.8614206,310000.0,151467.4,149824.05,149824.08,18.954678,10.343689,8.54015,8.540152
1.796399e+25,0.8745694,0.88109344,310000.0,151467.34,149824.06,149824.03,18.954678,10.343433,8.540146,8.540146
1.796399e+25,0.86233896,0.8685447,310000.0,151467.42,149824.05,149824.05,18.954678,10.34352,8.540147,8.540147
1.796399e+25,0.8621124,0.86827976,310000.0,151467.45,149824.06,149824.08,18.954678,10.343584,8.540152,8.540147
1.796399e+25,0.854713,0.86070555,310000.0,151467.39,149824.05,149824.03,18.954678,10.343424,8.540148,8.540146
1.796399e+25,0.85732085,0.8632745,310000.0,151467.42,149824.05,149824.08,18.954678,10.343943,8.540151,8.540147
1.796399e+25,0.8450689,0.85118216,310000.0,151467.34,149824.05,149824.03,18.954678,10.34323,8.540147,8.540146
1.796399e+25,0.87050664,0.8767386,310000.0,151467.39,149824.05,149824.05,18.954678,10.343572,8.540144,8.540146
1.796399e+25,0.844337,0.85043424,310000.0,151467.34,149824.03,149824.05,18.954678,10.343078,8.540154,8.540146
1.796399e+25,0.85418403,0.8601245,310000.0,151467.34,149824.05,149824.05,18.954678,10.343525,8.54015,8.540146
1.796399e+25,0.8738563,0.8800439,310000.0,151467.33,149824.06,149824.05,18.954678,10.34299,8.54015,8.540146
1.796399e+25,0.85040516,0.8564083,310000.0,151467.38,149824.08,149824.05,18.954678,10.343054,8.54015,8.540147
1.796399e+25,0.84352225,0.84961796,310000.0,151467.38,149824.06,149824.06,18.954678,10.343461,8.540152,8.540146
1.796399e+25,0.85765696,0.8637812,310000.0,151467.36,149824.03,149824.05,18.954678,10.343375,8.540147,8.540147
1.796399e+25,0.86634797,0.87271386,310000.0,151467.4,149824.03,149824.06,18.954678,10.343599,8.5401535,8.540146
1.796399e+25,0.8678629,0.8740128,310000.0,151467.39,149824.08,149824.05,18.954678,10.343792,8.5401535,8.540146
1.796399e+25,0.8668481,0.8732233,310000.0,151467.34,149824.05,149824.05,18.954678,10.34358,8.540153,8.540147
1.796399e+25,0.86368674,0.869794,310000.0,151467.4,149824.06,149824.05,18.954678,10.343393,8.540148,8.540147
1.796399e+25,0.91118103,0.9163062,310000.0,151467.36,149824.06,149824.05,18.954678,10.343427,8.540152,8.540146
1.796399e+25,0.8739286,0.88030636,310000.0,151467.36,149824.05,149824.08,18.954678,10.343325,8.540155,8.540146
1.796399e+25,0.872509,0.87880826,310000.0,151467.44,149824.06,149824.05,18.954678,10.343656,8.540138,8.540147
1.796399e+25,0.8615828,0.86793625,310000.0,151467.39,149824.03,149824.05,18.954678,10.343285,8.540138,8.540147
1.796399e+25,0.886854,0.8925128,310000.0,151467.39,149824.06,149824.06,18.954678,10.343856,8.540148,8.540146
1.796399e+25,0.9252303,0.9289034,310000.0,151467.4,149824.06,149824.05,18.954678,10.343333,8.540153,8.540146
1.796399e+25,0.86364096,0.8695318,310000.0,151467.4,149824.06,149824.03,18.954678,10.3436165,8.540148,8.540147
1.796399e+25,0.8538398,0.8598732,310000.0,151467.42,149824.05,149824.03,18.954678,10.343379,8.54015,8.540147
1.796399e+25,0.8633561,0.8691016,310000.0,151467.36,149824.06,149824.08,18.954678,10.343336,8.540152,8.540147
1.796399e+25,0.8996804,0.90499675,310000.0,151467.39,149824.06,149824.05,18.954678,10.343297,8.540147,8.540147
1.796399e+25,0.9033633,0.908406,310000.0,151467.39,149824.05,149824.06,18.954678,10.343355,8.540149,8.540147
1.796399e+25,0.9408007,0.94434035,310000.0,151467.38,149824.06,149824.03,18.954678,10.3435135,8.54015,8.540146
1.796399e+25,0.8753406,0.8812321,310000.0,151467.34,149824.06,149824.05,18.954678,10.343581,8.540146,8.540147
1.796399e+25,0.8579699,0.8640835,310000.0,151467.39,149824.06,149824.06,18.954678,10.343675,8.540154,8.540146
1.796399e+25,0.85846055,0.864471,310000.0,151467.38,149824.06,149824.06,18.954678,10.34359,8.540153,8.540147
1.796399e+25,0.8674806,0.8736287,310000.0,151467.44,149824.05,149824.05,18.954678,10.343878,8.540147,8.540148
1.796399e+25,0.8553211,0.86146504,310000.0,151467.39,149824.05,149824.06,18.954678,10.343631,8.54015,8.540146
1.796399e+25,0.8754073,0.88130814,310000.0,151467.44,149824.06,149824.06,18.954678,10.343573,8.540145,8.540147
1.796399e+25,0.85591626,0.8623824,310000.0,151467.42,149824.06,149824.05,18.954678,10.343559,8.540154,8.540146
1.796399e+25,0.87046,0.87744963,310000.0,151467.34,149824.06,149824.06,18.954678,10.343396,8.540149,8.540147
1.796399e+25,0.860792,0.8668859,310000.0,151467.42,149824.06,149824.06,18.954678,10.343438,8.540153,8.540147
1.796399e+25,0.87343794,0.88022065,310000.0,151467.4,149824.03,149824.05,18.954678,10.343737,8.540148,8.540147
1.796399e+25,0.8713299,0.87834924,310000.0,151467.39,149824.05,149824.05,18.954678,10.343652,8.540148,8.540146
1.796399e+25,0.85781455,0.8639521,310000.0,151467.39,149824.06,149824.06,18.954678,10.343293,8.540149,8.540146
1.796399e+25,0.85950714,0.8657163,310000.0,151467.36,149824.06,149824.03,18.954678,10.3431835,8.540152,8.540146
1.796399e+25,0.85945743,0.86557144,310000.0,151467.33,149824.05,149824.06,18.954678,10.343269,8.540155,8.540146
1.796399e+25,0.86675584,0.8730992,310000.0,151467.33,149824.06,149824.06,18.954678,10.343212,8.540146,8.540147
1.796399e+25,0.8583067,0.86432874,310000.0,151467.38,149824.06,149824.06,18.954678,10.343224,8.54015,8.540147
1.796399e+25,0.8524014,0.858557,310000.0,151467.38,149824.06,149824.05,18.954678,10.343554,8.540156,8.540146
1.796399e+25,0.8587724,0.8648653,310000.0,151467.38,149824.08,149824.05,18.954678,10.343396,8.5401535,8.540146
1.796399e+25,0.8615798,0.8678382,310000.0,151467.31,149824.05,149824.06,18.954678,10.343493,8.540154,8.540147
1.796399e+25,0.86825687,0.87463534,310000.0,151467.4,149824.06,149824.06,18.954678,10.343465,8.540154,8.540147
1.796399e+25,0.8664968,0.8726211,310000.0,151467.4,149824.06,149824.05,18.954678,10.34337,8.540141,8.540146
1.796399e+25,0.86078656,0.8669229,310000.0,151467.4,149824.06,149824.05,18.954678,10.343797,8.540147,8.540147
1.796399e+25,0.85637,0.86250615,310000.0,151467.38,149824.06,149824.05,18.954678,10.343321,8.540155,8.540146
1.796399e+25,0.8615835,0.8676673,310000.0,151467.34,149824.05,149824.05,18.954678,10.343143,8.540152,8.540147
1.796399e+25,0.84748524,0.85364854,310000.0,151467.3,149824.08,149824.05,18.954678,10.343064,8.540153,8.540147
1.796399e+25,0.84313107,0.8491403,310000.0,151467.36,149824.06,149824.06,18.954678,10.343362,8.540153,8.540147
1.796399e+25,0.87123466,0.877634,310000.0,151467.38,149824.03,149824.03,18.954678,10.343346,8.540151,8.540146
1.796399e+25,0.8754077,0.88192934,310000.0,151467.39,149824.06,149824.05,18.954678,10.343366,8.540147,8.540147
1.796399e+25,0.8656226,0.87190336,310000.0,151467.36,149824.06,149824.05,18.954678,10.343159,8.54015,8.540147
1.796399e+25,0.85346,0.85975623,310000.0,151467.42,149824.06,149824.06,18.954678,10.34348,8.5401535,8.540145
1.796399e+25,0.8614149,0.86752963,310000.0,151467.38,149824.03,149824.06,18.954678,10.343488,8.540147,8.540147
1.796399e+25,0.85784256,0.8637569,310000.0,151467.33,149824.05,149824.06,18.954678,10.343524,8.540144,8.540146
1.796399e+25,0.8383946,0.8441009,310000.0,151467.36,149824.06,149824.06,18.954678,10.343484,8.540147,8.540146
1.796399e+25,0.8590051,0.8649333,310000.0,151467.31,149824.06,149824.03,18.954678,10.343326,8.540152,8.540147
1.796399e+25,0.8642283,0.8704987,310000.0,151467.4,149824.05,149824.05,18.954678,10.343284,8.540151,8.540146
1.796399e+25,0.8686526,0.8748847,310000.0,151467.36,149824.06,149824.06,18.954678,10.3431225,8.5401535,8.540146
1.796399e+25,0.87835497,0.8846749,310000.0,151467.39,149824.05,149824.06,18.954678,10.343633,8.540148,8.540147
1.796399e+25,0.8366308,0.84246135,310000.0,151467.38,149824.06,149824.05,18.954678,10.343336,8.540159,8.540145
1.796399e+25,0.84725577,0.8534573,310000.0,151467.42,149824.03,149824.05,18.954678,10.343575,8.540139,8.540146
1.796399e+25,0.86608106,0.87220275,310000.0,151467.33,149824.06,149824.05,18.954678,10.342939,8.540151,8.540145
1.796399e+25,0.85936165,0.86555517,310000.0,151467.38,149824.06,149824.06,18.954678,10.343342,8.540145,8.540147
1.796399e+25,0.854935,0.86098087,310000.0,151467.42,149824.06,149824.05,18.954678,10.343496,8.540143,8.540146
1.796399e+25,0.86199975,0.8681091,310000.0,151467.38,149824.06,149824.05,18.954678,10.343433,8.540152,8.540146
1.796399e+25,0.86963636,0.87590635,310000.0,151467.34,149824.05,149824.02,18.954678,10.343372,8.540151,8.540146
1.796399e+25,0.8713891,0.8775913,310000.0,151467.39,149824.03,149824.05,18.954678,10.343553,8.540157,8.540146
1.796399e+25,0.8764095,0.88260216,310000.0,151467.38,149824.05,149824.06,18.954678,10.343271,8.540148,8.540146
1.796399e+25,0.8661751,0.8723403,310000.0,151467.39,149824.06,149824.06,18.954678,10.343306,8.540151,8.540147
1.796399e+25,0.86686546,0.8730502,310000.0,151467.34,149824.05,149824.06,18.954678,10.343373,8.540148,8.540147
1.796399e+25,0.8580348,0.86399823,310000.0,151467.38,149824.03,149824.05,18.954678,10.343336,8.540144,8.540146
1.796399e+25,0.8526537,0.8585044,310000.0,151467.39,149824.06,149824.05,18.954678,10.343393,8.540138,8.540147
1.796399e+25,0.86782324,0.87408936,310000.0,151467.38,149824.06,149824.06,18.954678,10.343256,8.540147,8.540146
1.796399e+25,0.86728907,0.87374526,310000.0,151467.42,149824.06,149824.05,18.954678,10.343456,8.540152,8.540147
1.796399e+25,0.8654873,0.8719253,310000.0,151467.4,149824.06,149824.06,18.954678,10.343291,8.540152,8.540146
1.796399e+25,0.8738693,0.88019246,310000.0,151467.38,149824.06,149824.06,18.954678,10.343451,8.540147,8.540146
1.796399e+25,0.8673226,0.8737145,310000.0,151467.42,149824.05,149824.05,18.954678,10.343346,8.540141,8.540147
1.796399e+25,0.8606379,0.86710835,310000.0,151467.39,149824.05,149824.05,18.954678,10.34348,8.540148,8.540147
1.796399e+25,0.86352307,0.8697262,310000.0,151467.39,149824.03,149824.05,18.954678,10.3435955,8.540153,8.540147
1.796399e+25,0.8634154,0.8696421,310000.0,151467.39,149824.06,149824.05,18.954678,10.3432255,8.540146,8.540146
1.796399e+25,0.85928386,0.8657017,310000.0,151467.39,149824.06,149824.06,18.954678,10.343266,8.54015,8.540147
1.796399e+25,0.8581165,0.8641298,310000.0,151467.45,149824.08,149824.06,18.954678,10.343803,8.5401535,8.540146
1.796399e+25,0.87053883,0.87708527,310000.0,151467.44,149824.05,149824.06,18.954678,10.343491,8.540152,8.540146
1.796399e+25,0.840815,0.8467409,310000.0,151467.39,149824.05,149824.05,18.954678,10.343568,8.540145,8.540146
1.796399e+25,0.87397295,0.8804759,310000.0,151467.4,149824.05,149824.05,18.954678,10.343422,8.5401535,8.540146
1.796399e+25,0.86770564,0.8738993,310000.0,151467.38,149824.06,149824.03,18.954678,10.34356,8.540149,8.540147
1.796399e+25,0.860848,0.8671043,310000.0,151467.36,149824.06,149824.06,18.954678,10.343453,8.540153,8.540147
1.796399e+25,0.84654146,0.8524422,310000.0,151467.4,149824.06,149824.05,18.954678,10.343413,8.540149,8.540147
1.796399e+25,0.8624135,0.8685886,310000.0,151467.44,149824.03,149824.06,18.954678,10.343371,8.540147,8.540147
1.796399e+25,0.87962794,0.8860536,310000.0,151467.36,149824.06,149824.02,18.954678,10.343505,8.54014,8.540146
1.796399e+25,0.8771339,0.8836653,310000.0,151467.39,149824.05,149824.05,18.954678,10.343256,8.540148,8.540147
1.796399e+25,0.8736607,0.8798989,310000.0,151467.4,149824.05,149824.06,18.954678,10.343395,8.540146,8.540145
1.796399e+25,0.8644523,0.87065274,310000.0,151467.42,149824.03,149824.05,18.954678,10.343589,8.540152,8.540147
1.796399e+25,0.86881167,0.8750405,310000.0,151467.38,149824.05,149824.03,18.954678,10.343631,8.540151,8.540147
1.796399e+25,0.8523142,0.85833865,310000.0,151467.38,149824.06,149824.06,18.954678,10.343433,8.540158,8.540147
1.796399e+25,0.86410767,0.870293,310000.0,151467.36,149824.06,149824.05,18.954678,10.343169,8.540153,8.540146
1.796399e+25,0.8680128,0.87414896,310000.0,151467.42,149824.06,149824.03,18.954678,10.343429,8.540153,8.540147
1.796399e+25,0.87426543,0.88049924,310000.0,151467.4,149824.05,149824.06,18.954678,10.343875,8.540157,8.540147
1.796399e+25,0.8625012,0.86857575,310000.0,151467.42,149824.06,149824.05,18.954678,10.343513,8.540162,8.540147
1.796399e+25,0.85810786,0.86421776,310000.0,151467.39,149824.05,149824.06,18.954678,10.343357,8.540151,8.540146
1.796399e+25,0.8456653,0.8514901,310000.0,151467.38,149824.06,149824.05,18.954678,10.343349,8.540147,8.540146
1.796399e+25,0.8673119,0.8734333,310000.0,151467.4,149824.06,149824.05,18.954678,10.3438,8.540157,8.540146
1.796399e+25,0.87203807,0.87827647,310000.0,151467.42,149824.06,149824.05,18.954678,10.343602,8.540147,8.540146
1.796399e+25,0.85587955,0.86183435,310000.0,151467.39,149824.05,149824.08,18.954678,10.343557,8.540149,8.540147
1.796399e+25,0.8475219,0.85340947,310000.0,151467.38,149824.06,149824.05,18.954678,10.343276,8.540152,8.540147
1.796399e+25,0.86634916,0.8725044,310000.0,151467.36,149824.06,149824.05,18.954678,10.343607,8.540141,8.540147
1.796399e+25,0.8649344,0.87103176,310000.0,151467.34,149824.05,149824.06,18.954678,10.343322,8.540148,8.540146
1.796399e+25,0.87166625,0.8778914,310000.0,151467.34,149824.05,149824.06,18.954678,10.34324,8.540155,8.540147
1.796399e+25,0.8612713,0.8675245,310000.0,151467.39,149824.06,149824.05,18.954678,10.343435,8.540141,8.540147
1.796399e+25,0.8597478,0.8657616,310000.0,151467.34,149824.06,149824.06,18.954678,10.34332,8.540159,8.540147
1.796399e+25,0.872893,0.87909514,310000.0,151467.36,149824.06,149824.03,18.954678,10.343285,8.540151,8.540147
1.796399e+25,0.8697685,0.8763339,310000.0,151467.33,149824.05,149824.03,18.954678,10.342985,8.540147,8.540149
1.796399e+25,0.8665201,0.87245953,310000.0,151467.36,149824.06,149824.06,18.954678,10.343237,8.540149,8.540148
1.796399e+25,0.8602232,0.8662894,310000.0,151467.42,149824.05,149824.05,18.954678,10.343537,8.540146,8.540148
1.796399e+25,0.8651189,0.8716068,310000.0,151467.38,149824.05,149824.08,18.954678,10.3432665,8.540145,8.540148
1.796399e+25,0.869664,0.8757741,310000.0,151467.36,149824.05,149824.05,18.954678,10.343172,8.540154,8.540149
1.796399e+25,0.8651619,0.87140256,310000.0,151467.4,149824.05,149824.05,18.954678,10.343452,8.540153,8.540149
1.796399e+25,0.8623146,0.86840194,310000.0,151467.38,149824.06,149824.06,18.954678,10.343195,8.540147,8.540149
1.796399e+25,0.8654106,0.8713616,310000.0,151467.36,149824.06,149824.05,18.954678,10.343214,8.540155,8.540149
1.796399e+25,0.85652536,0.862481,310000.0,151467.36,149824.05,149824.05,18.954678,10.342912,8.540148,8.540149
1.796399e+25,0.8586104,0.86460054,310000.0,151467.42,149824.05,149824.06,18.954678,10.343759,8.540156,8.540148
1.796399e+25,0.8768774,0.8830337,310000.0,151467.4,149824.05,149824.06,18.954678,10.343436,8.540148,8.540149
1.796399e+25,0.8705464,0.8767105,310000.0,151467.39,149824.05,149824.06,18.954678,10.343141,8.540141,8.540148
1.796399e+25,0.86962277,0.8757147,310000.0,151467.42,149824.05,149824.06,18.954678,10.343738,8.540152,8.540149
1.796399e+25,0.87332535,0.8793589,310000.0,151467.34,149824.05,149824.06,18.954678,10.343331,8.540155,8.540148
1.796399e+25,0.8679204,0.87407476,310000.0,151467.39,149824.06,149824.05,18.954678,10.34326,8.540145,8.540149
1.796399e+25,0.86838514,0.8744278,310000.0,151467.38,149824.05,149824.05,18.954678,10.343232,8.540151,8.540149
1.796399e+25,0.8632133,0.8692708,310000.0,151467.42,149824.03,149824.06,18.954678,10.343901,8.540148,8.540149
1.796399e+25,0.8589605,0.8650618,310000.0,151467.38,149824.05,149824.05,18.954678,10.343255,8.540147,8.540148
1.796399e+25,0.8701525,0.8763691,310000.0,151467.34,149824.05,149824.06,18.954678,10.343324,8.540149,8.540149
1.796399e+25,0.85640717,0.8624665,310000.0,151467.34,149824.03,149824.08,18.954678,10.343091,8.540149,8.540149
1.796399e+25,0.8695226,0.8755709,310000.0,151467.47,149824.05,149824.06,18.954678,10.343933,8.540151,8.540149
1.796399e+25,0.8546013,0.86069304,310000.0,151467.44,149824.05,149824.06,18.954678,10.343629,8.540144,8.540149
1.796399e+25,0.8507352,0.8566317,310000.0,151467.38,149824.05,149824.06,18.954678,10.343204,8.540141,8.540148
1.796399e+25,0.8650712,0.871266,310000.0,151467.38,149824.06,149824.06,18.954678,10.343439,8.540166,8.540149
1.796399e+25,0.86793137,0.8740698,310000.0,151467.42,149824.05,149824.06,18.954678,10.343533,8.540147,8.540149
1.796399e+25,0.87548566,0.88176215,310000.0,151467.33,149824.06,149824.06,18.954678,10.343221,8.54015,8.540149
1.796399e+25,0.8738531,0.8801094,310000.0,151467.38,149824.05,149824.06,18.954678,10.343333,8.540146,8.540149
1.796399e+25,0.86097777,0.8669902,310000.0,151467.4,149824.03,149824.05,18.954678,10.3436985,8.540142,8.540148
1.796399e+25,0.87588555,0.88227534,310000.0,151467.38,149824.06,149824.08,18.954678,10.343641,8.540149,8.540149
1.796399e+25,0.85606384,0.86215335,310000.0,151467.36,149824.06,149824.06,18.954678,10.3435545,8.540152,8.540148
1.796399e+25,0.8566419,0.8626506,310000.0,151467.39,149824.06,149824.06,18.954678,10.34341,8.540149,8.54015
1.796399e+25,0.86761546,0.87369746,310000.0,151467.4,149824.06,149824.05,18.954678,10.343688,8.5401535,8.540148
1.796399e+25,0.8659068,0.8718893,310000.0,151467.42,149824.05,149824.05,18.954678,10.343551,8.540151,8.540149
1.796399e+25,0.85460424,0.8606706,310000.0,151467.34,149824.06,149824.08,18.954678,10.342958,8.54015,8.540149
1.796399e+25,0.8689573,0.87520087,310000.0,151467.42,149824.05,149824.05,18.954678,10.343195,8.540151,8.540149
1.796399e+25,0.8740264,0.8802055,310000.0,151467.38,149824.05,149824.06,18.954678,10.343168,8.540157,8.540149
1.796399e+25,0.8544027,0.86051375,310000.0,151467.4,149824.06,149824.06,18.954678,10.343519,8.540149,8.54015
1.796399e+25,0.87709135,0.8832558,310000.0,151467.38,149824.05,149824.06,18.954678,10.343369,8.540148,8.540149
1.796399e+25,0.86661637,0.87289256,310000.0,151467.36,149824.06,149824.06,18.954678,10.343304,8.540152,8.540149
1.796399e+25,0.86475223,0.87083656,310000.0,151467.4,149824.06,149824.06,18.954678,10.343453,8.540155,8.540149
1.796399e+25,0.85766315,0.863831,310000.0,151467.36,149824.05,149824.05,18.954678,10.343257,8.540146,8.540148
1.796399e+25,0.8503759,0.8563896,310000.0,151467.38,149824.05,149824.06,18.954678,10.343493,8.5401535,8.540149
1.796399e+25,0.87461466,0.88067824,310000.0,151467.34,149824.06,149824.05,18.954678,10.343261,8.540142,8.540148
1.796399e+25,0.8487793,0.856254,310000.0,151467.39,149824.06,149824.05,18.954678,10.34356,8.540148,8.540149
1.796399e+25,0.87162715,0.87778455,310000.0,151467.38,149824.05,149824.06,18.954678,10.343256,8.540145,8.540148
1.796399e+25,0.86682224,0.8729211,310000.0,151467.36,149824.05,149824.06,18.954678,10.343442,8.540151,8.540149
1.796399e+25,0.8729643,0.8791188,310000.0,151467.33,149824.06,149824.05,18.954678,10.343101,8.540157,8.540149
1.796399e+25,0.8663883,0.8723583,310000.0,151467.39,149824.06,149824.06,18.954678,10.343592,8.540147,8.540148
1.796399e+25,0.85308766,0.85896254,310000.0,151467.3,149824.03,149824.06,18.954678,10.343183,8.540147,8.540148
1.796399e+25,0.8625283,0.868554,310000.0,151467.4,149824.06,149824.06,18.954678,10.343628,8.540151,8.540149
1.796399e+25,0.8602186,0.8662972,310000.0,151467.44,149824.06,149824.06,18.954678,10.343202,8.540153,8.540149
1.796399e+25,0.85754025,0.8634953,310000.0,151467.4,149824.06,149824.06,18.954678,10.343457,8.540151,8.540149
1.796399e+25,0.8584223,0.8644688,310000.0,151467.44,149824.05,149824.06,18.954678,10.343618,8.540154,8.540149
1.796399e+25,0.865633,0.87176174,310000.0,151467.39,149824.05,149824.08,18.954678,10.343556,8.540144,8.54015
1.796399e+25,0.8786809,0.885055,310000.0,151467.34,149824.06,149824.05,18.954678,10.343493,8.540154,8.540149
1.796399e+25,0.87056905,0.8767435,310000.0,151467.39,149824.06,149824.06,18.954678,10.343512,8.540145,8.540149
1.796399e+25,0.8510902,0.85689455,310000.0,151467.4,149824.05,149824.06,18.954678,10.343655,8.540147,8.540149
1.796399e+25,0.86132765,0.8674085,310000.0,151467.38,149824.05,149824.05,18.954678,10.343319,8.54015,8.540149
1.796399e+25,0.8749925,0.8811189,310000.0,151467.36,149824.06,149824.06,18.954678,10.343206,8.540146,8.540149
1.796399e+25,0.8616856,0.86770505,310000.0,151467.4,149824.02,149824.03,18.954678,10.343222,8.540147,8.540148
1.796399e+25,0.87348634,0.87970257,310000.0,151467.39,149824.06,149824.05,18.954678,10.343669,8.540146,8.540149
1.796399e+25,0.8533418,0.859321,310000.0,151467.34,149824.03,149824.05,18.954678,10.343249,8.54016,8.540149
1.796399e+25,0.86388445,0.8697714,310000.0,151467.36,149824.08,149824.06,18.954678,10.343358,8.540145,8.540148
1.796399e+25,0.87182623,0.8780399,310000.0,151467.36,149824.05,149824.06,18.954678,10.343226,8.540151,8.540149
1.796399e+25,0.871622,0.87778383,310000.0,151467.36,149824.06,149824.06,18.954678,10.343022,8.540148,8.540149
1.796399e+25,0.86342347,0.8693686,310000.0,151467.36,149824.05,149824.06,18.954678,10.343214,8.540151,8.540149
1.796399e+25,0.8686907,0.8750995,310000.0,151467.34,149824.06,149824.06,18.954678,10.343202,8.540147,8.540149
1.796399e+25,0.8734693,0.87977195,310000.0,151467.4,149824.06,149824.06,18.954678,10.343588,8.540155,8.540149
1.796399e+25,0.8625985,0.8685029,310000.0,151467.39,149824.05,149824.06,18.954678,10.3434515,8.540143,8.540149
1.796399e+25,0.8618609,0.8680186,310000.0,151467.39,149824.06,149824.08,18.954678,10.343522,8.540147,8.540149
1.796399e+25,0.8755901,0.88169086,310000.0,151467.42,149824.05,149824.06,18.954678,10.343489,8.540147,8.540149
1.796399e+25,0.87175876,0.8778927,310000.0,151467.42,149824.08,149824.06,18.954678,10.343618,8.540148,8.540148
1.796399e+25,0.8624556,0.86863947,310000.0,151467.34,149824.05,149824.05,18.954678,10.343387,8.540153,8.540149
1.796399e+25,0.86388844,0.869901,310000.0,151467.38,149824.03,149824.05,18.954678,10.343239,8.540141,8.540149
1.796399e+25,0.84705895,0.85286343,310000.0,151467.4,149824.08,149824.06,18.954678,10.343379,8.540146,8.540149
1.796399e+25,0.8707057,0.8769177,310000.0,151467.4,149824.06,149824.06,18.954678,10.343364,8.540148,8.540148
1.796399e+25,0.8526088,0.8585007,310000.0,151467.36,149824.06,149824.05,18.954678,10.343534,8.540153,8.540149
1.796399e+25,0.8633424,0.86932975,310000.0,151467.4,149824.05,149824.03,18.954678,10.343647,8.540148,8.540149
1.796399e+25,0.86480224,0.87105083,310000.0,151467.39,149824.06,149824.05,18.954678,10.343447,8.540147,8.540149
1.796399e+25,0.85387063,0.85988086,310000.0,151467.34,149824.03,149824.05,18.954678,10.342996,8.540152,8.540149
1.796399e+25,0.8502058,0.85608923,310000.0,151467.33,149824.06,149824.05,18.954678,10.343271,8.540162,8.540148
1.796399e+25,0.86361516,0.8697859,310000.0,151467.34,149824.05,149824.06,18.954678,10.343237,8.540154,8.540149
1.796399e+25,0.8861378,0.8925591,310000.0,151467.39,149824.06,149824.06,18.954678,10.3434105,8.540151,8.540149
1.796399e+25,0.8671594,0.8734631,310000.0,151467.42,149824.05,149824.06,18.954678,10.343278,8.540146,8.540149
1.796399e+25,0.8585729,0.86467505,310000.0,151467.36,149824.05,149824.05,18.954678,10.343663,8.540147,8.540148
1.796399e+25,0.8527893,0.8587058,310000.0,151467.4,149824.06,149824.05,18.954678,10.3433485,8.540149,8.540149
1.796399e+25,0.87087196,0.87714064,310000.0,151467.39,149824.05,149824.05,18.954678,10.34369,8.5401535,8.540149
1.796399e+25,0.8666449,0.8728664,310000.0,151467.33,149824.05,149824.06,18.954678,10.343212,8.540152,8.540149
1.796399e+25,0.8577463,0.8637289,310000.0,151467.36,149824.05,149824.05,18.954678,10.343248,8.540151,8.540148
1.796399e+25,0.8690744,0.8751771,310000.0,151467.39,149824.06,149824.05,18.954678,10.343435,8.540153,8.540149
1.796399e+25,0.85402864,0.8600527,310000.0,151467.39,149824.05,149824.06,18.954678,10.343316,8.540152,8.54015
1.796399e+25,0.856509,0.8625268,310000.0,151467.4,149824.03,149824.06,18.954678,10.343565,8.540151,8.540148
1.796399e+25,0.8510883,0.8568978,310000.0,151467.38,149824.05,149824.05,18.954678,10.343636,8.540154,8.540149
1.796399e+25,0.8552703,0.8615864,310000.0,151467.42,149824.06,149824.08,18.954678,10.343414,8.540145,8.540148
1.796399e+25,0.8740051,0.8802568,310000.0,151467.36,149824.05,149824.05,18.954678,10.343079,8.540154,8.540149
1.796399e+25,0.8697555,0.8761378,310000.0,151467.38,149824.05,149824.05,18.954678,10.343158,8.54015,8.540149
1.796399e+25,0.87359434,0.87989086,310000.0,151467.36,149824.05,149824.06,18.954678,10.343222,8.540151,8.540149
1.796399e+25,0.8491199,0.85512614,310000.0,151467.42,149824.06,149824.05,18.954678,10.343605,8.54015,8.540148
1.796399e+25,0.86133325,0.8675267,310000.0,151467.36,149824.05,149824.06,18.954678,10.343704,8.540147,8.540149
1.796399e+25,0.87220603,0.8784001,310000.0,151467.38,149824.05,149824.05,18.954678,10.343539,8.540154,8.540148
1.796399e+25,0.8648133,0.8710836,310000.0,151467.33,149824.08,149824.03,18.954678,10.343429,8.54016,8.54015
1.796399e+25,0.87848765,0.8847594,310000.0,151467.38,149824.06,149824.06,18.954678,10.343336,8.540149,8.54015
1.796399e+25,0.8629194,0.86996055,310000.0,151467.4,149824.06,149824.05,18.954678,10.343794,8.540154,8.540149
1.796399e+25,0.85939157,0.865316,310000.0,151467.42,149824.05,149824.06,18.954678,10.343342,8.5401535,8.540149
1.796399e+25,0.8638877,0.87012374,310000.0,151467.38,149824.06,149824.06,18.954678,10.343457,8.540152,8.540149
1.796399e+25,0.86580116,0.87201124,310000.0,151467.4,149824.05,149824.06,18.954678,10.343436,8.540152,8.540149
1.796399e+25,0.8641784,0.87022066,310000.0,151467.42,149824.06,149824.08,18.954678,10.343213,8.540146,8.540149
1.796399e+25,0.8563628,0.86223406,310000.0,151467.42,149824.05,149824.06,18.954678,10.343707,8.540148,8.5401535
1.796399e+25,0.8657858,0.8720236,310000.0,151467.45,149824.06,149824.06,18.954678,10.343774,8.54015,8.5401535
1.796399e+25,0.8626906,0.8686888,310000.0,151467.38,149824.08,149824.03,18.954678,10.343445,8.540148,8.540153
1.796399e+25,0.8476629,0.85361886,310000.0,151467.4,149824.05,149824.03,18.954678,10.343358,8.540158,8.5401535
1.796399e+25,0.85741335,0.8632466,310000.0,151467.38,149824.05,149824.05,18.954678,10.343395,8.540151,8.540153
1.796399e+25,0.85832703,0.86426353,310000.0,151467.34,149824.05,149824.05,18.954678,10.343344,8.5401535,8.5401535
1.796399e+25,0.854819,0.86097795,310000.0,151467.34,149824.06,149824.06,18.954678,10.343269,8.54015,8.540153
1.796399e+25,0.89049304,0.8969275,310000.0,151467.44,149824.02,149824.06,18.954678,10.343381,8.540149,8.540153
1.796399e+25,0.88402975,0.88934577,310000.0,151467.39,149824.03,149824.06,18.954678,10.34333,8.54015,8.5401535
1.796399e+25,0.868206,0.8739629,310000.0,151467.42,149824.05,149824.08,18.954678,10.343512,8.540159,8.5401535
1.796399e+25,0.89546824,0.90076303,310000.0,151467.42,149824.03,149824.06,18.954678,10.343411,8.540149,8.540153
1.796399e+25,0.88026124,0.88635546,310000.0,151467.4,149824.05,149824.06,18.954678,10.343354,8.540152,8.540153
1.796399e+25,0.8743484,0.88009876,310000.0,151467.3,149824.03,149824.08,18.954678,10.343368,8.540149,8.540153
1.796399e+25,0.8718344,0.877936,310000.0,151467.4,149824.08,149824.06,18.954678,10.343495,8.540149,8.5401535
1.796399e+25,0.8542891,0.86024684,310000.0,151467.34,149824.05,149824.05,18.954678,10.343209,8.540144,8.5401535
1.796399e+25,0.85425115,0.8605513,310000.0,151467.38,149824.05,149824.06,18.954678,10.343145,8.540148,8.540153
1.796399e+25,0.8778918,0.88410866,310000.0,151467.38,149824.06,149824.06,18.954678,10.34356,8.540144,8.5401535
1.796399e+25,0.8596182,0.8655249,310000.0,151467.38,149824.06,149824.06,18.954678,10.343469,8.540149,8.540153
1.796399e+25,0.8638438,0.8697154,310000.0,151467.38,149824.05,149824.03,18.954678,10.343374,8.540152,8.5401535
1.796399e+25,0.8738779,0.879412,310000.0,151467.34,149824.1,149824.06,18.954678,10.343429,8.540149,8.5401535
1.796399e+25,0.92793804,0.9318706,310000.0,151467.4,149824.05,149824.06,18.954678,10.343522,8.54015,8.5401535
1.796399e+25,0.85392076,0.85977054,310000.0,151467.38,149824.06,149824.08,18.954678,10.3435,8.540148,8.5401535
1.796399e+25,0.88056666,0.8864948,310000.0,151467.39,149824.05,149824.05,18.954678,10.343102,8.540145,8.5401535
1.796399e+25,0.8425004,0.8481497,310000.0,151467.36,149824.06,149824.06,18.954678,10.34331,8.540151,8.540153
1.796399e+25,0.87888235,0.8847055,310000.0,151467.4,149824.03,149824.06,18.954678,10.343517,8.540144,8.540153
1.796399e+25,0.884115,0.89053196,310000.0,151467.36,149824.06,149824.03,18.954678,10.343394,8.540147,8.5401535
1.796399e+25,0.8688987,0.8750237,310000.0,151467.39,149824.05,149824.06,18.954678,10.34321,8.540142,8.540153
1.796399e+25,0.87579495,0.88276094,310000.0,151467.34,149824.06,149824.05,18.954678,10.342987,8.540143,8.5401535
1.796399e+25,0.8655438,0.8715932,310000.0,151467.4,149824.05,149824.05,18.954678,10.343379,8.540149,8.540153
1.796399e+25,0.88224316,0.8877788,310000.0,151467.36,149824.05,149824.06,18.954678,10.3434725,8.540147,8.540153
1.796399e+25,0.87672555,0.8827487,310000.0,151467.42,149824.06,149824.05,18.954678,10.34362,8.540145,8.540153
1.796399e+25,0.88854325,0.89419055,310000.0,151467.36,149824.05,149824.05,18.954678,10.343238,8.540156,8.5401535
1.796399e+25,0.8963059,0.9012813,310000.0,151467.36,149824.05,149824.05,18.954678,10.343662,8.540149,8.5401535
1.796399e+25,0.9391992,0.9426944,310000.0,151467.42,149824.06,149824.05,18.954678,10.343447,8.540151,8.5401535
1.796399e+25,0.88552696,0.89120567,310000.0,151467.39,149824.03,149824.05,18.954678,10.343451,8.540145,8.5401535
1.796399e+25,0.88920414,0.8946988,310000.0,151467.38,149824.05,149824.06,18.954678,10.34343,8.540153,8.5401535
1.796399e+25,0.8660685,0.8722205,310000.0,151467.39,149824.08,149824.06,18.954678,10.343539,8.540149,8.540154
1.796399e+25,0.878726,0.88481784,310000.0,151467.39,149824.06,149824.06,18.954678,10.34354,8.540147,8.5401535
1.796399e+25,0.89073056,0.89690775,310000.0,151467.38,149824.05,149824.05,18.954678,10.343649,8.540149,8.5401535
1.796399e+25,0.88152605,0.8878002,310000.0,151467.42,149824.06,149824.05,18.954678,10.343981,8.540154,8.5401535
1.796399e+25,0.8725156,0.878845,310000.0,151467.36,149824.06,149824.08,18.954678,10.343019,8.540149,8.540153
1.796399e+25,0.8779577,0.88412476,310000.0,151467.38,149824.05,149824.08,18.954678,10.343381,8.540142,8.5401535
1.796399e+25,0.8705491,0.8766342,310000.0,151467.34,149824.05,149824.03,18.954678,10.343595,8.540145,8.5401535
1.796399e+25,0.8596129,0.8654817,310000.0,151467.38,149824.05,149824.05,18.954678,10.343265,8.540152,8.5401535
1.796399e+25,0.860045,0.86612,310000.0,151467.33,149824.05,149824.05,18.954678,10.34321,8.540153,8.540153
1.796399e+25,0.85989237,0.86578816,310000.0,151467.42,149824.06,149824.08,18.954678,10.343383,8.54015,8.5401535
1.796399e+25,0.86093974,0.8670577,310000.0,151467.38,149824.06,149824.05,18.954678,10.343731,8.54016,8.540153
1.796399e+25,0.89998764,0.90478885,310000.0,151467.38,149824.03,149824.06,18.954678,10.343444,8.540146,8.540153
1.796399e+25,0.865347,0.87133443,310000.0,151467.34,149824.06,149824.06,18.954678,10.343334,8.5401535,8.540153
1.796399e+25,0.86769813,0.8739531,310000.0,151467.36,149824.06,149824.06,18.954678,10.34304,8.540153,8.540153
1.796399e+25,0.88759947,0.89382863,310000.0,151467.36,149824.06,149824.05,18.954678,10.343282,8.540154,8.540153
1.796399e+25,0.8686783,0.8745723,310000.0,151467.33,149824.06,149824.05,18.954678,10.343192,8.540152,8.540153
1.796399e+25,0.8643978,0.87088585,310000.0,151467.4,149824.06,149824.08,18.954678,10.343295,8.540148,8.5401535
1.796399e+25,0.87876517,0.88503975,310000.0,151467.39,149824.06,149824.06,18.954678,10.343575,8.540145,8.5401535
1.796399e+25,0.85583276,0.8617498,310000.0,151467.34,149824.06,149824.06,18.954678,10.343303,8.540148,8.540153
1.796399e+25,0.8786116,0.8850087,310000.0,151467.39,149824.03,149824.06,18.954678,10.343595,8.540148,8.5401535
1.796399e+25,0.8843838,0.89076924,310000.0,151467.4,149824.05,149824.05,18.954678,10.343428,8.540152,8.540153
1.796399e+25,0.8795798,0.8857619,310000.0,151467.38,149824.06,149824.06,18.954678,10.343452,8.540144,8.540153
1.796399e+25,0.88169247,0.8880109,310000.0,151467.4,149824.05,149824.03,18.954678,10.3433695,8.5401535,8.540153
1.796399e+25,0.87492704,0.8809452,310000.0,151467.4,149824.05,149824.06,18.954678,10.343296,8.540152,8.5401535
1.796399e+25,0.8593877,0.86523235,310000.0,151467.39,149824.05,149824.06,18.954678,10.343519,8.540147,8.540154
1.796399e+25,0.8518527,0.8576615,310000.0,151467.42,149824.03,149824.06,18.954678,10.343484,8.540149,8.540153
1.796399e+25,0.87591136,0.88193744,310000.0,151467.36,149824.03,149824.03,18.954678,10.343238,8.540148,8.540154
1.796399e+25,0.86785203,0.8740018,310000.0,151467.4,149824.05,149824.05,18.954678,10.343312,8.540147,8.540153
1.796399e+25,0.87162405,0.8776719,310000.0,151467.34,149824.06,149824.06,18.954678,10.343003,8.540143,8.5401535
1.796399e+25,0.8433868,0.84912235,310000.0,151467.39,149824.06,149824.06,18.954678,10.343179,8.540151,8.540153
1.796399e+25,0.8654056,0.87146014,310000.0,151467.36,149824.05,149824.08,18.954678,10.343502,8.540146,8.5401535
1.796399e+25,0.85255337,0.858447,310000.0,151467.33,149824.06,149824.06,18.954678,10.343697,8.540153,8.5401535
1.796399e+25,0.8632376,0.8691181,310000.0,151467.38,149824.05,149824.05,18.954678,10.343414,8.540146,8.5401535
1.796399e+25,0.86077935,0.86680734,310000.0,151467.39,149824.06,149824.05,18.954678,10.343409,8.540151,8.540153
1.796399e+25,0.8810117,0.88742346,310000.0,151467.38,149824.06,149824.08,18.954678,10.3435545,8.54015,8.540153
1.796399e+25,0.865525,0.87152284,310000.0,151467.38,149824.05,149824.08,18.954678,10.343451,8.540153,8.5401535
1.796399e+25,0.8791327,0.88497835,310000.0,151467.38,149824.06,149824.06,18.954678,10.343662,8.540149,8.5401535
1.796399e+25,0.8620144,0.8676542,310000.0,151467.4,149824.05,149824.05,18.954678,10.343617,8.540154,8.5401535
1.796399e+25,0.8629319,0.86915064,310000.0,151467.42,149824.06,149824.05,18.954678,10.343372,8.540149,8.540153
1.796399e+25,0.83816725,0.84418476,310000.0,151467.34,149824.05,149824.05,18.954678,10.34346,8.540157,8.5401535
1.796399e+25,0.85818964,0.8643292,310000.0,151467.4,149824.05,149824.06,18.954678,10.343492,8.540146,8.5401535
1.796399e+25,0.869211,0.87555426,310000.0,151467.33,149824.05,149824.05,18.954678,10.343423,8.540149,8.540153
1.796399e+25,0.8691159,0.8753516,310000.0,151467.42,149824.05,149824.06,18.954678,10.34354,8.540149,8.5401535
1.796399e+25,0.8700801,0.8769189,310000.0,151467.39,149824.03,149824.06,18.954678,10.3433695,8.540155,8.5401535
1.796399e+25,0.86187977,0.86922395,310000.0,151467.42,149824.05,149824.03,18.954678,10.343528,8.54015,8.540152
1.796399e+25,0.86481965,0.87165105,310000.0,151467.34,149824.08,149824.08,18.954678,10.343259,8.540144,8.5401535
1.796399e+25,0.8680637,0.8741739,310000.0,151467.34,149824.05,149824.08,18.954678,10.343405,8.5401535,8.5401535
1.796399e+25,0.84831977,0.8542369,310000.0,151467.36,149824.08,149824.08,18.954678,10.343235,8.540146,8.540153
1.796399e+25,0.8658264,0.8720408,310000.0,151467.4,149824.03,149824.08,18.954678,10.343411,8.540148,8.5401535
1.796399e+25,0.86951196,0.8757791,310000.0,151467.4,149824.05,149824.06,18.954678,10.343642,8.540154,8.5401535
1.796399e+25,0.8493279,0.8553884,310000.0,151467.34,149824.05,149824.08,18.954678,10.3433,8.540159,8.5401535
1.796399e+25,0.85895854,0.86494726,310000.0,151467.42,149824.06,149824.05,18.954678,10.343346,8.540153,8.5401535
1.796399e+25,0.86250424,0.8687612,310000.0,151467.39,149824.06,149824.08,18.954678,10.343126,8.540149,8.540154
1.796399e+25,0.86558306,0.8720388,310000.0,151467.4,149824.06,149824.08,18.954678,10.343749,8.540153,8.5401535
1.796399e+25,0.85562116,0.8617939,310000.0,151467.36,149824.03,149824.06,18.954678,10.343265,8.540145,8.5401535
1.796399e+25,0.8555295,0.861509,310000.0,151467.38,149824.06,149824.05,18.954678,10.343873,8.54015,8.540153
1.796399e+25,0.83799666,0.84387314,310000.0,151467.31,149824.06,149824.05,18.954678,10.342949,8.540161,8.540153
1.796399e+25,0.86081815,0.8669967,310000.0,151467.34,149824.05,149824.05,18.954678,10.343178,8.540153,8.5401535
1.796399e+25,0.8769253,0.88500696,310000.0,151467.34,149824.05,149824.06,18.954678,10.3433485,8.5401535,8.5401535
1.796399e+25,0.875474,0.88428396,310000.0,151467.36,149824.06,149824.05,18.954678,10.343469,8.540145,8.5401535
1.796399e+25,0.8689562,0.8773894,310000.0,151467.42,149824.06,149824.03,18.954678,10.343524,8.54015,8.5401535
1.796399e+25,0.8784417,0.88710713,310000.0,151467.42,149824.05,149824.06,18.954678,10.343367,8.540152,8.5401535
1.796399e+25,0.8549638,0.8609423,310000.0,151467.39,149824.03,149824.05,18.954678,10.343584,8.540147,8.5401535
1.796399e+25,0.86674666,0.8728042,310000.0,151467.38,149824.06,149824.06,18.954678,10.343242,8.540151,8.5401535
1.796399e+25,0.86021495,0.86626756,310000.0,151467.33,149824.08,149824.05,18.954678,10.343322,8.540143,8.540153
1.796399e+25,0.85531497,0.8613715,310000.0,151467.36,149824.03,149824.06,18.954678,10.343618,8.540147,8.540153
1.796399e+25,0.85484505,0.86083156,310000.0,151467.39,149824.06,149824.06,18.954678,10.343434,8.540142,8.5401535
1.796399e+25,0.85063493,0.85668683,310000.0,151467.39,149824.06,149824.06,18.954678,10.343275,8.540152,8.5401535
1.796399e+25,0.86293334,0.8691279,310000.0,151467.44,149824.06,149824.05,18.954678,10.343678,8.540152,8.540153
1.796399e+25,0.85104924,0.8569806,310000.0,151467.38,149824.05,149824.06,18.954678,10.343383,8.540142,8.540153
1.796399e+25,0.85611266,0.8620997,310000.0,151467.31,149824.05,149824.06,18.954678,10.343279,8.540169,8.540154
1.796399e+25,0.8393702,0.84526396,310000.0,151467.4,149824.06,149824.08,18.954678,10.343613,8.540148,8.5401535
1.796399e+25,0.861448,0.8675488,310000.0,151467.39,149824.05,149824.06,18.954678,10.3433275,8.5401535,8.5401535
1.796399e+25,0.86675954,0.8730691,310000.0,151467.42,149824.06,149824.06,18.954678,10.343862,8.540148,8.5401535
1.796399e+25,0.8636508,0.8698838,310000.0,151467.31,149824.03,149824.06,18.954678,10.343193,8.540156,8.5401535
1.796399e+25,0.8678997,0.8742776,310000.0,151467.39,149824.05,149824.05,18.954678,10.343319,8.540145,8.540153
1.796399e+25,0.86838,0.8743831,310000.0,151467.31,149824.05,149824.05,18.954678,10.343391,8.540144,8.540154
1.796399e+25,0.8638723,0.86989856,310000.0,151467.38,149824.06,149824.05,18.954678,10.34319,8.540149,8.540153
1.796399e+25,0.86995745,0.87612605,310000.0,151467.38,149824.05,149824.03,18.954678,10.343249,8.540149,8.540153
1.796399e+25,0.85112363,0.8570993,310000.0,151467.39,149824.06,149824.06,18.954678,10.343209,8.540149,8.540152
1.796399e+25,0.8592498,0.8652274,310000.0,151467.45,149824.08,149824.06,18.954678,10.343578,8.540149,8.540153
1.796399e+25,0.85863996,0.86460215,310000.0,151467.39,149824.06,149824.06,18.954678,10.343337,8.54015,8.540153
1.796399e+25,0.86093557,0.866999,310000.0,151467.44,149824.06,149824.05,18.954678,10.34365,8.540148,8.540153
1.796399e+25,0.8540004,0.85990816,310000.0,151467.33,149824.06,149824.08,18.954678,10.343401,8.540151,8.540152
1.796399e+25,0.8417953,0.84761024,310000.0,151467.44,149824.05,149824.05,18.954678,10.343727,8.540157,8.540153
1.796399e+25,0.85943437,0.8653724,310000.0,151467.42,149824.06,149824.06,18.954678,10.343675,8.540153,8.540153
1.796399e+25,0.85525256,0.8611386,310000.0,151467.44,149824.05,149824.08,18.954678,10.343485,8.540149,8.540153
1.796399e+25,0.8846384,0.8908308,310000.0,151467.4,149824.08,149824.05,18.954678,10.343517,8.540146,8.5401535
1.796399e+25,0.87079537,0.8768959,310000.0,151467.39,149824.05,149824.05,18.954678,10.343529,8.540154,8.540152
1.796399e+25,0.8534882,0.8591822,310000.0,151467.39,149824.06,149824.05,18.954678,10.343521,8.54016,8.540152
1.796399e+25,0.86453384,0.87057936,310000.0,151467.34,149824.06,149824.03,18.954678,10.343474,8.540151,8.5401535
1.796399e+25,0.8708761,0.8769822,310000.0,151467.4,149824.05,149824.06,18.954678,10.343402,8.540151,8.540153
1.796399e+25,0.86478543,0.8707607,310000.0,151467.36,149824.05,149824.05,18.954678,10.343407,8.540152,8.540153
1.796399e+25,0.85622716,0.86221,310000.0,151467.45,149824.05,149824.05,18.954678,10.343614,8.54015,8.540153
1.796399e+25,0.859319,0.8652197,310000.0,151467.36,149824.05,149824.06,18.954678,10.343357,8.5401535,8.540152
1.796399e+25,0.8499783,0.8560187,310000.0,151467.4,149824.06,149824.05,18.954678,10.34324,8.540149,8.540152
1.796399e+25,0.8792397,0.8854497,310000.0,151467.33,149824.05,149824.05,18.954678,10.343207,8.540153,8.5401535
1.796399e+25,0.8755825,0.88218755,310000.0,151467.36,149824.05,149824.05,18.954678,10.343366,8.540158,8.540153
1.796399e+25,0.8487839,0.85458547,310000.0,151467.39,149824.06,149824.08,18.954678,10.343718,8.540145,8.540152
1.796399e+25,0.8755515,0.8816208,310000.0,151467.45,149824.05,149824.03,18.954678,10.343584,8.540152,8.540153
1.796399e+25,0.8595979,0.86574984,310000.0,151467.39,149824.05,149824.05,18.954678,10.343281,8.540149,8.540152
1.796399e+25,0.86975634,0.87587893,310000.0,151467.38,149824.03,149824.06,18.954678,10.343426,8.540147,8.5401535
1.796399e+25,0.8685245,0.8746795,310000.0,151467.36,149824.06,149824.05,18.954678,10.343557,8.540146,8.540153
1.796399e+25,0.8682631,0.87429714,310000.0,151467.36,149824.08,149824.06,18.954678,10.343526,8.5401535,8.5401535
1.796399e+25,0.8681742,0.874288,310000.0,151467.42,149824.08,149824.08,18.954678,10.34366,8.540145,8.540152
1.796399e+25,0.8516735,0.8577252,310000.0,151467.4,149824.06,149824.03,18.954678,10.343246,8.5401535,8.540153
1.796399e+25,0.8607222,0.86689097,310000.0,151467.39,149824.03,149824.06,18.954678,10.343343,8.540153,8.540153
1.796399e+25,0.8568054,0.8626973,310000.0,151467.31,149824.03,149824.05,18.954678,10.343141,8.540149,8.5401535
1.796399e+25,0.8727321,0.87892723,310000.0,151467.38,149824.08,149824.05,18.954678,10.343555,8.540151,8.5401535
1.796399e+25,0.8731526,0.879381,310000.0,151467.36,149824.05,149824.05,18.954678,10.342987,8.540141,8.540153
1.796399e+25,0.8595836,0.8656287,310000.0,151467.4,149824.02,149824.03,18.954678,10.343259,8.540142,8.540153
1.796399e+25,0.8656379,0.8718427,310000.0,151467.36,149824.06,149824.06,18.954678,10.343514,8.540145,8.540153
1.796399e+25,0.8604732,0.86636317,310000.0,151467.33,149824.06,149824.05,18.954678,10.343192,8.540149,8.540153
1.796399e+25,0.860095,0.866166,310000.0,151467.36,149824.05,149824.05,18.954678,10.343227,8.540149,8.5401535
1.796399e+25,0.8504684,0.8564946,310000.0,151467.38,149824.05,149824.05,18.954678,10.343346,8.540147,8.5401535
1.796399e+25,0.8704599,0.87665975,310000.0,151467.33,149824.05,149824.06,18.954678,10.343023,8.540158,8.540153
1.796399e+25,0.85568804,0.8616568,310000.0,151467.4,149824.05,149824.06,18.954678,10.343508,8.540154,8.540153
1.796399e+25,0.8556519,0.86153543,310000.0,151467.39,149824.05,149824.06,18.954678,10.343616,8.540146,8.540153
1.796399e+25,0.8596714,0.8657209,310000.0,151467.39,149824.06,149824.06,18.954678,10.3431635,8.540151,8.5401535
1.796399e+25,0.8585891,0.86452806,310000.0,151467.34,149824.05,149824.06,18.954678,10.343587,8.540149,8.540153
1.796399e+25,0.8714407,0.87776756,310000.0,151467.4,149824.05,149824.05,18.954678,10.343599,8.540154,8.5401535
1.796399e+25,0.8751596,0.88124126,310000.0,151467.38,149824.06,149824.06,18.954678,10.343406,8.540146,8.540152
1.796399e+25,0.86122984,0.86716044,310000.0,151467.39,149824.05,149824.06,18.954678,10.343487,8.540157,8.540153
1.796399e+25,0.86319894,0.869369,310000.0,151467.44,149824.05,149824.05,18.954678,10.343589,8.540143,8.540153
1.796399e+25,0.8645648,0.87056243,310000.0,151467.38,149824.05,149824.06,18.954678,10.343551,8.540158,8.540154
1.796399e+25,0.863477,0.8696806,310000.0,151467.34,149824.05,149824.06,18.954678,10.343453,8.54015,8.5401535
1.796399e+25,0.8698244,0.8760401,310000.0,151467.4,149824.06,149824.05,18.954678,10.343396,8.540148,8.540153
1.796399e+25,0.871797,0.8780059,310000.0,151467.39,149824.05,149824.06,18.954678,10.343365,8.540146,8.540152
1.796399e+25,0.86556625,0.87168795,310000.0,151467.34,149824.05,149824.06,18.954678,10.343609,8.540146,8.540153
1.796399e+25,0.8730506,0.8792605,310000.0,151467.36,149824.06,149824.06,18.954678,10.343307,8.540144,8.540152
1.796399e+25,0.86693394,0.8729527,310000.0,151467.36,149824.06,149824.05,18.954678,10.343867,8.540157,8.540153
1.796399e+25,0.8696339,0.87581396,310000.0,151467.4,149824.06,149824.06,18.954678,10.343468,8.540155,8.540153
1.796399e+25,0.8656519,0.871682,310000.0,151467.3,149824.06,149824.05,18.954678,10.343141,8.540152,8.540153
1.796399e+25,0.84600985,0.85183984,310000.0,151467.38,149824.05,149824.05,18.954678,10.343516,8.540147,8.540153
1.796399e+25,0.8707542,0.87694734,310000.0,151467.34,149824.06,149824.03,18.954678,10.343462,8.540151,8.540152
1.796399e+25,0.8679345,0.8738919,310000.0,151467.4,149824.06,149824.05,18.954678,10.343201,8.540153,8.540151
1.796399e+25,0.8706306,0.8768404,310000.0,151467.38,149824.05,149824.06,18.954678,10.343313,8.540147,8.540152
1.796399e+25,0.8752325,0.88149256,310000.0,151467.33,149824.05,149824.06,18.954678,10.343309,8.540149,8.540153
1.796399e+25,0.86998767,0.87604463,310000.0,151467.31,149824.05,149824.06,18.954678,10.343246,8.540149,8.540153
1.796399e+25,0.8690093,0.87508345,310000.0,151467.38,149824.08,149824.08,18.954678,10.343361,8.540153,8.540153
1.796399e+25,0.8491371,0.85496837,310000.0,151467.42,149824.06,149824.05,18.954678,10.343612,8.540155,8.540152
1.796399e+25,0.8668273,0.87282664,310000.0,151467.42,149824.03,149824.06,18.954678,10.343357,8.540148,8.540152
1.796399e+25,0.85939026,0.8653045,310000.0,151467.36,149824.05,149824.06,18.954678,10.343535,8.540155,8.540152
1.796399e+25,0.8813829,0.8878432,310000.0,151467.39,149824.05,149824.06,18.954678,10.343065,8.540146,8.540153
1.796399e+25,0.8561954,0.86206317,310000.0,151467.34,149824.05,149824.06,18.954678,10.343201,8.540153,8.540153
1.796399e+25,0.86943525,0.87582546,310000.0,151467.38,149824.06,149824.06,18.954678,10.343655,8.540148,8.540153
1.796399e+25,0.8597885,0.86597687,310000.0,151467.34,149824.06,149824.05,18.954678,10.343051,8.540146,8.540153
1.796399e+25,0.8662171,0.8721137,310000.0,151467.39,149824.05,149824.05,18.954678,10.343198,8.540141,8.540152
1.796399e+25,0.8647434,0.8708334,310000.0,151467.38,149824.05,149824.05,18.954678,10.34391,8.540149,8.540152
1.796399e+25,0.8559571,0.86190134,310000.0,151467.42,149824.06,149824.05,18.954678,10.343503,8.540151,8.540153
1.796399e+25,0.8617564,0.8677548,310000.0,151467.34,149824.05,149824.05,18.954678,10.343283,8.540154,8.540153
1.796399e+25,0.87346363,0.87950736,310000.0,151467.38,149824.06,149824.08,18.954678,10.343191,8.540142,8.5401535
1.796399e+25,0.85725677,0.86323196,310000.0,151467.38,149824.05,149824.06,18.954678,10.343208,8.5401535,8.540153
1.796399e+25,0.8566043,0.86258644,310000.0,151467.36,149824.05,149824.06,18.954678,10.342931,8.5401535,8.540152
1.796399e+25,0.8555641,0.86139226,310000.0,151467.4,149824.05,149824.05,18.954678,10.343335,8.540141,8.540153
1.796399e+25,0.8597484,0.865804,310000.0,151467.42,149824.06,149824.06,18.954678,10.343163,8.54015,8.540153
1.796399e+25,0.8769859,0.8831346,310000.0,151467.4,149824.03,149824.06,18.954678,10.343422,8.54015,8.540153
1.796399e+25,0.86765015,0.8735656,310000.0,151467.42,149824.03,149824.03,18.954678,10.343591,8.540153,8.540152
1.796399e+25,0.8591316,0.86515355,310000.0,151467.38,149824.05,149824.05,18.954678,10.343598,8.540151,8.540152
1.796399e+25,0.87166744,0.87802243,310000.0,151467.42,149824.05,149824.06,18.954678,10.343856,8.540151,8.540153
1.796399e+25,0.8646295,0.8706352,310000.0,151467.36,149824.03,149824.03,18.954678,10.343429,8.54016,8.540152
1.796399e+25,0.8638981,0.8698237,310000.0,151467.4,149824.08,149824.05,18.954678,10.34367,8.540151,8.540153
1.796399e+25,0.8726904,0.8787977,310000.0,151467.42,149824.06,149824.03,18.954678,10.343913,8.54015,8.540152
1.796399e+25,0.8528279,0.85878766,310000.0,151467.39,149824.03,149824.05,18.954678,10.343311,8.540151,8.540153
1.796399e+25,0.85200816,0.85779786,310000.0,151467.38,149824.05,149824.05,18.954678,10.3433275,8.540144,8.540152
1.796399e+25,0.8764285,0.88247097,310000.0,151467.42,149824.05,149824.06,18.954678,10.343731,8.540153,8.540153
1.796399e+25,0.85385114,0.8597909,310000.0,151467.4,149824.05,149824.05,18.954678,10.343521,8.540151,8.540153
1.796399e+25,0.8779045,0.88393545,310000.0,151467.38,149824.03,149824.05,18.954678,10.3436165,8.540154,8.540152
1.796399e+25,0.8603216,0.8661799,310000.0,151467.4,149824.08,149824.06,18.954678,10.343411,8.540152,8.540153
1.796399e+25,0.8614376,0.8675444,310000.0,151467.36,149824.03,149824.06,18.954678,10.342987,8.540158,8.540153
1.796399e+25,0.87066966,0.87681174,310000.0,151467.36,149824.05,149824.06,18.954678,10.343143,8.5401535,8.5401535
1.796399e+25,0.87244564,0.87881553,310000.0,151467.33,149824.03,149824.06,18.954678,10.343427,8.540158,8.540152
1.796399e+25,0.8847613,0.89107925,310000.0,151467.4,149824.05,149824.06,18.954678,10.343313,8.54015,8.540152
1.796399e+25,0.8718187,0.87772983,310000.0,151467.36,149824.06,149824.05,18.954678,10.343163,8.540151,8.540152
1.796399e+25,0.86046696,0.86637,310000.0,151467.38,149824.06,149824.08,18.954678,10.3434305,8.540151,8.540153
1.796399e+25,0.8616621,0.8675644,310000.0,151467.34,149824.06,149824.05,18.954678,10.343065,8.540153,8.540152
1.796399e+25,0.85794723,0.86403716,310000.0,151467.36,149824.08,149824.05,18.954678,10.343273,8.540147,8.540153
1.796399e+25,0.86091197,0.86671245,310000.0,151467.45,149824.06,149824.03,18.954678,10.34368,8.540156,8.540152
1.796399e+25,0.86175853,0.8690766,310000.0,151467.36,149824.06,149824.05,18.954678,10.343055,8.540152,8.540152
1.796399e+25,0.8593428,0.8652475,310000.0,151467.44,149824.06,149824.06,18.954678,10.343372,8.540153,8.540152
1.796399e+25,0.8707281,0.8769542,310000.0,151467.34,149824.05,149824.06,18.954678,10.343116,8.540145,8.540153
1.796399e+25,0.8767031,0.8841014,310000.0,151467.36,149824.05,149824.03,18.954678,10.343408,8.540156,8.540152
1.796399e+25,0.871635,0.87784296,310000.0,151467.44,149824.05,149824.06,18.954678,10.343435,8.540142,8.540152
1.796399e+25,0.86041635,0.8662991,310000.0,151467.39,149824.08,149824.05,18.954678,10.343231,8.5401535,8.540152
1.796399e+25,0.86677706,0.8730239,310000.0,151467.39,149824.08,149824.06,18.954678,10.343539,8.540156,8.540146
1.796399e+25,0.87578,0.88164055,310000.0,151467.4,149824.06,149824.03,18.954678,10.343497,8.540152,8.540145
1.796399e+25,0.86120456,0.86712044,310000.0,151467.34,149824.05,149824.03,18.954678,10.343265,8.540144,8.540145
1.796399e+25,0.86686605,0.87267345,310000.0,151467.44,149824.06,149824.06,18.954678,10.343942,8.540154,8.540146
1.796399e+25,0.864255,0.8701063,310000.0,151467.34,149824.06,149824.06,18.954678,10.343235,8.540146,8.540147
1.796399e+25,0.84472835,0.8506146,310000.0,151467.42,149824.06,149824.03,18.954678,10.343437,8.540136,8.540146
1.796399e+25,0.88038886,0.8863744,310000.0,151467.4,149824.05,149824.05,18.954678,10.34361,8.540149,8.540146
1.796399e+25,0.8637157,0.8698259,310000.0,151467.36,149824.05,149824.05,18.954678,10.343257,8.540154,8.540145
1.796399e+25,0.8668159,0.8726463,310000.0,151467.4,149824.05,149824.03,18.954678,10.343648,8.540152,8.540146
1.796399e+25,0.8608279,0.86656415,310000.0,151467.39,149824.05,149824.06,18.954678,10.343464,8.540141,8.540146
1.796399e+25,0.86904824,0.87502325,310000.0,151467.39,149824.06,149824.03,18.954678,10.34356,8.540156,8.540146
1.796399e+25,0.8635516,0.86946374,310000.0,151467.36,149824.06,149824.05,18.954678,10.343468,8.540148,8.540146
1.796399e+25,0.87007046,0.8760435,310000.0,151467.38,149824.03,149824.05,18.954678,10.343639,8.540147,8.540145
1.796399e+25,0.864666,0.8705163,310000.0,151467.38,149824.05,149824.03,18.954678,10.343275,8.54014,8.540145
1.796399e+25,0.8670027,0.87294626,310000.0,151467.44,149824.05,149824.06,18.954678,10.343463,8.540154,8.540146
1.796399e+25,0.87513655,0.8811652,310000.0,151467.4,149824.06,149824.05,18.954678,10.343723,8.540155,8.540146
1.796399e+25,0.860947,0.8668803,310000.0,151467.39,149824.05,149824.05,18.954678,10.343588,8.5401535,8.540145
1.796399e+25,0.8603471,0.8663741,310000.0,151467.44,149824.05,149824.05,18.954678,10.343541,8.540157,8.540145
1.796399e+25,0.8592223,0.86511904,310000.0,151467.4,149824.06,149824.06,18.954678,10.343345,8.540152,8.540146
1.796399e+25,0.8600844,0.8662077,310000.0,151467.4,149824.05,149824.05,18.954678,10.343456,8.540152,8.540145
1.796399e+25,0.85867804,0.8647005,310000.0,151467.34,149824.08,149824.05,18.954678,10.343325,8.540152,8.540146
1.796399e+25,0.8678579,0.87383413,310000.0,151467.4,149824.06,149824.06,18.954678,10.34336,8.540151,8.540146
1.796399e+25,0.8656989,0.8714841,310000.0,151467.34,149824.05,149824.05,18.954678,10.343312,8.540155,8.540147
1.796399e+25,0.86848336,0.8752241,310000.0,151467.39,149824.06,149824.05,18.954678,10.343198,8.540145,8.540146
1.796399e+25,0.8794652,0.8859589,310000.0,151467.38,149824.06,149824.06,18.954678,10.343516,8.540139,8.540146
1.796399e+25,0.8828754,0.8896668,310000.0,151467.34,149824.08,149824.03,18.954678,10.342967,8.540154,8.540145
1.796399e+25,0.86583966,0.87206566,310000.0,151467.44,149824.05,149824.06,18.954678,10.343699,8.540151,8.540146
1.796399e+25,0.86175513,0.86808306,310000.0,151467.38,149824.03,149824.06,18.954678,10.343826,8.540156,8.540146
1.796399e+25,0.8698337,0.8758374,310000.0,151467.42,149824.03,149824.06,18.954678,10.343395,8.540151,8.540146
1.796399e+25,0.86283565,0.868867,310000.0,151467.42,149824.03,149824.06,18.954678,10.3438,8.54015,8.540146
1.796399e+25,0.8637713,0.8697722,310000.0,151467.4,149824.06,149824.05,18.954678,10.3436575,8.540155,8.540146
1.796399e+25,0.8647791,0.87075746,310000.0,151467.38,149824.06,149824.06,18.954678,10.343405,8.54014,8.540146
1.796399e+25,0.8861128,0.8924341,310000.0,151467.42,149824.05,149824.05,18.954678,10.343473,8.540154,8.540145
1.796399e+25,0.87377715,0.8798585,310000.0,151467.33,149824.05,149824.05,18.954678,10.343112,8.540145,8.540146
1.796399e+25,0.8680598,0.87404543,310000.0,151467.4,149824.05,149824.03,18.954678,10.343368,8.540145,8.540145
1.796399e+25,0.86044925,0.86630756,310000.0,151467.4,149824.06,149824.05,18.954678,10.343807,8.5401535,8.540146
1.796399e+25,0.8656538,0.8719221,310000.0,151467.4,149824.03,149824.05,18.954678,10.343661,8.540148,8.540147
1.796399e+25,0.8638894,0.8697794,310000.0,151467.34,149824.06,149824.06,18.954678,10.343534,8.540147,8.540147
1.796399e+25,0.867017,0.8729061,310000.0,151467.42,149824.06,149824.05,18.954678,10.343578,8.540156,8.540146
1.796399e+25,0.86895376,0.87502956,310000.0,151467.42,149824.06,149824.03,18.954678,10.343275,8.54015,8.540146
1.796399e+25,0.86841244,0.87446684,310000.0,151467.42,149824.05,149824.05,18.954678,10.343595,8.540149,8.540146
1.796399e+25,0.870476,0.876645,310000.0,151467.39,149824.05,149824.08,18.954678,10.343366,8.54015,8.540147
1.796399e+25,0.8811705,0.88743013,310000.0,151467.38,149824.08,149824.05,18.954678,10.343521,8.540151,8.540146
1.796399e+25,0.8576953,0.86410177,310000.0,151467.42,149824.06,149824.05,18.954678,10.34354,8.54015,8.540147
1.796399e+25,0.8591103,0.86507416,310000.0,151467.4,149824.05,149824.06,18.954678,10.343685,8.540154,8.540146
1.796399e+25,0.8688803,0.87585723,310000.0,151467.36,149824.03,149824.05,18.954678,10.343144,8.540149,8.540145
1.796399e+25,0.86263704,0.86845684,310000.0,151467.38,149824.05,149824.05,18.954678,10.3434925,8.540149,8.540147
1.796399e+25,0.8572867,0.86325055,310000.0,151467.4,149824.05,149824.05,18.954678,10.3434,8.540151,8.540146
1.796399e+25,0.87353724,0.87953085,310000.0,151467.34,149824.06,149824.06,18.954678,10.343246,8.540152,8.540145
1.796399e+25,0.8660419,0.8719172,310000.0,151467.38,149824.06,149824.06,18.954678,10.343219,8.540142,8.540146
1.796399e+25,0.87355983,0.8806571,310000.0,151467.36,149824.05,149824.08,18.954678,10.343154,8.540148,8.540147
1.796399e+25,0.87294894,0.87903035,310000.0,151467.4,149824.06,149824.05,18.954678,10.343607,8.540148,8.540145
1.796399e+25,0.86279523,0.8687353,310000.0,151467.38,149824.08,149824.03,18.954678,10.343528,8.540143,8.540146
1.796399e+25,0.8697495,0.8759821,310000.0,151467.36,149824.02,149824.05,18.954678,10.3433275,8.540141,8.540146
1.796399e+25,0.86356306,0.86955583,310000.0,151467.42,149824.08,149824.05,18.954678,10.343531,8.540137,8.540146
1.796399e+25,0.87534094,0.8815139,310000.0,151467.39,149824.06,149824.06,18.954678,10.3434925,8.54015,8.540145
1.796399e+25,0.88045114,0.8865782,310000.0,151467.39,149824.05,149824.05,18.954678,10.343288,8.540146,8.540146
1.796399e+25,0.8656787,0.8716358,310000.0,151467.38,149824.03,149824.06,18.954678,10.34336,8.540139,8.540147
1.796399e+25,0.86666733,0.8727082,310000.0,151467.33,149824.05,149824.03,18.954678,10.343497,8.540149,8.540145
1.796399e+25,0.86886036,0.8747367,310000.0,151467.39,149824.06,149824.03,18.954678,10.343727,8.5401535,8.540146
1.796399e+25,0.86097795,0.8668218,310000.0,151467.34,149824.06,149824.06,18.954678,10.343669,8.5401535,8.540146
1.796399e+25,0.87087405,0.8768449,310000.0,151467.34,149824.06,149824.06,18.954678,10.343286,8.540149,8.540146
1.796399e+25,0.8721502,0.87816507,310000.0,151467.36,149824.05,149824.06,18.954678,10.343365,8.540148,8.540145
1.796399e+25,0.8635782,0.86959857,310000.0,151467.42,149824.08,149824.05,18.954678,10.343601,8.540143,8.540145
1.796399e+25,0.8684749,0.87435776,310000.0,151467.39,149824.06,149824.03,18.954678,10.343496,8.540147,8.540146
1.796399e+25,0.8680094,0.87389046,310000.0,151467.38,149824.08,149824.05,18.954678,10.343153,8.540148,8.540147
1.796399e+25,0.8670476,0.87292624,310000.0,151467.42,149824.05,149824.05,18.954678,10.34337,8.540146,8.540146
1.796399e+25,0.8582231,0.8643999,310000.0,151467.39,149824.06,149824.05,18.954678,10.343553,8.540146,8.540146
1.796399e+25,0.8710559,0.87760913,310000.0,151467.39,149824.06,149824.05,18.954678,10.343717,8.540137,8.540145
1.796399e+25,0.86564046,0.87279403,310000.0,151467.39,149824.06,149824.05,18.954678,10.343486,8.54015,8.540145
1.796399e+25,0.85018396,0.8560686,310000.0,151467.38,149824.06,149824.05,18.954678,10.343398,8.540135,8.540145
1.796399e+25,0.87842494,0.8845048,310000.0,151467.39,149824.06,149824.05,18.954678,10.343432,8.540147,8.540146
1.796399e+25,0.8699415,0.876326,310000.0,151467.38,149824.05,149824.03,18.954678,10.34365,8.540153,8.540146
1.796399e+25,0.86198497,0.8684616,310000.0,151467.36,149824.05,149824.03,18.954678,10.343162,8.540148,8.540146
1.796399e+25,0.8455798,0.85137385,310000.0,151467.39,149824.06,149824.06,18.954678,10.343865,8.540148,8.540145
1.796399e+25,0.8702822,0.8765858,310000.0,151467.36,149824.05,149824.03,18.954678,10.34349,8.540149,8.540146
1.796399e+25,0.866763,0.87300515,310000.0,151467.36,149824.05,149824.06,18.954678,10.343649,8.540141,8.540146
1.796399e+25,0.8701757,0.8766945,310000.0,151467.42,149824.05,149824.03,18.954678,10.343336,8.540155,8.540147
1.796399e+25,0.8730187,0.87904,310000.0,151467.36,149824.06,149824.03,18.954678,10.343416,8.54015,8.540146
1.796399e+25,0.8673171,0.874039,310000.0,151467.44,149824.06,149824.06,18.954678,10.343524,8.540157,8.540145
1.796399e+25,0.8573608,0.8630896,310000.0,151467.4,149824.05,149824.06,18.954678,10.343343,8.540143,8.540146
1.796399e+25,0.86173064,0.8675668,310000.0,151467.42,149824.05,149824.08,18.954678,10.343859,8.540144,8.540146
1.796399e+25,0.86142236,0.8673984,310000.0,151467.42,149824.05,149824.05,18.954678,10.343619,8.540149,8.540147
1.796399e+25,0.87532246,0.8813057,310000.0,151467.38,149824.06,149824.06,18.954678,10.343582,8.540153,8.540146
1.796399e+25,0.8796779,0.8860083,310000.0,151467.36,149824.06,149824.05,18.954678,10.343558,8.540147,8.540145
1.796399e+25,0.8706671,0.8777099,310000.0,151467.34,149824.06,149824.03,18.954678,10.343163,8.540146,8.540146
1.796399e+25,0.8675899,0.8745739,310000.0,151467.4,149824.05,149824.05,18.954678,10.343639,8.54016,8.540145
1.796399e+25,0.8631693,0.8691869,310000.0,151467.33,149824.05,149824.06,18.954678,10.343235,8.540159,8.540146
1.796399e+25,0.8670395,0.87312436,310000.0,151467.38,149824.06,149824.05,18.954678,10.343416,8.540153,8.540146
1.796399e+25,0.8666098,0.87262726,310000.0,151467.34,149824.05,149824.06,18.954678,10.343231,8.5401535,8.540146
1.796399e+25,0.86827904,0.87449175,310000.0,151467.38,149824.06,149824.03,18.954678,10.343304,8.540143,8.540147
1.796399e+25,0.87395805,0.88072115,310000.0,151467.4,149824.05,149824.05,18.954678,10.343742,8.540152,8.540145
1.796399e+25,0.8717685,0.8776373,310000.0,151467.38,149824.05,149824.06,18.954678,10.343132,8.540153,8.540146
1.796399e+25,0.8570727,0.86288255,310000.0,151467.38,149824.06,149824.06,18.954678,10.343352,8.540149,8.540145
1.796399e+25,0.87075025,0.8769587,310000.0,151467.4,149824.06,149824.05,18.954678,10.343348,8.540154,8.540145
1.796399e+25,0.87215924,0.87871003,310000.0,151467.39,149824.05,149824.05,18.954678,10.343625,8.540149,8.540146
1.796399e+25,0.85846424,0.8644155,310000.0,151467.39,149824.06,149824.06,18.954678,10.343646,8.5401535,8.540145
1.796399e+25,0.8797035,0.88572544,310000.0,151467.38,149824.06,149824.05,18.954678,10.343342,8.540157,8.540146
1.796399e+25,0.8712173,0.87731135,310000.0,151467.42,149824.03,149824.05,18.954678,10.343497,8.540153,8.540146
1.796399e+25,0.87347454,0.87991816,310000.0,151467.38,149824.06,149824.05,18.954678,10.343573,8.540143,8.540145
1.796399e+25,0.8726091,0.8797672,310000.0,151467.39,149824.06,149824.05,18.954678,10.343158,8.540151,8.540146
1.796399e+25,0.8629313,0.8704298,310000.0,151467.44,149824.06,149824.05,18.954678,10.343586,8.540154,8.540145
1.796399e+25,0.8603985,0.86619854,310000.0,151467.34,149824.05,149824.05,18.954678,10.3431635,8.540156,8.540146
1.796399e+25,0.8674943,0.873357,310000.0,151467.42,149824.06,149824.05,18.954678,10.343661,8.540149,8.540146
1.796399e+25,0.8783454,0.88436705,310000.0,151467.33,149824.06,149824.06,18.954678,10.343377,8.540153,8.540146
1.796399e+25,0.86700386,0.87302136,310000.0,151467.38,149824.06,149824.05,18.954678,10.343182,8.540154,8.540146
1.796399e+25,0.88075185,0.88713807,310000.0,151467.38,149824.08,149824.05,18.954678,10.343609,8.540154,8.540146
1.796399e+25,0.8623726,0.8683564,310000.0,151467.39,149824.06,149824.03,18.954678,10.343654,8.540148,8.540146
1.796399e+25,0.8723541,0.8796237,310000.0,151467.39,149824.03,149824.05,18.954678,10.34326,8.540149,8.540147
1.796399e+25,0.85954666,0.8658294,310000.0,151467.36,149824.08,149824.06,18.954678,10.34341,8.54015,8.540146
1.796399e+25,0.8719273,0.87789166,310000.0,151467.34,149824.05,149824.06,18.954678,10.343298,8.540149,8.540145
1.796399e+25,0.8808238,0.8876603,310000.0,151467.36,149824.05,149824.02,18.954678,10.343263,8.540155,8.540146
1.796399e+25,0.8731091,0.8791987,310000.0,151467.38,149824.06,149824.06,18.954678,10.343351,8.540138,8.540146
1.796399e+25,0.858327,0.8649232,310000.0,151467.34,149824.08,149824.03,18.954678,10.343343,8.540157,8.540145
1.796399e+25,0.8695457,0.87682647,310000.0,151467.36,149824.06,149824.05,18.954678,10.343191,8.5401535,8.540145
1.796399e+25,0.86261433,0.8689888,310000.0,151467.36,149824.08,149824.06,18.954678,10.343461,8.540155,8.540145
1.796399e+25,0.86470854,0.8722214,310000.0,151467.38,149824.05,149824.03,18.954678,10.343551,8.540145,8.540145
1.796399e+25,0.8913942,0.8970344,310000.0,151467.36,149824.06,149824.06,18.954678,10.343166,8.54015,8.540146
1.796399e+25,0.86762255,0.87357706,310000.0,151467.36,149824.05,149824.05,18.954678,10.343276,8.540151,8.540146
1.796399e+25,0.86895,0.8758692,310000.0,151467.42,149824.06,149824.05,18.954678,10.343832,8.540143,8.540145
1.796399e+25,0.87902564,0.8858453,310000.0,151467.39,149824.08,149824.05,18.954678,10.343362,8.540145,8.540146
1.796399e+25,0.8865559,0.89371735,310000.0,151467.39,149824.06,149824.03,18.954678,10.343316,8.540144,8.540145
1.796399e+25,0.89303863,0.8994959,310000.0,151467.39,149824.06,149824.05,18.954678,10.343662,8.540152,8.540146
1.796399e+25,0.86159503,0.86752194,310000.0,151467.39,149824.05,149824.02,18.954678,10.343392,8.540146,8.540145
1.796399e+25,0.8701369,0.87798786,310000.0,151467.42,149824.06,149824.03,18.954678,10.343554,8.540156,8.540146
1.796399e+25,0.8784648,0.88481313,310000.0,151467.42,149824.06,149824.03,18.954678,10.343834,8.540148,8.540146
1.796399e+25,0.8639371,0.8698481,310000.0,151467.38,149824.06,149824.06,18.954678,10.343442,8.5401535,8.540145
1.796399e+25,0.8642578,0.8701556,310000.0,151467.38,149824.05,149824.03,18.954678,10.343277,8.540155,8.540145
1.796399e+25,0.87366825,0.8809768,310000.0,151467.38,149824.06,149824.06,18.954678,10.342999,8.540156,8.540145
1.796399e+25,0.8655147,0.8713297,310000.0,151467.39,149824.05,149824.05,18.954678,10.343354,8.54015,8.540145
1.796399e+25,0.8493951,0.8553695,310000.0,151467.34,149824.08,149824.03,18.954678,10.343318,8.540136,8.540144
1.796399e+25,0.85397315,0.860163,310000.0,151467.31,149824.05,149824.05,18.954678,10.343198,8.540154,8.540145
1.796399e+25,0.8637584,0.8698064,310000.0,151467.33,149824.06,149824.05,18.954678,10.343624,8.540153,8.540146
1.796399e+25,0.86888826,0.87654,310000.0,151467.36,149824.06,149824.03,18.954678,10.343588,8.540155,8.540146
1.796399e+25,0.8655167,0.8716876,310000.0,151467.3,149824.05,149824.06,18.954678,10.343093,8.540146,8.540146
1.796399e+25,0.8602606,0.86619216,310000.0,151467.44,149824.03,149824.06,18.954678,10.343762,8.5401535,8.540146
1.796399e+25,0.86530966,0.8719761,310000.0,151467.36,149824.06,149824.08,18.954678,10.34313,8.540145,8.540145
1.796399e+25,0.8710927,0.87775016,310000.0,151467.31,149824.06,149824.05,18.954678,10.343429,8.540154,8.540145
1.796399e+25,0.8607648,0.8668561,310000.0,151467.4,149824.06,149824.06,18.954678,10.343778,8.540153,8.540146
1.796399e+25,0.86360383,0.8703979,310000.0,151467.38,149824.05,149824.05,18.954678,10.343222,8.540144,8.540146
1.796399e+25,0.8575688,0.8635717,310000.0,151467.34,149824.05,149824.05,18.954678,10.343125,8.540151,8.540146
1.796399e+25,0.8600009,0.86619246,310000.0,151467.38,149824.05,149824.06,18.954678,10.343459,8.540148,8.540146
1.796399e+25,0.8556977,0.8617269,310000.0,151467.38,149824.05,149824.05,18.954678,10.3434,8.54015,8.540146
1.796399e+25,0.8753854,0.8827858,310000.0,151467.38,149824.06,149824.05,18.954678,10.343413,8.540146,8.540146
1.796399e+25,0.86507535,0.8720182,310000.0,151467.38,149824.03,149824.05,18.954678,10.343402,8.540144,8.540145
1.796399e+25,0.86267895,0.86899,310000.0,151467.4,149824.03,149824.05,18.954678,10.343521,8.540152,8.540145
1.796399e+25,0.8606704,0.8675188,310000.0,151467.36,149824.05,149824.06,18.954678,10.343214,8.540147,8.540146
1.796399e+25,0.8612852,0.8679629,310000.0,151467.42,149824.08,149824.03,18.954678,10.343527,8.54015,8.540145
1.796399e+25,0.86729527,0.8740812,310000.0,151467.45,149824.05,149824.06,18.954678,10.343905,8.54015,8.540145
1.796399e+25,0.8531522,0.85894567,310000.0,151467.39,149824.06,149824.06,18.954678,10.343449,8.540158,8.540146
1.796399e+25,0.85296935,0.8589106,310000.0,151467.42,149824.06,149824.06,18.954678,10.3433275,8.540153,8.540146
1.796399e+25,0.8491384,0.8550656,310000.0,151467.44,149824.06,149824.03,18.954678,10.343814,8.540148,8.540145
1.796399e+25,0.87992185,0.88668364,310000.0,151467.36,149824.06,149824.06,18.954678,10.343199,8.540146,8.540146
1.796399e+25,0.861486,0.86767656,310000.0,151467.38,149824.06,149824.06,18.954678,10.343446,8.540149,8.540145
1.796399e+25,0.8598502,0.8659498,310000.0,151467.4,149824.03,149824.06,18.954678,10.343583,8.540151,8.540145
1.796399e+25,0.8743698,0.88078797,310000.0,151467.38,149824.05,149824.05,18.954678,10.343329,8.540153,8.540145
1.796399e+25,0.87012255,0.87643075,310000.0,151467.39,149824.05,149824.05,18.954678,10.343004,8.5401535,8.540146
1.796399e+25,0.86949205,0.8755995,310000.0,151467.36,149824.05,149824.06,18.954678,10.3435755,8.540153,8.540146
250759.14,0.013121609,0.013864672,37000.0,151467.4,149824.06,149824.05,0.7491672,10.34342,8.540164,8.540172
250759.14,0.015816176,0.016895792,37000.0,151467.39,149824.05,149824.05,0.7491672,10.343173,8.540168,8.540164
250759.14,0.012608951,0.013308812,37000.0,151467.34,149824.06,149824.05,0.7491672,10.343621,8.540151,8.540161
250759.14,0.011136569,0.0116626555,37000.0,151467.39,149824.05,149824.05,0.7491672,10.343575,8.540149,8.540171
250759.14,0.013010902,0.013736501,37000.0,151467.34,149824.06,149824.06,0.7491672,10.3434,8.540145,8.540163
250759.14,0.013077431,0.013825289,37000.0,151467.44,149824.03,149824.06,0.7491672,10.343499,8.54015,8.540171
250759.14,0.014692987,0.01564502,37000.0,151467.38,149824.05,149824.05,0.7491672,10.34381,8.540143,8.540158
250759.14,0.014225685,0.015095186,37000.0,151467.4,149824.02,149824.05,0.7491672,10.343716,8.540145,8.540168
250759.14,0.017630732,0.019065527,37000.0,151467.36,149824.06,149824.06,0.7491672,10.343206,8.540149,8.540152
250759.14,0.014183858,0.015069531,37000.0,151467.44,149824.06,149824.05,0.7491672,10.343486,8.540141,8.540164
250759.14,0.014541258,0.01545996,37000.0,151467.34,149824.06,149824.06,0.7491672,10.343273,8.540147,8.540153
250759.14,0.014846651,0.01578653,37000.0,151467.4,149824.08,149824.03,0.7491672,10.343581,8.540135,8.540176
250759.14,0.01195629,0.012575498,37000.0,151467.39,149824.06,149824.05,0.7491672,10.343305,8.540121,8.540167
250759.14,0.01197766,0.012613807,37000.0,151467.33,149824.05,149824.06,0.7491672,10.343236,8.540131,8.540155
250759.14,0.014860818,0.01599328,37000.0,151467.36,149824.05,149824.06,0.7491672,10.343272,8.540167,8.540149
250759.14,0.014506667,0.01553979,37000.0,151467.44,149824.05,149824.03,0.7491672,10.343323,8.540156,8.540155
250759.14,0.014246102,0.015247353,37000.0,151467.3,149824.05,149824.05,0.7491672,10.343316,8.540146,8.540175
250759.14,0.01569478,0.016892018,37000.0,151467.4,149824.03,149824.06,0.7491672,10.3434725,8.540157,8.540171
250759.14,0.015710097,0.016845148,37000.0,151467.42,149824.06,149824.05,0.7491672,10.343222,8.54015,8.540156
250759.14,0.01641434,0.017642029,37000.0,151467.36,149824.05,149824.05,0.7491672,10.343269,8.540151,8.540155
250759.14,0.018560216,0.020182025,37000.0,151467.33,149824.08,149824.03,0.7491672,10.342936,8.540144,8.540149
250759.14,0.016158741,0.017366808,37000.0,151467.38,149824.06,149824.05,0.7491672,10.343322,8.540161,8.540164
250759.14,0.013951458,0.014907288,37000.0,151467.36,149824.06,149824.03,0.7491672,10.343523,8.540137,8.540168
250759.14,0.0149699915,0.016082246,37000.0,151467.36,149824.06,149824.06,0.7491672,10.343259,8.540136,8.540165
250759.14,0.016131371,0.017446924,37000.0,151467.39,149824.05,149824.08,0.7491672,10.343817,8.540148,8.540161
250759.14,0.014206282,0.015177282,37000.0,151467.36,149824.06,149824.05,0.7491672,10.343742,8.540142,8.540165
250759.14,0.014604241,0.015650494,37000.0,151467.34,149824.06,149824.08,0.7491672,10.3434305,8.540154,8.540169
250759.14,0.012557596,0.013324904,37000.0,151467.4,149824.05,149824.03,0.7491672,10.343467,8.540129,8.540158
250759.14,0.014220649,0.015319402,37000.0,151467.4,149824.03,149824.06,0.7491672,10.343398,8.540149,8.540156
250759.14,0.014829358,0.01592038,37000.0,151467.39,149824.03,149824.05,0.7491672,10.343395,8.540154,8.540165
250759.14,0.014719729,0.015713185,37000.0,151467.39,149824.05,149824.05,0.7491672,10.343053,8.540141,8.54016
250759.14,0.012661128,0.013329566,37000.0,151467.36,149824.05,149824.05,0.7491672,10.343194,8.540141,8.5401535
250759.14,0.012610771,0.013274711,37000.0,151467.31,149824.06,149824.05,0.7491672,10.343234,8.54017,8.540155
250759.14,0.015062052,0.016029324,37000.0,151467.38,149824.05,149824.08,0.7491672,10.343733,8.540172,8.540157
250759.14,0.0142834,0.015292728,37000.0,151467.38,149824.05,149824.06,0.7491672,10.3436775,8.540156,8.540155
250759.14,0.015082455,0.016057579,37000.0,151467.38,149824.06,149824.05,0.7491672,10.343594,8.540136,8.540166
250759.14,0.014788166,0.015712932,37000.0,151467.39,149824.06,149824.08,0.7491672,10.343545,8.540154,8.540167
250759.14,0.013736108,0.014665947,37000.0,151467.45,149824.06,149824.05,0.7491672,10.343812,8.540151,8.54015
250759.14,0.015803488,0.01708118,37000.0,151467.36,149824.06,149824.06,0.7491672,10.343593,8.540139,8.540166
250759.14,0.015764808,0.016943723,37000.0,151467.38,149824.1,149824.05,0.7491672,10.34335,8.540153,8.540161
250759.14,0.014287778,0.015237543,37000.0,151467.34,149824.03,149824.05,0.7491672,10.343532,8.540163,8.5401745
250759.14,0.013960344,0.014909306,37000.0,151467.38,149824.05,149824.05,0.7491672,10.343179,8.54015,8.54017
250759.14,0.013297783,0.014108321,37000.0,151467.39,149824.06,149824.05,0.7491672,10.343585,8.540163,8.540168
250759.14,0.01582404,0.016947884,37000.0,151467.36,149824.03,149824.05,0.7491672,10.343348,8.540128,8.540162
250759.14,0.015561091,0.016667377,37000.0,151467.36,149824.08,149824.05,0.7491672,10.343431,8.540139,8.540167
250759.14,0.012511866,0.013298113,37000.0,151467.36,149824.06,149824.05,0.7491672,10.343194,8.540167,8.540168
250759.14,0.015344562,0.016536321,37000.0,151467.33,149824.06,149824.06,0.7491672,10.343552,8.540156,8.540174
250759.14,0.014416617,0.015391966,37000.0,151467.44,149824.06,149824.05,0.7491672,10.343212,8.540166,8.540152
250759.14,0.014007127,0.014961049,37000.0,151467.34,149824.05,149824.06,0.7491672,10.343325,8.540136,8.540164
250759.14,0.017270776,0.018548956,37000.0,151467.44,149824.06,149824.03,0.7491672,10.3435135,8.540151,8.540151
250759.14,0.016303927,0.017414296,37000.0,151467.42,149824.05,149824.05,0.7491672,10.343606,8.540152,8.540154
250759.14,0.0149974795,0.01612359,37000.0,151467.38,149824.05,149824.06,0.7491672,10.34331,8.540171,8.5401535
250759.14,0.013214813,0.01401556,37000.0,151467.38,149824.06,149824.06,0.7491672,10.343166,8.540143,8.540147
250759.14,0.015851824,0.017062271,37000.0,151467.38,149824.03,149824.06,0.7491672,10.343566,8.540151,8.540157
250759.14,0.014575805,0.015520252,37000.0,151467.47,149824.03,149824.03,0.7491672,10.343395,8.540154,8.540156
250759.14,0.012602482,0.013345176,37000.0,151467.4,149824.05,149824.05,0.7491672,10.3434105,8.5401325,8.540161
250759.14,0.014437166,0.015439042,37000.0,151467.38,149824.05,149824.05,0.7491672,10.343319,8.54016,8.540162
250759.14,0.016240332,0.017525913,37000.0,151467.38,149824.05,149824.05,0.7491672,10.343318,8.540141,8.540156
250759.14,0.01499902,0.015994359,37000.0,151467.34,149824.06,149824.03,0.7491672,10.343348,8.540131,8.540161
250759.14,0.01615914,0.01729232,37000.0,151467.42,149824.06,149824.05,0.7491672,10.343387,8.540153,8.540154
250759.14,0.014733716,0.015701165,37000.0,151467.42,149824.06,149824.06,0.7491672,10.343267,8.540147,8.540161
250759.14,0.013860126,0.014760336,37000.0,151467.42,149824.06,149824.03,0.7491672,10.343432,8.54014,8.54016
250759.14,0.016273472,0.017570734,37000.0,151467.38,149824.06,149824.05,0.7491672,10.343264,8.54015,8.5401535
250759.14,0.015371468,0.016592372,37000.0,151467.38,149824.05,149824.06,0.7491672,10.343171,8.540137,8.540154
250759.14,0.017496925,0.019017218,37000.0,151467.36,149824.05,149824.05,0.7491672,10.343149,8.540162,8.540155
250759.14,0.012585981,0.013362434,37000.0,151467.4,149824.06,149824.05,0.7491672,10.3434305,8.540167,8.54015
250759.14,0.013884021,0.014790213,37000.0,151467.31,149824.05,149824.06,0.7491672,10.343337,8.540143,8.540149
250759.14,0.014168293,0.015098364,37000.0,151467.3,149824.05,149824.08,0.7491672,10.343397,8.540178,8.540166
250759.14,0.016468588,0.01763556,37000.0,151467.34,149824.06,149824.05,0.7491672,10.343285,8.540129,8.540149
250759.14,0.014122213,0.015030915,37000.0,151467.36,149824.05,149824.05,0.7491672,10.34354,8.540164,8.54016
250759.14,0.014353337,0.015366156,37000.0,151467.42,149824.06,149824.06,0.7491672,10.343576,8.540162,8.5401535
250759.14,0.013667709,0.01453902,37000.0,151467.33,149824.05,149824.08,0.7491672,10.343142,8.540144,8.540164
250759.14,0.011187398,0.011747513,37000.0,151467.38,149824.05,149824.03,0.7491672,10.343452,8.540179,8.540174
250759.14,0.015899824,0.017129466,37000.0,151467.36,149824.06,149824.05,0.7491672,10.343086,8.5401535,8.540151
250759.14,0.014577093,0.015583106,37000.0,151467.36,149824.06,149824.05,0.7491672,10.343766,8.540153,8.540152
250759.14,0.0153168235,0.016451152,37000.0,151467.36,149824.05,149824.06,0.7491672,10.343684,8.540165,8.540156
250759.14,0.012603035,0.013399508,37000.0,151467.38,149824.06,149824.06,0.7491672,10.343562,8.540144,8.540164
250759.14,0.016097207,0.01719892,37000.0,151467.33,149824.06,149824.08,0.7491672,10.3429,8.540158,8.540148
250759.14,0.015186924,0.01620948,37000.0,151467.4,149824.1,149824.06,0.7491672,10.34364,8.540155,8.540162
250759.14,0.015627107,0.01666521,37000.0,151467.34,149824.03,149824.05,0.7491672,10.343389,8.540156,8.54015
250759.14,0.015923826,0.017016249,37000.0,151467.36,149824.06,149824.05,0.7491672,10.3434,8.540148,8.540146
250759.14,0.01619557,0.017267702,37000.0,151467.42,149824.05,149824.06,0.7491672,10.343649,8.540139,8.540169
250759.14,0.014928168,0.01587073,37000.0,151467.38,149824.08,149824.05,0.7491672,10.343411,8.5401535,8.540176
250759.14,0.015150974,0.01612123,37000.0,151467.33,149824.08,149824.08,0.7491672,10.3433485,8.540146,8.54016
250759.14,0.016359756,0.017511314,37000.0,151467.34,149824.06,149824.06,0.7491672,10.343395,8.540157,8.5401745
250759.14,0.014116858,0.014968356,37000.0,151467.36,149824.06,149824.05,0.7491672,10.343674,8.540161,8.540158
250759.14,0.014131423,0.0149767175,37000.0,151467.39,149824.05,149824.05,0.7491672,10.343505,8.540148,8.540155
250759.14,0.012930831,0.013641347,37000.0,151467.38,149824.05,149824.05,0.7491672,10.343505,8.540132,8.540144
250759.14,0.012995571,0.013805854,37000.0,151467.38,149824.08,149824.06,0.7491672,10.343491,8.540163,8.540156
250759.14,0.014685978,0.015628189,37000.0,151467.39,149824.05,149824.05,0.7491672,10.343578,8.540158,8.540152
250759.14,0.01577253,0.016846642,37000.0,151467.39,149824.03,149824.06,0.7491672,10.343289,8.540158,8.540152
250759.14,0.014031004,0.014872603,37000.0,151467.38,149824.06,149824.05,0.7491672,10.343414,8.540139,8.540144
250759.14,0.014577413,0.015478963,37000.0,151467.42,149824.05,149824.06,0.7491672,10.3431,8.540156,8.540151
250759.14,0.0152317835,0.016207533,37000.0,151467.34,149824.08,149824.06,0.7491672,10.343408,8.540155,8.540142
250759.14,0.015249017,0.01623337,37000.0,151467.36,149824.06,149824.06,0.7491672,10.343236,8.540145,8.540151
250759.14,0.013882958,0.014702747,37000.0,151467.38,149824.06,149824.05,0.7491672,10.343466,8.5401325,8.540159
250759.14,0.011389095,0.011942892,37000.0,151467.4,149824.06,149824.05,0.7491672,10.343748,8.54015,8.540162
250759.14,0.011076402,0.011586741,37000.0,151467.39,149824.05,149824.06,0.7491672,10.34372,8.540162,8.540173
250759.14,0.015199687,0.016175067,37000.0,151467.39,149824.05,149824.05,0.7491672,10.343404,8.540154,8.540153
250759.14,0.014072565,0.014945056,37000.0,151467.38,149824.05,149824.06,0.7491672,10.343304,8.540168,8.540161
250759.14,0.01637189,0.017504435,37000.0,151467.38,149824.08,149824.05,0.7491672,10.343718,8.54015,8.540159
250759.14,0.014047567,0.014866233,37000.0,151467.34,149824.08,149824.05,0.7491672,10.343453,8.540161,8.5401535
250759.14,0.014637289,0.0155778965,37000.0,151467.34,149824.05,149824.05,0.7491672,10.343535,8.5401745,8.540158
250759.14,0.015370267,0.016388519,37000.0,151467.39,149824.05,149824.06,0.7491672,10.343296,8.5401325,8.540156
250759.14,0.013567884,0.014346559,37000.0,151467.39,149824.06,149824.08,0.7491672,10.343324,8.540157,8.540151
250759.14,0.014601259,0.015507666,37000.0,151467.4,149824.03,149824.05,0.7491672,10.34328,8.540143,8.540158
250759.14,0.01236445,0.013017202,37000.0,151467.34,149824.03,149824.03,0.7491672,10.343292,8.540161,8.540151
250759.14,0.011733941,0.012324059,37000.0,151467.44,149824.06,149824.06,0.7491672,10.343547,8.540126,8.540156
250759.14,0.013600152,0.01436935,37000.0,151467.42,149824.05,149824.08,0.7491672,10.343726,8.540157,8.540156
250759.14,0.015907329,0.017008018,37000.0,151467.34,149824.06,149824.06,0.7491672,10.343268,8.540157,8.540166
250759.14,0.015969435,0.01704331,37000.0,151467.42,149824.05,149824.05,0.7491672,10.34361,8.540137,8.5401535
250759.14,0.015215523,0.016208483,37000.0,151467.4,149824.06,149824.05,0.7491672,10.343468,8.54014,8.540159
250759.14,0.014353605,0.015207354,37000.0,151467.36,149824.05,149824.05,0.7491672,10.343525,8.540142,8.540158
250759.14,0.016021883,0.01711379,37000.0,151467.42,149824.06,149824.06,0.7491672,10.343329,8.540154,8.540166
250759.14,0.0136482045,0.014437404,37000.0,151467.38,149824.06,149824.06,0.7491672,10.343595,8.540145,8.540172
250759.14,0.015854672,0.016909596,37000.0,151467.34,149824.06,149824.06,0.7491672,10.343294,8.54014,8.54016
250759.14,0.01406557,0.014896633,37000.0,151467.38,149824.08,149824.06,0.7491672,10.343244,8.540142,8.540155
250759.14,0.013600627,0.014372644,37000.0,151467.42,149824.06,149824.05,0.7491672,10.343576,8.540145,8.540146
250759.14,0.012469531,0.013127097,37000.0,151467.34,149824.05,149824.05,0.7491672,10.343229,8.540138,8.540161
250759.14,0.016194923,0.017329399,37000.0,151467.36,149824.08,149824.05,0.7491672,10.343188,8.540138,8.540149
250759.14,0.013300636,0.014295449,37000.0,151467.31,149824.05,149824.05,0.7491672,10.343146,8.54016,8.54016
250759.14,0.014591101,0.015585636,37000.0,151467.38,149824.06,149824.05,0.7491672,10.343259,8.5401325,8.540174
250759.14,0.014815786,0.015816506,37000.0,151467.38,149824.06,149824.05,0.7491672,10.343406,8.540139,8.540167
250759.14,0.016189741,0.017323123,37000.0,151467.36,149824.08,149824.03,0.7491672,10.343287,8.540151,8.540144
250759.14,0.0159067,0.016945343,37000.0,151467.33,149824.05,149824.05,0.7491672,10.343367,8.540152,8.540152
250759.14,0.01614707,0.017256673,37000.0,151467.36,149824.05,149824.05,0.7491672,10.34343,8.540169,8.540141
250759.14,0.012935049,0.01364131,37000.0,151467.39,149824.06,149824.05,0.7491672,10.34335,8.54013,8.540145
250759.14,0.01324157,0.013989187,37000.0,151467.42,149824.05,149824.02,0.7491672,10.343892,8.540169,8.540126
250759.14,0.014749234,0.015622092,37000.0,151467.38,149824.06,149824.06,0.7491672,10.343582,8.540153,8.540131
250759.14,0.015090749,0.01603994,37000.0,151467.39,149824.05,149824.05,0.7491672,10.3435,8.540151,8.54015
250759.14,0.015743116,0.01678878,37000.0,151467.4,149824.05,149824.06,0.7491672,10.343581,8.540144,8.540135
250759.14,0.013290281,0.014035338,37000.0,151467.44,149824.03,149824.06,0.7491672,10.3436,8.540135,8.540145
250759.14,0.01644126,0.017525876,37000.0,151467.36,149824.03,149824.02,0.7491672,10.343401,8.540158,8.540148
250759.14,0.01577914,0.01687437,37000.0,151467.4,149824.05,149824.03,0.7491672,10.343624,8.540142,8.540131
250759.14,0.01399244,0.014840581,37000.0,151467.34,149824.06,149824.06,0.7491672,10.343237,8.540173,8.54013
250759.14,0.01506451,0.016073624,37000.0,151467.4,149824.05,149824.03,0.7491672,10.343625,8.54013,8.540124
250759.14,0.016122427,0.017420711,37000.0,151467.38,149824.05,149824.05,0.7491672,10.343166,8.54014,8.540124
250759.14,0.0158918,0.017175954,37000.0,151467.38,149824.05,149824.03,0.7491672,10.343384,8.540154,8.540145
250759.14,0.015921047,0.017243339,37000.0,151467.31,149824.06,149824.05,0.7491672,10.343158,8.540172,8.540156
250759.14,0.016946107,0.018282883,37000.0,151467.31,149824.05,149824.05,0.7491672,10.342764,8.540134,8.540133
250759.14,0.01406008,0.014882342,37000.0,151467.38,149824.05,149824.05,0.7491672,10.343323,8.540137,8.540146
250759.14,0.014635198,0.015505581,37000.0,151467.44,149824.06,149824.05,0.7491672,10.343893,8.540157,8.540137
250759.14,0.016943712,0.018149568,37000.0,151467.39,149824.05,149824.05,0.7491672,10.34363,8.540169,8.540141
250759.14,0.015165529,0.016105147,37000.0,151467.34,149824.05,149824.06,0.7491672,10.3436,8.54016,8.5401325
250759.14,0.016451161,0.017547473,37000.0,151467.33,149824.05,149824.05,0.7491672,10.343351,8.540144,8.540134
250759.14,0.017017424,0.018204316,37000.0,151467.36,149824.03,149824.05,0.7491672,10.343275,8.540148,8.540142
250759.14,0.015102615,0.016061766,37000.0,151467.47,149824.05,149824.03,0.7491672,10.3437605,8.540138,8.540151
250759.14,0.015777554,0.01682557,37000.0,151467.31,149824.06,149824.05,0.7491672,10.343194,8.540157,8.540127
250759.14,0.016799845,0.01798001,37000.0,151467.33,149824.03,149824.03,0.7491672,10.343217,8.540151,8.54014
250759.14,0.017250163,0.018440334,37000.0,151467.36,149824.05,149824.05,0.7491672,10.343284,8.540138,8.540129
250759.14,0.015453424,0.016471062,37000.0,151467.39,149824.06,149824.05,0.7491672,10.343837,8.540151,8.540152
250759.14,0.017153423,0.018427067,37000.0,151467.39,149824.05,149824.03,0.7491672,10.34337,8.540133,8.54013
250759.14,0.014509826,0.015360824,37000.0,151467.4,149824.05,149824.05,0.7491672,10.343715,8.540171,8.540145
250759.14,0.019378921,0.020958437,37000.0,151467.34,149824.06,149824.05,0.7491672,10.34344,8.540163,8.540135
250759.14,0.016541038,0.017644482,37000.0,151467.39,149824.06,149824.05,0.7491672,10.343729,8.540154,8.540133
250759.14,0.017093604,0.018306259,37000.0,151467.4,149824.05,149824.05,0.7491672,10.343511,8.540137,8.540144
250759.14,0.016430784,0.01758068,37000.0,151467.33,149824.06,149824.05,0.7491672,10.343218,8.540158,8.54015
250759.14,0.015362709,0.01636638,37000.0,151467.39,149824.06,149824.05,0.7491672,10.343209,8.540138,8.540134
250759.14,0.016422676,0.0175425,37000.0,151467.42,149824.03,149824.06,0.7491672,10.343573,8.540137,8.540136
250759.14,0.013904585,0.014700512,37000.0,151467.39,149824.05,149824.06,0.7491672,10.343629,8.540169,8.540139
250759.14,0.01598089,0.017067164,37000.0,151467.39,149824.06,149824.03,0.7491672,10.34333,8.540145,8.540144
250759.14,0.014757741,0.01586731,37000.0,151467.33,149824.05,149824.05,0.7491672,10.343557,8.540154,8.54015
250759.14,0.015076532,0.016031459,37000.0,151467.4,149824.03,149824.03,0.7491672,10.34377,8.540154,8.540133
250759.14,0.012452384,0.013076985,37000.0,151467.33,149824.08,149824.05,0.7491672,10.3431,8.540152,8.540122
250759.14,0.014953401,0.015847035,37000.0,151467.39,149824.06,149824.06,0.7491672,10.34364,8.540149,8.540142
250759.14,0.014458337,0.015346562,37000.0,151467.4,149824.06,149824.06,0.7491672,10.343408,8.540135,8.540129
250759.14,0.017687747,0.01898499,37000.0,151467.39,149824.06,149824.03,0.7491672,10.343617,8.540157,8.5401325
250759.14,0.013409888,0.014149819,37000.0,151467.38,149824.06,149824.05,0.7491672,10.342953,8.540124,8.540138
250759.14,0.016105209,0.017169595,37000.0,151467.39,149824.06,149824.06,0.7491672,10.343112,8.540153,8.540131
250759.14,0.01537189,0.01638521,37000.0,151467.42,149824.05,149824.05,0.7491672,10.343333,8.540153,8.540135
250759.14,0.01475313,0.015639078,37000.0,151467.38,149824.05,149824.05,0.7491672,10.3432865,8.540177,8.540144
250759.14,0.015713012,0.016751362,37000.0,151467.34,149824.03,149824.06,0.7491672,10.343383,8.540158,8.540132
250759.14,0.01626713,0.017391935,37000.0,151467.36,149824.06,149824.05,0.7491672,10.343277,8.540143,8.540139
250759.14,0.015897142,0.016962433,37000.0,151467.42,149824.06,149824.03,0.7491672,10.343503,8.540151,8.540148
250759.14,0.015884215,0.016916206,37000.0,151467.34,149824.06,149824.05,0.7491672,10.342975,8.5401535,8.540149
250759.14,0.015388689,0.0163449,37000.0,151467.36,149824.05,149824.05,0.7491672,10.343251,8.540137,8.540136
250759.14,0.013988721,0.014868122,37000.0,151467.44,149824.06,149824.05,0.7491672,10.343517,8.540156,8.540135
250759.14,0.016181573,0.017285427,37000.0,151467.4,149824.06,149824.06,0.7491672,10.343581,8.540154,8.540144
250759.14,0.015927056,0.016947597,37000.0,151467.39,149824.06,149824.05,0.7491672,10.343142,8.54014,8.540123
250759.14,0.014783767,0.015716715,37000.0,151467.39,149824.06,149824.06,0.7491672,10.343533,8.540145,8.540147
250759.14,0.016113868,0.017237257,37000.0,151467.38,149824.05,149824.05,0.7491672,10.343795,8.540139,8.540145
250759.14,0.017066948,0.018305812,37000.0,151467.34,149824.05,149824.05,0.7491672,10.343093,8.540146,8.540143
250759.14,0.015113189,0.016050696,37000.0,151467.34,149824.05,149824.06,0.7491672,10.343127,8.540154,8.540143
250759.14,0.014928444,0.015848853,37000.0,151467.47,149824.05,149824.05,0.7491672,10.343504,8.540156,8.540152
250759.14,0.012139979,0.01275949,37000.0,151467.4,149824.05,149824.05,0.7491672,10.343614,8.54015,8.540137
250759.14,0.01623523,0.017351076,37000.0,151467.39,149824.06,149824.05,0.7491672,10.343488,8.540139,8.540144
250759.14,0.015606681,0.016640397,37000.0,151467.34,149824.08,149824.05,0.7491672,10.343162,8.540157,8.540143
250759.14,0.0153564885,0.016391456,37000.0,151467.44,149824.05,149824.06,0.7491672,10.343521,8.540147,8.540143
250759.14,0.014525088,0.015405021,37000.0,151467.39,149824.08,149824.03,0.7491672,10.343603,8.540142,8.540151
250759.14,0.0155531615,0.016522711,37000.0,151467.4,149824.05,149824.06,0.7491672,10.343438,8.540151,8.5401325
250759.14,0.01730388,0.018525807,37000.0,151467.34,149824.05,149824.06,0.7491672,10.34333,8.540162,8.540151
250759.14,0.01692204,0.018113855,37000.0,151467.36,149824.05,149824.03,0.7491672,10.343454,8.54016,8.540146
250759.14,0.015076836,0.016008591,37000.0,151467.4,149824.03,149824.05,0.7491672,10.343531,8.540144,8.540141
250759.14,0.0153061,0.016323987,37000.0,151467.42,149824.06,149824.06,0.7491672,10.343783,8.54014,8.540133
250759.14,0.015006863,0.01592033,37000.0,151467.38,149824.06,149824.03,0.7491672,10.343198,8.540149,8.540134
250759.14,0.014340113,0.015192237,37000.0,151467.39,149824.06,149824.05,0.7491672,10.343264,8.540141,8.540134
250759.14,0.01646327,0.017630495,37000.0,151467.39,149824.05,149824.05,0.7491672,10.343463,8.540139,8.540138
250759.14,0.01534096,0.016300095,37000.0,151467.39,149824.05,149824.05,0.7491672,10.343376,8.540137,8.540138
250759.14,0.014135211,0.014960267,37000.0,151467.36,149824.06,149824.06,0.7491672,10.343307,8.540149,8.540135
250759.14,0.015281083,0.016248405,37000.0,151467.4,149824.05,149824.03,0.7491672,10.343388,8.54015,8.540124
250759.14,0.017292697,0.018563028,37000.0,151467.39,149824.05,149824.05,0.7491672,10.343584,8.540158,8.54013
250759.14,0.016993335,0.018201703,37000.0,151467.42,149824.03,149824.03,0.7491672,10.343552,8.540145,8.540141
250759.14,0.017199494,0.018405635,37000.0,151467.36,149824.03,149824.05,0.7491672,10.343266,8.540139,8.540152
250759.14,0.017087778,0.018300498,37000.0,151467.38,149824.05,149824.05,0.7491672,10.343427,8.54016,8.540147
250759.14,0.013263888,0.01395103,37000.0,151467.36,149824.05,149824.05,0.7491672,10.343303,8.54016,8.540149
250759.14,0.014494488,0.015428299,37000.0,151467.33,149824.05,149824.03,0.7491672,10.343377,8.540154,8.540126
250759.14,0.015368175,0.016370075,37000.0,151467.3,149824.06,149824.05,0.7491672,10.343239,8.54016,8.540135
250759.14,0.014976509,0.015865928,37000.0,151467.36,149824.05,149824.06,0.7491672,10.343308,8.540164,8.5401325
250759.14,0.014986313,0.015897818,37000.0,151467.36,149824.03,149824.06,0.7491672,10.343374,8.540148,8.540144
250759.14,0.014130836,0.014925881,37000.0,151467.39,149824.05,149824.06,0.7491672,10.343504,8.540154,8.540137
250759.14,0.016342763,0.017437166,37000.0,151467.38,149824.05,149824.03,0.7491672,10.343548,8.540153,8.540139
250759.14,0.016276205,0.017362444,37000.0,151467.38,149824.05,149824.03,0.7491672,10.343112,8.540153,8.540142
250759.14,0.013822321,0.014597466,37000.0,151467.34,149824.05,149824.03,0.7491672,10.343284,8.540143,8.5401325
250759.14,0.01543311,0.016380703,37000.0,151467.33,149824.05,149824.03,0.7491672,10.343022,8.540139,8.540135
250759.14,0.014252204,0.015131206,37000.0,151467.39,149824.06,149824.05,0.7491672,10.343453,8.540142,8.54014
250759.14,0.0149568,0.01586595,37000.0,151467.39,149824.06,149824.06,0.7491672,10.343195,8.540152,8.540135
250759.14,0.016222736,0.017290639,37000.0,151467.42,149824.06,149824.03,0.7491672,10.343669,8.540149,8.540148
250759.14,0.013509032,0.014224432,37000.0,151467.39,149824.05,149824.03,0.7491672,10.343499,8.540153,8.540146
250759.14,0.014191425,0.014998944,37000.0,151467.4,149824.05,149824.05,0.7491672,10.343508,8.540161,8.540147
250759.14,0.015399079,0.016357098,37000.0,151467.33,149824.05,149824.05,0.7491672,10.3429785,8.540159,8.540148
250759.14,0.015439251,0.016419843,37000.0,151467.39,149824.05,149824.05,0.7491672,10.343333,8.540143,8.540138
250759.14,0.014024677,0.014802613,37000.0,151467.4,149824.05,149824.05,0.7491672,10.34349,8.540143,8.540146
250759.14,0.013648154,0.014390401,37000.0,151467.34,149824.06,149824.06,0.7491672,10.343252,8.540161,8.540134
250759.14,0.015256701,0.016189171,37000.0,151467.38,149824.05,149824.05,0.7491672,10.343341,8.5401325,8.540135
250759.14,0.016134318,0.017226972,37000.0,151467.34,149824.06,149824.06,0.7491672,10.343473,8.54015,8.540126
250759.14,0.016834406,0.018074868,37000.0,151467.33,149824.08,149824.05,0.7491672,10.342999,8.540161,8.540139
250759.14,0.015612377,0.016596617,37000.0,151467.36,149824.05,149824.03,0.7491672,10.343736,8.540154,8.54014
250759.14,0.016030937,0.017071113,37000.0,151467.38,149824.05,149824.05,0.7491672,10.343533,8.540163,8.5401535
250759.14,0.016100196,0.01710493,37000.0,151467.39,149824.05,149824.06,0.7491672,10.343511,8.540167,8.540135
250759.14,0.014164071,0.01495579,37000.0,151467.33,149824.08,149824.05,0.7491672,10.343517,8.540139,8.540138
250759.14,0.01763537,0.018857654,37000.0,151467.36,149824.03,149824.05,0.7491672,10.3435335,8.540158,8.540137
250759.14,0.015005283,0.015878113,37000.0,151467.42,149824.05,149824.05,0.7491672,10.343747,8.540166,8.540135
250759.14,0.016066412,0.017069487,37000.0,151467.38,149824.05,149824.03,0.7491672,10.343387,8.54015,8.540133
250759.14,0.016336886,0.017395098,37000.0,151467.42,149824.05,149824.08,0.7491672,10.343466,8.540153,8.540134
250759.14,0.014803889,0.015651986,37000.0,151467.39,149824.03,149824.06,0.7491672,10.343733,8.540157,8.540132
250759.14,0.016943738,0.018092789,37000.0,151467.39,149824.05,149824.05,0.7491672,10.343545,8.540138,8.540139
250759.14,0.017140301,0.018334923,37000.0,151467.34,149824.08,149824.05,0.7491672,10.343024,8.540154,8.540133
250759.14,0.017459301,0.018666599,37000.0,151467.42,149824.05,149824.03,0.7491672,10.343794,8.540159,8.540132
250759.14,0.014733044,0.015639432,37000.0,151467.36,149824.05,149824.05,0.7491672,10.343494,8.540142,8.540144
250759.14,0.018643586,0.019987699,37000.0,151467.33,149824.02,149824.06,0.7491672,10.343507,8.540155,8.54015
250759.14,0.015719153,0.016699297,37000.0,151467.42,149824.05,149824.06,0.7491672,10.343874,8.5401535,8.540128
250759.14,0.0155375,0.016481759,37000.0,151467.39,149824.03,149824.1,0.7491672,10.343348,8.540153,8.540147
250759.14,0.014709904,0.015551668,37000.0,151467.38,149824.03,149824.06,0.7491672,10.343552,8.540141,8.540146
250759.14,0.0161682,0.01721073,37000.0,151467.34,149824.06,149824.06,0.7491672,10.343045,8.540147,8.540138
250759.14,0.017433701,0.018671991,37000.0,151467.34,149824.05,149824.05,0.7491672,10.343318,8.540142,8.540141
250759.14,0.015365597,0.016422167,37000.0,151467.31,149824.05,149824.05,0.7491672,10.34318,8.540165,8.540143
250759.14,0.015074853,0.01600337,37000.0,151467.39,149824.06,149824.08,0.7491672,10.343392,8.540144,8.540145
250759.14,0.017907836,0.019152682,37000.0,151467.36,149824.06,149824.06,0.7491672,10.343427,8.540161,8.540144
250759.14,0.016599493,0.017745534,37000.0,151467.38,149824.06,149824.05,0.7491672,10.343289,8.540161,8.540143
250759.14,0.016679807,0.017836658,37000.0,151467.38,149824.03,149824.06,0.7491672,10.343632,8.540155,8.540151
250759.14,0.016546404,0.017612342,37000.0,151467.33,149824.05,149824.05,0.7491672,10.343135,8.540157,8.540135
250759.14,0.014613869,0.015445215,37000.0,151467.42,149824.06,149824.03,0.7491672,10.343427,8.540119,8.540136
250759.14,0.016633278,0.017696368,37000.0,151467.33,149824.05,149824.05,0.7491672,10.343027,8.540142,8.540143
250759.14,0.015376851,0.01631631,37000.0,151467.4,149824.05,149824.06,0.7491672,10.343258,8.540122,8.540142
250759.14,0.015484287,0.016421903,37000.0,151467.33,149824.06,149824.08,0.7491672,10.343278,8.540142,8.540139
250759.14,0.015399022,0.016341485,37000.0,151467.38,149824.03,149824.06,0.7491672,10.343603,8.540153,8.5401325
250759.14,0.014568623,0.015403018,37000.0,151467.4,149824.06,149824.05,0.7491672,10.343473,8.540137,8.540139
250759.14,0.016137546,0.017179767,37000.0,151467.36,149824.05,149824.06,0.7491672,10.343244,8.540138,8.540149
250759.14,0.016752914,0.017835839,37000.0,151467.38,149824.06,149824.06,0.7491672,10.343588,8.5401535,8.540138
250759.14,0.015302394,0.016191911,37000.0,151467.4,149824.06,149824.1,0.7491672,10.343557,8.540147,8.540135
250759.14,0.014430207,0.015246782,37000.0,151467.38,149824.06,149824.06,0.7491672,10.342987,8.540126,8.540139
250759.14,0.016468704,0.017622665,37000.0,151467.38,149824.08,149824.05,0.7491672,10.343294,8.540145,8.540137
250759.14,0.0142634,0.015048793,37000.0,151467.38,149824.06,149824.05,0.7491672,10.343291,8.540145,8.540134
250759.14,0.018696435,0.020087747,37000.0,151467.33,149824.05,149824.05,0.7491672,10.343475,8.540146,8.540133
250759.14,0.015372698,0.01629492,37000.0,151467.31,149824.05,149824.06,0.7491672,10.343015,8.540154,8.540149
250759.14,0.014276346,0.015076836,37000.0,151467.34,149824.06,149824.05,0.7491672,10.34309,8.54015,8.540142
250759.14,0.016216554,0.017287727,37000.0,151467.38,149824.05,149824.08,0.7491672,10.343434,8.540157,8.540131
250759.14,0.016436126,0.017489877,37000.0,151467.42,149824.06,149824.05,0.7491672,10.343664,8.540154,8.540126
250759.14,0.015259001,0.016148802,37000.0,151467.34,149824.06,149824.05,0.7491672,10.343368,8.540149,8.540137
250759.14,0.015205155,0.016100844,37000.0,151467.36,149824.05,149824.08,0.7491672,10.343354,8.540142,8.54015
250759.14,0.015329849,0.016233128,37000.0,151467.38,149824.03,149824.08,0.7491672,10.343454,8.540149,8.540139
250759.14,0.016352965,0.0174039,37000.0,151467.36,149824.05,149824.05,0.7491672,10.343519,8.540154,8.540138
250759.14,0.016731447,0.017859546,37000.0,151467.38,149824.05,149824.03,0.7491672,10.343336,8.540146,8.540132
250759.14,0.015094045,0.015991613,37000.0,151467.4,149824.05,149824.03,0.7491672,10.343508,8.540159,8.540145
250759.14,0.016980609,0.018101783,37000.0,151467.36,149824.05,149824.05,0.7491672,10.343458,8.540148,8.540137
250759.14,0.015435122,0.016344633,37000.0,151467.4,149824.06,149824.03,0.7491672,10.343272,8.540141,8.540142
250759.14,0.014801062,0.015664734,37000.0,151467.33,149824.06,149824.06,0.7491672,10.343024,8.540136,8.540134
250759.14,0.017584058,0.018776469,37000.0,151467.36,149824.05,149824.06,0.7491672,10.343409,8.540143,8.540143
250759.14,0.014119986,0.014924927,37000.0,151467.36,149824.06,149824.08,0.7491672,10.343199,8.540141,8.540147
250759.14,0.016156342,0.017188072,37000.0,151467.42,149824.08,149824.03,0.7491672,10.343233,8.540138,8.540134
250759.14,0.01353229,0.014259133,37000.0,151467.33,149824.06,149824.05,0.7491672,10.343353,8.540174,8.540142
250759.14,0.01781159,0.01906178,37000.0,151467.38,149824.06,149824.06,0.7491672,10.343172,8.5401535,8.540145
250759.14,0.018955698,0.020423006,37000.0,151467.34,149824.03,149824.06,0.7491672,10.343218,8.540145,8.540138
250759.14,0.019498684,0.021076377,37000.0,151467.42,149824.08,149824.06,0.7491672,10.343522,8.540142,8.540136
250759.14,0.014724012,0.015621184,37000.0,151467.39,149824.05,149824.06,0.7491672,10.343194,8.540161,8.540139
250759.14,0.015142251,0.01604686,37000.0,151467.4,149824.05,149824.05,0.7491672,10.34344,8.540149,8.540136
250759.14,0.015980333,0.01698885,37000.0,151467.38,149824.05,149824.06,0.7491672,10.343185,8.540141,8.540142
250759.14,0.017175175,0.018332813,37000.0,151467.34,149824.05,149824.05,0.7491672,10.343458,8.540146,8.540145
250759.14,0.017556043,0.018789072,37000.0,151467.42,149824.05,149824.06,0.7491672,10.343671,8.540156,8.540142
250759.14,0.01731158,0.018459804,37000.0,151467.39,149824.06,149824.08,0.7491672,10.343719,8.540154,8.540151
250759.14,0.016362304,0.017496083,37000.0,151467.36,149824.06,149824.08,0.7491672,10.34342,8.540151,8.540139
250759.14,0.015663888,0.016770627,37000.0,151467.34,149824.03,149824.05,0.7491672,10.3430605,8.540137,8.540139
250759.14,0.016546255,0.017629063,37000.0,151467.38,149824.05,149824.06,0.7491672,10.343512,8.540152,8.540138
250759.14,0.014106492,0.014872341,37000.0,151467.44,149824.05,149824.05,0.7491672,10.343611,8.540165,8.540134
250759.14,0.015787141,0.016746178,37000.0,151467.4,149824.05,149824.05,0.7491672,10.343263,8.540138,8.540138
250759.14,0.014789336,0.015642947,37000.0,151467.36,149824.08,149824.08,0.7491672,10.343617,8.540155,8.540135
250759.14,0.015041109,0.015971212,37000.0,151467.38,149824.06,149824.03,0.7491672,10.343238,8.540147,8.540142
250759.14,0.014554959,0.015372776,37000.0,151467.38,149824.03,149824.06,0.7491672,10.343624,8.540145,8.54014
250759.14,0.016610071,0.017675888,37000.0,151467.36,149824.03,149824.05,0.7491672,10.343482,8.540158,8.540133
250759.14,0.01552468,0.016463777,37000.0,151467.31,149824.05,149824.08,0.7491672,10.343104,8.540165,8.540136
250759.14,0.016838318,0.01796031,37000.0,151467.36,149824.08,149824.06,0.7491672,10.34331,8.5401325,8.540134
250759.14,0.014448135,0.015281009,37000.0,151467.36,149824.05,149824.03,0.7491672,10.343122,8.540155,8.540139
250759.14,0.014612485,0.015434774,37000.0,151467.36,149824.06,149824.05,0.7491672,10.343046,8.54015,8.540139
250759.14,0.015720984,0.01670129,37000.0,151467.39,149824.05,149824.05,0.7491672,10.343658,8.540131,8.540141
250759.14,0.016191643,0.01720523,37000.0,151467.39,149824.05,149824.06,0.7491672,10.342974,8.540144,8.540137
250759.14,0.014527075,0.015343677,37000.0,151467.38,149824.02,149824.06,0.7491672,10.343436,8.540177,8.540146
250759.14,0.016897324,0.018022425,37000.0,151467.42,149824.06,149824.06,0.7491672,10.343287,8.5401535,8.540133
250759.14,0.01837106,0.019733708,37000.0,151467.34,149824.05,149824.06,0.7491672,10.343448,8.54014,8.540145
250759.14,0.015161064,0.016036754,37000.0,151467.36,149824.03,149824.05,0.7491672,10.343713,8.54016,8.540143
250759.14,0.014733335,0.015592407,37000.0,151467.42,149824.06,149824.05,0.7491672,10.343308,8.540137,8.54015
250759.14,0.01477934,0.015774025,37000.0,151467.33,149824.02,149824.08,0.7491672,10.343066,8.54016,8.540131
250759.14,0.015751615,0.016731992,37000.0,151467.4,149824.06,149824.1,0.7491672,10.3433275,8.540175,8.54014
250759.14,0.017804895,0.019203197,37000.0,151467.39,149824.03,149824.06,0.7491672,10.343399,8.540147,8.540144
250759.14,0.016897732,0.018018689,37000.0,151467.33,149824.06,149824.06,0.7491672,10.343325,8.540158,8.540133
250759.14,0.019615922,0.02117255,37000.0,151467.38,149824.06,149824.08,0.7491672,10.34361,8.540168,8.540142
250759.14,0.016931279,0.018056829,37000.0,151467.4,149824.05,149824.03,0.7491672,10.343705,8.540167,8.540145
250759.14,0.014634136,0.015463,37000.0,151467.34,149824.06,149824.05,0.7491672,10.343184,8.540151,8.540141
250759.14,0.016625741,0.017815731,37000.0,151467.38,149824.06,149824.05,0.7491672,10.343189,8.540159,8.540134
250759.14,0.015515033,0.016469544,37000.0,151467.36,149824.05,149824.06,0.7491672,10.343354,8.540163,8.540151
250759.14,0.015817795,0.016824922,37000.0,151467.4,149824.06,149824.06,0.7491672,10.34371,8.540151,8.540144
250759.14,0.019565674,0.021149805,37000.0,151467.39,149824.05,149824.03,0.7491672,10.343409,8.540147,8.540135
250759.14,0.018676003,0.020130953,37000.0,151467.4,149824.08,149824.06,0.7491672,10.343638,8.540146,8.540144
250759.14,0.019983308,0.021611258,37000.0,151467.38,149824.05,149824.05,0.7491672,10.343467,8.540143,8.540137
250759.14,0.013929031,0.014728515,37000.0,151467.36,149824.08,149824.05,0.7491672,10.343175,8.54016,8.540139
250759.14,0.018622676,0.020065198,37000.0,151467.4,149824.05,149824.05,0.7491672,10.343601,8.540161,8.540148
250759.14,0.017244555,0.01841515,37000.0,151467.36,149824.05,149824.06,0.7491672,10.343447,8.540151,8.540146
250759.14,0.016578749,0.01772663,37000.0,151467.4,149824.05,149824.08,0.7491672,10.343563,8.540145,8.540142
250759.14,0.016600605,0.017666519,37000.0,151467.36,149824.06,149824.05,0.7491672,10.3433075,8.540143,8.540138
250759.14,0.015704988,0.016717698,37000.0,151467.38,149824.08,149824.05,0.7491672,10.343522,8.540159,8.540134
250759.14,0.018878218,0.020279594,37000.0,151467.39,149824.06,149824.06,0.7491672,10.34343,8.540141,8.540136
250759.14,0.017151726,0.018359737,37000.0,151467.4,149824.06,149824.05,0.7491672,10.343446,8.540162,8.540139
250759.14,0.01709067,0.018234758,37000.0,151467.4,149824.03,149824.06,0.7491672,10.34381,8.540149,8.540131
250759.14,0.01827681,0.019617243,37000.0,151467.34,149824.03,149824.05,0.7491672,10.343136,8.540143,8.540124
250759.14,0.01752014,0.01869606,37000.0,151467.38,149824.06,149824.06,0.7491672,10.34355,8.540155,8.5401325
250759.14,0.015736775,0.016753692,37000.0,151467.4,149824.06,149824.05,0.7491672,10.343468,8.540157,8.540144
250759.14,0.017791692,0.019040452,37000.0,151467.38,149824.08,149824.05,0.7491672,10.343343,8.540161,8.54014
250759.14,0.018038968,0.01934805,37000.0,151467.33,149824.05,149824.06,0.7491672,10.343105,8.540148,8.540144
250759.14,0.016663074,0.017694268,37000.0,151467.36,149824.06,149824.05,0.7491672,10.343498,8.540162,8.540144
250759.14,0.019647542,0.021112708,37000.0,151467.34,149824.06,149824.03,0.7491672,10.343551,8.540162,8.54015
250759.14,0.0170803,0.01817261,37000.0,151467.42,149824.06,149824.03,0.7491672,10.343384,8.5401535,8.540145
250759.14,0.017335277,0.018528845,37000.0,151467.33,149824.06,149824.05,0.7491672,10.343363,8.540149,8.540145
250759.14,0.016296934,0.017301485,37000.0,151467.4,149824.05,149824.08,0.7491672,10.343966,8.54015,8.54015
250759.14,0.018609574,0.019964918,37000.0,151467.4,149824.06,149824.05,0.7491672,10.343636,8.540131,8.540149
250759.14,0.018352631,0.01962619,37000.0,151467.45,149824.06,149824.05,0.7491672,10.344027,8.540159,8.54015
250759.14,0.01631848,0.01739148,37000.0,151467.4,149824.05,149824.03,0.7491672,10.34389,8.540154,8.540151
250759.14,0.01523387,0.016089013,37000.0,151467.39,149824.06,149824.05,0.7491672,10.34346,8.540156,8.540129
250759.14,0.014099524,0.014878837,37000.0,151467.36,149824.05,149824.05,0.7491672,10.343397,8.54017,8.540138
250759.14,0.017934747,0.019240797,37000.0,151467.39,149824.06,149824.06,0.7491672,10.343326,8.540131,8.540141
250759.14,0.018889043,0.02029845,37000.0,151467.42,149824.06,149824.06,0.7491672,10.343376,8.540165,8.540146
250759.14,0.018892223,0.020309864,37000.0,151467.39,149824.05,149824.06,0.7491672,10.343773,8.540161,8.540159
250759.14,0.017434249,0.018637447,37000.0,151467.4,149824.05,149824.05,0.7491672,10.34342,8.540165,8.540136
250759.14,0.017296206,0.018439732,37000.0,151467.36,149824.05,149824.05,0.7491672,10.343148,8.54015,8.540156
250759.14,0.017114809,0.018228866,37000.0,151467.39,149824.06,149824.05,0.7491672,10.343425,8.540153,8.54015
250759.14,0.01801358,0.019236296,37000.0,151467.45,149824.06,149824.05,0.7491672,10.343816,8.540159,8.540146
250759.14,0.015069567,0.015926186,37000.0,151467.42,149824.05,149824.08,0.7491672,10.343801,8.5401535,8.540151
250759.14,0.016415372,0.017414873,37000.0,151467.38,149824.03,149824.05,0.7491672,10.343081,8.540144,8.5401535
250759.14,0.016094647,0.017068265,37000.0,151467.36,149824.06,149824.05,0.7491672,10.343504,8.54014,8.540147
250759.14,0.016772484,0.01787549,37000.0,151467.34,149824.06,149824.06,0.7491672,10.343271,8.540146,8.540144
250759.14,0.019886805,0.021417495,37000.0,151467.31,149824.06,149824.03,0.7491672,10.343323,8.540159,8.540142
250759.14,0.018280301,0.019548865,37000.0,151467.42,149824.05,149824.05,0.7491672,10.343226,8.540154,8.54015
250759.14,0.018721431,0.020040862,37000.0,151467.44,149824.05,149824.06,0.7491672,10.343379,8.540157,8.540147
250759.14,0.01536181,0.01631159,37000.0,151467.34,149824.05,149824.06,0.7491672,10.343157,8.540143,8.540152
250759.14,0.016441144,0.017463457,37000.0,151467.33,149824.06,149824.06,0.7491672,10.343555,8.540165,8.540149
250759.14,0.0158429,0.016802855,37000.0,151467.42,149824.05,149824.05,0.7491672,10.343347,8.540139,8.540148
250759.14,0.019382691,0.020811232,37000.0,151467.4,149824.05,149824.06,0.7491672,10.343779,8.540174,8.540138
250759.14,0.017406397,0.01859919,37000.0,151467.33,149824.06,149824.03,0.7491672,10.343102,8.54014,8.54014
250759.14,0.01801811,0.019282453,37000.0,151467.34,149824.03,149824.08,0.7491672,10.343461,8.540137,8.540147
250759.14,0.01635788,0.017369412,37000.0,151467.36,149824.05,149824.06,0.7491672,10.343383,8.540157,8.540141
250759.14,0.017143253,0.018234542,37000.0,151467.38,149824.03,149824.06,0.7491672,10.343275,8.54016,8.540132
250759.14,0.017395772,0.018522216,37000.0,151467.36,149824.05,149824.06,0.7491672,10.343388,8.540154,8.540134
250759.14,0.018747753,0.020061236,37000.0,151467.4,149824.05,149824.06,0.7491672,10.343801,8.540167,8.54014
250759.14,0.016390694,0.017389031,37000.0,151467.36,149824.06,149824.03,0.7491672,10.343266,8.540137,8.540147
250759.14,0.017977932,0.01924135,37000.0,151467.34,149824.05,149824.06,0.7491672,10.343308,8.54014,8.540146
250759.14,0.017517626,0.0186704,37000.0,151467.36,149824.05,149824.08,0.7491672,10.343355,8.540151,8.540135
250759.14,0.017607542,0.018815473,37000.0,151467.36,149824.05,149824.05,0.7491672,10.3433895,8.540153,8.540143
250759.14,0.01883247,0.020230394,37000.0,151467.36,149824.06,149824.06,0.7491672,10.343386,8.5401535,8.540149
250759.14,0.016192466,0.017163714,37000.0,151467.38,149824.05,149824.06,0.7491672,10.343398,8.540146,8.540143
250759.14,0.018243957,0.019499414,37000.0,151467.36,149824.03,149824.06,0.7491672,10.343396,8.540141,8.540136
250759.14,0.013899761,0.014615442,37000.0,151467.38,149824.05,149824.06,0.7491672,10.343497,8.540148,8.540142
250759.14,0.016535258,0.017564377,37000.0,151467.42,149824.05,149824.08,0.7491672,10.3434515,8.540159,8.540142
250759.14,0.016778613,0.017850477,37000.0,151467.39,149824.05,149824.05,0.7491672,10.343115,8.540147,8.540144
250759.14,0.01722186,0.018366335,37000.0,151467.39,149824.05,149824.06,0.7491672,10.343665,8.540154,8.540149
250759.14,0.018353257,0.019715643,37000.0,151467.33,149824.05,149824.05,0.7491672,10.342904,8.540156,8.540153
250759.14,0.016975477,0.018076997,37000.0,151467.4,149824.05,149824.06,0.7491672,10.343307,8.540144,8.540149
250759.14,0.017251248,0.018432116,37000.0,151467.4,149824.05,149824.05,0.7491672,10.343621,8.540144,8.54015
250759.14,0.015499767,0.016453164,37000.0,151467.31,149824.03,149824.08,0.7491672,10.3434925,8.540162,8.540146
250759.14,0.018270684,0.019546574,37000.0,151467.39,149824.03,149824.06,0.7491672,10.343225,8.54014,8.5401535
250759.14,0.017794454,0.018992702,37000.0,151467.36,149824.06,149824.05,0.7491672,10.3432665,8.540156,8.540137
250759.14,0.017536322,0.018728694,37000.0,151467.36,149824.06,149824.05,0.7491672,10.34395,8.540158,8.540151
250759.14,0.016481366,0.017521666,37000.0,151467.4,149824.08,149824.06,0.7491672,10.343439,8.540137,8.540149
250759.14,0.015956584,0.016924847,37000.0,151467.34,149824.05,149824.08,0.7491672,10.343427,8.540145,8.540146
250759.14,0.017250953,0.018388836,37000.0,151467.38,149824.06,149824.05,0.7491672,10.343458,8.540136,8.540142
250759.14,0.015283688,0.016171074,37000.0,151467.34,149824.05,149824.06,0.7491672,10.343324,8.540171,8.540152
250759.14,0.017104588,0.018197138,37000.0,151467.45,149824.06,149824.06,0.7491672,10.343476,8.540138,8.540152
250759.14,0.01751903,0.018664273,37000.0,151467.34,149824.05,149824.06,0.7491672,10.3432665,8.540166,8.54015
250759.14,0.018585686,0.019892657,37000.0,151467.39,149824.05,149824.05,0.7491672,10.343711,8.540156,8.540158
250759.14,0.016071603,0.01707035,37000.0,151467.44,149824.06,149824.06,0.7491672,10.343596,8.540154,8.540129
250759.14,0.017661992,0.018848648,37000.0,151467.38,149824.06,149824.08,0.7491672,10.343117,8.540161,8.540149
250759.14,0.017012201,0.018144786,37000.0,151467.38,149824.05,149824.05,0.7491672,10.343414,8.5401535,8.540149
250759.14,0.017278949,0.018414998,37000.0,151467.4,149824.03,149824.05,0.7491672,10.343621,8.540153,8.540143
250759.14,0.015364016,0.016267624,37000.0,151467.42,149824.03,149824.05,0.7491672,10.343318,8.540123,8.540142
250759.14,0.012591852,0.013177339,37000.0,151467.38,149824.05,149824.06,0.7491672,10.343509,8.5401745,8.54014
250759.14,0.0181996,0.019516654,37000.0,151467.34,149824.06,149824.05,0.7491672,10.343575,8.540167,8.540139
250759.14,0.018192831,0.01946161,37000.0,151467.36,149824.06,149824.05,0.7491672,10.342979,8.540145,8.540146
250759.14,0.017468845,0.01861898,37000.0,151467.34,149824.05,149824.06,0.7491672,10.343303,8.540153,8.540161
250759.14,0.015741115,0.016679265,37000.0,151467.38,149824.06,149824.03,0.7491672,10.343437,8.540137,8.540152
250759.14,0.017622331,0.018820688,37000.0,151467.3,149824.06,149824.05,0.7491672,10.34348,8.540149,8.540151
250759.14,0.016394148,0.017413277,37000.0,151467.34,149824.06,149824.03,0.7491672,10.343335,8.540172,8.540139
250759.14,0.015697151,0.016639587,37000.0,151467.39,149824.06,149824.06,0.7491672,10.34331,8.540128,8.540143
250759.14,0.013746145,0.014477175,37000.0,151467.42,149824.05,149824.05,0.7491672,10.343568,8.540119,8.540154
250759.14,0.016952768,0.01805577,37000.0,151467.33,149824.06,149824.03,0.7491672,10.342948,8.540164,8.540151
250759.14,0.01866917,0.02000137,37000.0,151467.38,149824.05,149824.05,0.7491672,10.343137,8.54014,8.54014
250759.14,0.017615872,0.018960055,37000.0,151467.38,149824.06,149824.06,0.7491672,10.34316,8.540151,8.540146
250759.14,0.016726227,0.017806564,37000.0,151467.4,149824.06,149824.06,0.7491672,10.343373,8.540136,8.540142
250759.14,0.017649489,0.019005125,37000.0,151467.38,149824.03,149824.05,0.7491672,10.343516,8.540156,8.540147
250759.14,0.015435603,0.01633095,37000.0,151467.42,149824.06,149824.06,0.7491672,10.3435,8.540146,8.540141
250759.14,0.017408386,0.018533632,37000.0,151467.4,149824.06,149824.05,0.7491672,10.343421,8.540155,8.54015
250759.14,0.01521163,0.016059672,37000.0,151467.36,149824.05,149824.06,0.7491672,10.343471,8.540167,8.540151
250759.14,0.015316389,0.016216284,37000.0,151467.36,149824.05,149824.06,0.7491672,10.34318,8.540142,8.540154
250759.14,0.014596611,0.015386788,37000.0,151467.38,149824.06,149824.08,0.7491672,10.343722,8.540178,8.540143
250759.14,0.01796143,0.0191712,37000.0,151467.34,149824.05,149824.05,0.7491672,10.343658,8.540158,8.540149
250759.14,0.016123058,0.017062157,37000.0,151467.33,149824.05,149824.05,0.7491672,10.343268,8.540139,8.540153
250759.14,0.017222809,0.018331202,37000.0,151467.39,149824.08,149824.05,0.7491672,10.343397,8.540158,8.540149
250759.14,0.01650656,0.017552193,37000.0,151467.44,149824.03,149824.06,0.7491672,10.343483,8.540137,8.540146
250759.14,0.015866512,0.016818766,37000.0,151467.31,149824.06,149824.06,0.7491672,10.343124,8.540161,8.540137
250759.14,0.016374076,0.017416852,37000.0,151467.34,149824.06,149824.05,0.7491672,10.3435755,8.540137,8.540151
250759.14,0.018126229,0.019442204,37000.0,151467.4,149824.06,149824.05,0.7491672,10.343331,8.540126,8.540151
250759.14,0.016909767,0.017995145,37000.0,151467.39,149824.03,149824.06,0.7491672,10.343686,8.540161,8.540155
250759.14,0.01952674,0.020957028,37000.0,151467.36,149824.05,149824.06,0.7491672,10.343269,8.540152,8.540152
250759.14,0.018645274,0.019960918,37000.0,151467.38,149824.05,149824.06,0.7491672,10.343325,8.540158,8.540152
250759.14,0.015977815,0.016934723,37000.0,151467.38,149824.05,149824.06,0.7491672,10.343594,8.540144,8.540157
250759.14,0.017774884,0.019040346,37000.0,151467.39,149824.05,149824.06,0.7491672,10.343505,8.5401325,8.540134
250759.14,0.016145553,0.017141473,37000.0,151467.36,149824.06,149824.1,0.7491672,10.343266,8.540166,8.540141
250759.14,0.01761889,0.0187745,37000.0,151467.45,149824.03,149824.05,0.7491672,10.343539,8.540155,8.540155
250759.14,0.014531807,0.015329261,37000.0,151467.4,149824.06,149824.05,0.7491672,10.343214,8.540147,8.540146
250759.14,0.014376377,0.015174185,37000.0,151467.4,149824.05,149824.06,0.7491672,10.343279,8.54015,8.540154
250759.14,0.016597698,0.017630104,37000.0,151467.33,149824.06,149824.06,0.7491672,10.343345,8.540164,8.5401535
250759.14,0.017740138,0.018968647,37000.0,151467.38,149824.05,149824.05,0.7491672,10.343184,8.540154,8.540151
250759.14,0.015305346,0.016198536,37000.0,151467.36,149824.05,149824.06,0.7491672,10.342945,8.5401325,8.5401535
250759.14,0.01817319,0.019418968,37000.0,151467.38,149824.05,149824.08,0.7491672,10.343599,8.540147,8.540157
250759.14,0.015046577,0.015914857,37000.0,151467.36,149824.05,149824.03,0.7491672,10.343189,8.540135,8.540159
250759.14,0.017031442,0.01811596,37000.0,151467.39,149824.03,149824.05,0.7491672,10.34373,8.540149,8.540148
250759.14,0.015085202,0.015948534,37000.0,151467.39,149824.06,149824.05,0.7491672,10.343377,8.540155,8.540152
250759.14,0.015666926,0.01657493,37000.0,151467.4,149824.08,149824.06,0.7491672,10.343719,8.540134,8.540145
250759.14,0.017024595,0.018106159,37000.0,151467.34,149824.05,149824.06,0.7491672,10.343116,8.540147,8.540156
250759.14,0.017473802,0.01863302,37000.0,151467.34,149824.06,149824.06,0.7491672,10.343067,8.540159,8.54015
250759.14,0.018101675,0.019365838,37000.0,151467.4,149824.05,149824.06,0.7491672,10.343495,8.540144,8.540154
250759.14,0.016529934,0.01754774,37000.0,151467.42,149824.05,149824.08,0.7491672,10.343443,8.540147,8.540149
250759.14,0.014985698,0.015831077,37000.0,151467.4,149824.06,149824.03,0.7491672,10.343669,8.540159,8.5401535
250759.14,0.018933835,0.020251717,37000.0,151467.42,149824.05,149824.03,0.7491672,10.343887,8.540162,8.540159
250759.14,0.017576037,0.018699095,37000.0,151467.38,149824.06,149824.03,0.7491672,10.3434,8.540137,8.540174
250759.14,0.015579272,0.016457047,37000.0,151467.47,149824.03,149824.06,0.7491672,10.343664,8.540144,8.540177
250759.14,0.0172668,0.018327992,37000.0,151467.3,149824.05,149824.05,0.7491672,10.343172,8.540149,8.540177
250759.14,0.017375031,0.018451631,37000.0,151467.33,149824.08,149824.06,0.7491672,10.343374,8.540159,8.540163
250759.14,0.015092353,0.015922323,37000.0,151467.34,149824.08,149824.06,0.7491672,10.343541,8.540164,8.540158
250759.14,0.017819775,0.019009313,37000.0,151467.39,149824.05,149824.05,0.7491672,10.34327,8.540132,8.540171
250759.14,0.016997911,0.018062273,37000.0,151467.42,149824.06,149824.06,0.7491672,10.343475,8.540157,8.540163
250759.14,0.01797351,0.019175492,37000.0,151467.4,149824.06,149824.03,0.7491672,10.343471,8.540145,8.540173
250759.14,0.018180618,0.01937249,37000.0,151467.31,149824.05,149824.06,0.7491672,10.342837,8.540157,8.540177
250759.14,0.01529993,0.016167542,37000.0,151467.34,149824.06,149824.05,0.7491672,10.343514,8.540152,8.540164
250759.14,0.016658999,0.017680746,37000.0,151467.36,149824.06,149824.06,0.7491672,10.343387,8.540151,8.540167
250759.14,0.018626325,0.01989162,37000.0,151467.39,149824.06,149824.03,0.7491672,10.343286,8.540153,8.540184
250759.14,0.015275749,0.016133485,37000.0,151467.42,149824.06,149824.05,0.7491672,10.34369,8.540152,8.540172
250759.14,0.016599322,0.01759691,37000.0,151467.39,149824.05,149824.05,0.7491672,10.343374,8.540144,8.540169
250759.14,0.015093122,0.015920682,37000.0,151467.42,149824.03,149824.05,0.7491672,10.343629,8.540139,8.540178
250759.14,0.01957885,0.020993976,37000.0,151467.39,149824.02,149824.06,0.7491672,10.343174,8.5401325,8.540173
250759.14,0.02001108,0.021448899,37000.0,151467.4,149824.05,149824.05,0.7491672,10.343373,8.540159,8.54017
250759.14,0.017741311,0.018864777,37000.0,151467.42,149824.05,149824.05,0.7491672,10.343441,8.540159,8.540156
250759.14,0.017092466,0.018148111,37000.0,151467.33,149824.05,149824.06,0.7491672,10.343419,8.54015,8.540173
250759.14,0.015050825,0.015891327,37000.0,151467.42,149824.06,149824.05,0.7491672,10.343621,8.540121,8.540171
250759.14,0.019395333,0.020830214,37000.0,151467.38,149824.06,149824.06,0.7491672,10.343721,8.540161,8.540156
250759.14,0.019009655,0.020346215,37000.0,151467.31,149824.05,149824.03,0.7491672,10.343359,8.540155,8.540155
250759.14,0.017721722,0.018861353,37000.0,151467.39,149824.06,149824.03,0.7491672,10.343397,8.540159,8.540164
250759.14,0.015976472,0.01691308,37000.0,151467.45,149824.1,149824.03,0.7491672,10.343444,8.540154,8.540174
250759.14,0.015556945,0.016458968,37000.0,151467.33,149824.06,149824.05,0.7491672,10.343272,8.540153,8.540166
250759.14,0.016571665,0.01756969,37000.0,151467.38,149824.06,149824.05,0.7491672,10.343509,8.540162,8.540183
250759.14,0.016878352,0.017928546,37000.0,151467.34,149824.05,149824.05,0.7491672,10.343085,8.540142,8.540175
250759.14,0.019639483,0.021021256,37000.0,151467.42,149824.05,149824.02,0.7491672,10.343605,8.540145,8.540176
250759.14,0.020786365,0.022428868,37000.0,151467.39,149824.05,149824.06,0.7491672,10.343741,8.540158,8.540181
250759.14,0.017914122,0.019110765,37000.0,151467.38,149824.05,149824.05,0.7491672,10.343539,8.540154,8.540177
250759.14,0.018149883,0.019335425,37000.0,151467.36,149824.06,149824.05,0.7491672,10.343575,8.54015,8.54018
250759.14,0.01866282,0.019903876,37000.0,151467.4,149824.06,149824.05,0.7491672,10.343429,8.540167,8.540162
250759.14,0.018263964,0.019510832,37000.0,151467.38,149824.05,149824.05,0.7491672,10.343161,8.540157,8.540175
250759.14,0.014363838,0.015125893,37000.0,151467.38,149824.06,149824.06,0.7491672,10.3432865,8.540132,8.540171
250759.14,0.014638025,0.0154163195,37000.0,151467.47,149824.06,149824.06,0.7491672,10.343883,8.54015,8.540155
250759.14,0.017459562,0.018583821,37000.0,151467.4,149824.05,149824.02,0.7491672,10.343381,8.540154,8.540169
250759.14,0.018352658,0.019593906,37000.0,151467.33,149824.06,149824.03,0.7491672,10.343623,8.540143,8.540161
250759.14,0.018022105,0.019163087,37000.0,151467.4,149824.05,149824.06,0.7491672,10.343716,8.540147,8.540155
250759.14,0.015354798,0.016218897,37000.0,151467.39,149824.05,149824.05,0.7491672,10.343389,8.540165,8.540176
250759.14,0.02068552,0.022243604,37000.0,151467.4,149824.06,149824.06,0.7491672,10.343146,8.540142,8.540171
250759.14,0.019470336,0.02088743,37000.0,151467.33,149824.05,149824.03,0.7491672,10.343153,8.540138,8.540173
250759.14,0.018023564,0.019245194,37000.0,151467.39,149824.05,149824.03,0.7491672,10.343679,8.540148,8.540186
250759.14,0.017132869,0.018204754,37000.0,151467.44,149824.05,149824.06,0.7491672,10.344051,8.540162,8.540182
250759.14,0.016280772,0.017226376,37000.0,151467.34,149824.03,149824.05,0.7491672,10.343778,8.540149,8.540163
250759.14,0.01619088,0.017124237,37000.0,151467.4,149824.05,149824.05,0.7491672,10.343579,8.540139,8.540172
250759.14,0.017538093,0.018606,37000.0,151467.38,149824.06,149824.06,0.7491672,10.343264,8.540146,8.540173
250759.14,0.019222194,0.020554222,37000.0,151467.42,149824.05,149824.08,0.7491672,10.343902,8.540146,8.540177
250759.14,0.018191636,0.01938569,37000.0,151467.39,149824.05,149824.06,0.7491672,10.343506,8.540155,8.540172
250759.14,0.017426793,0.018513167,37000.0,151467.39,149824.05,149824.05,0.7491672,10.343695,8.540165,8.540158
250759.14,0.017408295,0.018495142,37000.0,151467.42,149824.06,149824.03,0.7491672,10.343258,8.540156,8.540172
250759.14,0.021509321,0.02319948,37000.0,151467.39,149824.06,149824.06,0.7491672,10.343423,8.540141,8.540175
250759.14,0.018514296,0.019779444,37000.0,151467.39,149824.06,149824.05,0.7491672,10.343307,8.540138,8.540162
250759.14,0.01810322,0.019285034,37000.0,151467.38,149824.05,149824.03,0.7491672,10.343361,8.540146,8.540173
250759.14,0.016783576,0.017818438,37000.0,151467.36,149824.06,149824.03,0.7491672,10.343374,8.540154,8.540183
250759.14,0.0175868,0.018724049,37000.0,151467.4,149824.05,149824.06,0.7491672,10.343665,8.540168,8.540182
250759.14,0.018497648,0.019787798,37000.0,151467.36,149824.05,149824.05,0.7491672,10.343124,8.540142,8.540169
250759.14,0.018812958,0.020101324,37000.0,151467.42,149824.06,149824.05,0.7491672,10.343498,8.540144,8.540178
250759.14,0.014720892,0.01551314,37000.0,151467.39,149824.05,149824.05,0.7491672,10.343308,8.540139,8.54017
250759.14,0.020317541,0.021827992,37000.0,151467.38,149824.03,149824.06,0.7491672,10.343475,8.5401535,8.540179
250759.14,0.01863417,0.019902295,37000.0,151467.39,149824.05,149824.05,0.7491672,10.343234,8.540156,8.540155
250759.14,0.018523613,0.019779937,37000.0,151467.33,149824.03,149824.05,0.7491672,10.343194,8.540162,8.540158
250759.14,0.019103957,0.020456675,37000.0,151467.36,149824.05,149824.03,0.7491672,10.343271,8.540151,8.540159
250759.14,0.016543666,0.017553145,37000.0,151467.36,149824.06,149824.05,0.7491672,10.343442,8.54014,8.540163
250759.14,0.018766735,0.020062493,37000.0,151467.39,149824.06,149824.05,0.7491672,10.343589,8.54015,8.540163
250759.14,0.016317103,0.017273236,37000.0,151467.44,149824.05,149824.08,0.7491672,10.343482,8.540141,8.540158
250759.14,0.019108089,0.020424744,37000.0,151467.4,149824.05,149824.05,0.7491672,10.343418,8.54014,8.540159
250759.14,0.01819965,0.019401088,37000.0,151467.38,149824.06,149824.08,0.7491672,10.34347,8.540156,8.540162
250759.14,0.018062774,0.01927151,37000.0,151467.33,149824.06,149824.05,0.7491672,10.3430805,8.540145,8.540163
250759.14,0.016679037,0.017681561,37000.0,151467.36,149824.03,149824.03,0.7491672,10.343209,8.540156,8.540156
250759.14,0.017509915,0.018609598,37000.0,151467.4,149824.05,149824.06,0.7491672,10.343685,8.540146,8.540158
250759.14,0.017335488,0.01844866,37000.0,151467.34,149824.05,149824.08,0.7491672,10.343267,8.540143,8.540154
250759.14,0.015102991,0.015921138,37000.0,151467.39,149824.06,149824.05,0.7491672,10.343456,8.5401325,8.540155
250759.14,0.016545206,0.017520294,37000.0,151467.34,149824.05,149824.05,0.7491672,10.343425,8.540168,8.5401535
250759.14,0.016976256,0.018008292,37000.0,151467.36,149824.05,149824.05,0.7491672,10.343956,8.540158,8.540169
250759.14,0.017182149,0.018299548,37000.0,151467.45,149824.05,149824.05,0.7491672,10.34374,8.540159,8.540163
250759.14,0.017497797,0.018617336,37000.0,151467.42,149824.05,149824.05,0.7491672,10.343458,8.540142,8.540163
250759.14,0.018172981,0.019374328,37000.0,151467.34,149824.05,149824.05,0.7491672,10.343165,8.540156,8.540168
250759.14,0.016167646,0.01713153,37000.0,151467.34,149824.06,149824.05,0.7491672,10.343222,8.540159,8.540164
250759.14,0.016687248,0.017704213,37000.0,151467.34,149824.03,149824.05,0.7491672,10.343198,8.54015,8.540163
250759.14,0.019249633,0.020644827,37000.0,151467.4,149824.06,149824.03,0.7491672,10.343343,8.54014,8.540158
250759.14,0.013438178,0.014081968,37000.0,151467.38,149824.05,149824.05,0.7491672,10.343496,8.540136,8.540168
250759.14,0.01966552,0.021131912,37000.0,151467.44,149824.05,149824.05,0.7491672,10.343706,8.54015,8.540166
250759.14,0.02062118,0.022193208,37000.0,151467.4,149824.05,149824.05,0.7491672,10.343608,8.540147,8.540175
250759.14,0.017023785,0.018338468,37000.0,151467.34,149824.06,149824.05,0.7491672,10.343473,8.540151,8.540171
250759.14,0.019626861,0.02100917,37000.0,151467.33,149824.05,149824.06,0.7491672,10.34313,8.540156,8.540163
250759.14,0.018206788,0.019460045,37000.0,151467.31,149824.06,149824.05,0.7491672,10.343042,8.540137,8.540162
250759.14,0.016377486,0.017324723,37000.0,151467.39,149824.05,149824.05,0.7491672,10.343384,8.540159,8.54016
250759.14,0.017980382,0.019263355,37000.0,151467.36,149824.05,149824.05,0.7491672,10.343295,8.540155,8.540166
250759.14,0.01855906,0.019835385,37000.0,151467.42,149824.06,149824.05,0.7491672,10.343907,8.540164,8.540188
250759.14,0.018884977,0.020166991,37000.0,151467.4,149824.06,149824.05,0.7491672,10.343979,8.540165,8.54018
250759.14,0.01699429,0.018040214,37000.0,151467.36,149824.03,149824.05,0.7491672,10.34354,8.540155,8.540165
250759.14,0.018298611,0.019537464,37000.0,151467.39,149824.05,149824.06,0.7491672,10.343454,8.540153,8.540169
250759.14,0.017262956,0.018362032,37000.0,151467.38,149824.03,149824.05,0.7491672,10.343246,8.54015,8.5401745
250759.14,0.01850011,0.019735998,37000.0,151467.31,149824.03,149824.05,0.7491672,10.343279,8.540147,8.540173
250759.14,0.016747128,0.017788263,37000.0,151467.36,149824.06,149824.06,0.7491672,10.3432455,8.540146,8.540192
250759.14,0.019415207,0.02076792,37000.0,151467.34,149824.06,149824.05,0.7491672,10.343126,8.540153,8.540167
250759.14,0.014385937,0.015136177,37000.0,151467.39,149824.05,149824.05,0.7491672,10.343359,8.540152,8.540169
250759.14,0.02054423,0.022089103,37000.0,151467.39,149824.05,149824.08,0.7491672,10.34332,8.540159,8.540158
250759.14,0.019150589,0.020462155,37000.0,151467.39,149824.05,149824.06,0.7491672,10.34341,8.540141,8.540152
250759.14,0.018167732,0.01940348,37000.0,151467.39,149824.05,149824.05,0.7491672,10.343257,8.540148,8.540163
250759.14,0.01819763,0.019390248,37000.0,151467.39,149824.06,149824.06,0.7491672,10.343405,8.540165,8.540162
250759.14,0.019400354,0.020779187,37000.0,151467.39,149824.05,149824.05,0.7491672,10.343626,8.540164,8.540163
250759.14,0.016256256,0.017224526,37000.0,151467.38,149824.05,149824.06,0.7491672,10.343325,8.540137,8.540165
250759.14,0.021109466,0.022714654,37000.0,151467.39,149824.03,149824.06,0.7491672,10.343437,8.54015,8.540158
250759.14,0.016269263,0.017199496,37000.0,151467.36,149824.06,149824.05,0.7491672,10.343467,8.540144,8.540153
250759.14,0.019521473,0.020849308,37000.0,151467.38,149824.06,149824.05,0.7491672,10.343549,8.540159,8.540158
250759.14,0.01891088,0.020197619,37000.0,151467.39,149824.05,149824.05,0.7491672,10.343624,8.540156,8.540166
250759.14,0.01947542,0.020792028,37000.0,151467.47,149824.06,149824.06,0.7491672,10.343605,8.540153,8.540168
250759.14,0.017520417,0.018594047,37000.0,151467.36,149824.05,149824.06,0.7491672,10.343064,8.540156,8.540151
250759.14,0.017991053,0.019101625,37000.0,151467.44,149824.05,149824.06,0.7491672,10.343769,8.540142,8.540155
250759.14,0.016861824,0.017856764,37000.0,151467.38,149824.03,149824.06,0.7491672,10.343453,8.540166,8.540159
250759.14,0.017909234,0.019033197,37000.0,151467.4,149824.03,149824.05,0.7491672,10.343336,8.5401535,8.540163
250759.14,0.020031007,0.0214867,37000.0,151467.4,149824.06,149824.06,0.7491672,10.343506,8.54015,8.540165
250759.14,0.01863049,0.019908134,37000.0,151467.36,149824.06,149824.06,0.7491672,10.34321,8.540155,8.540161
250759.14,0.019944888,0.021356583,37000.0,151467.36,149824.08,149824.06,0.7491672,10.342971,8.540144,8.540143
250759.14,0.017107502,0.01813613,37000.0,151467.31,149824.05,149824.08,0.7491672,10.343147,8.540151,8.540158
250759.14,0.020279216,0.021725925,37000.0,151467.39,149824.03,149824.06,0.7491672,10.343579,8.540157,8.540155
250759.14,0.017985553,0.0191247,37000.0,151467.38,149824.05,149824.06,0.7491672,10.34342,8.540144,8.540161
250759.14,0.01641363,0.017466603,37000.0,151467.33,149824.06,149824.05,0.7491672,10.343431,8.540163,8.540155
250759.14,0.017400883,0.018463336,37000.0,151467.38,149824.06,149824.05,0.7491672,10.34324,8.540146,8.5401535
250759.14,0.01264981,0.013197071,37000.0,151467.34,149824.03,149824.06,0.7491672,10.343112,8.540154,8.540155
250759.14,0.014503079,0.01522262,37000.0,151467.38,149824.06,149824.05,0.7491672,10.343208,8.540118,8.540156
250759.14,0.018324738,0.019523008,37000.0,151467.39,149824.05,149824.05,0.7491672,10.343348,8.540161,8.540153
250759.14,0.016546775,0.017508997,37000.0,151467.34,149824.06,149824.05,0.7491672,10.343043,8.540149,8.540154
250759.14,0.016315605,0.017248895,37000.0,151467.4,149824.06,149824.05,0.7491672,10.343498,8.540146,8.540156
250759.14,0.021306325,0.022928635,37000.0,151467.4,149824.05,149824.05,0.7491672,10.343667,8.540148,8.540164
250759.14,0.018898027,0.020137606,37000.0,151467.38,149824.03,149824.06,0.7491672,10.343658,8.540143,8.5401535
250759.14,0.019444618,0.020784667,37000.0,151467.36,149824.05,149824.05,0.7491672,10.343238,8.540158,8.540161
250759.14,0.016693672,0.01768046,37000.0,151467.44,149824.03,149824.06,0.7491672,10.343782,8.540153,8.540153
250759.14,0.017414154,0.018503653,37000.0,151467.34,149824.06,149824.05,0.7491672,10.343182,8.540156,8.540172
250759.14,0.02068694,0.022245944,37000.0,151467.39,149824.02,149824.06,0.7491672,10.343661,8.540159,8.54016
250759.14,0.018122619,0.019327778,37000.0,151467.38,149824.05,149824.05,0.7491672,10.343124,8.540141,8.540158
250759.14,0.015904319,0.016777026,37000.0,151467.42,149824.06,149824.05,0.7491672,10.343623,8.540148,8.540155
250759.14,0.01697557,0.017982917,37000.0,151467.36,149824.05,149824.06,0.7491672,10.343656,8.540146,8.5401535
250759.14,0.018722404,0.019962296,37000.0,151467.44,149824.05,149824.06,0.7491672,10.343904,8.540151,8.540151
250759.14,0.018711748,0.019971695,37000.0,151467.36,149824.03,149824.03,0.7491672,10.343449,8.540136,8.540156
250759.14,0.020188585,0.021626338,37000.0,151467.39,149824.06,149824.05,0.7491672,10.343203,8.540148,8.540157
250759.14,0.016342685,0.017271994,37000.0,151467.36,149824.06,149824.08,0.7491672,10.343181,8.540141,8.54016
250759.14,0.015421817,0.016256113,37000.0,151467.38,149824.06,149824.05,0.7491672,10.343495,8.540157,8.540171
250759.14,0.018009411,0.019157337,37000.0,151467.4,149824.06,149824.06,0.7491672,10.343259,8.540132,8.540165
250759.14,0.01796942,0.01911041,37000.0,151467.42,149824.03,149824.05,0.7491672,10.34364,8.540147,8.540146
250759.14,0.01595609,0.016874135,37000.0,151467.36,149824.05,149824.08,0.7491672,10.343204,8.540149,8.540164
250759.14,0.018214935,0.019377477,37000.0,151467.4,149824.05,149824.05,0.7491672,10.343452,8.540159,8.540152
250759.14,0.0179443,0.019058561,37000.0,151467.39,149824.05,149824.03,0.7491672,10.343483,8.540155,8.54016
250759.14,0.017061863,0.01808687,37000.0,151467.4,149824.05,149824.03,0.7491672,10.343441,8.540153,8.540176
250759.14,0.021173665,0.02276398,37000.0,151467.4,149824.06,149824.05,0.7491672,10.343362,8.540123,8.540158
250759.14,0.02020758,0.0217504,37000.0,151467.38,149824.06,149824.06,0.7491672,10.343638,8.540147,8.540181
250759.14,0.019469496,0.020890746,37000.0,151467.4,149824.03,149824.06,0.7491672,10.3435335,8.54014,8.540167
250759.14,0.016689975,0.01769267,37000.0,151467.39,149824.06,149824.06,0.7491672,10.343426,8.540139,8.540151
250759.14,0.01951537,0.020909132,37000.0,151467.42,149824.06,149824.08,0.7491672,10.343316,8.540158,8.540152
250759.14,0.01811335,0.019257067,37000.0,151467.42,149824.05,149824.03,0.7491672,10.34342,8.540122,8.540145
250759.14,0.018859109,0.020143487,37000.0,151467.31,149824.08,149824.06,0.7491672,10.343394,8.540159,8.540156
250759.14,0.017287312,0.018354334,37000.0,151467.38,149824.03,149824.05,0.7491672,10.343151,8.540136,8.540161
250759.14,0.017989343,0.019129414,37000.0,151467.39,149824.06,149824.05,0.7491672,10.343605,8.540148,8.540165
250759.14,0.020055018,0.021501914,37000.0,151467.33,149824.08,149824.1,0.7491672,10.3431015,8.5401325,8.540159
250759.14,0.021273645,0.02284053,37000.0,151467.44,149824.06,149824.05,0.7491672,10.343588,8.54014,8.540175
250759.14,0.017335925,0.018361945,37000.0,151467.38,149824.08,149824.05,0.7491672,10.343013,8.540139,8.540156
250759.14,0.018262198,0.019439308,37000.0,151467.36,149824.05,149824.05,0.7491672,10.343245,8.540141,8.5401535
250759.14,0.017212063,0.018251251,37000.0,151467.39,149824.06,149824.06,0.7491672,10.343737,8.540168,8.540169
250759.14,0.016155131,0.017078932,37000.0,151467.39,149824.05,149824.06,0.7491672,10.34342,8.540126,8.5401535
250759.14,0.02126631,0.02304358,37000.0,151467.4,149824.03,149824.06,0.7491672,10.343315,8.540148,8.540157
250759.14,0.016052999,0.016981455,37000.0,151467.39,149824.06,149824.05,0.7491672,10.34346,8.540163,8.540158
250759.14,0.017775772,0.01892072,37000.0,151467.39,149824.08,149824.03,0.7491672,10.343305,8.540148,8.540161
250759.14,0.018511426,0.019713404,37000.0,151467.39,149824.05,149824.05,0.7491672,10.343704,8.54016,8.540164
250759.14,0.017381722,0.018421583,37000.0,151467.38,149824.03,149824.05,0.7491672,10.343267,8.540136,8.540151
250759.14,0.016796302,0.017804073,37000.0,151467.31,149824.06,149824.05,0.7491672,10.343193,8.54016,8.540144
250759.14,0.017687086,0.018816197,37000.0,151467.33,149824.05,149824.05,0.7491672,10.343436,8.540159,8.540163
250759.14,0.020304894,0.021815108,37000.0,151467.38,149824.06,149824.06,0.7491672,10.343465,8.540145,8.540151
250759.14,0.017896835,0.019052805,37000.0,151467.34,149824.03,149824.06,0.7491672,10.34345,8.54015,8.540153
250759.14,0.017926805,0.01911206,37000.0,151467.36,149824.05,149824.05,0.7491672,10.343126,8.540159,8.540153
250759.14,0.020570418,0.022060284,37000.0,151467.36,149824.06,149824.05,0.7491672,10.343437,8.540162,8.540157
250759.14,0.016816678,0.017842649,37000.0,151467.38,149824.05,149824.08,0.7491672,10.343175,8.540131,8.5401535
250759.14,0.019195972,0.020477233,37000.0,151467.3,149824.06,149824.05,0.7491672,10.342971,8.540157,8.54015
250759.14,0.021444341,0.023057047,37000.0,151467.31,149824.06,149824.05,0.7491672,10.342766,8.540158,8.540152
250759.14,0.017234743,0.018279387,37000.0,151467.34,149824.06,149824.06,0.7491672,10.343344,8.540183,8.540153
250759.14,0.016068926,0.01696747,37000.0,151467.36,149824.06,149824.06,0.7491672,10.34351,8.540166,8.5401535
250759.14,0.020616684,0.022335982,37000.0,151467.36,149824.05,149824.05,0.7491672,10.343603,8.540155,8.540148
250759.14,0.018927565,0.020195382,37000.0,151467.39,149824.06,149824.05,0.7491672,10.343287,8.540154,8.540156
250759.14,0.017116286,0.018168004,37000.0,151467.34,149824.06,149824.05,0.7491672,10.343132,8.540166,8.540163
250759.14,0.017433396,0.01848761,37000.0,151467.38,149824.06,149824.06,0.7491672,10.3431425,8.540138,8.5401745
250759.14,0.018072259,0.019260556,37000.0,151467.39,149824.05,149824.06,0.7491672,10.343919,8.540166,8.540158
250759.14,0.016741702,0.017715817,37000.0,151467.38,149824.05,149824.08,0.7491672,10.343482,8.540143,8.540144
250759.14,0.015640818,0.016522564,37000.0,151467.39,149824.03,149824.03,0.7491672,10.343453,8.540157,8.540154
250759.14,0.015872201,0.016812615,37000.0,151467.36,149824.05,149824.05,0.7491672,10.343594,8.54016,8.540163
250759.14,0.019408155,0.020832704,37000.0,151467.36,149824.05,149824.03,0.7491672,10.343528,8.540142,8.54017
250759.14,0.016598718,0.017531415,37000.0,151467.42,149824.06,149824.03,0.7491672,10.343254,8.540178,8.540173
250759.14,0.01564368,0.016696349,37000.0,151467.33,149824.05,149824.05,0.7491672,10.343075,8.540139,8.540161
250759.14,0.018333461,0.019531412,37000.0,151467.36,149824.05,149824.08,0.7491672,10.343139,8.540148,8.5401535
250759.14,0.017406667,0.018500442,37000.0,151467.39,149824.03,149824.08,0.7491672,10.343254,8.540152,8.540155
250759.14,0.019875452,0.021283971,37000.0,151467.33,149824.05,149824.05,0.7491672,10.343212,8.54013,8.540153
250759.14,0.020163614,0.02164704,37000.0,151467.45,149824.08,149824.05,0.7491672,10.343528,8.540138,8.540182
250759.14,0.02070512,0.022364914,37000.0,151467.34,149824.06,149824.08,0.7491672,10.3431425,8.540145,8.540168
250759.14,0.018533617,0.019802196,37000.0,151467.38,149824.05,149824.05,0.7491672,10.343622,8.540137,8.540165
250759.14,0.018078486,0.019516615,37000.0,151467.33,149824.05,149824.05,0.7491672,10.343496,8.540153,8.5401535
250759.14,0.0168193,0.017824702,37000.0,151467.4,149824.06,149824.06,0.7491672,10.34357,8.5401535,8.540156
250759.14,0.017322015,0.018396577,37000.0,151467.36,149824.06,149824.05,0.7491672,10.34333,8.54014,8.540164
250759.14,0.019147718,0.020708054,37000.0,151467.38,149824.05,149824.06,0.7491672,10.343107,8.540161,8.540159
250759.14,0.020469332,0.021992635,37000.0,151467.39,149824.03,149824.03,0.7491672,10.343895,8.540169,8.540159
250759.14,0.018990487,0.020250568,37000.0,151467.34,149824.05,149824.05,0.7491672,10.343298,8.540146,8.540158
250759.14,0.019931206,0.021406887,37000.0,151467.39,149824.05,149824.06,0.7491672,10.343234,8.540154,8.540166
250759.14,0.015976077,0.016897291,37000.0,151467.34,149824.06,149824.05,0.7491672,10.343414,8.540138,8.540167
250759.14,0.018547948,0.019756164,37000.0,151467.38,149824.05,149824.05,0.7491672,10.343222,8.540148,8.5402
250759.14,0.020593682,0.022090422,37000.0,151467.34,149824.05,149824.05,0.7491672,10.343293,8.540157,8.540197
250759.14,0.017584702,0.018677501,37000.0,151467.34,149824.03,149824.06,0.7491672,10.343452,8.540149,8.54016
250759.14,0.020163167,0.021567795,37000.0,151467.36,149824.05,149824.05,0.7491672,10.342869,8.540136,8.540158
250759.14,0.021582816,0.023241876,37000.0,151467.36,149824.06,149824.05,0.7491672,10.343327,8.540155,8.540194
250759.14,0.018272525,0.019596161,37000.0,151467.42,149824.05,149824.05,0.7491672,10.343397,8.540139,8.540153
250759.14,0.019436298,0.02077669,37000.0,151467.39,149824.06,149824.06,0.7491672,10.34373,8.540142,8.540157
250759.14,0.01957081,0.020923968,37000.0,151467.42,149824.08,149824.06,0.7491672,10.343751,8.540161,8.540155
250759.14,0.01807094,0.019255588,37000.0,151467.39,149824.06,149824.05,0.7491672,10.343489,8.540136,8.540177
250759.14,0.019877858,0.021285923,37000.0,151467.39,149824.05,149824.06,0.7491672,10.343308,8.540159,8.540152
250759.14,0.01807399,0.019195376,37000.0,151467.33,149824.06,149824.05,0.7491672,10.343111,8.540135,8.540151
250759.14,0.019072933,0.020348215,37000.0,151467.38,149824.05,149824.03,0.7491672,10.343355,8.540131,8.540173
250759.14,0.02152973,0.023190355,37000.0,151467.39,149824.05,149824.06,0.7491672,10.343811,8.540151,8.540175
250759.14,0.019911557,0.021332541,37000.0,151467.39,149824.05,149824.06,0.7491672,10.34342,8.540152,8.540156
250759.14,0.018157238,0.019330066,37000.0,151467.38,149824.05,149824.06,0.7491672,10.343885,8.540151,8.540164
250759.14,0.017574161,0.018657604,37000.0,151467.38,149824.05,149824.02,0.7491672,10.343336,8.540161,8.540154
250759.14,0.02061538,0.022169199,37000.0,151467.38,149824.06,149824.08,0.7491672,10.343529,8.5401535,8.540151
250759.14,0.02112804,0.022767413,37000.0,151467.39,149824.06,149824.06,0.7491672,10.343356,8.540143,8.540159
250759.14,0.01856234,0.01974252,37000.0,151467.4,149824.03,149824.05,0.7491672,10.343515,8.540146,8.540179
250759.14,0.020470211,0.021935878,37000.0,151467.38,149824.05,149824.06,0.7491672,10.343249,8.540141,8.540153
250759.14,0.01939748,0.020698596,37000.0,151467.34,149824.06,149824.05,0.7491672,10.343217,8.540165,8.540155
250759.14,0.018200474,0.019378126,37000.0,151467.34,149824.06,149824.08,0.7491672,10.343482,8.54014,8.540151
250759.14,0.01675507,0.017684575,37000.0,151467.38,149824.06,149824.05,0.7491672,10.343428,8.540146,8.540151
250759.14,0.021923011,0.023603372,37000.0,151467.44,149824.05,149824.05,0.7491672,10.343777,8.540149,8.540156
250759.14,0.022747315,0.024576265,37000.0,151467.34,149824.06,149824.05,0.7491672,10.343429,8.540141,8.540154
250759.14,0.021055281,0.022607295,37000.0,151467.34,149824.06,149824.06,0.7491672,10.342832,8.540156,8.540151
250759.14,0.01727887,0.0182971,37000.0,151467.33,149824.06,149824.06,0.7491672,10.342997,8.540138,8.540157
250759.14,0.01940231,0.020686153,37000.0,151467.33,149824.06,149824.03,0.7491672,10.343339,8.540141,8.540163
250759.14,0.020385649,0.021791795,37000.0,151467.38,149824.06,149824.05,0.7491672,10.343224,8.540152,8.540166
250759.14,0.02007134,0.021442354,37000.0,151467.33,149824.08,149824.05,0.7491672,10.343109,8.540139,8.54015
250759.14,0.019082872,0.02035173,37000.0,151467.44,149824.05,149824.03,0.7491672,10.343788,8.540138,8.540187
250759.14,0.01720366,0.018199516,37000.0,151467.38,149824.06,149824.03,0.7491672,10.34355,8.540155,8.540151
250759.14,0.021691002,0.023284882,37000.0,151467.36,149824.06,149824.06,0.7491672,10.343106,8.540152,8.540162
250759.14,0.019150725,0.020396963,37000.0,151467.38,149824.05,149824.05,0.7491672,10.343245,8.54013,8.540162
250759.14,0.016390849,0.017560052,37000.0,151467.38,149824.05,149824.05,0.7491672,10.343584,8.540141,8.540162
250759.14,0.016690033,0.017640784,37000.0,151467.4,149824.06,149824.05,0.7491672,10.3435755,8.540154,8.540162
250759.14,0.019754672,0.021045594,37000.0,151467.36,149824.06,149824.06,0.7491672,10.343457,8.540177,8.5401535
250759.14,0.020844182,0.022292841,37000.0,151467.4,149824.06,149824.05,0.7491672,10.343391,8.5401535,8.540189
250759.14,0.019019173,0.02025528,37000.0,151467.42,149824.06,149824.06,0.7491672,10.343625,8.540134,8.540196
250759.14,0.0194179,0.020698685,37000.0,151467.34,149824.05,149824.06,0.7491672,10.343353,8.540146,8.540156
250759.14,0.01629955,0.01716854,37000.0,151467.34,149824.05,149824.06,0.7491672,10.343446,8.540169,8.540158
250759.14,0.016946802,0.017927198,37000.0,151467.39,149824.05,149824.08,0.7491672,10.343416,8.540153,8.540152
250759.14,0.018187404,0.019313516,37000.0,151467.39,149824.05,149824.05,0.7491672,10.343513,8.540135,8.540186
250759.14,0.01830756,0.019407768,37000.0,151467.39,149824.05,149824.05,0.7491672,10.343352,8.540152,8.540173
250759.14,0.01779246,0.018872721,37000.0,151467.38,149824.06,149824.03,0.7491672,10.34329,8.540138,8.540165
250759.14,0.018316142,0.019479986,37000.0,151467.44,149824.05,149824.03,0.7491672,10.343887,8.540154,8.540165
250759.14,0.018090736,0.019184237,37000.0,151467.47,149824.06,149824.05,0.7491672,10.3437805,8.540155,8.540155
250759.14,0.021319516,0.02282551,37000.0,151467.36,149824.08,149824.06,0.7491672,10.343701,8.540149,8.540163
250759.14,0.01799394,0.019063612,37000.0,151467.38,149824.05,149824.05,0.7491672,10.343536,8.540149,8.540153
250759.14,0.021825708,0.023480743,37000.0,151467.33,149824.06,149824.1,0.7491672,10.34341,8.54015,8.540159
250759.14,0.018569726,0.019721422,37000.0,151467.44,149824.06,149824.08,0.7491672,10.343846,8.540139,8.540166
250759.14,0.017969666,0.019028725,37000.0,151467.36,149824.06,149824.05,0.7491672,10.3432,8.540121,8.540152
250759.14,0.018899035,0.02009423,37000.0,151467.36,149824.05,149824.06,0.7491672,10.343015,8.540152,8.540154
250759.14,0.019185636,0.020409761,37000.0,151467.39,149824.03,149824.05,0.7491672,10.343508,8.54013,8.540155
250759.14,0.017113868,0.018096037,37000.0,151467.42,149824.05,149824.05,0.7491672,10.343902,8.540158,8.540159
250759.14,0.018704804,0.019873928,37000.0,151467.38,149824.06,149824.06,0.7491672,10.343605,8.540152,8.540151
250759.14,0.019318495,0.02056016,37000.0,151467.38,149824.08,149824.03,0.7491672,10.3436985,8.540156,8.540155
250759.14,0.014817593,0.015550053,37000.0,151467.38,149824.06,149824.06,0.7491672,10.3435335,8.54015,8.5401535
250759.14,0.016715849,0.017642567,37000.0,151467.42,149824.06,149824.06,0.7491672,10.343561,8.540148,8.540155
250759.14,0.01736589,0.01835462,37000.0,151467.31,149824.05,149824.05,0.7491672,10.343132,8.540133,8.540166
250759.14,0.022270929,0.023961224,37000.0,151467.39,149824.03,149824.06,0.7491672,10.343202,8.540134,8.540158
250759.14,0.02212462,0.023812488,37000.0,151467.42,149824.06,149824.06,0.7491672,10.343371,8.540151,8.540147
250759.14,0.020293683,0.021664103,37000.0,151467.39,149824.06,149824.06,0.7491672,10.34342,8.540144,8.540148
250759.14,0.019665409,0.02098116,37000.0,151467.36,149824.06,149824.06,0.7491672,10.343375,8.540149,8.540188
250759.14,0.018532142,0.01969044,37000.0,151467.34,149824.06,149824.06,0.7491672,10.34344,8.540143,8.5401535
250759.14,0.016896022,0.017841045,37000.0,151467.39,149824.03,149824.03,0.7491672,10.343387,8.54016,8.540157
250759.14,0.015158693,0.015935449,37000.0,151467.38,149824.05,149824.06,0.7491672,10.343435,8.540144,8.540162
250759.14,0.015187312,0.015977172,37000.0,151467.36,149824.05,149824.05,0.7491672,10.343212,8.54017,8.540172
250759.14,0.016743362,0.01769084,37000.0,151467.38,149824.06,149824.05,0.7491672,10.343276,8.54015,8.540169
250759.14,0.018638948,0.019797215,37000.0,151467.4,149824.03,149824.06,0.7491672,10.343329,8.540147,8.540152
250759.14,0.019544749,0.020828871,37000.0,151467.38,149824.05,149824.06,0.7491672,10.343486,8.540151,8.540156
250759.14,0.018816607,0.019996831,37000.0,151467.38,149824.08,149824.05,0.7491672,10.343577,8.540151,8.540157
250759.14,0.015608662,0.016815092,37000.0,151467.4,149824.05,149824.05,0.7491672,10.34379,8.540151,8.540166
250759.14,0.0163005,0.017609447,37000.0,151467.42,149824.06,149824.06,0.7491672,10.34376,8.540149,8.540162
250759.14,0.014797287,0.015826562,37000.0,151467.44,149824.06,149824.05,0.7491672,10.343768,8.54015,8.540179
250759.14,0.018160574,0.019323291,37000.0,151467.33,149824.06,149824.05,0.7491672,10.343191,8.540163,8.540153
250759.14,0.0200129,0.02140786,37000.0,151467.4,149824.05,149824.05,0.7491672,10.343889,8.540155,8.540154
250759.14,0.02080151,0.022285592,37000.0,151467.38,149824.08,149824.05,0.7491672,10.3432045,8.540134,8.540152
250759.14,0.01806804,0.019153116,37000.0,151467.33,149824.05,149824.08,0.7491672,10.343047,8.540142,8.540153
250759.14,0.016638823,0.017572382,37000.0,151467.39,149824.05,149824.05,0.7491672,10.343461,8.540163,8.5401535
250759.14,0.018929567,0.02012658,37000.0,151467.38,149824.03,149824.06,0.7491672,10.343101,8.540156,8.540153
250759.14,0.018563418,0.019727072,37000.0,151467.42,149824.03,149824.05,0.7491672,10.34316,8.540165,8.540155
250759.14,0.019672062,0.020977378,37000.0,151467.44,149824.05,149824.05,0.7491672,10.343527,8.540157,8.540156
250759.14,0.015976371,0.016837386,37000.0,151467.45,149824.03,149824.06,0.7491672,10.343469,8.540149,8.540151
250759.14,0.016492762,0.017403362,37000.0,151467.4,149824.06,149824.06,0.7491672,10.343494,8.540137,8.540154
250759.14,0.01790602,0.018952563,37000.0,151467.38,149824.05,149824.05,0.7491672,10.343287,8.540158,8.540155
250759.14,0.016576475,0.017520098,37000.0,151467.4,149824.05,149824.08,0.7491672,10.343357,8.540132,8.540149
250759.14,0.020365007,0.02175747,37000.0,151467.4,149824.05,149824.05,0.7491672,10.343422,8.5401325,8.540153
250759.14,0.022595268,0.024329036,37000.0,151467.33,149824.05,149824.06,0.7491672,10.3432865,8.540149,8.540153
250759.14,0.02114226,0.02265513,37000.0,151467.42,149824.06,149824.05,0.7491672,10.343562,8.540146,8.5401535
250759.14,0.018918216,0.020131204,37000.0,151467.34,149824.06,149824.03,0.7491672,10.343242,8.5401535,8.540156
250759.14,0.01964893,0.020936815,37000.0,151467.34,149824.06,149824.05,0.7491672,10.343764,8.5401535,8.540153
250759.14,0.018720979,0.019910535,37000.0,151467.44,149824.05,149824.06,0.7491672,10.343574,8.540141,8.5401535
250759.14,0.015225281,0.016039468,37000.0,151467.4,149824.06,149824.08,0.7491672,10.343768,8.540158,8.540155
250759.14,0.01877306,0.019982746,37000.0,151467.4,149824.05,149824.08,0.7491672,10.343395,8.540151,8.540156
250759.14,0.022094885,0.023997338,37000.0,151467.39,149824.05,149824.05,0.7491672,10.343302,8.540152,8.540151
250759.14,0.020201735,0.021657256,37000.0,151467.4,149824.05,149824.06,0.7491672,10.343455,8.540152,8.540153
250759.14,0.019153511,0.020455534,37000.0,151467.38,149824.05,149824.06,0.7491672,10.343389,8.540137,8.540155
250759.14,0.018567719,0.019799894,37000.0,151467.36,149824.03,149824.05,0.7491672,10.343335,8.540132,8.540151
250759.14,0.01957074,0.020883095,37000.0,151467.36,149824.05,149824.05,0.7491672,10.343336,8.540152,8.540152
250759.14,0.014612612,0.015341045,37000.0,151467.36,149824.06,149824.05,0.7491672,10.343156,8.540145,8.540154
250759.14,0.02169322,0.023345897,37000.0,151467.34,149824.06,149824.06,0.7491672,10.343361,8.540146,8.540156
250759.14,0.02177875,0.023451561,37000.0,151467.34,149824.05,149824.06,0.7491672,10.343259,8.540151,8.540158
250759.14,0.019645575,0.020991333,37000.0,151467.34,149824.05,149824.05,0.7491672,10.343269,8.540158,8.5401535
250759.14,0.020676274,0.022195878,37000.0,151467.4,149824.06,149824.06,0.7491672,10.343615,8.54016,8.540153
250759.14,0.017961498,0.019109575,37000.0,151467.39,149824.06,149824.05,0.7491672,10.343476,8.540145,8.540151
250759.14,0.019085176,0.020348415,37000.0,151467.4,149824.08,149824.06,0.7491672,10.343797,8.540152,8.540185
250759.14,0.01748086,0.01851898,37000.0,151467.39,149824.05,149824.06,0.7491672,10.343394,8.540143,8.540171
250759.14,0.016786786,0.017753376,37000.0,151467.38,149824.06,149824.06,0.7491672,10.343183,8.54015,8.5401535
250759.14,0.01819748,0.019332225,37000.0,151467.4,149824.06,149824.05,0.7491672,10.343657,8.540152,8.540168
250759.14,0.019979844,0.02134056,37000.0,151467.4,149824.06,149824.06,0.7491672,10.343603,8.540153,8.540143
250759.14,0.019666616,0.02098243,37000.0,151467.38,149824.08,149824.05,0.7491672,10.343745,8.540136,8.540181
250759.14,0.019101245,0.020324023,37000.0,151467.42,149824.05,149824.05,0.7491672,10.343301,8.540133,8.540167
250759.14,0.019718839,0.021022988,37000.0,151467.45,149824.05,149824.06,0.7491672,10.343798,8.540149,8.540163
250759.14,0.019101068,0.020328088,37000.0,151467.38,149824.05,149824.03,0.7491672,10.343487,8.540163,8.540173
250759.14,0.01688463,0.017828586,37000.0,151467.4,149824.06,149824.06,0.7491672,10.343255,8.540154,8.540153
250759.14,0.018411187,0.019554758,37000.0,151467.4,149824.06,149824.06,0.7491672,10.343589,8.54015,8.540153
250759.14,0.022038998,0.023654897,37000.0,151467.39,149824.06,149824.05,0.7491672,10.343353,8.540135,8.540129
250759.14,0.019649863,0.02090608,37000.0,151467.44,149824.06,149824.06,0.7491672,10.343297,8.540148,8.540138
250759.14,0.018443722,0.019616503,37000.0,151467.39,149824.03,149824.05,0.7491672,10.343201,8.54013,8.54014
250759.14,0.017354256,0.018342592,37000.0,151467.39,149824.03,149824.05,0.7491672,10.343499,8.540142,8.540147
250759.14,0.016724061,0.017656911,37000.0,151467.44,149824.06,149824.03,0.7491672,10.343806,8.540164,8.540146
250759.14,0.021663371,0.023339447,37000.0,151467.34,149824.03,149824.05,0.7491672,10.343829,8.54016,8.540134
250759.14,0.022990042,0.02496596,37000.0,151467.38,149824.06,149824.02,0.7491672,10.343542,8.540148,8.54015
250759.14,0.019271653,0.0204528,37000.0,151467.36,149824.05,149824.05,0.7491672,10.343661,8.540136,8.540132
250759.14,0.016858723,0.017787404,37000.0,151467.42,149824.06,149824.06,0.7491672,10.343823,8.540144,8.540137
250759.14,0.020752786,0.022154048,37000.0,151467.34,149824.08,149824.05,0.7491672,10.343022,8.540146,8.540108
250759.14,0.015766578,0.016553663,37000.0,151467.36,149824.03,149824.03,0.7491672,10.343172,8.540138,8.540139
250759.14,0.022189705,0.023806503,37000.0,151467.42,149824.05,149824.05,0.7491672,10.343482,8.540155,8.540146
250759.14,0.021500532,0.022996914,37000.0,151467.39,149824.05,149824.03,0.7491672,10.343676,8.540159,8.540149
250759.14,0.021486482,0.022993352,37000.0,151467.36,149824.06,149824.03,0.7491672,10.343577,8.540147,8.540147
250759.14,0.017399639,0.018401165,37000.0,151467.4,149824.06,149824.05,0.7491672,10.343373,8.540144,8.540147
250759.14,0.01600276,0.016837755,37000.0,151467.42,149824.05,149824.05,0.7491672,10.343751,8.540158,8.540143
250759.14,0.020492947,0.021846352,37000.0,151467.39,149824.06,149824.05,0.7491672,10.34354,8.540137,8.540121
250759.14,0.021598155,0.023106,37000.0,151467.34,149824.06,149824.05,0.7491672,10.343266,8.540153,8.540153
250759.14,0.020014562,0.021293094,37000.0,151467.31,149824.06,149824.06,0.7491672,10.342881,8.540143,8.540149
250759.14,0.018138235,0.019288855,37000.0,151467.42,149824.05,149824.06,0.7491672,10.343465,8.540167,8.540141
250759.14,0.017578712,0.018594194,37000.0,151467.39,149824.05,149824.05,0.7491672,10.343515,8.540157,8.540132
250759.14,0.019533042,0.02081112,37000.0,151467.4,149824.03,149824.06,0.7491672,10.3437195,8.540166,8.540143
250759.14,0.018804424,0.019986684,37000.0,151467.42,149824.06,149824.05,0.7491672,10.343669,8.5401325,8.54013
250759.14,0.020907238,0.022331314,37000.0,151467.42,149824.06,149824.06,0.7491672,10.343385,8.540136,8.540097
250759.14,0.021966124,0.023564681,37000.0,151467.4,149824.05,149824.06,0.7491672,10.343489,8.540127,8.540132
250759.14,0.020865962,0.02231118,37000.0,151467.42,149824.05,149824.05,0.7491672,10.343581,8.540145,8.540133
250759.14,0.018837184,0.019955264,37000.0,151467.38,149824.05,149824.06,0.7491672,10.3433485,8.54013,8.54013
250759.14,0.020674564,0.022059606,37000.0,151467.38,149824.05,149824.06,0.7491672,10.343391,8.540151,8.540147
250759.14,0.016964456,0.01790764,37000.0,151467.36,149824.08,149824.05,0.7491672,10.343458,8.540173,8.540156
250759.14,0.019901112,0.021225782,37000.0,151467.38,149824.05,149824.05,0.7491672,10.343277,8.540135,8.540149
250759.14,0.023521127,0.025310455,37000.0,151467.39,149824.05,149824.05,0.7491672,10.343692,8.540159,8.540149
250759.14,0.01642847,0.01731821,37000.0,151467.39,149824.06,149824.06,0.7491672,10.343255,8.540154,8.5401535
250759.14,0.019961106,0.021246899,37000.0,151467.38,149824.05,149824.03,0.7491672,10.343558,8.540153,8.540139
250759.14,0.018415663,0.019558534,37000.0,151467.39,149824.08,149824.05,0.7491672,10.343541,8.54013,8.540149
250759.14,0.018773628,0.019929731,37000.0,151467.38,149824.06,149824.06,0.7491672,10.343174,8.540144,8.540135
250759.14,0.0177217,0.018754805,37000.0,151467.38,149824.06,149824.06,0.7491672,10.3433895,8.540133,8.540155
250759.14,0.019551098,0.020781055,37000.0,151467.39,149824.06,149824.06,0.7491672,10.34335,8.540152,8.540146
250759.14,0.020362733,0.021706486,37000.0,151467.39,149824.05,149824.06,0.7491672,10.343246,8.540156,8.540151
250759.14,0.02028703,0.021645416,37000.0,151467.39,149824.08,149824.06,0.7491672,10.343284,8.540127,8.540151
250759.14,0.019648666,0.020897813,37000.0,151467.42,149824.05,149824.06,0.7491672,10.343834,8.54015,8.540139
250759.14,0.019008078,0.02018869,37000.0,151467.39,149824.05,149824.05,0.7491672,10.343764,8.540154,8.5401535
250759.14,0.019165568,0.020352324,37000.0,151467.4,149824.08,149824.06,0.7491672,10.343549,8.540142,8.540153
250759.14,0.01901039,0.020193541,37000.0,151467.34,149824.06,149824.05,0.7491672,10.343227,8.540141,8.540118
250759.14,0.019278958,0.02048025,37000.0,151467.4,149824.05,149824.06,0.7491672,10.34353,8.540147,8.540131
250759.14,0.020214338,0.021508805,37000.0,151467.38,149824.03,149824.06,0.7491672,10.343337,8.540151,8.54014
250759.14,0.02029998,0.021627016,37000.0,151467.38,149824.05,149824.03,0.7491672,10.34357,8.540144,8.540128
250759.14,0.019616593,0.020868497,37000.0,151467.36,149824.05,149824.06,0.7491672,10.343552,8.540152,8.54013
250759.14,0.020639932,0.022041664,37000.0,151467.39,149824.06,149824.06,0.7491672,10.3433895,8.540143,8.540128
250759.14,0.020231742,0.02158701,37000.0,151467.36,149824.05,149824.03,0.7491672,10.343599,8.54017,8.540145
250759.14,0.019550435,0.02082869,37000.0,151467.34,149824.05,149824.05,0.7491672,10.343713,8.540151,8.540139
250759.14,0.017644037,0.018629117,37000.0,151467.42,149824.05,149824.08,0.7491672,10.343458,8.540157,8.540131
250759.14,0.017187394,0.018171418,37000.0,151467.39,149824.06,149824.05,0.7491672,10.343343,8.540127,8.540139
250759.14,0.017873067,0.018961405,37000.0,151467.42,149824.05,149824.06,0.7491672,10.343826,8.540141,8.54015
250759.14,0.01514044,0.016136702,37000.0,151467.36,149824.05,149824.06,0.7491672,10.343231,8.54016,8.540146
250759.14,0.013857236,0.014725087,37000.0,151467.36,149824.05,149824.05,0.7491672,10.34311,8.540151,8.54015
250759.14,0.013744559,0.014564366,37000.0,151467.38,149824.05,149824.05,0.7491672,10.343141,8.540148,8.540151
250759.14,0.013405517,0.014191033,37000.0,151467.4,149824.08,149824.05,0.7491672,10.343283,8.540149,8.540136
250759.14,0.0147061,0.015683694,37000.0,151467.44,149824.05,149824.06,0.7491672,10.343478,8.54014,8.540139
250759.14,0.01449467,0.015398663,37000.0,151467.36,149824.05,149824.06,0.7491672,10.343376,8.540149,8.540156
250759.14,0.013835757,0.01469799,37000.0,151467.38,149824.06,149824.06,0.7491672,10.343114,8.540153,8.540145
250759.14,0.013049305,0.013777716,37000.0,151467.39,149824.06,149824.08,0.7491672,10.3434925,8.540124,8.540156
250759.14,0.013699586,0.014520691,37000.0,151467.27,149824.06,149824.05,0.7491672,10.342998,8.540149,8.54014
250759.14,0.013155042,0.013884972,37000.0,151467.39,149824.05,149824.06,0.7491672,10.343399,8.540141,8.540158
250759.14,0.014220055,0.015119881,37000.0,151467.39,149824.03,149824.05,0.7491672,10.343088,8.5401325,8.540133
250759.14,0.014232267,0.01510205,37000.0,151467.39,149824.06,149824.06,0.7491672,10.343737,8.540166,8.540144
250759.14,0.013581729,0.01439536,37000.0,151467.36,149824.06,149824.08,0.7491672,10.343577,8.540158,8.540119
250759.14,0.013028624,0.013766425,37000.0,151467.39,149824.08,149824.05,0.7491672,10.343506,8.540168,8.540138
250759.14,0.013476233,0.014258732,37000.0,151467.39,149824.08,149824.06,0.7491672,10.34301,8.540141,8.5401535
250759.14,0.014026678,0.0148722725,37000.0,151467.36,149824.08,149824.05,0.7491672,10.343551,8.54015,8.540121
250759.14,0.0130172325,0.013756626,37000.0,151467.39,149824.06,149824.06,0.7491672,10.3434305,8.540149,8.540136
250759.14,0.014711243,0.015663998,37000.0,151467.38,149824.06,149824.06,0.7491672,10.34329,8.540152,8.540136
250759.14,0.0139128715,0.014753072,37000.0,151467.38,149824.05,149824.05,0.7491672,10.343253,8.540143,8.540132
250759.14,0.013223375,0.013975221,37000.0,151467.39,149824.06,149824.05,0.7491672,10.343587,8.540136,8.54013
250759.14,0.013536544,0.014317868,37000.0,151467.36,149824.05,149824.03,0.7491672,10.343322,8.540135,8.540143
250759.14,0.013629477,0.014407889,37000.0,151467.4,149824.05,149824.06,0.7491672,10.3435545,8.540146,8.540157
250759.14,0.013832544,0.01467752,37000.0,151467.38,149824.06,149824.05,0.7491672,10.343502,8.540151,8.540137
250759.14,0.01455686,0.015452191,37000.0,151467.4,149824.05,149824.06,0.7491672,10.343721,8.540155,8.540154
250759.14,0.01362106,0.014434912,37000.0,151467.39,149824.05,149824.03,0.7491672,10.343532,8.540159,8.540149
250759.14,0.012956777,0.013676822,37000.0,151467.36,149824.05,149824.05,0.7491672,10.343455,8.54016,8.540132
250759.14,0.0129611865,0.013686589,37000.0,151467.36,149824.06,149824.05,0.7491672,10.343369,8.54017,8.540127
250759.14,0.014548493,0.0155118955,37000.0,151467.39,149824.06,149824.05,0.7491672,10.343302,8.540165,8.540139
250759.14,0.014607693,0.015497876,37000.0,151467.4,149824.05,149824.05,0.7491672,10.343433,8.540145,8.540143
250759.14,0.014013353,0.014910408,37000.0,151467.4,149824.06,149824.03,0.7491672,10.343527,8.540157,8.540133
250759.14,0.0132047385,0.013933902,37000.0,151467.42,149824.06,149824.05,0.7491672,10.343501,8.540169,8.540131
250759.14,0.01433597,0.0152315525,37000.0,151467.39,149824.08,149824.06,0.7491672,10.343664,8.54015,8.540145
250759.14,0.015187804,0.016220635,37000.0,151467.42,149824.05,149824.05,0.7491672,10.343483,8.540153,8.540145
250759.14,0.013382926,0.014182835,37000.0,151467.34,149824.06,149824.06,0.7491672,10.343402,8.540145,8.54015
250759.14,0.013549919,0.014338571,37000.0,151467.36,149824.08,149824.06,0.7491672,10.343207,8.540139,8.540131
250759.14,0.012687382,0.013389245,37000.0,151467.44,149824.06,149824.05,0.7491672,10.34347,8.540162,8.540136
250759.14,0.0132833645,0.014017578,37000.0,151467.38,149824.05,149824.06,0.7491672,10.343402,8.540151,8.540126
250759.14,0.01356995,0.014372099,37000.0,151467.36,149824.06,149824.08,0.7491672,10.343411,8.540149,8.540134
250759.14,0.012859582,0.013580354,37000.0,151467.38,149824.06,149824.06,0.7491672,10.343317,8.5401535,8.540136
250759.14,0.012203113,0.012838805,37000.0,151467.33,149824.05,149824.08,0.7491672,10.343151,8.540146,8.540145
250759.14,0.014213178,0.015112168,37000.0,151467.4,149824.05,149824.06,0.7491672,10.34363,8.540155,8.54014
250759.14,0.013924185,0.014755215,37000.0,151467.34,149824.05,149824.06,0.7491672,10.343393,8.540138,8.540122
250759.14,0.011467497,0.012023377,37000.0,151467.36,149824.06,149824.05,0.7491672,10.343523,8.540129,8.540124
250759.14,0.0135425925,0.014333996,37000.0,151467.33,149824.03,149824.06,0.7491672,10.34302,8.540149,8.540132
250759.14,0.014035582,0.014872592,37000.0,151467.38,149824.08,149824.05,0.7491672,10.343393,8.540157,8.540147
250759.14,0.012718034,0.013407225,37000.0,151467.34,149824.03,149824.03,0.7491672,10.34375,8.540151,8.540139
250759.14,0.012888072,0.013589562,37000.0,151467.28,149824.06,149824.06,0.7491672,10.3428335,8.540154,8.540135
250759.14,0.014367128,0.015241561,37000.0,151467.36,149824.05,149824.05,0.7491672,10.3436365,8.5401535,8.540132
250759.14,0.014086905,0.014936163,37000.0,151467.44,149824.08,149824.06,0.7491672,10.34355,8.540151,8.540136
250759.14,0.0129528735,0.013670158,37000.0,151467.28,149824.03,149824.08,0.7491672,10.343126,8.540156,8.540147
250759.14,0.014769161,0.01572314,37000.0,151467.4,149824.06,149824.06,0.7491672,10.343381,8.540143,8.540135
250759.14,0.013449926,0.014218695,37000.0,151467.36,149824.05,149824.05,0.7491672,10.343429,8.540158,8.540131
250759.14,0.014079182,0.014926736,37000.0,151467.38,149824.06,149824.03,0.7491672,10.343496,8.540142,8.540127
250759.14,0.014393937,0.015291427,37000.0,151467.39,149824.06,149824.06,0.7491672,10.343333,8.540143,8.540135
250759.14,0.013460629,0.014246577,37000.0,151467.33,149824.03,149824.05,0.7491672,10.3436775,8.540148,8.540139
250759.14,0.013349032,0.01410148,37000.0,151467.36,149824.05,149824.03,0.7491672,10.343552,8.540137,8.540134
250759.14,0.012871854,0.013561928,37000.0,151467.45,149824.06,149824.05,0.7491672,10.343412,8.5401535,8.540135
250759.14,0.014398874,0.015245421,37000.0,151467.39,149824.05,149824.03,0.7491672,10.343554,8.540147,8.540133
250759.14,0.013445362,0.014173389,37000.0,151467.44,149824.06,149824.06,0.7491672,10.34346,8.540133,8.540122
250759.14,0.014547854,0.015417494,37000.0,151467.39,149824.05,149824.06,0.7491672,10.343457,8.540139,8.540133
250759.14,0.0145093165,0.015361234,37000.0,151467.38,149824.06,149824.06,0.7491672,10.343522,8.540139,8.540138
250759.14,0.014706234,0.01557573,37000.0,151467.44,149824.08,149824.06,0.7491672,10.343268,8.54015,8.540133
250759.14,0.014756629,0.01562747,37000.0,151467.42,149824.06,149824.05,0.7491672,10.34369,8.540139,8.54012
250759.14,0.013089955,0.013749268,37000.0,151467.38,149824.05,149824.03,0.7491672,10.343566,8.540153,8.540139
250759.14,0.014461873,0.015267529,37000.0,151467.4,149824.05,149824.06,0.7491672,10.343215,8.540152,8.54015
250759.14,0.015014555,0.015872627,37000.0,151467.33,149824.06,149824.08,0.7491672,10.342999,8.540169,8.540102
250759.14,0.016294105,0.0173305,37000.0,151467.42,149824.06,149824.05,0.7491672,10.34344,8.54014,8.540145
250759.14,0.015643585,0.016593,37000.0,151467.38,149824.06,149824.06,0.7491672,10.343285,8.540136,8.540148
250759.14,0.015169668,0.01611428,37000.0,151467.44,149824.03,149824.03,0.7491672,10.3439,8.540163,8.540122
250759.14,0.01583066,0.016828518,37000.0,151467.38,149824.06,149824.06,0.7491672,10.343115,8.540132,8.540113
250759.14,0.015290325,0.016209874,37000.0,151467.4,149824.06,149824.05,0.7491672,10.343605,8.540155,8.540128
250759.14,0.013939261,0.014698911,37000.0,151467.36,149824.06,149824.05,0.7491672,10.343312,8.540148,8.540129
250759.14,0.012959909,0.013606955,37000.0,151467.44,149824.06,149824.06,0.7491672,10.343841,8.540159,8.540128
250759.14,0.015385906,0.016304621,37000.0,151467.36,149824.05,149824.06,0.7491672,10.343,8.5401325,8.5401325
250759.14,0.01321879,0.0139111625,37000.0,151467.45,149824.03,149824.06,0.7491672,10.343563,8.540152,8.540145
250759.14,0.016767945,0.017835133,37000.0,151467.36,149824.06,149824.05,0.7491672,10.343215,8.540151,8.540144
250759.14,0.0163157,0.01737435,37000.0,151467.42,149824.05,149824.05,0.7491672,10.343784,8.540148,8.54012
250759.14,0.017445736,0.018624265,37000.0,151467.39,149824.06,149824.06,0.7491672,10.343376,8.540152,8.540125
250759.14,0.015429885,0.016363874,37000.0,151467.4,149824.05,149824.05,0.7491672,10.343521,8.540144,8.540142
250759.14,0.014824917,0.015703145,37000.0,151467.36,149824.05,149824.06,0.7491672,10.343385,8.540155,8.540148
250759.14,0.014990494,0.015885295,37000.0,151467.4,149824.06,149824.05,0.7491672,10.343465,8.540146,8.540145
250759.14,0.014236695,0.015040112,37000.0,151467.36,149824.05,149824.06,0.7491672,10.343233,8.540142,8.5401325
250759.14,0.016139984,0.017184328,37000.0,151467.36,149824.06,149824.03,0.7491672,10.343377,8.540157,8.540145
250759.14,0.01695999,0.018081607,37000.0,151467.39,149824.03,149824.05,0.7491672,10.343574,8.540142,8.540113
250759.14,0.015743058,0.01672633,37000.0,151467.33,149824.06,149824.05,0.7491672,10.343151,8.540162,8.540138
250759.14,0.016204642,0.01724289,37000.0,151467.36,149824.05,149824.05,0.7491672,10.343097,8.540153,8.540147
250759.14,0.015854077,0.016853172,37000.0,151467.4,149824.06,149824.05,0.7491672,10.343644,8.540145,8.540125
250759.14,0.014484241,0.015309666,37000.0,151467.38,149824.03,149824.05,0.7491672,10.343686,8.540149,8.540149
250759.14,0.014699609,0.015522864,37000.0,151467.4,149824.05,149824.05,0.7491672,10.343614,8.540149,8.540135
250759.14,0.0140754245,0.014863615,37000.0,151467.4,149824.05,149824.06,0.7491672,10.34343,8.540141,8.540122
250759.14,0.014027887,0.01482077,37000.0,151467.39,149824.05,149824.05,0.7491672,10.343357,8.54015,8.540123
250759.14,0.014289974,0.015105857,37000.0,151467.36,149824.05,149824.03,0.7491672,10.343693,8.540156,8.540125
250759.14,0.014024038,0.014801247,37000.0,151467.38,149824.05,149824.05,0.7491672,10.343552,8.540152,8.540127
250759.14,0.016833764,0.017938368,37000.0,151467.42,149824.06,149824.05,0.7491672,10.343384,8.540147,8.540118
250759.14,0.014689793,0.015532937,37000.0,151467.4,149824.08,149824.06,0.7491672,10.343535,8.540153,8.540144
250759.14,0.015059758,0.015939515,37000.0,151467.4,149824.03,149824.03,0.7491672,10.343473,8.54014,8.540143
250759.14,0.0149387065,0.015816601,37000.0,151467.39,149824.05,149824.05,0.7491672,10.343203,8.540137,8.540122
250759.14,0.015315621,0.016234452,37000.0,151467.44,149824.08,149824.06,0.7491672,10.343437,8.540151,8.540138
250759.14,0.014744866,0.015626807,37000.0,151467.38,149824.06,149824.03,0.7491672,10.343481,8.540164,8.540145
250759.14,0.015825674,0.016800774,37000.0,151467.39,149824.05,149824.06,0.7491672,10.343338,8.540136,8.540138
250759.14,0.014104815,0.014900163,37000.0,151467.42,149824.06,149824.03,0.7491672,10.343438,8.540152,8.540145
250759.14,0.016069721,0.01708749,37000.0,151467.36,149824.06,149824.05,0.7491672,10.343445,8.540136,8.5401325
250759.14,0.015074388,0.015964488,37000.0,151467.38,149824.03,149824.06,0.7491672,10.343365,8.540143,8.540148
250759.14,0.015896773,0.016909266,37000.0,151467.33,149824.05,149824.05,0.7491672,10.34298,8.540141,8.540113
250759.14,0.015493681,0.016441785,37000.0,151467.38,149824.03,149824.05,0.7491672,10.343511,8.540129,8.54012
250759.14,0.016751083,0.017933233,37000.0,151467.36,149824.06,149824.06,0.7491672,10.343357,8.540158,8.540147
250759.14,0.015401727,0.016345367,37000.0,151467.44,149824.06,149824.06,0.7491672,10.343711,8.540154,8.540122
250759.14,0.015587735,0.016586188,37000.0,151467.4,149824.06,149824.06,0.7491672,10.343247,8.54014,8.540136
250759.14,0.015258983,0.016256861,37000.0,151467.38,149824.03,149824.06,0.7491672,10.343315,8.540126,8.540147
250759.14,0.015358987,0.016363347,37000.0,151467.34,149824.05,149824.03,0.7491672,10.343341,8.540148,8.540146
250759.14,0.016620878,0.017739307,37000.0,151467.34,149824.05,149824.05,0.7491672,10.343236,8.540162,8.540145
250759.14,0.014244523,0.015032659,37000.0,151467.39,149824.06,149824.05,0.7491672,10.343463,8.540144,8.540142
250759.14,0.014641115,0.015456611,37000.0,151467.39,149824.05,149824.05,0.7491672,10.343265,8.540142,8.540123
250759.14,0.016788663,0.017927853,37000.0,151467.42,149824.05,149824.05,0.7491672,10.344132,8.540153,8.540113
250759.14,0.0143867405,0.015177357,37000.0,151467.3,149824.08,149824.05,0.7491672,10.343392,8.540146,8.540116
250759.14,0.015113197,0.01602788,37000.0,151467.31,149824.05,149824.05,0.7491672,10.34362,8.54017,8.540131
250759.14,0.015957788,0.016997116,37000.0,151467.39,149824.05,149824.03,0.7491672,10.343552,8.540154,8.540123
250759.14,0.015583321,0.016561447,37000.0,151467.38,149824.06,149824.06,0.7491672,10.343082,8.540151,8.540128
250759.14,0.013573664,0.014298424,37000.0,151467.38,149824.05,149824.08,0.7491672,10.343423,8.540141,8.54014
250759.14,0.01675717,0.017760027,37000.0,151467.42,149824.06,149824.05,0.7491672,10.343639,8.540138,8.540138
250759.14,0.014992982,0.015901307,37000.0,151467.39,149824.06,149824.06,0.7491672,10.34346,8.540148,8.540118
250759.14,0.015398203,0.016359257,37000.0,151467.36,149824.05,149824.08,0.7491672,10.343501,8.54014,8.540134
250759.14,0.016147448,0.017181523,37000.0,151467.4,149824.06,149824.05,0.7491672,10.343298,8.54014,8.540136
250759.14,0.014978115,0.01588004,37000.0,151467.34,149824.05,149824.06,0.7491672,10.343403,8.540153,8.540148
250759.14,0.016283354,0.017370457,37000.0,151467.38,149824.06,149824.06,0.7491672,10.343079,8.540142,8.540128
250759.14,0.016983928,0.018145185,37000.0,151467.4,149824.06,149824.05,0.7491672,10.343587,8.540166,8.540136
250759.14,0.014537245,0.015378152,37000.0,151467.36,149824.06,149824.05,0.7491672,10.343393,8.540146,8.54012
250759.14,0.014678799,0.015539478,37000.0,151467.3,149824.05,149824.05,0.7491672,10.343391,8.540163,8.540128
250759.14,0.015152607,0.01610155,37000.0,151467.39,149824.06,149824.06,0.7491672,10.343266,8.540144,8.540121
250759.14,0.016070547,0.01710839,37000.0,151467.39,149824.06,149824.06,0.7491672,10.343318,8.540145,8.540138
250759.14,0.015128036,0.01608992,37000.0,151467.39,149824.03,149824.05,0.7491672,10.343512,8.540156,8.540128
250759.14,0.017419918,0.018656556,37000.0,151467.33,149824.08,149824.03,0.7491672,10.34327,8.540161,8.540097
250759.14,0.016625943,0.017703565,37000.0,151467.36,149824.03,149824.06,0.7491672,10.343361,8.540149,8.540116
250759.14,0.016271973,0.017346365,37000.0,151467.39,149824.05,149824.06,0.7491672,10.343635,8.540138,8.540105
250759.14,0.015843896,0.016857639,37000.0,151467.38,149824.06,149824.06,0.7491672,10.343111,8.540163,8.540113
250759.14,0.016131312,0.017160894,37000.0,151467.31,149824.06,149824.03,0.7491672,10.343481,8.540152,8.5401
250759.14,0.014351815,0.015189726,37000.0,151467.34,149824.03,149824.05,0.7491672,10.343561,8.540152,8.54011
250759.14,0.013828202,0.014596972,37000.0,151467.39,149824.06,149824.06,0.7491672,10.343473,8.540162,8.54014
250759.14,0.017385503,0.01859468,37000.0,151467.4,149824.08,149824.05,0.7491672,10.343572,8.540144,8.540124
250759.14,0.03753279,0.04008573,37000.0,151467.31,149824.05,149824.05,0.7491672,10.343148,8.540153,8.540142
250759.14,0.0165904,0.017631605,37000.0,151467.33,149824.03,149824.06,0.7491672,10.343402,8.540153,8.540117
250759.14,0.01617191,0.017286593,37000.0,151467.39,149824.05,149824.06,0.7491672,10.3434305,8.540135,8.540137
250759.14,0.016567338,0.017657597,37000.0,151467.38,149824.03,149824.05,0.7491672,10.343386,8.540151,8.540134
250759.14,0.016246067,0.017339418,37000.0,151467.39,149824.06,149824.06,0.7491672,10.343628,8.540143,8.540127
250759.14,0.014373893,0.0152672995,37000.0,151467.36,149824.03,149824.05,0.7491672,10.343707,8.540146,8.540117
250759.14,0.016013198,0.017074468,37000.0,151467.34,149824.05,149824.05,0.7491672,10.34348,8.540161,8.540121
250759.14,0.016869457,0.01809782,37000.0,151467.38,149824.06,149824.06,0.7491672,10.343549,8.54015,8.540123
250759.14,0.01645709,0.017616415,37000.0,151467.4,149824.06,149824.08,0.7491672,10.343348,8.540141,8.540145
250759.14,0.015587043,0.016727753,37000.0,151467.33,149824.05,149824.06,0.7491672,10.343346,8.540154,8.540149
250759.14,0.016197942,0.017293565,37000.0,151467.38,149824.05,149824.05,0.7491672,10.343447,8.540155,8.540148
250759.14,0.015638355,0.01659679,37000.0,151467.38,149824.06,149824.05,0.7491672,10.343317,8.540147,8.54012
250759.14,0.015363472,0.016418414,37000.0,151467.34,149824.05,149824.05,0.7491672,10.343207,8.540145,8.540111
250759.14,0.014755056,0.01559097,37000.0,151467.38,149824.06,149824.06,0.7491672,10.343613,8.540147,8.540133
250759.14,0.016492514,0.017556626,37000.0,151467.4,149824.06,149824.05,0.7491672,10.343531,8.540142,8.540132
250759.14,0.0143596055,0.015166541,37000.0,151467.39,149824.05,149824.06,0.7491672,10.343583,8.540148,8.540146
250759.14,0.015466454,0.016421499,37000.0,151467.4,149824.05,149824.05,0.7491672,10.343412,8.540139,8.540124
250759.14,0.015540691,0.016490525,37000.0,151467.38,149824.05,149824.05,0.7491672,10.343391,8.540156,8.540143
250759.14,0.013591323,0.014317089,37000.0,151467.4,149824.06,149824.05,0.7491672,10.343731,8.540171,8.540125
250759.14,0.012578277,0.013207488,37000.0,151467.3,149824.05,149824.06,0.7491672,10.3430395,8.540143,8.540142
250759.14,0.014585262,0.015437613,37000.0,151467.38,149824.08,149824.03,0.7491672,10.343502,8.54015,8.540141
250759.14,0.01619508,0.01724497,37000.0,151467.36,149824.05,149824.05,0.7491672,10.343231,8.540149,8.54014
250759.14,0.013575273,0.014282827,37000.0,151467.39,149824.06,149824.06,0.7491672,10.343508,8.540147,8.540145
250759.14,0.015665852,0.01661257,37000.0,151467.38,149824.05,149824.06,0.7491672,10.343602,8.540144,8.540147
250759.14,0.015505912,0.01643241,37000.0,151467.38,149824.03,149824.05,0.7491672,10.343242,8.540134,8.54014
250759.14,0.016151542,0.017177843,37000.0,151467.34,149824.06,149824.08,0.7491672,10.343593,8.540153,8.540094
250759.14,0.016112955,0.01713746,37000.0,151467.39,149824.03,149824.06,0.7491672,10.3435955,8.54016,8.540131
250759.14,0.015332801,0.016219078,37000.0,151467.38,149824.05,149824.05,0.7491672,10.343359,8.540145,8.540142
250759.14,0.015594807,0.01651844,37000.0,151467.36,149824.05,149824.05,0.7491672,10.34338,8.540159,8.540148
250759.14,0.017430844,0.01854535,37000.0,151467.39,149824.05,149824.06,0.7491672,10.343386,8.540145,8.5401325
250759.14,0.017441839,0.018571835,37000.0,151467.33,149824.08,149824.06,0.7491672,10.343355,8.5401535,8.540146
250759.14,0.01585512,0.016820723,37000.0,151467.4,149824.05,149824.05,0.7491672,10.343547,8.540143,8.540152
250759.14,0.016454142,0.017505433,37000.0,151467.36,149824.06,149824.05,0.7491672,10.343422,8.540138,8.540152
250759.14,0.016044961,0.017010942,37000.0,151467.36,149824.05,149824.05,0.7491672,10.343237,8.540148,8.540149
250759.14,0.014682739,0.015487097,37000.0,151467.3,149824.06,149824.05,0.7491672,10.342836,8.540156,8.540147
250759.14,0.016566975,0.01761134,37000.0,151467.39,149824.05,149824.06,0.7491672,10.343254,8.540156,8.540152
250759.14,0.013765207,0.014481626,37000.0,151467.34,149824.06,149824.06,0.7491672,10.343088,8.540153,8.540141
250759.14,0.01775709,0.01897948,37000.0,151467.42,149824.08,149824.06,0.7491672,10.34378,8.5401535,8.540151
250759.14,0.015164984,0.016129293,37000.0,151467.36,149824.06,149824.03,0.7491672,10.343187,8.540156,8.540134
250759.14,0.014122979,0.014871601,37000.0,151467.44,149824.03,149824.05,0.7491672,10.343322,8.54014,8.54015
250759.14,0.013554533,0.014261878,37000.0,151467.44,149824.06,149824.05,0.7491672,10.343425,8.540144,8.540144
250759.14,0.0154456645,0.016342537,37000.0,151467.3,149824.05,149824.06,0.7491672,10.343138,8.540133,8.540145
250759.14,0.015155095,0.016035622,37000.0,151467.4,149824.06,149824.06,0.7491672,10.343262,8.540144,8.540145
250759.14,0.01601449,0.016970308,37000.0,151467.4,149824.08,149824.06,0.7491672,10.343434,8.540163,8.540143
250759.14,0.0146796,0.015516609,37000.0,151467.4,149824.06,149824.06,0.7491672,10.342985,8.540148,8.540146
250759.14,0.014377117,0.015184393,37000.0,151467.38,149824.05,149824.06,0.7491672,10.343318,8.540152,8.540149
250759.14,0.016376257,0.01740881,37000.0,151467.36,149824.05,149824.06,0.7491672,10.343198,8.540148,8.540147
250759.14,0.017285045,0.018425353,37000.0,151467.38,149824.06,149824.05,0.7491672,10.343395,8.540138,8.540144
250759.14,0.016035767,0.017004432,37000.0,151467.4,149824.06,149824.06,0.7491672,10.343154,8.540161,8.540148
250759.14,0.015235831,0.016108055,37000.0,151467.4,149824.06,149824.05,0.7491672,10.34356,8.540134,8.540136
250759.14,0.012790118,0.013409345,37000.0,151467.38,149824.06,149824.06,0.7491672,10.343712,8.540148,8.540138
250759.14,0.014199313,0.014976599,37000.0,151467.36,149824.05,149824.05,0.7491672,10.343113,8.540155,8.540146
250759.14,0.01528784,0.01616732,37000.0,151467.34,149824.06,149824.05,0.7491672,10.343622,8.540143,8.540149
250759.14,0.015392398,0.016281128,37000.0,151467.34,149824.06,149824.08,0.7491672,10.343306,8.540156,8.540144
250759.14,0.015550368,0.01647185,37000.0,151467.36,149824.05,149824.05,0.7491672,10.343165,8.540144,8.540142
250759.14,0.015110338,0.015982062,37000.0,151467.33,149824.05,149824.05,0.7491672,10.343258,8.540159,8.540137
250759.14,0.015091661,0.015946059,37000.0,151467.39,149824.05,149824.06,0.7491672,10.343469,8.540137,8.5401535
250759.14,0.0122809885,0.012848982,37000.0,151467.4,149824.06,149824.03,0.7491672,10.343621,8.540121,8.540139
250759.14,0.016352262,0.017364454,37000.0,151467.36,149824.06,149824.06,0.7491672,10.343532,8.540161,8.540141
250759.14,0.015873374,0.01680966,37000.0,151467.39,149824.05,149824.08,0.7491672,10.343166,8.540135,8.540142
250759.14,0.015510199,0.016434757,37000.0,151467.34,149824.08,149824.06,0.7491672,10.343528,8.540153,8.540136
250759.14,0.016289601,0.01730212,37000.0,151467.36,149824.06,149824.05,0.7491672,10.343209,8.540144,8.540145
250759.14,0.016283534,0.017317044,37000.0,151467.36,149824.05,149824.05,0.7491672,10.343454,8.540166,8.540142
250759.14,0.014666298,0.015484623,37000.0,151467.36,149824.05,149824.06,0.7491672,10.343303,8.540166,8.54014
250759.14,0.0137713505,0.014485555,37000.0,151467.4,149824.05,149824.05,0.7491672,10.343732,8.540157,8.5401325
250759.14,0.015069507,0.015953736,37000.0,151467.42,149824.06,149824.06,0.7491672,10.343488,8.540123,8.540137
250759.14,0.015728159,0.016673656,37000.0,151467.31,149824.05,149824.05,0.7491672,10.343052,8.5401535,8.540136
250759.14,0.015108674,0.015969226,37000.0,151467.34,149824.08,149824.06,0.7491672,10.343306,8.540145,8.540142
250759.14,0.015547721,0.016470768,37000.0,151467.39,149824.06,149824.05,0.7491672,10.343336,8.540137,8.540141
250759.14,0.0148423035,0.015712505,37000.0,151467.39,149824.05,149824.03,0.7491672,10.343634,8.540144,8.54014
250759.14,0.015314798,0.016211387,37000.0,151467.36,149824.05,149824.05,0.7491672,10.343197,8.540152,8.540151
250759.14,0.016104119,0.017107068,37000.0,151467.36,149824.08,149824.05,0.7491672,10.3432665,8.540133,8.540143
250759.14,0.015953034,0.016934939,37000.0,151467.39,149824.05,149824.08,0.7491672,10.343235,8.540166,8.540134
250759.14,0.015246517,0.016146736,37000.0,151467.38,149824.05,149824.06,0.7491672,10.343505,8.54016,8.540146
250759.14,0.016229767,0.017234467,37000.0,151467.31,149824.06,149824.06,0.7491672,10.343285,8.540156,8.540141
250759.14,0.016102016,0.017084511,37000.0,151467.38,149824.06,149824.05,0.7491672,10.34371,8.540159,8.540134
250759.14,0.013537643,0.014235586,37000.0,151467.36,149824.05,149824.06,0.7491672,10.343133,8.540121,8.540131
250759.14,0.016747277,0.017809104,37000.0,151467.3,149824.06,149824.06,0.7491672,10.343066,8.540155,8.540151
250759.14,0.015736306,0.016699594,37000.0,151467.39,149824.06,149824.08,0.7491672,10.343635,8.54016,8.54015
250759.14,0.01577308,0.0167372,37000.0,151467.36,149824.03,149824.08,0.7491672,10.343651,8.540158,8.54015
250759.14,0.015748085,0.01686587,37000.0,151467.33,149824.05,149824.05,0.7491672,10.343315,8.540156,8.54014
250759.14,0.01463099,0.0154545335,37000.0,151467.36,149824.05,149824.05,0.7491672,10.34348,8.5401325,8.540139
250759.14,0.012467995,0.013058537,37000.0,151467.42,149824.06,149824.05,0.7491672,10.343478,8.540125,8.540143
250759.14,0.017100794,0.018201036,37000.0,151467.39,149824.08,149824.05,0.7491672,10.343305,8.540135,8.540143
250759.14,0.016514156,0.017544227,37000.0,151467.38,149824.05,149824.06,0.7491672,10.343495,8.540141,8.540133
250759.14,0.015918164,0.016880069,37000.0,151467.45,149824.03,149824.05,0.7491672,10.343749,8.540146,8.54015
250759.14,0.016290132,0.017313877,37000.0,151467.4,149824.03,149824.06,0.7491672,10.343588,8.540139,8.540147
250759.14,0.013598688,0.014307811,37000.0,151467.36,149824.05,149824.05,0.7491672,10.343389,8.540137,8.54015
250759.14,0.014203146,0.014967855,37000.0,151467.39,149824.05,149824.05,0.7491672,10.343698,8.540169,8.540142
250759.14,0.0114566,0.011955869,37000.0,151467.34,149824.03,149824.05,0.7491672,10.343083,8.540152,8.540145
250759.14,0.015594439,0.016546445,37000.0,151467.4,149824.05,149824.03,0.7491672,10.343554,8.540152,8.540154
250759.14,0.014152945,0.014931391,37000.0,151467.4,149824.05,149824.05,0.7491672,10.343461,8.540136,8.5401325
250759.14,0.016250545,0.017264208,37000.0,151467.38,149824.05,149824.06,0.7491672,10.343503,8.54014,8.5401535
250759.14,0.015941015,0.016896779,37000.0,151467.38,149824.05,149824.05,0.7491672,10.343347,8.5401535,8.540135
250759.14,0.016128076,0.017076526,37000.0,151467.36,149824.05,149824.05,0.7491672,10.34303,8.540141,8.540144
250759.14,0.016083598,0.017161684,37000.0,151467.38,149824.03,149824.05,0.7491672,10.343398,8.54015,8.540135
250759.14,0.016216649,0.017188279,37000.0,151467.4,149824.06,149824.06,0.7491672,10.343391,8.540148,8.540138
250759.14,0.015629558,0.016588433,37000.0,151467.4,149824.05,149824.06,0.7491672,10.343354,8.540155,8.540147
250759.14,0.014730394,0.015552047,37000.0,151467.28,149824.05,149824.05,0.7491672,10.342874,8.540137,8.540136
250759.14,0.01748875,0.018813571,37000.0,151467.39,149824.06,149824.05,0.7491672,10.343804,8.54015,8.540151
250759.14,0.014404509,0.01521911,37000.0,151467.33,149824.05,149824.06,0.7491672,10.343086,8.540152,8.540151
250759.14,0.015205503,0.016078256,37000.0,151467.4,149824.06,149824.05,0.7491672,10.343545,8.540152,8.540149
250759.14,0.01692235,0.018006764,37000.0,151467.34,149824.06,149824.05,0.7491672,10.34358,8.540155,8.540143
250759.14,0.014545722,0.015366834,37000.0,151467.39,149824.05,149824.03,0.7491672,10.343633,8.540144,8.5401535
250759.14,0.014515178,0.015325966,37000.0,151467.38,149824.05,149824.05,0.7491672,10.343281,8.540127,8.540139
250759.14,0.020905245,0.021955384,37000.0,151467.42,149824.06,149824.06,0.7491672,10.343607,8.540139,8.540124
250759.14,0.017691467,0.018895455,37000.0,151467.38,149824.05,149824.05,0.7491672,10.343532,8.540151,8.540139
250759.14,0.016209712,0.017218372,37000.0,151467.33,149824.06,149824.06,0.7491672,10.342991,8.540137,8.540144
250759.14,0.025172265,0.02701887,37000.0,151467.36,149824.05,149824.08,0.7491672,10.343524,8.540156,8.540145
250759.14,0.015210527,0.016102877,37000.0,151467.36,149824.06,149824.05,0.7491672,10.343571,8.54015,8.540138
250759.14,0.01608795,0.01708068,37000.0,151467.38,149824.05,149824.06,0.7491672,10.343289,8.540135,8.5401325
250759.14,0.016571239,0.017623568,37000.0,151467.34,149824.06,149824.03,0.7491672,10.343496,8.540164,8.540149
250759.14,0.01557913,0.016459247,37000.0,151467.34,149824.03,149824.06,0.7491672,10.343175,8.540159,8.540139
250759.14,0.015541455,0.016486183,37000.0,151467.36,149824.08,149824.05,0.7491672,10.34339,8.5401535,8.540138
250759.14,0.015522022,0.01644332,37000.0,151467.38,149824.05,149824.03,0.7491672,10.343464,8.540144,8.540149
250759.14,0.014798591,0.015669284,37000.0,151467.36,149824.05,149824.05,0.7491672,10.343217,8.540131,8.540138
250759.14,0.015047186,0.015906285,37000.0,151467.38,149824.05,149824.05,0.7491672,10.34354,8.540139,8.540137
250759.14,0.017241271,0.01840207,37000.0,151467.44,149824.05,149824.08,0.7491672,10.3436985,8.540151,8.540133
250759.14,0.01645516,0.017508144,37000.0,151467.36,149824.05,149824.06,0.7491672,10.343307,8.540141,8.54014
250759.14,0.014674397,0.015511687,37000.0,151467.39,149824.05,149824.06,0.7491672,10.343485,8.540156,8.540149
250759.14,0.016421948,0.017443333,37000.0,151467.34,149824.1,149824.08,0.7491672,10.343373,8.540142,8.540142
250759.14,0.014315509,0.0151385255,37000.0,151467.42,149824.05,149824.05,0.7491672,10.3437605,8.540153,8.540141
250759.14,0.01519085,0.016136276,37000.0,151467.44,149824.05,149824.05,0.7491672,10.343838,8.540155,8.540146
250759.14,0.017668623,0.018891614,37000.0,151467.33,149824.03,149824.02,0.7491672,10.3434105,8.540149,8.540146
250759.14,0.017610803,0.018832883,37000.0,151467.28,149824.06,149824.06,0.7491672,10.34315,8.540151,8.54014
250759.14,0.013914296,0.014724544,37000.0,151467.39,149824.05,149824.03,0.7491672,10.343434,8.540155,8.540144
250759.14,0.014129681,0.014904406,37000.0,151467.38,149824.05,149824.03,0.7491672,10.343667,8.540156,8.540148
250759.14,0.014979705,0.01582744,37000.0,151467.44,149824.03,149824.05,0.7491672,10.343348,8.54015,8.540136
250759.14,0.01562825,0.01652805,37000.0,151467.4,149824.03,149824.05,0.7491672,10.343436,8.540161,8.540132
250759.14,0.016732534,0.017785864,37000.0,151467.38,149824.06,149824.05,0.7491672,10.343352,8.540141,8.540132
250759.14,0.017287973,0.01838131,37000.0,151467.4,149824.06,149824.05,0.7491672,10.343668,8.540148,8.540137
250759.14,0.015228794,0.01613651,37000.0,151467.39,149824.05,149824.05,0.7491672,10.343674,8.540155,8.540141
250759.14,0.016078537,0.017043378,37000.0,151467.39,149824.03,149824.03,0.7491672,10.343391,8.540157,8.540119
250759.14,0.0147950705,0.01561018,37000.0,151467.33,149824.06,149824.06,0.7491672,10.343013,8.540155,8.5401325
250759.14,0.01553853,0.016450679,37000.0,151467.4,149824.05,149824.06,0.7491672,10.343461,8.540141,8.540138
250759.14,0.015211531,0.016102845,37000.0,151467.34,149824.05,149824.06,0.7491672,10.343062,8.540165,8.540135
250759.14,0.015420948,0.016294777,37000.0,151467.38,149824.06,149824.03,0.7491672,10.343147,8.540151,8.540133
250759.14,0.015666801,0.016609544,37000.0,151467.36,149824.06,149824.06,0.7491672,10.343126,8.540135,8.540142
250759.14,0.014725691,0.015549708,37000.0,151467.36,149824.06,149824.06,0.7491672,10.343076,8.540137,8.540142
250759.14,0.014944161,0.015771622,37000.0,151467.3,149824.06,149824.03,0.7491672,10.343084,8.540169,8.540136
250759.14,0.015685,0.016647078,37000.0,151467.44,149824.06,149824.05,0.7491672,10.34388,8.540139,8.540136
250759.14,0.017960189,0.019180216,37000.0,151467.36,149824.05,149824.06,0.7491672,10.34369,8.540153,8.54014
250759.14,0.01644059,0.01746887,37000.0,151467.4,149824.06,149824.06,0.7491672,10.343794,8.540167,8.540137
250759.14,0.016652454,0.017683085,37000.0,151467.38,149824.05,149824.06,0.7491672,10.343251,8.540162,8.540137
250759.14,0.016622098,0.017680127,37000.0,151467.38,149824.05,149824.06,0.7491672,10.34334,8.540147,8.54014
250759.14,0.01698013,0.018037328,37000.0,151467.39,149824.06,149824.06,0.7491672,10.343569,8.540153,8.540126
250759.14,0.016496144,0.017482761,37000.0,151467.42,149824.05,149824.08,0.7491672,10.343619,8.540137,8.540135
250759.14,0.014681709,0.015485354,37000.0,151467.34,149824.05,149824.05,0.7491672,10.343311,8.54014,8.540139
250759.14,0.016384294,0.017359218,37000.0,151467.36,149824.06,149824.05,0.7491672,10.343277,8.540146,8.540141
250759.14,0.015876189,0.016798588,37000.0,151467.36,149824.06,149824.06,0.7491672,10.343238,8.540151,8.540133
250759.14,0.015951356,0.016906211,37000.0,151467.38,149824.06,149824.05,0.7491672,10.343285,8.540117,8.54014
250759.14,0.016827343,0.017860653,37000.0,151467.39,149824.06,149824.08,0.7491672,10.343592,8.540148,8.540125
250759.14,0.016492039,0.01750491,37000.0,151467.42,149824.06,149824.08,0.7491672,10.343323,8.5401535,8.540134
250759.14,0.01709441,0.018139817,37000.0,151467.33,149824.06,149824.05,0.7491672,10.343333,8.5401535,8.540131
250759.14,0.015021744,0.015876224,37000.0,151467.36,149824.08,149824.05,0.7491672,10.343285,8.540141,8.540141
250759.14,0.017496478,0.018647533,37000.0,151467.4,149824.06,149824.03,0.7491672,10.343588,8.540147,8.540145
250759.14,0.018632866,0.019949663,37000.0,151467.44,149824.05,149824.06,0.7491672,10.343977,8.540152,8.540135
250759.14,0.017488128,0.018613828,37000.0,151467.39,149824.05,149824.05,0.7491672,10.343364,8.540159,8.540134
250759.14,0.01717966,0.018329857,37000.0,151467.44,149824.05,149824.06,0.7491672,10.343602,8.540158,8.540138
250759.14,0.016963439,0.01810814,37000.0,151467.39,149824.06,149824.06,0.7491672,10.343353,8.54013,8.540127
250759.14,0.017613087,0.018765816,37000.0,151467.3,149824.05,149824.06,0.7491672,10.343156,8.540146,8.540142
250759.14,0.016591024,0.017618233,37000.0,151467.33,149824.06,149824.06,0.7491672,10.343363,8.540145,8.5401325
250759.14,0.016092263,0.017065827,37000.0,151467.36,149824.08,149824.06,0.7491672,10.343427,8.540161,8.540137
250759.14,0.018172136,0.019407025,37000.0,151467.42,149824.05,149824.05,0.7491672,10.343607,8.540134,8.540139
250759.14,0.014722426,0.015527852,37000.0,151467.34,149824.05,149824.06,0.7491672,10.342939,8.540153,8.540141
250759.14,0.014928835,0.015757557,37000.0,151467.28,149824.08,149824.03,0.7491672,10.343132,8.540164,8.54015
250759.14,0.017252335,0.018366024,37000.0,151467.34,149824.06,149824.05,0.7491672,10.343188,8.54015,8.540138
250759.14,0.01635796,0.017338874,37000.0,151467.31,149824.06,149824.06,0.7491672,10.343071,8.540157,8.540143
250759.14,0.015470219,0.016347168,37000.0,151467.34,149824.06,149824.06,0.7491672,10.343397,8.540143,8.540134
250759.14,0.016041797,0.016986718,37000.0,151467.34,149824.03,149824.05,0.7491672,10.343456,8.540166,8.540143
250759.14,0.01711542,0.01815497,37000.0,151467.44,149824.05,149824.06,0.7491672,10.343735,8.540162,8.540133
250759.14,0.017776366,0.018954499,37000.0,151467.33,149824.05,149824.05,0.7491672,10.343422,8.540139,8.5401325
250759.14,0.016855214,0.017929796,37000.0,151467.34,149824.05,149824.06,0.7491672,10.343055,8.540154,8.540149
250759.14,0.014636304,0.015433518,37000.0,151467.4,149824.05,149824.05,0.7491672,10.34328,8.540129,8.540141
250759.14,0.017138233,0.018238293,37000.0,151467.38,149824.05,149824.06,0.7491672,10.343398,8.54015,8.540143
250759.14,0.015541693,0.016542995,37000.0,151467.4,149824.05,149824.06,0.7491672,10.343383,8.540152,8.540137
250759.14,0.017285248,0.018444357,37000.0,151467.33,149824.05,149824.05,0.7491672,10.343202,8.540156,8.540138
250759.14,0.015284587,0.016173264,37000.0,151467.4,149824.06,149824.05,0.7491672,10.343611,8.540142,8.540137
250759.14,0.01612252,0.017091097,37000.0,151467.39,149824.05,149824.06,0.7491672,10.343566,8.540154,8.540126
250759.14,0.015567366,0.01645546,37000.0,151467.36,149824.06,149824.03,0.7491672,10.343244,8.540121,8.540136
250759.14,0.016843379,0.017904093,37000.0,151467.36,149824.05,149824.06,0.7491672,10.343632,8.540149,8.540134
250759.14,0.015733855,0.01666084,37000.0,151467.42,149824.06,149824.05,0.7491672,10.343753,8.540141,8.540133
250759.14,0.016844109,0.017888848,37000.0,151467.39,149824.06,149824.06,0.7491672,10.343299,8.54014,8.540154
250759.14,0.01523382,0.016209584,37000.0,151467.36,149824.06,149824.08,0.7491672,10.343249,8.540159,8.540127
250759.14,0.016576737,0.017589642,37000.0,151467.33,149824.06,149824.03,0.7491672,10.343058,8.540161,8.540147
250759.14,0.018304706,0.019562768,37000.0,151467.39,149824.05,149824.08,0.7491672,10.343369,8.540137,8.540144
250759.14,0.014479895,0.015248907,37000.0,151467.39,149824.06,149824.06,0.7491672,10.343236,8.5401325,8.540153
250759.14,0.015489715,0.016380416,37000.0,151467.33,149824.06,149824.03,0.7491672,10.343175,8.540146,8.540148
250759.14,0.014026863,0.014772657,37000.0,151467.34,149824.05,149824.05,0.7491672,10.343264,8.540151,8.540138
250759.14,0.015487389,0.01637577,37000.0,151467.34,149824.05,149824.06,0.7491672,10.343618,8.54015,8.540129
250759.14,0.017839888,0.019038815,37000.0,151467.39,149824.05,149824.08,0.7491672,10.343465,8.540146,8.540138
250759.14,0.016569512,0.0176077,37000.0,151467.42,149824.06,149824.06,0.7491672,10.343793,8.540165,8.540132
250759.14,0.015059425,0.015979743,37000.0,151467.39,149824.05,149824.05,0.7491672,10.343185,8.540166,8.540139
250759.14,0.015528292,0.016418176,37000.0,151467.4,149824.05,149824.05,0.7491672,10.343582,8.540142,8.540134
250759.14,0.015896223,0.016865268,37000.0,151467.36,149824.05,149824.05,0.7491672,10.343284,8.540135,8.540136
250759.14,0.017697696,0.018889878,37000.0,151467.4,149824.03,149824.05,0.7491672,10.343493,8.540153,8.540135
250759.14,0.017500794,0.0186958,37000.0,151467.39,149824.05,149824.05,0.7491672,10.343798,8.540152,8.540142
250759.14,0.015856458,0.016771499,37000.0,151467.39,149824.06,149824.06,0.7491672,10.343424,8.54017,8.540133
250759.14,0.016905949,0.01797762,37000.0,151467.39,149824.06,149824.05,0.7491672,10.343376,8.540151,8.540137
250759.14,0.015449854,0.016346272,37000.0,151467.38,149824.05,149824.05,0.7491672,10.343752,8.540138,8.540137
250759.14,0.017739544,0.018930834,37000.0,151467.42,149824.05,149824.05,0.7491672,10.343547,8.540162,8.540123
250759.14,0.01576458,0.016727624,37000.0,151467.4,149824.06,149824.06,0.7491672,10.343672,8.54016,8.540088
250759.14,0.019721907,0.021176573,37000.0,151467.38,149824.06,149824.06,0.7491672,10.34324,8.54014,8.540149
250759.14,0.017220642,0.018318908,37000.0,151467.36,149824.06,149824.05,0.7491672,10.343393,8.540139,8.540136
250759.14,0.01413941,0.014896777,37000.0,151467.34,149824.05,149824.06,0.7491672,10.3436985,8.540153,8.54014
250759.14,0.016219579,0.017177174,37000.0,151467.38,149824.06,149824.06,0.7491672,10.343598,8.540165,8.540136
250759.14,0.016270027,0.017277155,37000.0,151467.42,149824.05,149824.06,0.7491672,10.343724,8.540157,8.540143
250759.14,0.016170783,0.01727118,37000.0,151467.38,149824.05,149824.05,0.7491672,10.343681,8.540158,8.540136
250759.14,0.015886374,0.016877059,37000.0,151467.39,149824.05,149824.05,0.7491672,10.343469,8.540129,8.5401325
250759.14,0.015384035,0.016354298,37000.0,151467.38,149824.06,149824.05,0.7491672,10.343398,8.540125,8.54014
250759.14,0.017304078,0.018465593,37000.0,151467.39,149824.06,149824.05,0.7491672,10.3435335,8.540148,8.540135
250759.14,0.01447649,0.0155306095,37000.0,151467.36,149824.03,149824.06,0.7491672,10.343505,8.540144,8.540147
250759.14,0.014694833,0.015730176,37000.0,151467.34,149824.08,149824.05,0.7491672,10.343688,8.540161,8.540139
250759.14,0.015824623,0.016935833,37000.0,151467.4,149824.05,149824.05,0.7491672,10.343787,8.540145,8.540139
250759.14,0.015823517,0.016789088,37000.0,151467.34,149824.05,149824.05,0.7491672,10.343243,8.540155,8.540112
250759.14,0.016152201,0.017154716,37000.0,151467.31,149824.06,149824.05,0.7491672,10.343173,8.540153,8.54014
250759.14,0.015919706,0.017001906,37000.0,151467.39,149824.06,149824.05,0.7491672,10.3432255,8.540167,8.540143
250759.14,0.015305547,0.016160706,37000.0,151467.42,149824.02,149824.06,0.7491672,10.343505,8.5401745,8.540159
250759.14,0.015305206,0.01622211,37000.0,151467.34,149824.03,149824.05,0.7491672,10.343161,8.540143,8.540166
250759.14,0.015324692,0.016271377,37000.0,151467.36,149824.06,149824.03,0.7491672,10.343279,8.540145,8.540149
250759.14,0.015237237,0.016108952,37000.0,151467.42,149824.06,149824.05,0.7491672,10.343441,8.54011,8.540137
250759.14,0.017442662,0.018640494,37000.0,151467.4,149824.06,149824.05,0.7491672,10.343751,8.540156,8.540142
250759.14,0.016946174,0.018013906,37000.0,151467.34,149824.05,149824.05,0.7491672,10.343357,8.540133,8.540143
250759.14,0.01754286,0.018751731,37000.0,151467.38,149824.06,149824.06,0.7491672,10.343347,8.540153,8.5401325
250759.14,0.017155249,0.018353708,37000.0,151467.42,149824.05,149824.05,0.7491672,10.343444,8.540138,8.54013
250759.14,0.018258266,0.01951761,37000.0,151467.38,149824.03,149824.05,0.7491672,10.343055,8.540159,8.540136
250759.14,0.017770939,0.018923413,37000.0,151467.38,149824.05,149824.05,0.7491672,10.3432045,8.540145,8.540111
250759.14,0.018942254,0.020325316,37000.0,151467.4,149824.06,149824.03,0.7491672,10.343528,8.540127,8.540121
250759.14,0.017239809,0.01835379,37000.0,151467.36,149824.05,149824.05,0.7491672,10.343415,8.54014,8.540152
250759.14,0.016528726,0.017648935,37000.0,151467.38,149824.05,149824.05,0.7491672,10.343533,8.540142,8.540129
250759.14,0.015669584,0.01660722,37000.0,151467.36,149824.06,149824.06,0.7491672,10.3433,8.540169,8.540137
250759.14,0.015789462,0.016675102,37000.0,151467.36,149824.08,149824.03,0.7491672,10.343165,8.540141,8.540152
250759.14,0.017178588,0.018326301,37000.0,151467.44,149824.05,149824.03,0.7491672,10.343896,8.54016,8.540168
250759.14,0.017828543,0.018988837,37000.0,151467.36,149824.08,149824.05,0.7491672,10.343497,8.540156,8.5401945
250759.14,0.016112631,0.017077869,37000.0,151467.42,149824.05,149824.05,0.7491672,10.343415,8.540158,8.540179
250759.14,0.015064367,0.015903985,37000.0,151467.34,149824.05,149824.03,0.7491672,10.34321,8.540144,8.540172
250759.14,0.0174412,0.01858356,37000.0,151467.36,149824.05,149824.05,0.7491672,10.343264,8.540131,8.540172
250759.14,0.018685186,0.019934839,37000.0,151467.3,149824.05,149824.05,0.7491672,10.342958,8.540161,8.54017
250759.14,0.01898038,0.020304782,37000.0,151467.39,149824.08,149824.03,0.7491672,10.343217,8.540133,8.540188
250759.14,0.01923542,0.020566562,37000.0,151467.34,149824.05,149824.06,0.7491672,10.343228,8.540134,8.540175
250759.14,0.016470443,0.017527299,37000.0,151467.4,149824.05,149824.05,0.7491672,10.343214,8.540146,8.540177
250759.14,0.017778434,0.018918123,37000.0,151467.42,149824.03,149824.05,0.7491672,10.343453,8.540158,8.540176
250759.14,0.016895572,0.017978625,37000.0,151467.34,149824.05,149824.06,0.7491672,10.343044,8.540131,8.540202
250759.14,0.018543404,0.019785186,37000.0,151467.4,149824.05,149824.05,0.7491672,10.343541,8.540158,8.54016
250759.14,0.017868906,0.019012973,37000.0,151467.38,149824.06,149824.03,0.7491672,10.343413,8.540131,8.54016
250759.14,0.017994918,0.019139394,37000.0,151467.39,149824.05,149824.03,0.7491672,10.343733,8.540155,8.540204
250759.14,0.017689098,0.018797886,37000.0,151467.33,149824.05,149824.06,0.7491672,10.343349,8.5401535,8.540193
250759.14,0.01725943,0.018360358,37000.0,151467.31,149824.05,149824.08,0.7491672,10.343428,8.54016,8.540179
250759.14,0.015419783,0.016281577,37000.0,151467.39,149824.05,149824.05,0.7491672,10.343425,8.540139,8.540164
250759.14,0.01792676,0.0192621,37000.0,151467.38,149824.06,149824.06,0.7491672,10.343193,8.540143,8.540178
250759.14,0.015961466,0.01708488,37000.0,151467.36,149824.03,149824.08,0.7491672,10.343378,8.540139,8.540188
250759.14,0.019734446,0.021125168,37000.0,151467.36,149824.06,149824.05,0.7491672,10.343326,8.540154,8.540171
250759.14,0.015089809,0.01619202,37000.0,151467.3,149824.05,149824.05,0.7491672,10.342871,8.540164,8.540156
250759.14,0.01590301,0.017066376,37000.0,151467.4,149824.06,149824.05,0.7491672,10.34349,8.540136,8.540184
250759.14,0.017354973,0.018474692,37000.0,151467.31,149824.06,149824.03,0.7491672,10.343329,8.540149,8.540199
250759.14,0.01726613,0.01834515,37000.0,151467.36,149824.06,149824.05,0.7491672,10.343648,8.540142,8.540162
250759.14,0.015483644,0.016339859,37000.0,151467.34,149824.05,149824.05,0.7491672,10.343227,8.540152,8.540187
250759.14,0.018048052,0.019299636,37000.0,151467.39,149824.05,149824.06,0.7491672,10.343704,8.54015,8.540195
250759.14,0.0171294,0.018188272,37000.0,151467.45,149824.03,149824.06,0.7491672,10.343583,8.5401325,8.540199
250759.14,0.015302124,0.016180458,37000.0,151467.33,149824.05,149824.03,0.7491672,10.343241,8.540152,8.540189
250759.14,0.015953029,0.016859619,37000.0,151467.38,149824.05,149824.05,0.7491672,10.343287,8.540156,8.540162
250759.14,0.016099226,0.017022446,37000.0,151467.4,149824.05,149824.06,0.7491672,10.343406,8.5401535,8.540184
250759.14,0.017505055,0.018582903,37000.0,151467.39,149824.06,149824.05,0.7491672,10.343382,8.540157,8.540178
250759.14,0.018099478,0.01928905,37000.0,151467.36,149824.05,149824.03,0.7491672,10.34313,8.540152,8.540193
250759.14,0.017753154,0.018897323,37000.0,151467.38,149824.06,149824.05,0.7491672,10.3434515,8.5401535,8.540204
250759.14,0.018236712,0.019433497,37000.0,151467.34,149824.03,149824.05,0.7491672,10.343481,8.540158,8.540198
250759.14,0.017608998,0.018740471,37000.0,151467.38,149824.05,149824.05,0.7491672,10.343275,8.540152,8.540188
250759.14,0.01631354,0.017253518,37000.0,151467.4,149824.06,149824.03,0.7491672,10.343435,8.540143,8.540173
250759.14,0.01625874,0.017191429,37000.0,151467.45,149824.05,149824.06,0.7491672,10.343273,8.540153,8.540171
250759.14,0.017667806,0.01879476,37000.0,151467.38,149824.05,149824.03,0.7491672,10.343288,8.54017,8.540164
250759.14,0.018526405,0.019746456,37000.0,151467.34,149824.05,149824.03,0.7491672,10.343053,8.54014,8.540165
250759.14,0.016467165,0.01747877,37000.0,151467.39,149824.06,149824.06,0.7491672,10.343707,8.5401535,8.54016
250759.14,0.018779375,0.020055918,37000.0,151467.39,149824.05,149824.08,0.7491672,10.34327,8.540141,8.540172
250759.14,0.017124167,0.018185666,37000.0,151467.36,149824.06,149824.05,0.7491672,10.343052,8.540141,8.540178
250759.14,0.015987003,0.016923033,37000.0,151467.38,149824.05,149824.03,0.7491672,10.343438,8.540159,8.540182
250759.14,0.014762524,0.015566671,37000.0,151467.39,149824.05,149824.06,0.7491672,10.343994,8.54016,8.54018
250759.14,0.017057624,0.01809485,37000.0,151467.4,149824.06,149824.06,0.7491672,10.343555,8.540145,8.540184
250759.14,0.018515762,0.019748498,37000.0,151467.4,149824.05,149824.06,0.7491672,10.34351,8.540154,8.54016
250759.14,0.019950232,0.021352224,37000.0,151467.44,149824.06,149824.05,0.7491672,10.343644,8.540147,8.540194
250759.14,0.015387474,0.016277215,37000.0,151467.42,149824.03,149824.05,0.7491672,10.343435,8.540157,8.540175
250759.14,0.01809329,0.019254966,37000.0,151467.42,149824.03,149824.06,0.7491672,10.343214,8.540142,8.540185
250759.14,0.01696864,0.017979575,37000.0,151467.31,149824.05,149824.03,0.7491672,10.343494,8.540148,8.540171
250759.14,0.013792797,0.01445698,37000.0,151467.33,149824.06,149824.06,0.7491672,10.343379,8.54018,8.540191
250759.14,0.016366564,0.01733889,37000.0,151467.4,149824.05,149824.03,0.7491672,10.34337,8.540153,8.540196
250759.14,0.016187001,0.017122319,37000.0,151467.34,149824.05,149824.05,0.7491672,10.343348,8.5401535,8.5401745
250759.14,0.017037544,0.018078731,37000.0,151467.34,149824.05,149824.06,0.7491672,10.343322,8.540158,8.540199
250759.14,0.01731856,0.018362042,37000.0,151467.42,149824.06,149824.05,0.7491672,10.343432,8.540153,8.540198
250759.14,0.017981153,0.019091714,37000.0,151467.4,149824.03,149824.06,0.7491672,10.343668,8.540149,8.540193
250759.14,0.018132562,0.01929681,37000.0,151467.45,149824.08,149824.05,0.7491672,10.343654,8.540159,8.540197
250759.14,0.01738506,0.018466623,37000.0,151467.39,149824.06,149824.05,0.7491672,10.343043,8.540155,8.540155
250759.14,0.016835986,0.017844705,37000.0,151467.36,149824.06,149824.03,0.7491672,10.343219,8.54013,8.540176
250759.14,0.01734431,0.018372051,37000.0,151467.42,149824.08,149824.05,0.7491672,10.343688,8.540141,8.540178
250759.14,0.016530178,0.017497268,37000.0,151467.42,149824.06,149824.05,0.7491672,10.34346,8.54015,8.540165
250759.14,0.019348446,0.020671232,37000.0,151467.3,149824.05,149824.06,0.7491672,10.343501,8.54015,8.540176
250759.14,0.018936083,0.020181492,37000.0,151467.44,149824.05,149824.06,0.7491672,10.343589,8.540148,8.540176
250759.14,0.018696552,0.01995023,37000.0,151467.39,149824.06,149824.05,0.7491672,10.343167,8.540153,8.540168
250759.14,0.015409922,0.01629575,37000.0,151467.36,149824.06,149824.05,0.7491672,10.343404,8.540146,8.540187
250759.14,0.018112885,0.019308768,37000.0,151467.4,149824.06,149824.03,0.7491672,10.34356,8.54015,8.540169
250759.14,0.01580308,0.016681667,37000.0,151467.34,149824.06,149824.06,0.7491672,10.343375,8.540141,8.540171
250759.14,0.01725244,0.018284004,37000.0,151467.39,149824.05,149824.03,0.7491672,10.343319,8.54014,8.540163
250759.14,0.017813917,0.018895414,37000.0,151467.36,149824.03,149824.05,0.7491672,10.343726,8.540157,8.540178
250759.14,0.018574152,0.019760154,37000.0,151467.4,149824.06,149824.06,0.7491672,10.343551,8.540146,8.54017
250759.14,0.018626818,0.019832486,37000.0,151467.42,149824.06,149824.03,0.7491672,10.343514,8.54015,8.540197
250759.14,0.017400261,0.018468067,37000.0,151467.4,149824.06,149824.05,0.7491672,10.343555,8.540157,8.540189
250759.14,0.016880607,0.017866006,37000.0,151467.39,149824.08,149824.05,0.7491672,10.343314,8.540159,8.540179
250759.14,0.016263874,0.017178694,37000.0,151467.38,149824.06,149824.06,0.7491672,10.343611,8.540156,8.540185
250759.14,0.0139800925,0.014667441,37000.0,151467.39,149824.05,149824.03,0.7491672,10.3436,8.540154,8.540159
250759.14,0.01684454,0.01792023,37000.0,151467.34,149824.03,149824.05,0.7491672,10.343163,8.540143,8.540185
250759.14,0.0154986745,0.016347963,37000.0,151467.44,149824.06,149824.05,0.7491672,10.343605,8.540148,8.540201
250759.14,0.019368783,0.020687118,37000.0,151467.33,149824.06,149824.03,0.7491672,10.343069,8.540152,8.540185
250759.14,0.017606998,0.018739559,37000.0,151467.38,149824.05,149824.05,0.7491672,10.343615,8.540147,8.540177
250759.14,0.017568637,0.018653618,37000.0,151467.33,149824.05,149824.05,0.7491672,10.342897,8.540164,8.540177
250759.14,0.01713391,0.01817174,37000.0,151467.36,149824.06,149824.05,0.7491672,10.343631,8.54015,8.540181
250759.14,0.016179256,0.017116943,37000.0,151467.31,149824.06,149824.05,0.7491672,10.343178,8.540139,8.540157
250759.14,0.016430227,0.017495017,37000.0,151467.33,149824.05,149824.08,0.7491672,10.343466,8.540149,8.540169
250759.14,0.01818902,0.019335294,37000.0,151467.34,149824.05,149824.06,0.7491672,10.343268,8.540144,8.540175
250759.14,0.017318413,0.018483484,37000.0,151467.38,149824.05,149824.05,0.7491672,10.343497,8.540157,8.540175
250759.14,0.017762909,0.018962009,37000.0,151467.4,149824.05,149824.05,0.7491672,10.343414,8.540146,8.5401745
250759.14,0.017655808,0.018776491,37000.0,151467.33,149824.06,149824.06,0.7491672,10.343308,8.5401535,8.540153
250759.14,0.013019878,0.013635117,37000.0,151467.33,149824.05,149824.02,0.7491672,10.343059,8.540159,8.540209
250759.14,0.017543599,0.018660143,37000.0,151467.36,149824.06,149824.03,0.7491672,10.343627,8.540152,8.540198
250759.14,0.018720832,0.019936573,37000.0,151467.4,149824.05,149824.05,0.7491672,10.343666,8.540137,8.540196
250759.14,0.018236592,0.019413497,37000.0,151467.4,149824.06,149824.05,0.7491672,10.343535,8.540154,8.540205
250759.14,0.015961977,0.016866572,37000.0,151467.36,149824.08,149824.06,0.7491672,10.343349,8.540134,8.540193
250759.14,0.016637139,0.017634416,37000.0,151467.42,149824.03,149824.05,0.7491672,10.343415,8.540144,8.540173
250759.14,0.016149724,0.017054075,37000.0,151467.28,149824.06,149824.1,0.7491672,10.343054,8.540148,8.540167
250759.14,0.0168706,0.01785845,37000.0,151467.39,149824.06,149824.05,0.7491672,10.343566,8.540158,8.540164
250759.14,0.017416388,0.018491207,37000.0,151467.38,149824.08,149824.03,0.7491672,10.343481,8.540142,8.540162
250759.14,0.016272772,0.017246597,37000.0,151467.36,149824.02,149824.03,0.7491672,10.34323,8.540147,8.540158
250759.14,0.017360538,0.018418025,37000.0,151467.39,149824.06,149824.06,0.7491672,10.343398,8.540148,8.540157
250759.14,0.018243227,0.019406287,37000.0,151467.33,149824.05,149824.05,0.7491672,10.343191,8.54016,8.54016
250759.14,0.015973102,0.016919656,37000.0,151467.44,149824.05,149824.03,0.7491672,10.343486,8.540144,8.540193
250759.14,0.015497526,0.01638234,37000.0,151467.38,149824.05,149824.05,0.7491672,10.343439,8.540162,8.540182
250759.14,0.017615734,0.018790934,37000.0,151467.39,149824.06,149824.06,0.7491672,10.343522,8.540138,8.54018
250759.14,0.013670359,0.014380133,37000.0,151467.44,149824.05,149824.06,0.7491672,10.343634,8.540141,8.540159
250759.14,0.01660949,0.017688647,37000.0,151467.38,149824.05,149824.03,0.7491672,10.343399,8.540153,8.540171
250759.14,0.016992277,0.018135717,37000.0,151467.34,149824.06,149824.05,0.7491672,10.343135,8.540153,8.540182
250759.14,0.019769484,0.021258216,37000.0,151467.39,149824.05,149824.05,0.7491672,10.343379,8.540139,8.540185
250759.14,0.019016689,0.020350173,37000.0,151467.36,149824.05,149824.05,0.7491672,10.343265,8.540147,8.540191
250759.14,0.018778754,0.020190056,37000.0,151467.39,149824.05,149824.03,0.7491672,10.343492,8.540147,8.540184
250759.14,0.016860407,0.01796671,37000.0,151467.34,149824.05,149824.05,0.7491672,10.343199,8.540155,8.540167
250759.14,0.018452805,0.0198387,37000.0,151467.39,149824.08,149824.03,0.7491672,10.3434725,8.540139,8.540161
250759.14,0.016123999,0.017093072,37000.0,151467.34,149824.05,149824.06,0.7491672,10.343332,8.540162,8.540191
250759.14,0.015512703,0.016387895,37000.0,151467.34,149824.06,149824.05,0.7491672,10.34335,8.540132,8.540191
250759.14,0.015439582,0.016347788,37000.0,151467.42,149824.08,149824.06,0.7491672,10.343543,8.540154,8.540174
250759.14,0.017822802,0.018943831,37000.0,151467.39,149824.06,149824.06,0.7491672,10.343011,8.5401535,8.540181
250759.14,0.016932355,0.018128516,37000.0,151467.4,149824.06,149824.03,0.7491672,10.343596,8.54015,8.540184
250759.14,0.017778175,0.018880842,37000.0,151467.42,149824.05,149824.05,0.7491672,10.343519,8.540151,8.540183
250759.14,0.016598674,0.0178292,37000.0,151467.38,149824.06,149824.06,0.7491672,10.343514,8.540149,8.540187
250759.14,0.015710158,0.016682245,37000.0,151467.36,149824.06,149824.08,0.7491672,10.343216,8.540142,8.540157
250759.14,0.020109542,0.021524865,37000.0,151467.39,149824.06,149824.05,0.7491672,10.343469,8.54015,8.540153
250759.14,0.018916873,0.020319276,37000.0,151467.44,149824.05,149824.05,0.7491672,10.343631,8.540146,8.540159
250759.14,0.016255118,0.017230432,37000.0,151467.38,149824.06,149824.05,0.7491672,10.3432665,8.540161,8.540149
250759.14,0.018002842,0.019165875,37000.0,151467.34,149824.06,149824.08,0.7491672,10.343503,8.540154,8.54015
250759.14,0.016963778,0.018054506,37000.0,151467.34,149824.06,149824.05,0.7491672,10.34354,8.540159,8.5401535
250759.14,0.017560437,0.018686308,37000.0,151467.4,149824.05,149824.08,0.7491672,10.343392,8.540136,8.540153
250759.14,0.01657162,0.017489323,37000.0,151467.38,149824.05,149824.06,0.7491672,10.343417,8.540127,8.540154
250759.14,0.018996365,0.020261979,37000.0,151467.39,149824.05,149824.06,0.7491672,10.343531,8.540141,8.540147
250759.14,0.018675579,0.019923428,37000.0,151467.4,149824.05,149824.05,0.7491672,10.343735,8.540142,8.540153
250759.14,0.020179704,0.02155172,37000.0,151467.42,149824.06,149824.03,0.7491672,10.343492,8.540152,8.54015
250759.14,0.017894533,0.018977296,37000.0,151467.4,149824.06,149824.03,0.7491672,10.343216,8.540159,8.540155
250759.14,0.017090838,0.018064162,37000.0,151467.39,149824.06,149824.08,0.7491672,10.343315,8.540149,8.540152
250759.14,0.018148713,0.019561129,37000.0,151467.36,149824.05,149824.03,0.7491672,10.343364,8.540129,8.540152
250759.14,0.017324198,0.018385563,37000.0,151467.34,149824.06,149824.05,0.7491672,10.343219,8.54014,8.540152
250759.14,0.01735754,0.018420206,37000.0,151467.38,149824.06,149824.06,0.7491672,10.343208,8.540145,8.540152
250759.14,0.019550396,0.02091572,37000.0,151467.44,149824.06,149824.05,0.7491672,10.343507,8.540164,8.540151
250759.14,0.018186333,0.019319048,37000.0,151467.38,149824.06,149824.06,0.7491672,10.343403,8.540156,8.540158
250759.14,0.016125195,0.017027386,37000.0,151467.4,149824.06,149824.08,0.7491672,10.343472,8.540135,8.54015
250759.14,0.014494862,0.015202271,37000.0,151467.44,149824.06,149824.03,0.7491672,10.343781,8.540131,8.540173
250759.14,0.01732029,0.018351572,37000.0,151467.47,149824.05,149824.05,0.7491672,10.343798,8.540176,8.540148
250759.14,0.018930847,0.02011603,37000.0,151467.38,149824.06,149824.05,0.7491672,10.343165,8.540155,8.540147
250759.14,0.017468253,0.018506344,37000.0,151467.38,149824.03,149824.06,0.7491672,10.343356,8.540149,8.540171
250759.14,0.018024534,0.019126717,37000.0,151467.39,149824.05,149824.05,0.7491672,10.343678,8.54015,8.540175
250759.14,0.018560614,0.019738037,37000.0,151467.44,149824.05,149824.06,0.7491672,10.3435545,8.540157,8.540145
250759.14,0.017855475,0.01906194,37000.0,151467.38,149824.05,149824.05,0.7491672,10.34335,8.540142,8.540154
250759.14,0.016948715,0.018004272,37000.0,151467.38,149824.08,149824.06,0.7491672,10.343607,8.540138,8.540152
250759.14,0.017748443,0.018860977,37000.0,151467.36,149824.05,149824.05,0.7491672,10.343103,8.540147,8.540151
250759.14,0.01791173,0.01905688,37000.0,151467.39,149824.05,149824.05,0.7491672,10.343373,8.540156,8.540152
250759.14,0.018214548,0.019407548,37000.0,151467.39,149824.05,149824.05,0.7491672,10.3434305,8.540135,8.540156
250759.14,0.019633494,0.020967854,37000.0,151467.39,149824.03,149824.06,0.7491672,10.343333,8.540144,8.540151
250759.14,0.01861651,0.019772198,37000.0,151467.36,149824.05,149824.03,0.7491672,10.343462,8.540143,8.540154
250759.14,0.017255725,0.018281655,37000.0,151467.36,149824.05,149824.05,0.7491672,10.343205,8.540142,8.540155
250759.14,0.018338272,0.019556668,37000.0,151467.34,149824.06,149824.06,0.7491672,10.343354,8.540146,8.540152
250759.14,0.017442435,0.018498745,37000.0,151467.39,149824.06,149824.03,0.7491672,10.343234,8.540139,8.5401535
250759.14,0.019814799,0.021269739,37000.0,151467.38,149824.06,149824.05,0.7491672,10.343324,8.54014,8.540165
250759.14,0.01790507,0.019044476,37000.0,151467.3,149824.06,149824.05,0.7491672,10.343015,8.540157,8.540172
250759.14,0.0192197,0.020541523,37000.0,151467.34,149824.06,149824.03,0.7491672,10.343148,8.540162,8.54015
250759.14,0.018491272,0.019748164,37000.0,151467.34,149824.06,149824.06,0.7491672,10.343188,8.540155,8.540153
250759.14,0.018814817,0.020176934,37000.0,151467.31,149824.06,149824.05,0.7491672,10.343548,8.540164,8.540149
250759.14,0.016922222,0.017942425,37000.0,151467.39,149824.05,149824.05,0.7491672,10.343539,8.540145,8.54015
250759.14,0.017497906,0.018585928,37000.0,151467.39,149824.05,149824.06,0.7491672,10.343388,8.540142,8.540147
250759.14,0.017296242,0.018421208,37000.0,151467.36,149824.03,149824.03,0.7491672,10.3437195,8.540149,8.540151
250759.14,0.01753863,0.018655417,37000.0,151467.36,149824.05,149824.05,0.7491672,10.343494,8.540156,8.540151
250759.14,0.017305981,0.018373562,37000.0,151467.36,149824.03,149824.06,0.7491672,10.3438015,8.540165,8.540149
250759.14,0.016880035,0.017951617,37000.0,151467.36,149824.05,149824.06,0.7491672,10.343229,8.540157,8.540151
250759.14,0.017492622,0.019028202,37000.0,151467.34,149824.05,149824.05,0.7491672,10.343194,8.540153,8.540149
250759.14,0.016749073,0.018099861,37000.0,151467.36,149824.05,149824.06,0.7491672,10.343759,8.540155,8.540163
250759.14,0.01606142,0.017067613,37000.0,151467.33,149824.05,149824.03,0.7491672,10.3433695,8.5401535,8.540149
250759.14,0.017260808,0.018283423,37000.0,151467.36,149824.05,149824.06,0.7491672,10.343192,8.540152,8.540152
250759.14,0.01842563,0.0195765,37000.0,151467.38,149824.03,149824.06,0.7491672,10.34358,8.54015,8.540149
250759.14,0.014759916,0.015515411,37000.0,151467.4,149824.06,149824.06,0.7491672,10.343762,8.540145,8.540151
250759.14,0.019041613,0.02026037,37000.0,151467.34,149824.08,149824.03,0.7491672,10.343223,8.540155,8.540148
250759.14,0.018858902,0.020080673,37000.0,151467.38,149824.06,149824.06,0.7491672,10.343285,8.540143,8.540155
250759.14,0.017037176,0.018037913,37000.0,151467.38,149824.06,149824.05,0.7491672,10.34329,8.540131,8.540155
250759.14,0.017855175,0.018929204,37000.0,151467.34,149824.06,149824.06,0.7491672,10.343507,8.540151,8.540149
250759.14,0.017045695,0.018059386,37000.0,151467.39,149824.05,149824.06,0.7491672,10.343625,8.540139,8.5401535
250759.14,0.014327889,0.015035295,37000.0,151467.34,149824.05,149824.06,0.7491672,10.343256,8.540167,8.540151
250759.14,0.018182259,0.019325588,37000.0,151467.34,149824.05,149824.06,0.7491672,10.343207,8.54016,8.540149
250759.14,0.016746493,0.017698517,37000.0,151467.36,149824.03,149824.05,0.7491672,10.343386,8.540134,8.54016
250759.14,0.01763448,0.01868019,37000.0,151467.33,149824.05,149824.06,0.7491672,10.343196,8.540144,8.540145
250759.14,0.017963037,0.019062487,37000.0,151467.4,149824.05,149824.02,0.7491672,10.343701,8.540141,8.540147
250759.14,0.01908595,0.02032612,37000.0,151467.4,149824.05,149824.06,0.7491672,10.343699,8.54015,8.540152
250759.14,0.019771669,0.021178734,37000.0,151467.39,149824.06,149824.06,0.7491672,10.343354,8.540144,8.540152
250759.14,0.018019669,0.01916346,37000.0,151467.38,149824.06,149824.06,0.7491672,10.343242,8.540144,8.540149
250759.14,0.01847185,0.01961065,37000.0,151467.36,149824.03,149824.05,0.7491672,10.343765,8.540144,8.540152
250759.14,0.018027911,0.019569347,37000.0,151467.36,149824.08,149824.05,0.7491672,10.343662,8.540144,8.540153
250759.14,0.017054616,0.018519145,37000.0,151467.42,149824.06,149824.03,0.7491672,10.343799,8.540149,8.54015
250759.14,0.017137107,0.018116513,37000.0,151467.39,149824.05,149824.06,0.7491672,10.343349,8.540151,8.54015
250759.14,0.015506366,0.016563999,37000.0,151467.36,149824.06,149824.05,0.7491672,10.343395,8.540137,8.540151
250759.14,0.015768616,0.016800934,37000.0,151467.44,149824.06,149824.06,0.7491672,10.343379,8.54016,8.54015
250759.14,0.017075278,0.01823692,37000.0,151467.34,149824.03,149824.05,0.7491672,10.343208,8.540153,8.540152
250759.14,0.0186503,0.020121377,37000.0,151467.31,149824.03,149824.08,0.7491672,10.343208,8.540168,8.540152
250759.14,0.018354053,0.019500315,37000.0,151467.44,149824.05,149824.06,0.7491672,10.343378,8.540148,8.540151
250759.14,0.014755374,0.015495716,37000.0,151467.34,149824.06,149824.08,0.7491672,10.343331,8.540131,8.540151
250759.14,0.017191565,0.018457351,37000.0,151467.31,149824.06,149824.05,0.7491672,10.343004,8.540151,8.540149
250759.14,0.017610295,0.019165672,37000.0,151467.36,149824.05,149824.05,0.7491672,10.3435,8.540139,8.540151
250759.14,0.017613681,0.018667325,37000.0,151467.33,149824.05,149824.06,0.7491672,10.343299,8.540143,8.540153
250759.14,0.015424352,0.016610041,37000.0,151467.39,149824.03,149824.08,0.7491672,10.343552,8.540157,8.540154
250759.14,0.014418711,0.015447763,37000.0,151467.4,149824.05,149824.03,0.7491672,10.343495,8.540147,8.54015
250759.14,0.016125105,0.017225241,37000.0,151467.34,149824.05,149824.03,0.7491672,10.343533,8.54014,8.540151
250759.14,0.017663395,0.018727962,37000.0,151467.38,149824.05,149824.05,0.7491672,10.343456,8.5401535,8.54015
250759.14,0.017409645,0.018466884,37000.0,151467.42,149824.05,149824.08,0.7491672,10.34382,8.540169,8.540155
250759.14,0.015996467,0.016868433,37000.0,151467.36,149824.06,149824.06,0.7491672,10.343236,8.540164,8.540153
250759.14,0.020552384,0.021986455,37000.0,151467.34,149824.06,149824.05,0.7491672,10.343202,8.540151,8.54015
250759.14,0.017932354,0.01900072,37000.0,151467.45,149824.05,149824.06,0.7491672,10.34366,8.540141,8.540147
250759.14,0.016654503,0.017601958,37000.0,151467.39,149824.08,149824.05,0.7491672,10.343619,8.540164,8.540153
250759.14,0.016360722,0.017272769,37000.0,151467.38,149824.05,149824.06,0.7491672,10.343269,8.540148,8.540155
250759.14,0.016383769,0.017307788,37000.0,151467.4,149824.06,149824.06,0.7491672,10.343284,8.540147,8.540152
250759.14,0.017085858,0.018118767,37000.0,151467.4,149824.06,149824.05,0.7491672,10.343417,8.540156,8.54015
250759.14,0.017486615,0.018541021,37000.0,151467.34,149824.05,149824.06,0.7491672,10.343297,8.540152,8.540149
250759.14,0.017688707,0.018764023,37000.0,151467.34,149824.06,149824.06,0.7491672,10.343823,8.540162,8.540153
250759.14,0.01675428,0.017707573,37000.0,151467.36,149824.05,149824.06,0.7491672,10.343213,8.540147,8.540151
250759.14,0.016977055,0.017985787,37000.0,151467.36,149824.05,149824.05,0.7491672,10.343399,8.540167,8.540152
250759.14,0.01860049,0.019789843,37000.0,151467.38,149824.08,149824.06,0.7491672,10.343471,8.540134,8.540151
250759.14,0.016100867,0.016968936,37000.0,151467.36,149824.05,149824.05,0.7491672,10.343373,8.540149,8.540147
250759.14,0.016551489,0.0175026,37000.0,151467.39,149824.03,149824.05,0.7491672,10.343435,8.540139,8.540151
250759.14,0.018408358,0.019598171,37000.0,151467.44,149824.05,149824.05,0.7491672,10.343708,8.540159,8.540149
250759.14,0.018287893,0.019428072,37000.0,151467.38,149824.03,149824.05,0.7491672,10.343679,8.540158,8.540153
250759.14,0.019419452,0.020731,37000.0,151467.4,149824.06,149824.06,0.7491672,10.343646,8.540165,8.540153
250759.14,0.018540232,0.019718569,37000.0,151467.4,149824.03,149824.06,0.7491672,10.34342,8.540169,8.540152
250759.14,0.016687276,0.017638288,37000.0,151467.39,149824.05,149824.06,0.7491672,10.343381,8.540148,8.540148
250759.14,0.016428519,0.017345399,37000.0,151467.36,149824.06,149824.05,0.7491672,10.343216,8.540147,8.540149
250759.14,0.01749634,0.018494792,37000.0,151467.42,149824.03,149824.06,0.7491672,10.343488,8.54014,8.540152
250759.14,0.016096517,0.016973455,37000.0,151467.4,149824.06,149824.06,0.7491672,10.343502,8.540149,8.540121
250759.14,0.017673753,0.018752493,37000.0,151467.4,149824.03,149824.06,0.7491672,10.3435135,8.54014,8.540155
250759.14,0.018945217,0.02031224,37000.0,151467.31,149824.06,149824.06,0.7491672,10.343268,8.5401535,8.540141
250759.14,0.018448954,0.019622803,37000.0,151467.39,149824.05,149824.06,0.7491672,10.343273,8.54015,8.540155
250759.14,0.018430747,0.019571293,37000.0,151467.36,149824.03,149824.06,0.7491672,10.343116,8.540139,8.540178
250759.14,0.01690222,0.017976662,37000.0,151467.38,149824.06,149824.06,0.7491672,10.343606,8.540148,8.540163
250759.14,0.016307618,0.017200055,37000.0,151467.4,149824.05,149824.05,0.7491672,10.343509,8.540149,8.540145
250759.14,0.017329313,0.018389158,37000.0,151467.39,149824.05,149824.05,0.7491672,10.343623,8.540149,8.540157
250759.14,0.017972374,0.01908922,37000.0,151467.4,149824.06,149824.05,0.7491672,10.34355,8.540144,8.540151
250759.14,0.017348245,0.018480795,37000.0,151467.39,149824.06,149824.05,0.7491672,10.3436775,8.540162,8.540144
250759.14,0.018037234,0.019143946,37000.0,151467.34,149824.06,149824.06,0.7491672,10.343413,8.540152,8.540145
250759.14,0.018380513,0.019525968,37000.0,151467.38,149824.06,149824.08,0.7491672,10.343675,8.540135,8.540152
250759.14,0.017080171,0.018161437,37000.0,151467.34,149824.06,149824.08,0.7491672,10.343436,8.540174,8.540136
250759.14,0.01893618,0.020137781,37000.0,151467.36,149824.08,149824.05,0.7491672,10.343339,8.540148,8.54013
250759.14,0.016759086,0.017706323,37000.0,151467.39,149824.03,149824.06,0.7491672,10.343512,8.540153,8.540141
250759.14,0.018050164,0.019173954,37000.0,151467.31,149824.05,149824.05,0.7491672,10.34292,8.540168,8.54014
250759.14,0.01761176,0.018630417,37000.0,151467.42,149824.05,149824.08,0.7491672,10.343352,8.540134,8.540148
250759.14,0.0176011,0.018632501,37000.0,151467.4,149824.05,149824.06,0.7491672,10.343347,8.540137,8.54013
250759.14,0.017295996,0.018281227,37000.0,151467.44,149824.05,149824.06,0.7491672,10.343622,8.540162,8.540135
250759.14,0.01766806,0.018718647,37000.0,151467.45,149824.03,149824.06,0.7491672,10.343628,8.5401535,8.540141
250759.14,0.017417766,0.018394964,37000.0,151467.38,149824.05,149824.05,0.7491672,10.343573,8.540146,8.540149
250759.14,0.016164672,0.017018382,37000.0,151467.34,149824.06,149824.06,0.7491672,10.34315,8.540157,8.540134
250759.14,0.020007927,0.021416035,37000.0,151467.36,149824.06,149824.05,0.7491672,10.343145,8.540148,8.540141
250759.14,0.016980316,0.017967995,37000.0,151467.33,149824.03,149824.06,0.7491672,10.343203,8.5401325,8.540142
250759.14,0.01780078,0.018868674,37000.0,151467.33,149824.05,149824.06,0.7491672,10.343405,8.540161,8.540134
250759.14,0.020066882,0.021350699,37000.0,151467.36,149824.03,149824.06,0.7491672,10.34315,8.540147,8.540149
250759.14,0.018214785,0.019302519,37000.0,151467.33,149824.06,149824.06,0.7491672,10.34331,8.540144,8.540131
250759.14,0.014055873,0.01481499,37000.0,151467.39,149824.05,149824.05,0.7491672,10.3432,8.540144,8.540145
250759.14,0.0178372,0.018905887,37000.0,151467.34,149824.05,149824.05,0.7491672,10.342995,8.540151,8.540142
250759.14,0.017816396,0.018874241,37000.0,151467.38,149824.06,149824.08,0.7491672,10.343505,8.540133,8.540148
250759.14,0.018951364,0.020143857,37000.0,151467.44,149824.03,149824.06,0.7491672,10.3437805,8.540162,8.540138
250759.14,0.018938022,0.020432796,37000.0,151467.33,149824.05,149824.06,0.7491672,10.343152,8.540149,8.540145
250759.14,0.017966049,0.019044911,37000.0,151467.34,149824.03,149824.06,0.7491672,10.343458,8.540142,8.54015
250759.14,0.016114436,0.016981388,37000.0,151467.38,149824.03,149824.1,0.7491672,10.343417,8.540152,8.540145
250759.14,0.01865828,0.01979329,37000.0,151467.42,149824.06,149824.06,0.7491672,10.343835,8.540157,8.540145
250759.14,0.017380333,0.018406272,37000.0,151467.38,149824.06,149824.06,0.7491672,10.343507,8.540155,8.540134
250759.14,0.017670592,0.018727796,37000.0,151467.45,149824.06,149824.05,0.7491672,10.343446,8.540138,8.540148
250759.14,0.017828848,0.018893005,37000.0,151467.36,149824.06,149824.05,0.7491672,10.343214,8.540145,8.540152
250759.14,0.017542029,0.018617041,37000.0,151467.4,149824.05,149824.05,0.7491672,10.343335,8.540151,8.540151
250759.14,0.018437669,0.019556578,37000.0,151467.44,149824.03,149824.03,0.7491672,10.3440275,8.54016,8.540151
250759.14,0.016131552,0.01700879,37000.0,151467.4,149824.08,149824.06,0.7491672,10.343787,8.540145,8.540156
250759.14,0.018370843,0.019511024,37000.0,151467.36,149824.05,149824.06,0.7491672,10.343445,8.540151,8.540144
250759.14,0.017825754,0.018889485,37000.0,151467.39,149824.06,149824.05,0.7491672,10.343615,8.540148,8.540134
250759.14,0.016990257,0.017967178,37000.0,151467.36,149824.02,149824.05,0.7491672,10.343353,8.5401325,8.540146
250759.14,0.018255958,0.019342236,37000.0,151467.44,149824.06,149824.05,0.7491672,10.343766,8.540175,8.540141
250759.14,0.01846151,0.01961943,37000.0,151467.38,149824.05,149824.06,0.7491672,10.343638,8.540135,8.540135
250759.14,0.019028058,0.02022632,37000.0,151467.38,149824.05,149824.06,0.7491672,10.343216,8.540145,8.540143
250759.14,0.017580163,0.018688165,37000.0,151467.39,149824.06,149824.06,0.7491672,10.343393,8.540156,8.540148
250759.14,0.019899715,0.021314511,37000.0,151467.33,149824.06,149824.03,0.7491672,10.342961,8.540166,8.540133
250759.14,0.018386543,0.019683005,37000.0,151467.45,149824.06,149824.05,0.7491672,10.343503,8.540165,8.54014
250759.14,0.016799487,0.017809639,37000.0,151467.42,149824.06,149824.06,0.7491672,10.343341,8.54015,8.540143
250759.14,0.018248558,0.019614631,37000.0,151467.45,149824.06,149824.06,0.7491672,10.343714,8.540156,8.540129
250759.14,0.018973965,0.020286387,37000.0,151467.44,149824.06,149824.05,0.7491672,10.343461,8.540152,8.540141
250759.14,0.018136257,0.019262765,37000.0,151467.38,149824.08,149824.06,0.7491672,10.343444,8.540164,8.540145
250759.14,0.019396067,0.020700121,37000.0,151467.38,149824.06,149824.02,0.7491672,10.34334,8.540142,8.54013
250759.14,0.018942531,0.020283531,37000.0,151467.38,149824.06,149824.05,0.7491672,10.343459,8.540144,8.54015
250759.14,0.015786016,0.016614191,37000.0,151467.45,149824.06,149824.06,0.7491672,10.343967,8.540151,8.540149
250759.14,0.017799087,0.018885784,37000.0,151467.4,149824.06,149824.06,0.7491672,10.3435135,8.540138,8.540125
250759.14,0.01759094,0.018639605,37000.0,151467.33,149824.05,149824.05,0.7491672,10.343379,8.540144,8.540132
250759.14,0.017488608,0.018522304,37000.0,151467.33,149824.06,149824.06,0.7491672,10.3433075,8.540154,8.540132
250759.14,0.019544072,0.020857304,37000.0,151467.38,149824.05,149824.06,0.7491672,10.343345,8.5401535,8.540126
250759.14,0.018095348,0.019222267,37000.0,151467.4,149824.06,149824.06,0.7491672,10.343249,8.540149,8.540142
250759.14,0.019923424,0.021268448,37000.0,151467.36,149824.06,149824.06,0.7491672,10.343128,8.540127,8.5401325
250759.14,0.020597763,0.02200478,37000.0,151467.33,149824.06,149824.06,0.7491672,10.343247,8.540158,8.540137
250759.14,0.01889305,0.020114718,37000.0,151467.34,149824.05,149824.03,0.7491672,10.343354,8.540133,8.5401325
250759.14,0.017012049,0.018076822,37000.0,151467.36,149824.06,149824.06,0.7491672,10.343558,8.540158,8.540141
250759.14,0.0171855,0.018215137,37000.0,151467.33,149824.03,149824.08,0.7491672,10.343172,8.540137,8.5401535
250759.14,0.019461485,0.020774275,37000.0,151467.38,149824.05,149824.05,0.7491672,10.343321,8.54015,8.540133
250759.14,0.019517303,0.020788722,37000.0,151467.42,149824.05,149824.03,0.7491672,10.3436,8.540147,8.540132
250759.14,0.020842234,0.022344401,37000.0,151467.4,149824.06,149824.06,0.7491672,10.34343,8.540134,8.540127
250759.14,0.017411102,0.018667117,37000.0,151467.33,149824.06,149824.03,0.7491672,10.3433,8.54014,8.540141
250759.14,0.01822487,0.019344006,37000.0,151467.38,149824.06,149824.06,0.7491672,10.343281,8.540141,8.540126
250759.14,0.018212482,0.019329363,37000.0,151467.4,149824.06,149824.05,0.7491672,10.343346,8.540151,8.540135
250759.14,0.017484142,0.018545263,37000.0,151467.42,149824.05,149824.08,0.7491672,10.3436575,8.540153,8.540137
250759.14,0.017083848,0.018107582,37000.0,151467.42,149824.03,149824.05,0.7491672,10.343687,8.540139,8.540138
250759.14,0.017024184,0.01799252,37000.0,151467.44,149824.05,149824.05,0.7491672,10.343506,8.540149,8.540138
250759.14,0.018606521,0.01985653,37000.0,151467.33,149824.08,149824.06,0.7491672,10.343158,8.540142,8.540145
250759.14,0.018771129,0.020016352,37000.0,151467.3,149824.06,149824.05,0.7491672,10.343026,8.540153,8.540143
250759.14,0.016504582,0.017475814,37000.0,151467.4,149824.05,149824.05,0.7491672,10.343471,8.54015,8.540136
250759.14,0.01757225,0.018574856,37000.0,151467.36,149824.08,149824.05,0.7491672,10.343254,8.540147,8.540142
250759.14,0.019656477,0.02097971,37000.0,151467.34,149824.06,149824.06,0.7491672,10.343362,8.54015,8.540128
250759.14,0.021195516,0.022787822,37000.0,151467.42,149824.05,149824.05,0.7491672,10.343589,8.540145,8.540135
250759.14,0.01908468,0.020359144,37000.0,151467.38,149824.05,149824.05,0.7491672,10.343557,8.540167,8.540143
250759.14,0.015653493,0.016485393,37000.0,151467.36,149824.06,149824.06,0.7491672,10.343287,8.540139,8.540141
250759.14,0.018893372,0.020142607,37000.0,151467.34,149824.08,149824.03,0.7491672,10.343597,8.540155,8.540134
250759.14,0.018595096,0.020203201,37000.0,151467.42,149824.05,149824.03,0.7491672,10.343719,8.540158,8.540131
250759.14,0.01944297,0.020724174,37000.0,151467.39,149824.05,149824.05,0.7491672,10.343531,8.540146,8.540131
250759.14,0.020695733,0.022120131,37000.0,151467.4,149824.03,149824.05,0.7491672,10.343537,8.540148,8.540141
250759.14,0.016843902,0.017800905,37000.0,151467.39,149824.05,149824.06,0.7491672,10.343351,8.54015,8.540139
250759.14,0.017417183,0.01845595,37000.0,151467.44,149824.08,149824.05,0.7491672,10.343705,8.540129,8.540133
250759.14,0.019554272,0.020813178,37000.0,151467.45,149824.03,149824.06,0.7491672,10.343467,8.540151,8.54014
250759.14,0.01802336,0.019069238,37000.0,151467.34,149824.06,149824.05,0.7491672,10.343364,8.540137,8.540152
250759.14,0.016760569,0.017781205,37000.0,151467.36,149824.06,149824.06,0.7491672,10.343107,8.540141,8.54014
250759.14,0.017616842,0.018656196,37000.0,151467.4,149824.06,149824.06,0.7491672,10.343636,8.540146,8.540141
250759.14,0.01693572,0.017964141,37000.0,151467.39,149824.05,149824.06,0.7491672,10.3434305,8.540165,8.540137
250759.14,0.015581509,0.016431099,37000.0,151467.44,149824.06,149824.05,0.7491672,10.3434725,8.540151,8.540151
250759.14,0.019500038,0.02083336,37000.0,151467.39,149824.08,149824.08,0.7491672,10.343632,8.540152,8.540137
250759.14,0.02003342,0.021413771,37000.0,151467.44,149824.05,149824.05,0.7491672,10.343739,8.540163,8.540138
250759.14,0.020018639,0.02136065,37000.0,151467.39,149824.06,149824.05,0.7491672,10.343366,8.540143,8.540137
250759.14,0.020370342,0.021868655,37000.0,151467.39,149824.05,149824.06,0.7491672,10.343475,8.54015,8.540135
250759.14,0.019329492,0.02059502,37000.0,151467.38,149824.08,149824.06,0.7491672,10.343475,8.540152,8.540138
250759.14,0.016938029,0.01790005,37000.0,151467.38,149824.03,149824.05,0.7491672,10.343359,8.540156,8.540142
250759.14,0.017243357,0.018239109,37000.0,151467.36,149824.03,149824.05,0.7491672,10.343105,8.540144,8.540126
250759.14,0.016130434,0.017132008,37000.0,151467.39,149824.05,149824.05,0.7491672,10.343675,8.540126,8.540144
250759.14,0.017736776,0.018895894,37000.0,151467.38,149824.05,149824.06,0.7491672,10.343424,8.540137,8.540152
250759.14,0.018370766,0.019490182,37000.0,151467.36,149824.05,149824.06,0.7491672,10.3433485,8.540153,8.540141
250759.14,0.020041136,0.02139867,37000.0,151467.4,149824.05,149824.05,0.7491672,10.343583,8.540147,8.5401535
250759.14,0.01844598,0.019633306,37000.0,151467.34,149824.08,149824.06,0.7491672,10.343343,8.540159,8.540152
250759.14,0.019350117,0.0205659,37000.0,151467.34,149824.06,149824.06,0.7491672,10.343224,8.540144,8.540149
250759.14,0.018967059,0.020165231,37000.0,151467.33,149824.05,149824.05,0.7491672,10.3435135,8.540148,8.54015
250759.14,0.017011063,0.018000597,37000.0,151467.34,149824.06,149824.05,0.7491672,10.343202,8.540131,8.540142
250759.14,0.018687753,0.019871714,37000.0,151467.42,149824.05,149824.06,0.7491672,10.343532,8.540139,8.540142
250759.14,0.01988073,0.021177104,37000.0,151467.38,149824.06,149824.05,0.7491672,10.343237,8.540152,8.540148
250759.14,0.01964707,0.021007877,37000.0,151467.39,149824.05,149824.05,0.7491672,10.343452,8.540143,8.540144
250759.14,0.01841494,0.019546721,37000.0,151467.44,149824.06,149824.08,0.7491672,10.343514,8.540136,8.540157
250759.14,0.017101448,0.01833965,37000.0,151467.36,149824.06,149824.05,0.7491672,10.343363,8.540142,8.540152
250759.14,0.016567178,0.017881133,37000.0,151467.44,149824.06,149824.06,0.7491672,10.343567,8.5401325,8.540146
250759.14,0.01739635,0.018733682,37000.0,151467.36,149824.06,149824.06,0.7491672,10.343418,8.540148,8.540148
250759.14,0.016239604,0.01750654,37000.0,151467.39,149824.05,149824.06,0.7491672,10.343394,8.54013,8.540152
250759.14,0.015895989,0.017059581,37000.0,151467.33,149824.05,149824.06,0.7491672,10.343201,8.54013,8.540149
250759.14,0.019209296,0.020464068,37000.0,151467.38,149824.08,149824.05,0.7491672,10.343793,8.540139,8.540137
250759.14,0.01878374,0.019922614,37000.0,151467.44,149824.03,149824.05,0.7491672,10.343381,8.540156,8.540152
250759.14,0.018726066,0.019949019,37000.0,151467.42,149824.05,149824.06,0.7491672,10.343815,8.54015,8.540152
250759.14,0.019048018,0.020301707,37000.0,151467.33,149824.06,149824.06,0.7491672,10.343471,8.540168,8.540151
250759.14,0.01866046,0.019873397,37000.0,151467.36,149824.06,149824.05,0.7491672,10.343386,8.540145,8.540149
250759.14,0.01999819,0.021357497,37000.0,151467.48,149824.05,149824.05,0.7491672,10.343934,8.540152,8.540149
250759.14,0.019644236,0.021032665,37000.0,151467.39,149824.06,149824.06,0.7491672,10.343444,8.540139,8.540148
250759.14,0.018210288,0.019467626,37000.0,151467.39,149824.06,149824.03,0.7491672,10.343442,8.540147,8.540145
250759.14,0.018918214,0.020232536,37000.0,151467.4,149824.06,149824.05,0.7491672,10.343472,8.540144,8.540148
250759.14,0.019734355,0.021005515,37000.0,151467.42,149824.06,149824.06,0.7491672,10.343612,8.540143,8.540148
250759.14,0.020906402,0.0223378,37000.0,151467.4,149824.06,149824.05,0.7491672,10.343029,8.540148,8.5401535
250759.14,0.020441301,0.021803625,37000.0,151467.4,149824.05,149824.03,0.7491672,10.343254,8.54015,8.54014
250759.14,0.018185882,0.019267445,37000.0,151467.39,149824.06,149824.05,0.7491672,10.343637,8.540155,8.540147
250759.14,0.018294409,0.019395238,37000.0,151467.36,149824.06,149824.03,0.7491672,10.343354,8.540145,8.540143
250759.14,0.019657096,0.02092121,37000.0,151467.39,149824.06,149824.06,0.7491672,10.343462,8.540151,8.540149
250759.14,0.017795613,0.018823134,37000.0,151467.45,149824.06,149824.08,0.7491672,10.343666,8.540147,8.5401535
250759.14,0.018916592,0.020054884,37000.0,151467.38,149824.06,149824.06,0.7491672,10.343341,8.540137,8.540151
250759.14,0.019833678,0.021092886,37000.0,151467.36,149824.03,149824.03,0.7491672,10.343032,8.540147,8.540132
250759.14,0.018514715,0.019604398,37000.0,151467.38,149824.05,149824.05,0.7491672,10.343244,8.540156,8.540143
250759.14,0.019152595,0.020452933,37000.0,151467.39,149824.05,149824.03,0.7491672,10.343468,8.540156,8.540148
250759.14,0.018479807,0.019637173,37000.0,151467.4,149824.05,149824.06,0.7491672,10.343321,8.540148,8.540146
250759.14,0.02088753,0.022406582,37000.0,151467.36,149824.05,149824.05,0.7491672,10.343257,8.540148,8.540138
250759.14,0.018160615,0.019266468,37000.0,151467.39,149824.05,149824.05,0.7491672,10.343425,8.540157,8.540135
250759.14,0.019467374,0.020719504,37000.0,151467.42,149824.05,149824.06,0.7491672,10.343444,8.540147,8.540132
250759.14,0.019178972,0.02049418,37000.0,151467.36,149824.05,149824.05,0.7491672,10.343379,8.540143,8.540141
250759.14,0.01927254,0.020454833,37000.0,151467.36,149824.06,149824.05,0.7491672,10.343503,8.5401535,8.540125
250759.14,0.019223759,0.020459894,37000.0,151467.33,149824.06,149824.03,0.7491672,10.343084,8.540147,8.540148
250759.14,0.020806966,0.022290874,37000.0,151467.34,149824.05,149824.06,0.7491672,10.342983,8.540161,8.540148
250759.14,0.022335464,0.023987988,37000.0,151467.36,149824.06,149824.05,0.7491672,10.343745,8.540153,8.540105
250759.14,0.021209748,0.022749618,37000.0,151467.44,149824.03,149824.05,0.7491672,10.343664,8.5401535,8.540149
250759.14,0.01755402,0.018562559,37000.0,151467.39,149824.03,149824.03,0.7491672,10.343335,8.540135,8.540145
250759.14,0.016935127,0.01788324,37000.0,151467.44,149824.06,149824.05,0.7491672,10.3434,8.540157,8.540139
250759.14,0.01872621,0.019851048,37000.0,151467.42,149824.05,149824.06,0.7491672,10.343676,8.5401535,8.540145
250759.14,0.018424954,0.01950933,37000.0,151467.39,149824.06,149824.05,0.7491672,10.343401,8.54014,8.540131
250759.14,0.017942261,0.019015314,37000.0,151467.36,149824.06,149824.06,0.7491672,10.3431015,8.540149,8.540135
250759.14,0.018092945,0.019122258,37000.0,151467.36,149824.06,149824.06,0.7491672,10.34329,8.540156,8.540136
250759.14,0.020244997,0.021591207,37000.0,151467.36,149824.06,149824.05,0.7491672,10.343246,8.540159,8.540145
250759.14,0.017610867,0.018643733,37000.0,151467.38,149824.05,149824.05,0.7491672,10.343321,8.54015,8.540169
250759.14,0.017807089,0.01883931,37000.0,151467.36,149824.05,149824.08,0.7491672,10.3430195,8.540151,8.540177
250759.14,0.017741216,0.018753745,37000.0,151467.4,149824.06,149824.05,0.7491672,10.343345,8.540147,8.54015
250759.14,0.018923102,0.02005694,37000.0,151467.31,149824.05,149824.08,0.7491672,10.343277,8.540146,8.540126
250759.14,0.017311735,0.018275192,37000.0,151467.34,149824.05,149824.05,0.7491672,10.343375,8.540152,8.540184
250759.14,0.017218508,0.018204143,37000.0,151467.39,149824.03,149824.05,0.7491672,10.34359,8.540144,8.54015
250759.14,0.019348085,0.020521738,37000.0,151467.38,149824.06,149824.06,0.7491672,10.3435955,8.540148,8.540148
250759.14,0.020085212,0.021533625,37000.0,151467.4,149824.06,149824.03,0.7491672,10.343445,8.540155,8.5401535
250759.14,0.019297143,0.020529285,37000.0,151467.38,149824.05,149824.03,0.7491672,10.343118,8.54013,8.54015
250759.14,0.020010926,0.021316303,37000.0,151467.39,149824.06,149824.06,0.7491672,10.343402,8.540139,8.540149
250759.14,0.018710935,0.019905651,37000.0,151467.38,149824.05,149824.05,0.7491672,10.343031,8.540142,8.540153
250759.14,0.018351238,0.019844675,37000.0,151467.4,149824.06,149824.05,0.7491672,10.343174,8.540148,8.540147
250759.14,0.01723313,0.018199451,37000.0,151467.34,149824.05,149824.06,0.7491672,10.343234,8.540126,8.540166
250759.14,0.015791409,0.01686378,37000.0,151467.31,149824.06,149824.06,0.7491672,10.343508,8.540165,8.540149
250759.14,0.0190866,0.02027096,37000.0,151467.31,149824.05,149824.06,0.7491672,10.34333,8.540153,8.540152
250759.14,0.020816075,0.022183398,37000.0,151467.36,149824.06,149824.06,0.7491672,10.343427,8.540142,8.540147
250759.14,0.020068955,0.021351013,37000.0,151467.45,149824.06,149824.05,0.7491672,10.343537,8.540158,8.54015
250759.14,0.019458592,0.020653555,37000.0,151467.3,149824.08,149824.08,0.7491672,10.343292,8.540142,8.5401535
250759.14,0.020301022,0.021626662,37000.0,151467.4,149824.05,149824.05,0.7491672,10.343356,8.540147,8.540145
250759.14,0.02028588,0.021609463,37000.0,151467.4,149824.08,149824.06,0.7491672,10.343471,8.540159,8.540151
250759.14,0.018619439,0.019716756,37000.0,151467.38,149824.08,149824.05,0.7491672,10.343864,8.540127,8.540149
250759.14,0.017994575,0.019004267,37000.0,151467.36,149824.03,149824.03,0.7491672,10.343429,8.540152,8.5401535
250759.14,0.018874077,0.020017238,37000.0,151467.38,149824.05,149824.06,0.7491672,10.343819,8.54015,8.540148
250759.14,0.019419685,0.020637343,37000.0,151467.38,149824.06,149824.06,0.7491672,10.343286,8.540147,8.540142
250759.14,0.018947346,0.02008492,37000.0,151467.4,149824.05,149824.05,0.7491672,10.343254,8.540142,8.540147
250759.14,0.017125096,0.018052332,37000.0,151467.4,149824.08,149824.08,0.7491672,10.343286,8.54015,8.540141
250759.14,0.019316198,0.020545527,37000.0,151467.33,149824.05,149824.06,0.7491672,10.343075,8.54015,8.540149
250759.14,0.020378,0.021658758,37000.0,151467.33,149824.05,149824.05,0.7491672,10.34347,8.540162,8.54015
250759.14,0.018968774,0.020113274,37000.0,151467.38,149824.05,149824.06,0.7491672,10.3434725,8.540136,8.540142
250759.14,0.020168414,0.021465436,37000.0,151467.4,149824.06,149824.06,0.7491672,10.343333,8.540152,8.540149
250759.14,0.022507653,0.024088854,37000.0,151467.42,149824.06,149824.05,0.7491672,10.343331,8.540129,8.540151
250759.14,0.01930249,0.020496741,37000.0,151467.36,149824.05,149824.06,0.7491672,10.34339,8.540143,8.54016
250759.14,0.017565286,0.018588567,37000.0,151467.36,149824.05,149824.06,0.7491672,10.343201,8.540144,8.540147
250759.14,0.019086318,0.020236067,37000.0,151467.38,149824.06,149824.05,0.7491672,10.343347,8.540148,8.540144
250759.14,0.019608459,0.020815017,37000.0,151467.38,149824.05,149824.05,0.7491672,10.3433695,8.540145,8.540145
250759.14,0.019319367,0.020488227,37000.0,151467.4,149824.05,149824.05,0.7491672,10.343352,8.54015,8.540174
250759.14,0.019289479,0.020480342,37000.0,151467.39,149824.05,149824.06,0.7491672,10.343326,8.540155,8.540158
250759.14,0.016626272,0.017487444,37000.0,151467.39,149824.05,149824.06,0.7491672,10.343328,8.540145,8.5401745
250759.14,0.021579223,0.023060167,37000.0,151467.38,149824.06,149824.06,0.7491672,10.343267,8.54014,8.540149
250759.14,0.020437509,0.021778533,37000.0,151467.4,149824.03,149824.05,0.7491672,10.343587,8.540151,8.54015
250759.14,0.01973523,0.021015968,37000.0,151467.36,149824.05,149824.05,0.7491672,10.343084,8.540149,8.540146
250759.14,0.018128382,0.019180808,37000.0,151467.31,149824.05,149824.05,0.7491672,10.34329,8.540163,8.54014
250759.14,0.018450923,0.019557308,37000.0,151467.36,149824.03,149824.05,0.7491672,10.343293,8.54013,8.540146
250759.14,0.020496435,0.021859981,37000.0,151467.42,149824.06,149824.03,0.7491672,10.343499,8.540149,8.540151
250759.14,0.02001833,0.021305345,37000.0,151467.38,149824.08,149824.05,0.7491672,10.343028,8.540149,8.54015
250759.14,0.017579786,0.0186054,37000.0,151467.34,149824.05,149824.05,0.7491672,10.343169,8.540144,8.540151
250759.14,0.01734427,0.018319014,37000.0,151467.33,149824.05,149824.03,0.7491672,10.343619,8.5401535,8.54015
250759.14,0.019415183,0.02062279,37000.0,151467.38,149824.06,149824.06,0.7491672,10.343444,8.540148,8.540149
250759.14,0.018425036,0.019521466,37000.0,151467.42,149824.05,149824.05,0.7491672,10.343784,8.540147,8.540146
250759.14,0.02073383,0.022094024,37000.0,151467.44,149824.05,149824.08,0.7491672,10.3435335,8.5401535,8.540145
250759.14,0.021897672,0.023406982,37000.0,151467.39,149824.06,149824.05,0.7491672,10.343502,8.540156,8.540149
250759.14,0.019733615,0.020995082,37000.0,151467.36,149824.06,149824.08,0.7491672,10.343285,8.540151,8.540152
250759.14,0.017492224,0.018479593,37000.0,151467.34,149824.03,149824.06,0.7491672,10.343391,8.540162,8.540151
250759.14,0.017985005,0.01901125,37000.0,151467.38,149824.06,149824.06,0.7491672,10.343415,8.540142,8.540147
250759.14,0.016651599,0.01754644,37000.0,151467.47,149824.05,149824.08,0.7491672,10.343785,8.540164,8.540149
250759.14,0.016694056,0.017553056,37000.0,151467.36,149824.06,149824.06,0.7491672,10.34341,8.540157,8.54015
250759.14,0.020109907,0.02142833,37000.0,151467.4,149824.06,149824.05,0.7491672,10.343484,8.540151,8.540153
250759.14,0.02120583,0.022621028,37000.0,151467.36,149824.06,149824.06,0.7491672,10.343361,8.540147,8.540153
250759.14,0.020935368,0.022325158,37000.0,151467.38,149824.05,149824.06,0.7491672,10.343344,8.54014,8.540142
250759.14,0.02018895,0.021468574,37000.0,151467.31,149824.08,149824.06,0.7491672,10.343412,8.540151,8.540127
250759.14,0.019098232,0.020239435,37000.0,151467.4,149824.06,149824.06,0.7491672,10.343175,8.540143,8.540146
250759.14,0.018873647,0.020099409,37000.0,151467.45,149824.08,149824.03,0.7491672,10.343712,8.540146,8.540146
250759.14,0.02118354,0.022623843,37000.0,151467.36,149824.06,149824.05,0.7491672,10.343408,8.540148,8.540149
250759.14,0.018769883,0.019872231,37000.0,151467.4,149824.05,149824.02,0.7491672,10.343254,8.540158,8.540151
250759.14,0.020167172,0.021558225,37000.0,151467.38,149824.06,149824.05,0.7491672,10.34352,8.540143,8.540154
250759.14,0.018372964,0.019441739,37000.0,151467.39,149824.03,149824.06,0.7491672,10.343141,8.540143,8.540142
250759.14,0.01979489,0.021040466,37000.0,151467.42,149824.05,149824.06,0.7491672,10.34372,8.540154,8.540102
250759.14,0.020016715,0.021313455,37000.0,151467.36,149824.05,149824.05,0.7491672,10.343419,8.540158,8.540155
250759.14,0.021223214,0.0226537,37000.0,151467.39,149824.06,149824.05,0.7491672,10.343226,8.540153,8.540147
250759.14,0.01975969,0.020954704,37000.0,151467.42,149824.06,149824.03,0.7491672,10.343294,8.540138,8.540152
250759.14,0.019039908,0.0201785,37000.0,151467.39,149824.05,149824.05,0.7491672,10.343442,8.540143,8.540151
250759.14,0.020071395,0.021326397,37000.0,151467.38,149824.06,149824.06,0.7491672,10.3432865,8.5401535,8.540141
250759.14,0.018407995,0.01943542,37000.0,151467.42,149824.03,149824.05,0.7491672,10.343392,8.540144,8.540145
250759.14,0.019342821,0.020514585,37000.0,151467.4,149824.05,149824.06,0.7491672,10.343448,8.540146,8.540145
250759.14,0.021796472,0.023295963,37000.0,151467.39,149824.05,149824.06,0.7491672,10.3435335,8.540161,8.540141
250759.14,0.019286772,0.020423846,37000.0,151467.38,149824.03,149824.06,0.7491672,10.343358,8.540142,8.540144
250759.14,0.02078019,0.022109501,37000.0,151467.39,149824.05,149824.05,0.7491672,10.343234,8.540155,8.540143
250759.14,0.020647695,0.021971429,37000.0,151467.42,149824.05,149824.05,0.7491672,10.343424,8.540152,8.540144
250759.14,0.017717358,0.018718006,37000.0,151467.39,149824.05,149824.06,0.7491672,10.343396,8.540125,8.540143
250759.14,0.020007886,0.021240529,37000.0,151467.4,149824.06,149824.03,0.7491672,10.343596,8.540148,8.540145
250759.14,0.019638905,0.020845387,37000.0,151467.36,149824.06,149824.05,0.7491672,10.343324,8.540162,8.540143
250759.14,0.020273611,0.021557333,37000.0,151467.36,149824.06,149824.05,0.7491672,10.3432865,8.540152,8.54014
250759.14,0.02239007,0.023963094,37000.0,151467.4,149824.05,149824.06,0.7491672,10.3433275,8.5401535,8.540144
250759.14,0.0242628,0.026156705,37000.0,151467.4,149824.06,149824.05,0.7491672,10.34313,8.540145,8.540142
250759.14,0.020107731,0.02138393,37000.0,151467.4,149824.05,149824.05,0.7491672,10.34341,8.540154,8.54014
250759.14,0.019712323,0.02095322,37000.0,151467.36,149824.05,149824.06,0.7491672,10.343703,8.540149,8.540142
250759.14,0.01768008,0.018674659,37000.0,151467.38,149824.06,149824.05,0.7491672,10.343372,8.540174,8.540143
250759.14,0.020986117,0.022360025,37000.0,151467.4,149824.05,149824.06,0.7491672,10.343559,8.540154,8.540141
250759.14,0.022066528,0.023613574,37000.0,151467.39,149824.06,149824.05,0.7491672,10.343572,8.540134,8.540141
250759.14,0.02076529,0.022142574,37000.0,151467.4,149824.08,149824.08,0.7491672,10.343253,8.540144,8.540141
250759.14,0.018056402,0.019038431,37000.0,151467.38,149824.05,149824.06,0.7491672,10.343302,8.540132,8.54014
250759.14,0.018984068,0.02010676,37000.0,151467.4,149824.06,149824.08,0.7491672,10.343242,8.540142,8.54014
250759.14,0.01721622,0.018140087,37000.0,151467.4,149824.08,149824.08,0.7491672,10.343414,8.540161,8.540142
250759.14,0.02032771,0.021640267,37000.0,151467.44,149824.08,149824.05,0.7491672,10.343349,8.540146,8.540142
250759.14,0.020645123,0.021939566,37000.0,151467.4,149824.05,149824.06,0.7491672,10.343395,8.540151,8.540138
250759.14,0.018639974,0.019710531,37000.0,151467.39,149824.06,149824.08,0.7491672,10.343185,8.540139,8.540141
